reference,method,metric,seed,difference
derpp,vanilla,final_average_accuracy,2101606466,-0.03949999999999998
derpp,vanilla,final_average_accuracy,1872839281,-0.028799999999999992
derpp,vanilla,final_average_accuracy,637029796,-0.04920000000000002
derpp,vanilla,final_average_accuracy,1357204345,-0.04619999999999999
derpp,vanilla,final_average_accuracy,1758462037,-0.05810000000000001
derpp,vanilla,final_average_accuracy,748737880,-0.04470000000000002
derpp,vanilla,final_average_accuracy,1611510062,-0.05230000000000001
derpp,vanilla,final_average_accuracy,333205446,-0.0509
derpp,vanilla,final_average_accuracy,130501536,-0.0592
derpp,vanilla,final_average_accuracy,492612040,-0.04630000000000001
derpp,vanilla,average_forgetting,2101606466,0.05412499999999987
derpp,vanilla,average_forgetting,1872839281,0.03487499999999999
derpp,vanilla,average_forgetting,637029796,0.04525000000000012
derpp,vanilla,average_forgetting,1357204345,0.05874999999999997
derpp,vanilla,average_forgetting,1758462037,0.07937499999999997
derpp,vanilla,average_forgetting,748737880,0.05725000000000002
derpp,vanilla,average_forgetting,1611510062,0.06625000000000003
derpp,vanilla,average_forgetting,333205446,0.06612499999999999
derpp,vanilla,average_forgetting,130501536,0.06699999999999995
derpp,vanilla,average_forgetting,492612040,0.046375000000000055
derpp,vanilla,backward_transfer,2101606466,-0.05412499999999987
derpp,vanilla,backward_transfer,1872839281,-0.03487499999999999
derpp,vanilla,backward_transfer,637029796,-0.04525000000000012
derpp,vanilla,backward_transfer,1357204345,-0.05874999999999997
derpp,vanilla,backward_transfer,1758462037,-0.07937499999999997
derpp,vanilla,backward_transfer,748737880,-0.05725000000000002
derpp,vanilla,backward_transfer,1611510062,-0.06625000000000003
derpp,vanilla,backward_transfer,333205446,-0.06612499999999999
derpp,vanilla,backward_transfer,130501536,-0.06699999999999995
derpp,vanilla,backward_transfer,492612040,-0.046375000000000055
derpp,vanilla,forward_transfer,2101606466,0.0031250000000000028
derpp,vanilla,forward_transfer,1872839281,0.0
derpp,vanilla,forward_transfer,637029796,0.0
derpp,vanilla,forward_transfer,1357204345,0.0
derpp,vanilla,forward_transfer,1758462037,-0.0001250000000000001
derpp,vanilla,forward_transfer,748737880,-0.00012499999999998623
derpp,vanilla,forward_transfer,1611510062,0.0
derpp,vanilla,forward_transfer,333205446,0.0
derpp,vanilla,forward_transfer,130501536,0.0
derpp,vanilla,forward_transfer,492612040,0.0
derpp,vanilla,task_aware_final_accuracy,2101606466,-0.04620000000000002
derpp,vanilla,task_aware_final_accuracy,1872839281,-0.07369999999999999
derpp,vanilla,task_aware_final_accuracy,637029796,-0.10889999999999989
derpp,vanilla,task_aware_final_accuracy,1357204345,-0.09129999999999994
derpp,vanilla,task_aware_final_accuracy,1758462037,-0.10550000000000004
derpp,vanilla,task_aware_final_accuracy,748737880,-0.0353
derpp,vanilla,task_aware_final_accuracy,1611510062,-0.07639999999999991
derpp,vanilla,task_aware_final_accuracy,333205446,-0.1554000000000001
derpp,vanilla,task_aware_final_accuracy,130501536,-0.0938000000000001
derpp,vanilla,task_aware_final_accuracy,492612040,-0.12650000000000006
derpp,vanilla,task_aware_forgetting,2101606466,0.06174999999999997
derpp,vanilla,task_aware_forgetting,1872839281,0.0895
derpp,vanilla,task_aware_forgetting,637029796,0.11837499999999998
derpp,vanilla,task_aware_forgetting,1357204345,0.11425000000000005
derpp,vanilla,task_aware_forgetting,1758462037,0.136625
derpp,vanilla,task_aware_forgetting,748737880,0.044249999999999984
derpp,vanilla,task_aware_forgetting,1611510062,0.09512499999999993
derpp,vanilla,task_aware_forgetting,333205446,0.19562500000000005
derpp,vanilla,task_aware_forgetting,130501536,0.10887500000000003
derpp,vanilla,task_aware_forgetting,492612040,0.145
derpp,vanilla,classifier_gap,2101606466,-0.006700000000000039
derpp,vanilla,classifier_gap,1872839281,-0.044899999999999995
derpp,vanilla,classifier_gap,637029796,-0.059699999999999864
derpp,vanilla,classifier_gap,1357204345,-0.04509999999999997
derpp,vanilla,classifier_gap,1758462037,-0.0474
derpp,vanilla,classifier_gap,748737880,0.00940000000000002
derpp,vanilla,classifier_gap,1611510062,-0.0240999999999999
derpp,vanilla,classifier_gap,333205446,-0.10450000000000009
derpp,vanilla,classifier_gap,130501536,-0.034600000000000075
derpp,vanilla,classifier_gap,492612040,-0.08020000000000005
derpp,vanilla,elapsed_seconds,2101606466,-12.4438150380156
derpp,vanilla,elapsed_seconds,1872839281,-12.603664603986545
derpp,vanilla,elapsed_seconds,637029796,-13.874444222979946
derpp,vanilla,elapsed_seconds,1357204345,-12.186882487992989
derpp,vanilla,elapsed_seconds,1758462037,-12.715874070010614
derpp,vanilla,elapsed_seconds,748737880,-13.900175165967084
derpp,vanilla,elapsed_seconds,1611510062,-14.350177735002944
derpp,vanilla,elapsed_seconds,333205446,-13.770355590997497
derpp,vanilla,elapsed_seconds,130501536,-12.882762805005768
derpp,vanilla,elapsed_seconds,492612040,-13.230501135025406
derpp,vanilla,learner_examples_processed,2101606466,-161280.0
derpp,vanilla,learner_examples_processed,1872839281,-161280.0
derpp,vanilla,learner_examples_processed,637029796,-161280.0
derpp,vanilla,learner_examples_processed,1357204345,-161280.0
derpp,vanilla,learner_examples_processed,1758462037,-161280.0
derpp,vanilla,learner_examples_processed,748737880,-161280.0
derpp,vanilla,learner_examples_processed,1611510062,-161280.0
derpp,vanilla,learner_examples_processed,333205446,-161280.0
derpp,vanilla,learner_examples_processed,130501536,-161280.0
derpp,vanilla,learner_examples_processed,492612040,-161280.0
derpp,vanilla,total_model_examples_processed,2101606466,-161280.0
derpp,vanilla,total_model_examples_processed,1872839281,-161280.0
derpp,vanilla,total_model_examples_processed,637029796,-161280.0
derpp,vanilla,total_model_examples_processed,1357204345,-161280.0
derpp,vanilla,total_model_examples_processed,1758462037,-161280.0
derpp,vanilla,total_model_examples_processed,748737880,-161280.0
derpp,vanilla,total_model_examples_processed,1611510062,-161280.0
derpp,vanilla,total_model_examples_processed,333205446,-161280.0
derpp,vanilla,total_model_examples_processed,130501536,-161280.0
derpp,vanilla,total_model_examples_processed,492612040,-161280.0
derpp,vanilla,estimated_total_flops,2101606466,-3556355604480.0
derpp,vanilla,estimated_total_flops,1872839281,-3556355604480.0
derpp,vanilla,estimated_total_flops,637029796,-3556355604480.0
derpp,vanilla,estimated_total_flops,1357204345,-3556355604480.0
derpp,vanilla,estimated_total_flops,1758462037,-3556355604480.0
derpp,vanilla,estimated_total_flops,748737880,-3556355604480.0
derpp,vanilla,estimated_total_flops,1611510062,-3556355604480.0
derpp,vanilla,estimated_total_flops,333205446,-3556355604480.0
derpp,vanilla,estimated_total_flops,130501536,-3556355604480.0
derpp,vanilla,estimated_total_flops,492612040,-3556355604480.0
derpp,vanilla,estimated_overhead_flops,2101606466,0.0
derpp,vanilla,estimated_overhead_flops,1872839281,0.0
derpp,vanilla,estimated_overhead_flops,637029796,0.0
derpp,vanilla,estimated_overhead_flops,1357204345,0.0
derpp,vanilla,estimated_overhead_flops,1758462037,0.0
derpp,vanilla,estimated_overhead_flops,748737880,0.0
derpp,vanilla,estimated_overhead_flops,1611510062,0.0
derpp,vanilla,estimated_overhead_flops,333205446,0.0
derpp,vanilla,estimated_overhead_flops,130501536,0.0
derpp,vanilla,estimated_overhead_flops,492612040,0.0
derpp,vanilla,replay_memory_bytes,2101606466,-2459200.0
derpp,vanilla,replay_memory_bytes,1872839281,-2459200.0
derpp,vanilla,replay_memory_bytes,637029796,-2459200.0
derpp,vanilla,replay_memory_bytes,1357204345,-2459200.0
derpp,vanilla,replay_memory_bytes,1758462037,-2459200.0
derpp,vanilla,replay_memory_bytes,748737880,-2459200.0
derpp,vanilla,replay_memory_bytes,1611510062,-2459200.0
derpp,vanilla,replay_memory_bytes,333205446,-2459200.0
derpp,vanilla,replay_memory_bytes,130501536,-2459200.0
derpp,vanilla,replay_memory_bytes,492612040,-2459200.0
derpp,vanilla,stored_logits_bytes,2101606466,-8000.0
derpp,vanilla,stored_logits_bytes,1872839281,-8000.0
derpp,vanilla,stored_logits_bytes,637029796,-8000.0
derpp,vanilla,stored_logits_bytes,1357204345,-8000.0
derpp,vanilla,stored_logits_bytes,1758462037,-8000.0
derpp,vanilla,stored_logits_bytes,748737880,-8000.0
derpp,vanilla,stored_logits_bytes,1611510062,-8000.0
derpp,vanilla,stored_logits_bytes,333205446,-8000.0
derpp,vanilla,stored_logits_bytes,130501536,-8000.0
derpp,vanilla,stored_logits_bytes,492612040,-8000.0
derpp,slowheat,final_average_accuracy,2101606466,-0.04469999999999999
derpp,slowheat,final_average_accuracy,1872839281,-0.030700000000000005
derpp,slowheat,final_average_accuracy,637029796,-0.055800000000000016
derpp,slowheat,final_average_accuracy,1357204345,-0.048100000000000004
derpp,slowheat,final_average_accuracy,1758462037,-0.061600000000000044
derpp,slowheat,final_average_accuracy,748737880,-0.044899999999999995
derpp,slowheat,final_average_accuracy,1611510062,-0.0547
derpp,slowheat,final_average_accuracy,333205446,-0.055999999999999994
derpp,slowheat,final_average_accuracy,130501536,-0.06290000000000001
derpp,slowheat,final_average_accuracy,492612040,-0.05000000000000002
derpp,slowheat,average_forgetting,2101606466,0.058499999999999885
derpp,slowheat,average_forgetting,1872839281,0.03312500000000007
derpp,slowheat,average_forgetting,637029796,0.05112500000000009
derpp,slowheat,average_forgetting,1357204345,0.054749999999999965
derpp,slowheat,average_forgetting,1758462037,0.07450000000000001
derpp,slowheat,average_forgetting,748737880,0.0465000000000001
derpp,slowheat,average_forgetting,1611510062,0.06512499999999999
derpp,slowheat,average_forgetting,333205446,0.06600000000000006
derpp,slowheat,average_forgetting,130501536,0.06750000000000012
derpp,slowheat,average_forgetting,492612040,0.04962500000000003
derpp,slowheat,backward_transfer,2101606466,-0.058499999999999885
derpp,slowheat,backward_transfer,1872839281,-0.03312500000000007
derpp,slowheat,backward_transfer,637029796,-0.05112500000000009
derpp,slowheat,backward_transfer,1357204345,-0.054749999999999965
derpp,slowheat,backward_transfer,1758462037,-0.07450000000000001
derpp,slowheat,backward_transfer,748737880,-0.0465000000000001
derpp,slowheat,backward_transfer,1611510062,-0.06512499999999999
derpp,slowheat,backward_transfer,333205446,-0.06600000000000006
derpp,slowheat,backward_transfer,130501536,-0.06750000000000012
derpp,slowheat,backward_transfer,492612040,-0.04962500000000003
derpp,slowheat,forward_transfer,2101606466,0.0006250000000000006
derpp,slowheat,forward_transfer,1872839281,-0.007500000000000007
derpp,slowheat,forward_transfer,637029796,-0.008874999999999994
derpp,slowheat,forward_transfer,1357204345,0.0002500000000000002
derpp,slowheat,forward_transfer,1758462037,0.012499999999999994
derpp,slowheat,forward_transfer,748737880,0.0011250000000000149
derpp,slowheat,forward_transfer,1611510062,0.011374999999999996
derpp,slowheat,forward_transfer,333205446,-0.002249999999999988
derpp,slowheat,forward_transfer,130501536,-0.02487499999999998
derpp,slowheat,forward_transfer,492612040,-0.011750000000000024
derpp,slowheat,task_aware_final_accuracy,2101606466,-0.11250000000000004
derpp,slowheat,task_aware_final_accuracy,1872839281,-0.10619999999999985
derpp,slowheat,task_aware_final_accuracy,637029796,-0.12339999999999995
derpp,slowheat,task_aware_final_accuracy,1357204345,-0.11949999999999994
derpp,slowheat,task_aware_final_accuracy,1758462037,-0.10830000000000006
derpp,slowheat,task_aware_final_accuracy,748737880,-0.06599999999999995
derpp,slowheat,task_aware_final_accuracy,1611510062,-0.1348999999999999
derpp,slowheat,task_aware_final_accuracy,333205446,-0.139
derpp,slowheat,task_aware_final_accuracy,130501536,-0.1039000000000001
derpp,slowheat,task_aware_final_accuracy,492612040,-0.12350000000000017
derpp,slowheat,task_aware_forgetting,2101606466,0.14249999999999996
derpp,slowheat,task_aware_forgetting,1872839281,0.12599999999999997
derpp,slowheat,task_aware_forgetting,637029796,0.13412500000000002
derpp,slowheat,task_aware_forgetting,1357204345,0.14312500000000003
derpp,slowheat,task_aware_forgetting,1758462037,0.13087500000000002
derpp,slowheat,task_aware_forgetting,748737880,0.07162500000000002
derpp,slowheat,task_aware_forgetting,1611510062,0.16412499999999994
derpp,slowheat,task_aware_forgetting,333205446,0.16862499999999997
derpp,slowheat,task_aware_forgetting,130501536,0.11737499999999998
derpp,slowheat,task_aware_forgetting,492612040,0.139875
derpp,slowheat,classifier_gap,2101606466,-0.06780000000000003
derpp,slowheat,classifier_gap,1872839281,-0.07549999999999985
derpp,slowheat,classifier_gap,637029796,-0.06759999999999994
derpp,slowheat,classifier_gap,1357204345,-0.07139999999999996
derpp,slowheat,classifier_gap,1758462037,-0.04670000000000002
derpp,slowheat,classifier_gap,748737880,-0.021099999999999952
derpp,slowheat,classifier_gap,1611510062,-0.08019999999999988
derpp,slowheat,classifier_gap,333205446,-0.08300000000000002
derpp,slowheat,classifier_gap,130501536,-0.04100000000000009
derpp,slowheat,classifier_gap,492612040,-0.07350000000000012
derpp,slowheat,elapsed_seconds,2101606466,66.78664436397958
derpp,slowheat,elapsed_seconds,1872839281,36.963957707979716
derpp,slowheat,elapsed_seconds,637029796,36.1534401900135
derpp,slowheat,elapsed_seconds,1357204345,36.89239036900108
derpp,slowheat,elapsed_seconds,1758462037,32.486166738002794
derpp,slowheat,elapsed_seconds,748737880,33.66011299402453
derpp,slowheat,elapsed_seconds,1611510062,33.530088770989096
derpp,slowheat,elapsed_seconds,333205446,36.36164008002379
derpp,slowheat,elapsed_seconds,130501536,34.69902584698866
derpp,slowheat,elapsed_seconds,492612040,34.02207970901509
derpp,slowheat,learner_examples_processed,2101606466,-161280.0
derpp,slowheat,learner_examples_processed,1872839281,-161280.0
derpp,slowheat,learner_examples_processed,637029796,-161280.0
derpp,slowheat,learner_examples_processed,1357204345,-161280.0
derpp,slowheat,learner_examples_processed,1758462037,-161280.0
derpp,slowheat,learner_examples_processed,748737880,-161280.0
derpp,slowheat,learner_examples_processed,1611510062,-161280.0
derpp,slowheat,learner_examples_processed,333205446,-161280.0
derpp,slowheat,learner_examples_processed,130501536,-161280.0
derpp,slowheat,learner_examples_processed,492612040,-161280.0
derpp,slowheat,total_model_examples_processed,2101606466,-161280.0
derpp,slowheat,total_model_examples_processed,1872839281,-161280.0
derpp,slowheat,total_model_examples_processed,637029796,-161280.0
derpp,slowheat,total_model_examples_processed,1357204345,-161280.0
derpp,slowheat,total_model_examples_processed,1758462037,-161280.0
derpp,slowheat,total_model_examples_processed,748737880,-161280.0
derpp,slowheat,total_model_examples_processed,1611510062,-161280.0
derpp,slowheat,total_model_examples_processed,333205446,-161280.0
derpp,slowheat,total_model_examples_processed,130501536,-161280.0
derpp,slowheat,total_model_examples_processed,492612040,-161280.0
derpp,slowheat,estimated_total_flops,2101606466,-3542280592940.0
derpp,slowheat,estimated_total_flops,1872839281,-3542280592940.0
derpp,slowheat,estimated_total_flops,637029796,-3542280592940.0
derpp,slowheat,estimated_total_flops,1357204345,-3542280592940.0
derpp,slowheat,estimated_total_flops,1758462037,-3542280592940.0
derpp,slowheat,estimated_total_flops,748737880,-3542280592940.0
derpp,slowheat,estimated_total_flops,1611510062,-3542280592940.0
derpp,slowheat,estimated_total_flops,333205446,-3542280592940.0
derpp,slowheat,estimated_total_flops,130501536,-3542280592940.0
derpp,slowheat,estimated_total_flops,492612040,-3542280592940.0
derpp,slowheat,estimated_overhead_flops,2101606466,14075011540.0
derpp,slowheat,estimated_overhead_flops,1872839281,14075011540.0
derpp,slowheat,estimated_overhead_flops,637029796,14075011540.0
derpp,slowheat,estimated_overhead_flops,1357204345,14075011540.0
derpp,slowheat,estimated_overhead_flops,1758462037,14075011540.0
derpp,slowheat,estimated_overhead_flops,748737880,14075011540.0
derpp,slowheat,estimated_overhead_flops,1611510062,14075011540.0
derpp,slowheat,estimated_overhead_flops,333205446,14075011540.0
derpp,slowheat,estimated_overhead_flops,130501536,14075011540.0
derpp,slowheat,estimated_overhead_flops,492612040,14075011540.0
derpp,slowheat,replay_memory_bytes,2101606466,-2459200.0
derpp,slowheat,replay_memory_bytes,1872839281,-2459200.0
derpp,slowheat,replay_memory_bytes,637029796,-2459200.0
derpp,slowheat,replay_memory_bytes,1357204345,-2459200.0
derpp,slowheat,replay_memory_bytes,1758462037,-2459200.0
derpp,slowheat,replay_memory_bytes,748737880,-2459200.0
derpp,slowheat,replay_memory_bytes,1611510062,-2459200.0
derpp,slowheat,replay_memory_bytes,333205446,-2459200.0
derpp,slowheat,replay_memory_bytes,130501536,-2459200.0
derpp,slowheat,replay_memory_bytes,492612040,-2459200.0
derpp,slowheat,stored_logits_bytes,2101606466,-8000.0
derpp,slowheat,stored_logits_bytes,1872839281,-8000.0
derpp,slowheat,stored_logits_bytes,637029796,-8000.0
derpp,slowheat,stored_logits_bytes,1357204345,-8000.0
derpp,slowheat,stored_logits_bytes,1758462037,-8000.0
derpp,slowheat,stored_logits_bytes,748737880,-8000.0
derpp,slowheat,stored_logits_bytes,1611510062,-8000.0
derpp,slowheat,stored_logits_bytes,333205446,-8000.0
derpp,slowheat,stored_logits_bytes,130501536,-8000.0
derpp,slowheat,stored_logits_bytes,492612040,-8000.0
derpp,slowheat_replay,final_average_accuracy,2101606466,-0.005399999999999988
derpp,slowheat_replay,final_average_accuracy,1872839281,0.007500000000000007
derpp,slowheat_replay,final_average_accuracy,637029796,-0.009200000000000014
derpp,slowheat_replay,final_average_accuracy,1357204345,-0.013500000000000012
derpp,slowheat_replay,final_average_accuracy,1758462037,-0.017799999999999983
derpp,slowheat_replay,final_average_accuracy,748737880,-0.0067000000000000115
derpp,slowheat_replay,final_average_accuracy,1611510062,-0.013900000000000023
derpp,slowheat_replay,final_average_accuracy,333205446,-0.015200000000000019
derpp,slowheat_replay,final_average_accuracy,130501536,-0.026000000000000023
derpp,slowheat_replay,final_average_accuracy,492612040,-0.01730000000000001
derpp,slowheat_replay,average_forgetting,2101606466,0.008499999999999841
derpp,slowheat_replay,average_forgetting,1872839281,-0.011125000000000052
derpp,slowheat_replay,average_forgetting,637029796,0.0006249999999999867
derpp,slowheat_replay,average_forgetting,1357204345,0.017749999999999932
derpp,slowheat_replay,average_forgetting,1758462037,0.023250000000000104
derpp,slowheat_replay,average_forgetting,748737880,0.0016249999999999876
derpp,slowheat_replay,average_forgetting,1611510062,0.018124999999999947
derpp,slowheat_replay,average_forgetting,333205446,0.020000000000000018
derpp,slowheat_replay,average_forgetting,130501536,0.027250000000000107
derpp,slowheat_replay,average_forgetting,492612040,0.01737500000000003
derpp,slowheat_replay,backward_transfer,2101606466,-0.008499999999999841
derpp,slowheat_replay,backward_transfer,1872839281,0.011125000000000052
derpp,slowheat_replay,backward_transfer,637029796,-0.0006249999999999867
derpp,slowheat_replay,backward_transfer,1357204345,-0.017749999999999932
derpp,slowheat_replay,backward_transfer,1758462037,-0.023250000000000104
derpp,slowheat_replay,backward_transfer,748737880,-0.0016249999999999876
derpp,slowheat_replay,backward_transfer,1611510062,-0.018124999999999947
derpp,slowheat_replay,backward_transfer,333205446,-0.020000000000000018
derpp,slowheat_replay,backward_transfer,130501536,-0.027250000000000107
derpp,slowheat_replay,backward_transfer,492612040,-0.01737500000000003
derpp,slowheat_replay,forward_transfer,2101606466,0.012250000000000004
derpp,slowheat_replay,forward_transfer,1872839281,-0.00712500000000002
derpp,slowheat_replay,forward_transfer,637029796,-0.0006249999999999867
derpp,slowheat_replay,forward_transfer,1357204345,0.0018749999999999878
derpp,slowheat_replay,forward_transfer,1758462037,0.025249999999999995
derpp,slowheat_replay,forward_transfer,748737880,0.0015000000000000013
derpp,slowheat_replay,forward_transfer,1611510062,0.017500000000000016
derpp,slowheat_replay,forward_transfer,333205446,6.938893903907228e-18
derpp,slowheat_replay,forward_transfer,130501536,-0.023749999999999993
derpp,slowheat_replay,forward_transfer,492612040,0.0004999999999999866
derpp,slowheat_replay,task_aware_final_accuracy,2101606466,0.06679999999999997
derpp,slowheat_replay,task_aware_final_accuracy,1872839281,0.06240000000000012
derpp,slowheat_replay,task_aware_final_accuracy,637029796,0.06710000000000005
derpp,slowheat_replay,task_aware_final_accuracy,1357204345,0.05180000000000007
derpp,slowheat_replay,task_aware_final_accuracy,1758462037,0.04859999999999998
derpp,slowheat_replay,task_aware_final_accuracy,748737880,0.09760000000000002
derpp,slowheat_replay,task_aware_final_accuracy,1611510062,0.03410000000000013
derpp,slowheat_replay,task_aware_final_accuracy,333205446,0.04849999999999999
derpp,slowheat_replay,task_aware_final_accuracy,130501536,0.02949999999999986
derpp,slowheat_replay,task_aware_final_accuracy,492612040,0.0393
derpp,slowheat_replay,task_aware_forgetting,2101606466,-0.08062500000000006
derpp,slowheat_replay,task_aware_forgetting,1872839281,-0.07900000000000001
derpp,slowheat_replay,task_aware_forgetting,637029796,-0.0945
derpp,slowheat_replay,task_aware_forgetting,1357204345,-0.06375
derpp,slowheat_replay,task_aware_forgetting,1758462037,-0.05912499999999998
derpp,slowheat_replay,task_aware_forgetting,748737880,-0.12812500000000002
derpp,slowheat_replay,task_aware_forgetting,1611510062,-0.04137500000000008
derpp,slowheat_replay,task_aware_forgetting,333205446,-0.05900000000000005
derpp,slowheat_replay,task_aware_forgetting,130501536,-0.041874999999999996
derpp,slowheat_replay,task_aware_forgetting,492612040,-0.05375000000000005
derpp,slowheat_replay,classifier_gap,2101606466,0.07220000000000004
derpp,slowheat_replay,classifier_gap,1872839281,0.05490000000000017
derpp,slowheat_replay,classifier_gap,637029796,0.07630000000000009
derpp,slowheat_replay,classifier_gap,1357204345,0.06530000000000008
derpp,slowheat_replay,classifier_gap,1758462037,0.0663999999999999
derpp,slowheat_replay,classifier_gap,748737880,0.10430000000000006
derpp,slowheat_replay,classifier_gap,1611510062,0.0480000000000001
derpp,slowheat_replay,classifier_gap,333205446,0.06369999999999998
derpp,slowheat_replay,classifier_gap,130501536,0.05549999999999988
derpp,slowheat_replay,classifier_gap,492612040,0.056599999999999984
derpp,slowheat_replay,elapsed_seconds,2101606466,73.07586239196826
derpp,slowheat_replay,elapsed_seconds,1872839281,49.63247611798579
derpp,slowheat_replay,elapsed_seconds,637029796,48.89575358500588
derpp,slowheat_replay,elapsed_seconds,1357204345,50.10560394497588
derpp,slowheat_replay,elapsed_seconds,1758462037,46.59942128197872
derpp,slowheat_replay,elapsed_seconds,748737880,48.37197825501789
derpp,slowheat_replay,elapsed_seconds,1611510062,46.686652461998165
derpp,slowheat_replay,elapsed_seconds,333205446,47.34993881100672
derpp,slowheat_replay,elapsed_seconds,130501536,50.068637965014204
derpp,slowheat_replay,elapsed_seconds,492612040,45.27710417000344
derpp,slowheat_replay,learner_examples_processed,2101606466,0.0
derpp,slowheat_replay,learner_examples_processed,1872839281,0.0
derpp,slowheat_replay,learner_examples_processed,637029796,0.0
derpp,slowheat_replay,learner_examples_processed,1357204345,0.0
derpp,slowheat_replay,learner_examples_processed,1758462037,0.0
derpp,slowheat_replay,learner_examples_processed,748737880,0.0
derpp,slowheat_replay,learner_examples_processed,1611510062,0.0
derpp,slowheat_replay,learner_examples_processed,333205446,0.0
derpp,slowheat_replay,learner_examples_processed,130501536,0.0
derpp,slowheat_replay,learner_examples_processed,492612040,0.0
derpp,slowheat_replay,total_model_examples_processed,2101606466,0.0
derpp,slowheat_replay,total_model_examples_processed,1872839281,0.0
derpp,slowheat_replay,total_model_examples_processed,637029796,0.0
derpp,slowheat_replay,total_model_examples_processed,1357204345,0.0
derpp,slowheat_replay,total_model_examples_processed,1758462037,0.0
derpp,slowheat_replay,total_model_examples_processed,748737880,0.0
derpp,slowheat_replay,total_model_examples_processed,1611510062,0.0
derpp,slowheat_replay,total_model_examples_processed,333205446,0.0
derpp,slowheat_replay,total_model_examples_processed,130501536,0.0
derpp,slowheat_replay,total_model_examples_processed,492612040,0.0
derpp,slowheat_replay,estimated_total_flops,2101606466,15072367060.0
derpp,slowheat_replay,estimated_total_flops,1872839281,15072367060.0
derpp,slowheat_replay,estimated_total_flops,637029796,15072367060.0
derpp,slowheat_replay,estimated_total_flops,1357204345,15072367060.0
derpp,slowheat_replay,estimated_total_flops,1758462037,15072367060.0
derpp,slowheat_replay,estimated_total_flops,748737880,15072367060.0
derpp,slowheat_replay,estimated_total_flops,1611510062,15072367060.0
derpp,slowheat_replay,estimated_total_flops,333205446,15072367060.0
derpp,slowheat_replay,estimated_total_flops,130501536,15072367060.0
derpp,slowheat_replay,estimated_total_flops,492612040,15072367060.0
derpp,slowheat_replay,estimated_overhead_flops,2101606466,15072367060.0
derpp,slowheat_replay,estimated_overhead_flops,1872839281,15072367060.0
derpp,slowheat_replay,estimated_overhead_flops,637029796,15072367060.0
derpp,slowheat_replay,estimated_overhead_flops,1357204345,15072367060.0
derpp,slowheat_replay,estimated_overhead_flops,1758462037,15072367060.0
derpp,slowheat_replay,estimated_overhead_flops,748737880,15072367060.0
derpp,slowheat_replay,estimated_overhead_flops,1611510062,15072367060.0
derpp,slowheat_replay,estimated_overhead_flops,333205446,15072367060.0
derpp,slowheat_replay,estimated_overhead_flops,130501536,15072367060.0
derpp,slowheat_replay,estimated_overhead_flops,492612040,15072367060.0
derpp,slowheat_replay,replay_memory_bytes,2101606466,0.0
derpp,slowheat_replay,replay_memory_bytes,1872839281,0.0
derpp,slowheat_replay,replay_memory_bytes,637029796,0.0
derpp,slowheat_replay,replay_memory_bytes,1357204345,0.0
derpp,slowheat_replay,replay_memory_bytes,1758462037,0.0
derpp,slowheat_replay,replay_memory_bytes,748737880,0.0
derpp,slowheat_replay,replay_memory_bytes,1611510062,0.0
derpp,slowheat_replay,replay_memory_bytes,333205446,0.0
derpp,slowheat_replay,replay_memory_bytes,130501536,0.0
derpp,slowheat_replay,replay_memory_bytes,492612040,0.0
derpp,slowheat_replay,stored_logits_bytes,2101606466,-8000.0
derpp,slowheat_replay,stored_logits_bytes,1872839281,-8000.0
derpp,slowheat_replay,stored_logits_bytes,637029796,-8000.0
derpp,slowheat_replay,stored_logits_bytes,1357204345,-8000.0
derpp,slowheat_replay,stored_logits_bytes,1758462037,-8000.0
derpp,slowheat_replay,stored_logits_bytes,748737880,-8000.0
derpp,slowheat_replay,stored_logits_bytes,1611510062,-8000.0
derpp,slowheat_replay,stored_logits_bytes,333205446,-8000.0
derpp,slowheat_replay,stored_logits_bytes,130501536,-8000.0
derpp,slowheat_replay,stored_logits_bytes,492612040,-8000.0
derpp,slowheat_distillation,final_average_accuracy,2101606466,-0.04459999999999997
derpp,slowheat_distillation,final_average_accuracy,1872839281,-0.0295
derpp,slowheat_distillation,final_average_accuracy,637029796,-0.05250000000000002
derpp,slowheat_distillation,final_average_accuracy,1357204345,-0.049699999999999994
derpp,slowheat_distillation,final_average_accuracy,1758462037,-0.061000000000000026
derpp,slowheat_distillation,final_average_accuracy,748737880,-0.04419999999999999
derpp,slowheat_distillation,final_average_accuracy,1611510062,-0.05449999999999999
derpp,slowheat_distillation,final_average_accuracy,333205446,-0.05529999999999999
derpp,slowheat_distillation,final_average_accuracy,130501536,-0.061100000000000015
derpp,slowheat_distillation,final_average_accuracy,492612040,-0.04730000000000001
derpp,slowheat_distillation,average_forgetting,2101606466,0.061374999999999846
derpp,slowheat_distillation,average_forgetting,1872839281,0.03700000000000003
derpp,slowheat_distillation,average_forgetting,637029796,0.05387500000000012
derpp,slowheat_distillation,average_forgetting,1357204345,0.0628749999999999
derpp,slowheat_distillation,average_forgetting,1758462037,0.07962500000000006
derpp,slowheat_distillation,average_forgetting,748737880,0.05025000000000002
derpp,slowheat_distillation,average_forgetting,1611510062,0.06812499999999988
derpp,slowheat_distillation,average_forgetting,333205446,0.06724999999999992
derpp,slowheat_distillation,average_forgetting,130501536,0.07500000000000007
derpp,slowheat_distillation,average_forgetting,492612040,0.05249999999999999
derpp,slowheat_distillation,backward_transfer,2101606466,-0.061374999999999846
derpp,slowheat_distillation,backward_transfer,1872839281,-0.03700000000000003
derpp,slowheat_distillation,backward_transfer,637029796,-0.05387500000000012
derpp,slowheat_distillation,backward_transfer,1357204345,-0.0628749999999999
derpp,slowheat_distillation,backward_transfer,1758462037,-0.07962500000000006
derpp,slowheat_distillation,backward_transfer,748737880,-0.05025000000000002
derpp,slowheat_distillation,backward_transfer,1611510062,-0.06812499999999988
derpp,slowheat_distillation,backward_transfer,333205446,-0.06724999999999992
derpp,slowheat_distillation,backward_transfer,130501536,-0.07500000000000007
derpp,slowheat_distillation,backward_transfer,492612040,-0.05249999999999999
derpp,slowheat_distillation,forward_transfer,2101606466,0.0006250000000000006
derpp,slowheat_distillation,forward_transfer,1872839281,-0.007500000000000007
derpp,slowheat_distillation,forward_transfer,637029796,-0.008874999999999994
derpp,slowheat_distillation,forward_transfer,1357204345,0.0002500000000000002
derpp,slowheat_distillation,forward_transfer,1758462037,0.012499999999999994
derpp,slowheat_distillation,forward_transfer,748737880,0.0011250000000000149
derpp,slowheat_distillation,forward_transfer,1611510062,0.011374999999999996
derpp,slowheat_distillation,forward_transfer,333205446,-0.002249999999999988
derpp,slowheat_distillation,forward_transfer,130501536,-0.02487499999999998
derpp,slowheat_distillation,forward_transfer,492612040,-0.011750000000000024
derpp,slowheat_distillation,task_aware_final_accuracy,2101606466,-0.05249999999999999
derpp,slowheat_distillation,task_aware_final_accuracy,1872839281,-0.0252
derpp,slowheat_distillation,task_aware_final_accuracy,637029796,-0.04409999999999992
derpp,slowheat_distillation,task_aware_final_accuracy,1357204345,0.0043000000000001926
derpp,slowheat_distillation,task_aware_final_accuracy,1758462037,-0.037900000000000045
derpp,slowheat_distillation,task_aware_final_accuracy,748737880,0.006299999999999972
derpp,slowheat_distillation,task_aware_final_accuracy,1611510062,-0.0794999999999999
derpp,slowheat_distillation,task_aware_final_accuracy,333205446,-0.07269999999999988
derpp,slowheat_distillation,task_aware_final_accuracy,130501536,-0.03720000000000001
derpp,slowheat_distillation,task_aware_final_accuracy,492612040,-0.05190000000000006
derpp,slowheat_distillation,task_aware_forgetting,2101606466,0.07049999999999995
derpp,slowheat_distillation,task_aware_forgetting,1872839281,0.030124999999999985
derpp,slowheat_distillation,task_aware_forgetting,637029796,0.04300000000000004
derpp,slowheat_distillation,task_aware_forgetting,1357204345,-0.00550000000000006
derpp,slowheat_distillation,task_aware_forgetting,1758462037,0.04912500000000003
derpp,slowheat_distillation,task_aware_forgetting,748737880,-0.013999999999999985
derpp,slowheat_distillation,task_aware_forgetting,1611510062,0.09812499999999999
derpp,slowheat_distillation,task_aware_forgetting,333205446,0.08787499999999995
derpp,slowheat_distillation,task_aware_forgetting,130501536,0.04375000000000001
derpp,slowheat_distillation,task_aware_forgetting,492612040,0.05687499999999998
derpp,slowheat_distillation,classifier_gap,2101606466,-0.007900000000000018
derpp,slowheat_distillation,classifier_gap,1872839281,0.0042999999999999705
derpp,slowheat_distillation,classifier_gap,637029796,0.00840000000000013
derpp,slowheat_distillation,classifier_gap,1357204345,0.054000000000000214
derpp,slowheat_distillation,classifier_gap,1758462037,0.02310000000000001
derpp,slowheat_distillation,classifier_gap,748737880,0.05049999999999999
derpp,slowheat_distillation,classifier_gap,1611510062,-0.02499999999999991
derpp,slowheat_distillation,classifier_gap,333205446,-0.01739999999999986
derpp,slowheat_distillation,classifier_gap,130501536,0.023900000000000032
derpp,slowheat_distillation,classifier_gap,492612040,-0.0046000000000000485
derpp,slowheat_distillation,elapsed_seconds,2101606466,72.52355923998402
derpp,slowheat_distillation,elapsed_seconds,1872839281,43.36934509201092
derpp,slowheat_distillation,elapsed_seconds,637029796,42.36805039900355
derpp,slowheat_distillation,elapsed_seconds,1357204345,43.16720547497971
derpp,slowheat_distillation,elapsed_seconds,1758462037,43.13649422000162
derpp,slowheat_distillation,elapsed_seconds,748737880,44.214471796003636
derpp,slowheat_distillation,elapsed_seconds,1611510062,43.8560474049882
derpp,slowheat_distillation,elapsed_seconds,333205446,42.78385367197916
derpp,slowheat_distillation,elapsed_seconds,130501536,39.82497921399772
derpp,slowheat_distillation,elapsed_seconds,492612040,42.130531274015084
derpp,slowheat_distillation,learner_examples_processed,2101606466,-161280.0
derpp,slowheat_distillation,learner_examples_processed,1872839281,-161280.0
derpp,slowheat_distillation,learner_examples_processed,637029796,-161280.0
derpp,slowheat_distillation,learner_examples_processed,1357204345,-161280.0
derpp,slowheat_distillation,learner_examples_processed,1758462037,-161280.0
derpp,slowheat_distillation,learner_examples_processed,748737880,-161280.0
derpp,slowheat_distillation,learner_examples_processed,1611510062,-161280.0
derpp,slowheat_distillation,learner_examples_processed,333205446,-161280.0
derpp,slowheat_distillation,learner_examples_processed,130501536,-161280.0
derpp,slowheat_distillation,learner_examples_processed,492612040,-161280.0
derpp,slowheat_distillation,total_model_examples_processed,2101606466,161280.0
derpp,slowheat_distillation,total_model_examples_processed,1872839281,161280.0
derpp,slowheat_distillation,total_model_examples_processed,637029796,161280.0
derpp,slowheat_distillation,total_model_examples_processed,1357204345,161280.0
derpp,slowheat_distillation,total_model_examples_processed,1758462037,161280.0
derpp,slowheat_distillation,total_model_examples_processed,748737880,161280.0
derpp,slowheat_distillation,total_model_examples_processed,1611510062,161280.0
derpp,slowheat_distillation,total_model_examples_processed,333205446,161280.0
derpp,slowheat_distillation,total_model_examples_processed,130501536,161280.0
derpp,slowheat_distillation,total_model_examples_processed,492612040,161280.0
derpp,slowheat_distillation,estimated_total_flops,2101606466,-1171376856620.0
derpp,slowheat_distillation,estimated_total_flops,1872839281,-1171376856620.0
derpp,slowheat_distillation,estimated_total_flops,637029796,-1171376856620.0
derpp,slowheat_distillation,estimated_total_flops,1357204345,-1171376856620.0
derpp,slowheat_distillation,estimated_total_flops,1758462037,-1171376856620.0
derpp,slowheat_distillation,estimated_total_flops,748737880,-1171376856620.0
derpp,slowheat_distillation,estimated_total_flops,1611510062,-1171376856620.0
derpp,slowheat_distillation,estimated_total_flops,333205446,-1171376856620.0
derpp,slowheat_distillation,estimated_total_flops,130501536,-1171376856620.0
derpp,slowheat_distillation,estimated_total_flops,492612040,-1171376856620.0
derpp,slowheat_distillation,estimated_overhead_flops,2101606466,14075011540.0
derpp,slowheat_distillation,estimated_overhead_flops,1872839281,14075011540.0
derpp,slowheat_distillation,estimated_overhead_flops,637029796,14075011540.0
derpp,slowheat_distillation,estimated_overhead_flops,1357204345,14075011540.0
derpp,slowheat_distillation,estimated_overhead_flops,1758462037,14075011540.0
derpp,slowheat_distillation,estimated_overhead_flops,748737880,14075011540.0
derpp,slowheat_distillation,estimated_overhead_flops,1611510062,14075011540.0
derpp,slowheat_distillation,estimated_overhead_flops,333205446,14075011540.0
derpp,slowheat_distillation,estimated_overhead_flops,130501536,14075011540.0
derpp,slowheat_distillation,estimated_overhead_flops,492612040,14075011540.0
derpp,slowheat_distillation,replay_memory_bytes,2101606466,-2459200.0
derpp,slowheat_distillation,replay_memory_bytes,1872839281,-2459200.0
derpp,slowheat_distillation,replay_memory_bytes,637029796,-2459200.0
derpp,slowheat_distillation,replay_memory_bytes,1357204345,-2459200.0
derpp,slowheat_distillation,replay_memory_bytes,1758462037,-2459200.0
derpp,slowheat_distillation,replay_memory_bytes,748737880,-2459200.0
derpp,slowheat_distillation,replay_memory_bytes,1611510062,-2459200.0
derpp,slowheat_distillation,replay_memory_bytes,333205446,-2459200.0
derpp,slowheat_distillation,replay_memory_bytes,130501536,-2459200.0
derpp,slowheat_distillation,replay_memory_bytes,492612040,-2459200.0
derpp,slowheat_distillation,stored_logits_bytes,2101606466,-8000.0
derpp,slowheat_distillation,stored_logits_bytes,1872839281,-8000.0
derpp,slowheat_distillation,stored_logits_bytes,637029796,-8000.0
derpp,slowheat_distillation,stored_logits_bytes,1357204345,-8000.0
derpp,slowheat_distillation,stored_logits_bytes,1758462037,-8000.0
derpp,slowheat_distillation,stored_logits_bytes,748737880,-8000.0
derpp,slowheat_distillation,stored_logits_bytes,1611510062,-8000.0
derpp,slowheat_distillation,stored_logits_bytes,333205446,-8000.0
derpp,slowheat_distillation,stored_logits_bytes,130501536,-8000.0
derpp,slowheat_distillation,stored_logits_bytes,492612040,-8000.0
derpp,slowheat_derpp_hidden_beta_30_budget_0.25,final_average_accuracy,2101606466,-0.0025999999999999635
derpp,slowheat_derpp_hidden_beta_30_budget_0.25,final_average_accuracy,1872839281,0.007799999999999974
derpp,slowheat_derpp_hidden_beta_30_budget_0.25,final_average_accuracy,637029796,-0.007200000000000012
derpp,slowheat_derpp_hidden_beta_30_budget_0.25,final_average_accuracy,1357204345,-0.0067000000000000115
derpp,slowheat_derpp_hidden_beta_30_budget_0.25,final_average_accuracy,1758462037,-0.012100000000000055
derpp,slowheat_derpp_hidden_beta_30_budget_0.25,final_average_accuracy,748737880,-0.005900000000000016
derpp,slowheat_derpp_hidden_beta_30_budget_0.25,final_average_accuracy,1611510062,-0.016999999999999987
derpp,slowheat_derpp_hidden_beta_30_budget_0.25,final_average_accuracy,333205446,-0.009399999999999992
derpp,slowheat_derpp_hidden_beta_30_budget_0.25,final_average_accuracy,130501536,-0.01990000000000003
derpp,slowheat_derpp_hidden_beta_30_budget_0.25,final_average_accuracy,492612040,-0.00899999999999998
derpp,slowheat_derpp_hidden_beta_30_budget_0.25,average_forgetting,2101606466,0.012624999999999886
derpp,slowheat_derpp_hidden_beta_30_budget_0.25,average_forgetting,1872839281,-0.010624999999999996
derpp,slowheat_derpp_hidden_beta_30_budget_0.25,average_forgetting,637029796,0.001875000000000071
derpp,slowheat_derpp_hidden_beta_30_budget_0.25,average_forgetting,1357204345,0.0068749999999999645
derpp,slowheat_derpp_hidden_beta_30_budget_0.25,average_forgetting,1758462037,0.016750000000000043
derpp,slowheat_derpp_hidden_beta_30_budget_0.25,average_forgetting,748737880,0.0017500000000000293
derpp,slowheat_derpp_hidden_beta_30_budget_0.25,average_forgetting,1611510062,0.018000000000000016
derpp,slowheat_derpp_hidden_beta_30_budget_0.25,average_forgetting,333205446,0.008499999999999952
derpp,slowheat_derpp_hidden_beta_30_budget_0.25,average_forgetting,130501536,0.021375000000000144
derpp,slowheat_derpp_hidden_beta_30_budget_0.25,average_forgetting,492612040,0.0045000000000000595
derpp,slowheat_derpp_hidden_beta_30_budget_0.25,backward_transfer,2101606466,-0.012624999999999886
derpp,slowheat_derpp_hidden_beta_30_budget_0.25,backward_transfer,1872839281,0.010624999999999996
derpp,slowheat_derpp_hidden_beta_30_budget_0.25,backward_transfer,637029796,-0.001875000000000071
derpp,slowheat_derpp_hidden_beta_30_budget_0.25,backward_transfer,1357204345,-0.0068749999999999645
derpp,slowheat_derpp_hidden_beta_30_budget_0.25,backward_transfer,1758462037,-0.016750000000000043
derpp,slowheat_derpp_hidden_beta_30_budget_0.25,backward_transfer,748737880,-0.0017500000000000293
derpp,slowheat_derpp_hidden_beta_30_budget_0.25,backward_transfer,1611510062,-0.018000000000000016
derpp,slowheat_derpp_hidden_beta_30_budget_0.25,backward_transfer,333205446,-0.008499999999999952
derpp,slowheat_derpp_hidden_beta_30_budget_0.25,backward_transfer,130501536,-0.021375000000000144
derpp,slowheat_derpp_hidden_beta_30_budget_0.25,backward_transfer,492612040,-0.0045000000000000595
derpp,slowheat_derpp_hidden_beta_30_budget_0.25,forward_transfer,2101606466,-0.005500000000000005
derpp,slowheat_derpp_hidden_beta_30_budget_0.25,forward_transfer,1872839281,0.00037499999999998646
derpp,slowheat_derpp_hidden_beta_30_budget_0.25,forward_transfer,637029796,-0.007000000000000006
derpp,slowheat_derpp_hidden_beta_30_budget_0.25,forward_transfer,1357204345,0.02137499999999999
derpp,slowheat_derpp_hidden_beta_30_budget_0.25,forward_transfer,1758462037,0.013874999999999995
derpp,slowheat_derpp_hidden_beta_30_budget_0.25,forward_transfer,748737880,0.0062500000000000056
derpp,slowheat_derpp_hidden_beta_30_budget_0.25,forward_transfer,1611510062,-0.0002500000000000002
derpp,slowheat_derpp_hidden_beta_30_budget_0.25,forward_transfer,333205446,-0.008249999999999993
derpp,slowheat_derpp_hidden_beta_30_budget_0.25,forward_transfer,130501536,-0.023749999999999993
derpp,slowheat_derpp_hidden_beta_30_budget_0.25,forward_transfer,492612040,0.0012500000000000011
derpp,slowheat_derpp_hidden_beta_30_budget_0.25,task_aware_final_accuracy,2101606466,0.030999999999999917
derpp,slowheat_derpp_hidden_beta_30_budget_0.25,task_aware_final_accuracy,1872839281,0.036800000000000055
derpp,slowheat_derpp_hidden_beta_30_budget_0.25,task_aware_final_accuracy,637029796,-0.0023000000000000798
derpp,slowheat_derpp_hidden_beta_30_budget_0.25,task_aware_final_accuracy,1357204345,0.012400000000000078
derpp,slowheat_derpp_hidden_beta_30_budget_0.25,task_aware_final_accuracy,1758462037,0.016999999999999904
derpp,slowheat_derpp_hidden_beta_30_budget_0.25,task_aware_final_accuracy,748737880,0.0665
derpp,slowheat_derpp_hidden_beta_30_budget_0.25,task_aware_final_accuracy,1611510062,-0.012700000000000045
derpp,slowheat_derpp_hidden_beta_30_budget_0.25,task_aware_final_accuracy,333205446,0.0016999999999999238
derpp,slowheat_derpp_hidden_beta_30_budget_0.25,task_aware_final_accuracy,130501536,0.01090000000000002
derpp,slowheat_derpp_hidden_beta_30_budget_0.25,task_aware_final_accuracy,492612040,0.006199999999999872
derpp,slowheat_derpp_hidden_beta_30_budget_0.25,task_aware_forgetting,2101606466,-0.02887500000000004
derpp,slowheat_derpp_hidden_beta_30_budget_0.25,task_aware_forgetting,1872839281,-0.047625
derpp,slowheat_derpp_hidden_beta_30_budget_0.25,task_aware_forgetting,637029796,-0.004374999999999962
derpp,slowheat_derpp_hidden_beta_30_budget_0.25,task_aware_forgetting,1357204345,-0.016624999999999973
derpp,slowheat_derpp_hidden_beta_30_budget_0.25,task_aware_forgetting,1758462037,-0.020374999999999976
derpp,slowheat_derpp_hidden_beta_30_budget_0.25,task_aware_forgetting,748737880,-0.08925000000000002
derpp,slowheat_derpp_hidden_beta_30_budget_0.25,task_aware_forgetting,1611510062,0.011874999999999941
derpp,slowheat_derpp_hidden_beta_30_budget_0.25,task_aware_forgetting,333205446,-0.004875000000000074
derpp,slowheat_derpp_hidden_beta_30_budget_0.25,task_aware_forgetting,130501536,-0.017250000000000015
derpp,slowheat_derpp_hidden_beta_30_budget_0.25,task_aware_forgetting,492612040,-0.014875000000000027
derpp,slowheat_derpp_hidden_beta_30_budget_0.25,classifier_gap,2101606466,0.03359999999999991
derpp,slowheat_derpp_hidden_beta_30_budget_0.25,classifier_gap,1872839281,0.029000000000000137
derpp,slowheat_derpp_hidden_beta_30_budget_0.25,classifier_gap,637029796,0.00489999999999996
derpp,slowheat_derpp_hidden_beta_30_budget_0.25,classifier_gap,1357204345,0.01910000000000006
derpp,slowheat_derpp_hidden_beta_30_budget_0.25,classifier_gap,1758462037,0.02909999999999996
derpp,slowheat_derpp_hidden_beta_30_budget_0.25,classifier_gap,748737880,0.07240000000000002
derpp,slowheat_derpp_hidden_beta_30_budget_0.25,classifier_gap,1611510062,0.004299999999999915
derpp,slowheat_derpp_hidden_beta_30_budget_0.25,classifier_gap,333205446,0.011099999999999888
derpp,slowheat_derpp_hidden_beta_30_budget_0.25,classifier_gap,130501536,0.03080000000000005
derpp,slowheat_derpp_hidden_beta_30_budget_0.25,classifier_gap,492612040,0.01519999999999988
derpp,slowheat_derpp_hidden_beta_30_budget_0.25,elapsed_seconds,2101606466,77.06304132999503
derpp,slowheat_derpp_hidden_beta_30_budget_0.25,elapsed_seconds,1872839281,49.001809546985896
derpp,slowheat_derpp_hidden_beta_30_budget_0.25,elapsed_seconds,637029796,47.95078531198669
derpp,slowheat_derpp_hidden_beta_30_budget_0.25,elapsed_seconds,1357204345,46.39525241497904
derpp,slowheat_derpp_hidden_beta_30_budget_0.25,elapsed_seconds,1758462037,49.002114503033226
derpp,slowheat_derpp_hidden_beta_30_budget_0.25,elapsed_seconds,748737880,48.5143447270093
derpp,slowheat_derpp_hidden_beta_30_budget_0.25,elapsed_seconds,1611510062,47.85567942497437
derpp,slowheat_derpp_hidden_beta_30_budget_0.25,elapsed_seconds,333205446,43.81381863800925
derpp,slowheat_derpp_hidden_beta_30_budget_0.25,elapsed_seconds,130501536,47.22976535701309
derpp,slowheat_derpp_hidden_beta_30_budget_0.25,elapsed_seconds,492612040,43.217807617998915
derpp,slowheat_derpp_hidden_beta_30_budget_0.25,learner_examples_processed,2101606466,0.0
derpp,slowheat_derpp_hidden_beta_30_budget_0.25,learner_examples_processed,1872839281,0.0
derpp,slowheat_derpp_hidden_beta_30_budget_0.25,learner_examples_processed,637029796,0.0
derpp,slowheat_derpp_hidden_beta_30_budget_0.25,learner_examples_processed,1357204345,0.0
derpp,slowheat_derpp_hidden_beta_30_budget_0.25,learner_examples_processed,1758462037,0.0
derpp,slowheat_derpp_hidden_beta_30_budget_0.25,learner_examples_processed,748737880,0.0
derpp,slowheat_derpp_hidden_beta_30_budget_0.25,learner_examples_processed,1611510062,0.0
derpp,slowheat_derpp_hidden_beta_30_budget_0.25,learner_examples_processed,333205446,0.0
derpp,slowheat_derpp_hidden_beta_30_budget_0.25,learner_examples_processed,130501536,0.0
derpp,slowheat_derpp_hidden_beta_30_budget_0.25,learner_examples_processed,492612040,0.0
derpp,slowheat_derpp_hidden_beta_30_budget_0.25,total_model_examples_processed,2101606466,0.0
derpp,slowheat_derpp_hidden_beta_30_budget_0.25,total_model_examples_processed,1872839281,0.0
derpp,slowheat_derpp_hidden_beta_30_budget_0.25,total_model_examples_processed,637029796,0.0
derpp,slowheat_derpp_hidden_beta_30_budget_0.25,total_model_examples_processed,1357204345,0.0
derpp,slowheat_derpp_hidden_beta_30_budget_0.25,total_model_examples_processed,1758462037,0.0
derpp,slowheat_derpp_hidden_beta_30_budget_0.25,total_model_examples_processed,748737880,0.0
derpp,slowheat_derpp_hidden_beta_30_budget_0.25,total_model_examples_processed,1611510062,0.0
derpp,slowheat_derpp_hidden_beta_30_budget_0.25,total_model_examples_processed,333205446,0.0
derpp,slowheat_derpp_hidden_beta_30_budget_0.25,total_model_examples_processed,130501536,0.0
derpp,slowheat_derpp_hidden_beta_30_budget_0.25,total_model_examples_processed,492612040,0.0
derpp,slowheat_derpp_hidden_beta_30_budget_0.25,estimated_total_flops,2101606466,15033628160.0
derpp,slowheat_derpp_hidden_beta_30_budget_0.25,estimated_total_flops,1872839281,15033628160.0
derpp,slowheat_derpp_hidden_beta_30_budget_0.25,estimated_total_flops,637029796,15033628160.0
derpp,slowheat_derpp_hidden_beta_30_budget_0.25,estimated_total_flops,1357204345,15033628160.0
derpp,slowheat_derpp_hidden_beta_30_budget_0.25,estimated_total_flops,1758462037,15033628160.0
derpp,slowheat_derpp_hidden_beta_30_budget_0.25,estimated_total_flops,748737880,15033628160.0
derpp,slowheat_derpp_hidden_beta_30_budget_0.25,estimated_total_flops,1611510062,15033628160.0
derpp,slowheat_derpp_hidden_beta_30_budget_0.25,estimated_total_flops,333205446,15033628160.0
derpp,slowheat_derpp_hidden_beta_30_budget_0.25,estimated_total_flops,130501536,15033628160.0
derpp,slowheat_derpp_hidden_beta_30_budget_0.25,estimated_total_flops,492612040,15033628160.0
derpp,slowheat_derpp_hidden_beta_30_budget_0.25,estimated_overhead_flops,2101606466,15033628160.0
derpp,slowheat_derpp_hidden_beta_30_budget_0.25,estimated_overhead_flops,1872839281,15033628160.0
derpp,slowheat_derpp_hidden_beta_30_budget_0.25,estimated_overhead_flops,637029796,15033628160.0
derpp,slowheat_derpp_hidden_beta_30_budget_0.25,estimated_overhead_flops,1357204345,15033628160.0
derpp,slowheat_derpp_hidden_beta_30_budget_0.25,estimated_overhead_flops,1758462037,15033628160.0
derpp,slowheat_derpp_hidden_beta_30_budget_0.25,estimated_overhead_flops,748737880,15033628160.0
derpp,slowheat_derpp_hidden_beta_30_budget_0.25,estimated_overhead_flops,1611510062,15033628160.0
derpp,slowheat_derpp_hidden_beta_30_budget_0.25,estimated_overhead_flops,333205446,15033628160.0
derpp,slowheat_derpp_hidden_beta_30_budget_0.25,estimated_overhead_flops,130501536,15033628160.0
derpp,slowheat_derpp_hidden_beta_30_budget_0.25,estimated_overhead_flops,492612040,15033628160.0
derpp,slowheat_derpp_hidden_beta_30_budget_0.25,replay_memory_bytes,2101606466,0.0
derpp,slowheat_derpp_hidden_beta_30_budget_0.25,replay_memory_bytes,1872839281,0.0
derpp,slowheat_derpp_hidden_beta_30_budget_0.25,replay_memory_bytes,637029796,0.0
derpp,slowheat_derpp_hidden_beta_30_budget_0.25,replay_memory_bytes,1357204345,0.0
derpp,slowheat_derpp_hidden_beta_30_budget_0.25,replay_memory_bytes,1758462037,0.0
derpp,slowheat_derpp_hidden_beta_30_budget_0.25,replay_memory_bytes,748737880,0.0
derpp,slowheat_derpp_hidden_beta_30_budget_0.25,replay_memory_bytes,1611510062,0.0
derpp,slowheat_derpp_hidden_beta_30_budget_0.25,replay_memory_bytes,333205446,0.0
derpp,slowheat_derpp_hidden_beta_30_budget_0.25,replay_memory_bytes,130501536,0.0
derpp,slowheat_derpp_hidden_beta_30_budget_0.25,replay_memory_bytes,492612040,0.0
derpp,slowheat_derpp_hidden_beta_30_budget_0.25,stored_logits_bytes,2101606466,0.0
derpp,slowheat_derpp_hidden_beta_30_budget_0.25,stored_logits_bytes,1872839281,0.0
derpp,slowheat_derpp_hidden_beta_30_budget_0.25,stored_logits_bytes,637029796,0.0
derpp,slowheat_derpp_hidden_beta_30_budget_0.25,stored_logits_bytes,1357204345,0.0
derpp,slowheat_derpp_hidden_beta_30_budget_0.25,stored_logits_bytes,1758462037,0.0
derpp,slowheat_derpp_hidden_beta_30_budget_0.25,stored_logits_bytes,748737880,0.0
derpp,slowheat_derpp_hidden_beta_30_budget_0.25,stored_logits_bytes,1611510062,0.0
derpp,slowheat_derpp_hidden_beta_30_budget_0.25,stored_logits_bytes,333205446,0.0
derpp,slowheat_derpp_hidden_beta_30_budget_0.25,stored_logits_bytes,130501536,0.0
derpp,slowheat_derpp_hidden_beta_30_budget_0.25,stored_logits_bytes,492612040,0.0
derpp,er_ace,final_average_accuracy,2101606466,0.05820000000000006
derpp,er_ace,final_average_accuracy,1872839281,0.09059999999999996
derpp,er_ace,final_average_accuracy,637029796,0.045599999999999974
derpp,er_ace,final_average_accuracy,1357204345,0.06290000000000007
derpp,er_ace,final_average_accuracy,1758462037,0.029799999999999993
derpp,er_ace,final_average_accuracy,748737880,0.06330000000000002
derpp,er_ace,final_average_accuracy,1611510062,0.03670000000000001
derpp,er_ace,final_average_accuracy,333205446,0.04639999999999994
derpp,er_ace,final_average_accuracy,130501536,0.05789999999999995
derpp,er_ace,final_average_accuracy,492612040,0.045399999999999996
derpp,er_ace,average_forgetting,2101606466,-0.50475
derpp,er_ace,average_forgetting,1872839281,-0.564875
derpp,er_ace,average_forgetting,637029796,-0.5346249999999999
derpp,er_ace,average_forgetting,1357204345,-0.526875
derpp,er_ace,average_forgetting,1758462037,-0.504
derpp,er_ace,average_forgetting,748737880,-0.530375
derpp,er_ace,average_forgetting,1611510062,-0.47925
derpp,er_ace,average_forgetting,333205446,-0.515625
derpp,er_ace,average_forgetting,130501536,-0.5117499999999999
derpp,er_ace,average_forgetting,492612040,-0.49500000000000005
derpp,er_ace,backward_transfer,2101606466,0.8148750000000001
derpp,er_ace,backward_transfer,1872839281,0.857625
derpp,er_ace,backward_transfer,637029796,0.8066249999999999
derpp,er_ace,backward_transfer,1357204345,0.8115
derpp,er_ace,backward_transfer,1758462037,0.7795
derpp,er_ace,backward_transfer,748737880,0.795
derpp,er_ace,backward_transfer,1611510062,0.806875
derpp,er_ace,backward_transfer,333205446,0.788625
derpp,er_ace,backward_transfer,130501536,0.81175
derpp,er_ace,backward_transfer,492612040,0.791625
derpp,er_ace,forward_transfer,2101606466,0.01850000000000001
derpp,er_ace,forward_transfer,1872839281,0.022499999999999992
derpp,er_ace,forward_transfer,637029796,0.028875000000000012
derpp,er_ace,forward_transfer,1357204345,0.0071249999999999925
derpp,er_ace,forward_transfer,1758462037,0.01949999999999999
derpp,er_ace,forward_transfer,748737880,0.012875000000000025
derpp,er_ace,forward_transfer,1611510062,0.017374999999999974
derpp,er_ace,forward_transfer,333205446,0.017750000000000005
derpp,er_ace,forward_transfer,130501536,0.007000000000000006
derpp,er_ace,forward_transfer,492612040,0.008249999999999993
derpp,er_ace,task_aware_final_accuracy,2101606466,0.06769999999999998
derpp,er_ace,task_aware_final_accuracy,1872839281,0.08530000000000004
derpp,er_ace,task_aware_final_accuracy,637029796,0.07130000000000003
derpp,er_ace,task_aware_final_accuracy,1357204345,0.054300000000000015
derpp,er_ace,task_aware_final_accuracy,1758462037,0.034499999999999864
derpp,er_ace,task_aware_final_accuracy,748737880,0.10219999999999996
derpp,er_ace,task_aware_final_accuracy,1611510062,0.04600000000000015
derpp,er_ace,task_aware_final_accuracy,333205446,0.0413
derpp,er_ace,task_aware_final_accuracy,130501536,0.07609999999999995
derpp,er_ace,task_aware_final_accuracy,492612040,0.05429999999999979
derpp,er_ace,task_aware_forgetting,2101606466,-0.07862500000000003
derpp,er_ace,task_aware_forgetting,1872839281,-0.10962499999999994
derpp,er_ace,task_aware_forgetting,637029796,-0.09537499999999999
derpp,er_ace,task_aware_forgetting,1357204345,-0.07200000000000001
derpp,er_ace,task_aware_forgetting,1758462037,-0.046875
derpp,er_ace,task_aware_forgetting,748737880,-0.13450000000000004
derpp,er_ace,task_aware_forgetting,1611510062,-0.059874999999999984
derpp,er_ace,task_aware_forgetting,333205446,-0.06225
derpp,er_ace,task_aware_forgetting,130501536,-0.10075
derpp,er_ace,task_aware_forgetting,492612040,-0.07775000000000001
derpp,er_ace,classifier_gap,2101606466,0.009499999999999953
derpp,er_ace,classifier_gap,1872839281,-0.005299999999999916
derpp,er_ace,classifier_gap,637029796,0.025700000000000056
derpp,er_ace,classifier_gap,1357204345,-0.008600000000000052
derpp,er_ace,classifier_gap,1758462037,0.004699999999999871
derpp,er_ace,classifier_gap,748737880,0.038899999999999935
derpp,er_ace,classifier_gap,1611510062,0.009300000000000141
derpp,er_ace,classifier_gap,333205446,-0.005099999999999938
derpp,er_ace,classifier_gap,130501536,0.018199999999999994
derpp,er_ace,classifier_gap,492612040,0.008899999999999797
derpp,er_ace,elapsed_seconds,2101606466,-0.3958138240268454
derpp,er_ace,elapsed_seconds,1872839281,0.17413730698172003
derpp,er_ace,elapsed_seconds,637029796,-0.060529391979798675
derpp,er_ace,elapsed_seconds,1357204345,0.041431586985709146
derpp,er_ace,elapsed_seconds,1758462037,0.05406133201904595
derpp,er_ace,elapsed_seconds,748737880,-0.6166684410127345
derpp,er_ace,elapsed_seconds,1611510062,-1.3716319050290622
derpp,er_ace,elapsed_seconds,333205446,-0.5342837659991346
derpp,er_ace,elapsed_seconds,130501536,0.10914516498451121
derpp,er_ace,elapsed_seconds,492612040,-0.6217768599744886
derpp,er_ace,learner_examples_processed,2101606466,0.0
derpp,er_ace,learner_examples_processed,1872839281,0.0
derpp,er_ace,learner_examples_processed,637029796,0.0
derpp,er_ace,learner_examples_processed,1357204345,0.0
derpp,er_ace,learner_examples_processed,1758462037,0.0
derpp,er_ace,learner_examples_processed,748737880,0.0
derpp,er_ace,learner_examples_processed,1611510062,0.0
derpp,er_ace,learner_examples_processed,333205446,0.0
derpp,er_ace,learner_examples_processed,130501536,0.0
derpp,er_ace,learner_examples_processed,492612040,0.0
derpp,er_ace,total_model_examples_processed,2101606466,0.0
derpp,er_ace,total_model_examples_processed,1872839281,0.0
derpp,er_ace,total_model_examples_processed,637029796,0.0
derpp,er_ace,total_model_examples_processed,1357204345,0.0
derpp,er_ace,total_model_examples_processed,1758462037,0.0
derpp,er_ace,total_model_examples_processed,748737880,0.0
derpp,er_ace,total_model_examples_processed,1611510062,0.0
derpp,er_ace,total_model_examples_processed,333205446,0.0
derpp,er_ace,total_model_examples_processed,130501536,0.0
derpp,er_ace,total_model_examples_processed,492612040,0.0
derpp,er_ace,estimated_total_flops,2101606466,0.0
derpp,er_ace,estimated_total_flops,1872839281,0.0
derpp,er_ace,estimated_total_flops,637029796,0.0
derpp,er_ace,estimated_total_flops,1357204345,0.0
derpp,er_ace,estimated_total_flops,1758462037,0.0
derpp,er_ace,estimated_total_flops,748737880,0.0
derpp,er_ace,estimated_total_flops,1611510062,0.0
derpp,er_ace,estimated_total_flops,333205446,0.0
derpp,er_ace,estimated_total_flops,130501536,0.0
derpp,er_ace,estimated_total_flops,492612040,0.0
derpp,er_ace,estimated_overhead_flops,2101606466,0.0
derpp,er_ace,estimated_overhead_flops,1872839281,0.0
derpp,er_ace,estimated_overhead_flops,637029796,0.0
derpp,er_ace,estimated_overhead_flops,1357204345,0.0
derpp,er_ace,estimated_overhead_flops,1758462037,0.0
derpp,er_ace,estimated_overhead_flops,748737880,0.0
derpp,er_ace,estimated_overhead_flops,1611510062,0.0
derpp,er_ace,estimated_overhead_flops,333205446,0.0
derpp,er_ace,estimated_overhead_flops,130501536,0.0
derpp,er_ace,estimated_overhead_flops,492612040,0.0
derpp,er_ace,replay_memory_bytes,2101606466,0.0
derpp,er_ace,replay_memory_bytes,1872839281,0.0
derpp,er_ace,replay_memory_bytes,637029796,0.0
derpp,er_ace,replay_memory_bytes,1357204345,0.0
derpp,er_ace,replay_memory_bytes,1758462037,0.0
derpp,er_ace,replay_memory_bytes,748737880,0.0
derpp,er_ace,replay_memory_bytes,1611510062,0.0
derpp,er_ace,replay_memory_bytes,333205446,0.0
derpp,er_ace,replay_memory_bytes,130501536,0.0
derpp,er_ace,replay_memory_bytes,492612040,0.0
derpp,er_ace,stored_logits_bytes,2101606466,-8000.0
derpp,er_ace,stored_logits_bytes,1872839281,-8000.0
derpp,er_ace,stored_logits_bytes,637029796,-8000.0
derpp,er_ace,stored_logits_bytes,1357204345,-8000.0
derpp,er_ace,stored_logits_bytes,1758462037,-8000.0
derpp,er_ace,stored_logits_bytes,748737880,-8000.0
derpp,er_ace,stored_logits_bytes,1611510062,-8000.0
derpp,er_ace,stored_logits_bytes,333205446,-8000.0
derpp,er_ace,stored_logits_bytes,130501536,-8000.0
derpp,er_ace,stored_logits_bytes,492612040,-8000.0
derpp,slowheat_er_ace_hidden_beta_30_budget_0.25,final_average_accuracy,2101606466,0.09980000000000003
derpp,slowheat_er_ace_hidden_beta_30_budget_0.25,final_average_accuracy,1872839281,0.11670000000000003
derpp,slowheat_er_ace_hidden_beta_30_budget_0.25,final_average_accuracy,637029796,0.10290000000000005
derpp,slowheat_er_ace_hidden_beta_30_budget_0.25,final_average_accuracy,1357204345,0.07619999999999999
derpp,slowheat_er_ace_hidden_beta_30_budget_0.25,final_average_accuracy,1758462037,0.05839999999999995
derpp,slowheat_er_ace_hidden_beta_30_budget_0.25,final_average_accuracy,748737880,0.09489999999999998
derpp,slowheat_er_ace_hidden_beta_30_budget_0.25,final_average_accuracy,1611510062,0.06009999999999999
derpp,slowheat_er_ace_hidden_beta_30_budget_0.25,final_average_accuracy,333205446,0.08710000000000001
derpp,slowheat_er_ace_hidden_beta_30_budget_0.25,final_average_accuracy,130501536,0.06789999999999996
derpp,slowheat_er_ace_hidden_beta_30_budget_0.25,final_average_accuracy,492612040,0.07559999999999995
derpp,slowheat_er_ace_hidden_beta_30_budget_0.25,average_forgetting,2101606466,-0.5461250000000001
derpp,slowheat_er_ace_hidden_beta_30_budget_0.25,average_forgetting,1872839281,-0.5534999999999999
derpp,slowheat_er_ace_hidden_beta_30_budget_0.25,average_forgetting,637029796,-0.5602499999999999
derpp,slowheat_er_ace_hidden_beta_30_budget_0.25,average_forgetting,1357204345,-0.534625
derpp,slowheat_er_ace_hidden_beta_30_budget_0.25,average_forgetting,1758462037,-0.542375
derpp,slowheat_er_ace_hidden_beta_30_budget_0.25,average_forgetting,748737880,-0.561875
derpp,slowheat_er_ace_hidden_beta_30_budget_0.25,average_forgetting,1611510062,-0.535875
derpp,slowheat_er_ace_hidden_beta_30_budget_0.25,average_forgetting,333205446,-0.5285
derpp,slowheat_er_ace_hidden_beta_30_budget_0.25,average_forgetting,130501536,-0.5522499999999999
derpp,slowheat_er_ace_hidden_beta_30_budget_0.25,average_forgetting,492612040,-0.531
derpp,slowheat_er_ace_hidden_beta_30_budget_0.25,backward_transfer,2101606466,0.8375000000000001
derpp,slowheat_er_ace_hidden_beta_30_budget_0.25,backward_transfer,1872839281,0.8434999999999999
derpp,slowheat_er_ace_hidden_beta_30_budget_0.25,backward_transfer,637029796,0.8679999999999999
derpp,slowheat_er_ace_hidden_beta_30_budget_0.25,backward_transfer,1357204345,0.826625
derpp,slowheat_er_ace_hidden_beta_30_budget_0.25,backward_transfer,1758462037,0.814375
derpp,slowheat_er_ace_hidden_beta_30_budget_0.25,backward_transfer,748737880,0.821
derpp,slowheat_er_ace_hidden_beta_30_budget_0.25,backward_transfer,1611510062,0.826625
derpp,slowheat_er_ace_hidden_beta_30_budget_0.25,backward_transfer,333205446,0.836
derpp,slowheat_er_ace_hidden_beta_30_budget_0.25,backward_transfer,130501536,0.8096249999999999
derpp,slowheat_er_ace_hidden_beta_30_budget_0.25,backward_transfer,492612040,0.8222499999999999
derpp,slowheat_er_ace_hidden_beta_30_budget_0.25,forward_transfer,2101606466,0.008375000000000007
derpp,slowheat_er_ace_hidden_beta_30_budget_0.25,forward_transfer,1872839281,0.010749999999999989
derpp,slowheat_er_ace_hidden_beta_30_budget_0.25,forward_transfer,637029796,0.0013749999999999873
derpp,slowheat_er_ace_hidden_beta_30_budget_0.25,forward_transfer,1357204345,0.028374999999999997
derpp,slowheat_er_ace_hidden_beta_30_budget_0.25,forward_transfer,1758462037,0.023625
derpp,slowheat_er_ace_hidden_beta_30_budget_0.25,forward_transfer,748737880,0.012375000000000025
derpp,slowheat_er_ace_hidden_beta_30_budget_0.25,forward_transfer,1611510062,0.014875
derpp,slowheat_er_ace_hidden_beta_30_budget_0.25,forward_transfer,333205446,0.00375
derpp,slowheat_er_ace_hidden_beta_30_budget_0.25,forward_transfer,130501536,-0.018000000000000016
derpp,slowheat_er_ace_hidden_beta_30_budget_0.25,forward_transfer,492612040,0.006499999999999992
derpp,slowheat_er_ace_hidden_beta_30_budget_0.25,task_aware_final_accuracy,2101606466,0.10360000000000003
derpp,slowheat_er_ace_hidden_beta_30_budget_0.25,task_aware_final_accuracy,1872839281,0.10740000000000005
derpp,slowheat_er_ace_hidden_beta_30_budget_0.25,task_aware_final_accuracy,637029796,0.09920000000000007
derpp,slowheat_er_ace_hidden_beta_30_budget_0.25,task_aware_final_accuracy,1357204345,0.08720000000000017
derpp,slowheat_er_ace_hidden_beta_30_budget_0.25,task_aware_final_accuracy,1758462037,0.08879999999999999
derpp,slowheat_er_ace_hidden_beta_30_budget_0.25,task_aware_final_accuracy,748737880,0.13429999999999997
derpp,slowheat_er_ace_hidden_beta_30_budget_0.25,task_aware_final_accuracy,1611510062,0.07430000000000014
derpp,slowheat_er_ace_hidden_beta_30_budget_0.25,task_aware_final_accuracy,333205446,0.07679999999999998
derpp,slowheat_er_ace_hidden_beta_30_budget_0.25,task_aware_final_accuracy,130501536,0.0837
derpp,slowheat_er_ace_hidden_beta_30_budget_0.25,task_aware_final_accuracy,492612040,0.08589999999999975
derpp,slowheat_er_ace_hidden_beta_30_budget_0.25,task_aware_forgetting,2101606466,-0.12512500000000007
derpp,slowheat_er_ace_hidden_beta_30_budget_0.25,task_aware_forgetting,1872839281,-0.13674999999999998
derpp,slowheat_er_ace_hidden_beta_30_budget_0.25,task_aware_forgetting,637029796,-0.125875
derpp,slowheat_er_ace_hidden_beta_30_budget_0.25,task_aware_forgetting,1357204345,-0.10749999999999998
derpp,slowheat_er_ace_hidden_beta_30_budget_0.25,task_aware_forgetting,1758462037,-0.10899999999999999
derpp,slowheat_er_ace_hidden_beta_30_budget_0.25,task_aware_forgetting,748737880,-0.17325000000000002
derpp,slowheat_er_ace_hidden_beta_30_budget_0.25,task_aware_forgetting,1611510062,-0.09012500000000007
derpp,slowheat_er_ace_hidden_beta_30_budget_0.25,task_aware_forgetting,333205446,-0.09550000000000003
derpp,slowheat_er_ace_hidden_beta_30_budget_0.25,task_aware_forgetting,130501536,-0.10675000000000001
derpp,slowheat_er_ace_hidden_beta_30_budget_0.25,task_aware_forgetting,492612040,-0.110375
derpp,slowheat_er_ace_hidden_beta_30_budget_0.25,classifier_gap,2101606466,0.0038000000000000256
derpp,slowheat_er_ace_hidden_beta_30_budget_0.25,classifier_gap,1872839281,-0.009299999999999975
derpp,slowheat_er_ace_hidden_beta_30_budget_0.25,classifier_gap,637029796,-0.003699999999999981
derpp,slowheat_er_ace_hidden_beta_30_budget_0.25,classifier_gap,1357204345,0.011000000000000176
derpp,slowheat_er_ace_hidden_beta_30_budget_0.25,classifier_gap,1758462037,0.030400000000000038
derpp,slowheat_er_ace_hidden_beta_30_budget_0.25,classifier_gap,748737880,0.03939999999999999
derpp,slowheat_er_ace_hidden_beta_30_budget_0.25,classifier_gap,1611510062,0.014200000000000157
derpp,slowheat_er_ace_hidden_beta_30_budget_0.25,classifier_gap,333205446,-0.010300000000000031
derpp,slowheat_er_ace_hidden_beta_30_budget_0.25,classifier_gap,130501536,0.015800000000000036
derpp,slowheat_er_ace_hidden_beta_30_budget_0.25,classifier_gap,492612040,0.01029999999999981
derpp,slowheat_er_ace_hidden_beta_30_budget_0.25,elapsed_seconds,2101606466,69.71739021799294
derpp,slowheat_er_ace_hidden_beta_30_budget_0.25,elapsed_seconds,1872839281,48.50207726599183
derpp,slowheat_er_ace_hidden_beta_30_budget_0.25,elapsed_seconds,637029796,46.52157170098508
derpp,slowheat_er_ace_hidden_beta_30_budget_0.25,elapsed_seconds,1357204345,48.6343943089887
derpp,slowheat_er_ace_hidden_beta_30_budget_0.25,elapsed_seconds,1758462037,49.24756592800259
derpp,slowheat_er_ace_hidden_beta_30_budget_0.25,elapsed_seconds,748737880,53.15590273402631
derpp,slowheat_er_ace_hidden_beta_30_budget_0.25,elapsed_seconds,1611510062,47.22712645295542
derpp,slowheat_er_ace_hidden_beta_30_budget_0.25,elapsed_seconds,333205446,48.48217658500653
derpp,slowheat_er_ace_hidden_beta_30_budget_0.25,elapsed_seconds,130501536,44.82428826097748
derpp,slowheat_er_ace_hidden_beta_30_budget_0.25,elapsed_seconds,492612040,48.122752975992626
derpp,slowheat_er_ace_hidden_beta_30_budget_0.25,learner_examples_processed,2101606466,0.0
derpp,slowheat_er_ace_hidden_beta_30_budget_0.25,learner_examples_processed,1872839281,0.0
derpp,slowheat_er_ace_hidden_beta_30_budget_0.25,learner_examples_processed,637029796,0.0
derpp,slowheat_er_ace_hidden_beta_30_budget_0.25,learner_examples_processed,1357204345,0.0
derpp,slowheat_er_ace_hidden_beta_30_budget_0.25,learner_examples_processed,1758462037,0.0
derpp,slowheat_er_ace_hidden_beta_30_budget_0.25,learner_examples_processed,748737880,0.0
derpp,slowheat_er_ace_hidden_beta_30_budget_0.25,learner_examples_processed,1611510062,0.0
derpp,slowheat_er_ace_hidden_beta_30_budget_0.25,learner_examples_processed,333205446,0.0
derpp,slowheat_er_ace_hidden_beta_30_budget_0.25,learner_examples_processed,130501536,0.0
derpp,slowheat_er_ace_hidden_beta_30_budget_0.25,learner_examples_processed,492612040,0.0
derpp,slowheat_er_ace_hidden_beta_30_budget_0.25,total_model_examples_processed,2101606466,0.0
derpp,slowheat_er_ace_hidden_beta_30_budget_0.25,total_model_examples_processed,1872839281,0.0
derpp,slowheat_er_ace_hidden_beta_30_budget_0.25,total_model_examples_processed,637029796,0.0
derpp,slowheat_er_ace_hidden_beta_30_budget_0.25,total_model_examples_processed,1357204345,0.0
derpp,slowheat_er_ace_hidden_beta_30_budget_0.25,total_model_examples_processed,1758462037,0.0
derpp,slowheat_er_ace_hidden_beta_30_budget_0.25,total_model_examples_processed,748737880,0.0
derpp,slowheat_er_ace_hidden_beta_30_budget_0.25,total_model_examples_processed,1611510062,0.0
derpp,slowheat_er_ace_hidden_beta_30_budget_0.25,total_model_examples_processed,333205446,0.0
derpp,slowheat_er_ace_hidden_beta_30_budget_0.25,total_model_examples_processed,130501536,0.0
derpp,slowheat_er_ace_hidden_beta_30_budget_0.25,total_model_examples_processed,492612040,0.0
derpp,slowheat_er_ace_hidden_beta_30_budget_0.25,estimated_total_flops,2101606466,15033628160.0
derpp,slowheat_er_ace_hidden_beta_30_budget_0.25,estimated_total_flops,1872839281,15033628160.0
derpp,slowheat_er_ace_hidden_beta_30_budget_0.25,estimated_total_flops,637029796,15033628160.0
derpp,slowheat_er_ace_hidden_beta_30_budget_0.25,estimated_total_flops,1357204345,15033628160.0
derpp,slowheat_er_ace_hidden_beta_30_budget_0.25,estimated_total_flops,1758462037,15033628160.0
derpp,slowheat_er_ace_hidden_beta_30_budget_0.25,estimated_total_flops,748737880,15033628160.0
derpp,slowheat_er_ace_hidden_beta_30_budget_0.25,estimated_total_flops,1611510062,15033628160.0
derpp,slowheat_er_ace_hidden_beta_30_budget_0.25,estimated_total_flops,333205446,15033628160.0
derpp,slowheat_er_ace_hidden_beta_30_budget_0.25,estimated_total_flops,130501536,15033628160.0
derpp,slowheat_er_ace_hidden_beta_30_budget_0.25,estimated_total_flops,492612040,15033628160.0
derpp,slowheat_er_ace_hidden_beta_30_budget_0.25,estimated_overhead_flops,2101606466,15033628160.0
derpp,slowheat_er_ace_hidden_beta_30_budget_0.25,estimated_overhead_flops,1872839281,15033628160.0
derpp,slowheat_er_ace_hidden_beta_30_budget_0.25,estimated_overhead_flops,637029796,15033628160.0
derpp,slowheat_er_ace_hidden_beta_30_budget_0.25,estimated_overhead_flops,1357204345,15033628160.0
derpp,slowheat_er_ace_hidden_beta_30_budget_0.25,estimated_overhead_flops,1758462037,15033628160.0
derpp,slowheat_er_ace_hidden_beta_30_budget_0.25,estimated_overhead_flops,748737880,15033628160.0
derpp,slowheat_er_ace_hidden_beta_30_budget_0.25,estimated_overhead_flops,1611510062,15033628160.0
derpp,slowheat_er_ace_hidden_beta_30_budget_0.25,estimated_overhead_flops,333205446,15033628160.0
derpp,slowheat_er_ace_hidden_beta_30_budget_0.25,estimated_overhead_flops,130501536,15033628160.0
derpp,slowheat_er_ace_hidden_beta_30_budget_0.25,estimated_overhead_flops,492612040,15033628160.0
derpp,slowheat_er_ace_hidden_beta_30_budget_0.25,replay_memory_bytes,2101606466,0.0
derpp,slowheat_er_ace_hidden_beta_30_budget_0.25,replay_memory_bytes,1872839281,0.0
derpp,slowheat_er_ace_hidden_beta_30_budget_0.25,replay_memory_bytes,637029796,0.0
derpp,slowheat_er_ace_hidden_beta_30_budget_0.25,replay_memory_bytes,1357204345,0.0
derpp,slowheat_er_ace_hidden_beta_30_budget_0.25,replay_memory_bytes,1758462037,0.0
derpp,slowheat_er_ace_hidden_beta_30_budget_0.25,replay_memory_bytes,748737880,0.0
derpp,slowheat_er_ace_hidden_beta_30_budget_0.25,replay_memory_bytes,1611510062,0.0
derpp,slowheat_er_ace_hidden_beta_30_budget_0.25,replay_memory_bytes,333205446,0.0
derpp,slowheat_er_ace_hidden_beta_30_budget_0.25,replay_memory_bytes,130501536,0.0
derpp,slowheat_er_ace_hidden_beta_30_budget_0.25,replay_memory_bytes,492612040,0.0
derpp,slowheat_er_ace_hidden_beta_30_budget_0.25,stored_logits_bytes,2101606466,-8000.0
derpp,slowheat_er_ace_hidden_beta_30_budget_0.25,stored_logits_bytes,1872839281,-8000.0
derpp,slowheat_er_ace_hidden_beta_30_budget_0.25,stored_logits_bytes,637029796,-8000.0
derpp,slowheat_er_ace_hidden_beta_30_budget_0.25,stored_logits_bytes,1357204345,-8000.0
derpp,slowheat_er_ace_hidden_beta_30_budget_0.25,stored_logits_bytes,1758462037,-8000.0
derpp,slowheat_er_ace_hidden_beta_30_budget_0.25,stored_logits_bytes,748737880,-8000.0
derpp,slowheat_er_ace_hidden_beta_30_budget_0.25,stored_logits_bytes,1611510062,-8000.0
derpp,slowheat_er_ace_hidden_beta_30_budget_0.25,stored_logits_bytes,333205446,-8000.0
derpp,slowheat_er_ace_hidden_beta_30_budget_0.25,stored_logits_bytes,130501536,-8000.0
derpp,slowheat_er_ace_hidden_beta_30_budget_0.25,stored_logits_bytes,492612040,-8000.0
derpp,agem,final_average_accuracy,2101606466,-0.025699999999999973
derpp,agem,final_average_accuracy,1872839281,-0.02589999999999998
derpp,agem,final_average_accuracy,637029796,-0.05190000000000003
derpp,agem,final_average_accuracy,1357204345,-0.04089999999999999
derpp,agem,final_average_accuracy,1758462037,-0.05340000000000003
derpp,agem,final_average_accuracy,748737880,-0.03970000000000001
derpp,agem,final_average_accuracy,1611510062,-0.049100000000000005
derpp,agem,final_average_accuracy,333205446,-0.04139999999999999
derpp,agem,final_average_accuracy,130501536,-0.029899999999999982
derpp,agem,final_average_accuracy,492612040,-0.0335
derpp,agem,average_forgetting,2101606466,0.031874999999999876
derpp,agem,average_forgetting,1872839281,0.02949999999999997
derpp,agem,average_forgetting,637029796,0.0465000000000001
derpp,agem,average_forgetting,1357204345,0.05162500000000003
derpp,agem,average_forgetting,1758462037,0.07000000000000006
derpp,agem,average_forgetting,748737880,0.03975000000000006
derpp,agem,average_forgetting,1611510062,0.060250000000000026
derpp,agem,average_forgetting,333205446,0.05062500000000003
derpp,agem,average_forgetting,130501536,0.03762500000000002
derpp,agem,average_forgetting,492612040,0.03574999999999995
derpp,agem,backward_transfer,2101606466,-0.031874999999999876
derpp,agem,backward_transfer,1872839281,-0.02949999999999997
derpp,agem,backward_transfer,637029796,-0.0465000000000001
derpp,agem,backward_transfer,1357204345,-0.05162500000000003
derpp,agem,backward_transfer,1758462037,-0.07000000000000006
derpp,agem,backward_transfer,748737880,-0.03975000000000006
derpp,agem,backward_transfer,1611510062,-0.060250000000000026
derpp,agem,backward_transfer,333205446,-0.05062500000000003
derpp,agem,backward_transfer,130501536,-0.03762500000000002
derpp,agem,backward_transfer,492612040,-0.03574999999999995
derpp,agem,forward_transfer,2101606466,0.0017500000000000016
derpp,agem,forward_transfer,1872839281,0.0
derpp,agem,forward_transfer,637029796,0.000250000000000028
derpp,agem,forward_transfer,1357204345,0.000125000000000014
derpp,agem,forward_transfer,1758462037,-0.0001250000000000001
derpp,agem,forward_transfer,748737880,-0.00012499999999998623
derpp,agem,forward_transfer,1611510062,0.0
derpp,agem,forward_transfer,333205446,0.0
derpp,agem,forward_transfer,130501536,0.0061249999999999916
derpp,agem,forward_transfer,492612040,0.0
derpp,agem,task_aware_final_accuracy,2101606466,-0.03310000000000002
derpp,agem,task_aware_final_accuracy,1872839281,-0.012699999999999934
derpp,agem,task_aware_final_accuracy,637029796,-0.013499999999999956
derpp,agem,task_aware_final_accuracy,1357204345,-0.01409999999999989
derpp,agem,task_aware_final_accuracy,1758462037,-0.0049000000000000155
derpp,agem,task_aware_final_accuracy,748737880,0.02059999999999995
derpp,agem,task_aware_final_accuracy,1611510062,-0.05259999999999987
derpp,agem,task_aware_final_accuracy,333205446,-0.05030000000000001
derpp,agem,task_aware_final_accuracy,130501536,-0.0024000000000000687
derpp,agem,task_aware_final_accuracy,492612040,-0.042400000000000104
derpp,agem,task_aware_forgetting,2101606466,0.04100000000000001
derpp,agem,task_aware_forgetting,1872839281,0.01200000000000001
derpp,agem,task_aware_forgetting,637029796,-0.0024999999999999745
derpp,agem,task_aware_forgetting,1357204345,0.017749999999999988
derpp,agem,task_aware_forgetting,1758462037,0.007874999999999993
derpp,agem,task_aware_forgetting,748737880,-0.03612499999999999
derpp,agem,task_aware_forgetting,1611510062,0.06374999999999997
derpp,agem,task_aware_forgetting,333205446,0.06187499999999996
derpp,agem,task_aware_forgetting,130501536,0.0028749999999999887
derpp,agem,task_aware_forgetting,492612040,0.045749999999999985
derpp,agem,classifier_gap,2101606466,-0.007400000000000018
derpp,agem,classifier_gap,1872839281,0.013200000000000045
derpp,agem,classifier_gap,637029796,0.038400000000000045
derpp,agem,classifier_gap,1357204345,0.0268000000000001
derpp,agem,classifier_gap,1758462037,0.04849999999999999
derpp,agem,classifier_gap,748737880,0.060299999999999965
derpp,agem,classifier_gap,1611510062,-0.003499999999999892
derpp,agem,classifier_gap,333205446,-0.008900000000000019
derpp,agem,classifier_gap,130501536,0.027499999999999913
derpp,agem,classifier_gap,492612040,-0.00890000000000013
derpp,agem,elapsed_seconds,2101606466,7.795000004960457
derpp,agem,elapsed_seconds,1872839281,8.929133033991093
derpp,agem,elapsed_seconds,637029796,8.147316785005387
derpp,agem,elapsed_seconds,1357204345,9.25515497798915
derpp,agem,elapsed_seconds,1758462037,9.176438980008243
derpp,agem,elapsed_seconds,748737880,7.459790224995231
derpp,agem,elapsed_seconds,1611510062,6.882940651994431
derpp,agem,elapsed_seconds,333205446,7.198616801993921
derpp,agem,elapsed_seconds,130501536,8.919172899011755
derpp,agem,elapsed_seconds,492612040,7.709366418013815
derpp,agem,learner_examples_processed,2101606466,0.0
derpp,agem,learner_examples_processed,1872839281,0.0
derpp,agem,learner_examples_processed,637029796,0.0
derpp,agem,learner_examples_processed,1357204345,0.0
derpp,agem,learner_examples_processed,1758462037,0.0
derpp,agem,learner_examples_processed,748737880,0.0
derpp,agem,learner_examples_processed,1611510062,0.0
derpp,agem,learner_examples_processed,333205446,0.0
derpp,agem,learner_examples_processed,130501536,0.0
derpp,agem,learner_examples_processed,492612040,0.0
derpp,agem,total_model_examples_processed,2101606466,0.0
derpp,agem,total_model_examples_processed,1872839281,0.0
derpp,agem,total_model_examples_processed,637029796,0.0
derpp,agem,total_model_examples_processed,1357204345,0.0
derpp,agem,total_model_examples_processed,1758462037,0.0
derpp,agem,total_model_examples_processed,748737880,0.0
derpp,agem,total_model_examples_processed,1611510062,0.0
derpp,agem,total_model_examples_processed,333205446,0.0
derpp,agem,total_model_examples_processed,130501536,0.0
derpp,agem,total_model_examples_processed,492612040,0.0
derpp,agem,estimated_total_flops,2101606466,0.0
derpp,agem,estimated_total_flops,1872839281,0.0
derpp,agem,estimated_total_flops,637029796,0.0
derpp,agem,estimated_total_flops,1357204345,0.0
derpp,agem,estimated_total_flops,1758462037,0.0
derpp,agem,estimated_total_flops,748737880,0.0
derpp,agem,estimated_total_flops,1611510062,0.0
derpp,agem,estimated_total_flops,333205446,0.0
derpp,agem,estimated_total_flops,130501536,0.0
derpp,agem,estimated_total_flops,492612040,0.0
derpp,agem,estimated_overhead_flops,2101606466,0.0
derpp,agem,estimated_overhead_flops,1872839281,0.0
derpp,agem,estimated_overhead_flops,637029796,0.0
derpp,agem,estimated_overhead_flops,1357204345,0.0
derpp,agem,estimated_overhead_flops,1758462037,0.0
derpp,agem,estimated_overhead_flops,748737880,0.0
derpp,agem,estimated_overhead_flops,1611510062,0.0
derpp,agem,estimated_overhead_flops,333205446,0.0
derpp,agem,estimated_overhead_flops,130501536,0.0
derpp,agem,estimated_overhead_flops,492612040,0.0
derpp,agem,replay_memory_bytes,2101606466,0.0
derpp,agem,replay_memory_bytes,1872839281,0.0
derpp,agem,replay_memory_bytes,637029796,0.0
derpp,agem,replay_memory_bytes,1357204345,0.0
derpp,agem,replay_memory_bytes,1758462037,0.0
derpp,agem,replay_memory_bytes,748737880,0.0
derpp,agem,replay_memory_bytes,1611510062,0.0
derpp,agem,replay_memory_bytes,333205446,0.0
derpp,agem,replay_memory_bytes,130501536,0.0
derpp,agem,replay_memory_bytes,492612040,0.0
derpp,agem,stored_logits_bytes,2101606466,-8000.0
derpp,agem,stored_logits_bytes,1872839281,-8000.0
derpp,agem,stored_logits_bytes,637029796,-8000.0
derpp,agem,stored_logits_bytes,1357204345,-8000.0
derpp,agem,stored_logits_bytes,1758462037,-8000.0
derpp,agem,stored_logits_bytes,748737880,-8000.0
derpp,agem,stored_logits_bytes,1611510062,-8000.0
derpp,agem,stored_logits_bytes,333205446,-8000.0
derpp,agem,stored_logits_bytes,130501536,-8000.0
derpp,agem,stored_logits_bytes,492612040,-8000.0
derpp,ewc,final_average_accuracy,2101606466,-0.04109999999999997
derpp,ewc,final_average_accuracy,1872839281,-0.026600000000000013
derpp,ewc,final_average_accuracy,637029796,-0.051100000000000034
derpp,ewc,final_average_accuracy,1357204345,-0.043999999999999984
derpp,ewc,final_average_accuracy,1758462037,-0.05780000000000002
derpp,ewc,final_average_accuracy,748737880,-0.044300000000000006
derpp,ewc,final_average_accuracy,1611510062,-0.0519
derpp,ewc,final_average_accuracy,333205446,-0.05080000000000001
derpp,ewc,final_average_accuracy,130501536,-0.05870000000000003
derpp,ewc,final_average_accuracy,492612040,-0.04920000000000002
derpp,ewc,average_forgetting,2101606466,0.05412499999999998
derpp,ewc,average_forgetting,1872839281,0.03499999999999992
derpp,ewc,average_forgetting,637029796,0.05137500000000006
derpp,ewc,average_forgetting,1357204345,0.058375000000000066
derpp,ewc,average_forgetting,1758462037,0.07399999999999995
derpp,ewc,average_forgetting,748737880,0.05449999999999999
derpp,ewc,average_forgetting,1611510062,0.06300000000000006
derpp,ewc,average_forgetting,333205446,0.06262500000000004
derpp,ewc,average_forgetting,130501536,0.0721250000000001
derpp,ewc,average_forgetting,492612040,0.04974999999999996
derpp,ewc,backward_transfer,2101606466,-0.05412499999999998
derpp,ewc,backward_transfer,1872839281,-0.03499999999999992
derpp,ewc,backward_transfer,637029796,-0.05137500000000006
derpp,ewc,backward_transfer,1357204345,-0.058375000000000066
derpp,ewc,backward_transfer,1758462037,-0.07399999999999995
derpp,ewc,backward_transfer,748737880,-0.05449999999999999
derpp,ewc,backward_transfer,1611510062,-0.06300000000000006
derpp,ewc,backward_transfer,333205446,-0.06262500000000004
derpp,ewc,backward_transfer,130501536,-0.0721250000000001
derpp,ewc,backward_transfer,492612040,-0.04974999999999996
derpp,ewc,forward_transfer,2101606466,0.0006250000000000006
derpp,ewc,forward_transfer,1872839281,0.00037499999999998646
derpp,ewc,forward_transfer,637029796,0.0
derpp,ewc,forward_transfer,1357204345,0.0
derpp,ewc,forward_transfer,1758462037,-0.0001250000000000001
derpp,ewc,forward_transfer,748737880,-0.00012499999999998623
derpp,ewc,forward_transfer,1611510062,0.0
derpp,ewc,forward_transfer,333205446,0.0
derpp,ewc,forward_transfer,130501536,0.009124999999999994
derpp,ewc,forward_transfer,492612040,0.02137499999999999
derpp,ewc,task_aware_final_accuracy,2101606466,-0.11860000000000004
derpp,ewc,task_aware_final_accuracy,1872839281,-0.04909999999999992
derpp,ewc,task_aware_final_accuracy,637029796,-0.10120000000000007
derpp,ewc,task_aware_final_accuracy,1357204345,-0.14529999999999987
derpp,ewc,task_aware_final_accuracy,1758462037,-0.09789999999999999
derpp,ewc,task_aware_final_accuracy,748737880,-0.03850000000000009
derpp,ewc,task_aware_final_accuracy,1611510062,-0.10559999999999992
derpp,ewc,task_aware_final_accuracy,333205446,-0.1058
derpp,ewc,task_aware_final_accuracy,130501536,-0.08750000000000002
derpp,ewc,task_aware_final_accuracy,492612040,-0.1060000000000001
derpp,ewc,task_aware_forgetting,2101606466,0.15025
derpp,ewc,task_aware_forgetting,1872839281,0.06162500000000001
derpp,ewc,task_aware_forgetting,637029796,0.11250000000000002
derpp,ewc,task_aware_forgetting,1357204345,0.184125
derpp,ewc,task_aware_forgetting,1758462037,0.12212500000000004
derpp,ewc,task_aware_forgetting,748737880,0.04600000000000001
derpp,ewc,task_aware_forgetting,1611510062,0.128875
derpp,ewc,task_aware_forgetting,333205446,0.13024999999999998
derpp,ewc,task_aware_forgetting,130501536,0.10674999999999993
derpp,ewc,task_aware_forgetting,492612040,0.11912500000000001
derpp,ewc,classifier_gap,2101606466,-0.07750000000000001
derpp,ewc,classifier_gap,1872839281,-0.02249999999999991
derpp,ewc,classifier_gap,637029796,-0.05010000000000003
derpp,ewc,classifier_gap,1357204345,-0.10129999999999989
derpp,ewc,classifier_gap,1758462037,-0.04009999999999997
derpp,ewc,classifier_gap,748737880,0.005799999999999916
derpp,ewc,classifier_gap,1611510062,-0.053699999999999914
derpp,ewc,classifier_gap,333205446,-0.05499999999999999
derpp,ewc,classifier_gap,130501536,-0.028799999999999992
derpp,ewc,classifier_gap,492612040,-0.05680000000000007
derpp,ewc,elapsed_seconds,2101606466,8.17693529999815
derpp,ewc,elapsed_seconds,1872839281,9.17885599701549
derpp,ewc,elapsed_seconds,637029796,8.625362691032933
derpp,ewc,elapsed_seconds,1357204345,9.951405928994063
derpp,ewc,elapsed_seconds,1758462037,9.911819511005888
derpp,ewc,elapsed_seconds,748737880,7.913757021015044
derpp,ewc,elapsed_seconds,1611510062,7.949332266987767
derpp,ewc,elapsed_seconds,333205446,8.166381235991139
derpp,ewc,elapsed_seconds,130501536,9.098288301989669
derpp,ewc,elapsed_seconds,492612040,8.622924894007156
derpp,ewc,learner_examples_processed,2101606466,-161280.0
derpp,ewc,learner_examples_processed,1872839281,-161280.0
derpp,ewc,learner_examples_processed,637029796,-161280.0
derpp,ewc,learner_examples_processed,1357204345,-161280.0
derpp,ewc,learner_examples_processed,1758462037,-161280.0
derpp,ewc,learner_examples_processed,748737880,-161280.0
derpp,ewc,learner_examples_processed,1611510062,-161280.0
derpp,ewc,learner_examples_processed,333205446,-161280.0
derpp,ewc,learner_examples_processed,130501536,-161280.0
derpp,ewc,learner_examples_processed,492612040,-161280.0
derpp,ewc,total_model_examples_processed,2101606466,-161280.0
derpp,ewc,total_model_examples_processed,1872839281,-161280.0
derpp,ewc,total_model_examples_processed,637029796,-161280.0
derpp,ewc,total_model_examples_processed,1357204345,-161280.0
derpp,ewc,total_model_examples_processed,1758462037,-161280.0
derpp,ewc,total_model_examples_processed,748737880,-161280.0
derpp,ewc,total_model_examples_processed,1611510062,-161280.0
derpp,ewc,total_model_examples_processed,333205446,-161280.0
derpp,ewc,total_model_examples_processed,130501536,-161280.0
derpp,ewc,total_model_examples_processed,492612040,-161280.0
derpp,ewc,estimated_total_flops,2101606466,-3519276266510.0
derpp,ewc,estimated_total_flops,1872839281,-3519276266510.0
derpp,ewc,estimated_total_flops,637029796,-3519276266510.0
derpp,ewc,estimated_total_flops,1357204345,-3519276266510.0
derpp,ewc,estimated_total_flops,1758462037,-3519276266510.0
derpp,ewc,estimated_total_flops,748737880,-3519276266510.0
derpp,ewc,estimated_total_flops,1611510062,-3519276266510.0
derpp,ewc,estimated_total_flops,333205446,-3519276266510.0
derpp,ewc,estimated_total_flops,130501536,-3519276266510.0
derpp,ewc,estimated_total_flops,492612040,-3519276266510.0
derpp,ewc,estimated_overhead_flops,2101606466,37079337970.0
derpp,ewc,estimated_overhead_flops,1872839281,37079337970.0
derpp,ewc,estimated_overhead_flops,637029796,37079337970.0
derpp,ewc,estimated_overhead_flops,1357204345,37079337970.0
derpp,ewc,estimated_overhead_flops,1758462037,37079337970.0
derpp,ewc,estimated_overhead_flops,748737880,37079337970.0
derpp,ewc,estimated_overhead_flops,1611510062,37079337970.0
derpp,ewc,estimated_overhead_flops,333205446,37079337970.0
derpp,ewc,estimated_overhead_flops,130501536,37079337970.0
derpp,ewc,estimated_overhead_flops,492612040,37079337970.0
derpp,ewc,replay_memory_bytes,2101606466,-2459200.0
derpp,ewc,replay_memory_bytes,1872839281,-2459200.0
derpp,ewc,replay_memory_bytes,637029796,-2459200.0
derpp,ewc,replay_memory_bytes,1357204345,-2459200.0
derpp,ewc,replay_memory_bytes,1758462037,-2459200.0
derpp,ewc,replay_memory_bytes,748737880,-2459200.0
derpp,ewc,replay_memory_bytes,1611510062,-2459200.0
derpp,ewc,replay_memory_bytes,333205446,-2459200.0
derpp,ewc,replay_memory_bytes,130501536,-2459200.0
derpp,ewc,replay_memory_bytes,492612040,-2459200.0
derpp,ewc,stored_logits_bytes,2101606466,-8000.0
derpp,ewc,stored_logits_bytes,1872839281,-8000.0
derpp,ewc,stored_logits_bytes,637029796,-8000.0
derpp,ewc,stored_logits_bytes,1357204345,-8000.0
derpp,ewc,stored_logits_bytes,1758462037,-8000.0
derpp,ewc,stored_logits_bytes,748737880,-8000.0
derpp,ewc,stored_logits_bytes,1611510062,-8000.0
derpp,ewc,stored_logits_bytes,333205446,-8000.0
derpp,ewc,stored_logits_bytes,130501536,-8000.0
derpp,ewc,stored_logits_bytes,492612040,-8000.0
derpp,si,final_average_accuracy,2101606466,-0.04169999999999999
derpp,si,final_average_accuracy,1872839281,-0.03210000000000002
derpp,si,final_average_accuracy,637029796,-0.053200000000000025
derpp,si,final_average_accuracy,1357204345,-0.04469999999999999
derpp,si,final_average_accuracy,1758462037,-0.05780000000000002
derpp,si,final_average_accuracy,748737880,-0.0446
derpp,si,final_average_accuracy,1611510062,-0.0547
derpp,si,final_average_accuracy,333205446,-0.05080000000000001
derpp,si,final_average_accuracy,130501536,-0.05890000000000001
derpp,si,final_average_accuracy,492612040,-0.0451
derpp,si,average_forgetting,2101606466,0.04899999999999993
derpp,si,average_forgetting,1872839281,0.03837500000000005
derpp,si,average_forgetting,637029796,0.05125000000000002
derpp,si,average_forgetting,1357204345,0.049250000000000016
derpp,si,average_forgetting,1758462037,0.06662499999999993
derpp,si,average_forgetting,748737880,0.04749999999999999
derpp,si,average_forgetting,1611510062,0.05962500000000004
derpp,si,average_forgetting,333205446,0.056375000000000064
derpp,si,average_forgetting,130501536,0.07425000000000004
derpp,si,average_forgetting,492612040,0.04949999999999999
derpp,si,backward_transfer,2101606466,-0.04899999999999993
derpp,si,backward_transfer,1872839281,-0.03837500000000005
derpp,si,backward_transfer,637029796,-0.05125000000000002
derpp,si,backward_transfer,1357204345,-0.049250000000000016
derpp,si,backward_transfer,1758462037,-0.06662499999999993
derpp,si,backward_transfer,748737880,-0.04749999999999999
derpp,si,backward_transfer,1611510062,-0.05962500000000004
derpp,si,backward_transfer,333205446,-0.056375000000000064
derpp,si,backward_transfer,130501536,-0.07425000000000004
derpp,si,backward_transfer,492612040,-0.04949999999999999
derpp,si,forward_transfer,2101606466,0.0
derpp,si,forward_transfer,1872839281,0.0008749999999999869
derpp,si,forward_transfer,637029796,0.0
derpp,si,forward_transfer,1357204345,0.0
derpp,si,forward_transfer,1758462037,-0.0001250000000000001
derpp,si,forward_transfer,748737880,-0.00012499999999998623
derpp,si,forward_transfer,1611510062,0.00012499999999998623
derpp,si,forward_transfer,333205446,0.0
derpp,si,forward_transfer,130501536,0.0
derpp,si,forward_transfer,492612040,0.0
derpp,si,task_aware_final_accuracy,2101606466,-0.01430000000000009
derpp,si,task_aware_final_accuracy,1872839281,-0.00979999999999992
derpp,si,task_aware_final_accuracy,637029796,-0.0695
derpp,si,task_aware_final_accuracy,1357204345,-0.00019999999999986695
derpp,si,task_aware_final_accuracy,1758462037,-0.015300000000000091
derpp,si,task_aware_final_accuracy,748737880,-0.03289999999999993
derpp,si,task_aware_final_accuracy,1611510062,-0.03189999999999993
derpp,si,task_aware_final_accuracy,333205446,-0.07869999999999999
derpp,si,task_aware_final_accuracy,130501536,-0.026900000000000035
derpp,si,task_aware_final_accuracy,492612040,-0.06510000000000016
derpp,si,task_aware_forgetting,2101606466,0.013999999999999985
derpp,si,task_aware_forgetting,1872839281,0.009000000000000036
derpp,si,task_aware_forgetting,637029796,0.07012500000000008
derpp,si,task_aware_forgetting,1357204345,-0.0072500000000000064
derpp,si,task_aware_forgetting,1758462037,0.01150000000000001
derpp,si,task_aware_forgetting,748737880,0.031624999999999986
derpp,si,task_aware_forgetting,1611510062,0.029874999999999985
derpp,si,task_aware_forgetting,333205446,0.09012499999999998
derpp,si,task_aware_forgetting,130501536,0.032875000000000015
derpp,si,task_aware_forgetting,492612040,0.07287499999999994
derpp,si,classifier_gap,2101606466,0.027399999999999924
derpp,si,classifier_gap,1872839281,0.022300000000000098
derpp,si,classifier_gap,637029796,-0.01629999999999998
derpp,si,classifier_gap,1357204345,0.04450000000000015
derpp,si,classifier_gap,1758462037,0.04249999999999993
derpp,si,classifier_gap,748737880,0.011700000000000044
derpp,si,classifier_gap,1611510062,0.022800000000000098
derpp,si,classifier_gap,333205446,-0.02789999999999998
derpp,si,classifier_gap,130501536,0.03199999999999997
derpp,si,classifier_gap,492612040,-0.02000000000000013
derpp,si,elapsed_seconds,2101606466,26.351001508010086
derpp,si,elapsed_seconds,1872839281,22.996362070000032
derpp,si,elapsed_seconds,637029796,22.92928052600473
derpp,si,elapsed_seconds,1357204345,23.503812447976088
derpp,si,elapsed_seconds,1758462037,23.598041107004974
derpp,si,elapsed_seconds,748737880,22.689465881034266
derpp,si,elapsed_seconds,1611510062,21.53379362396663
derpp,si,elapsed_seconds,333205446,22.108371792011894
derpp,si,elapsed_seconds,130501536,23.361292541987495
derpp,si,elapsed_seconds,492612040,22.614102027000627
derpp,si,learner_examples_processed,2101606466,-161280.0
derpp,si,learner_examples_processed,1872839281,-161280.0
derpp,si,learner_examples_processed,637029796,-161280.0
derpp,si,learner_examples_processed,1357204345,-161280.0
derpp,si,learner_examples_processed,1758462037,-161280.0
derpp,si,learner_examples_processed,748737880,-161280.0
derpp,si,learner_examples_processed,1611510062,-161280.0
derpp,si,learner_examples_processed,333205446,-161280.0
derpp,si,learner_examples_processed,130501536,-161280.0
derpp,si,learner_examples_processed,492612040,-161280.0
derpp,si,total_model_examples_processed,2101606466,-161280.0
derpp,si,total_model_examples_processed,1872839281,-161280.0
derpp,si,total_model_examples_processed,637029796,-161280.0
derpp,si,total_model_examples_processed,1357204345,-161280.0
derpp,si,total_model_examples_processed,1758462037,-161280.0
derpp,si,total_model_examples_processed,748737880,-161280.0
derpp,si,total_model_examples_processed,1611510062,-161280.0
derpp,si,total_model_examples_processed,333205446,-161280.0
derpp,si,total_model_examples_processed,130501536,-161280.0
derpp,si,total_model_examples_processed,492612040,-161280.0
derpp,si,estimated_total_flops,2101606466,-3484476471380.0
derpp,si,estimated_total_flops,1872839281,-3484476471380.0
derpp,si,estimated_total_flops,637029796,-3484476471380.0
derpp,si,estimated_total_flops,1357204345,-3484476471380.0
derpp,si,estimated_total_flops,1758462037,-3484476471380.0
derpp,si,estimated_total_flops,748737880,-3484476471380.0
derpp,si,estimated_total_flops,1611510062,-3484476471380.0
derpp,si,estimated_total_flops,333205446,-3484476471380.0
derpp,si,estimated_total_flops,130501536,-3484476471380.0
derpp,si,estimated_total_flops,492612040,-3484476471380.0
derpp,si,estimated_overhead_flops,2101606466,71879133100.0
derpp,si,estimated_overhead_flops,1872839281,71879133100.0
derpp,si,estimated_overhead_flops,637029796,71879133100.0
derpp,si,estimated_overhead_flops,1357204345,71879133100.0
derpp,si,estimated_overhead_flops,1758462037,71879133100.0
derpp,si,estimated_overhead_flops,748737880,71879133100.0
derpp,si,estimated_overhead_flops,1611510062,71879133100.0
derpp,si,estimated_overhead_flops,333205446,71879133100.0
derpp,si,estimated_overhead_flops,130501536,71879133100.0
derpp,si,estimated_overhead_flops,492612040,71879133100.0
derpp,si,replay_memory_bytes,2101606466,-2459200.0
derpp,si,replay_memory_bytes,1872839281,-2459200.0
derpp,si,replay_memory_bytes,637029796,-2459200.0
derpp,si,replay_memory_bytes,1357204345,-2459200.0
derpp,si,replay_memory_bytes,1758462037,-2459200.0
derpp,si,replay_memory_bytes,748737880,-2459200.0
derpp,si,replay_memory_bytes,1611510062,-2459200.0
derpp,si,replay_memory_bytes,333205446,-2459200.0
derpp,si,replay_memory_bytes,130501536,-2459200.0
derpp,si,replay_memory_bytes,492612040,-2459200.0
derpp,si,stored_logits_bytes,2101606466,-8000.0
derpp,si,stored_logits_bytes,1872839281,-8000.0
derpp,si,stored_logits_bytes,637029796,-8000.0
derpp,si,stored_logits_bytes,1357204345,-8000.0
derpp,si,stored_logits_bytes,1758462037,-8000.0
derpp,si,stored_logits_bytes,748737880,-8000.0
derpp,si,stored_logits_bytes,1611510062,-8000.0
derpp,si,stored_logits_bytes,333205446,-8000.0
derpp,si,stored_logits_bytes,130501536,-8000.0
derpp,si,stored_logits_bytes,492612040,-8000.0
derpp,lwf_calibrated,final_average_accuracy,2101606466,-0.04119999999999996
derpp,lwf_calibrated,final_average_accuracy,1872839281,-0.025999999999999995
derpp,lwf_calibrated,final_average_accuracy,637029796,-0.048600000000000004
derpp,lwf_calibrated,final_average_accuracy,1357204345,-0.046499999999999986
derpp,lwf_calibrated,final_average_accuracy,1758462037,-0.05780000000000002
derpp,lwf_calibrated,final_average_accuracy,748737880,-0.04250000000000001
derpp,lwf_calibrated,final_average_accuracy,1611510062,-0.0514
derpp,lwf_calibrated,final_average_accuracy,333205446,-0.04869999999999999
derpp,lwf_calibrated,final_average_accuracy,130501536,-0.058400000000000035
derpp,lwf_calibrated,final_average_accuracy,492612040,-0.048100000000000004
derpp,lwf_calibrated,average_forgetting,2101606466,0.055624999999999925
derpp,lwf_calibrated,average_forgetting,1872839281,0.03237500000000004
derpp,lwf_calibrated,average_forgetting,637029796,0.04850000000000021
derpp,lwf_calibrated,average_forgetting,1357204345,0.05237499999999995
derpp,lwf_calibrated,average_forgetting,1758462037,0.08000000000000007
derpp,lwf_calibrated,average_forgetting,748737880,0.04975000000000007
derpp,lwf_calibrated,average_forgetting,1611510062,0.06687500000000002
derpp,lwf_calibrated,average_forgetting,333205446,0.06374999999999997
derpp,lwf_calibrated,average_forgetting,130501536,0.07025000000000015
derpp,lwf_calibrated,average_forgetting,492612040,0.04962500000000003
derpp,lwf_calibrated,backward_transfer,2101606466,-0.055624999999999925
derpp,lwf_calibrated,backward_transfer,1872839281,-0.03237500000000004
derpp,lwf_calibrated,backward_transfer,637029796,-0.04850000000000021
derpp,lwf_calibrated,backward_transfer,1357204345,-0.05237499999999995
derpp,lwf_calibrated,backward_transfer,1758462037,-0.08000000000000007
derpp,lwf_calibrated,backward_transfer,748737880,-0.04975000000000007
derpp,lwf_calibrated,backward_transfer,1611510062,-0.06687500000000002
derpp,lwf_calibrated,backward_transfer,333205446,-0.06374999999999997
derpp,lwf_calibrated,backward_transfer,130501536,-0.07025000000000015
derpp,lwf_calibrated,backward_transfer,492612040,-0.04962500000000003
derpp,lwf_calibrated,forward_transfer,2101606466,0.0
derpp,lwf_calibrated,forward_transfer,1872839281,0.0
derpp,lwf_calibrated,forward_transfer,637029796,0.0
derpp,lwf_calibrated,forward_transfer,1357204345,0.0
derpp,lwf_calibrated,forward_transfer,1758462037,-0.0001250000000000001
derpp,lwf_calibrated,forward_transfer,748737880,-0.00012499999999998623
derpp,lwf_calibrated,forward_transfer,1611510062,0.0
derpp,lwf_calibrated,forward_transfer,333205446,0.0
derpp,lwf_calibrated,forward_transfer,130501536,0.0
derpp,lwf_calibrated,forward_transfer,492612040,0.0
derpp,lwf_calibrated,task_aware_final_accuracy,2101606466,0.05130000000000001
derpp,lwf_calibrated,task_aware_final_accuracy,1872839281,0.05569999999999997
derpp,lwf_calibrated,task_aware_final_accuracy,637029796,0.043099999999999916
derpp,lwf_calibrated,task_aware_final_accuracy,1357204345,0.03380000000000016
derpp,lwf_calibrated,task_aware_final_accuracy,1758462037,0.03859999999999997
derpp,lwf_calibrated,task_aware_final_accuracy,748737880,0.05690000000000006
derpp,lwf_calibrated,task_aware_final_accuracy,1611510062,-0.016900000000000026
derpp,lwf_calibrated,task_aware_final_accuracy,333205446,-0.0017000000000000348
derpp,lwf_calibrated,task_aware_final_accuracy,130501536,0.007299999999999973
derpp,lwf_calibrated,task_aware_final_accuracy,492612040,-0.021499999999999964
derpp,lwf_calibrated,task_aware_forgetting,2101606466,-0.05975
derpp,lwf_calibrated,task_aware_forgetting,1872839281,-0.07125000000000004
derpp,lwf_calibrated,task_aware_forgetting,637029796,-0.06762499999999996
derpp,lwf_calibrated,task_aware_forgetting,1357204345,-0.048125
derpp,lwf_calibrated,task_aware_forgetting,1758462037,-0.04249999999999998
derpp,lwf_calibrated,task_aware_forgetting,748737880,-0.07574999999999998
derpp,lwf_calibrated,task_aware_forgetting,1611510062,0.022499999999999992
derpp,lwf_calibrated,task_aware_forgetting,333205446,0.003874999999999962
derpp,lwf_calibrated,task_aware_forgetting,130501536,-0.012499999999999983
derpp,lwf_calibrated,task_aware_forgetting,492612040,0.014749999999999985
derpp,lwf_calibrated,classifier_gap,2101606466,0.09250000000000003
derpp,lwf_calibrated,classifier_gap,1872839281,0.0817
derpp,lwf_calibrated,classifier_gap,637029796,0.09169999999999995
derpp,lwf_calibrated,classifier_gap,1357204345,0.0803000000000002
derpp,lwf_calibrated,classifier_gap,1758462037,0.09639999999999993
derpp,lwf_calibrated,classifier_gap,748737880,0.09940000000000004
derpp,lwf_calibrated,classifier_gap,1611510062,0.03450000000000003
derpp,lwf_calibrated,classifier_gap,333205446,0.04699999999999993
derpp,lwf_calibrated,classifier_gap,130501536,0.06569999999999998
derpp,lwf_calibrated,classifier_gap,492612040,0.026600000000000068
derpp,lwf_calibrated,elapsed_seconds,2101606466,-5.070524236012716
derpp,lwf_calibrated,elapsed_seconds,1872839281,-5.431429246003972
derpp,lwf_calibrated,elapsed_seconds,637029796,-5.698168872972019
derpp,lwf_calibrated,elapsed_seconds,1357204345,-4.936499334027758
derpp,lwf_calibrated,elapsed_seconds,1758462037,-4.855567466991488
derpp,lwf_calibrated,elapsed_seconds,748737880,-6.656907140015392
derpp,lwf_calibrated,elapsed_seconds,1611510062,-6.845278926019091
derpp,lwf_calibrated,elapsed_seconds,333205446,-6.36480268399464
derpp,lwf_calibrated,elapsed_seconds,130501536,-5.177401753986487
derpp,lwf_calibrated,elapsed_seconds,492612040,-5.774025082995649
derpp,lwf_calibrated,learner_examples_processed,2101606466,-161280.0
derpp,lwf_calibrated,learner_examples_processed,1872839281,-161280.0
derpp,lwf_calibrated,learner_examples_processed,637029796,-161280.0
derpp,lwf_calibrated,learner_examples_processed,1357204345,-161280.0
derpp,lwf_calibrated,learner_examples_processed,1758462037,-161280.0
derpp,lwf_calibrated,learner_examples_processed,748737880,-161280.0
derpp,lwf_calibrated,learner_examples_processed,1611510062,-161280.0
derpp,lwf_calibrated,learner_examples_processed,333205446,-161280.0
derpp,lwf_calibrated,learner_examples_processed,130501536,-161280.0
derpp,lwf_calibrated,learner_examples_processed,492612040,-161280.0
derpp,lwf_calibrated,total_model_examples_processed,2101606466,161280.0
derpp,lwf_calibrated,total_model_examples_processed,1872839281,161280.0
derpp,lwf_calibrated,total_model_examples_processed,637029796,161280.0
derpp,lwf_calibrated,total_model_examples_processed,1357204345,161280.0
derpp,lwf_calibrated,total_model_examples_processed,1758462037,161280.0
derpp,lwf_calibrated,total_model_examples_processed,748737880,161280.0
derpp,lwf_calibrated,total_model_examples_processed,1611510062,161280.0
derpp,lwf_calibrated,total_model_examples_processed,333205446,161280.0
derpp,lwf_calibrated,total_model_examples_processed,130501536,161280.0
derpp,lwf_calibrated,total_model_examples_processed,492612040,161280.0
derpp,lwf_calibrated,estimated_total_flops,2101606466,-1185451868160.0
derpp,lwf_calibrated,estimated_total_flops,1872839281,-1185451868160.0
derpp,lwf_calibrated,estimated_total_flops,637029796,-1185451868160.0
derpp,lwf_calibrated,estimated_total_flops,1357204345,-1185451868160.0
derpp,lwf_calibrated,estimated_total_flops,1758462037,-1185451868160.0
derpp,lwf_calibrated,estimated_total_flops,748737880,-1185451868160.0
derpp,lwf_calibrated,estimated_total_flops,1611510062,-1185451868160.0
derpp,lwf_calibrated,estimated_total_flops,333205446,-1185451868160.0
derpp,lwf_calibrated,estimated_total_flops,130501536,-1185451868160.0
derpp,lwf_calibrated,estimated_total_flops,492612040,-1185451868160.0
derpp,lwf_calibrated,estimated_overhead_flops,2101606466,0.0
derpp,lwf_calibrated,estimated_overhead_flops,1872839281,0.0
derpp,lwf_calibrated,estimated_overhead_flops,637029796,0.0
derpp,lwf_calibrated,estimated_overhead_flops,1357204345,0.0
derpp,lwf_calibrated,estimated_overhead_flops,1758462037,0.0
derpp,lwf_calibrated,estimated_overhead_flops,748737880,0.0
derpp,lwf_calibrated,estimated_overhead_flops,1611510062,0.0
derpp,lwf_calibrated,estimated_overhead_flops,333205446,0.0
derpp,lwf_calibrated,estimated_overhead_flops,130501536,0.0
derpp,lwf_calibrated,estimated_overhead_flops,492612040,0.0
derpp,lwf_calibrated,replay_memory_bytes,2101606466,-2459200.0
derpp,lwf_calibrated,replay_memory_bytes,1872839281,-2459200.0
derpp,lwf_calibrated,replay_memory_bytes,637029796,-2459200.0
derpp,lwf_calibrated,replay_memory_bytes,1357204345,-2459200.0
derpp,lwf_calibrated,replay_memory_bytes,1758462037,-2459200.0
derpp,lwf_calibrated,replay_memory_bytes,748737880,-2459200.0
derpp,lwf_calibrated,replay_memory_bytes,1611510062,-2459200.0
derpp,lwf_calibrated,replay_memory_bytes,333205446,-2459200.0
derpp,lwf_calibrated,replay_memory_bytes,130501536,-2459200.0
derpp,lwf_calibrated,replay_memory_bytes,492612040,-2459200.0
derpp,lwf_calibrated,stored_logits_bytes,2101606466,-8000.0
derpp,lwf_calibrated,stored_logits_bytes,1872839281,-8000.0
derpp,lwf_calibrated,stored_logits_bytes,637029796,-8000.0
derpp,lwf_calibrated,stored_logits_bytes,1357204345,-8000.0
derpp,lwf_calibrated,stored_logits_bytes,1758462037,-8000.0
derpp,lwf_calibrated,stored_logits_bytes,748737880,-8000.0
derpp,lwf_calibrated,stored_logits_bytes,1611510062,-8000.0
derpp,lwf_calibrated,stored_logits_bytes,333205446,-8000.0
derpp,lwf_calibrated,stored_logits_bytes,130501536,-8000.0
derpp,lwf_calibrated,stored_logits_bytes,492612040,-8000.0
derpp,replay_balanced,final_average_accuracy,2101606466,-0.01119999999999996
derpp,replay_balanced,final_average_accuracy,1872839281,-0.0017999999999999683
derpp,replay_balanced,final_average_accuracy,637029796,-0.010599999999999998
derpp,replay_balanced,final_average_accuracy,1357204345,-0.021600000000000008
derpp,replay_balanced,final_average_accuracy,1758462037,-0.018600000000000005
derpp,replay_balanced,final_average_accuracy,748737880,-0.005900000000000016
derpp,replay_balanced,final_average_accuracy,1611510062,-0.017199999999999993
derpp,replay_balanced,final_average_accuracy,333205446,-0.0242
derpp,replay_balanced,final_average_accuracy,130501536,-0.03470000000000001
derpp,replay_balanced,final_average_accuracy,492612040,-0.015300000000000008
derpp,replay_balanced,average_forgetting,2101606466,0.010374999999999912
derpp,replay_balanced,average_forgetting,1872839281,-0.005124999999999935
derpp,replay_balanced,average_forgetting,637029796,0.0021250000000001545
derpp,replay_balanced,average_forgetting,1357204345,0.023625000000000007
derpp,replay_balanced,average_forgetting,1758462037,0.025125000000000064
derpp,replay_balanced,average_forgetting,748737880,0.0022499999999999742
derpp,replay_balanced,average_forgetting,1611510062,0.017625000000000002
derpp,replay_balanced,average_forgetting,333205446,0.014125000000000054
derpp,replay_balanced,average_forgetting,130501536,0.0378750000000001
derpp,replay_balanced,average_forgetting,492612040,0.01012499999999994
derpp,replay_balanced,backward_transfer,2101606466,-0.010374999999999912
derpp,replay_balanced,backward_transfer,1872839281,0.005124999999999935
derpp,replay_balanced,backward_transfer,637029796,-0.0021250000000001545
derpp,replay_balanced,backward_transfer,1357204345,-0.023625000000000007
derpp,replay_balanced,backward_transfer,1758462037,-0.025125000000000064
derpp,replay_balanced,backward_transfer,748737880,-0.0022499999999999742
derpp,replay_balanced,backward_transfer,1611510062,-0.017625000000000002
derpp,replay_balanced,backward_transfer,333205446,-0.014125000000000054
derpp,replay_balanced,backward_transfer,130501536,-0.0378750000000001
derpp,replay_balanced,backward_transfer,492612040,-0.01012499999999994
derpp,replay_balanced,forward_transfer,2101606466,0.0008750000000000008
derpp,replay_balanced,forward_transfer,1872839281,0.00037499999999998646
derpp,replay_balanced,forward_transfer,637029796,0.0
derpp,replay_balanced,forward_transfer,1357204345,0.0
derpp,replay_balanced,forward_transfer,1758462037,-0.0001250000000000001
derpp,replay_balanced,forward_transfer,748737880,-0.00012499999999998623
derpp,replay_balanced,forward_transfer,1611510062,0.0005000000000000004
derpp,replay_balanced,forward_transfer,333205446,0.0
derpp,replay_balanced,forward_transfer,130501536,0.0027500000000000024
derpp,replay_balanced,forward_transfer,492612040,0.0
derpp,replay_balanced,task_aware_final_accuracy,2101606466,0.047700000000000076
derpp,replay_balanced,task_aware_final_accuracy,1872839281,0.0393
derpp,replay_balanced,task_aware_final_accuracy,637029796,0.042200000000000015
derpp,replay_balanced,task_aware_final_accuracy,1357204345,0.020800000000000263
derpp,replay_balanced,task_aware_final_accuracy,1758462037,0.011600000000000055
derpp,replay_balanced,task_aware_final_accuracy,748737880,0.0867
derpp,replay_balanced,task_aware_final_accuracy,1611510062,0.011300000000000088
derpp,replay_balanced,task_aware_final_accuracy,333205446,0.022600000000000064
derpp,replay_balanced,task_aware_final_accuracy,130501536,0.041000000000000036
derpp,replay_balanced,task_aware_final_accuracy,492612040,0.036499999999999866
derpp,replay_balanced,task_aware_forgetting,2101606466,-0.063
derpp,replay_balanced,task_aware_forgetting,1872839281,-0.055375000000000035
derpp,replay_balanced,task_aware_forgetting,637029796,-0.06374999999999997
derpp,replay_balanced,task_aware_forgetting,1357204345,-0.028500000000000025
derpp,replay_balanced,task_aware_forgetting,1758462037,-0.012500000000000011
derpp,replay_balanced,task_aware_forgetting,748737880,-0.112375
derpp,replay_balanced,task_aware_forgetting,1611510062,-0.017250000000000043
derpp,replay_balanced,task_aware_forgetting,333205446,-0.04400000000000001
derpp,replay_balanced,task_aware_forgetting,130501536,-0.05637500000000001
derpp,replay_balanced,task_aware_forgetting,492612040,-0.053875000000000034
derpp,replay_balanced,classifier_gap,2101606466,0.05890000000000006
derpp,replay_balanced,classifier_gap,1872839281,0.041099999999999914
derpp,replay_balanced,classifier_gap,637029796,0.052800000000000014
derpp,replay_balanced,classifier_gap,1357204345,0.04240000000000027
derpp,replay_balanced,classifier_gap,1758462037,0.03020000000000006
derpp,replay_balanced,classifier_gap,748737880,0.09260000000000002
derpp,replay_balanced,classifier_gap,1611510062,0.028500000000000025
derpp,replay_balanced,classifier_gap,333205446,0.046800000000000064
derpp,replay_balanced,classifier_gap,130501536,0.07569999999999999
derpp,replay_balanced,classifier_gap,492612040,0.051799999999999846
derpp,replay_balanced,elapsed_seconds,2101606466,0.19063007200020365
derpp,replay_balanced,elapsed_seconds,1872839281,0.13705512700835243
derpp,replay_balanced,elapsed_seconds,637029796,-0.3975900149962399
derpp,replay_balanced,elapsed_seconds,1357204345,1.0601291420171037
derpp,replay_balanced,elapsed_seconds,1758462037,1.4039021659991704
derpp,replay_balanced,elapsed_seconds,748737880,-1.046690643997863
derpp,replay_balanced,elapsed_seconds,1611510062,-1.0543005290383007
derpp,replay_balanced,elapsed_seconds,333205446,-1.4226473649905529
derpp,replay_balanced,elapsed_seconds,130501536,0.06155433098319918
derpp,replay_balanced,elapsed_seconds,492612040,-0.46518406399991363
derpp,replay_balanced,learner_examples_processed,2101606466,0.0
derpp,replay_balanced,learner_examples_processed,1872839281,0.0
derpp,replay_balanced,learner_examples_processed,637029796,0.0
derpp,replay_balanced,learner_examples_processed,1357204345,0.0
derpp,replay_balanced,learner_examples_processed,1758462037,0.0
derpp,replay_balanced,learner_examples_processed,748737880,0.0
derpp,replay_balanced,learner_examples_processed,1611510062,0.0
derpp,replay_balanced,learner_examples_processed,333205446,0.0
derpp,replay_balanced,learner_examples_processed,130501536,0.0
derpp,replay_balanced,learner_examples_processed,492612040,0.0
derpp,replay_balanced,total_model_examples_processed,2101606466,0.0
derpp,replay_balanced,total_model_examples_processed,1872839281,0.0
derpp,replay_balanced,total_model_examples_processed,637029796,0.0
derpp,replay_balanced,total_model_examples_processed,1357204345,0.0
derpp,replay_balanced,total_model_examples_processed,1758462037,0.0
derpp,replay_balanced,total_model_examples_processed,748737880,0.0
derpp,replay_balanced,total_model_examples_processed,1611510062,0.0
derpp,replay_balanced,total_model_examples_processed,333205446,0.0
derpp,replay_balanced,total_model_examples_processed,130501536,0.0
derpp,replay_balanced,total_model_examples_processed,492612040,0.0
derpp,replay_balanced,estimated_total_flops,2101606466,0.0
derpp,replay_balanced,estimated_total_flops,1872839281,0.0
derpp,replay_balanced,estimated_total_flops,637029796,0.0
derpp,replay_balanced,estimated_total_flops,1357204345,0.0
derpp,replay_balanced,estimated_total_flops,1758462037,0.0
derpp,replay_balanced,estimated_total_flops,748737880,0.0
derpp,replay_balanced,estimated_total_flops,1611510062,0.0
derpp,replay_balanced,estimated_total_flops,333205446,0.0
derpp,replay_balanced,estimated_total_flops,130501536,0.0
derpp,replay_balanced,estimated_total_flops,492612040,0.0
derpp,replay_balanced,estimated_overhead_flops,2101606466,0.0
derpp,replay_balanced,estimated_overhead_flops,1872839281,0.0
derpp,replay_balanced,estimated_overhead_flops,637029796,0.0
derpp,replay_balanced,estimated_overhead_flops,1357204345,0.0
derpp,replay_balanced,estimated_overhead_flops,1758462037,0.0
derpp,replay_balanced,estimated_overhead_flops,748737880,0.0
derpp,replay_balanced,estimated_overhead_flops,1611510062,0.0
derpp,replay_balanced,estimated_overhead_flops,333205446,0.0
derpp,replay_balanced,estimated_overhead_flops,130501536,0.0
derpp,replay_balanced,estimated_overhead_flops,492612040,0.0
derpp,replay_balanced,replay_memory_bytes,2101606466,0.0
derpp,replay_balanced,replay_memory_bytes,1872839281,0.0
derpp,replay_balanced,replay_memory_bytes,637029796,0.0
derpp,replay_balanced,replay_memory_bytes,1357204345,0.0
derpp,replay_balanced,replay_memory_bytes,1758462037,0.0
derpp,replay_balanced,replay_memory_bytes,748737880,0.0
derpp,replay_balanced,replay_memory_bytes,1611510062,0.0
derpp,replay_balanced,replay_memory_bytes,333205446,0.0
derpp,replay_balanced,replay_memory_bytes,130501536,0.0
derpp,replay_balanced,replay_memory_bytes,492612040,0.0
derpp,replay_balanced,stored_logits_bytes,2101606466,-8000.0
derpp,replay_balanced,stored_logits_bytes,1872839281,-8000.0
derpp,replay_balanced,stored_logits_bytes,637029796,-8000.0
derpp,replay_balanced,stored_logits_bytes,1357204345,-8000.0
derpp,replay_balanced,stored_logits_bytes,1758462037,-8000.0
derpp,replay_balanced,stored_logits_bytes,748737880,-8000.0
derpp,replay_balanced,stored_logits_bytes,1611510062,-8000.0
derpp,replay_balanced,stored_logits_bytes,333205446,-8000.0
derpp,replay_balanced,stored_logits_bytes,130501536,-8000.0
derpp,replay_balanced,stored_logits_bytes,492612040,-8000.0
derpp,replay_more_epochs,final_average_accuracy,2101606466,-0.011699999999999988
derpp,replay_more_epochs,final_average_accuracy,1872839281,0.0005000000000000004
derpp,replay_more_epochs,final_average_accuracy,637029796,-0.011600000000000027
derpp,replay_more_epochs,final_average_accuracy,1357204345,-0.006399999999999989
derpp,replay_more_epochs,final_average_accuracy,1758462037,-0.03430000000000005
derpp,replay_more_epochs,final_average_accuracy,748737880,-0.01789999999999997
derpp,replay_more_epochs,final_average_accuracy,1611510062,-0.023399999999999976
derpp,replay_more_epochs,final_average_accuracy,333205446,-0.016699999999999993
derpp,replay_more_epochs,final_average_accuracy,130501536,-0.020500000000000018
derpp,replay_more_epochs,final_average_accuracy,492612040,-0.020900000000000002
derpp,replay_more_epochs,average_forgetting,2101606466,0.009874999999999856
derpp,replay_more_epochs,average_forgetting,1872839281,0.0007500000000000284
derpp,replay_more_epochs,average_forgetting,637029796,0.002375000000000016
derpp,replay_more_epochs,average_forgetting,1357204345,0.007249999999999868
derpp,replay_more_epochs,average_forgetting,1758462037,0.040000000000000036
derpp,replay_more_epochs,average_forgetting,748737880,0.01012500000000005
derpp,replay_more_epochs,average_forgetting,1611510062,0.029000000000000026
derpp,replay_more_epochs,average_forgetting,333205446,0.013374999999999915
derpp,replay_more_epochs,average_forgetting,130501536,0.015250000000000208
derpp,replay_more_epochs,average_forgetting,492612040,0.010500000000000065
derpp,replay_more_epochs,backward_transfer,2101606466,-0.009874999999999856
derpp,replay_more_epochs,backward_transfer,1872839281,-0.0007500000000000284
derpp,replay_more_epochs,backward_transfer,637029796,-0.002375000000000016
derpp,replay_more_epochs,backward_transfer,1357204345,-0.007249999999999868
derpp,replay_more_epochs,backward_transfer,1758462037,-0.040000000000000036
derpp,replay_more_epochs,backward_transfer,748737880,-0.01012500000000005
derpp,replay_more_epochs,backward_transfer,1611510062,-0.029000000000000026
derpp,replay_more_epochs,backward_transfer,333205446,-0.013374999999999915
derpp,replay_more_epochs,backward_transfer,130501536,-0.015250000000000208
derpp,replay_more_epochs,backward_transfer,492612040,-0.010500000000000065
derpp,replay_more_epochs,forward_transfer,2101606466,-0.00462499999999999
derpp,replay_more_epochs,forward_transfer,1872839281,0.00462499999999999
derpp,replay_more_epochs,forward_transfer,637029796,-0.009624999999999995
derpp,replay_more_epochs,forward_transfer,1357204345,-0.0011250000000000149
derpp,replay_more_epochs,forward_transfer,1758462037,0.017124999999999994
derpp,replay_more_epochs,forward_transfer,748737880,-0.0028749999999999887
derpp,replay_more_epochs,forward_transfer,1611510062,0.007624999999999993
derpp,replay_more_epochs,forward_transfer,333205446,-0.002124999999999988
derpp,replay_more_epochs,forward_transfer,130501536,-0.020374999999999976
derpp,replay_more_epochs,forward_transfer,492612040,-0.0021250000000000158
derpp,replay_more_epochs,task_aware_final_accuracy,2101606466,0.03179999999999994
derpp,replay_more_epochs,task_aware_final_accuracy,1872839281,0.027800000000000047
derpp,replay_more_epochs,task_aware_final_accuracy,637029796,0.014000000000000012
derpp,replay_more_epochs,task_aware_final_accuracy,1357204345,0.03430000000000022
derpp,replay_more_epochs,task_aware_final_accuracy,1758462037,0.0010000000000000009
derpp,replay_more_epochs,task_aware_final_accuracy,748737880,0.05929999999999991
derpp,replay_more_epochs,task_aware_final_accuracy,1611510062,-0.016100000000000003
derpp,replay_more_epochs,task_aware_final_accuracy,333205446,-0.02090000000000003
derpp,replay_more_epochs,task_aware_final_accuracy,130501536,0.010999999999999899
derpp,replay_more_epochs,task_aware_final_accuracy,492612040,0.0044999999999999485
derpp,replay_more_epochs,task_aware_forgetting,2101606466,-0.04225000000000001
derpp,replay_more_epochs,task_aware_forgetting,1872839281,-0.03300000000000003
derpp,replay_more_epochs,task_aware_forgetting,637029796,-0.026374999999999982
derpp,replay_more_epochs,task_aware_forgetting,1357204345,-0.04300000000000004
derpp,replay_more_epochs,task_aware_forgetting,1758462037,-0.0038749999999999896
derpp,replay_more_epochs,task_aware_forgetting,748737880,-0.08612499999999995
derpp,replay_more_epochs,task_aware_forgetting,1611510062,0.01999999999999999
derpp,replay_more_epochs,task_aware_forgetting,333205446,0.02037499999999995
derpp,replay_more_epochs,task_aware_forgetting,130501536,-0.023625000000000007
derpp,replay_more_epochs,task_aware_forgetting,492612040,-0.021125000000000005
derpp,replay_more_epochs,classifier_gap,2101606466,0.04349999999999998
derpp,replay_more_epochs,classifier_gap,1872839281,0.027300000000000046
derpp,replay_more_epochs,classifier_gap,637029796,0.02560000000000001
derpp,replay_more_epochs,classifier_gap,1357204345,0.040700000000000236
derpp,replay_more_epochs,classifier_gap,1758462037,0.035300000000000054
derpp,replay_more_epochs,classifier_gap,748737880,0.07719999999999982
derpp,replay_more_epochs,classifier_gap,1611510062,0.007299999999999973
derpp,replay_more_epochs,classifier_gap,333205446,-0.004200000000000037
derpp,replay_more_epochs,classifier_gap,130501536,0.03149999999999992
derpp,replay_more_epochs,classifier_gap,492612040,0.025399999999999978
derpp,replay_more_epochs,elapsed_seconds,2101606466,51.26490396700683
derpp,replay_more_epochs,elapsed_seconds,1872839281,50.4070634469972
derpp,replay_more_epochs,elapsed_seconds,637029796,49.104602042003535
derpp,replay_more_epochs,elapsed_seconds,1357204345,51.37833426299039
derpp,replay_more_epochs,elapsed_seconds,1758462037,52.00587692100089
derpp,replay_more_epochs,elapsed_seconds,748737880,49.429514096002094
derpp,replay_more_epochs,elapsed_seconds,1611510062,49.84698626599857
derpp,replay_more_epochs,elapsed_seconds,333205446,48.64805982200778
derpp,replay_more_epochs,elapsed_seconds,130501536,50.19813181398786
derpp,replay_more_epochs,elapsed_seconds,492612040,49.02913570398232
derpp,replay_more_epochs,learner_examples_processed,2101606466,564480.0
derpp,replay_more_epochs,learner_examples_processed,1872839281,564480.0
derpp,replay_more_epochs,learner_examples_processed,637029796,564480.0
derpp,replay_more_epochs,learner_examples_processed,1357204345,564480.0
derpp,replay_more_epochs,learner_examples_processed,1758462037,564480.0
derpp,replay_more_epochs,learner_examples_processed,748737880,564480.0
derpp,replay_more_epochs,learner_examples_processed,1611510062,564480.0
derpp,replay_more_epochs,learner_examples_processed,333205446,564480.0
derpp,replay_more_epochs,learner_examples_processed,130501536,564480.0
derpp,replay_more_epochs,learner_examples_processed,492612040,564480.0
derpp,replay_more_epochs,total_model_examples_processed,2101606466,564480.0
derpp,replay_more_epochs,total_model_examples_processed,1872839281,564480.0
derpp,replay_more_epochs,total_model_examples_processed,637029796,564480.0
derpp,replay_more_epochs,total_model_examples_processed,1357204345,564480.0
derpp,replay_more_epochs,total_model_examples_processed,1758462037,564480.0
derpp,replay_more_epochs,total_model_examples_processed,748737880,564480.0
derpp,replay_more_epochs,total_model_examples_processed,1611510062,564480.0
derpp,replay_more_epochs,total_model_examples_processed,333205446,564480.0
derpp,replay_more_epochs,total_model_examples_processed,130501536,564480.0
derpp,replay_more_epochs,total_model_examples_processed,492612040,564480.0
derpp,replay_more_epochs,estimated_total_flops,2101606466,12447244615680.0
derpp,replay_more_epochs,estimated_total_flops,1872839281,12447244615680.0
derpp,replay_more_epochs,estimated_total_flops,637029796,12447244615680.0
derpp,replay_more_epochs,estimated_total_flops,1357204345,12447244615680.0
derpp,replay_more_epochs,estimated_total_flops,1758462037,12447244615680.0
derpp,replay_more_epochs,estimated_total_flops,748737880,12447244615680.0
derpp,replay_more_epochs,estimated_total_flops,1611510062,12447244615680.0
derpp,replay_more_epochs,estimated_total_flops,333205446,12447244615680.0
derpp,replay_more_epochs,estimated_total_flops,130501536,12447244615680.0
derpp,replay_more_epochs,estimated_total_flops,492612040,12447244615680.0
derpp,replay_more_epochs,estimated_overhead_flops,2101606466,0.0
derpp,replay_more_epochs,estimated_overhead_flops,1872839281,0.0
derpp,replay_more_epochs,estimated_overhead_flops,637029796,0.0
derpp,replay_more_epochs,estimated_overhead_flops,1357204345,0.0
derpp,replay_more_epochs,estimated_overhead_flops,1758462037,0.0
derpp,replay_more_epochs,estimated_overhead_flops,748737880,0.0
derpp,replay_more_epochs,estimated_overhead_flops,1611510062,0.0
derpp,replay_more_epochs,estimated_overhead_flops,333205446,0.0
derpp,replay_more_epochs,estimated_overhead_flops,130501536,0.0
derpp,replay_more_epochs,estimated_overhead_flops,492612040,0.0
derpp,replay_more_epochs,replay_memory_bytes,2101606466,0.0
derpp,replay_more_epochs,replay_memory_bytes,1872839281,0.0
derpp,replay_more_epochs,replay_memory_bytes,637029796,0.0
derpp,replay_more_epochs,replay_memory_bytes,1357204345,0.0
derpp,replay_more_epochs,replay_memory_bytes,1758462037,0.0
derpp,replay_more_epochs,replay_memory_bytes,748737880,0.0
derpp,replay_more_epochs,replay_memory_bytes,1611510062,0.0
derpp,replay_more_epochs,replay_memory_bytes,333205446,0.0
derpp,replay_more_epochs,replay_memory_bytes,130501536,0.0
derpp,replay_more_epochs,replay_memory_bytes,492612040,0.0
derpp,replay_more_epochs,stored_logits_bytes,2101606466,-8000.0
derpp,replay_more_epochs,stored_logits_bytes,1872839281,-8000.0
derpp,replay_more_epochs,stored_logits_bytes,637029796,-8000.0
derpp,replay_more_epochs,stored_logits_bytes,1357204345,-8000.0
derpp,replay_more_epochs,stored_logits_bytes,1758462037,-8000.0
derpp,replay_more_epochs,stored_logits_bytes,748737880,-8000.0
derpp,replay_more_epochs,stored_logits_bytes,1611510062,-8000.0
derpp,replay_more_epochs,stored_logits_bytes,333205446,-8000.0
derpp,replay_more_epochs,stored_logits_bytes,130501536,-8000.0
derpp,replay_more_epochs,stored_logits_bytes,492612040,-8000.0
derpp,slowheat_replay_hidden_beta_30_budget_0.25,final_average_accuracy,2101606466,-0.00649999999999995
derpp,slowheat_replay_hidden_beta_30_budget_0.25,final_average_accuracy,1872839281,-0.00020000000000000573
derpp,slowheat_replay_hidden_beta_30_budget_0.25,final_average_accuracy,637029796,-0.012200000000000044
derpp,slowheat_replay_hidden_beta_30_budget_0.25,final_average_accuracy,1357204345,-0.017599999999999977
derpp,slowheat_replay_hidden_beta_30_budget_0.25,final_average_accuracy,1758462037,-0.030000000000000027
derpp,slowheat_replay_hidden_beta_30_budget_0.25,final_average_accuracy,748737880,-0.010299999999999976
derpp,slowheat_replay_hidden_beta_30_budget_0.25,final_average_accuracy,1611510062,-0.019399999999999973
derpp,slowheat_replay_hidden_beta_30_budget_0.25,final_average_accuracy,333205446,-0.023799999999999988
derpp,slowheat_replay_hidden_beta_30_budget_0.25,final_average_accuracy,130501536,-0.02880000000000002
derpp,slowheat_replay_hidden_beta_30_budget_0.25,final_average_accuracy,492612040,-0.01930000000000001
derpp,slowheat_replay_hidden_beta_30_budget_0.25,average_forgetting,2101606466,0.013374999999999915
derpp,slowheat_replay_hidden_beta_30_budget_0.25,average_forgetting,1872839281,-0.007249999999999979
derpp,slowheat_replay_hidden_beta_30_budget_0.25,average_forgetting,637029796,0.004625000000000101
derpp,slowheat_replay_hidden_beta_30_budget_0.25,average_forgetting,1357204345,0.02849999999999986
derpp,slowheat_replay_hidden_beta_30_budget_0.25,average_forgetting,1758462037,0.036250000000000004
derpp,slowheat_replay_hidden_beta_30_budget_0.25,average_forgetting,748737880,0.005124999999999935
derpp,slowheat_replay_hidden_beta_30_budget_0.25,average_forgetting,1611510062,0.02224999999999988
derpp,slowheat_replay_hidden_beta_30_budget_0.25,average_forgetting,333205446,0.025374999999999925
derpp,slowheat_replay_hidden_beta_30_budget_0.25,average_forgetting,130501536,0.02937500000000015
derpp,slowheat_replay_hidden_beta_30_budget_0.25,average_forgetting,492612040,0.014624999999999999
derpp,slowheat_replay_hidden_beta_30_budget_0.25,backward_transfer,2101606466,-0.013374999999999915
derpp,slowheat_replay_hidden_beta_30_budget_0.25,backward_transfer,1872839281,0.007249999999999979
derpp,slowheat_replay_hidden_beta_30_budget_0.25,backward_transfer,637029796,-0.004625000000000101
derpp,slowheat_replay_hidden_beta_30_budget_0.25,backward_transfer,1357204345,-0.02849999999999986
derpp,slowheat_replay_hidden_beta_30_budget_0.25,backward_transfer,1758462037,-0.036250000000000004
derpp,slowheat_replay_hidden_beta_30_budget_0.25,backward_transfer,748737880,-0.005124999999999935
derpp,slowheat_replay_hidden_beta_30_budget_0.25,backward_transfer,1611510062,-0.02224999999999988
derpp,slowheat_replay_hidden_beta_30_budget_0.25,backward_transfer,333205446,-0.025374999999999925
derpp,slowheat_replay_hidden_beta_30_budget_0.25,backward_transfer,130501536,-0.02937500000000015
derpp,slowheat_replay_hidden_beta_30_budget_0.25,backward_transfer,492612040,-0.014624999999999999
derpp,slowheat_replay_hidden_beta_30_budget_0.25,forward_transfer,2101606466,-0.006000000000000005
derpp,slowheat_replay_hidden_beta_30_budget_0.25,forward_transfer,1872839281,0.00037499999999998646
derpp,slowheat_replay_hidden_beta_30_budget_0.25,forward_transfer,637029796,-0.007000000000000006
derpp,slowheat_replay_hidden_beta_30_budget_0.25,forward_transfer,1357204345,0.02149999999999999
derpp,slowheat_replay_hidden_beta_30_budget_0.25,forward_transfer,1758462037,0.014124999999999999
derpp,slowheat_replay_hidden_beta_30_budget_0.25,forward_transfer,748737880,0.007000000000000006
derpp,slowheat_replay_hidden_beta_30_budget_0.25,forward_transfer,1611510062,0.0018750000000000155
derpp,slowheat_replay_hidden_beta_30_budget_0.25,forward_transfer,333205446,-0.008124999999999993
derpp,slowheat_replay_hidden_beta_30_budget_0.25,forward_transfer,130501536,-0.023749999999999993
derpp,slowheat_replay_hidden_beta_30_budget_0.25,forward_transfer,492612040,0.0012500000000000011
derpp,slowheat_replay_hidden_beta_30_budget_0.25,task_aware_final_accuracy,2101606466,0.06249999999999989
derpp,slowheat_replay_hidden_beta_30_budget_0.25,task_aware_final_accuracy,1872839281,0.05790000000000006
derpp,slowheat_replay_hidden_beta_30_budget_0.25,task_aware_final_accuracy,637029796,0.020600000000000063
derpp,slowheat_replay_hidden_beta_30_budget_0.25,task_aware_final_accuracy,1357204345,0.04320000000000024
derpp,slowheat_replay_hidden_beta_30_budget_0.25,task_aware_final_accuracy,1758462037,0.03979999999999995
derpp,slowheat_replay_hidden_beta_30_budget_0.25,task_aware_final_accuracy,748737880,0.08509999999999995
derpp,slowheat_replay_hidden_beta_30_budget_0.25,task_aware_final_accuracy,1611510062,0.036800000000000055
derpp,slowheat_replay_hidden_beta_30_budget_0.25,task_aware_final_accuracy,333205446,0.012199999999999878
derpp,slowheat_replay_hidden_beta_30_budget_0.25,task_aware_final_accuracy,130501536,0.020299999999999874
derpp,slowheat_replay_hidden_beta_30_budget_0.25,task_aware_final_accuracy,492612040,0.04489999999999994
derpp,slowheat_replay_hidden_beta_30_budget_0.25,task_aware_forgetting,2101606466,-0.07275000000000001
derpp,slowheat_replay_hidden_beta_30_budget_0.25,task_aware_forgetting,1872839281,-0.07949999999999999
derpp,slowheat_replay_hidden_beta_30_budget_0.25,task_aware_forgetting,637029796,-0.035750000000000004
derpp,slowheat_replay_hidden_beta_30_budget_0.25,task_aware_forgetting,1357204345,-0.04675000000000004
derpp,slowheat_replay_hidden_beta_30_budget_0.25,task_aware_forgetting,1758462037,-0.05137499999999995
derpp,slowheat_replay_hidden_beta_30_budget_0.25,task_aware_forgetting,748737880,-0.11374999999999999
derpp,slowheat_replay_hidden_beta_30_budget_0.25,task_aware_forgetting,1611510062,-0.047750000000000015
derpp,slowheat_replay_hidden_beta_30_budget_0.25,task_aware_forgetting,333205446,-0.01912500000000006
derpp,slowheat_replay_hidden_beta_30_budget_0.25,task_aware_forgetting,130501536,-0.03087500000000004
derpp,slowheat_replay_hidden_beta_30_budget_0.25,task_aware_forgetting,492612040,-0.06512500000000002
derpp,slowheat_replay_hidden_beta_30_budget_0.25,classifier_gap,2101606466,0.06899999999999984
derpp,slowheat_replay_hidden_beta_30_budget_0.25,classifier_gap,1872839281,0.05810000000000004
derpp,slowheat_replay_hidden_beta_30_budget_0.25,classifier_gap,637029796,0.03280000000000011
derpp,slowheat_replay_hidden_beta_30_budget_0.25,classifier_gap,1357204345,0.06080000000000024
derpp,slowheat_replay_hidden_beta_30_budget_0.25,classifier_gap,1758462037,0.06979999999999997
derpp,slowheat_replay_hidden_beta_30_budget_0.25,classifier_gap,748737880,0.09539999999999993
derpp,slowheat_replay_hidden_beta_30_budget_0.25,classifier_gap,1611510062,0.05620000000000008
derpp,slowheat_replay_hidden_beta_30_budget_0.25,classifier_gap,333205446,0.03599999999999992
derpp,slowheat_replay_hidden_beta_30_budget_0.25,classifier_gap,130501536,0.04909999999999992
derpp,slowheat_replay_hidden_beta_30_budget_0.25,classifier_gap,492612040,0.06419999999999992
derpp,slowheat_replay_hidden_beta_30_budget_0.25,elapsed_seconds,2101606466,73.99599952998688
derpp,slowheat_replay_hidden_beta_30_budget_0.25,elapsed_seconds,1872839281,48.7328075490077
derpp,slowheat_replay_hidden_beta_30_budget_0.25,elapsed_seconds,637029796,57.921632187993964
derpp,slowheat_replay_hidden_beta_30_budget_0.25,elapsed_seconds,1357204345,54.636995859007584
derpp,slowheat_replay_hidden_beta_30_budget_0.25,elapsed_seconds,1758462037,49.8884659059986
derpp,slowheat_replay_hidden_beta_30_budget_0.25,elapsed_seconds,748737880,57.472921684005996
derpp,slowheat_replay_hidden_beta_30_budget_0.25,elapsed_seconds,1611510062,69.51119828398805
derpp,slowheat_replay_hidden_beta_30_budget_0.25,elapsed_seconds,333205446,47.75120765299653
derpp,slowheat_replay_hidden_beta_30_budget_0.25,elapsed_seconds,130501536,79.73615286298445
derpp,slowheat_replay_hidden_beta_30_budget_0.25,elapsed_seconds,492612040,47.64545938899391
derpp,slowheat_replay_hidden_beta_30_budget_0.25,learner_examples_processed,2101606466,0.0
derpp,slowheat_replay_hidden_beta_30_budget_0.25,learner_examples_processed,1872839281,0.0
derpp,slowheat_replay_hidden_beta_30_budget_0.25,learner_examples_processed,637029796,0.0
derpp,slowheat_replay_hidden_beta_30_budget_0.25,learner_examples_processed,1357204345,0.0
derpp,slowheat_replay_hidden_beta_30_budget_0.25,learner_examples_processed,1758462037,0.0
derpp,slowheat_replay_hidden_beta_30_budget_0.25,learner_examples_processed,748737880,0.0
derpp,slowheat_replay_hidden_beta_30_budget_0.25,learner_examples_processed,1611510062,0.0
derpp,slowheat_replay_hidden_beta_30_budget_0.25,learner_examples_processed,333205446,0.0
derpp,slowheat_replay_hidden_beta_30_budget_0.25,learner_examples_processed,130501536,0.0
derpp,slowheat_replay_hidden_beta_30_budget_0.25,learner_examples_processed,492612040,0.0
derpp,slowheat_replay_hidden_beta_30_budget_0.25,total_model_examples_processed,2101606466,0.0
derpp,slowheat_replay_hidden_beta_30_budget_0.25,total_model_examples_processed,1872839281,0.0
derpp,slowheat_replay_hidden_beta_30_budget_0.25,total_model_examples_processed,637029796,0.0
derpp,slowheat_replay_hidden_beta_30_budget_0.25,total_model_examples_processed,1357204345,0.0
derpp,slowheat_replay_hidden_beta_30_budget_0.25,total_model_examples_processed,1758462037,0.0
derpp,slowheat_replay_hidden_beta_30_budget_0.25,total_model_examples_processed,748737880,0.0
derpp,slowheat_replay_hidden_beta_30_budget_0.25,total_model_examples_processed,1611510062,0.0
derpp,slowheat_replay_hidden_beta_30_budget_0.25,total_model_examples_processed,333205446,0.0
derpp,slowheat_replay_hidden_beta_30_budget_0.25,total_model_examples_processed,130501536,0.0
derpp,slowheat_replay_hidden_beta_30_budget_0.25,total_model_examples_processed,492612040,0.0
derpp,slowheat_replay_hidden_beta_30_budget_0.25,estimated_total_flops,2101606466,15033628160.0
derpp,slowheat_replay_hidden_beta_30_budget_0.25,estimated_total_flops,1872839281,15033628160.0
derpp,slowheat_replay_hidden_beta_30_budget_0.25,estimated_total_flops,637029796,15033628160.0
derpp,slowheat_replay_hidden_beta_30_budget_0.25,estimated_total_flops,1357204345,15033628160.0
derpp,slowheat_replay_hidden_beta_30_budget_0.25,estimated_total_flops,1758462037,15033628160.0
derpp,slowheat_replay_hidden_beta_30_budget_0.25,estimated_total_flops,748737880,15033628160.0
derpp,slowheat_replay_hidden_beta_30_budget_0.25,estimated_total_flops,1611510062,15033628160.0
derpp,slowheat_replay_hidden_beta_30_budget_0.25,estimated_total_flops,333205446,15033628160.0
derpp,slowheat_replay_hidden_beta_30_budget_0.25,estimated_total_flops,130501536,15033628160.0
derpp,slowheat_replay_hidden_beta_30_budget_0.25,estimated_total_flops,492612040,15033628160.0
derpp,slowheat_replay_hidden_beta_30_budget_0.25,estimated_overhead_flops,2101606466,15033628160.0
derpp,slowheat_replay_hidden_beta_30_budget_0.25,estimated_overhead_flops,1872839281,15033628160.0
derpp,slowheat_replay_hidden_beta_30_budget_0.25,estimated_overhead_flops,637029796,15033628160.0
derpp,slowheat_replay_hidden_beta_30_budget_0.25,estimated_overhead_flops,1357204345,15033628160.0
derpp,slowheat_replay_hidden_beta_30_budget_0.25,estimated_overhead_flops,1758462037,15033628160.0
derpp,slowheat_replay_hidden_beta_30_budget_0.25,estimated_overhead_flops,748737880,15033628160.0
derpp,slowheat_replay_hidden_beta_30_budget_0.25,estimated_overhead_flops,1611510062,15033628160.0
derpp,slowheat_replay_hidden_beta_30_budget_0.25,estimated_overhead_flops,333205446,15033628160.0
derpp,slowheat_replay_hidden_beta_30_budget_0.25,estimated_overhead_flops,130501536,15033628160.0
derpp,slowheat_replay_hidden_beta_30_budget_0.25,estimated_overhead_flops,492612040,15033628160.0
derpp,slowheat_replay_hidden_beta_30_budget_0.25,replay_memory_bytes,2101606466,0.0
derpp,slowheat_replay_hidden_beta_30_budget_0.25,replay_memory_bytes,1872839281,0.0
derpp,slowheat_replay_hidden_beta_30_budget_0.25,replay_memory_bytes,637029796,0.0
derpp,slowheat_replay_hidden_beta_30_budget_0.25,replay_memory_bytes,1357204345,0.0
derpp,slowheat_replay_hidden_beta_30_budget_0.25,replay_memory_bytes,1758462037,0.0
derpp,slowheat_replay_hidden_beta_30_budget_0.25,replay_memory_bytes,748737880,0.0
derpp,slowheat_replay_hidden_beta_30_budget_0.25,replay_memory_bytes,1611510062,0.0
derpp,slowheat_replay_hidden_beta_30_budget_0.25,replay_memory_bytes,333205446,0.0
derpp,slowheat_replay_hidden_beta_30_budget_0.25,replay_memory_bytes,130501536,0.0
derpp,slowheat_replay_hidden_beta_30_budget_0.25,replay_memory_bytes,492612040,0.0
derpp,slowheat_replay_hidden_beta_30_budget_0.25,stored_logits_bytes,2101606466,-8000.0
derpp,slowheat_replay_hidden_beta_30_budget_0.25,stored_logits_bytes,1872839281,-8000.0
derpp,slowheat_replay_hidden_beta_30_budget_0.25,stored_logits_bytes,637029796,-8000.0
derpp,slowheat_replay_hidden_beta_30_budget_0.25,stored_logits_bytes,1357204345,-8000.0
derpp,slowheat_replay_hidden_beta_30_budget_0.25,stored_logits_bytes,1758462037,-8000.0
derpp,slowheat_replay_hidden_beta_30_budget_0.25,stored_logits_bytes,748737880,-8000.0
derpp,slowheat_replay_hidden_beta_30_budget_0.25,stored_logits_bytes,1611510062,-8000.0
derpp,slowheat_replay_hidden_beta_30_budget_0.25,stored_logits_bytes,333205446,-8000.0
derpp,slowheat_replay_hidden_beta_30_budget_0.25,stored_logits_bytes,130501536,-8000.0
derpp,slowheat_replay_hidden_beta_30_budget_0.25,stored_logits_bytes,492612040,-8000.0
derpp,slowheat_hidden_beta_30_budget_0.25,final_average_accuracy,2101606466,-0.04119999999999996
derpp,slowheat_hidden_beta_30_budget_0.25,final_average_accuracy,1872839281,-0.02840000000000001
derpp,slowheat_hidden_beta_30_budget_0.25,final_average_accuracy,637029796,-0.05120000000000002
derpp,slowheat_hidden_beta_30_budget_0.25,final_average_accuracy,1357204345,-0.04619999999999999
derpp,slowheat_hidden_beta_30_budget_0.25,final_average_accuracy,1758462037,-0.05890000000000001
derpp,slowheat_hidden_beta_30_budget_0.25,final_average_accuracy,748737880,-0.04419999999999999
derpp,slowheat_hidden_beta_30_budget_0.25,final_average_accuracy,1611510062,-0.05310000000000001
derpp,slowheat_hidden_beta_30_budget_0.25,final_average_accuracy,333205446,-0.051699999999999996
derpp,slowheat_hidden_beta_30_budget_0.25,final_average_accuracy,130501536,-0.0582
derpp,slowheat_hidden_beta_30_budget_0.25,final_average_accuracy,492612040,-0.04530000000000001
derpp,slowheat_hidden_beta_30_budget_0.25,average_forgetting,2101606466,0.06162499999999993
derpp,slowheat_hidden_beta_30_budget_0.25,average_forgetting,1872839281,0.03137499999999993
derpp,slowheat_hidden_beta_30_budget_0.25,average_forgetting,637029796,0.05425000000000002
derpp,slowheat_hidden_beta_30_budget_0.25,average_forgetting,1357204345,0.05899999999999994
derpp,slowheat_hidden_beta_30_budget_0.25,average_forgetting,1758462037,0.08037500000000009
derpp,slowheat_hidden_beta_30_budget_0.25,average_forgetting,748737880,0.05500000000000005
derpp,slowheat_hidden_beta_30_budget_0.25,average_forgetting,1611510062,0.06362500000000004
derpp,slowheat_hidden_beta_30_budget_0.25,average_forgetting,333205446,0.06712499999999988
derpp,slowheat_hidden_beta_30_budget_0.25,average_forgetting,130501536,0.07637500000000008
derpp,slowheat_hidden_beta_30_budget_0.25,average_forgetting,492612040,0.05049999999999999
derpp,slowheat_hidden_beta_30_budget_0.25,backward_transfer,2101606466,-0.06162499999999993
derpp,slowheat_hidden_beta_30_budget_0.25,backward_transfer,1872839281,-0.03137499999999993
derpp,slowheat_hidden_beta_30_budget_0.25,backward_transfer,637029796,-0.05425000000000002
derpp,slowheat_hidden_beta_30_budget_0.25,backward_transfer,1357204345,-0.05899999999999994
derpp,slowheat_hidden_beta_30_budget_0.25,backward_transfer,1758462037,-0.08037500000000009
derpp,slowheat_hidden_beta_30_budget_0.25,backward_transfer,748737880,-0.05500000000000005
derpp,slowheat_hidden_beta_30_budget_0.25,backward_transfer,1611510062,-0.06362500000000004
derpp,slowheat_hidden_beta_30_budget_0.25,backward_transfer,333205446,-0.06712499999999988
derpp,slowheat_hidden_beta_30_budget_0.25,backward_transfer,130501536,-0.07637500000000008
derpp,slowheat_hidden_beta_30_budget_0.25,backward_transfer,492612040,-0.05049999999999999
derpp,slowheat_hidden_beta_30_budget_0.25,forward_transfer,2101606466,-0.0061249999999999916
derpp,slowheat_hidden_beta_30_budget_0.25,forward_transfer,1872839281,0.00037499999999998646
derpp,slowheat_hidden_beta_30_budget_0.25,forward_transfer,637029796,-0.007000000000000006
derpp,slowheat_hidden_beta_30_budget_0.25,forward_transfer,1357204345,0.02137499999999999
derpp,slowheat_hidden_beta_30_budget_0.25,forward_transfer,1758462037,0.013874999999999995
derpp,slowheat_hidden_beta_30_budget_0.25,forward_transfer,748737880,0.006125000000000019
derpp,slowheat_hidden_beta_30_budget_0.25,forward_transfer,1611510062,-0.0002500000000000002
derpp,slowheat_hidden_beta_30_budget_0.25,forward_transfer,333205446,-0.008249999999999993
derpp,slowheat_hidden_beta_30_budget_0.25,forward_transfer,130501536,-0.023749999999999993
derpp,slowheat_hidden_beta_30_budget_0.25,forward_transfer,492612040,0.0012500000000000011
derpp,slowheat_hidden_beta_30_budget_0.25,task_aware_final_accuracy,2101606466,-0.06140000000000001
derpp,slowheat_hidden_beta_30_budget_0.25,task_aware_final_accuracy,1872839281,-0.04939999999999989
derpp,slowheat_hidden_beta_30_budget_0.25,task_aware_final_accuracy,637029796,-0.08829999999999993
derpp,slowheat_hidden_beta_30_budget_0.25,task_aware_final_accuracy,1357204345,-0.10619999999999985
derpp,slowheat_hidden_beta_30_budget_0.25,task_aware_final_accuracy,1758462037,-0.07650000000000012
derpp,slowheat_hidden_beta_30_budget_0.25,task_aware_final_accuracy,748737880,-0.06610000000000005
derpp,slowheat_hidden_beta_30_budget_0.25,task_aware_final_accuracy,1611510062,-0.060699999999999976
derpp,slowheat_hidden_beta_30_budget_0.25,task_aware_final_accuracy,333205446,-0.13629999999999998
derpp,slowheat_hidden_beta_30_budget_0.25,task_aware_final_accuracy,130501536,-0.10260000000000014
derpp,slowheat_hidden_beta_30_budget_0.25,task_aware_final_accuracy,492612040,-0.11450000000000005
derpp,slowheat_hidden_beta_30_budget_0.25,task_aware_forgetting,2101606466,0.08612499999999995
derpp,slowheat_hidden_beta_30_budget_0.25,task_aware_forgetting,1872839281,0.05612499999999995
derpp,slowheat_hidden_beta_30_budget_0.25,task_aware_forgetting,637029796,0.09912500000000005
derpp,slowheat_hidden_beta_30_budget_0.25,task_aware_forgetting,1357204345,0.13312500000000002
derpp,slowheat_hidden_beta_30_budget_0.25,task_aware_forgetting,1758462037,0.10037500000000005
derpp,slowheat_hidden_beta_30_budget_0.25,task_aware_forgetting,748737880,0.08112500000000003
derpp,slowheat_hidden_beta_30_budget_0.25,task_aware_forgetting,1611510062,0.07187499999999997
derpp,slowheat_hidden_beta_30_budget_0.25,task_aware_forgetting,333205446,0.17174999999999996
derpp,slowheat_hidden_beta_30_budget_0.25,task_aware_forgetting,130501536,0.13050000000000003
derpp,slowheat_hidden_beta_30_budget_0.25,task_aware_forgetting,492612040,0.13537500000000005
derpp,slowheat_hidden_beta_30_budget_0.25,classifier_gap,2101606466,-0.020199999999999996
derpp,slowheat_hidden_beta_30_budget_0.25,classifier_gap,1872839281,-0.020999999999999908
derpp,slowheat_hidden_beta_30_budget_0.25,classifier_gap,637029796,-0.03709999999999991
derpp,slowheat_hidden_beta_30_budget_0.25,classifier_gap,1357204345,-0.05999999999999989
derpp,slowheat_hidden_beta_30_budget_0.25,classifier_gap,1758462037,-0.017600000000000116
derpp,slowheat_hidden_beta_30_budget_0.25,classifier_gap,748737880,-0.02190000000000003
derpp,slowheat_hidden_beta_30_budget_0.25,classifier_gap,1611510062,-0.007599999999999996
derpp,slowheat_hidden_beta_30_budget_0.25,classifier_gap,333205446,-0.08460000000000001
derpp,slowheat_hidden_beta_30_budget_0.25,classifier_gap,130501536,-0.044400000000000106
derpp,slowheat_hidden_beta_30_budget_0.25,classifier_gap,492612040,-0.06920000000000004
derpp,slowheat_hidden_beta_30_budget_0.25,elapsed_seconds,2101606466,62.014943016984034
derpp,slowheat_hidden_beta_30_budget_0.25,elapsed_seconds,1872839281,36.35709937300999
derpp,slowheat_hidden_beta_30_budget_0.25,elapsed_seconds,637029796,60.73026064701844
derpp,slowheat_hidden_beta_30_budget_0.25,elapsed_seconds,1357204345,41.6688624189992
derpp,slowheat_hidden_beta_30_budget_0.25,elapsed_seconds,1758462037,35.70375243399758
derpp,slowheat_hidden_beta_30_budget_0.25,elapsed_seconds,748737880,61.470274999999674
derpp,slowheat_hidden_beta_30_budget_0.25,elapsed_seconds,1611510062,62.908728158974554
derpp,slowheat_hidden_beta_30_budget_0.25,elapsed_seconds,333205446,35.04487814899767
derpp,slowheat_hidden_beta_30_budget_0.25,elapsed_seconds,130501536,67.03110492101405
derpp,slowheat_hidden_beta_30_budget_0.25,elapsed_seconds,492612040,54.508258424990345
derpp,slowheat_hidden_beta_30_budget_0.25,learner_examples_processed,2101606466,-161280.0
derpp,slowheat_hidden_beta_30_budget_0.25,learner_examples_processed,1872839281,-161280.0
derpp,slowheat_hidden_beta_30_budget_0.25,learner_examples_processed,637029796,-161280.0
derpp,slowheat_hidden_beta_30_budget_0.25,learner_examples_processed,1357204345,-161280.0
derpp,slowheat_hidden_beta_30_budget_0.25,learner_examples_processed,1758462037,-161280.0
derpp,slowheat_hidden_beta_30_budget_0.25,learner_examples_processed,748737880,-161280.0
derpp,slowheat_hidden_beta_30_budget_0.25,learner_examples_processed,1611510062,-161280.0
derpp,slowheat_hidden_beta_30_budget_0.25,learner_examples_processed,333205446,-161280.0
derpp,slowheat_hidden_beta_30_budget_0.25,learner_examples_processed,130501536,-161280.0
derpp,slowheat_hidden_beta_30_budget_0.25,learner_examples_processed,492612040,-161280.0
derpp,slowheat_hidden_beta_30_budget_0.25,total_model_examples_processed,2101606466,-161280.0
derpp,slowheat_hidden_beta_30_budget_0.25,total_model_examples_processed,1872839281,-161280.0
derpp,slowheat_hidden_beta_30_budget_0.25,total_model_examples_processed,637029796,-161280.0
derpp,slowheat_hidden_beta_30_budget_0.25,total_model_examples_processed,1357204345,-161280.0
derpp,slowheat_hidden_beta_30_budget_0.25,total_model_examples_processed,1758462037,-161280.0
derpp,slowheat_hidden_beta_30_budget_0.25,total_model_examples_processed,748737880,-161280.0
derpp,slowheat_hidden_beta_30_budget_0.25,total_model_examples_processed,1611510062,-161280.0
derpp,slowheat_hidden_beta_30_budget_0.25,total_model_examples_processed,333205446,-161280.0
derpp,slowheat_hidden_beta_30_budget_0.25,total_model_examples_processed,130501536,-161280.0
derpp,slowheat_hidden_beta_30_budget_0.25,total_model_examples_processed,492612040,-161280.0
derpp,slowheat_hidden_beta_30_budget_0.25,estimated_total_flops,2101606466,-3542312880640.0
derpp,slowheat_hidden_beta_30_budget_0.25,estimated_total_flops,1872839281,-3542312880640.0
derpp,slowheat_hidden_beta_30_budget_0.25,estimated_total_flops,637029796,-3542312880640.0
derpp,slowheat_hidden_beta_30_budget_0.25,estimated_total_flops,1357204345,-3542312880640.0
derpp,slowheat_hidden_beta_30_budget_0.25,estimated_total_flops,1758462037,-3542312880640.0
derpp,slowheat_hidden_beta_30_budget_0.25,estimated_total_flops,748737880,-3542312880640.0
derpp,slowheat_hidden_beta_30_budget_0.25,estimated_total_flops,1611510062,-3542312880640.0
derpp,slowheat_hidden_beta_30_budget_0.25,estimated_total_flops,333205446,-3542312880640.0
derpp,slowheat_hidden_beta_30_budget_0.25,estimated_total_flops,130501536,-3542312880640.0
derpp,slowheat_hidden_beta_30_budget_0.25,estimated_total_flops,492612040,-3542312880640.0
derpp,slowheat_hidden_beta_30_budget_0.25,estimated_overhead_flops,2101606466,14042723840.0
derpp,slowheat_hidden_beta_30_budget_0.25,estimated_overhead_flops,1872839281,14042723840.0
derpp,slowheat_hidden_beta_30_budget_0.25,estimated_overhead_flops,637029796,14042723840.0
derpp,slowheat_hidden_beta_30_budget_0.25,estimated_overhead_flops,1357204345,14042723840.0
derpp,slowheat_hidden_beta_30_budget_0.25,estimated_overhead_flops,1758462037,14042723840.0
derpp,slowheat_hidden_beta_30_budget_0.25,estimated_overhead_flops,748737880,14042723840.0
derpp,slowheat_hidden_beta_30_budget_0.25,estimated_overhead_flops,1611510062,14042723840.0
derpp,slowheat_hidden_beta_30_budget_0.25,estimated_overhead_flops,333205446,14042723840.0
derpp,slowheat_hidden_beta_30_budget_0.25,estimated_overhead_flops,130501536,14042723840.0
derpp,slowheat_hidden_beta_30_budget_0.25,estimated_overhead_flops,492612040,14042723840.0
derpp,slowheat_hidden_beta_30_budget_0.25,replay_memory_bytes,2101606466,-2459200.0
derpp,slowheat_hidden_beta_30_budget_0.25,replay_memory_bytes,1872839281,-2459200.0
derpp,slowheat_hidden_beta_30_budget_0.25,replay_memory_bytes,637029796,-2459200.0
derpp,slowheat_hidden_beta_30_budget_0.25,replay_memory_bytes,1357204345,-2459200.0
derpp,slowheat_hidden_beta_30_budget_0.25,replay_memory_bytes,1758462037,-2459200.0
derpp,slowheat_hidden_beta_30_budget_0.25,replay_memory_bytes,748737880,-2459200.0
derpp,slowheat_hidden_beta_30_budget_0.25,replay_memory_bytes,1611510062,-2459200.0
derpp,slowheat_hidden_beta_30_budget_0.25,replay_memory_bytes,333205446,-2459200.0
derpp,slowheat_hidden_beta_30_budget_0.25,replay_memory_bytes,130501536,-2459200.0
derpp,slowheat_hidden_beta_30_budget_0.25,replay_memory_bytes,492612040,-2459200.0
derpp,slowheat_hidden_beta_30_budget_0.25,stored_logits_bytes,2101606466,-8000.0
derpp,slowheat_hidden_beta_30_budget_0.25,stored_logits_bytes,1872839281,-8000.0
derpp,slowheat_hidden_beta_30_budget_0.25,stored_logits_bytes,637029796,-8000.0
derpp,slowheat_hidden_beta_30_budget_0.25,stored_logits_bytes,1357204345,-8000.0
derpp,slowheat_hidden_beta_30_budget_0.25,stored_logits_bytes,1758462037,-8000.0
derpp,slowheat_hidden_beta_30_budget_0.25,stored_logits_bytes,748737880,-8000.0
derpp,slowheat_hidden_beta_30_budget_0.25,stored_logits_bytes,1611510062,-8000.0
derpp,slowheat_hidden_beta_30_budget_0.25,stored_logits_bytes,333205446,-8000.0
derpp,slowheat_hidden_beta_30_budget_0.25,stored_logits_bytes,130501536,-8000.0
derpp,slowheat_hidden_beta_30_budget_0.25,stored_logits_bytes,492612040,-8000.0
derpp,slowheat_replay_hidden_adaptive_beta_30_budget_0.25,final_average_accuracy,2101606466,-0.010999999999999982
derpp,slowheat_replay_hidden_adaptive_beta_30_budget_0.25,final_average_accuracy,1872839281,-0.0007000000000000062
derpp,slowheat_replay_hidden_adaptive_beta_30_budget_0.25,final_average_accuracy,637029796,-0.01730000000000001
derpp,slowheat_replay_hidden_adaptive_beta_30_budget_0.25,final_average_accuracy,1357204345,-0.017100000000000004
derpp,slowheat_replay_hidden_adaptive_beta_30_budget_0.25,final_average_accuracy,1758462037,-0.02250000000000002
derpp,slowheat_replay_hidden_adaptive_beta_30_budget_0.25,final_average_accuracy,748737880,-0.005900000000000016
derpp,slowheat_replay_hidden_adaptive_beta_30_budget_0.25,final_average_accuracy,1611510062,-0.017600000000000005
derpp,slowheat_replay_hidden_adaptive_beta_30_budget_0.25,final_average_accuracy,333205446,-0.01469999999999999
derpp,slowheat_replay_hidden_adaptive_beta_30_budget_0.25,final_average_accuracy,130501536,-0.030299999999999994
derpp,slowheat_replay_hidden_adaptive_beta_30_budget_0.25,final_average_accuracy,492612040,-0.016699999999999993
derpp,slowheat_replay_hidden_adaptive_beta_30_budget_0.25,average_forgetting,2101606466,0.01737499999999992
derpp,slowheat_replay_hidden_adaptive_beta_30_budget_0.25,average_forgetting,1872839281,-0.004750000000000032
derpp,slowheat_replay_hidden_adaptive_beta_30_budget_0.25,average_forgetting,637029796,0.017875000000000085
derpp,slowheat_replay_hidden_adaptive_beta_30_budget_0.25,average_forgetting,1357204345,0.01862499999999989
derpp,slowheat_replay_hidden_adaptive_beta_30_budget_0.25,average_forgetting,1758462037,0.028874999999999984
derpp,slowheat_replay_hidden_adaptive_beta_30_budget_0.25,average_forgetting,748737880,0.003249999999999975
derpp,slowheat_replay_hidden_adaptive_beta_30_budget_0.25,average_forgetting,1611510062,0.022249999999999992
derpp,slowheat_replay_hidden_adaptive_beta_30_budget_0.25,average_forgetting,333205446,0.015875000000000083
derpp,slowheat_replay_hidden_adaptive_beta_30_budget_0.25,average_forgetting,130501536,0.03400000000000003
derpp,slowheat_replay_hidden_adaptive_beta_30_budget_0.25,average_forgetting,492612040,0.011499999999999955
derpp,slowheat_replay_hidden_adaptive_beta_30_budget_0.25,backward_transfer,2101606466,-0.01737499999999992
derpp,slowheat_replay_hidden_adaptive_beta_30_budget_0.25,backward_transfer,1872839281,0.004750000000000032
derpp,slowheat_replay_hidden_adaptive_beta_30_budget_0.25,backward_transfer,637029796,-0.017875000000000085
derpp,slowheat_replay_hidden_adaptive_beta_30_budget_0.25,backward_transfer,1357204345,-0.01862499999999989
derpp,slowheat_replay_hidden_adaptive_beta_30_budget_0.25,backward_transfer,1758462037,-0.028874999999999984
derpp,slowheat_replay_hidden_adaptive_beta_30_budget_0.25,backward_transfer,748737880,-0.003249999999999975
derpp,slowheat_replay_hidden_adaptive_beta_30_budget_0.25,backward_transfer,1611510062,-0.022249999999999992
derpp,slowheat_replay_hidden_adaptive_beta_30_budget_0.25,backward_transfer,333205446,-0.015875000000000083
derpp,slowheat_replay_hidden_adaptive_beta_30_budget_0.25,backward_transfer,130501536,-0.03400000000000003
derpp,slowheat_replay_hidden_adaptive_beta_30_budget_0.25,backward_transfer,492612040,-0.011499999999999955
derpp,slowheat_replay_hidden_adaptive_beta_30_budget_0.25,forward_transfer,2101606466,-0.005500000000000005
derpp,slowheat_replay_hidden_adaptive_beta_30_budget_0.25,forward_transfer,1872839281,0.00037499999999998646
derpp,slowheat_replay_hidden_adaptive_beta_30_budget_0.25,forward_transfer,637029796,-0.006624999999999992
derpp,slowheat_replay_hidden_adaptive_beta_30_budget_0.25,forward_transfer,1357204345,0.02187499999999999
derpp,slowheat_replay_hidden_adaptive_beta_30_budget_0.25,forward_transfer,1758462037,0.013999999999999999
derpp,slowheat_replay_hidden_adaptive_beta_30_budget_0.25,forward_transfer,748737880,0.0072500000000000064
derpp,slowheat_replay_hidden_adaptive_beta_30_budget_0.25,forward_transfer,1611510062,0.0007499999999999729
derpp,slowheat_replay_hidden_adaptive_beta_30_budget_0.25,forward_transfer,333205446,-0.008249999999999993
derpp,slowheat_replay_hidden_adaptive_beta_30_budget_0.25,forward_transfer,130501536,-0.023749999999999993
derpp,slowheat_replay_hidden_adaptive_beta_30_budget_0.25,forward_transfer,492612040,0.0015000000000000013
derpp,slowheat_replay_hidden_adaptive_beta_30_budget_0.25,task_aware_final_accuracy,2101606466,0.056499999999999995
derpp,slowheat_replay_hidden_adaptive_beta_30_budget_0.25,task_aware_final_accuracy,1872839281,0.06999999999999995
derpp,slowheat_replay_hidden_adaptive_beta_30_budget_0.25,task_aware_final_accuracy,637029796,0.054200000000000026
derpp,slowheat_replay_hidden_adaptive_beta_30_budget_0.25,task_aware_final_accuracy,1357204345,0.04980000000000018
derpp,slowheat_replay_hidden_adaptive_beta_30_budget_0.25,task_aware_final_accuracy,1758462037,0.04029999999999989
derpp,slowheat_replay_hidden_adaptive_beta_30_budget_0.25,task_aware_final_accuracy,748737880,0.0877
derpp,slowheat_replay_hidden_adaptive_beta_30_budget_0.25,task_aware_final_accuracy,1611510062,0.025900000000000034
derpp,slowheat_replay_hidden_adaptive_beta_30_budget_0.25,task_aware_final_accuracy,333205446,0.025399999999999867
derpp,slowheat_replay_hidden_adaptive_beta_30_budget_0.25,task_aware_final_accuracy,130501536,0.008099999999999885
derpp,slowheat_replay_hidden_adaptive_beta_30_budget_0.25,task_aware_final_accuracy,492612040,0.035399999999999876
derpp,slowheat_replay_hidden_adaptive_beta_30_budget_0.25,task_aware_forgetting,2101606466,-0.06612500000000002
derpp,slowheat_replay_hidden_adaptive_beta_30_budget_0.25,task_aware_forgetting,1872839281,-0.09237499999999998
derpp,slowheat_replay_hidden_adaptive_beta_30_budget_0.25,task_aware_forgetting,637029796,-0.07100000000000001
derpp,slowheat_replay_hidden_adaptive_beta_30_budget_0.25,task_aware_forgetting,1357204345,-0.064
derpp,slowheat_replay_hidden_adaptive_beta_30_budget_0.25,task_aware_forgetting,1758462037,-0.04987499999999995
derpp,slowheat_replay_hidden_adaptive_beta_30_budget_0.25,task_aware_forgetting,748737880,-0.112625
derpp,slowheat_replay_hidden_adaptive_beta_30_budget_0.25,task_aware_forgetting,1611510062,-0.03175
derpp,slowheat_replay_hidden_adaptive_beta_30_budget_0.25,task_aware_forgetting,333205446,-0.03237500000000004
derpp,slowheat_replay_hidden_adaptive_beta_30_budget_0.25,task_aware_forgetting,130501536,-0.013750000000000012
derpp,slowheat_replay_hidden_adaptive_beta_30_budget_0.25,task_aware_forgetting,492612040,-0.053875000000000006
derpp,slowheat_replay_hidden_adaptive_beta_30_budget_0.25,classifier_gap,2101606466,0.0675
derpp,slowheat_replay_hidden_adaptive_beta_30_budget_0.25,classifier_gap,1872839281,0.07069999999999999
derpp,slowheat_replay_hidden_adaptive_beta_30_budget_0.25,classifier_gap,637029796,0.07150000000000006
derpp,slowheat_replay_hidden_adaptive_beta_30_budget_0.25,classifier_gap,1357204345,0.06690000000000013
derpp,slowheat_replay_hidden_adaptive_beta_30_budget_0.25,classifier_gap,1758462037,0.06279999999999986
derpp,slowheat_replay_hidden_adaptive_beta_30_budget_0.25,classifier_gap,748737880,0.09360000000000002
derpp,slowheat_replay_hidden_adaptive_beta_30_budget_0.25,classifier_gap,1611510062,0.04350000000000004
derpp,slowheat_replay_hidden_adaptive_beta_30_budget_0.25,classifier_gap,333205446,0.040099999999999913
derpp,slowheat_replay_hidden_adaptive_beta_30_budget_0.25,classifier_gap,130501536,0.03839999999999988
derpp,slowheat_replay_hidden_adaptive_beta_30_budget_0.25,classifier_gap,492612040,0.052099999999999924
derpp,slowheat_replay_hidden_adaptive_beta_30_budget_0.25,elapsed_seconds,2101606466,73.26205934098107
derpp,slowheat_replay_hidden_adaptive_beta_30_budget_0.25,elapsed_seconds,1872839281,49.24987023402355
derpp,slowheat_replay_hidden_adaptive_beta_30_budget_0.25,elapsed_seconds,637029796,75.48095186601859
derpp,slowheat_replay_hidden_adaptive_beta_30_budget_0.25,elapsed_seconds,1357204345,76.57944950996898
derpp,slowheat_replay_hidden_adaptive_beta_30_budget_0.25,elapsed_seconds,1758462037,49.11551606000285
derpp,slowheat_replay_hidden_adaptive_beta_30_budget_0.25,elapsed_seconds,748737880,74.46683388602105
derpp,slowheat_replay_hidden_adaptive_beta_30_budget_0.25,elapsed_seconds,1611510062,73.24633828998776
derpp,slowheat_replay_hidden_adaptive_beta_30_budget_0.25,elapsed_seconds,333205446,47.11044798899093
derpp,slowheat_replay_hidden_adaptive_beta_30_budget_0.25,elapsed_seconds,130501536,79.7829330850218
derpp,slowheat_replay_hidden_adaptive_beta_30_budget_0.25,elapsed_seconds,492612040,79.8365369529929
derpp,slowheat_replay_hidden_adaptive_beta_30_budget_0.25,learner_examples_processed,2101606466,0.0
derpp,slowheat_replay_hidden_adaptive_beta_30_budget_0.25,learner_examples_processed,1872839281,0.0
derpp,slowheat_replay_hidden_adaptive_beta_30_budget_0.25,learner_examples_processed,637029796,0.0
derpp,slowheat_replay_hidden_adaptive_beta_30_budget_0.25,learner_examples_processed,1357204345,0.0
derpp,slowheat_replay_hidden_adaptive_beta_30_budget_0.25,learner_examples_processed,1758462037,0.0
derpp,slowheat_replay_hidden_adaptive_beta_30_budget_0.25,learner_examples_processed,748737880,0.0
derpp,slowheat_replay_hidden_adaptive_beta_30_budget_0.25,learner_examples_processed,1611510062,0.0
derpp,slowheat_replay_hidden_adaptive_beta_30_budget_0.25,learner_examples_processed,333205446,0.0
derpp,slowheat_replay_hidden_adaptive_beta_30_budget_0.25,learner_examples_processed,130501536,0.0
derpp,slowheat_replay_hidden_adaptive_beta_30_budget_0.25,learner_examples_processed,492612040,0.0
derpp,slowheat_replay_hidden_adaptive_beta_30_budget_0.25,total_model_examples_processed,2101606466,0.0
derpp,slowheat_replay_hidden_adaptive_beta_30_budget_0.25,total_model_examples_processed,1872839281,0.0
derpp,slowheat_replay_hidden_adaptive_beta_30_budget_0.25,total_model_examples_processed,637029796,0.0
derpp,slowheat_replay_hidden_adaptive_beta_30_budget_0.25,total_model_examples_processed,1357204345,0.0
derpp,slowheat_replay_hidden_adaptive_beta_30_budget_0.25,total_model_examples_processed,1758462037,0.0
derpp,slowheat_replay_hidden_adaptive_beta_30_budget_0.25,total_model_examples_processed,748737880,0.0
derpp,slowheat_replay_hidden_adaptive_beta_30_budget_0.25,total_model_examples_processed,1611510062,0.0
derpp,slowheat_replay_hidden_adaptive_beta_30_budget_0.25,total_model_examples_processed,333205446,0.0
derpp,slowheat_replay_hidden_adaptive_beta_30_budget_0.25,total_model_examples_processed,130501536,0.0
derpp,slowheat_replay_hidden_adaptive_beta_30_budget_0.25,total_model_examples_processed,492612040,0.0
derpp,slowheat_replay_hidden_adaptive_beta_30_budget_0.25,estimated_total_flops,2101606466,15033628160.0
derpp,slowheat_replay_hidden_adaptive_beta_30_budget_0.25,estimated_total_flops,1872839281,15033628160.0
derpp,slowheat_replay_hidden_adaptive_beta_30_budget_0.25,estimated_total_flops,637029796,15033628160.0
derpp,slowheat_replay_hidden_adaptive_beta_30_budget_0.25,estimated_total_flops,1357204345,15033628160.0
derpp,slowheat_replay_hidden_adaptive_beta_30_budget_0.25,estimated_total_flops,1758462037,15033628160.0
derpp,slowheat_replay_hidden_adaptive_beta_30_budget_0.25,estimated_total_flops,748737880,15033628160.0
derpp,slowheat_replay_hidden_adaptive_beta_30_budget_0.25,estimated_total_flops,1611510062,15033628160.0
derpp,slowheat_replay_hidden_adaptive_beta_30_budget_0.25,estimated_total_flops,333205446,15033628160.0
derpp,slowheat_replay_hidden_adaptive_beta_30_budget_0.25,estimated_total_flops,130501536,15033628160.0
derpp,slowheat_replay_hidden_adaptive_beta_30_budget_0.25,estimated_total_flops,492612040,15033628160.0
derpp,slowheat_replay_hidden_adaptive_beta_30_budget_0.25,estimated_overhead_flops,2101606466,15033628160.0
derpp,slowheat_replay_hidden_adaptive_beta_30_budget_0.25,estimated_overhead_flops,1872839281,15033628160.0
derpp,slowheat_replay_hidden_adaptive_beta_30_budget_0.25,estimated_overhead_flops,637029796,15033628160.0
derpp,slowheat_replay_hidden_adaptive_beta_30_budget_0.25,estimated_overhead_flops,1357204345,15033628160.0
derpp,slowheat_replay_hidden_adaptive_beta_30_budget_0.25,estimated_overhead_flops,1758462037,15033628160.0
derpp,slowheat_replay_hidden_adaptive_beta_30_budget_0.25,estimated_overhead_flops,748737880,15033628160.0
derpp,slowheat_replay_hidden_adaptive_beta_30_budget_0.25,estimated_overhead_flops,1611510062,15033628160.0
derpp,slowheat_replay_hidden_adaptive_beta_30_budget_0.25,estimated_overhead_flops,333205446,15033628160.0
derpp,slowheat_replay_hidden_adaptive_beta_30_budget_0.25,estimated_overhead_flops,130501536,15033628160.0
derpp,slowheat_replay_hidden_adaptive_beta_30_budget_0.25,estimated_overhead_flops,492612040,15033628160.0
derpp,slowheat_replay_hidden_adaptive_beta_30_budget_0.25,replay_memory_bytes,2101606466,0.0
derpp,slowheat_replay_hidden_adaptive_beta_30_budget_0.25,replay_memory_bytes,1872839281,0.0
derpp,slowheat_replay_hidden_adaptive_beta_30_budget_0.25,replay_memory_bytes,637029796,0.0
derpp,slowheat_replay_hidden_adaptive_beta_30_budget_0.25,replay_memory_bytes,1357204345,0.0
derpp,slowheat_replay_hidden_adaptive_beta_30_budget_0.25,replay_memory_bytes,1758462037,0.0
derpp,slowheat_replay_hidden_adaptive_beta_30_budget_0.25,replay_memory_bytes,748737880,0.0
derpp,slowheat_replay_hidden_adaptive_beta_30_budget_0.25,replay_memory_bytes,1611510062,0.0
derpp,slowheat_replay_hidden_adaptive_beta_30_budget_0.25,replay_memory_bytes,333205446,0.0
derpp,slowheat_replay_hidden_adaptive_beta_30_budget_0.25,replay_memory_bytes,130501536,0.0
derpp,slowheat_replay_hidden_adaptive_beta_30_budget_0.25,replay_memory_bytes,492612040,0.0
derpp,slowheat_replay_hidden_adaptive_beta_30_budget_0.25,stored_logits_bytes,2101606466,-8000.0
derpp,slowheat_replay_hidden_adaptive_beta_30_budget_0.25,stored_logits_bytes,1872839281,-8000.0
derpp,slowheat_replay_hidden_adaptive_beta_30_budget_0.25,stored_logits_bytes,637029796,-8000.0
derpp,slowheat_replay_hidden_adaptive_beta_30_budget_0.25,stored_logits_bytes,1357204345,-8000.0
derpp,slowheat_replay_hidden_adaptive_beta_30_budget_0.25,stored_logits_bytes,1758462037,-8000.0
derpp,slowheat_replay_hidden_adaptive_beta_30_budget_0.25,stored_logits_bytes,748737880,-8000.0
derpp,slowheat_replay_hidden_adaptive_beta_30_budget_0.25,stored_logits_bytes,1611510062,-8000.0
derpp,slowheat_replay_hidden_adaptive_beta_30_budget_0.25,stored_logits_bytes,333205446,-8000.0
derpp,slowheat_replay_hidden_adaptive_beta_30_budget_0.25,stored_logits_bytes,130501536,-8000.0
derpp,slowheat_replay_hidden_adaptive_beta_30_budget_0.25,stored_logits_bytes,492612040,-8000.0
derpp,slowheat_replay_partial_output_beta_30_budget_0.25,final_average_accuracy,2101606466,-0.004699999999999954
derpp,slowheat_replay_partial_output_beta_30_budget_0.25,final_average_accuracy,1872839281,0.004400000000000015
derpp,slowheat_replay_partial_output_beta_30_budget_0.25,final_average_accuracy,637029796,-0.013100000000000028
derpp,slowheat_replay_partial_output_beta_30_budget_0.25,final_average_accuracy,1357204345,-0.017499999999999988
derpp,slowheat_replay_partial_output_beta_30_budget_0.25,final_average_accuracy,1758462037,-0.02040000000000003
derpp,slowheat_replay_partial_output_beta_30_budget_0.25,final_average_accuracy,748737880,-0.0121
derpp,slowheat_replay_partial_output_beta_30_budget_0.25,final_average_accuracy,1611510062,-0.01059999999999997
derpp,slowheat_replay_partial_output_beta_30_budget_0.25,final_average_accuracy,333205446,-0.014500000000000013
derpp,slowheat_replay_partial_output_beta_30_budget_0.25,final_average_accuracy,130501536,-0.026400000000000035
derpp,slowheat_replay_partial_output_beta_30_budget_0.25,final_average_accuracy,492612040,-0.015699999999999992
derpp,slowheat_replay_partial_output_beta_30_budget_0.25,average_forgetting,2101606466,0.012499999999999845
derpp,slowheat_replay_partial_output_beta_30_budget_0.25,average_forgetting,1872839281,-0.010375000000000023
derpp,slowheat_replay_partial_output_beta_30_budget_0.25,average_forgetting,637029796,0.00912500000000005
derpp,slowheat_replay_partial_output_beta_30_budget_0.25,average_forgetting,1357204345,0.022750000000000048
derpp,slowheat_replay_partial_output_beta_30_budget_0.25,average_forgetting,1758462037,0.031500000000000083
derpp,slowheat_replay_partial_output_beta_30_budget_0.25,average_forgetting,748737880,0.006750000000000034
derpp,slowheat_replay_partial_output_beta_30_budget_0.25,average_forgetting,1611510062,0.009750000000000036
derpp,slowheat_replay_partial_output_beta_30_budget_0.25,average_forgetting,333205446,0.020625000000000004
derpp,slowheat_replay_partial_output_beta_30_budget_0.25,average_forgetting,130501536,0.029750000000000165
derpp,slowheat_replay_partial_output_beta_30_budget_0.25,average_forgetting,492612040,0.010750000000000148
derpp,slowheat_replay_partial_output_beta_30_budget_0.25,backward_transfer,2101606466,-0.012499999999999845
derpp,slowheat_replay_partial_output_beta_30_budget_0.25,backward_transfer,1872839281,0.010375000000000023
derpp,slowheat_replay_partial_output_beta_30_budget_0.25,backward_transfer,637029796,-0.00912500000000005
derpp,slowheat_replay_partial_output_beta_30_budget_0.25,backward_transfer,1357204345,-0.022750000000000048
derpp,slowheat_replay_partial_output_beta_30_budget_0.25,backward_transfer,1758462037,-0.031500000000000083
derpp,slowheat_replay_partial_output_beta_30_budget_0.25,backward_transfer,748737880,-0.006750000000000034
derpp,slowheat_replay_partial_output_beta_30_budget_0.25,backward_transfer,1611510062,-0.009750000000000036
derpp,slowheat_replay_partial_output_beta_30_budget_0.25,backward_transfer,333205446,-0.020625000000000004
derpp,slowheat_replay_partial_output_beta_30_budget_0.25,backward_transfer,130501536,-0.029750000000000165
derpp,slowheat_replay_partial_output_beta_30_budget_0.25,backward_transfer,492612040,-0.010750000000000148
derpp,slowheat_replay_partial_output_beta_30_budget_0.25,forward_transfer,2101606466,0.0072500000000000064
derpp,slowheat_replay_partial_output_beta_30_budget_0.25,forward_transfer,1872839281,-0.0062500000000000056
derpp,slowheat_replay_partial_output_beta_30_budget_0.25,forward_transfer,637029796,-0.008624999999999966
derpp,slowheat_replay_partial_output_beta_30_budget_0.25,forward_transfer,1357204345,0.0006249999999999867
derpp,slowheat_replay_partial_output_beta_30_budget_0.25,forward_transfer,1758462037,0.012749999999999994
derpp,slowheat_replay_partial_output_beta_30_budget_0.25,forward_transfer,748737880,0.0011250000000000149
derpp,slowheat_replay_partial_output_beta_30_budget_0.25,forward_transfer,1611510062,0.01200000000000001
derpp,slowheat_replay_partial_output_beta_30_budget_0.25,forward_transfer,333205446,-0.0017499999999999877
derpp,slowheat_replay_partial_output_beta_30_budget_0.25,forward_transfer,130501536,-0.024625000000000008
derpp,slowheat_replay_partial_output_beta_30_budget_0.25,forward_transfer,492612040,-0.009250000000000022
derpp,slowheat_replay_partial_output_beta_30_budget_0.25,task_aware_final_accuracy,2101606466,0.06030000000000002
derpp,slowheat_replay_partial_output_beta_30_budget_0.25,task_aware_final_accuracy,1872839281,0.03930000000000011
derpp,slowheat_replay_partial_output_beta_30_budget_0.25,task_aware_final_accuracy,637029796,0.05120000000000002
derpp,slowheat_replay_partial_output_beta_30_budget_0.25,task_aware_final_accuracy,1357204345,0.04770000000000019
derpp,slowheat_replay_partial_output_beta_30_budget_0.25,task_aware_final_accuracy,1758462037,0.04690000000000005
derpp,slowheat_replay_partial_output_beta_30_budget_0.25,task_aware_final_accuracy,748737880,0.0825999999999999
derpp,slowheat_replay_partial_output_beta_30_budget_0.25,task_aware_final_accuracy,1611510062,0.029100000000000015
derpp,slowheat_replay_partial_output_beta_30_budget_0.25,task_aware_final_accuracy,333205446,0.019899999999999918
derpp,slowheat_replay_partial_output_beta_30_budget_0.25,task_aware_final_accuracy,130501536,0.03729999999999989
derpp,slowheat_replay_partial_output_beta_30_budget_0.25,task_aware_final_accuracy,492612040,0.04730000000000001
derpp,slowheat_replay_partial_output_beta_30_budget_0.25,task_aware_forgetting,2101606466,-0.06787500000000007
derpp,slowheat_replay_partial_output_beta_30_budget_0.25,task_aware_forgetting,1872839281,-0.053125000000000006
derpp,slowheat_replay_partial_output_beta_30_budget_0.25,task_aware_forgetting,637029796,-0.07087499999999997
derpp,slowheat_replay_partial_output_beta_30_budget_0.25,task_aware_forgetting,1357204345,-0.05887500000000004
derpp,slowheat_replay_partial_output_beta_30_budget_0.25,task_aware_forgetting,1758462037,-0.052625000000000005
derpp,slowheat_replay_partial_output_beta_30_budget_0.25,task_aware_forgetting,748737880,-0.11062499999999997
derpp,slowheat_replay_partial_output_beta_30_budget_0.25,task_aware_forgetting,1611510062,-0.039125000000000076
derpp,slowheat_replay_partial_output_beta_30_budget_0.25,task_aware_forgetting,333205446,-0.021375000000000033
derpp,slowheat_replay_partial_output_beta_30_budget_0.25,task_aware_forgetting,130501536,-0.049375
derpp,slowheat_replay_partial_output_beta_30_budget_0.25,task_aware_forgetting,492612040,-0.06775
derpp,slowheat_replay_partial_output_beta_30_budget_0.25,classifier_gap,2101606466,0.06499999999999995
derpp,slowheat_replay_partial_output_beta_30_budget_0.25,classifier_gap,1872839281,0.03490000000000015
derpp,slowheat_replay_partial_output_beta_30_budget_0.25,classifier_gap,637029796,0.06430000000000008
derpp,slowheat_replay_partial_output_beta_30_budget_0.25,classifier_gap,1357204345,0.0652000000000002
derpp,slowheat_replay_partial_output_beta_30_budget_0.25,classifier_gap,1758462037,0.06730000000000003
derpp,slowheat_replay_partial_output_beta_30_budget_0.25,classifier_gap,748737880,0.0946999999999999
derpp,slowheat_replay_partial_output_beta_30_budget_0.25,classifier_gap,1611510062,0.03970000000000001
derpp,slowheat_replay_partial_output_beta_30_budget_0.25,classifier_gap,333205446,0.034399999999999875
derpp,slowheat_replay_partial_output_beta_30_budget_0.25,classifier_gap,130501536,0.06369999999999998
derpp,slowheat_replay_partial_output_beta_30_budget_0.25,classifier_gap,492612040,0.06300000000000006
derpp,slowheat_replay_partial_output_beta_30_budget_0.25,elapsed_seconds,2101606466,75.00277604500297
derpp,slowheat_replay_partial_output_beta_30_budget_0.25,elapsed_seconds,1872839281,78.8974507280218
derpp,slowheat_replay_partial_output_beta_30_budget_0.25,elapsed_seconds,637029796,75.70672576903598
derpp,slowheat_replay_partial_output_beta_30_budget_0.25,elapsed_seconds,1357204345,71.62310138499015
derpp,slowheat_replay_partial_output_beta_30_budget_0.25,elapsed_seconds,1758462037,50.08114727202337
derpp,slowheat_replay_partial_output_beta_30_budget_0.25,elapsed_seconds,748737880,76.19474061400979
derpp,slowheat_replay_partial_output_beta_30_budget_0.25,elapsed_seconds,1611510062,75.03891416199622
derpp,slowheat_replay_partial_output_beta_30_budget_0.25,elapsed_seconds,333205446,47.983919171994785
derpp,slowheat_replay_partial_output_beta_30_budget_0.25,elapsed_seconds,130501536,77.85048693200224
derpp,slowheat_replay_partial_output_beta_30_budget_0.25,elapsed_seconds,492612040,82.79755708700395
derpp,slowheat_replay_partial_output_beta_30_budget_0.25,learner_examples_processed,2101606466,0.0
derpp,slowheat_replay_partial_output_beta_30_budget_0.25,learner_examples_processed,1872839281,0.0
derpp,slowheat_replay_partial_output_beta_30_budget_0.25,learner_examples_processed,637029796,0.0
derpp,slowheat_replay_partial_output_beta_30_budget_0.25,learner_examples_processed,1357204345,0.0
derpp,slowheat_replay_partial_output_beta_30_budget_0.25,learner_examples_processed,1758462037,0.0
derpp,slowheat_replay_partial_output_beta_30_budget_0.25,learner_examples_processed,748737880,0.0
derpp,slowheat_replay_partial_output_beta_30_budget_0.25,learner_examples_processed,1611510062,0.0
derpp,slowheat_replay_partial_output_beta_30_budget_0.25,learner_examples_processed,333205446,0.0
derpp,slowheat_replay_partial_output_beta_30_budget_0.25,learner_examples_processed,130501536,0.0
derpp,slowheat_replay_partial_output_beta_30_budget_0.25,learner_examples_processed,492612040,0.0
derpp,slowheat_replay_partial_output_beta_30_budget_0.25,total_model_examples_processed,2101606466,0.0
derpp,slowheat_replay_partial_output_beta_30_budget_0.25,total_model_examples_processed,1872839281,0.0
derpp,slowheat_replay_partial_output_beta_30_budget_0.25,total_model_examples_processed,637029796,0.0
derpp,slowheat_replay_partial_output_beta_30_budget_0.25,total_model_examples_processed,1357204345,0.0
derpp,slowheat_replay_partial_output_beta_30_budget_0.25,total_model_examples_processed,1758462037,0.0
derpp,slowheat_replay_partial_output_beta_30_budget_0.25,total_model_examples_processed,748737880,0.0
derpp,slowheat_replay_partial_output_beta_30_budget_0.25,total_model_examples_processed,1611510062,0.0
derpp,slowheat_replay_partial_output_beta_30_budget_0.25,total_model_examples_processed,333205446,0.0
derpp,slowheat_replay_partial_output_beta_30_budget_0.25,total_model_examples_processed,130501536,0.0
derpp,slowheat_replay_partial_output_beta_30_budget_0.25,total_model_examples_processed,492612040,0.0
derpp,slowheat_replay_partial_output_beta_30_budget_0.25,estimated_total_flops,2101606466,15072367060.0
derpp,slowheat_replay_partial_output_beta_30_budget_0.25,estimated_total_flops,1872839281,15072367060.0
derpp,slowheat_replay_partial_output_beta_30_budget_0.25,estimated_total_flops,637029796,15072367060.0
derpp,slowheat_replay_partial_output_beta_30_budget_0.25,estimated_total_flops,1357204345,15072367060.0
derpp,slowheat_replay_partial_output_beta_30_budget_0.25,estimated_total_flops,1758462037,15072367060.0
derpp,slowheat_replay_partial_output_beta_30_budget_0.25,estimated_total_flops,748737880,15072367060.0
derpp,slowheat_replay_partial_output_beta_30_budget_0.25,estimated_total_flops,1611510062,15072367060.0
derpp,slowheat_replay_partial_output_beta_30_budget_0.25,estimated_total_flops,333205446,15072367060.0
derpp,slowheat_replay_partial_output_beta_30_budget_0.25,estimated_total_flops,130501536,15072367060.0
derpp,slowheat_replay_partial_output_beta_30_budget_0.25,estimated_total_flops,492612040,15072367060.0
derpp,slowheat_replay_partial_output_beta_30_budget_0.25,estimated_overhead_flops,2101606466,15072367060.0
derpp,slowheat_replay_partial_output_beta_30_budget_0.25,estimated_overhead_flops,1872839281,15072367060.0
derpp,slowheat_replay_partial_output_beta_30_budget_0.25,estimated_overhead_flops,637029796,15072367060.0
derpp,slowheat_replay_partial_output_beta_30_budget_0.25,estimated_overhead_flops,1357204345,15072367060.0
derpp,slowheat_replay_partial_output_beta_30_budget_0.25,estimated_overhead_flops,1758462037,15072367060.0
derpp,slowheat_replay_partial_output_beta_30_budget_0.25,estimated_overhead_flops,748737880,15072367060.0
derpp,slowheat_replay_partial_output_beta_30_budget_0.25,estimated_overhead_flops,1611510062,15072367060.0
derpp,slowheat_replay_partial_output_beta_30_budget_0.25,estimated_overhead_flops,333205446,15072367060.0
derpp,slowheat_replay_partial_output_beta_30_budget_0.25,estimated_overhead_flops,130501536,15072367060.0
derpp,slowheat_replay_partial_output_beta_30_budget_0.25,estimated_overhead_flops,492612040,15072367060.0
derpp,slowheat_replay_partial_output_beta_30_budget_0.25,replay_memory_bytes,2101606466,0.0
derpp,slowheat_replay_partial_output_beta_30_budget_0.25,replay_memory_bytes,1872839281,0.0
derpp,slowheat_replay_partial_output_beta_30_budget_0.25,replay_memory_bytes,637029796,0.0
derpp,slowheat_replay_partial_output_beta_30_budget_0.25,replay_memory_bytes,1357204345,0.0
derpp,slowheat_replay_partial_output_beta_30_budget_0.25,replay_memory_bytes,1758462037,0.0
derpp,slowheat_replay_partial_output_beta_30_budget_0.25,replay_memory_bytes,748737880,0.0
derpp,slowheat_replay_partial_output_beta_30_budget_0.25,replay_memory_bytes,1611510062,0.0
derpp,slowheat_replay_partial_output_beta_30_budget_0.25,replay_memory_bytes,333205446,0.0
derpp,slowheat_replay_partial_output_beta_30_budget_0.25,replay_memory_bytes,130501536,0.0
derpp,slowheat_replay_partial_output_beta_30_budget_0.25,replay_memory_bytes,492612040,0.0
derpp,slowheat_replay_partial_output_beta_30_budget_0.25,stored_logits_bytes,2101606466,-8000.0
derpp,slowheat_replay_partial_output_beta_30_budget_0.25,stored_logits_bytes,1872839281,-8000.0
derpp,slowheat_replay_partial_output_beta_30_budget_0.25,stored_logits_bytes,637029796,-8000.0
derpp,slowheat_replay_partial_output_beta_30_budget_0.25,stored_logits_bytes,1357204345,-8000.0
derpp,slowheat_replay_partial_output_beta_30_budget_0.25,stored_logits_bytes,1758462037,-8000.0
derpp,slowheat_replay_partial_output_beta_30_budget_0.25,stored_logits_bytes,748737880,-8000.0
derpp,slowheat_replay_partial_output_beta_30_budget_0.25,stored_logits_bytes,1611510062,-8000.0
derpp,slowheat_replay_partial_output_beta_30_budget_0.25,stored_logits_bytes,333205446,-8000.0
derpp,slowheat_replay_partial_output_beta_30_budget_0.25,stored_logits_bytes,130501536,-8000.0
derpp,slowheat_replay_partial_output_beta_30_budget_0.25,stored_logits_bytes,492612040,-8000.0
derpp,slowheat_replay_hidden_beta_30_budget_0.25_calibrated,final_average_accuracy,2101606466,0.016999999999999987
derpp,slowheat_replay_hidden_beta_30_budget_0.25_calibrated,final_average_accuracy,1872839281,0.024999999999999994
derpp,slowheat_replay_hidden_beta_30_budget_0.25_calibrated,final_average_accuracy,637029796,0.010300000000000004
derpp,slowheat_replay_hidden_beta_30_budget_0.25_calibrated,final_average_accuracy,1357204345,0.002599999999999991
derpp,slowheat_replay_hidden_beta_30_budget_0.25_calibrated,final_average_accuracy,1758462037,-0.005100000000000021
derpp,slowheat_replay_hidden_beta_30_budget_0.25_calibrated,final_average_accuracy,748737880,0.011800000000000033
derpp,slowheat_replay_hidden_beta_30_budget_0.25_calibrated,final_average_accuracy,1611510062,0.0025000000000000022
derpp,slowheat_replay_hidden_beta_30_budget_0.25_calibrated,final_average_accuracy,333205446,-0.003599999999999992
derpp,slowheat_replay_hidden_beta_30_budget_0.25_calibrated,final_average_accuracy,130501536,-0.007500000000000007
derpp,slowheat_replay_hidden_beta_30_budget_0.25_calibrated,final_average_accuracy,492612040,0.003699999999999981
derpp,slowheat_replay_hidden_beta_30_budget_0.25_calibrated,average_forgetting,2101606466,-0.02012500000000017
derpp,slowheat_replay_hidden_beta_30_budget_0.25_calibrated,average_forgetting,1872839281,-0.0422499999999999
derpp,slowheat_replay_hidden_beta_30_budget_0.25_calibrated,average_forgetting,637029796,-0.0276249999999999
derpp,slowheat_replay_hidden_beta_30_budget_0.25_calibrated,average_forgetting,1357204345,0.0007500000000000284
derpp,slowheat_replay_hidden_beta_30_budget_0.25_calibrated,average_forgetting,1758462037,0.0016249999999999876
derpp,slowheat_replay_hidden_beta_30_budget_0.25_calibrated,average_forgetting,748737880,-0.02487499999999998
derpp,slowheat_replay_hidden_beta_30_budget_0.25_calibrated,average_forgetting,1611510062,-0.009124999999999939
derpp,slowheat_replay_hidden_beta_30_budget_0.25_calibrated,average_forgetting,333205446,-0.0030000000000000027
derpp,slowheat_replay_hidden_beta_30_budget_0.25_calibrated,average_forgetting,130501536,-0.0004999999999999449
derpp,slowheat_replay_hidden_beta_30_budget_0.25_calibrated,average_forgetting,492612040,-0.018125000000000058
derpp,slowheat_replay_hidden_beta_30_budget_0.25_calibrated,backward_transfer,2101606466,0.02012500000000017
derpp,slowheat_replay_hidden_beta_30_budget_0.25_calibrated,backward_transfer,1872839281,0.0422499999999999
derpp,slowheat_replay_hidden_beta_30_budget_0.25_calibrated,backward_transfer,637029796,0.0276249999999999
derpp,slowheat_replay_hidden_beta_30_budget_0.25_calibrated,backward_transfer,1357204345,-0.0007500000000000284
derpp,slowheat_replay_hidden_beta_30_budget_0.25_calibrated,backward_transfer,1758462037,-0.0016249999999999876
derpp,slowheat_replay_hidden_beta_30_budget_0.25_calibrated,backward_transfer,748737880,0.02487499999999998
derpp,slowheat_replay_hidden_beta_30_budget_0.25_calibrated,backward_transfer,1611510062,0.009124999999999939
derpp,slowheat_replay_hidden_beta_30_budget_0.25_calibrated,backward_transfer,333205446,0.0030000000000000027
derpp,slowheat_replay_hidden_beta_30_budget_0.25_calibrated,backward_transfer,130501536,0.0004999999999999449
derpp,slowheat_replay_hidden_beta_30_budget_0.25_calibrated,backward_transfer,492612040,0.018125000000000058
derpp,slowheat_replay_hidden_beta_30_budget_0.25_calibrated,forward_transfer,2101606466,-0.0061249999999999916
derpp,slowheat_replay_hidden_beta_30_budget_0.25_calibrated,forward_transfer,1872839281,0.00037499999999998646
derpp,slowheat_replay_hidden_beta_30_budget_0.25_calibrated,forward_transfer,637029796,-0.007000000000000006
derpp,slowheat_replay_hidden_beta_30_budget_0.25_calibrated,forward_transfer,1357204345,0.02149999999999999
derpp,slowheat_replay_hidden_beta_30_budget_0.25_calibrated,forward_transfer,1758462037,0.014124999999999999
derpp,slowheat_replay_hidden_beta_30_budget_0.25_calibrated,forward_transfer,748737880,0.007000000000000006
derpp,slowheat_replay_hidden_beta_30_budget_0.25_calibrated,forward_transfer,1611510062,0.0018750000000000155
derpp,slowheat_replay_hidden_beta_30_budget_0.25_calibrated,forward_transfer,333205446,-0.008124999999999993
derpp,slowheat_replay_hidden_beta_30_budget_0.25_calibrated,forward_transfer,130501536,-0.023749999999999993
derpp,slowheat_replay_hidden_beta_30_budget_0.25_calibrated,forward_transfer,492612040,0.0012500000000000011
derpp,slowheat_replay_hidden_beta_30_budget_0.25_calibrated,task_aware_final_accuracy,2101606466,0.06249999999999989
derpp,slowheat_replay_hidden_beta_30_budget_0.25_calibrated,task_aware_final_accuracy,1872839281,0.05790000000000006
derpp,slowheat_replay_hidden_beta_30_budget_0.25_calibrated,task_aware_final_accuracy,637029796,0.020600000000000063
derpp,slowheat_replay_hidden_beta_30_budget_0.25_calibrated,task_aware_final_accuracy,1357204345,0.04320000000000024
derpp,slowheat_replay_hidden_beta_30_budget_0.25_calibrated,task_aware_final_accuracy,1758462037,0.03979999999999995
derpp,slowheat_replay_hidden_beta_30_budget_0.25_calibrated,task_aware_final_accuracy,748737880,0.08509999999999995
derpp,slowheat_replay_hidden_beta_30_budget_0.25_calibrated,task_aware_final_accuracy,1611510062,0.036800000000000055
derpp,slowheat_replay_hidden_beta_30_budget_0.25_calibrated,task_aware_final_accuracy,333205446,0.012199999999999878
derpp,slowheat_replay_hidden_beta_30_budget_0.25_calibrated,task_aware_final_accuracy,130501536,0.020299999999999874
derpp,slowheat_replay_hidden_beta_30_budget_0.25_calibrated,task_aware_final_accuracy,492612040,0.04489999999999994
derpp,slowheat_replay_hidden_beta_30_budget_0.25_calibrated,task_aware_forgetting,2101606466,-0.07275000000000001
derpp,slowheat_replay_hidden_beta_30_budget_0.25_calibrated,task_aware_forgetting,1872839281,-0.07949999999999999
derpp,slowheat_replay_hidden_beta_30_budget_0.25_calibrated,task_aware_forgetting,637029796,-0.035750000000000004
derpp,slowheat_replay_hidden_beta_30_budget_0.25_calibrated,task_aware_forgetting,1357204345,-0.04675000000000004
derpp,slowheat_replay_hidden_beta_30_budget_0.25_calibrated,task_aware_forgetting,1758462037,-0.05137499999999995
derpp,slowheat_replay_hidden_beta_30_budget_0.25_calibrated,task_aware_forgetting,748737880,-0.11374999999999999
derpp,slowheat_replay_hidden_beta_30_budget_0.25_calibrated,task_aware_forgetting,1611510062,-0.047750000000000015
derpp,slowheat_replay_hidden_beta_30_budget_0.25_calibrated,task_aware_forgetting,333205446,-0.01912500000000006
derpp,slowheat_replay_hidden_beta_30_budget_0.25_calibrated,task_aware_forgetting,130501536,-0.03087500000000004
derpp,slowheat_replay_hidden_beta_30_budget_0.25_calibrated,task_aware_forgetting,492612040,-0.06512500000000002
derpp,slowheat_replay_hidden_beta_30_budget_0.25_calibrated,classifier_gap,2101606466,0.045499999999999874
derpp,slowheat_replay_hidden_beta_30_budget_0.25_calibrated,classifier_gap,1872839281,0.03290000000000004
derpp,slowheat_replay_hidden_beta_30_budget_0.25_calibrated,classifier_gap,637029796,0.010300000000000031
derpp,slowheat_replay_hidden_beta_30_budget_0.25_calibrated,classifier_gap,1357204345,0.04060000000000025
derpp,slowheat_replay_hidden_beta_30_budget_0.25_calibrated,classifier_gap,1758462037,0.04489999999999994
derpp,slowheat_replay_hidden_beta_30_budget_0.25_calibrated,classifier_gap,748737880,0.07329999999999992
derpp,slowheat_replay_hidden_beta_30_budget_0.25_calibrated,classifier_gap,1611510062,0.03430000000000005
derpp,slowheat_replay_hidden_beta_30_budget_0.25_calibrated,classifier_gap,333205446,0.015799999999999925
derpp,slowheat_replay_hidden_beta_30_budget_0.25_calibrated,classifier_gap,130501536,0.02779999999999988
derpp,slowheat_replay_hidden_beta_30_budget_0.25_calibrated,classifier_gap,492612040,0.041200000000000014
derpp,slowheat_replay_hidden_beta_30_budget_0.25_calibrated,elapsed_seconds,2101606466,76.47746138199
derpp,slowheat_replay_hidden_beta_30_budget_0.25_calibrated,elapsed_seconds,1872839281,78.85572824301198
derpp,slowheat_replay_hidden_beta_30_budget_0.25_calibrated,elapsed_seconds,637029796,76.32052773502073
derpp,slowheat_replay_hidden_beta_30_budget_0.25_calibrated,elapsed_seconds,1357204345,77.7930672049697
derpp,slowheat_replay_hidden_beta_30_budget_0.25_calibrated,elapsed_seconds,1758462037,49.905260527011706
derpp,slowheat_replay_hidden_beta_30_budget_0.25_calibrated,elapsed_seconds,748737880,48.855884466000134
derpp,slowheat_replay_hidden_beta_30_budget_0.25_calibrated,elapsed_seconds,1611510062,75.28363832298783
derpp,slowheat_replay_hidden_beta_30_budget_0.25_calibrated,elapsed_seconds,333205446,48.68856532301288
derpp,slowheat_replay_hidden_beta_30_budget_0.25_calibrated,elapsed_seconds,130501536,78.47518395000952
derpp,slowheat_replay_hidden_beta_30_budget_0.25_calibrated,elapsed_seconds,492612040,82.71570552399498
derpp,slowheat_replay_hidden_beta_30_budget_0.25_calibrated,learner_examples_processed,2101606466,0.0
derpp,slowheat_replay_hidden_beta_30_budget_0.25_calibrated,learner_examples_processed,1872839281,0.0
derpp,slowheat_replay_hidden_beta_30_budget_0.25_calibrated,learner_examples_processed,637029796,0.0
derpp,slowheat_replay_hidden_beta_30_budget_0.25_calibrated,learner_examples_processed,1357204345,0.0
derpp,slowheat_replay_hidden_beta_30_budget_0.25_calibrated,learner_examples_processed,1758462037,0.0
derpp,slowheat_replay_hidden_beta_30_budget_0.25_calibrated,learner_examples_processed,748737880,0.0
derpp,slowheat_replay_hidden_beta_30_budget_0.25_calibrated,learner_examples_processed,1611510062,0.0
derpp,slowheat_replay_hidden_beta_30_budget_0.25_calibrated,learner_examples_processed,333205446,0.0
derpp,slowheat_replay_hidden_beta_30_budget_0.25_calibrated,learner_examples_processed,130501536,0.0
derpp,slowheat_replay_hidden_beta_30_budget_0.25_calibrated,learner_examples_processed,492612040,0.0
derpp,slowheat_replay_hidden_beta_30_budget_0.25_calibrated,total_model_examples_processed,2101606466,0.0
derpp,slowheat_replay_hidden_beta_30_budget_0.25_calibrated,total_model_examples_processed,1872839281,0.0
derpp,slowheat_replay_hidden_beta_30_budget_0.25_calibrated,total_model_examples_processed,637029796,0.0
derpp,slowheat_replay_hidden_beta_30_budget_0.25_calibrated,total_model_examples_processed,1357204345,0.0
derpp,slowheat_replay_hidden_beta_30_budget_0.25_calibrated,total_model_examples_processed,1758462037,0.0
derpp,slowheat_replay_hidden_beta_30_budget_0.25_calibrated,total_model_examples_processed,748737880,0.0
derpp,slowheat_replay_hidden_beta_30_budget_0.25_calibrated,total_model_examples_processed,1611510062,0.0
derpp,slowheat_replay_hidden_beta_30_budget_0.25_calibrated,total_model_examples_processed,333205446,0.0
derpp,slowheat_replay_hidden_beta_30_budget_0.25_calibrated,total_model_examples_processed,130501536,0.0
derpp,slowheat_replay_hidden_beta_30_budget_0.25_calibrated,total_model_examples_processed,492612040,0.0
derpp,slowheat_replay_hidden_beta_30_budget_0.25_calibrated,estimated_total_flops,2101606466,15033628160.0
derpp,slowheat_replay_hidden_beta_30_budget_0.25_calibrated,estimated_total_flops,1872839281,15033628160.0
derpp,slowheat_replay_hidden_beta_30_budget_0.25_calibrated,estimated_total_flops,637029796,15033628160.0
derpp,slowheat_replay_hidden_beta_30_budget_0.25_calibrated,estimated_total_flops,1357204345,15033628160.0
derpp,slowheat_replay_hidden_beta_30_budget_0.25_calibrated,estimated_total_flops,1758462037,15033628160.0
derpp,slowheat_replay_hidden_beta_30_budget_0.25_calibrated,estimated_total_flops,748737880,15033628160.0
derpp,slowheat_replay_hidden_beta_30_budget_0.25_calibrated,estimated_total_flops,1611510062,15033628160.0
derpp,slowheat_replay_hidden_beta_30_budget_0.25_calibrated,estimated_total_flops,333205446,15033628160.0
derpp,slowheat_replay_hidden_beta_30_budget_0.25_calibrated,estimated_total_flops,130501536,15033628160.0
derpp,slowheat_replay_hidden_beta_30_budget_0.25_calibrated,estimated_total_flops,492612040,15033628160.0
derpp,slowheat_replay_hidden_beta_30_budget_0.25_calibrated,estimated_overhead_flops,2101606466,15033628160.0
derpp,slowheat_replay_hidden_beta_30_budget_0.25_calibrated,estimated_overhead_flops,1872839281,15033628160.0
derpp,slowheat_replay_hidden_beta_30_budget_0.25_calibrated,estimated_overhead_flops,637029796,15033628160.0
derpp,slowheat_replay_hidden_beta_30_budget_0.25_calibrated,estimated_overhead_flops,1357204345,15033628160.0
derpp,slowheat_replay_hidden_beta_30_budget_0.25_calibrated,estimated_overhead_flops,1758462037,15033628160.0
derpp,slowheat_replay_hidden_beta_30_budget_0.25_calibrated,estimated_overhead_flops,748737880,15033628160.0
derpp,slowheat_replay_hidden_beta_30_budget_0.25_calibrated,estimated_overhead_flops,1611510062,15033628160.0
derpp,slowheat_replay_hidden_beta_30_budget_0.25_calibrated,estimated_overhead_flops,333205446,15033628160.0
derpp,slowheat_replay_hidden_beta_30_budget_0.25_calibrated,estimated_overhead_flops,130501536,15033628160.0
derpp,slowheat_replay_hidden_beta_30_budget_0.25_calibrated,estimated_overhead_flops,492612040,15033628160.0
derpp,slowheat_replay_hidden_beta_30_budget_0.25_calibrated,replay_memory_bytes,2101606466,0.0
derpp,slowheat_replay_hidden_beta_30_budget_0.25_calibrated,replay_memory_bytes,1872839281,0.0
derpp,slowheat_replay_hidden_beta_30_budget_0.25_calibrated,replay_memory_bytes,637029796,0.0
derpp,slowheat_replay_hidden_beta_30_budget_0.25_calibrated,replay_memory_bytes,1357204345,0.0
derpp,slowheat_replay_hidden_beta_30_budget_0.25_calibrated,replay_memory_bytes,1758462037,0.0
derpp,slowheat_replay_hidden_beta_30_budget_0.25_calibrated,replay_memory_bytes,748737880,0.0
derpp,slowheat_replay_hidden_beta_30_budget_0.25_calibrated,replay_memory_bytes,1611510062,0.0
derpp,slowheat_replay_hidden_beta_30_budget_0.25_calibrated,replay_memory_bytes,333205446,0.0
derpp,slowheat_replay_hidden_beta_30_budget_0.25_calibrated,replay_memory_bytes,130501536,0.0
derpp,slowheat_replay_hidden_beta_30_budget_0.25_calibrated,replay_memory_bytes,492612040,0.0
derpp,slowheat_replay_hidden_beta_30_budget_0.25_calibrated,stored_logits_bytes,2101606466,-8000.0
derpp,slowheat_replay_hidden_beta_30_budget_0.25_calibrated,stored_logits_bytes,1872839281,-8000.0
derpp,slowheat_replay_hidden_beta_30_budget_0.25_calibrated,stored_logits_bytes,637029796,-8000.0
derpp,slowheat_replay_hidden_beta_30_budget_0.25_calibrated,stored_logits_bytes,1357204345,-8000.0
derpp,slowheat_replay_hidden_beta_30_budget_0.25_calibrated,stored_logits_bytes,1758462037,-8000.0
derpp,slowheat_replay_hidden_beta_30_budget_0.25_calibrated,stored_logits_bytes,748737880,-8000.0
derpp,slowheat_replay_hidden_beta_30_budget_0.25_calibrated,stored_logits_bytes,1611510062,-8000.0
derpp,slowheat_replay_hidden_beta_30_budget_0.25_calibrated,stored_logits_bytes,333205446,-8000.0
derpp,slowheat_replay_hidden_beta_30_budget_0.25_calibrated,stored_logits_bytes,130501536,-8000.0
derpp,slowheat_replay_hidden_beta_30_budget_0.25_calibrated,stored_logits_bytes,492612040,-8000.0
