reference,method,metric,seed,difference
replay,vanilla,final_average_accuracy,311,-0.5606
replay,vanilla,final_average_accuracy,617,-0.5968
replay,vanilla,final_average_accuracy,919,-0.5586
replay,vanilla,final_average_accuracy,1223,-0.5549999999999999
replay,vanilla,final_average_accuracy,1523,-0.561
replay,vanilla,final_average_accuracy,1823,-0.5604
replay,vanilla,final_average_accuracy,2129,-0.5679999999999998
replay,vanilla,final_average_accuracy,2423,-0.5406
replay,vanilla,final_average_accuracy,2729,-0.5584
replay,vanilla,final_average_accuracy,3037,-0.5724
replay,vanilla,average_forgetting,311,0.7042499999999998
replay,vanilla,average_forgetting,617,0.74725
replay,vanilla,average_forgetting,919,0.7015
replay,vanilla,average_forgetting,1223,0.6947499999999999
replay,vanilla,average_forgetting,1523,0.70425
replay,vanilla,average_forgetting,1823,0.70225
replay,vanilla,average_forgetting,2129,0.71275
replay,vanilla,average_forgetting,2423,0.67675
replay,vanilla,average_forgetting,2729,0.7015
replay,vanilla,average_forgetting,3037,0.7177500000000001
replay,vanilla,backward_transfer,311,-0.7042499999999998
replay,vanilla,backward_transfer,617,-0.74725
replay,vanilla,backward_transfer,919,-0.7015
replay,vanilla,backward_transfer,1223,-0.6947499999999999
replay,vanilla,backward_transfer,1523,-0.70425
replay,vanilla,backward_transfer,1823,-0.70225
replay,vanilla,backward_transfer,2129,-0.71275
replay,vanilla,backward_transfer,2423,-0.67675
replay,vanilla,backward_transfer,2729,-0.7015
replay,vanilla,backward_transfer,3037,-0.7177500000000001
replay,vanilla,forward_transfer,311,0.0
replay,vanilla,forward_transfer,617,-0.000250000000000028
replay,vanilla,forward_transfer,919,-0.0007500000000000007
replay,vanilla,forward_transfer,1223,-0.0005000000000000004
replay,vanilla,forward_transfer,1523,-0.0017500000000000016
replay,vanilla,forward_transfer,1823,0.0
replay,vanilla,forward_transfer,2129,-0.0007500000000000007
replay,vanilla,forward_transfer,2423,0.0
replay,vanilla,forward_transfer,2729,0.0
replay,vanilla,forward_transfer,3037,-0.008250000000000004
replay,vanilla,task_aware_final_accuracy,311,-0.2884000000000001
replay,vanilla,task_aware_final_accuracy,617,-0.3148000000000002
replay,vanilla,task_aware_final_accuracy,919,-0.3114
replay,vanilla,task_aware_final_accuracy,1223,-0.3839999999999999
replay,vanilla,task_aware_final_accuracy,1523,-0.26059999999999983
replay,vanilla,task_aware_final_accuracy,1823,-0.33719999999999983
replay,vanilla,task_aware_final_accuracy,2129,-0.383
replay,vanilla,task_aware_final_accuracy,2423,-0.24680000000000002
replay,vanilla,task_aware_final_accuracy,2729,-0.32799999999999996
replay,vanilla,task_aware_final_accuracy,3037,-0.3296000000000001
replay,vanilla,task_aware_forgetting,311,0.3577499999999999
replay,vanilla,task_aware_forgetting,617,0.3895
replay,vanilla,task_aware_forgetting,919,0.38749999999999996
replay,vanilla,task_aware_forgetting,1223,0.47675
replay,vanilla,task_aware_forgetting,1523,0.3237499999999999
replay,vanilla,task_aware_forgetting,1823,0.41925
replay,vanilla,task_aware_forgetting,2129,0.476
replay,vanilla,task_aware_forgetting,2423,0.30574999999999997
replay,vanilla,task_aware_forgetting,2729,0.4084999999999999
replay,vanilla,task_aware_forgetting,3037,0.4095
replay,vanilla,classifier_gap,311,0.2721999999999999
replay,vanilla,classifier_gap,617,0.28199999999999986
replay,vanilla,classifier_gap,919,0.24720000000000003
replay,vanilla,classifier_gap,1223,0.1710000000000001
replay,vanilla,classifier_gap,1523,0.3004000000000002
replay,vanilla,classifier_gap,1823,0.22320000000000018
replay,vanilla,classifier_gap,2129,0.1849999999999999
replay,vanilla,classifier_gap,2423,0.29380000000000006
replay,vanilla,classifier_gap,2729,0.23040000000000005
replay,vanilla,classifier_gap,3037,0.24279999999999996
replay,vanilla,elapsed_seconds,311,-0.7594281190249603
replay,vanilla,elapsed_seconds,617,-0.848624402016867
replay,vanilla,elapsed_seconds,919,-0.7203854930121452
replay,vanilla,elapsed_seconds,1223,-1.065508266998222
replay,vanilla,elapsed_seconds,1523,-0.8934973330178764
replay,vanilla,elapsed_seconds,1823,-0.7418467370152939
replay,vanilla,elapsed_seconds,2129,-0.7388007529953029
replay,vanilla,elapsed_seconds,2423,-0.7263728409889154
replay,vanilla,elapsed_seconds,2729,-0.9601419649843592
replay,vanilla,elapsed_seconds,3037,-0.7991968549904414
replay,vanilla,learner_examples_processed,311,-40960.0
replay,vanilla,learner_examples_processed,617,-40960.0
replay,vanilla,learner_examples_processed,919,-40960.0
replay,vanilla,learner_examples_processed,1223,-40960.0
replay,vanilla,learner_examples_processed,1523,-40960.0
replay,vanilla,learner_examples_processed,1823,-40960.0
replay,vanilla,learner_examples_processed,2129,-40960.0
replay,vanilla,learner_examples_processed,2423,-40960.0
replay,vanilla,learner_examples_processed,2729,-40960.0
replay,vanilla,learner_examples_processed,3037,-40960.0
replay,vanilla,total_model_examples_processed,311,-40960.0
replay,vanilla,total_model_examples_processed,617,-40960.0
replay,vanilla,total_model_examples_processed,919,-40960.0
replay,vanilla,total_model_examples_processed,1223,-40960.0
replay,vanilla,total_model_examples_processed,1523,-40960.0
replay,vanilla,total_model_examples_processed,1823,-40960.0
replay,vanilla,total_model_examples_processed,2129,-40960.0
replay,vanilla,total_model_examples_processed,2423,-40960.0
replay,vanilla,total_model_examples_processed,2729,-40960.0
replay,vanilla,total_model_examples_processed,3037,-40960.0
replay,vanilla,estimated_total_flops,311,-57692651520.0
replay,vanilla,estimated_total_flops,617,-57692651520.0
replay,vanilla,estimated_total_flops,919,-57692651520.0
replay,vanilla,estimated_total_flops,1223,-57692651520.0
replay,vanilla,estimated_total_flops,1523,-57692651520.0
replay,vanilla,estimated_total_flops,1823,-57692651520.0
replay,vanilla,estimated_total_flops,2129,-57692651520.0
replay,vanilla,estimated_total_flops,2423,-57692651520.0
replay,vanilla,estimated_total_flops,2729,-57692651520.0
replay,vanilla,estimated_total_flops,3037,-57692651520.0
replay,vanilla,estimated_overhead_flops,311,0.0
replay,vanilla,estimated_overhead_flops,617,0.0
replay,vanilla,estimated_overhead_flops,919,0.0
replay,vanilla,estimated_overhead_flops,1223,0.0
replay,vanilla,estimated_overhead_flops,1523,0.0
replay,vanilla,estimated_overhead_flops,1823,0.0
replay,vanilla,estimated_overhead_flops,2129,0.0
replay,vanilla,estimated_overhead_flops,2423,0.0
replay,vanilla,estimated_overhead_flops,2729,0.0
replay,vanilla,estimated_overhead_flops,3037,0.0
replay,vanilla,replay_memory_bytes,311,-628800.0
replay,vanilla,replay_memory_bytes,617,-628800.0
replay,vanilla,replay_memory_bytes,919,-628800.0
replay,vanilla,replay_memory_bytes,1223,-628800.0
replay,vanilla,replay_memory_bytes,1523,-628800.0
replay,vanilla,replay_memory_bytes,1823,-628800.0
replay,vanilla,replay_memory_bytes,2129,-628800.0
replay,vanilla,replay_memory_bytes,2423,-628800.0
replay,vanilla,replay_memory_bytes,2729,-628800.0
replay,vanilla,replay_memory_bytes,3037,-628800.0
replay,vanilla,stored_logits_bytes,311,0.0
replay,vanilla,stored_logits_bytes,617,0.0
replay,vanilla,stored_logits_bytes,919,0.0
replay,vanilla,stored_logits_bytes,1223,0.0
replay,vanilla,stored_logits_bytes,1523,0.0
replay,vanilla,stored_logits_bytes,1823,0.0
replay,vanilla,stored_logits_bytes,2129,0.0
replay,vanilla,stored_logits_bytes,2423,0.0
replay,vanilla,stored_logits_bytes,2729,0.0
replay,vanilla,stored_logits_bytes,3037,0.0
replay,slowheat,final_average_accuracy,311,-0.5641999999999999
replay,slowheat,final_average_accuracy,617,-0.5992000000000001
replay,slowheat,final_average_accuracy,919,-0.5598000000000001
replay,slowheat,final_average_accuracy,1223,-0.5572
replay,slowheat,final_average_accuracy,1523,-0.5640000000000001
replay,slowheat,final_average_accuracy,1823,-0.5604
replay,slowheat,final_average_accuracy,2129,-0.5737999999999999
replay,slowheat,final_average_accuracy,2423,-0.5436000000000001
replay,slowheat,final_average_accuracy,2729,-0.5616
replay,slowheat,final_average_accuracy,3037,-0.5756000000000001
replay,slowheat,average_forgetting,311,0.70025
replay,slowheat,average_forgetting,617,0.74575
replay,slowheat,average_forgetting,919,0.6980000000000001
replay,slowheat,average_forgetting,1223,0.69175
replay,slowheat,average_forgetting,1523,0.7000000000000001
replay,slowheat,average_forgetting,1823,0.6995
replay,slowheat,average_forgetting,2129,0.7092499999999999
replay,slowheat,average_forgetting,2423,0.67575
replay,slowheat,average_forgetting,2729,0.69825
replay,slowheat,average_forgetting,3037,0.7155
replay,slowheat,backward_transfer,311,-0.70025
replay,slowheat,backward_transfer,617,-0.74575
replay,slowheat,backward_transfer,919,-0.6980000000000001
replay,slowheat,backward_transfer,1223,-0.69175
replay,slowheat,backward_transfer,1523,-0.7000000000000001
replay,slowheat,backward_transfer,1823,-0.6995
replay,slowheat,backward_transfer,2129,-0.7092499999999999
replay,slowheat,backward_transfer,2423,-0.67575
replay,slowheat,backward_transfer,2729,-0.69825
replay,slowheat,backward_transfer,3037,-0.7155
replay,slowheat,forward_transfer,311,0.0
replay,slowheat,forward_transfer,617,-0.000250000000000028
replay,slowheat,forward_transfer,919,-0.0007500000000000007
replay,slowheat,forward_transfer,1223,-0.0005000000000000004
replay,slowheat,forward_transfer,1523,-0.0017500000000000016
replay,slowheat,forward_transfer,1823,0.0
replay,slowheat,forward_transfer,2129,-0.0007500000000000007
replay,slowheat,forward_transfer,2423,0.0
replay,slowheat,forward_transfer,2729,0.0
replay,slowheat,forward_transfer,3037,-0.008250000000000004
replay,slowheat,task_aware_final_accuracy,311,-0.2966
replay,slowheat,task_aware_final_accuracy,617,-0.2826000000000002
replay,slowheat,task_aware_final_accuracy,919,-0.31979999999999986
replay,slowheat,task_aware_final_accuracy,1223,-0.29059999999999986
replay,slowheat,task_aware_final_accuracy,1523,-0.3335999999999999
replay,slowheat,task_aware_final_accuracy,1823,-0.26239999999999986
replay,slowheat,task_aware_final_accuracy,2129,-0.23399999999999999
replay,slowheat,task_aware_final_accuracy,2423,-0.3802
replay,slowheat,task_aware_final_accuracy,2729,-0.3208
replay,slowheat,task_aware_final_accuracy,3037,-0.2906000000000001
replay,slowheat,task_aware_forgetting,311,0.35949999999999993
replay,slowheat,task_aware_forgetting,617,0.34475000000000006
replay,slowheat,task_aware_forgetting,919,0.393
replay,slowheat,task_aware_forgetting,1223,0.35424999999999995
replay,slowheat,task_aware_forgetting,1523,0.407
replay,slowheat,task_aware_forgetting,1823,0.32299999999999995
replay,slowheat,task_aware_forgetting,2129,0.2789999999999999
replay,slowheat,task_aware_forgetting,2423,0.46775
replay,slowheat,task_aware_forgetting,2729,0.39224999999999993
replay,slowheat,task_aware_forgetting,3037,0.3544999999999999
replay,slowheat,classifier_gap,311,0.26759999999999995
replay,slowheat,classifier_gap,617,0.3165999999999999
replay,slowheat,classifier_gap,919,0.24000000000000016
replay,slowheat,classifier_gap,1223,0.26660000000000017
replay,slowheat,classifier_gap,1523,0.23040000000000016
replay,slowheat,classifier_gap,1823,0.29800000000000015
replay,slowheat,classifier_gap,2129,0.3397999999999999
replay,slowheat,classifier_gap,2423,0.16340000000000005
replay,slowheat,classifier_gap,2729,0.24080000000000001
replay,slowheat,classifier_gap,3037,0.28500000000000003
replay,slowheat,elapsed_seconds,311,1.5293341419892386
replay,slowheat,elapsed_seconds,617,1.4176214220060501
replay,slowheat,elapsed_seconds,919,1.494261565967463
replay,slowheat,elapsed_seconds,1223,1.4582492689951323
replay,slowheat,elapsed_seconds,1523,1.462832544988487
replay,slowheat,elapsed_seconds,1823,1.5337632199807558
replay,slowheat,elapsed_seconds,2129,1.5561705389991403
replay,slowheat,elapsed_seconds,2423,1.500016472011339
replay,slowheat,elapsed_seconds,2729,1.353731945011532
replay,slowheat,elapsed_seconds,3037,1.4574919970182236
replay,slowheat,learner_examples_processed,311,-40960.0
replay,slowheat,learner_examples_processed,617,-40960.0
replay,slowheat,learner_examples_processed,919,-40960.0
replay,slowheat,learner_examples_processed,1223,-40960.0
replay,slowheat,learner_examples_processed,1523,-40960.0
replay,slowheat,learner_examples_processed,1823,-40960.0
replay,slowheat,learner_examples_processed,2129,-40960.0
replay,slowheat,learner_examples_processed,2423,-40960.0
replay,slowheat,learner_examples_processed,2729,-40960.0
replay,slowheat,learner_examples_processed,3037,-40960.0
replay,slowheat,total_model_examples_processed,311,-40960.0
replay,slowheat,total_model_examples_processed,617,-40960.0
replay,slowheat,total_model_examples_processed,919,-40960.0
replay,slowheat,total_model_examples_processed,1223,-40960.0
replay,slowheat,total_model_examples_processed,1523,-40960.0
replay,slowheat,total_model_examples_processed,1823,-40960.0
replay,slowheat,total_model_examples_processed,2129,-40960.0
replay,slowheat,total_model_examples_processed,2423,-40960.0
replay,slowheat,total_model_examples_processed,2729,-40960.0
replay,slowheat,total_model_examples_processed,3037,-40960.0
replay,slowheat,estimated_total_flops,311,-57343137400.0
replay,slowheat,estimated_total_flops,617,-57343137400.0
replay,slowheat,estimated_total_flops,919,-57343137400.0
replay,slowheat,estimated_total_flops,1223,-57343137400.0
replay,slowheat,estimated_total_flops,1523,-57343137400.0
replay,slowheat,estimated_total_flops,1823,-57343137400.0
replay,slowheat,estimated_total_flops,2129,-57343137400.0
replay,slowheat,estimated_total_flops,2423,-57343137400.0
replay,slowheat,estimated_total_flops,2729,-57343137400.0
replay,slowheat,estimated_total_flops,3037,-57343137400.0
replay,slowheat,estimated_overhead_flops,311,349514120.0
replay,slowheat,estimated_overhead_flops,617,349514120.0
replay,slowheat,estimated_overhead_flops,919,349514120.0
replay,slowheat,estimated_overhead_flops,1223,349514120.0
replay,slowheat,estimated_overhead_flops,1523,349514120.0
replay,slowheat,estimated_overhead_flops,1823,349514120.0
replay,slowheat,estimated_overhead_flops,2129,349514120.0
replay,slowheat,estimated_overhead_flops,2423,349514120.0
replay,slowheat,estimated_overhead_flops,2729,349514120.0
replay,slowheat,estimated_overhead_flops,3037,349514120.0
replay,slowheat,replay_memory_bytes,311,-628800.0
replay,slowheat,replay_memory_bytes,617,-628800.0
replay,slowheat,replay_memory_bytes,919,-628800.0
replay,slowheat,replay_memory_bytes,1223,-628800.0
replay,slowheat,replay_memory_bytes,1523,-628800.0
replay,slowheat,replay_memory_bytes,1823,-628800.0
replay,slowheat,replay_memory_bytes,2129,-628800.0
replay,slowheat,replay_memory_bytes,2423,-628800.0
replay,slowheat,replay_memory_bytes,2729,-628800.0
replay,slowheat,replay_memory_bytes,3037,-628800.0
replay,slowheat,stored_logits_bytes,311,0.0
replay,slowheat,stored_logits_bytes,617,0.0
replay,slowheat,stored_logits_bytes,919,0.0
replay,slowheat,stored_logits_bytes,1223,0.0
replay,slowheat,stored_logits_bytes,1523,0.0
replay,slowheat,stored_logits_bytes,1823,0.0
replay,slowheat,stored_logits_bytes,2129,0.0
replay,slowheat,stored_logits_bytes,2423,0.0
replay,slowheat,stored_logits_bytes,2729,0.0
replay,slowheat,stored_logits_bytes,3037,0.0
replay,slowheat_beta_10,final_average_accuracy,311,-0.564
replay,slowheat_beta_10,final_average_accuracy,617,-0.5966
replay,slowheat_beta_10,final_average_accuracy,919,-0.5612
replay,slowheat_beta_10,final_average_accuracy,1223,-0.5594
replay,slowheat_beta_10,final_average_accuracy,1523,-0.562
replay,slowheat_beta_10,final_average_accuracy,1823,-0.5606
replay,slowheat_beta_10,final_average_accuracy,2129,-0.5723999999999999
replay,slowheat_beta_10,final_average_accuracy,2423,-0.5424
replay,slowheat_beta_10,final_average_accuracy,2729,-0.5604
replay,slowheat_beta_10,final_average_accuracy,3037,-0.5736000000000001
replay,slowheat_beta_10,average_forgetting,311,0.702
replay,slowheat_beta_10,average_forgetting,617,0.7469999999999999
replay,slowheat_beta_10,average_forgetting,919,0.6985
replay,slowheat_beta_10,average_forgetting,1223,0.693
replay,slowheat_beta_10,average_forgetting,1523,0.7025
replay,slowheat_beta_10,average_forgetting,1823,0.6992499999999999
replay,slowheat_beta_10,average_forgetting,2129,0.7104999999999999
replay,slowheat_beta_10,average_forgetting,2423,0.6772499999999999
replay,slowheat_beta_10,average_forgetting,2729,0.69875
replay,slowheat_beta_10,average_forgetting,3037,0.7164999999999999
replay,slowheat_beta_10,backward_transfer,311,-0.702
replay,slowheat_beta_10,backward_transfer,617,-0.7469999999999999
replay,slowheat_beta_10,backward_transfer,919,-0.6985
replay,slowheat_beta_10,backward_transfer,1223,-0.693
replay,slowheat_beta_10,backward_transfer,1523,-0.7025
replay,slowheat_beta_10,backward_transfer,1823,-0.6992499999999999
replay,slowheat_beta_10,backward_transfer,2129,-0.7104999999999999
replay,slowheat_beta_10,backward_transfer,2423,-0.6772499999999999
replay,slowheat_beta_10,backward_transfer,2729,-0.69875
replay,slowheat_beta_10,backward_transfer,3037,-0.7164999999999999
replay,slowheat_beta_10,forward_transfer,311,0.0
replay,slowheat_beta_10,forward_transfer,617,-0.000250000000000028
replay,slowheat_beta_10,forward_transfer,919,-0.0007500000000000007
replay,slowheat_beta_10,forward_transfer,1223,-0.0005000000000000004
replay,slowheat_beta_10,forward_transfer,1523,-0.0017500000000000016
replay,slowheat_beta_10,forward_transfer,1823,0.0
replay,slowheat_beta_10,forward_transfer,2129,-0.0007500000000000007
replay,slowheat_beta_10,forward_transfer,2423,0.0
replay,slowheat_beta_10,forward_transfer,2729,0.0
replay,slowheat_beta_10,forward_transfer,3037,-0.008250000000000004
replay,slowheat_beta_10,task_aware_final_accuracy,311,-0.24919999999999998
replay,slowheat_beta_10,task_aware_final_accuracy,617,-0.34960000000000013
replay,slowheat_beta_10,task_aware_final_accuracy,919,-0.34419999999999995
replay,slowheat_beta_10,task_aware_final_accuracy,1223,-0.2095999999999999
replay,slowheat_beta_10,task_aware_final_accuracy,1523,-0.24239999999999995
replay,slowheat_beta_10,task_aware_final_accuracy,1823,-0.24639999999999984
replay,slowheat_beta_10,task_aware_final_accuracy,2129,-0.30999999999999994
replay,slowheat_beta_10,task_aware_final_accuracy,2423,-0.36660000000000004
replay,slowheat_beta_10,task_aware_final_accuracy,2729,-0.2976000000000001
replay,slowheat_beta_10,task_aware_final_accuracy,3037,-0.30380000000000007
replay,slowheat_beta_10,task_aware_forgetting,311,0.30225
replay,slowheat_beta_10,task_aware_forgetting,617,0.433
replay,slowheat_beta_10,task_aware_forgetting,919,0.42225
replay,slowheat_beta_10,task_aware_forgetting,1223,0.25150000000000006
replay,slowheat_beta_10,task_aware_forgetting,1523,0.298
replay,slowheat_beta_10,task_aware_forgetting,1823,0.3025
replay,slowheat_beta_10,task_aware_forgetting,2129,0.377
replay,slowheat_beta_10,task_aware_forgetting,2423,0.45375
replay,slowheat_beta_10,task_aware_forgetting,2729,0.36525
replay,slowheat_beta_10,task_aware_forgetting,3037,0.37449999999999994
replay,slowheat_beta_10,classifier_gap,311,0.31479999999999997
replay,slowheat_beta_10,classifier_gap,617,0.2469999999999999
replay,slowheat_beta_10,classifier_gap,919,0.21700000000000008
replay,slowheat_beta_10,classifier_gap,1223,0.3498000000000001
replay,slowheat_beta_10,classifier_gap,1523,0.3196000000000001
replay,slowheat_beta_10,classifier_gap,1823,0.31420000000000026
replay,slowheat_beta_10,classifier_gap,2129,0.26239999999999997
replay,slowheat_beta_10,classifier_gap,2423,0.17579999999999996
replay,slowheat_beta_10,classifier_gap,2729,0.2627999999999999
replay,slowheat_beta_10,classifier_gap,3037,0.26980000000000004
replay,slowheat_beta_10,elapsed_seconds,311,1.3797711359802634
replay,slowheat_beta_10,elapsed_seconds,617,1.3995908589859027
replay,slowheat_beta_10,elapsed_seconds,919,1.561519058974227
replay,slowheat_beta_10,elapsed_seconds,1223,1.4566662050201558
replay,slowheat_beta_10,elapsed_seconds,1523,1.4520041700161528
replay,slowheat_beta_10,elapsed_seconds,1823,1.5415741879551206
replay,slowheat_beta_10,elapsed_seconds,2129,1.558022728015203
replay,slowheat_beta_10,elapsed_seconds,2423,1.4892197209701408
replay,slowheat_beta_10,elapsed_seconds,2729,1.3649963130010292
replay,slowheat_beta_10,elapsed_seconds,3037,1.457342197012622
replay,slowheat_beta_10,learner_examples_processed,311,-40960.0
replay,slowheat_beta_10,learner_examples_processed,617,-40960.0
replay,slowheat_beta_10,learner_examples_processed,919,-40960.0
replay,slowheat_beta_10,learner_examples_processed,1223,-40960.0
replay,slowheat_beta_10,learner_examples_processed,1523,-40960.0
replay,slowheat_beta_10,learner_examples_processed,1823,-40960.0
replay,slowheat_beta_10,learner_examples_processed,2129,-40960.0
replay,slowheat_beta_10,learner_examples_processed,2423,-40960.0
replay,slowheat_beta_10,learner_examples_processed,2729,-40960.0
replay,slowheat_beta_10,learner_examples_processed,3037,-40960.0
replay,slowheat_beta_10,total_model_examples_processed,311,-40960.0
replay,slowheat_beta_10,total_model_examples_processed,617,-40960.0
replay,slowheat_beta_10,total_model_examples_processed,919,-40960.0
replay,slowheat_beta_10,total_model_examples_processed,1223,-40960.0
replay,slowheat_beta_10,total_model_examples_processed,1523,-40960.0
replay,slowheat_beta_10,total_model_examples_processed,1823,-40960.0
replay,slowheat_beta_10,total_model_examples_processed,2129,-40960.0
replay,slowheat_beta_10,total_model_examples_processed,2423,-40960.0
replay,slowheat_beta_10,total_model_examples_processed,2729,-40960.0
replay,slowheat_beta_10,total_model_examples_processed,3037,-40960.0
replay,slowheat_beta_10,estimated_total_flops,311,-57343137400.0
replay,slowheat_beta_10,estimated_total_flops,617,-57343137400.0
replay,slowheat_beta_10,estimated_total_flops,919,-57343137400.0
replay,slowheat_beta_10,estimated_total_flops,1223,-57343137400.0
replay,slowheat_beta_10,estimated_total_flops,1523,-57343137400.0
replay,slowheat_beta_10,estimated_total_flops,1823,-57343137400.0
replay,slowheat_beta_10,estimated_total_flops,2129,-57343137400.0
replay,slowheat_beta_10,estimated_total_flops,2423,-57343137400.0
replay,slowheat_beta_10,estimated_total_flops,2729,-57343137400.0
replay,slowheat_beta_10,estimated_total_flops,3037,-57343137400.0
replay,slowheat_beta_10,estimated_overhead_flops,311,349514120.0
replay,slowheat_beta_10,estimated_overhead_flops,617,349514120.0
replay,slowheat_beta_10,estimated_overhead_flops,919,349514120.0
replay,slowheat_beta_10,estimated_overhead_flops,1223,349514120.0
replay,slowheat_beta_10,estimated_overhead_flops,1523,349514120.0
replay,slowheat_beta_10,estimated_overhead_flops,1823,349514120.0
replay,slowheat_beta_10,estimated_overhead_flops,2129,349514120.0
replay,slowheat_beta_10,estimated_overhead_flops,2423,349514120.0
replay,slowheat_beta_10,estimated_overhead_flops,2729,349514120.0
replay,slowheat_beta_10,estimated_overhead_flops,3037,349514120.0
replay,slowheat_beta_10,replay_memory_bytes,311,-628800.0
replay,slowheat_beta_10,replay_memory_bytes,617,-628800.0
replay,slowheat_beta_10,replay_memory_bytes,919,-628800.0
replay,slowheat_beta_10,replay_memory_bytes,1223,-628800.0
replay,slowheat_beta_10,replay_memory_bytes,1523,-628800.0
replay,slowheat_beta_10,replay_memory_bytes,1823,-628800.0
replay,slowheat_beta_10,replay_memory_bytes,2129,-628800.0
replay,slowheat_beta_10,replay_memory_bytes,2423,-628800.0
replay,slowheat_beta_10,replay_memory_bytes,2729,-628800.0
replay,slowheat_beta_10,replay_memory_bytes,3037,-628800.0
replay,slowheat_beta_10,stored_logits_bytes,311,0.0
replay,slowheat_beta_10,stored_logits_bytes,617,0.0
replay,slowheat_beta_10,stored_logits_bytes,919,0.0
replay,slowheat_beta_10,stored_logits_bytes,1223,0.0
replay,slowheat_beta_10,stored_logits_bytes,1523,0.0
replay,slowheat_beta_10,stored_logits_bytes,1823,0.0
replay,slowheat_beta_10,stored_logits_bytes,2129,0.0
replay,slowheat_beta_10,stored_logits_bytes,2423,0.0
replay,slowheat_beta_10,stored_logits_bytes,2729,0.0
replay,slowheat_beta_10,stored_logits_bytes,3037,0.0
replay,slowheat_beta_30,final_average_accuracy,311,-0.5641999999999999
replay,slowheat_beta_30,final_average_accuracy,617,-0.5992000000000001
replay,slowheat_beta_30,final_average_accuracy,919,-0.5598000000000001
replay,slowheat_beta_30,final_average_accuracy,1223,-0.5572
replay,slowheat_beta_30,final_average_accuracy,1523,-0.5640000000000001
replay,slowheat_beta_30,final_average_accuracy,1823,-0.5604
replay,slowheat_beta_30,final_average_accuracy,2129,-0.5737999999999999
replay,slowheat_beta_30,final_average_accuracy,2423,-0.5436000000000001
replay,slowheat_beta_30,final_average_accuracy,2729,-0.5616
replay,slowheat_beta_30,final_average_accuracy,3037,-0.5756000000000001
replay,slowheat_beta_30,average_forgetting,311,0.70025
replay,slowheat_beta_30,average_forgetting,617,0.74575
replay,slowheat_beta_30,average_forgetting,919,0.6980000000000001
replay,slowheat_beta_30,average_forgetting,1223,0.69175
replay,slowheat_beta_30,average_forgetting,1523,0.7000000000000001
replay,slowheat_beta_30,average_forgetting,1823,0.6995
replay,slowheat_beta_30,average_forgetting,2129,0.7092499999999999
replay,slowheat_beta_30,average_forgetting,2423,0.67575
replay,slowheat_beta_30,average_forgetting,2729,0.69825
replay,slowheat_beta_30,average_forgetting,3037,0.7155
replay,slowheat_beta_30,backward_transfer,311,-0.70025
replay,slowheat_beta_30,backward_transfer,617,-0.74575
replay,slowheat_beta_30,backward_transfer,919,-0.6980000000000001
replay,slowheat_beta_30,backward_transfer,1223,-0.69175
replay,slowheat_beta_30,backward_transfer,1523,-0.7000000000000001
replay,slowheat_beta_30,backward_transfer,1823,-0.6995
replay,slowheat_beta_30,backward_transfer,2129,-0.7092499999999999
replay,slowheat_beta_30,backward_transfer,2423,-0.67575
replay,slowheat_beta_30,backward_transfer,2729,-0.69825
replay,slowheat_beta_30,backward_transfer,3037,-0.7155
replay,slowheat_beta_30,forward_transfer,311,0.0
replay,slowheat_beta_30,forward_transfer,617,-0.000250000000000028
replay,slowheat_beta_30,forward_transfer,919,-0.0007500000000000007
replay,slowheat_beta_30,forward_transfer,1223,-0.0005000000000000004
replay,slowheat_beta_30,forward_transfer,1523,-0.0017500000000000016
replay,slowheat_beta_30,forward_transfer,1823,0.0
replay,slowheat_beta_30,forward_transfer,2129,-0.0007500000000000007
replay,slowheat_beta_30,forward_transfer,2423,0.0
replay,slowheat_beta_30,forward_transfer,2729,0.0
replay,slowheat_beta_30,forward_transfer,3037,-0.008250000000000004
replay,slowheat_beta_30,task_aware_final_accuracy,311,-0.2966
replay,slowheat_beta_30,task_aware_final_accuracy,617,-0.2826000000000002
replay,slowheat_beta_30,task_aware_final_accuracy,919,-0.31979999999999986
replay,slowheat_beta_30,task_aware_final_accuracy,1223,-0.29059999999999986
replay,slowheat_beta_30,task_aware_final_accuracy,1523,-0.3335999999999999
replay,slowheat_beta_30,task_aware_final_accuracy,1823,-0.26239999999999986
replay,slowheat_beta_30,task_aware_final_accuracy,2129,-0.23399999999999999
replay,slowheat_beta_30,task_aware_final_accuracy,2423,-0.3802
replay,slowheat_beta_30,task_aware_final_accuracy,2729,-0.3208
replay,slowheat_beta_30,task_aware_final_accuracy,3037,-0.2906000000000001
replay,slowheat_beta_30,task_aware_forgetting,311,0.35949999999999993
replay,slowheat_beta_30,task_aware_forgetting,617,0.34475000000000006
replay,slowheat_beta_30,task_aware_forgetting,919,0.393
replay,slowheat_beta_30,task_aware_forgetting,1223,0.35424999999999995
replay,slowheat_beta_30,task_aware_forgetting,1523,0.407
replay,slowheat_beta_30,task_aware_forgetting,1823,0.32299999999999995
replay,slowheat_beta_30,task_aware_forgetting,2129,0.2789999999999999
replay,slowheat_beta_30,task_aware_forgetting,2423,0.46775
replay,slowheat_beta_30,task_aware_forgetting,2729,0.39224999999999993
replay,slowheat_beta_30,task_aware_forgetting,3037,0.3544999999999999
replay,slowheat_beta_30,classifier_gap,311,0.26759999999999995
replay,slowheat_beta_30,classifier_gap,617,0.3165999999999999
replay,slowheat_beta_30,classifier_gap,919,0.24000000000000016
replay,slowheat_beta_30,classifier_gap,1223,0.26660000000000017
replay,slowheat_beta_30,classifier_gap,1523,0.23040000000000016
replay,slowheat_beta_30,classifier_gap,1823,0.29800000000000015
replay,slowheat_beta_30,classifier_gap,2129,0.3397999999999999
replay,slowheat_beta_30,classifier_gap,2423,0.16340000000000005
replay,slowheat_beta_30,classifier_gap,2729,0.24080000000000001
replay,slowheat_beta_30,classifier_gap,3037,0.28500000000000003
replay,slowheat_beta_30,elapsed_seconds,311,1.384931152977515
replay,slowheat_beta_30,elapsed_seconds,617,1.3939854269847274
replay,slowheat_beta_30,elapsed_seconds,919,1.7607185749802738
replay,slowheat_beta_30,elapsed_seconds,1223,1.4614699310041033
replay,slowheat_beta_30,elapsed_seconds,1523,1.4478826510021463
replay,slowheat_beta_30,elapsed_seconds,1823,1.5404865079908632
replay,slowheat_beta_30,elapsed_seconds,2129,1.529986841022037
replay,slowheat_beta_30,elapsed_seconds,2423,1.4955042579967994
replay,slowheat_beta_30,elapsed_seconds,2729,1.3546984160202555
replay,slowheat_beta_30,elapsed_seconds,3037,1.4523259620182216
replay,slowheat_beta_30,learner_examples_processed,311,-40960.0
replay,slowheat_beta_30,learner_examples_processed,617,-40960.0
replay,slowheat_beta_30,learner_examples_processed,919,-40960.0
replay,slowheat_beta_30,learner_examples_processed,1223,-40960.0
replay,slowheat_beta_30,learner_examples_processed,1523,-40960.0
replay,slowheat_beta_30,learner_examples_processed,1823,-40960.0
replay,slowheat_beta_30,learner_examples_processed,2129,-40960.0
replay,slowheat_beta_30,learner_examples_processed,2423,-40960.0
replay,slowheat_beta_30,learner_examples_processed,2729,-40960.0
replay,slowheat_beta_30,learner_examples_processed,3037,-40960.0
replay,slowheat_beta_30,total_model_examples_processed,311,-40960.0
replay,slowheat_beta_30,total_model_examples_processed,617,-40960.0
replay,slowheat_beta_30,total_model_examples_processed,919,-40960.0
replay,slowheat_beta_30,total_model_examples_processed,1223,-40960.0
replay,slowheat_beta_30,total_model_examples_processed,1523,-40960.0
replay,slowheat_beta_30,total_model_examples_processed,1823,-40960.0
replay,slowheat_beta_30,total_model_examples_processed,2129,-40960.0
replay,slowheat_beta_30,total_model_examples_processed,2423,-40960.0
replay,slowheat_beta_30,total_model_examples_processed,2729,-40960.0
replay,slowheat_beta_30,total_model_examples_processed,3037,-40960.0
replay,slowheat_beta_30,estimated_total_flops,311,-57343137400.0
replay,slowheat_beta_30,estimated_total_flops,617,-57343137400.0
replay,slowheat_beta_30,estimated_total_flops,919,-57343137400.0
replay,slowheat_beta_30,estimated_total_flops,1223,-57343137400.0
replay,slowheat_beta_30,estimated_total_flops,1523,-57343137400.0
replay,slowheat_beta_30,estimated_total_flops,1823,-57343137400.0
replay,slowheat_beta_30,estimated_total_flops,2129,-57343137400.0
replay,slowheat_beta_30,estimated_total_flops,2423,-57343137400.0
replay,slowheat_beta_30,estimated_total_flops,2729,-57343137400.0
replay,slowheat_beta_30,estimated_total_flops,3037,-57343137400.0
replay,slowheat_beta_30,estimated_overhead_flops,311,349514120.0
replay,slowheat_beta_30,estimated_overhead_flops,617,349514120.0
replay,slowheat_beta_30,estimated_overhead_flops,919,349514120.0
replay,slowheat_beta_30,estimated_overhead_flops,1223,349514120.0
replay,slowheat_beta_30,estimated_overhead_flops,1523,349514120.0
replay,slowheat_beta_30,estimated_overhead_flops,1823,349514120.0
replay,slowheat_beta_30,estimated_overhead_flops,2129,349514120.0
replay,slowheat_beta_30,estimated_overhead_flops,2423,349514120.0
replay,slowheat_beta_30,estimated_overhead_flops,2729,349514120.0
replay,slowheat_beta_30,estimated_overhead_flops,3037,349514120.0
replay,slowheat_beta_30,replay_memory_bytes,311,-628800.0
replay,slowheat_beta_30,replay_memory_bytes,617,-628800.0
replay,slowheat_beta_30,replay_memory_bytes,919,-628800.0
replay,slowheat_beta_30,replay_memory_bytes,1223,-628800.0
replay,slowheat_beta_30,replay_memory_bytes,1523,-628800.0
replay,slowheat_beta_30,replay_memory_bytes,1823,-628800.0
replay,slowheat_beta_30,replay_memory_bytes,2129,-628800.0
replay,slowheat_beta_30,replay_memory_bytes,2423,-628800.0
replay,slowheat_beta_30,replay_memory_bytes,2729,-628800.0
replay,slowheat_beta_30,replay_memory_bytes,3037,-628800.0
replay,slowheat_beta_30,stored_logits_bytes,311,0.0
replay,slowheat_beta_30,stored_logits_bytes,617,0.0
replay,slowheat_beta_30,stored_logits_bytes,919,0.0
replay,slowheat_beta_30,stored_logits_bytes,1223,0.0
replay,slowheat_beta_30,stored_logits_bytes,1523,0.0
replay,slowheat_beta_30,stored_logits_bytes,1823,0.0
replay,slowheat_beta_30,stored_logits_bytes,2129,0.0
replay,slowheat_beta_30,stored_logits_bytes,2423,0.0
replay,slowheat_beta_30,stored_logits_bytes,2729,0.0
replay,slowheat_beta_30,stored_logits_bytes,3037,0.0
replay,slowheat_beta_100,final_average_accuracy,311,-0.565
replay,slowheat_beta_100,final_average_accuracy,617,-0.5978000000000001
replay,slowheat_beta_100,final_average_accuracy,919,-0.5650000000000001
replay,slowheat_beta_100,final_average_accuracy,1223,-0.5566
replay,slowheat_beta_100,final_average_accuracy,1523,-0.5698000000000001
replay,slowheat_beta_100,final_average_accuracy,1823,-0.562
replay,slowheat_beta_100,final_average_accuracy,2129,-0.5691999999999999
replay,slowheat_beta_100,final_average_accuracy,2423,-0.5452
replay,slowheat_beta_100,final_average_accuracy,2729,-0.5636
replay,slowheat_beta_100,final_average_accuracy,3037,-0.5784
replay,slowheat_beta_100,average_forgetting,311,0.6944999999999999
replay,slowheat_beta_100,average_forgetting,617,0.7445
replay,slowheat_beta_100,average_forgetting,919,0.6985
replay,slowheat_beta_100,average_forgetting,1223,0.691
replay,slowheat_beta_100,average_forgetting,1523,0.69925
replay,slowheat_beta_100,average_forgetting,1823,0.6984999999999999
replay,slowheat_beta_100,average_forgetting,2129,0.70875
replay,slowheat_beta_100,average_forgetting,2423,0.6757500000000001
replay,slowheat_beta_100,average_forgetting,2729,0.6950000000000001
replay,slowheat_beta_100,average_forgetting,3037,0.7157499999999999
replay,slowheat_beta_100,backward_transfer,311,-0.6944999999999999
replay,slowheat_beta_100,backward_transfer,617,-0.7445
replay,slowheat_beta_100,backward_transfer,919,-0.6985
replay,slowheat_beta_100,backward_transfer,1223,-0.691
replay,slowheat_beta_100,backward_transfer,1523,-0.69925
replay,slowheat_beta_100,backward_transfer,1823,-0.6984999999999999
replay,slowheat_beta_100,backward_transfer,2129,-0.70875
replay,slowheat_beta_100,backward_transfer,2423,-0.6757500000000001
replay,slowheat_beta_100,backward_transfer,2729,-0.6950000000000001
replay,slowheat_beta_100,backward_transfer,3037,-0.7157499999999999
replay,slowheat_beta_100,forward_transfer,311,0.0
replay,slowheat_beta_100,forward_transfer,617,-0.000250000000000028
replay,slowheat_beta_100,forward_transfer,919,-0.0007500000000000007
replay,slowheat_beta_100,forward_transfer,1223,-0.0005000000000000004
replay,slowheat_beta_100,forward_transfer,1523,-0.0017500000000000016
replay,slowheat_beta_100,forward_transfer,1823,0.0
replay,slowheat_beta_100,forward_transfer,2129,-0.0007500000000000007
replay,slowheat_beta_100,forward_transfer,2423,0.0
replay,slowheat_beta_100,forward_transfer,2729,0.0
replay,slowheat_beta_100,forward_transfer,3037,-0.008250000000000004
replay,slowheat_beta_100,task_aware_final_accuracy,311,-0.3822
replay,slowheat_beta_100,task_aware_final_accuracy,617,-0.4066000000000001
replay,slowheat_beta_100,task_aware_final_accuracy,919,-0.3861999999999999
replay,slowheat_beta_100,task_aware_final_accuracy,1223,-0.3877999999999999
replay,slowheat_beta_100,task_aware_final_accuracy,1523,-0.274
replay,slowheat_beta_100,task_aware_final_accuracy,1823,-0.3907999999999998
replay,slowheat_beta_100,task_aware_final_accuracy,2129,-0.19479999999999997
replay,slowheat_beta_100,task_aware_final_accuracy,2423,-0.3718
replay,slowheat_beta_100,task_aware_final_accuracy,2729,-0.3839999999999999
replay,slowheat_beta_100,task_aware_final_accuracy,3037,-0.3668000000000001
replay,slowheat_beta_100,task_aware_forgetting,311,0.4597499999999999
replay,slowheat_beta_100,task_aware_forgetting,617,0.5002500000000001
replay,slowheat_beta_100,task_aware_forgetting,919,0.47
replay,slowheat_beta_100,task_aware_forgetting,1223,0.47575
replay,slowheat_beta_100,task_aware_forgetting,1523,0.32449999999999996
replay,slowheat_beta_100,task_aware_forgetting,1823,0.4805
replay,slowheat_beta_100,task_aware_forgetting,2129,0.23524999999999996
replay,slowheat_beta_100,task_aware_forgetting,2423,0.45525
replay,slowheat_beta_100,task_aware_forgetting,2729,0.46549999999999997
replay,slowheat_beta_100,task_aware_forgetting,3037,0.4465
replay,slowheat_beta_100,classifier_gap,311,0.18279999999999996
replay,slowheat_beta_100,classifier_gap,617,0.19119999999999998
replay,slowheat_beta_100,classifier_gap,919,0.17880000000000018
replay,slowheat_beta_100,classifier_gap,1223,0.16880000000000006
replay,slowheat_beta_100,classifier_gap,1523,0.29580000000000006
replay,slowheat_beta_100,classifier_gap,1823,0.17120000000000024
replay,slowheat_beta_100,classifier_gap,2129,0.37439999999999996
replay,slowheat_beta_100,classifier_gap,2423,0.1734
replay,slowheat_beta_100,classifier_gap,2729,0.1796000000000001
replay,slowheat_beta_100,classifier_gap,3037,0.21159999999999995
replay,slowheat_beta_100,elapsed_seconds,311,1.3777457579853944
replay,slowheat_beta_100,elapsed_seconds,617,1.3933665349904913
replay,slowheat_beta_100,elapsed_seconds,919,1.6258088609902188
replay,slowheat_beta_100,elapsed_seconds,1223,1.4544584850082174
replay,slowheat_beta_100,elapsed_seconds,1523,1.4527819729992189
replay,slowheat_beta_100,elapsed_seconds,1823,1.414509284979431
replay,slowheat_beta_100,elapsed_seconds,2129,1.527043088019127
replay,slowheat_beta_100,elapsed_seconds,2423,1.4802484099927824
replay,slowheat_beta_100,elapsed_seconds,2729,1.3380746839975473
replay,slowheat_beta_100,elapsed_seconds,3037,1.4619106980098877
replay,slowheat_beta_100,learner_examples_processed,311,-40960.0
replay,slowheat_beta_100,learner_examples_processed,617,-40960.0
replay,slowheat_beta_100,learner_examples_processed,919,-40960.0
replay,slowheat_beta_100,learner_examples_processed,1223,-40960.0
replay,slowheat_beta_100,learner_examples_processed,1523,-40960.0
replay,slowheat_beta_100,learner_examples_processed,1823,-40960.0
replay,slowheat_beta_100,learner_examples_processed,2129,-40960.0
replay,slowheat_beta_100,learner_examples_processed,2423,-40960.0
replay,slowheat_beta_100,learner_examples_processed,2729,-40960.0
replay,slowheat_beta_100,learner_examples_processed,3037,-40960.0
replay,slowheat_beta_100,total_model_examples_processed,311,-40960.0
replay,slowheat_beta_100,total_model_examples_processed,617,-40960.0
replay,slowheat_beta_100,total_model_examples_processed,919,-40960.0
replay,slowheat_beta_100,total_model_examples_processed,1223,-40960.0
replay,slowheat_beta_100,total_model_examples_processed,1523,-40960.0
replay,slowheat_beta_100,total_model_examples_processed,1823,-40960.0
replay,slowheat_beta_100,total_model_examples_processed,2129,-40960.0
replay,slowheat_beta_100,total_model_examples_processed,2423,-40960.0
replay,slowheat_beta_100,total_model_examples_processed,2729,-40960.0
replay,slowheat_beta_100,total_model_examples_processed,3037,-40960.0
replay,slowheat_beta_100,estimated_total_flops,311,-57343137400.0
replay,slowheat_beta_100,estimated_total_flops,617,-57343137400.0
replay,slowheat_beta_100,estimated_total_flops,919,-57343137400.0
replay,slowheat_beta_100,estimated_total_flops,1223,-57343137400.0
replay,slowheat_beta_100,estimated_total_flops,1523,-57343137400.0
replay,slowheat_beta_100,estimated_total_flops,1823,-57343137400.0
replay,slowheat_beta_100,estimated_total_flops,2129,-57343137400.0
replay,slowheat_beta_100,estimated_total_flops,2423,-57343137400.0
replay,slowheat_beta_100,estimated_total_flops,2729,-57343137400.0
replay,slowheat_beta_100,estimated_total_flops,3037,-57343137400.0
replay,slowheat_beta_100,estimated_overhead_flops,311,349514120.0
replay,slowheat_beta_100,estimated_overhead_flops,617,349514120.0
replay,slowheat_beta_100,estimated_overhead_flops,919,349514120.0
replay,slowheat_beta_100,estimated_overhead_flops,1223,349514120.0
replay,slowheat_beta_100,estimated_overhead_flops,1523,349514120.0
replay,slowheat_beta_100,estimated_overhead_flops,1823,349514120.0
replay,slowheat_beta_100,estimated_overhead_flops,2129,349514120.0
replay,slowheat_beta_100,estimated_overhead_flops,2423,349514120.0
replay,slowheat_beta_100,estimated_overhead_flops,2729,349514120.0
replay,slowheat_beta_100,estimated_overhead_flops,3037,349514120.0
replay,slowheat_beta_100,replay_memory_bytes,311,-628800.0
replay,slowheat_beta_100,replay_memory_bytes,617,-628800.0
replay,slowheat_beta_100,replay_memory_bytes,919,-628800.0
replay,slowheat_beta_100,replay_memory_bytes,1223,-628800.0
replay,slowheat_beta_100,replay_memory_bytes,1523,-628800.0
replay,slowheat_beta_100,replay_memory_bytes,1823,-628800.0
replay,slowheat_beta_100,replay_memory_bytes,2129,-628800.0
replay,slowheat_beta_100,replay_memory_bytes,2423,-628800.0
replay,slowheat_beta_100,replay_memory_bytes,2729,-628800.0
replay,slowheat_beta_100,replay_memory_bytes,3037,-628800.0
replay,slowheat_beta_100,stored_logits_bytes,311,0.0
replay,slowheat_beta_100,stored_logits_bytes,617,0.0
replay,slowheat_beta_100,stored_logits_bytes,919,0.0
replay,slowheat_beta_100,stored_logits_bytes,1223,0.0
replay,slowheat_beta_100,stored_logits_bytes,1523,0.0
replay,slowheat_beta_100,stored_logits_bytes,1823,0.0
replay,slowheat_beta_100,stored_logits_bytes,2129,0.0
replay,slowheat_beta_100,stored_logits_bytes,2423,0.0
replay,slowheat_beta_100,stored_logits_bytes,2729,0.0
replay,slowheat_beta_100,stored_logits_bytes,3037,0.0
replay,slowheat_adaptive,final_average_accuracy,311,-0.5628
replay,slowheat_adaptive,final_average_accuracy,617,-0.6008
replay,slowheat_adaptive,final_average_accuracy,919,-0.5598000000000001
replay,slowheat_adaptive,final_average_accuracy,1223,-0.5572
replay,slowheat_adaptive,final_average_accuracy,1523,-0.5670000000000001
replay,slowheat_adaptive,final_average_accuracy,1823,-0.5676
replay,slowheat_adaptive,final_average_accuracy,2129,-0.5743999999999999
replay,slowheat_adaptive,final_average_accuracy,2423,-0.5448
replay,slowheat_adaptive,final_average_accuracy,2729,-0.5611999999999999
replay,slowheat_adaptive,final_average_accuracy,3037,-0.5738000000000001
replay,slowheat_adaptive,average_forgetting,311,0.69825
replay,slowheat_adaptive,average_forgetting,617,0.746
replay,slowheat_adaptive,average_forgetting,919,0.6970000000000001
replay,slowheat_adaptive,average_forgetting,1223,0.692
replay,slowheat_adaptive,average_forgetting,1523,0.7002499999999999
replay,slowheat_adaptive,average_forgetting,1823,0.6992499999999999
replay,slowheat_adaptive,average_forgetting,2129,0.7104999999999999
replay,slowheat_adaptive,average_forgetting,2423,0.6749999999999999
replay,slowheat_adaptive,average_forgetting,2729,0.69625
replay,slowheat_adaptive,average_forgetting,3037,0.7155
replay,slowheat_adaptive,backward_transfer,311,-0.69825
replay,slowheat_adaptive,backward_transfer,617,-0.746
replay,slowheat_adaptive,backward_transfer,919,-0.6970000000000001
replay,slowheat_adaptive,backward_transfer,1223,-0.692
replay,slowheat_adaptive,backward_transfer,1523,-0.7002499999999999
replay,slowheat_adaptive,backward_transfer,1823,-0.6992499999999999
replay,slowheat_adaptive,backward_transfer,2129,-0.7104999999999999
replay,slowheat_adaptive,backward_transfer,2423,-0.6749999999999999
replay,slowheat_adaptive,backward_transfer,2729,-0.69625
replay,slowheat_adaptive,backward_transfer,3037,-0.7155
replay,slowheat_adaptive,forward_transfer,311,0.0
replay,slowheat_adaptive,forward_transfer,617,-0.000250000000000028
replay,slowheat_adaptive,forward_transfer,919,-0.0007500000000000007
replay,slowheat_adaptive,forward_transfer,1223,-0.0005000000000000004
replay,slowheat_adaptive,forward_transfer,1523,-0.0017500000000000016
replay,slowheat_adaptive,forward_transfer,1823,0.0
replay,slowheat_adaptive,forward_transfer,2129,-0.0007500000000000007
replay,slowheat_adaptive,forward_transfer,2423,0.0
replay,slowheat_adaptive,forward_transfer,2729,0.0
replay,slowheat_adaptive,forward_transfer,3037,-0.008250000000000004
replay,slowheat_adaptive,task_aware_final_accuracy,311,-0.4064
replay,slowheat_adaptive,task_aware_final_accuracy,617,-0.22040000000000015
replay,slowheat_adaptive,task_aware_final_accuracy,919,-0.42779999999999985
replay,slowheat_adaptive,task_aware_final_accuracy,1223,-0.32979999999999987
replay,slowheat_adaptive,task_aware_final_accuracy,1523,-0.3165999999999999
replay,slowheat_adaptive,task_aware_final_accuracy,1823,-0.26739999999999997
replay,slowheat_adaptive,task_aware_final_accuracy,2129,-0.28200000000000003
replay,slowheat_adaptive,task_aware_final_accuracy,2423,-0.3328000000000001
replay,slowheat_adaptive,task_aware_final_accuracy,2729,-0.4254
replay,slowheat_adaptive,task_aware_final_accuracy,3037,-0.3478000000000001
replay,slowheat_adaptive,task_aware_forgetting,311,0.49650000000000005
replay,slowheat_adaptive,task_aware_forgetting,617,0.26525000000000004
replay,slowheat_adaptive,task_aware_forgetting,919,0.5269999999999999
replay,slowheat_adaptive,task_aware_forgetting,1223,0.40349999999999997
replay,slowheat_adaptive,task_aware_forgetting,1523,0.38225
replay,slowheat_adaptive,task_aware_forgetting,1823,0.32000000000000006
replay,slowheat_adaptive,task_aware_forgetting,2129,0.3395
replay,slowheat_adaptive,task_aware_forgetting,2423,0.40625
replay,slowheat_adaptive,task_aware_forgetting,2729,0.5215000000000001
replay,slowheat_adaptive,task_aware_forgetting,3037,0.42825
replay,slowheat_adaptive,classifier_gap,311,0.15639999999999993
replay,slowheat_adaptive,classifier_gap,617,0.38039999999999996
replay,slowheat_adaptive,classifier_gap,919,0.13200000000000017
replay,slowheat_adaptive,classifier_gap,1223,0.22740000000000016
replay,slowheat_adaptive,classifier_gap,1523,0.2504000000000002
replay,slowheat_adaptive,classifier_gap,1823,0.3002
replay,slowheat_adaptive,classifier_gap,2129,0.2923999999999999
replay,slowheat_adaptive,classifier_gap,2423,0.2119999999999999
replay,slowheat_adaptive,classifier_gap,2729,0.13579999999999998
replay,slowheat_adaptive,classifier_gap,3037,0.22599999999999998
replay,slowheat_adaptive,elapsed_seconds,311,1.3782998329843394
replay,slowheat_adaptive,elapsed_seconds,617,1.3939789399737492
replay,slowheat_adaptive,elapsed_seconds,919,1.5716008610033896
replay,slowheat_adaptive,elapsed_seconds,1223,1.457659453008091
replay,slowheat_adaptive,elapsed_seconds,1523,1.4543577119766269
replay,slowheat_adaptive,elapsed_seconds,1823,1.2896607359871268
replay,slowheat_adaptive,elapsed_seconds,2129,1.5158630370278843
replay,slowheat_adaptive,elapsed_seconds,2423,1.505571997986408
replay,slowheat_adaptive,elapsed_seconds,2729,1.3435352150117978
replay,slowheat_adaptive,elapsed_seconds,3037,1.4547726830060128
replay,slowheat_adaptive,learner_examples_processed,311,-40960.0
replay,slowheat_adaptive,learner_examples_processed,617,-40960.0
replay,slowheat_adaptive,learner_examples_processed,919,-40960.0
replay,slowheat_adaptive,learner_examples_processed,1223,-40960.0
replay,slowheat_adaptive,learner_examples_processed,1523,-40960.0
replay,slowheat_adaptive,learner_examples_processed,1823,-40960.0
replay,slowheat_adaptive,learner_examples_processed,2129,-40960.0
replay,slowheat_adaptive,learner_examples_processed,2423,-40960.0
replay,slowheat_adaptive,learner_examples_processed,2729,-40960.0
replay,slowheat_adaptive,learner_examples_processed,3037,-40960.0
replay,slowheat_adaptive,total_model_examples_processed,311,-40960.0
replay,slowheat_adaptive,total_model_examples_processed,617,-40960.0
replay,slowheat_adaptive,total_model_examples_processed,919,-40960.0
replay,slowheat_adaptive,total_model_examples_processed,1223,-40960.0
replay,slowheat_adaptive,total_model_examples_processed,1523,-40960.0
replay,slowheat_adaptive,total_model_examples_processed,1823,-40960.0
replay,slowheat_adaptive,total_model_examples_processed,2129,-40960.0
replay,slowheat_adaptive,total_model_examples_processed,2423,-40960.0
replay,slowheat_adaptive,total_model_examples_processed,2729,-40960.0
replay,slowheat_adaptive,total_model_examples_processed,3037,-40960.0
replay,slowheat_adaptive,estimated_total_flops,311,-57343137400.0
replay,slowheat_adaptive,estimated_total_flops,617,-57343137400.0
replay,slowheat_adaptive,estimated_total_flops,919,-57343137400.0
replay,slowheat_adaptive,estimated_total_flops,1223,-57343137400.0
replay,slowheat_adaptive,estimated_total_flops,1523,-57343137400.0
replay,slowheat_adaptive,estimated_total_flops,1823,-57343137400.0
replay,slowheat_adaptive,estimated_total_flops,2129,-57343137400.0
replay,slowheat_adaptive,estimated_total_flops,2423,-57343137400.0
replay,slowheat_adaptive,estimated_total_flops,2729,-57343137400.0
replay,slowheat_adaptive,estimated_total_flops,3037,-57343137400.0
replay,slowheat_adaptive,estimated_overhead_flops,311,349514120.0
replay,slowheat_adaptive,estimated_overhead_flops,617,349514120.0
replay,slowheat_adaptive,estimated_overhead_flops,919,349514120.0
replay,slowheat_adaptive,estimated_overhead_flops,1223,349514120.0
replay,slowheat_adaptive,estimated_overhead_flops,1523,349514120.0
replay,slowheat_adaptive,estimated_overhead_flops,1823,349514120.0
replay,slowheat_adaptive,estimated_overhead_flops,2129,349514120.0
replay,slowheat_adaptive,estimated_overhead_flops,2423,349514120.0
replay,slowheat_adaptive,estimated_overhead_flops,2729,349514120.0
replay,slowheat_adaptive,estimated_overhead_flops,3037,349514120.0
replay,slowheat_adaptive,replay_memory_bytes,311,-628800.0
replay,slowheat_adaptive,replay_memory_bytes,617,-628800.0
replay,slowheat_adaptive,replay_memory_bytes,919,-628800.0
replay,slowheat_adaptive,replay_memory_bytes,1223,-628800.0
replay,slowheat_adaptive,replay_memory_bytes,1523,-628800.0
replay,slowheat_adaptive,replay_memory_bytes,1823,-628800.0
replay,slowheat_adaptive,replay_memory_bytes,2129,-628800.0
replay,slowheat_adaptive,replay_memory_bytes,2423,-628800.0
replay,slowheat_adaptive,replay_memory_bytes,2729,-628800.0
replay,slowheat_adaptive,replay_memory_bytes,3037,-628800.0
replay,slowheat_adaptive,stored_logits_bytes,311,0.0
replay,slowheat_adaptive,stored_logits_bytes,617,0.0
replay,slowheat_adaptive,stored_logits_bytes,919,0.0
replay,slowheat_adaptive,stored_logits_bytes,1223,0.0
replay,slowheat_adaptive,stored_logits_bytes,1523,0.0
replay,slowheat_adaptive,stored_logits_bytes,1823,0.0
replay,slowheat_adaptive,stored_logits_bytes,2129,0.0
replay,slowheat_adaptive,stored_logits_bytes,2423,0.0
replay,slowheat_adaptive,stored_logits_bytes,2729,0.0
replay,slowheat_adaptive,stored_logits_bytes,3037,0.0
replay,slowheat_native_state,final_average_accuracy,311,-0.5621999999999999
replay,slowheat_native_state,final_average_accuracy,617,-0.5968
replay,slowheat_native_state,final_average_accuracy,919,-0.5596000000000001
replay,slowheat_native_state,final_average_accuracy,1223,-0.5554
replay,slowheat_native_state,final_average_accuracy,1523,-0.562
replay,slowheat_native_state,final_average_accuracy,1823,-0.5604
replay,slowheat_native_state,final_average_accuracy,2129,-0.5703999999999999
replay,slowheat_native_state,final_average_accuracy,2423,-0.5416000000000001
replay,slowheat_native_state,final_average_accuracy,2729,-0.5602
replay,slowheat_native_state,final_average_accuracy,3037,-0.5730000000000001
replay,slowheat_native_state,average_forgetting,311,0.7004999999999999
replay,slowheat_native_state,average_forgetting,617,0.74675
replay,slowheat_native_state,average_forgetting,919,0.69875
replay,slowheat_native_state,average_forgetting,1223,0.693
replay,slowheat_native_state,average_forgetting,1523,0.7025000000000001
replay,slowheat_native_state,average_forgetting,1823,0.701
replay,slowheat_native_state,average_forgetting,2129,0.71275
replay,slowheat_native_state,average_forgetting,2423,0.6765000000000001
replay,slowheat_native_state,average_forgetting,2729,0.6985000000000001
replay,slowheat_native_state,average_forgetting,3037,0.718
replay,slowheat_native_state,backward_transfer,311,-0.7004999999999999
replay,slowheat_native_state,backward_transfer,617,-0.74675
replay,slowheat_native_state,backward_transfer,919,-0.69875
replay,slowheat_native_state,backward_transfer,1223,-0.693
replay,slowheat_native_state,backward_transfer,1523,-0.7025000000000001
replay,slowheat_native_state,backward_transfer,1823,-0.701
replay,slowheat_native_state,backward_transfer,2129,-0.71275
replay,slowheat_native_state,backward_transfer,2423,-0.6765000000000001
replay,slowheat_native_state,backward_transfer,2729,-0.6985000000000001
replay,slowheat_native_state,backward_transfer,3037,-0.718
replay,slowheat_native_state,forward_transfer,311,0.0
replay,slowheat_native_state,forward_transfer,617,-0.000250000000000028
replay,slowheat_native_state,forward_transfer,919,-0.0007500000000000007
replay,slowheat_native_state,forward_transfer,1223,-0.0005000000000000004
replay,slowheat_native_state,forward_transfer,1523,-0.0017500000000000016
replay,slowheat_native_state,forward_transfer,1823,0.0
replay,slowheat_native_state,forward_transfer,2129,-0.0007500000000000007
replay,slowheat_native_state,forward_transfer,2423,0.0
replay,slowheat_native_state,forward_transfer,2729,0.0
replay,slowheat_native_state,forward_transfer,3037,-0.008250000000000004
replay,slowheat_native_state,task_aware_final_accuracy,311,-0.05919999999999992
replay,slowheat_native_state,task_aware_final_accuracy,617,-0.14640000000000009
replay,slowheat_native_state,task_aware_final_accuracy,919,-0.18519999999999992
replay,slowheat_native_state,task_aware_final_accuracy,1223,-0.20679999999999987
replay,slowheat_native_state,task_aware_final_accuracy,1523,-0.16699999999999993
replay,slowheat_native_state,task_aware_final_accuracy,1823,-0.20739999999999992
replay,slowheat_native_state,task_aware_final_accuracy,2129,-0.18379999999999996
replay,slowheat_native_state,task_aware_final_accuracy,2423,-0.0374000000000001
replay,slowheat_native_state,task_aware_final_accuracy,2729,-0.10780000000000012
replay,slowheat_native_state,task_aware_final_accuracy,3037,-0.14060000000000006
replay,slowheat_native_state,task_aware_forgetting,311,0.0655
replay,slowheat_native_state,task_aware_forgetting,617,0.17875
replay,slowheat_native_state,task_aware_forgetting,919,0.22574999999999998
replay,slowheat_native_state,task_aware_forgetting,1223,0.253
replay,slowheat_native_state,task_aware_forgetting,1523,0.20375
replay,slowheat_native_state,task_aware_forgetting,1823,0.25575000000000003
replay,slowheat_native_state,task_aware_forgetting,2129,0.224
replay,slowheat_native_state,task_aware_forgetting,2423,0.04250000000000001
replay,slowheat_native_state,task_aware_forgetting,2729,0.12799999999999997
replay,slowheat_native_state,task_aware_forgetting,3037,0.17275
replay,slowheat_native_state,classifier_gap,311,0.503
replay,slowheat_native_state,classifier_gap,617,0.4504
replay,slowheat_native_state,classifier_gap,919,0.3744000000000002
replay,slowheat_native_state,classifier_gap,1223,0.34860000000000013
replay,slowheat_native_state,classifier_gap,1523,0.39500000000000013
replay,slowheat_native_state,classifier_gap,1823,0.3530000000000001
replay,slowheat_native_state,classifier_gap,2129,0.38659999999999994
replay,slowheat_native_state,classifier_gap,2423,0.5042
replay,slowheat_native_state,classifier_gap,2729,0.4523999999999998
replay,slowheat_native_state,classifier_gap,3037,0.4324
replay,slowheat_native_state,elapsed_seconds,311,0.9956640979798976
replay,slowheat_native_state,elapsed_seconds,617,1.047708406986203
replay,slowheat_native_state,elapsed_seconds,919,1.389030048972927
replay,slowheat_native_state,elapsed_seconds,1223,1.0971094330016058
replay,slowheat_native_state,elapsed_seconds,1523,1.1040571709745564
replay,slowheat_native_state,elapsed_seconds,1823,0.9933128389820922
replay,slowheat_native_state,elapsed_seconds,2129,1.1582059530192055
replay,slowheat_native_state,elapsed_seconds,2423,1.1898448989668395
replay,slowheat_native_state,elapsed_seconds,2729,1.0039817719953135
replay,slowheat_native_state,elapsed_seconds,3037,1.086720585997682
replay,slowheat_native_state,learner_examples_processed,311,-40960.0
replay,slowheat_native_state,learner_examples_processed,617,-40960.0
replay,slowheat_native_state,learner_examples_processed,919,-40960.0
replay,slowheat_native_state,learner_examples_processed,1223,-40960.0
replay,slowheat_native_state,learner_examples_processed,1523,-40960.0
replay,slowheat_native_state,learner_examples_processed,1823,-40960.0
replay,slowheat_native_state,learner_examples_processed,2129,-40960.0
replay,slowheat_native_state,learner_examples_processed,2423,-40960.0
replay,slowheat_native_state,learner_examples_processed,2729,-40960.0
replay,slowheat_native_state,learner_examples_processed,3037,-40960.0
replay,slowheat_native_state,total_model_examples_processed,311,-40960.0
replay,slowheat_native_state,total_model_examples_processed,617,-40960.0
replay,slowheat_native_state,total_model_examples_processed,919,-40960.0
replay,slowheat_native_state,total_model_examples_processed,1223,-40960.0
replay,slowheat_native_state,total_model_examples_processed,1523,-40960.0
replay,slowheat_native_state,total_model_examples_processed,1823,-40960.0
replay,slowheat_native_state,total_model_examples_processed,2129,-40960.0
replay,slowheat_native_state,total_model_examples_processed,2423,-40960.0
replay,slowheat_native_state,total_model_examples_processed,2729,-40960.0
replay,slowheat_native_state,total_model_examples_processed,3037,-40960.0
replay,slowheat_native_state,estimated_total_flops,311,-57343137400.0
replay,slowheat_native_state,estimated_total_flops,617,-57343137400.0
replay,slowheat_native_state,estimated_total_flops,919,-57343137400.0
replay,slowheat_native_state,estimated_total_flops,1223,-57343137400.0
replay,slowheat_native_state,estimated_total_flops,1523,-57343137400.0
replay,slowheat_native_state,estimated_total_flops,1823,-57343137400.0
replay,slowheat_native_state,estimated_total_flops,2129,-57343137400.0
replay,slowheat_native_state,estimated_total_flops,2423,-57343137400.0
replay,slowheat_native_state,estimated_total_flops,2729,-57343137400.0
replay,slowheat_native_state,estimated_total_flops,3037,-57343137400.0
replay,slowheat_native_state,estimated_overhead_flops,311,349514120.0
replay,slowheat_native_state,estimated_overhead_flops,617,349514120.0
replay,slowheat_native_state,estimated_overhead_flops,919,349514120.0
replay,slowheat_native_state,estimated_overhead_flops,1223,349514120.0
replay,slowheat_native_state,estimated_overhead_flops,1523,349514120.0
replay,slowheat_native_state,estimated_overhead_flops,1823,349514120.0
replay,slowheat_native_state,estimated_overhead_flops,2129,349514120.0
replay,slowheat_native_state,estimated_overhead_flops,2423,349514120.0
replay,slowheat_native_state,estimated_overhead_flops,2729,349514120.0
replay,slowheat_native_state,estimated_overhead_flops,3037,349514120.0
replay,slowheat_native_state,replay_memory_bytes,311,-628800.0
replay,slowheat_native_state,replay_memory_bytes,617,-628800.0
replay,slowheat_native_state,replay_memory_bytes,919,-628800.0
replay,slowheat_native_state,replay_memory_bytes,1223,-628800.0
replay,slowheat_native_state,replay_memory_bytes,1523,-628800.0
replay,slowheat_native_state,replay_memory_bytes,1823,-628800.0
replay,slowheat_native_state,replay_memory_bytes,2129,-628800.0
replay,slowheat_native_state,replay_memory_bytes,2423,-628800.0
replay,slowheat_native_state,replay_memory_bytes,2729,-628800.0
replay,slowheat_native_state,replay_memory_bytes,3037,-628800.0
replay,slowheat_native_state,stored_logits_bytes,311,0.0
replay,slowheat_native_state,stored_logits_bytes,617,0.0
replay,slowheat_native_state,stored_logits_bytes,919,0.0
replay,slowheat_native_state,stored_logits_bytes,1223,0.0
replay,slowheat_native_state,stored_logits_bytes,1523,0.0
replay,slowheat_native_state,stored_logits_bytes,1823,0.0
replay,slowheat_native_state,stored_logits_bytes,2129,0.0
replay,slowheat_native_state,stored_logits_bytes,2423,0.0
replay,slowheat_native_state,stored_logits_bytes,2729,0.0
replay,slowheat_native_state,stored_logits_bytes,3037,0.0
replay,slowheat_unidirectional,final_average_accuracy,311,-0.5615999999999999
replay,slowheat_unidirectional,final_average_accuracy,617,-0.5976
replay,slowheat_unidirectional,final_average_accuracy,919,-0.5586
replay,slowheat_unidirectional,final_average_accuracy,1223,-0.5594
replay,slowheat_unidirectional,final_average_accuracy,1523,-0.5660000000000001
replay,slowheat_unidirectional,final_average_accuracy,1823,-0.5632
replay,slowheat_unidirectional,final_average_accuracy,2129,-0.5693999999999999
replay,slowheat_unidirectional,final_average_accuracy,2423,-0.5418000000000001
replay,slowheat_unidirectional,final_average_accuracy,2729,-0.5611999999999999
replay,slowheat_unidirectional,final_average_accuracy,3037,-0.5726000000000001
replay,slowheat_unidirectional,average_forgetting,311,0.70075
replay,slowheat_unidirectional,average_forgetting,617,0.7467499999999999
replay,slowheat_unidirectional,average_forgetting,919,0.69725
replay,slowheat_unidirectional,average_forgetting,1223,0.6935
replay,slowheat_unidirectional,average_forgetting,1523,0.7012500000000002
replay,slowheat_unidirectional,average_forgetting,1823,0.6997499999999999
replay,slowheat_unidirectional,average_forgetting,2129,0.71275
replay,slowheat_unidirectional,average_forgetting,2423,0.6747500000000001
replay,slowheat_unidirectional,average_forgetting,2729,0.6995
replay,slowheat_unidirectional,average_forgetting,3037,0.7182499999999998
replay,slowheat_unidirectional,backward_transfer,311,-0.70075
replay,slowheat_unidirectional,backward_transfer,617,-0.7467499999999999
replay,slowheat_unidirectional,backward_transfer,919,-0.69725
replay,slowheat_unidirectional,backward_transfer,1223,-0.6935
replay,slowheat_unidirectional,backward_transfer,1523,-0.7012500000000002
replay,slowheat_unidirectional,backward_transfer,1823,-0.6997499999999999
replay,slowheat_unidirectional,backward_transfer,2129,-0.71275
replay,slowheat_unidirectional,backward_transfer,2423,-0.6747500000000001
replay,slowheat_unidirectional,backward_transfer,2729,-0.6995
replay,slowheat_unidirectional,backward_transfer,3037,-0.7182499999999998
replay,slowheat_unidirectional,forward_transfer,311,0.0
replay,slowheat_unidirectional,forward_transfer,617,-0.000250000000000028
replay,slowheat_unidirectional,forward_transfer,919,-0.0007500000000000007
replay,slowheat_unidirectional,forward_transfer,1223,-0.0005000000000000004
replay,slowheat_unidirectional,forward_transfer,1523,-0.0017500000000000016
replay,slowheat_unidirectional,forward_transfer,1823,0.0
replay,slowheat_unidirectional,forward_transfer,2129,-0.0007500000000000007
replay,slowheat_unidirectional,forward_transfer,2423,0.0
replay,slowheat_unidirectional,forward_transfer,2729,0.0
replay,slowheat_unidirectional,forward_transfer,3037,-0.008250000000000004
replay,slowheat_unidirectional,task_aware_final_accuracy,311,-0.2829999999999999
replay,slowheat_unidirectional,task_aware_final_accuracy,617,-0.3216000000000001
replay,slowheat_unidirectional,task_aware_final_accuracy,919,-0.27159999999999995
replay,slowheat_unidirectional,task_aware_final_accuracy,1223,-0.19999999999999996
replay,slowheat_unidirectional,task_aware_final_accuracy,1523,-0.22699999999999998
replay,slowheat_unidirectional,task_aware_final_accuracy,1823,-0.16099999999999992
replay,slowheat_unidirectional,task_aware_final_accuracy,2129,-0.24939999999999996
replay,slowheat_unidirectional,task_aware_final_accuracy,2423,-0.25780000000000003
replay,slowheat_unidirectional,task_aware_final_accuracy,2729,-0.21319999999999995
replay,slowheat_unidirectional,task_aware_final_accuracy,3037,-0.20500000000000007
replay,slowheat_unidirectional,task_aware_forgetting,311,0.34624999999999995
replay,slowheat_unidirectional,task_aware_forgetting,617,0.3965
replay,slowheat_unidirectional,task_aware_forgetting,919,0.3334999999999999
replay,slowheat_unidirectional,task_aware_forgetting,1223,0.23999999999999996
replay,slowheat_unidirectional,task_aware_forgetting,1523,0.2725
replay,slowheat_unidirectional,task_aware_forgetting,1823,0.19299999999999998
replay,slowheat_unidirectional,task_aware_forgetting,2129,0.30725
replay,slowheat_unidirectional,task_aware_forgetting,2423,0.316
replay,slowheat_unidirectional,task_aware_forgetting,2729,0.2595
replay,slowheat_unidirectional,task_aware_forgetting,3037,0.25399999999999995
replay,slowheat_unidirectional,classifier_gap,311,0.27860000000000007
replay,slowheat_unidirectional,classifier_gap,617,0.2759999999999999
replay,slowheat_unidirectional,classifier_gap,919,0.28700000000000003
replay,slowheat_unidirectional,classifier_gap,1223,0.35940000000000005
replay,slowheat_unidirectional,classifier_gap,1523,0.3390000000000001
replay,slowheat_unidirectional,classifier_gap,1823,0.4022000000000001
replay,slowheat_unidirectional,classifier_gap,2129,0.31999999999999995
replay,slowheat_unidirectional,classifier_gap,2423,0.28400000000000003
replay,slowheat_unidirectional,classifier_gap,2729,0.348
replay,slowheat_unidirectional,classifier_gap,3037,0.36760000000000004
replay,slowheat_unidirectional,elapsed_seconds,311,1.271858871972654
replay,slowheat_unidirectional,elapsed_seconds,617,1.3239832960243803
replay,slowheat_unidirectional,elapsed_seconds,919,1.497314745967742
replay,slowheat_unidirectional,elapsed_seconds,1223,1.340758115024073
replay,slowheat_unidirectional,elapsed_seconds,1523,1.3663442190154456
replay,slowheat_unidirectional,elapsed_seconds,1823,1.1886281589686405
replay,slowheat_unidirectional,elapsed_seconds,2129,1.4387645130045712
replay,slowheat_unidirectional,elapsed_seconds,2423,1.4172513669764157
replay,slowheat_unidirectional,elapsed_seconds,2729,1.264974775025621
replay,slowheat_unidirectional,elapsed_seconds,3037,1.3849359050218482
replay,slowheat_unidirectional,learner_examples_processed,311,-40960.0
replay,slowheat_unidirectional,learner_examples_processed,617,-40960.0
replay,slowheat_unidirectional,learner_examples_processed,919,-40960.0
replay,slowheat_unidirectional,learner_examples_processed,1223,-40960.0
replay,slowheat_unidirectional,learner_examples_processed,1523,-40960.0
replay,slowheat_unidirectional,learner_examples_processed,1823,-40960.0
replay,slowheat_unidirectional,learner_examples_processed,2129,-40960.0
replay,slowheat_unidirectional,learner_examples_processed,2423,-40960.0
replay,slowheat_unidirectional,learner_examples_processed,2729,-40960.0
replay,slowheat_unidirectional,learner_examples_processed,3037,-40960.0
replay,slowheat_unidirectional,total_model_examples_processed,311,-40960.0
replay,slowheat_unidirectional,total_model_examples_processed,617,-40960.0
replay,slowheat_unidirectional,total_model_examples_processed,919,-40960.0
replay,slowheat_unidirectional,total_model_examples_processed,1223,-40960.0
replay,slowheat_unidirectional,total_model_examples_processed,1523,-40960.0
replay,slowheat_unidirectional,total_model_examples_processed,1823,-40960.0
replay,slowheat_unidirectional,total_model_examples_processed,2129,-40960.0
replay,slowheat_unidirectional,total_model_examples_processed,2423,-40960.0
replay,slowheat_unidirectional,total_model_examples_processed,2729,-40960.0
replay,slowheat_unidirectional,total_model_examples_processed,3037,-40960.0
replay,slowheat_unidirectional,estimated_total_flops,311,-57343137400.0
replay,slowheat_unidirectional,estimated_total_flops,617,-57343137400.0
replay,slowheat_unidirectional,estimated_total_flops,919,-57343137400.0
replay,slowheat_unidirectional,estimated_total_flops,1223,-57343137400.0
replay,slowheat_unidirectional,estimated_total_flops,1523,-57343137400.0
replay,slowheat_unidirectional,estimated_total_flops,1823,-57343137400.0
replay,slowheat_unidirectional,estimated_total_flops,2129,-57343137400.0
replay,slowheat_unidirectional,estimated_total_flops,2423,-57343137400.0
replay,slowheat_unidirectional,estimated_total_flops,2729,-57343137400.0
replay,slowheat_unidirectional,estimated_total_flops,3037,-57343137400.0
replay,slowheat_unidirectional,estimated_overhead_flops,311,349514120.0
replay,slowheat_unidirectional,estimated_overhead_flops,617,349514120.0
replay,slowheat_unidirectional,estimated_overhead_flops,919,349514120.0
replay,slowheat_unidirectional,estimated_overhead_flops,1223,349514120.0
replay,slowheat_unidirectional,estimated_overhead_flops,1523,349514120.0
replay,slowheat_unidirectional,estimated_overhead_flops,1823,349514120.0
replay,slowheat_unidirectional,estimated_overhead_flops,2129,349514120.0
replay,slowheat_unidirectional,estimated_overhead_flops,2423,349514120.0
replay,slowheat_unidirectional,estimated_overhead_flops,2729,349514120.0
replay,slowheat_unidirectional,estimated_overhead_flops,3037,349514120.0
replay,slowheat_unidirectional,replay_memory_bytes,311,-628800.0
replay,slowheat_unidirectional,replay_memory_bytes,617,-628800.0
replay,slowheat_unidirectional,replay_memory_bytes,919,-628800.0
replay,slowheat_unidirectional,replay_memory_bytes,1223,-628800.0
replay,slowheat_unidirectional,replay_memory_bytes,1523,-628800.0
replay,slowheat_unidirectional,replay_memory_bytes,1823,-628800.0
replay,slowheat_unidirectional,replay_memory_bytes,2129,-628800.0
replay,slowheat_unidirectional,replay_memory_bytes,2423,-628800.0
replay,slowheat_unidirectional,replay_memory_bytes,2729,-628800.0
replay,slowheat_unidirectional,replay_memory_bytes,3037,-628800.0
replay,slowheat_unidirectional,stored_logits_bytes,311,0.0
replay,slowheat_unidirectional,stored_logits_bytes,617,0.0
replay,slowheat_unidirectional,stored_logits_bytes,919,0.0
replay,slowheat_unidirectional,stored_logits_bytes,1223,0.0
replay,slowheat_unidirectional,stored_logits_bytes,1523,0.0
replay,slowheat_unidirectional,stored_logits_bytes,1823,0.0
replay,slowheat_unidirectional,stored_logits_bytes,2129,0.0
replay,slowheat_unidirectional,stored_logits_bytes,2423,0.0
replay,slowheat_unidirectional,stored_logits_bytes,2729,0.0
replay,slowheat_unidirectional,stored_logits_bytes,3037,0.0
replay,slowheat_unbudgeted,final_average_accuracy,311,-0.564
replay,slowheat_unbudgeted,final_average_accuracy,617,-0.5988
replay,slowheat_unbudgeted,final_average_accuracy,919,-0.5630000000000001
replay,slowheat_unbudgeted,final_average_accuracy,1223,-0.5574
replay,slowheat_unbudgeted,final_average_accuracy,1523,-0.5634000000000001
replay,slowheat_unbudgeted,final_average_accuracy,1823,-0.5658000000000001
replay,slowheat_unbudgeted,final_average_accuracy,2129,-0.5721999999999998
replay,slowheat_unbudgeted,final_average_accuracy,2423,-0.543
replay,slowheat_unbudgeted,final_average_accuracy,2729,-0.5642
replay,slowheat_unbudgeted,final_average_accuracy,3037,-0.5758000000000001
replay,slowheat_unbudgeted,average_forgetting,311,0.6997499999999999
replay,slowheat_unbudgeted,average_forgetting,617,0.7457499999999999
replay,slowheat_unbudgeted,average_forgetting,919,0.69875
replay,slowheat_unbudgeted,average_forgetting,1223,0.6922499999999999
replay,slowheat_unbudgeted,average_forgetting,1523,0.7007500000000001
replay,slowheat_unbudgeted,average_forgetting,1823,0.698
replay,slowheat_unbudgeted,average_forgetting,2129,0.71075
replay,slowheat_unbudgeted,average_forgetting,2423,0.67475
replay,slowheat_unbudgeted,average_forgetting,2729,0.69675
replay,slowheat_unbudgeted,average_forgetting,3037,0.7172499999999999
replay,slowheat_unbudgeted,backward_transfer,311,-0.6997499999999999
replay,slowheat_unbudgeted,backward_transfer,617,-0.7457499999999999
replay,slowheat_unbudgeted,backward_transfer,919,-0.69875
replay,slowheat_unbudgeted,backward_transfer,1223,-0.6922499999999999
replay,slowheat_unbudgeted,backward_transfer,1523,-0.7007500000000001
replay,slowheat_unbudgeted,backward_transfer,1823,-0.698
replay,slowheat_unbudgeted,backward_transfer,2129,-0.71075
replay,slowheat_unbudgeted,backward_transfer,2423,-0.67475
replay,slowheat_unbudgeted,backward_transfer,2729,-0.69675
replay,slowheat_unbudgeted,backward_transfer,3037,-0.7172499999999999
replay,slowheat_unbudgeted,forward_transfer,311,0.0
replay,slowheat_unbudgeted,forward_transfer,617,-0.000250000000000028
replay,slowheat_unbudgeted,forward_transfer,919,-0.0007500000000000007
replay,slowheat_unbudgeted,forward_transfer,1223,-0.0005000000000000004
replay,slowheat_unbudgeted,forward_transfer,1523,-0.0017500000000000016
replay,slowheat_unbudgeted,forward_transfer,1823,0.0
replay,slowheat_unbudgeted,forward_transfer,2129,-0.0007500000000000007
replay,slowheat_unbudgeted,forward_transfer,2423,0.0
replay,slowheat_unbudgeted,forward_transfer,2729,0.0
replay,slowheat_unbudgeted,forward_transfer,3037,-0.008250000000000004
replay,slowheat_unbudgeted,task_aware_final_accuracy,311,-0.33199999999999996
replay,slowheat_unbudgeted,task_aware_final_accuracy,617,-0.27780000000000005
replay,slowheat_unbudgeted,task_aware_final_accuracy,919,-0.3278
replay,slowheat_unbudgeted,task_aware_final_accuracy,1223,-0.23539999999999994
replay,slowheat_unbudgeted,task_aware_final_accuracy,1523,-0.23459999999999992
replay,slowheat_unbudgeted,task_aware_final_accuracy,1823,-0.3121999999999999
replay,slowheat_unbudgeted,task_aware_final_accuracy,2129,-0.3128000000000001
replay,slowheat_unbudgeted,task_aware_final_accuracy,2423,-0.33440000000000003
replay,slowheat_unbudgeted,task_aware_final_accuracy,2729,-0.3094
replay,slowheat_unbudgeted,task_aware_final_accuracy,3037,-0.3054000000000001
replay,slowheat_unbudgeted,task_aware_forgetting,311,0.40349999999999997
replay,slowheat_unbudgeted,task_aware_forgetting,617,0.33925
replay,slowheat_unbudgeted,task_aware_forgetting,919,0.39974999999999994
replay,slowheat_unbudgeted,task_aware_forgetting,1223,0.2855
replay,slowheat_unbudgeted,task_aware_forgetting,1523,0.28475
replay,slowheat_unbudgeted,task_aware_forgetting,1823,0.377
replay,slowheat_unbudgeted,task_aware_forgetting,2129,0.381
replay,slowheat_unbudgeted,task_aware_forgetting,2423,0.41025
replay,slowheat_unbudgeted,task_aware_forgetting,2729,0.37324999999999997
replay,slowheat_unbudgeted,task_aware_forgetting,3037,0.37449999999999994
replay,slowheat_unbudgeted,classifier_gap,311,0.23199999999999998
replay,slowheat_unbudgeted,classifier_gap,617,0.32100000000000006
replay,slowheat_unbudgeted,classifier_gap,919,0.23520000000000008
replay,slowheat_unbudgeted,classifier_gap,1223,0.32200000000000006
replay,slowheat_unbudgeted,classifier_gap,1523,0.3288000000000001
replay,slowheat_unbudgeted,classifier_gap,1823,0.2536000000000001
replay,slowheat_unbudgeted,classifier_gap,2129,0.2593999999999998
replay,slowheat_unbudgeted,classifier_gap,2423,0.2086
replay,slowheat_unbudgeted,classifier_gap,2729,0.25479999999999997
replay,slowheat_unbudgeted,classifier_gap,3037,0.2704
replay,slowheat_unbudgeted,elapsed_seconds,311,1.373132156993961
replay,slowheat_unbudgeted,elapsed_seconds,617,1.3846895919996314
replay,slowheat_unbudgeted,elapsed_seconds,919,1.4901510579802562
replay,slowheat_unbudgeted,elapsed_seconds,1223,1.4607181580213364
replay,slowheat_unbudgeted,elapsed_seconds,1523,1.465126864000922
replay,slowheat_unbudgeted,elapsed_seconds,1823,1.5048840869567357
replay,slowheat_unbudgeted,elapsed_seconds,2129,1.5169470529945102
replay,slowheat_unbudgeted,elapsed_seconds,2423,1.4961463409999851
replay,slowheat_unbudgeted,elapsed_seconds,2729,1.3414267290208954
replay,slowheat_unbudgeted,elapsed_seconds,3037,1.4576184840116184
replay,slowheat_unbudgeted,learner_examples_processed,311,-40960.0
replay,slowheat_unbudgeted,learner_examples_processed,617,-40960.0
replay,slowheat_unbudgeted,learner_examples_processed,919,-40960.0
replay,slowheat_unbudgeted,learner_examples_processed,1223,-40960.0
replay,slowheat_unbudgeted,learner_examples_processed,1523,-40960.0
replay,slowheat_unbudgeted,learner_examples_processed,1823,-40960.0
replay,slowheat_unbudgeted,learner_examples_processed,2129,-40960.0
replay,slowheat_unbudgeted,learner_examples_processed,2423,-40960.0
replay,slowheat_unbudgeted,learner_examples_processed,2729,-40960.0
replay,slowheat_unbudgeted,learner_examples_processed,3037,-40960.0
replay,slowheat_unbudgeted,total_model_examples_processed,311,-40960.0
replay,slowheat_unbudgeted,total_model_examples_processed,617,-40960.0
replay,slowheat_unbudgeted,total_model_examples_processed,919,-40960.0
replay,slowheat_unbudgeted,total_model_examples_processed,1223,-40960.0
replay,slowheat_unbudgeted,total_model_examples_processed,1523,-40960.0
replay,slowheat_unbudgeted,total_model_examples_processed,1823,-40960.0
replay,slowheat_unbudgeted,total_model_examples_processed,2129,-40960.0
replay,slowheat_unbudgeted,total_model_examples_processed,2423,-40960.0
replay,slowheat_unbudgeted,total_model_examples_processed,2729,-40960.0
replay,slowheat_unbudgeted,total_model_examples_processed,3037,-40960.0
replay,slowheat_unbudgeted,estimated_total_flops,311,-57343137400.0
replay,slowheat_unbudgeted,estimated_total_flops,617,-57343137400.0
replay,slowheat_unbudgeted,estimated_total_flops,919,-57343137400.0
replay,slowheat_unbudgeted,estimated_total_flops,1223,-57343137400.0
replay,slowheat_unbudgeted,estimated_total_flops,1523,-57343137400.0
replay,slowheat_unbudgeted,estimated_total_flops,1823,-57343137400.0
replay,slowheat_unbudgeted,estimated_total_flops,2129,-57343137400.0
replay,slowheat_unbudgeted,estimated_total_flops,2423,-57343137400.0
replay,slowheat_unbudgeted,estimated_total_flops,2729,-57343137400.0
replay,slowheat_unbudgeted,estimated_total_flops,3037,-57343137400.0
replay,slowheat_unbudgeted,estimated_overhead_flops,311,349514120.0
replay,slowheat_unbudgeted,estimated_overhead_flops,617,349514120.0
replay,slowheat_unbudgeted,estimated_overhead_flops,919,349514120.0
replay,slowheat_unbudgeted,estimated_overhead_flops,1223,349514120.0
replay,slowheat_unbudgeted,estimated_overhead_flops,1523,349514120.0
replay,slowheat_unbudgeted,estimated_overhead_flops,1823,349514120.0
replay,slowheat_unbudgeted,estimated_overhead_flops,2129,349514120.0
replay,slowheat_unbudgeted,estimated_overhead_flops,2423,349514120.0
replay,slowheat_unbudgeted,estimated_overhead_flops,2729,349514120.0
replay,slowheat_unbudgeted,estimated_overhead_flops,3037,349514120.0
replay,slowheat_unbudgeted,replay_memory_bytes,311,-628800.0
replay,slowheat_unbudgeted,replay_memory_bytes,617,-628800.0
replay,slowheat_unbudgeted,replay_memory_bytes,919,-628800.0
replay,slowheat_unbudgeted,replay_memory_bytes,1223,-628800.0
replay,slowheat_unbudgeted,replay_memory_bytes,1523,-628800.0
replay,slowheat_unbudgeted,replay_memory_bytes,1823,-628800.0
replay,slowheat_unbudgeted,replay_memory_bytes,2129,-628800.0
replay,slowheat_unbudgeted,replay_memory_bytes,2423,-628800.0
replay,slowheat_unbudgeted,replay_memory_bytes,2729,-628800.0
replay,slowheat_unbudgeted,replay_memory_bytes,3037,-628800.0
replay,slowheat_unbudgeted,stored_logits_bytes,311,0.0
replay,slowheat_unbudgeted,stored_logits_bytes,617,0.0
replay,slowheat_unbudgeted,stored_logits_bytes,919,0.0
replay,slowheat_unbudgeted,stored_logits_bytes,1223,0.0
replay,slowheat_unbudgeted,stored_logits_bytes,1523,0.0
replay,slowheat_unbudgeted,stored_logits_bytes,1823,0.0
replay,slowheat_unbudgeted,stored_logits_bytes,2129,0.0
replay,slowheat_unbudgeted,stored_logits_bytes,2423,0.0
replay,slowheat_unbudgeted,stored_logits_bytes,2729,0.0
replay,slowheat_unbudgeted,stored_logits_bytes,3037,0.0
replay,slowheat_none,final_average_accuracy,311,-0.5606
replay,slowheat_none,final_average_accuracy,617,-0.5968
replay,slowheat_none,final_average_accuracy,919,-0.5594
replay,slowheat_none,final_average_accuracy,1223,-0.5549999999999999
replay,slowheat_none,final_average_accuracy,1523,-0.561
replay,slowheat_none,final_average_accuracy,1823,-0.5604
replay,slowheat_none,final_average_accuracy,2129,-0.5679999999999998
replay,slowheat_none,final_average_accuracy,2423,-0.5406
replay,slowheat_none,final_average_accuracy,2729,-0.5586
replay,slowheat_none,final_average_accuracy,3037,-0.5728000000000001
replay,slowheat_none,average_forgetting,311,0.7042499999999998
replay,slowheat_none,average_forgetting,617,0.74725
replay,slowheat_none,average_forgetting,919,0.7015
replay,slowheat_none,average_forgetting,1223,0.6947499999999999
replay,slowheat_none,average_forgetting,1523,0.70425
replay,slowheat_none,average_forgetting,1823,0.70225
replay,slowheat_none,average_forgetting,2129,0.71275
replay,slowheat_none,average_forgetting,2423,0.67675
replay,slowheat_none,average_forgetting,2729,0.7015
replay,slowheat_none,average_forgetting,3037,0.718
replay,slowheat_none,backward_transfer,311,-0.7042499999999998
replay,slowheat_none,backward_transfer,617,-0.74725
replay,slowheat_none,backward_transfer,919,-0.7015
replay,slowheat_none,backward_transfer,1223,-0.6947499999999999
replay,slowheat_none,backward_transfer,1523,-0.70425
replay,slowheat_none,backward_transfer,1823,-0.70225
replay,slowheat_none,backward_transfer,2129,-0.71275
replay,slowheat_none,backward_transfer,2423,-0.67675
replay,slowheat_none,backward_transfer,2729,-0.7015
replay,slowheat_none,backward_transfer,3037,-0.718
replay,slowheat_none,forward_transfer,311,0.0
replay,slowheat_none,forward_transfer,617,-0.000250000000000028
replay,slowheat_none,forward_transfer,919,-0.0007500000000000007
replay,slowheat_none,forward_transfer,1223,-0.0005000000000000004
replay,slowheat_none,forward_transfer,1523,-0.0017500000000000016
replay,slowheat_none,forward_transfer,1823,0.0
replay,slowheat_none,forward_transfer,2129,-0.0007500000000000007
replay,slowheat_none,forward_transfer,2423,0.0
replay,slowheat_none,forward_transfer,2729,0.0
replay,slowheat_none,forward_transfer,3037,-0.008250000000000004
replay,slowheat_none,task_aware_final_accuracy,311,-0.2884000000000001
replay,slowheat_none,task_aware_final_accuracy,617,-0.3138000000000002
replay,slowheat_none,task_aware_final_accuracy,919,-0.37339999999999984
replay,slowheat_none,task_aware_final_accuracy,1223,-0.3839999999999999
replay,slowheat_none,task_aware_final_accuracy,1523,-0.26059999999999983
replay,slowheat_none,task_aware_final_accuracy,1823,-0.33719999999999983
replay,slowheat_none,task_aware_final_accuracy,2129,-0.383
replay,slowheat_none,task_aware_final_accuracy,2423,-0.24680000000000002
replay,slowheat_none,task_aware_final_accuracy,2729,-0.3155999999999999
replay,slowheat_none,task_aware_final_accuracy,3037,-0.3308000000000002
replay,slowheat_none,task_aware_forgetting,311,0.35775
replay,slowheat_none,task_aware_forgetting,617,0.38825000000000004
replay,slowheat_none,task_aware_forgetting,919,0.46399999999999997
replay,slowheat_none,task_aware_forgetting,1223,0.47675
replay,slowheat_none,task_aware_forgetting,1523,0.3237499999999999
replay,slowheat_none,task_aware_forgetting,1823,0.41925
replay,slowheat_none,task_aware_forgetting,2129,0.476
replay,slowheat_none,task_aware_forgetting,2423,0.30574999999999997
replay,slowheat_none,task_aware_forgetting,2729,0.39274999999999993
replay,slowheat_none,task_aware_forgetting,3037,0.41074999999999995
replay,slowheat_none,classifier_gap,311,0.2721999999999999
replay,slowheat_none,classifier_gap,617,0.28299999999999986
replay,slowheat_none,classifier_gap,919,0.18600000000000017
replay,slowheat_none,classifier_gap,1223,0.1710000000000001
replay,slowheat_none,classifier_gap,1523,0.3004000000000002
replay,slowheat_none,classifier_gap,1823,0.22320000000000018
replay,slowheat_none,classifier_gap,2129,0.1849999999999999
replay,slowheat_none,classifier_gap,2423,0.29380000000000006
replay,slowheat_none,classifier_gap,2729,0.2430000000000001
replay,slowheat_none,classifier_gap,3037,0.24199999999999988
replay,slowheat_none,elapsed_seconds,311,1.3702272479713429
replay,slowheat_none,elapsed_seconds,617,1.3883587699965574
replay,slowheat_none,elapsed_seconds,919,1.4836669039796107
replay,slowheat_none,elapsed_seconds,1223,1.467627596022794
replay,slowheat_none,elapsed_seconds,1523,1.4029365139722358
replay,slowheat_none,elapsed_seconds,1823,1.5327666379744187
replay,slowheat_none,elapsed_seconds,2129,1.5025650429888628
replay,slowheat_none,elapsed_seconds,2423,1.4846897429961246
replay,slowheat_none,elapsed_seconds,2729,1.3315990090195555
replay,slowheat_none,elapsed_seconds,3037,1.4273827230208553
replay,slowheat_none,learner_examples_processed,311,-40960.0
replay,slowheat_none,learner_examples_processed,617,-40960.0
replay,slowheat_none,learner_examples_processed,919,-40960.0
replay,slowheat_none,learner_examples_processed,1223,-40960.0
replay,slowheat_none,learner_examples_processed,1523,-40960.0
replay,slowheat_none,learner_examples_processed,1823,-40960.0
replay,slowheat_none,learner_examples_processed,2129,-40960.0
replay,slowheat_none,learner_examples_processed,2423,-40960.0
replay,slowheat_none,learner_examples_processed,2729,-40960.0
replay,slowheat_none,learner_examples_processed,3037,-40960.0
replay,slowheat_none,total_model_examples_processed,311,-40960.0
replay,slowheat_none,total_model_examples_processed,617,-40960.0
replay,slowheat_none,total_model_examples_processed,919,-40960.0
replay,slowheat_none,total_model_examples_processed,1223,-40960.0
replay,slowheat_none,total_model_examples_processed,1523,-40960.0
replay,slowheat_none,total_model_examples_processed,1823,-40960.0
replay,slowheat_none,total_model_examples_processed,2129,-40960.0
replay,slowheat_none,total_model_examples_processed,2423,-40960.0
replay,slowheat_none,total_model_examples_processed,2729,-40960.0
replay,slowheat_none,total_model_examples_processed,3037,-40960.0
replay,slowheat_none,estimated_total_flops,311,-57343152320.0
replay,slowheat_none,estimated_total_flops,617,-57343152320.0
replay,slowheat_none,estimated_total_flops,919,-57343152320.0
replay,slowheat_none,estimated_total_flops,1223,-57343152320.0
replay,slowheat_none,estimated_total_flops,1523,-57343152320.0
replay,slowheat_none,estimated_total_flops,1823,-57343152320.0
replay,slowheat_none,estimated_total_flops,2129,-57343152320.0
replay,slowheat_none,estimated_total_flops,2423,-57343152320.0
replay,slowheat_none,estimated_total_flops,2729,-57343152320.0
replay,slowheat_none,estimated_total_flops,3037,-57343152320.0
replay,slowheat_none,estimated_overhead_flops,311,349499200.0
replay,slowheat_none,estimated_overhead_flops,617,349499200.0
replay,slowheat_none,estimated_overhead_flops,919,349499200.0
replay,slowheat_none,estimated_overhead_flops,1223,349499200.0
replay,slowheat_none,estimated_overhead_flops,1523,349499200.0
replay,slowheat_none,estimated_overhead_flops,1823,349499200.0
replay,slowheat_none,estimated_overhead_flops,2129,349499200.0
replay,slowheat_none,estimated_overhead_flops,2423,349499200.0
replay,slowheat_none,estimated_overhead_flops,2729,349499200.0
replay,slowheat_none,estimated_overhead_flops,3037,349499200.0
replay,slowheat_none,replay_memory_bytes,311,-628800.0
replay,slowheat_none,replay_memory_bytes,617,-628800.0
replay,slowheat_none,replay_memory_bytes,919,-628800.0
replay,slowheat_none,replay_memory_bytes,1223,-628800.0
replay,slowheat_none,replay_memory_bytes,1523,-628800.0
replay,slowheat_none,replay_memory_bytes,1823,-628800.0
replay,slowheat_none,replay_memory_bytes,2129,-628800.0
replay,slowheat_none,replay_memory_bytes,2423,-628800.0
replay,slowheat_none,replay_memory_bytes,2729,-628800.0
replay,slowheat_none,replay_memory_bytes,3037,-628800.0
replay,slowheat_none,stored_logits_bytes,311,0.0
replay,slowheat_none,stored_logits_bytes,617,0.0
replay,slowheat_none,stored_logits_bytes,919,0.0
replay,slowheat_none,stored_logits_bytes,1223,0.0
replay,slowheat_none,stored_logits_bytes,1523,0.0
replay,slowheat_none,stored_logits_bytes,1823,0.0
replay,slowheat_none,stored_logits_bytes,2129,0.0
replay,slowheat_none,stored_logits_bytes,2423,0.0
replay,slowheat_none,stored_logits_bytes,2729,0.0
replay,slowheat_none,stored_logits_bytes,3037,0.0
replay,hard_freeze,final_average_accuracy,311,-0.5631999999999999
replay,hard_freeze,final_average_accuracy,617,-0.5716000000000001
replay,hard_freeze,final_average_accuracy,919,-0.5624
replay,hard_freeze,final_average_accuracy,1223,-0.5582
replay,hard_freeze,final_average_accuracy,1523,-0.5670000000000001
replay,hard_freeze,final_average_accuracy,1823,-0.5624
replay,hard_freeze,final_average_accuracy,2129,-0.5723999999999999
replay,hard_freeze,final_average_accuracy,2423,-0.5452
replay,hard_freeze,final_average_accuracy,2729,-0.5660000000000001
replay,hard_freeze,final_average_accuracy,3037,-0.5676000000000001
replay,hard_freeze,average_forgetting,311,0.698
replay,hard_freeze,average_forgetting,617,0.706
replay,hard_freeze,average_forgetting,919,0.69625
replay,hard_freeze,average_forgetting,1223,0.69
replay,hard_freeze,average_forgetting,1523,0.7000000000000001
replay,hard_freeze,average_forgetting,1823,0.6977499999999999
replay,hard_freeze,average_forgetting,2129,0.708
replay,hard_freeze,average_forgetting,2423,0.6677500000000001
replay,hard_freeze,average_forgetting,2729,0.6935
replay,hard_freeze,average_forgetting,3037,0.7049999999999998
replay,hard_freeze,backward_transfer,311,-0.698
replay,hard_freeze,backward_transfer,617,-0.706
replay,hard_freeze,backward_transfer,919,-0.69625
replay,hard_freeze,backward_transfer,1223,-0.69
replay,hard_freeze,backward_transfer,1523,-0.7000000000000001
replay,hard_freeze,backward_transfer,1823,-0.6977499999999999
replay,hard_freeze,backward_transfer,2129,-0.708
replay,hard_freeze,backward_transfer,2423,-0.6677500000000001
replay,hard_freeze,backward_transfer,2729,-0.6935
replay,hard_freeze,backward_transfer,3037,-0.7049999999999998
replay,hard_freeze,forward_transfer,311,0.0
replay,hard_freeze,forward_transfer,617,-0.000250000000000028
replay,hard_freeze,forward_transfer,919,-0.0007500000000000007
replay,hard_freeze,forward_transfer,1223,-0.0005000000000000004
replay,hard_freeze,forward_transfer,1523,-0.0017500000000000016
replay,hard_freeze,forward_transfer,1823,0.0
replay,hard_freeze,forward_transfer,2129,-0.0007500000000000007
replay,hard_freeze,forward_transfer,2423,0.0
replay,hard_freeze,forward_transfer,2729,0.0
replay,hard_freeze,forward_transfer,3037,-0.008250000000000004
replay,hard_freeze,task_aware_final_accuracy,311,-0.23919999999999997
replay,hard_freeze,task_aware_final_accuracy,617,-0.20420000000000016
replay,hard_freeze,task_aware_final_accuracy,919,-0.17780000000000007
replay,hard_freeze,task_aware_final_accuracy,1223,-0.15779999999999983
replay,hard_freeze,task_aware_final_accuracy,1523,-0.10339999999999983
replay,hard_freeze,task_aware_final_accuracy,1823,-0.20319999999999994
replay,hard_freeze,task_aware_final_accuracy,2129,-0.2964
replay,hard_freeze,task_aware_final_accuracy,2423,-0.16999999999999993
replay,hard_freeze,task_aware_final_accuracy,2729,-0.2852
replay,hard_freeze,task_aware_final_accuracy,3037,-0.14440000000000008
replay,hard_freeze,task_aware_forgetting,311,0.2869999999999999
replay,hard_freeze,task_aware_forgetting,617,0.2415
replay,hard_freeze,task_aware_forgetting,919,0.21049999999999996
replay,hard_freeze,task_aware_forgetting,1223,0.18524999999999997
replay,hard_freeze,task_aware_forgetting,1523,0.11549999999999999
replay,hard_freeze,task_aware_forgetting,1823,0.24474999999999997
replay,hard_freeze,task_aware_forgetting,2129,0.35750000000000004
replay,hard_freeze,task_aware_forgetting,2423,0.19499999999999998
replay,hard_freeze,task_aware_forgetting,2729,0.33749999999999997
replay,hard_freeze,task_aware_forgetting,3037,0.17149999999999999
replay,hard_freeze,classifier_gap,311,0.32399999999999995
replay,hard_freeze,classifier_gap,617,0.36739999999999984
replay,hard_freeze,classifier_gap,919,0.38459999999999994
replay,hard_freeze,classifier_gap,1223,0.4004000000000002
replay,hard_freeze,classifier_gap,1523,0.46360000000000023
replay,hard_freeze,classifier_gap,1823,0.3592000000000001
replay,hard_freeze,classifier_gap,2129,0.2759999999999999
replay,hard_freeze,classifier_gap,2423,0.3752000000000001
replay,hard_freeze,classifier_gap,2729,0.28080000000000005
replay,hard_freeze,classifier_gap,3037,0.4232
replay,hard_freeze,elapsed_seconds,311,1.252268418960739
replay,hard_freeze,elapsed_seconds,617,1.2828904189809691
replay,hard_freeze,elapsed_seconds,919,1.35606256898609
replay,hard_freeze,elapsed_seconds,1223,1.3231367020052858
replay,hard_freeze,elapsed_seconds,1523,1.3243836000037845
replay,hard_freeze,elapsed_seconds,1823,1.4073051129817031
replay,hard_freeze,elapsed_seconds,2129,1.3748329010268208
replay,hard_freeze,elapsed_seconds,2423,1.3557872209930792
replay,hard_freeze,elapsed_seconds,2729,1.230512610025471
replay,hard_freeze,elapsed_seconds,3037,1.3313677530095447
replay,hard_freeze,learner_examples_processed,311,-40960.0
replay,hard_freeze,learner_examples_processed,617,-40960.0
replay,hard_freeze,learner_examples_processed,919,-40960.0
replay,hard_freeze,learner_examples_processed,1223,-40960.0
replay,hard_freeze,learner_examples_processed,1523,-40960.0
replay,hard_freeze,learner_examples_processed,1823,-40960.0
replay,hard_freeze,learner_examples_processed,2129,-40960.0
replay,hard_freeze,learner_examples_processed,2423,-40960.0
replay,hard_freeze,learner_examples_processed,2729,-40960.0
replay,hard_freeze,learner_examples_processed,3037,-40960.0
replay,hard_freeze,total_model_examples_processed,311,-40960.0
replay,hard_freeze,total_model_examples_processed,617,-40960.0
replay,hard_freeze,total_model_examples_processed,919,-40960.0
replay,hard_freeze,total_model_examples_processed,1223,-40960.0
replay,hard_freeze,total_model_examples_processed,1523,-40960.0
replay,hard_freeze,total_model_examples_processed,1823,-40960.0
replay,hard_freeze,total_model_examples_processed,2129,-40960.0
replay,hard_freeze,total_model_examples_processed,2423,-40960.0
replay,hard_freeze,total_model_examples_processed,2729,-40960.0
replay,hard_freeze,total_model_examples_processed,3037,-40960.0
replay,hard_freeze,estimated_total_flops,311,-57343137400.0
replay,hard_freeze,estimated_total_flops,617,-57343137400.0
replay,hard_freeze,estimated_total_flops,919,-57343137400.0
replay,hard_freeze,estimated_total_flops,1223,-57343137400.0
replay,hard_freeze,estimated_total_flops,1523,-57343137400.0
replay,hard_freeze,estimated_total_flops,1823,-57343137400.0
replay,hard_freeze,estimated_total_flops,2129,-57343137400.0
replay,hard_freeze,estimated_total_flops,2423,-57343137400.0
replay,hard_freeze,estimated_total_flops,2729,-57343137400.0
replay,hard_freeze,estimated_total_flops,3037,-57343137400.0
replay,hard_freeze,estimated_overhead_flops,311,349514120.0
replay,hard_freeze,estimated_overhead_flops,617,349514120.0
replay,hard_freeze,estimated_overhead_flops,919,349514120.0
replay,hard_freeze,estimated_overhead_flops,1223,349514120.0
replay,hard_freeze,estimated_overhead_flops,1523,349514120.0
replay,hard_freeze,estimated_overhead_flops,1823,349514120.0
replay,hard_freeze,estimated_overhead_flops,2129,349514120.0
replay,hard_freeze,estimated_overhead_flops,2423,349514120.0
replay,hard_freeze,estimated_overhead_flops,2729,349514120.0
replay,hard_freeze,estimated_overhead_flops,3037,349514120.0
replay,hard_freeze,replay_memory_bytes,311,-628800.0
replay,hard_freeze,replay_memory_bytes,617,-628800.0
replay,hard_freeze,replay_memory_bytes,919,-628800.0
replay,hard_freeze,replay_memory_bytes,1223,-628800.0
replay,hard_freeze,replay_memory_bytes,1523,-628800.0
replay,hard_freeze,replay_memory_bytes,1823,-628800.0
replay,hard_freeze,replay_memory_bytes,2129,-628800.0
replay,hard_freeze,replay_memory_bytes,2423,-628800.0
replay,hard_freeze,replay_memory_bytes,2729,-628800.0
replay,hard_freeze,replay_memory_bytes,3037,-628800.0
replay,hard_freeze,stored_logits_bytes,311,0.0
replay,hard_freeze,stored_logits_bytes,617,0.0
replay,hard_freeze,stored_logits_bytes,919,0.0
replay,hard_freeze,stored_logits_bytes,1223,0.0
replay,hard_freeze,stored_logits_bytes,1523,0.0
replay,hard_freeze,stored_logits_bytes,1823,0.0
replay,hard_freeze,stored_logits_bytes,2129,0.0
replay,hard_freeze,stored_logits_bytes,2423,0.0
replay,hard_freeze,stored_logits_bytes,2729,0.0
replay,hard_freeze,stored_logits_bytes,3037,0.0
replay,distillation,final_average_accuracy,311,-0.5603999999999999
replay,distillation,final_average_accuracy,617,-0.5952000000000001
replay,distillation,final_average_accuracy,919,-0.5584
replay,distillation,final_average_accuracy,1223,-0.5544
replay,distillation,final_average_accuracy,1523,-0.562
replay,distillation,final_average_accuracy,1823,-0.5602
replay,distillation,final_average_accuracy,2129,-0.5691999999999999
replay,distillation,final_average_accuracy,2423,-0.5412
replay,distillation,final_average_accuracy,2729,-0.5596
replay,distillation,final_average_accuracy,3037,-0.5734000000000001
replay,distillation,average_forgetting,311,0.70025
replay,distillation,average_forgetting,617,0.749
replay,distillation,average_forgetting,919,0.70175
replay,distillation,average_forgetting,1223,0.6954999999999999
replay,distillation,average_forgetting,1523,0.7055000000000001
replay,distillation,average_forgetting,1823,0.7022499999999999
replay,distillation,average_forgetting,2129,0.7132499999999999
replay,distillation,average_forgetting,2423,0.6785
replay,distillation,average_forgetting,2729,0.70275
replay,distillation,average_forgetting,3037,0.71925
replay,distillation,backward_transfer,311,-0.70025
replay,distillation,backward_transfer,617,-0.749
replay,distillation,backward_transfer,919,-0.70175
replay,distillation,backward_transfer,1223,-0.6954999999999999
replay,distillation,backward_transfer,1523,-0.7055000000000001
replay,distillation,backward_transfer,1823,-0.7022499999999999
replay,distillation,backward_transfer,2129,-0.7132499999999999
replay,distillation,backward_transfer,2423,-0.6785
replay,distillation,backward_transfer,2729,-0.70275
replay,distillation,backward_transfer,3037,-0.71925
replay,distillation,forward_transfer,311,0.0
replay,distillation,forward_transfer,617,-0.000250000000000028
replay,distillation,forward_transfer,919,-0.0007500000000000007
replay,distillation,forward_transfer,1223,-0.0005000000000000004
replay,distillation,forward_transfer,1523,-0.0017500000000000016
replay,distillation,forward_transfer,1823,0.0
replay,distillation,forward_transfer,2129,-0.0007500000000000007
replay,distillation,forward_transfer,2423,0.0
replay,distillation,forward_transfer,2729,0.0
replay,distillation,forward_transfer,3037,-0.008250000000000004
replay,distillation,task_aware_final_accuracy,311,-0.09560000000000002
replay,distillation,task_aware_final_accuracy,617,-0.0828000000000001
replay,distillation,task_aware_final_accuracy,919,-0.07219999999999993
replay,distillation,task_aware_final_accuracy,1223,-0.12459999999999993
replay,distillation,task_aware_final_accuracy,1523,-0.14219999999999988
replay,distillation,task_aware_final_accuracy,1823,-0.1289999999999999
replay,distillation,task_aware_final_accuracy,2129,-0.10559999999999992
replay,distillation,task_aware_final_accuracy,2423,-0.08300000000000007
replay,distillation,task_aware_final_accuracy,2729,-0.11319999999999997
replay,distillation,task_aware_final_accuracy,3037,-0.10860000000000025
replay,distillation,task_aware_forgetting,311,0.11374999999999999
replay,distillation,task_aware_forgetting,617,0.10325000000000001
replay,distillation,task_aware_forgetting,919,0.089
replay,distillation,task_aware_forgetting,1223,0.15399999999999997
replay,distillation,task_aware_forgetting,1523,0.17574999999999996
replay,distillation,task_aware_forgetting,1823,0.15975
replay,distillation,task_aware_forgetting,2129,0.12825
replay,distillation,task_aware_forgetting,2423,0.10199999999999998
replay,distillation,task_aware_forgetting,2729,0.13974999999999999
replay,distillation,task_aware_forgetting,3037,0.13375
replay,distillation,classifier_gap,311,0.4647999999999999
replay,distillation,classifier_gap,617,0.5124
replay,distillation,classifier_gap,919,0.4862000000000001
replay,distillation,classifier_gap,1223,0.42980000000000007
replay,distillation,classifier_gap,1523,0.4198000000000002
replay,distillation,classifier_gap,1823,0.43120000000000014
replay,distillation,classifier_gap,2129,0.4635999999999999
replay,distillation,classifier_gap,2423,0.45819999999999994
replay,distillation,classifier_gap,2729,0.4464
replay,distillation,classifier_gap,3037,0.46479999999999977
replay,distillation,elapsed_seconds,311,-0.2902923570072744
replay,distillation,elapsed_seconds,617,-0.26684774400200695
replay,distillation,elapsed_seconds,919,-0.2764629220182542
replay,distillation,elapsed_seconds,1223,-0.2615398399939295
replay,distillation,elapsed_seconds,1523,-0.2508771700086072
replay,distillation,elapsed_seconds,1823,-0.18686535404413007
replay,distillation,elapsed_seconds,2129,-0.19217951901373453
replay,distillation,elapsed_seconds,2423,-0.27471213100943714
replay,distillation,elapsed_seconds,2729,-0.3353875429893378
replay,distillation,elapsed_seconds,3037,-0.26333701598923653
replay,distillation,learner_examples_processed,311,-40960.0
replay,distillation,learner_examples_processed,617,-40960.0
replay,distillation,learner_examples_processed,919,-40960.0
replay,distillation,learner_examples_processed,1223,-40960.0
replay,distillation,learner_examples_processed,1523,-40960.0
replay,distillation,learner_examples_processed,1823,-40960.0
replay,distillation,learner_examples_processed,2129,-40960.0
replay,distillation,learner_examples_processed,2423,-40960.0
replay,distillation,learner_examples_processed,2729,-40960.0
replay,distillation,learner_examples_processed,3037,-40960.0
replay,distillation,total_model_examples_processed,311,40960.0
replay,distillation,total_model_examples_processed,617,40960.0
replay,distillation,total_model_examples_processed,919,40960.0
replay,distillation,total_model_examples_processed,1223,40960.0
replay,distillation,total_model_examples_processed,1523,40960.0
replay,distillation,total_model_examples_processed,1823,40960.0
replay,distillation,total_model_examples_processed,2129,40960.0
replay,distillation,total_model_examples_processed,2423,40960.0
replay,distillation,total_model_examples_processed,2729,40960.0
replay,distillation,total_model_examples_processed,3037,40960.0
replay,distillation,estimated_total_flops,311,-19230883840.0
replay,distillation,estimated_total_flops,617,-19230883840.0
replay,distillation,estimated_total_flops,919,-19230883840.0
replay,distillation,estimated_total_flops,1223,-19230883840.0
replay,distillation,estimated_total_flops,1523,-19230883840.0
replay,distillation,estimated_total_flops,1823,-19230883840.0
replay,distillation,estimated_total_flops,2129,-19230883840.0
replay,distillation,estimated_total_flops,2423,-19230883840.0
replay,distillation,estimated_total_flops,2729,-19230883840.0
replay,distillation,estimated_total_flops,3037,-19230883840.0
replay,distillation,estimated_overhead_flops,311,0.0
replay,distillation,estimated_overhead_flops,617,0.0
replay,distillation,estimated_overhead_flops,919,0.0
replay,distillation,estimated_overhead_flops,1223,0.0
replay,distillation,estimated_overhead_flops,1523,0.0
replay,distillation,estimated_overhead_flops,1823,0.0
replay,distillation,estimated_overhead_flops,2129,0.0
replay,distillation,estimated_overhead_flops,2423,0.0
replay,distillation,estimated_overhead_flops,2729,0.0
replay,distillation,estimated_overhead_flops,3037,0.0
replay,distillation,replay_memory_bytes,311,-628800.0
replay,distillation,replay_memory_bytes,617,-628800.0
replay,distillation,replay_memory_bytes,919,-628800.0
replay,distillation,replay_memory_bytes,1223,-628800.0
replay,distillation,replay_memory_bytes,1523,-628800.0
replay,distillation,replay_memory_bytes,1823,-628800.0
replay,distillation,replay_memory_bytes,2129,-628800.0
replay,distillation,replay_memory_bytes,2423,-628800.0
replay,distillation,replay_memory_bytes,2729,-628800.0
replay,distillation,replay_memory_bytes,3037,-628800.0
replay,distillation,stored_logits_bytes,311,0.0
replay,distillation,stored_logits_bytes,617,0.0
replay,distillation,stored_logits_bytes,919,0.0
replay,distillation,stored_logits_bytes,1223,0.0
replay,distillation,stored_logits_bytes,1523,0.0
replay,distillation,stored_logits_bytes,1823,0.0
replay,distillation,stored_logits_bytes,2129,0.0
replay,distillation,stored_logits_bytes,2423,0.0
replay,distillation,stored_logits_bytes,2729,0.0
replay,distillation,stored_logits_bytes,3037,0.0
replay,slowheat_replay,final_average_accuracy,311,0.014600000000000057
replay,slowheat_replay,final_average_accuracy,617,-0.009600000000000053
replay,slowheat_replay,final_average_accuracy,919,0.015800000000000036
replay,slowheat_replay,final_average_accuracy,1223,-0.005199999999999982
replay,slowheat_replay,final_average_accuracy,1523,-0.01419999999999999
replay,slowheat_replay,final_average_accuracy,1823,0.005999999999999894
replay,slowheat_replay,final_average_accuracy,2129,0.022400000000000087
replay,slowheat_replay,final_average_accuracy,2423,0.026599999999999957
replay,slowheat_replay,final_average_accuracy,2729,0.011400000000000077
replay,slowheat_replay,final_average_accuracy,3037,-0.0028000000000001357
replay,slowheat_replay,average_forgetting,311,-0.028000000000000025
replay,slowheat_replay,average_forgetting,617,0.008750000000000036
replay,slowheat_replay,average_forgetting,919,-0.027249999999999996
replay,slowheat_replay,average_forgetting,1223,0.0009999999999999454
replay,slowheat_replay,average_forgetting,1523,0.01100000000000001
replay,slowheat_replay,average_forgetting,1823,-0.012250000000000094
replay,slowheat_replay,average_forgetting,2129,-0.035999999999999976
replay,slowheat_replay,average_forgetting,2423,-0.04074999999999995
replay,slowheat_replay,average_forgetting,2729,-0.024749999999999994
replay,slowheat_replay,average_forgetting,3037,-0.003000000000000058
replay,slowheat_replay,backward_transfer,311,0.028000000000000025
replay,slowheat_replay,backward_transfer,617,-0.008750000000000036
replay,slowheat_replay,backward_transfer,919,0.027249999999999996
replay,slowheat_replay,backward_transfer,1223,-0.0009999999999999454
replay,slowheat_replay,backward_transfer,1523,-0.01100000000000001
replay,slowheat_replay,backward_transfer,1823,0.012250000000000094
replay,slowheat_replay,backward_transfer,2129,0.035999999999999976
replay,slowheat_replay,backward_transfer,2423,0.04074999999999995
replay,slowheat_replay,backward_transfer,2729,0.024749999999999994
replay,slowheat_replay,backward_transfer,3037,0.003000000000000058
replay,slowheat_replay,forward_transfer,311,0.0
replay,slowheat_replay,forward_transfer,617,0.008750000000000008
replay,slowheat_replay,forward_transfer,919,-0.0005000000000000004
replay,slowheat_replay,forward_transfer,1223,-0.0005000000000000004
replay,slowheat_replay,forward_transfer,1523,-0.0017500000000000016
replay,slowheat_replay,forward_transfer,1823,0.0030000000000000027
replay,slowheat_replay,forward_transfer,2129,-0.0007500000000000007
replay,slowheat_replay,forward_transfer,2423,0.0
replay,slowheat_replay,forward_transfer,2729,0.0
replay,slowheat_replay,forward_transfer,3037,-0.0027500000000000024
replay,slowheat_replay,task_aware_final_accuracy,311,-0.0016000000000000458
replay,slowheat_replay,task_aware_final_accuracy,617,-0.0018000000000001348
replay,slowheat_replay,task_aware_final_accuracy,919,0.0006000000000000449
replay,slowheat_replay,task_aware_final_accuracy,1223,-0.0015999999999998238
replay,slowheat_replay,task_aware_final_accuracy,1523,-0.0031999999999999806
replay,slowheat_replay,task_aware_final_accuracy,1823,-0.0041999999999999815
replay,slowheat_replay,task_aware_final_accuracy,2129,-0.0006000000000000449
replay,slowheat_replay,task_aware_final_accuracy,2423,-0.0014000000000001789
replay,slowheat_replay,task_aware_final_accuracy,2729,-0.0025999999999999357
replay,slowheat_replay,task_aware_final_accuracy,3037,-0.0028000000000001357
replay,slowheat_replay,task_aware_forgetting,311,-0.004500000000000004
replay,slowheat_replay,task_aware_forgetting,617,0.0010000000000000009
replay,slowheat_replay,task_aware_forgetting,919,-0.004250000000000004
replay,slowheat_replay,task_aware_forgetting,1223,-0.0037500000000000033
replay,slowheat_replay,task_aware_forgetting,1523,-0.0012500000000000011
replay,slowheat_replay,task_aware_forgetting,1823,0.0025000000000000022
replay,slowheat_replay,task_aware_forgetting,2129,-0.005500000000000005
replay,slowheat_replay,task_aware_forgetting,2423,-0.0025000000000000022
replay,slowheat_replay,task_aware_forgetting,2729,-0.003250000000000003
replay,slowheat_replay,task_aware_forgetting,3037,0.0002500000000000002
replay,slowheat_replay,classifier_gap,311,-0.016200000000000103
replay,slowheat_replay,classifier_gap,617,0.007799999999999918
replay,slowheat_replay,classifier_gap,919,-0.015199999999999991
replay,slowheat_replay,classifier_gap,1223,0.0036000000000001586
replay,slowheat_replay,classifier_gap,1523,0.01100000000000001
replay,slowheat_replay,classifier_gap,1823,-0.010199999999999876
replay,slowheat_replay,classifier_gap,2129,-0.02300000000000013
replay,slowheat_replay,classifier_gap,2423,-0.028000000000000136
replay,slowheat_replay,classifier_gap,2729,-0.014000000000000012
replay,slowheat_replay,classifier_gap,3037,0.0
replay,slowheat_replay,elapsed_seconds,311,2.249614111991832
replay,slowheat_replay,elapsed_seconds,617,2.3738184190005995
replay,slowheat_replay,elapsed_seconds,919,2.1926398210052866
replay,slowheat_replay,elapsed_seconds,1223,2.3613784310000483
replay,slowheat_replay,elapsed_seconds,1523,2.366425577987684
replay,slowheat_replay,elapsed_seconds,1823,2.4697300489642657
replay,slowheat_replay,elapsed_seconds,2129,2.461278091999702
replay,slowheat_replay,elapsed_seconds,2423,2.1880122020083945
replay,slowheat_replay,elapsed_seconds,2729,2.2879907340102363
replay,slowheat_replay,elapsed_seconds,3037,2.40286739601288
replay,slowheat_replay,learner_examples_processed,311,0.0
replay,slowheat_replay,learner_examples_processed,617,0.0
replay,slowheat_replay,learner_examples_processed,919,0.0
replay,slowheat_replay,learner_examples_processed,1223,0.0
replay,slowheat_replay,learner_examples_processed,1523,0.0
replay,slowheat_replay,learner_examples_processed,1823,0.0
replay,slowheat_replay,learner_examples_processed,2129,0.0
replay,slowheat_replay,learner_examples_processed,2423,0.0
replay,slowheat_replay,learner_examples_processed,2729,0.0
replay,slowheat_replay,learner_examples_processed,3037,0.0
replay,slowheat_replay,total_model_examples_processed,311,0.0
replay,slowheat_replay,total_model_examples_processed,617,0.0
replay,slowheat_replay,total_model_examples_processed,919,0.0
replay,slowheat_replay,total_model_examples_processed,1223,0.0
replay,slowheat_replay,total_model_examples_processed,1523,0.0
replay,slowheat_replay,total_model_examples_processed,1823,0.0
replay,slowheat_replay,total_model_examples_processed,2129,0.0
replay,slowheat_replay,total_model_examples_processed,2423,0.0
replay,slowheat_replay,total_model_examples_processed,2729,0.0
replay,slowheat_replay,total_model_examples_processed,3037,0.0
replay,slowheat_replay,estimated_total_flops,311,414067080.0
replay,slowheat_replay,estimated_total_flops,617,414067080.0
replay,slowheat_replay,estimated_total_flops,919,414067080.0
replay,slowheat_replay,estimated_total_flops,1223,414067080.0
replay,slowheat_replay,estimated_total_flops,1523,414067080.0
replay,slowheat_replay,estimated_total_flops,1823,414067080.0
replay,slowheat_replay,estimated_total_flops,2129,414067080.0
replay,slowheat_replay,estimated_total_flops,2423,414067080.0
replay,slowheat_replay,estimated_total_flops,2729,414067080.0
replay,slowheat_replay,estimated_total_flops,3037,414067080.0
replay,slowheat_replay,estimated_overhead_flops,311,414067080.0
replay,slowheat_replay,estimated_overhead_flops,617,414067080.0
replay,slowheat_replay,estimated_overhead_flops,919,414067080.0
replay,slowheat_replay,estimated_overhead_flops,1223,414067080.0
replay,slowheat_replay,estimated_overhead_flops,1523,414067080.0
replay,slowheat_replay,estimated_overhead_flops,1823,414067080.0
replay,slowheat_replay,estimated_overhead_flops,2129,414067080.0
replay,slowheat_replay,estimated_overhead_flops,2423,414067080.0
replay,slowheat_replay,estimated_overhead_flops,2729,414067080.0
replay,slowheat_replay,estimated_overhead_flops,3037,414067080.0
replay,slowheat_replay,replay_memory_bytes,311,0.0
replay,slowheat_replay,replay_memory_bytes,617,0.0
replay,slowheat_replay,replay_memory_bytes,919,0.0
replay,slowheat_replay,replay_memory_bytes,1223,0.0
replay,slowheat_replay,replay_memory_bytes,1523,0.0
replay,slowheat_replay,replay_memory_bytes,1823,0.0
replay,slowheat_replay,replay_memory_bytes,2129,0.0
replay,slowheat_replay,replay_memory_bytes,2423,0.0
replay,slowheat_replay,replay_memory_bytes,2729,0.0
replay,slowheat_replay,replay_memory_bytes,3037,0.0
replay,slowheat_replay,stored_logits_bytes,311,0.0
replay,slowheat_replay,stored_logits_bytes,617,0.0
replay,slowheat_replay,stored_logits_bytes,919,0.0
replay,slowheat_replay,stored_logits_bytes,1223,0.0
replay,slowheat_replay,stored_logits_bytes,1523,0.0
replay,slowheat_replay,stored_logits_bytes,1823,0.0
replay,slowheat_replay,stored_logits_bytes,2129,0.0
replay,slowheat_replay,stored_logits_bytes,2423,0.0
replay,slowheat_replay,stored_logits_bytes,2729,0.0
replay,slowheat_replay,stored_logits_bytes,3037,0.0
replay,slowheat_distillation,final_average_accuracy,311,-0.5635999999999999
replay,slowheat_distillation,final_average_accuracy,617,-0.6040000000000001
replay,slowheat_distillation,final_average_accuracy,919,-0.5598000000000001
replay,slowheat_distillation,final_average_accuracy,1223,-0.5569999999999999
replay,slowheat_distillation,final_average_accuracy,1523,-0.5644
replay,slowheat_distillation,final_average_accuracy,1823,-0.5622
replay,slowheat_distillation,final_average_accuracy,2129,-0.5723999999999999
replay,slowheat_distillation,final_average_accuracy,2423,-0.5414
replay,slowheat_distillation,final_average_accuracy,2729,-0.5640000000000001
replay,slowheat_distillation,final_average_accuracy,3037,-0.5724
replay,slowheat_distillation,average_forgetting,311,0.6997499999999999
replay,slowheat_distillation,average_forgetting,617,0.7465
replay,slowheat_distillation,average_forgetting,919,0.6975
replay,slowheat_distillation,average_forgetting,1223,0.6905
replay,slowheat_distillation,average_forgetting,1523,0.70025
replay,slowheat_distillation,average_forgetting,1823,0.7
replay,slowheat_distillation,average_forgetting,2129,0.7097499999999999
replay,slowheat_distillation,average_forgetting,2423,0.675
replay,slowheat_distillation,average_forgetting,2729,0.6965000000000001
replay,slowheat_distillation,average_forgetting,3037,0.70875
replay,slowheat_distillation,backward_transfer,311,-0.6997499999999999
replay,slowheat_distillation,backward_transfer,617,-0.7465
replay,slowheat_distillation,backward_transfer,919,-0.6975
replay,slowheat_distillation,backward_transfer,1223,-0.6905
replay,slowheat_distillation,backward_transfer,1523,-0.70025
replay,slowheat_distillation,backward_transfer,1823,-0.7
replay,slowheat_distillation,backward_transfer,2129,-0.7097499999999999
replay,slowheat_distillation,backward_transfer,2423,-0.675
replay,slowheat_distillation,backward_transfer,2729,-0.6965000000000001
replay,slowheat_distillation,backward_transfer,3037,-0.70875
replay,slowheat_distillation,forward_transfer,311,0.0
replay,slowheat_distillation,forward_transfer,617,-0.000250000000000028
replay,slowheat_distillation,forward_transfer,919,-0.0007500000000000007
replay,slowheat_distillation,forward_transfer,1223,-0.0005000000000000004
replay,slowheat_distillation,forward_transfer,1523,-0.0017500000000000016
replay,slowheat_distillation,forward_transfer,1823,0.0
replay,slowheat_distillation,forward_transfer,2129,-0.0007500000000000007
replay,slowheat_distillation,forward_transfer,2423,0.0
replay,slowheat_distillation,forward_transfer,2729,0.0
replay,slowheat_distillation,forward_transfer,3037,-0.008250000000000004
replay,slowheat_distillation,task_aware_final_accuracy,311,-0.2245999999999999
replay,slowheat_distillation,task_aware_final_accuracy,617,-0.13400000000000023
replay,slowheat_distillation,task_aware_final_accuracy,919,-0.12080000000000002
replay,slowheat_distillation,task_aware_final_accuracy,1223,-0.18219999999999992
replay,slowheat_distillation,task_aware_final_accuracy,1523,-0.15579999999999994
replay,slowheat_distillation,task_aware_final_accuracy,1823,-0.1509999999999998
replay,slowheat_distillation,task_aware_final_accuracy,2129,-0.18319999999999992
replay,slowheat_distillation,task_aware_final_accuracy,2423,-0.08119999999999994
replay,slowheat_distillation,task_aware_final_accuracy,2729,-0.1946
replay,slowheat_distillation,task_aware_final_accuracy,3037,-0.06320000000000003
replay,slowheat_distillation,task_aware_forgetting,311,0.26974999999999993
replay,slowheat_distillation,task_aware_forgetting,617,0.15375
replay,slowheat_distillation,task_aware_forgetting,919,0.144
replay,slowheat_distillation,task_aware_forgetting,1223,0.21774999999999997
replay,slowheat_distillation,task_aware_forgetting,1523,0.18449999999999997
replay,slowheat_distillation,task_aware_forgetting,1823,0.18225
replay,slowheat_distillation,task_aware_forgetting,2129,0.21775
replay,slowheat_distillation,task_aware_forgetting,2423,0.09599999999999997
replay,slowheat_distillation,task_aware_forgetting,2729,0.22974999999999998
replay,slowheat_distillation,task_aware_forgetting,3037,0.0675
replay,slowheat_distillation,classifier_gap,311,0.3390000000000001
replay,slowheat_distillation,classifier_gap,617,0.46999999999999986
replay,slowheat_distillation,classifier_gap,919,0.43899999999999995
replay,slowheat_distillation,classifier_gap,1223,0.37480000000000013
replay,slowheat_distillation,classifier_gap,1523,0.4086000000000002
replay,slowheat_distillation,classifier_gap,1823,0.41120000000000023
replay,slowheat_distillation,classifier_gap,2129,0.3892
replay,slowheat_distillation,classifier_gap,2423,0.46020000000000005
replay,slowheat_distillation,classifier_gap,2729,0.36940000000000006
replay,slowheat_distillation,classifier_gap,3037,0.5092
replay,slowheat_distillation,elapsed_seconds,311,1.8794094669865444
replay,slowheat_distillation,elapsed_seconds,617,1.9395675619889516
replay,slowheat_distillation,elapsed_seconds,919,1.9151156889856793
replay,slowheat_distillation,elapsed_seconds,1223,2.0213142469874583
replay,slowheat_distillation,elapsed_seconds,1523,2.032480231981026
replay,slowheat_distillation,elapsed_seconds,1823,2.0731837249768432
replay,slowheat_distillation,elapsed_seconds,2129,2.0364026300085243
replay,slowheat_distillation,elapsed_seconds,2423,2.237949019006919
replay,slowheat_distillation,elapsed_seconds,2729,1.8371330720256083
replay,slowheat_distillation,elapsed_seconds,3037,1.964031153038377
replay,slowheat_distillation,learner_examples_processed,311,-40960.0
replay,slowheat_distillation,learner_examples_processed,617,-40960.0
replay,slowheat_distillation,learner_examples_processed,919,-40960.0
replay,slowheat_distillation,learner_examples_processed,1223,-40960.0
replay,slowheat_distillation,learner_examples_processed,1523,-40960.0
replay,slowheat_distillation,learner_examples_processed,1823,-40960.0
replay,slowheat_distillation,learner_examples_processed,2129,-40960.0
replay,slowheat_distillation,learner_examples_processed,2423,-40960.0
replay,slowheat_distillation,learner_examples_processed,2729,-40960.0
replay,slowheat_distillation,learner_examples_processed,3037,-40960.0
replay,slowheat_distillation,total_model_examples_processed,311,40960.0
replay,slowheat_distillation,total_model_examples_processed,617,40960.0
replay,slowheat_distillation,total_model_examples_processed,919,40960.0
replay,slowheat_distillation,total_model_examples_processed,1223,40960.0
replay,slowheat_distillation,total_model_examples_processed,1523,40960.0
replay,slowheat_distillation,total_model_examples_processed,1823,40960.0
replay,slowheat_distillation,total_model_examples_processed,2129,40960.0
replay,slowheat_distillation,total_model_examples_processed,2423,40960.0
replay,slowheat_distillation,total_model_examples_processed,2729,40960.0
replay,slowheat_distillation,total_model_examples_processed,3037,40960.0
replay,slowheat_distillation,estimated_total_flops,311,-18881369720.0
replay,slowheat_distillation,estimated_total_flops,617,-18881369720.0
replay,slowheat_distillation,estimated_total_flops,919,-18881369720.0
replay,slowheat_distillation,estimated_total_flops,1223,-18881369720.0
replay,slowheat_distillation,estimated_total_flops,1523,-18881369720.0
replay,slowheat_distillation,estimated_total_flops,1823,-18881369720.0
replay,slowheat_distillation,estimated_total_flops,2129,-18881369720.0
replay,slowheat_distillation,estimated_total_flops,2423,-18881369720.0
replay,slowheat_distillation,estimated_total_flops,2729,-18881369720.0
replay,slowheat_distillation,estimated_total_flops,3037,-18881369720.0
replay,slowheat_distillation,estimated_overhead_flops,311,349514120.0
replay,slowheat_distillation,estimated_overhead_flops,617,349514120.0
replay,slowheat_distillation,estimated_overhead_flops,919,349514120.0
replay,slowheat_distillation,estimated_overhead_flops,1223,349514120.0
replay,slowheat_distillation,estimated_overhead_flops,1523,349514120.0
replay,slowheat_distillation,estimated_overhead_flops,1823,349514120.0
replay,slowheat_distillation,estimated_overhead_flops,2129,349514120.0
replay,slowheat_distillation,estimated_overhead_flops,2423,349514120.0
replay,slowheat_distillation,estimated_overhead_flops,2729,349514120.0
replay,slowheat_distillation,estimated_overhead_flops,3037,349514120.0
replay,slowheat_distillation,replay_memory_bytes,311,-628800.0
replay,slowheat_distillation,replay_memory_bytes,617,-628800.0
replay,slowheat_distillation,replay_memory_bytes,919,-628800.0
replay,slowheat_distillation,replay_memory_bytes,1223,-628800.0
replay,slowheat_distillation,replay_memory_bytes,1523,-628800.0
replay,slowheat_distillation,replay_memory_bytes,1823,-628800.0
replay,slowheat_distillation,replay_memory_bytes,2129,-628800.0
replay,slowheat_distillation,replay_memory_bytes,2423,-628800.0
replay,slowheat_distillation,replay_memory_bytes,2729,-628800.0
replay,slowheat_distillation,replay_memory_bytes,3037,-628800.0
replay,slowheat_distillation,stored_logits_bytes,311,0.0
replay,slowheat_distillation,stored_logits_bytes,617,0.0
replay,slowheat_distillation,stored_logits_bytes,919,0.0
replay,slowheat_distillation,stored_logits_bytes,1223,0.0
replay,slowheat_distillation,stored_logits_bytes,1523,0.0
replay,slowheat_distillation,stored_logits_bytes,1823,0.0
replay,slowheat_distillation,stored_logits_bytes,2129,0.0
replay,slowheat_distillation,stored_logits_bytes,2423,0.0
replay,slowheat_distillation,stored_logits_bytes,2729,0.0
replay,slowheat_distillation,stored_logits_bytes,3037,0.0
replay,derpp,final_average_accuracy,311,0.07120000000000004
replay,derpp,final_average_accuracy,617,0.03480000000000005
replay,derpp,final_average_accuracy,919,0.08240000000000003
replay,derpp,final_average_accuracy,1223,0.05279999999999996
replay,derpp,final_average_accuracy,1523,0.05579999999999996
replay,derpp,final_average_accuracy,1823,0.08239999999999992
replay,derpp,final_average_accuracy,2129,0.06480000000000019
replay,derpp,final_average_accuracy,2423,0.08079999999999998
replay,derpp,final_average_accuracy,2729,0.0696
replay,derpp,final_average_accuracy,3037,0.0613999999999999
replay,derpp,average_forgetting,311,-0.08975
replay,derpp,average_forgetting,617,-0.04150000000000001
replay,derpp,average_forgetting,919,-0.10425000000000001
replay,derpp,average_forgetting,1223,-0.06700000000000003
replay,derpp,average_forgetting,1523,-0.07074999999999992
replay,derpp,average_forgetting,1823,-0.10400000000000006
replay,derpp,average_forgetting,2129,-0.08249999999999999
replay,derpp,average_forgetting,2423,-0.10374999999999995
replay,derpp,average_forgetting,2729,-0.08524999999999996
replay,derpp,average_forgetting,3037,-0.07950000000000002
replay,derpp,backward_transfer,311,0.08975
replay,derpp,backward_transfer,617,0.04150000000000001
replay,derpp,backward_transfer,919,0.10425000000000001
replay,derpp,backward_transfer,1223,0.06700000000000003
replay,derpp,backward_transfer,1523,0.07074999999999992
replay,derpp,backward_transfer,1823,0.10400000000000006
replay,derpp,backward_transfer,2129,0.08249999999999999
replay,derpp,backward_transfer,2423,0.10374999999999995
replay,derpp,backward_transfer,2729,0.08524999999999996
replay,derpp,backward_transfer,3037,0.07950000000000002
replay,derpp,forward_transfer,311,0.0
replay,derpp,forward_transfer,617,0.0020000000000000018
replay,derpp,forward_transfer,919,-0.0007500000000000007
replay,derpp,forward_transfer,1223,-0.0005000000000000004
replay,derpp,forward_transfer,1523,-0.0017500000000000016
replay,derpp,forward_transfer,1823,0.0
replay,derpp,forward_transfer,2129,-0.0007500000000000007
replay,derpp,forward_transfer,2423,0.00024999999999997247
replay,derpp,forward_transfer,2729,0.0
replay,derpp,forward_transfer,3037,-0.008250000000000004
replay,derpp,task_aware_final_accuracy,311,0.0006000000000000449
replay,derpp,task_aware_final_accuracy,617,0.006999999999999784
replay,derpp,task_aware_final_accuracy,919,0.002000000000000113
replay,derpp,task_aware_final_accuracy,1223,0.0028000000000000247
replay,derpp,task_aware_final_accuracy,1523,0.0013999999999999568
replay,derpp,task_aware_final_accuracy,1823,0.0014000000000001789
replay,derpp,task_aware_final_accuracy,2129,0.0038000000000000256
replay,derpp,task_aware_final_accuracy,2423,-0.006199999999999983
replay,derpp,task_aware_final_accuracy,2729,0.0007999999999999119
replay,derpp,task_aware_final_accuracy,3037,0.0007999999999999119
replay,derpp,task_aware_forgetting,311,0.0005000000000000004
replay,derpp,task_aware_forgetting,617,-0.00824999999999998
replay,derpp,task_aware_forgetting,919,-0.0020000000000000018
replay,derpp,task_aware_forgetting,1223,-0.004500000000000004
replay,derpp,task_aware_forgetting,1523,-0.0010000000000000009
replay,derpp,task_aware_forgetting,1823,-0.0007500000000000007
replay,derpp,task_aware_forgetting,2129,-0.004500000000000004
replay,derpp,task_aware_forgetting,2423,0.006000000000000005
replay,derpp,task_aware_forgetting,2729,-0.0005000000000000004
replay,derpp,task_aware_forgetting,3037,-0.0017500000000000016
replay,derpp,classifier_gap,311,-0.0706
replay,derpp,classifier_gap,617,-0.02780000000000027
replay,derpp,classifier_gap,919,-0.08039999999999992
replay,derpp,classifier_gap,1223,-0.04999999999999993
replay,derpp,classifier_gap,1523,-0.054400000000000004
replay,derpp,classifier_gap,1823,-0.08099999999999974
replay,derpp,classifier_gap,2129,-0.061000000000000165
replay,derpp,classifier_gap,2423,-0.08699999999999997
replay,derpp,classifier_gap,2729,-0.06880000000000008
replay,derpp,classifier_gap,3037,-0.06059999999999999
replay,derpp,elapsed_seconds,311,0.11633763500140049
replay,derpp,elapsed_seconds,617,0.17716445500263944
replay,derpp,elapsed_seconds,919,0.10179197799880058
replay,derpp,elapsed_seconds,1223,0.1593356179946568
replay,derpp,elapsed_seconds,1523,0.17079495399957523
replay,derpp,elapsed_seconds,1823,0.3471999439643696
replay,derpp,elapsed_seconds,2129,0.12003460101550445
replay,derpp,elapsed_seconds,2423,0.41645403701113537
replay,derpp,elapsed_seconds,2729,0.135791908018291
replay,derpp,elapsed_seconds,3037,0.22918479502550326
replay,derpp,learner_examples_processed,311,0.0
replay,derpp,learner_examples_processed,617,0.0
replay,derpp,learner_examples_processed,919,0.0
replay,derpp,learner_examples_processed,1223,0.0
replay,derpp,learner_examples_processed,1523,0.0
replay,derpp,learner_examples_processed,1823,0.0
replay,derpp,learner_examples_processed,2129,0.0
replay,derpp,learner_examples_processed,2423,0.0
replay,derpp,learner_examples_processed,2729,0.0
replay,derpp,learner_examples_processed,3037,0.0
replay,derpp,total_model_examples_processed,311,0.0
replay,derpp,total_model_examples_processed,617,0.0
replay,derpp,total_model_examples_processed,919,0.0
replay,derpp,total_model_examples_processed,1223,0.0
replay,derpp,total_model_examples_processed,1523,0.0
replay,derpp,total_model_examples_processed,1823,0.0
replay,derpp,total_model_examples_processed,2129,0.0
replay,derpp,total_model_examples_processed,2423,0.0
replay,derpp,total_model_examples_processed,2729,0.0
replay,derpp,total_model_examples_processed,3037,0.0
replay,derpp,estimated_total_flops,311,0.0
replay,derpp,estimated_total_flops,617,0.0
replay,derpp,estimated_total_flops,919,0.0
replay,derpp,estimated_total_flops,1223,0.0
replay,derpp,estimated_total_flops,1523,0.0
replay,derpp,estimated_total_flops,1823,0.0
replay,derpp,estimated_total_flops,2129,0.0
replay,derpp,estimated_total_flops,2423,0.0
replay,derpp,estimated_total_flops,2729,0.0
replay,derpp,estimated_total_flops,3037,0.0
replay,derpp,estimated_overhead_flops,311,0.0
replay,derpp,estimated_overhead_flops,617,0.0
replay,derpp,estimated_overhead_flops,919,0.0
replay,derpp,estimated_overhead_flops,1223,0.0
replay,derpp,estimated_overhead_flops,1523,0.0
replay,derpp,estimated_overhead_flops,1823,0.0
replay,derpp,estimated_overhead_flops,2129,0.0
replay,derpp,estimated_overhead_flops,2423,0.0
replay,derpp,estimated_overhead_flops,2729,0.0
replay,derpp,estimated_overhead_flops,3037,0.0
replay,derpp,replay_memory_bytes,311,0.0
replay,derpp,replay_memory_bytes,617,0.0
replay,derpp,replay_memory_bytes,919,0.0
replay,derpp,replay_memory_bytes,1223,0.0
replay,derpp,replay_memory_bytes,1523,0.0
replay,derpp,replay_memory_bytes,1823,0.0
replay,derpp,replay_memory_bytes,2129,0.0
replay,derpp,replay_memory_bytes,2423,0.0
replay,derpp,replay_memory_bytes,2729,0.0
replay,derpp,replay_memory_bytes,3037,0.0
replay,derpp,stored_logits_bytes,311,8000.0
replay,derpp,stored_logits_bytes,617,8000.0
replay,derpp,stored_logits_bytes,919,8000.0
replay,derpp,stored_logits_bytes,1223,8000.0
replay,derpp,stored_logits_bytes,1523,8000.0
replay,derpp,stored_logits_bytes,1823,8000.0
replay,derpp,stored_logits_bytes,2129,8000.0
replay,derpp,stored_logits_bytes,2423,8000.0
replay,derpp,stored_logits_bytes,2729,8000.0
replay,derpp,stored_logits_bytes,3037,8000.0
replay,slowheat_derpp_hidden_beta_30_budget_0.25,final_average_accuracy,311,0.10060000000000002
replay,slowheat_derpp_hidden_beta_30_budget_0.25,final_average_accuracy,617,0.05699999999999994
replay,slowheat_derpp_hidden_beta_30_budget_0.25,final_average_accuracy,919,0.10899999999999999
replay,slowheat_derpp_hidden_beta_30_budget_0.25,final_average_accuracy,1223,0.08860000000000001
replay,slowheat_derpp_hidden_beta_30_budget_0.25,final_average_accuracy,1523,0.08419999999999983
replay,slowheat_derpp_hidden_beta_30_budget_0.25,final_average_accuracy,1823,0.10340000000000005
replay,slowheat_derpp_hidden_beta_30_budget_0.25,final_average_accuracy,2129,0.08840000000000026
replay,slowheat_derpp_hidden_beta_30_budget_0.25,final_average_accuracy,2423,0.0978
replay,slowheat_derpp_hidden_beta_30_budget_0.25,final_average_accuracy,2729,0.10400000000000009
replay,slowheat_derpp_hidden_beta_30_budget_0.25,final_average_accuracy,3037,0.09460000000000002
replay,slowheat_derpp_hidden_beta_30_budget_0.25,average_forgetting,311,-0.13550000000000004
replay,slowheat_derpp_hidden_beta_30_budget_0.25,average_forgetting,617,-0.07800000000000001
replay,slowheat_derpp_hidden_beta_30_budget_0.25,average_forgetting,919,-0.14825000000000005
replay,slowheat_derpp_hidden_beta_30_budget_0.25,average_forgetting,1223,-0.12350000000000005
replay,slowheat_derpp_hidden_beta_30_budget_0.25,average_forgetting,1523,-0.11399999999999996
replay,slowheat_derpp_hidden_beta_30_budget_0.25,average_forgetting,1823,-0.1392500000000001
replay,slowheat_derpp_hidden_beta_30_budget_0.25,average_forgetting,2129,-0.12425000000000003
replay,slowheat_derpp_hidden_beta_30_budget_0.25,average_forgetting,2423,-0.12924999999999995
replay,slowheat_derpp_hidden_beta_30_budget_0.25,average_forgetting,2729,-0.14475000000000002
replay,slowheat_derpp_hidden_beta_30_budget_0.25,average_forgetting,3037,-0.12975000000000003
replay,slowheat_derpp_hidden_beta_30_budget_0.25,backward_transfer,311,0.13550000000000004
replay,slowheat_derpp_hidden_beta_30_budget_0.25,backward_transfer,617,0.07800000000000001
replay,slowheat_derpp_hidden_beta_30_budget_0.25,backward_transfer,919,0.14825000000000005
replay,slowheat_derpp_hidden_beta_30_budget_0.25,backward_transfer,1223,0.12350000000000005
replay,slowheat_derpp_hidden_beta_30_budget_0.25,backward_transfer,1523,0.11399999999999996
replay,slowheat_derpp_hidden_beta_30_budget_0.25,backward_transfer,1823,0.1392500000000001
replay,slowheat_derpp_hidden_beta_30_budget_0.25,backward_transfer,2129,0.12425000000000003
replay,slowheat_derpp_hidden_beta_30_budget_0.25,backward_transfer,2423,0.12924999999999995
replay,slowheat_derpp_hidden_beta_30_budget_0.25,backward_transfer,2729,0.14475000000000002
replay,slowheat_derpp_hidden_beta_30_budget_0.25,backward_transfer,3037,0.12975000000000003
replay,slowheat_derpp_hidden_beta_30_budget_0.25,forward_transfer,311,0.0
replay,slowheat_derpp_hidden_beta_30_budget_0.25,forward_transfer,617,0.0037499999999999756
replay,slowheat_derpp_hidden_beta_30_budget_0.25,forward_transfer,919,-0.0005000000000000004
replay,slowheat_derpp_hidden_beta_30_budget_0.25,forward_transfer,1223,-0.0005000000000000004
replay,slowheat_derpp_hidden_beta_30_budget_0.25,forward_transfer,1523,-0.0017500000000000016
replay,slowheat_derpp_hidden_beta_30_budget_0.25,forward_transfer,1823,0.0
replay,slowheat_derpp_hidden_beta_30_budget_0.25,forward_transfer,2129,-0.0007500000000000007
replay,slowheat_derpp_hidden_beta_30_budget_0.25,forward_transfer,2423,0.0
replay,slowheat_derpp_hidden_beta_30_budget_0.25,forward_transfer,2729,0.0
replay,slowheat_derpp_hidden_beta_30_budget_0.25,forward_transfer,3037,-0.008250000000000004
replay,slowheat_derpp_hidden_beta_30_budget_0.25,task_aware_final_accuracy,311,-0.0016000000000000458
replay,slowheat_derpp_hidden_beta_30_budget_0.25,task_aware_final_accuracy,617,0.0033999999999998476
replay,slowheat_derpp_hidden_beta_30_budget_0.25,task_aware_final_accuracy,919,0.0012000000000000899
replay,slowheat_derpp_hidden_beta_30_budget_0.25,task_aware_final_accuracy,1223,0.001000000000000112
replay,slowheat_derpp_hidden_beta_30_budget_0.25,task_aware_final_accuracy,1523,0.0045999999999999375
replay,slowheat_derpp_hidden_beta_30_budget_0.25,task_aware_final_accuracy,1823,0.00140000000000029
replay,slowheat_derpp_hidden_beta_30_budget_0.25,task_aware_final_accuracy,2129,-0.0021999999999998687
replay,slowheat_derpp_hidden_beta_30_budget_0.25,task_aware_final_accuracy,2423,-0.0038000000000000256
replay,slowheat_derpp_hidden_beta_30_budget_0.25,task_aware_final_accuracy,2729,0.0036000000000000476
replay,slowheat_derpp_hidden_beta_30_budget_0.25,task_aware_final_accuracy,3037,-0.0028000000000001357
replay,slowheat_derpp_hidden_beta_30_budget_0.25,task_aware_forgetting,311,-0.0030000000000000027
replay,slowheat_derpp_hidden_beta_30_budget_0.25,task_aware_forgetting,617,-0.006749999999999978
replay,slowheat_derpp_hidden_beta_30_budget_0.25,task_aware_forgetting,919,-0.0037500000000000033
replay,slowheat_derpp_hidden_beta_30_budget_0.25,task_aware_forgetting,1223,-0.006500000000000006
replay,slowheat_derpp_hidden_beta_30_budget_0.25,task_aware_forgetting,1523,-0.007750000000000007
replay,slowheat_derpp_hidden_beta_30_budget_0.25,task_aware_forgetting,1823,-0.006000000000000005
replay,slowheat_derpp_hidden_beta_30_budget_0.25,task_aware_forgetting,2129,-0.0012500000000000011
replay,slowheat_derpp_hidden_beta_30_budget_0.25,task_aware_forgetting,2423,0.003500000000000003
replay,slowheat_derpp_hidden_beta_30_budget_0.25,task_aware_forgetting,2729,-0.007750000000000007
replay,slowheat_derpp_hidden_beta_30_budget_0.25,task_aware_forgetting,3037,-0.0017500000000000016
replay,slowheat_derpp_hidden_beta_30_budget_0.25,classifier_gap,311,-0.10220000000000007
replay,slowheat_derpp_hidden_beta_30_budget_0.25,classifier_gap,617,-0.05360000000000009
replay,slowheat_derpp_hidden_beta_30_budget_0.25,classifier_gap,919,-0.1077999999999999
replay,slowheat_derpp_hidden_beta_30_budget_0.25,classifier_gap,1223,-0.0875999999999999
replay,slowheat_derpp_hidden_beta_30_budget_0.25,classifier_gap,1523,-0.0795999999999999
replay,slowheat_derpp_hidden_beta_30_budget_0.25,classifier_gap,1823,-0.10199999999999976
replay,slowheat_derpp_hidden_beta_30_budget_0.25,classifier_gap,2129,-0.09060000000000012
replay,slowheat_derpp_hidden_beta_30_budget_0.25,classifier_gap,2423,-0.10160000000000002
replay,slowheat_derpp_hidden_beta_30_budget_0.25,classifier_gap,2729,-0.10040000000000004
replay,slowheat_derpp_hidden_beta_30_budget_0.25,classifier_gap,3037,-0.09740000000000015
replay,slowheat_derpp_hidden_beta_30_budget_0.25,elapsed_seconds,311,1.684223039977951
replay,slowheat_derpp_hidden_beta_30_budget_0.25,elapsed_seconds,617,1.7840795049851295
replay,slowheat_derpp_hidden_beta_30_budget_0.25,elapsed_seconds,919,1.6459996729681734
replay,slowheat_derpp_hidden_beta_30_budget_0.25,elapsed_seconds,1223,1.8238785929861479
replay,slowheat_derpp_hidden_beta_30_budget_0.25,elapsed_seconds,1523,1.8238982559996657
replay,slowheat_derpp_hidden_beta_30_budget_0.25,elapsed_seconds,1823,1.9366570669808425
replay,slowheat_derpp_hidden_beta_30_budget_0.25,elapsed_seconds,2129,1.9135044240392745
replay,slowheat_derpp_hidden_beta_30_budget_0.25,elapsed_seconds,2423,2.1060052619723137
replay,slowheat_derpp_hidden_beta_30_budget_0.25,elapsed_seconds,2729,1.7296874790044967
replay,slowheat_derpp_hidden_beta_30_budget_0.25,elapsed_seconds,3037,1.8304406130046118
replay,slowheat_derpp_hidden_beta_30_budget_0.25,learner_examples_processed,311,0.0
replay,slowheat_derpp_hidden_beta_30_budget_0.25,learner_examples_processed,617,0.0
replay,slowheat_derpp_hidden_beta_30_budget_0.25,learner_examples_processed,919,0.0
replay,slowheat_derpp_hidden_beta_30_budget_0.25,learner_examples_processed,1223,0.0
replay,slowheat_derpp_hidden_beta_30_budget_0.25,learner_examples_processed,1523,0.0
replay,slowheat_derpp_hidden_beta_30_budget_0.25,learner_examples_processed,1823,0.0
replay,slowheat_derpp_hidden_beta_30_budget_0.25,learner_examples_processed,2129,0.0
replay,slowheat_derpp_hidden_beta_30_budget_0.25,learner_examples_processed,2423,0.0
replay,slowheat_derpp_hidden_beta_30_budget_0.25,learner_examples_processed,2729,0.0
replay,slowheat_derpp_hidden_beta_30_budget_0.25,learner_examples_processed,3037,0.0
replay,slowheat_derpp_hidden_beta_30_budget_0.25,total_model_examples_processed,311,0.0
replay,slowheat_derpp_hidden_beta_30_budget_0.25,total_model_examples_processed,617,0.0
replay,slowheat_derpp_hidden_beta_30_budget_0.25,total_model_examples_processed,919,0.0
replay,slowheat_derpp_hidden_beta_30_budget_0.25,total_model_examples_processed,1223,0.0
replay,slowheat_derpp_hidden_beta_30_budget_0.25,total_model_examples_processed,1523,0.0
replay,slowheat_derpp_hidden_beta_30_budget_0.25,total_model_examples_processed,1823,0.0
replay,slowheat_derpp_hidden_beta_30_budget_0.25,total_model_examples_processed,2129,0.0
replay,slowheat_derpp_hidden_beta_30_budget_0.25,total_model_examples_processed,2423,0.0
replay,slowheat_derpp_hidden_beta_30_budget_0.25,total_model_examples_processed,2729,0.0
replay,slowheat_derpp_hidden_beta_30_budget_0.25,total_model_examples_processed,3037,0.0
replay,slowheat_derpp_hidden_beta_30_budget_0.25,estimated_total_flops,311,407300480.0
replay,slowheat_derpp_hidden_beta_30_budget_0.25,estimated_total_flops,617,407300480.0
replay,slowheat_derpp_hidden_beta_30_budget_0.25,estimated_total_flops,919,407300480.0
replay,slowheat_derpp_hidden_beta_30_budget_0.25,estimated_total_flops,1223,407300480.0
replay,slowheat_derpp_hidden_beta_30_budget_0.25,estimated_total_flops,1523,407300480.0
replay,slowheat_derpp_hidden_beta_30_budget_0.25,estimated_total_flops,1823,407300480.0
replay,slowheat_derpp_hidden_beta_30_budget_0.25,estimated_total_flops,2129,407300480.0
replay,slowheat_derpp_hidden_beta_30_budget_0.25,estimated_total_flops,2423,407300480.0
replay,slowheat_derpp_hidden_beta_30_budget_0.25,estimated_total_flops,2729,407300480.0
replay,slowheat_derpp_hidden_beta_30_budget_0.25,estimated_total_flops,3037,407300480.0
replay,slowheat_derpp_hidden_beta_30_budget_0.25,estimated_overhead_flops,311,407300480.0
replay,slowheat_derpp_hidden_beta_30_budget_0.25,estimated_overhead_flops,617,407300480.0
replay,slowheat_derpp_hidden_beta_30_budget_0.25,estimated_overhead_flops,919,407300480.0
replay,slowheat_derpp_hidden_beta_30_budget_0.25,estimated_overhead_flops,1223,407300480.0
replay,slowheat_derpp_hidden_beta_30_budget_0.25,estimated_overhead_flops,1523,407300480.0
replay,slowheat_derpp_hidden_beta_30_budget_0.25,estimated_overhead_flops,1823,407300480.0
replay,slowheat_derpp_hidden_beta_30_budget_0.25,estimated_overhead_flops,2129,407300480.0
replay,slowheat_derpp_hidden_beta_30_budget_0.25,estimated_overhead_flops,2423,407300480.0
replay,slowheat_derpp_hidden_beta_30_budget_0.25,estimated_overhead_flops,2729,407300480.0
replay,slowheat_derpp_hidden_beta_30_budget_0.25,estimated_overhead_flops,3037,407300480.0
replay,slowheat_derpp_hidden_beta_30_budget_0.25,replay_memory_bytes,311,0.0
replay,slowheat_derpp_hidden_beta_30_budget_0.25,replay_memory_bytes,617,0.0
replay,slowheat_derpp_hidden_beta_30_budget_0.25,replay_memory_bytes,919,0.0
replay,slowheat_derpp_hidden_beta_30_budget_0.25,replay_memory_bytes,1223,0.0
replay,slowheat_derpp_hidden_beta_30_budget_0.25,replay_memory_bytes,1523,0.0
replay,slowheat_derpp_hidden_beta_30_budget_0.25,replay_memory_bytes,1823,0.0
replay,slowheat_derpp_hidden_beta_30_budget_0.25,replay_memory_bytes,2129,0.0
replay,slowheat_derpp_hidden_beta_30_budget_0.25,replay_memory_bytes,2423,0.0
replay,slowheat_derpp_hidden_beta_30_budget_0.25,replay_memory_bytes,2729,0.0
replay,slowheat_derpp_hidden_beta_30_budget_0.25,replay_memory_bytes,3037,0.0
replay,slowheat_derpp_hidden_beta_30_budget_0.25,stored_logits_bytes,311,8000.0
replay,slowheat_derpp_hidden_beta_30_budget_0.25,stored_logits_bytes,617,8000.0
replay,slowheat_derpp_hidden_beta_30_budget_0.25,stored_logits_bytes,919,8000.0
replay,slowheat_derpp_hidden_beta_30_budget_0.25,stored_logits_bytes,1223,8000.0
replay,slowheat_derpp_hidden_beta_30_budget_0.25,stored_logits_bytes,1523,8000.0
replay,slowheat_derpp_hidden_beta_30_budget_0.25,stored_logits_bytes,1823,8000.0
replay,slowheat_derpp_hidden_beta_30_budget_0.25,stored_logits_bytes,2129,8000.0
replay,slowheat_derpp_hidden_beta_30_budget_0.25,stored_logits_bytes,2423,8000.0
replay,slowheat_derpp_hidden_beta_30_budget_0.25,stored_logits_bytes,2729,8000.0
replay,slowheat_derpp_hidden_beta_30_budget_0.25,stored_logits_bytes,3037,8000.0
replay,er_ace,final_average_accuracy,311,-0.044399999999999995
replay,er_ace,final_average_accuracy,617,-0.09980000000000011
replay,er_ace,final_average_accuracy,919,-0.024599999999999955
replay,er_ace,final_average_accuracy,1223,-0.04640000000000011
replay,er_ace,final_average_accuracy,1523,-0.049800000000000066
replay,er_ace,final_average_accuracy,1823,-0.06340000000000001
replay,er_ace,final_average_accuracy,2129,-0.06959999999999988
replay,er_ace,final_average_accuracy,2423,-0.019000000000000017
replay,er_ace,final_average_accuracy,2729,-0.0474
replay,er_ace,final_average_accuracy,3037,-0.05820000000000003
replay,er_ace,average_forgetting,311,-0.24574999999999997
replay,er_ace,average_forgetting,617,-0.18849999999999997
replay,er_ace,average_forgetting,919,-0.26025
replay,er_ace,average_forgetting,1223,-0.26850000000000007
replay,er_ace,average_forgetting,1523,-0.24649999999999997
replay,er_ace,average_forgetting,1823,-0.22100000000000006
replay,er_ace,average_forgetting,2129,-0.23
replay,er_ace,average_forgetting,2423,-0.28474999999999995
replay,er_ace,average_forgetting,2729,-0.23724999999999996
replay,er_ace,average_forgetting,3037,-0.2455
replay,er_ace,backward_transfer,311,0.74775
replay,er_ace,backward_transfer,617,0.6639999999999999
replay,er_ace,backward_transfer,919,0.7755
replay,er_ace,backward_transfer,1223,0.793
replay,er_ace,backward_transfer,1523,0.74025
replay,er_ace,backward_transfer,1823,0.7200000000000001
replay,er_ace,backward_transfer,2129,0.6385000000000001
replay,er_ace,backward_transfer,2423,0.8272499999999999
replay,er_ace,backward_transfer,2729,0.7444999999999999
replay,er_ace,backward_transfer,3037,0.76475
replay,er_ace,forward_transfer,311,0.0
replay,er_ace,forward_transfer,617,0.0009999999999999731
replay,er_ace,forward_transfer,919,-0.0007500000000000007
replay,er_ace,forward_transfer,1223,-0.0005000000000000004
replay,er_ace,forward_transfer,1523,0.010999999999999996
replay,er_ace,forward_transfer,1823,0.0
replay,er_ace,forward_transfer,2129,-0.0007500000000000007
replay,er_ace,forward_transfer,2423,0.0
replay,er_ace,forward_transfer,2729,0.0
replay,er_ace,forward_transfer,3037,-0.008250000000000004
replay,er_ace,task_aware_final_accuracy,311,-0.0015999999999998238
replay,er_ace,task_aware_final_accuracy,617,0.0031999999999997586
replay,er_ace,task_aware_final_accuracy,919,0.0012000000000000899
replay,er_ace,task_aware_final_accuracy,1223,0.0052000000000000934
replay,er_ace,task_aware_final_accuracy,1523,0.0014000000000001789
replay,er_ace,task_aware_final_accuracy,1823,-0.0033999999999998476
replay,er_ace,task_aware_final_accuracy,2129,-0.0033999999999999586
replay,er_ace,task_aware_final_accuracy,2423,-0.0026000000000000467
replay,er_ace,task_aware_final_accuracy,2729,0.00019999999999997797
replay,er_ace,task_aware_final_accuracy,3037,-0.0036000000000001586
replay,er_ace,task_aware_forgetting,311,0.002250000000000002
replay,er_ace,task_aware_forgetting,617,-0.0022499999999999742
replay,er_ace,task_aware_forgetting,919,-0.0017500000000000016
replay,er_ace,task_aware_forgetting,1223,-0.005750000000000005
replay,er_ace,task_aware_forgetting,1523,-0.0017500000000000016
replay,er_ace,task_aware_forgetting,1823,0.003250000000000003
replay,er_ace,task_aware_forgetting,2129,0.0027500000000000024
replay,er_ace,task_aware_forgetting,2423,0.0017500000000000016
replay,er_ace,task_aware_forgetting,2729,0.0005000000000000004
replay,er_ace,task_aware_forgetting,3037,0.004249999999999976
replay,er_ace,classifier_gap,311,0.04280000000000017
replay,er_ace,classifier_gap,617,0.10299999999999987
replay,er_ace,classifier_gap,919,0.025800000000000045
replay,er_ace,classifier_gap,1223,0.0516000000000002
replay,er_ace,classifier_gap,1523,0.051200000000000245
replay,er_ace,classifier_gap,1823,0.060000000000000164
replay,er_ace,classifier_gap,2129,0.06619999999999993
replay,er_ace,classifier_gap,2423,0.01639999999999997
replay,er_ace,classifier_gap,2729,0.047599999999999976
replay,er_ace,classifier_gap,3037,0.05459999999999987
replay,er_ace,elapsed_seconds,311,0.11388485197676346
replay,er_ace,elapsed_seconds,617,-0.014630224002758041
replay,er_ace,elapsed_seconds,919,0.09956988497287966
replay,er_ace,elapsed_seconds,1223,0.11377002703375183
replay,er_ace,elapsed_seconds,1523,0.10141675898921676
replay,er_ace,elapsed_seconds,1823,0.26830213898210786
replay,er_ace,elapsed_seconds,2129,0.19715508201625198
replay,er_ace,elapsed_seconds,2423,0.40631768098683096
replay,er_ace,elapsed_seconds,2729,0.10037127500982024
replay,er_ace,elapsed_seconds,3037,0.14288446502177976
replay,er_ace,learner_examples_processed,311,0.0
replay,er_ace,learner_examples_processed,617,0.0
replay,er_ace,learner_examples_processed,919,0.0
replay,er_ace,learner_examples_processed,1223,0.0
replay,er_ace,learner_examples_processed,1523,0.0
replay,er_ace,learner_examples_processed,1823,0.0
replay,er_ace,learner_examples_processed,2129,0.0
replay,er_ace,learner_examples_processed,2423,0.0
replay,er_ace,learner_examples_processed,2729,0.0
replay,er_ace,learner_examples_processed,3037,0.0
replay,er_ace,total_model_examples_processed,311,0.0
replay,er_ace,total_model_examples_processed,617,0.0
replay,er_ace,total_model_examples_processed,919,0.0
replay,er_ace,total_model_examples_processed,1223,0.0
replay,er_ace,total_model_examples_processed,1523,0.0
replay,er_ace,total_model_examples_processed,1823,0.0
replay,er_ace,total_model_examples_processed,2129,0.0
replay,er_ace,total_model_examples_processed,2423,0.0
replay,er_ace,total_model_examples_processed,2729,0.0
replay,er_ace,total_model_examples_processed,3037,0.0
replay,er_ace,estimated_total_flops,311,0.0
replay,er_ace,estimated_total_flops,617,0.0
replay,er_ace,estimated_total_flops,919,0.0
replay,er_ace,estimated_total_flops,1223,0.0
replay,er_ace,estimated_total_flops,1523,0.0
replay,er_ace,estimated_total_flops,1823,0.0
replay,er_ace,estimated_total_flops,2129,0.0
replay,er_ace,estimated_total_flops,2423,0.0
replay,er_ace,estimated_total_flops,2729,0.0
replay,er_ace,estimated_total_flops,3037,0.0
replay,er_ace,estimated_overhead_flops,311,0.0
replay,er_ace,estimated_overhead_flops,617,0.0
replay,er_ace,estimated_overhead_flops,919,0.0
replay,er_ace,estimated_overhead_flops,1223,0.0
replay,er_ace,estimated_overhead_flops,1523,0.0
replay,er_ace,estimated_overhead_flops,1823,0.0
replay,er_ace,estimated_overhead_flops,2129,0.0
replay,er_ace,estimated_overhead_flops,2423,0.0
replay,er_ace,estimated_overhead_flops,2729,0.0
replay,er_ace,estimated_overhead_flops,3037,0.0
replay,er_ace,replay_memory_bytes,311,0.0
replay,er_ace,replay_memory_bytes,617,0.0
replay,er_ace,replay_memory_bytes,919,0.0
replay,er_ace,replay_memory_bytes,1223,0.0
replay,er_ace,replay_memory_bytes,1523,0.0
replay,er_ace,replay_memory_bytes,1823,0.0
replay,er_ace,replay_memory_bytes,2129,0.0
replay,er_ace,replay_memory_bytes,2423,0.0
replay,er_ace,replay_memory_bytes,2729,0.0
replay,er_ace,replay_memory_bytes,3037,0.0
replay,er_ace,stored_logits_bytes,311,0.0
replay,er_ace,stored_logits_bytes,617,0.0
replay,er_ace,stored_logits_bytes,919,0.0
replay,er_ace,stored_logits_bytes,1223,0.0
replay,er_ace,stored_logits_bytes,1523,0.0
replay,er_ace,stored_logits_bytes,1823,0.0
replay,er_ace,stored_logits_bytes,2129,0.0
replay,er_ace,stored_logits_bytes,2423,0.0
replay,er_ace,stored_logits_bytes,2729,0.0
replay,er_ace,stored_logits_bytes,3037,0.0
replay,slowheat_er_ace_hidden_beta_30_budget_0.25,final_average_accuracy,311,-0.03939999999999988
replay,slowheat_er_ace_hidden_beta_30_budget_0.25,final_average_accuracy,617,-0.11580000000000001
replay,slowheat_er_ace_hidden_beta_30_budget_0.25,final_average_accuracy,919,-0.03300000000000003
replay,slowheat_er_ace_hidden_beta_30_budget_0.25,final_average_accuracy,1223,-0.04300000000000004
replay,slowheat_er_ace_hidden_beta_30_budget_0.25,final_average_accuracy,1523,-0.041200000000000125
replay,slowheat_er_ace_hidden_beta_30_budget_0.25,final_average_accuracy,1823,-0.0616000000000001
replay,slowheat_er_ace_hidden_beta_30_budget_0.25,final_average_accuracy,2129,-0.06699999999999995
replay,slowheat_er_ace_hidden_beta_30_budget_0.25,final_average_accuracy,2423,-0.035600000000000076
replay,slowheat_er_ace_hidden_beta_30_budget_0.25,final_average_accuracy,2729,-0.06999999999999995
replay,slowheat_er_ace_hidden_beta_30_budget_0.25,final_average_accuracy,3037,-0.07640000000000013
replay,slowheat_er_ace_hidden_beta_30_budget_0.25,average_forgetting,311,-0.23924999999999996
replay,slowheat_er_ace_hidden_beta_30_budget_0.25,average_forgetting,617,-0.179
replay,slowheat_er_ace_hidden_beta_30_budget_0.25,average_forgetting,919,-0.25649999999999995
replay,slowheat_er_ace_hidden_beta_30_budget_0.25,average_forgetting,1223,-0.266
replay,slowheat_er_ace_hidden_beta_30_budget_0.25,average_forgetting,1523,-0.24099999999999994
replay,slowheat_er_ace_hidden_beta_30_budget_0.25,average_forgetting,1823,-0.23225000000000007
replay,slowheat_er_ace_hidden_beta_30_budget_0.25,average_forgetting,2129,-0.23074999999999998
replay,slowheat_er_ace_hidden_beta_30_budget_0.25,average_forgetting,2423,-0.2719999999999999
replay,slowheat_er_ace_hidden_beta_30_budget_0.25,average_forgetting,2729,-0.21824999999999997
replay,slowheat_er_ace_hidden_beta_30_budget_0.25,average_forgetting,3037,-0.22899999999999998
replay,slowheat_er_ace_hidden_beta_30_budget_0.25,backward_transfer,311,0.7689999999999999
replay,slowheat_er_ace_hidden_beta_30_budget_0.25,backward_transfer,617,0.636
replay,slowheat_er_ace_hidden_beta_30_budget_0.25,backward_transfer,919,0.81575
replay,slowheat_er_ace_hidden_beta_30_budget_0.25,backward_transfer,1223,0.80525
replay,slowheat_er_ace_hidden_beta_30_budget_0.25,backward_transfer,1523,0.7625
replay,slowheat_er_ace_hidden_beta_30_budget_0.25,backward_transfer,1823,0.6965000000000001
replay,slowheat_er_ace_hidden_beta_30_budget_0.25,backward_transfer,2129,0.7304999999999999
replay,slowheat_er_ace_hidden_beta_30_budget_0.25,backward_transfer,2423,0.8345
replay,slowheat_er_ace_hidden_beta_30_budget_0.25,backward_transfer,2729,0.7424999999999999
replay,slowheat_er_ace_hidden_beta_30_budget_0.25,backward_transfer,3037,0.75325
replay,slowheat_er_ace_hidden_beta_30_budget_0.25,forward_transfer,311,0.0
replay,slowheat_er_ace_hidden_beta_30_budget_0.25,forward_transfer,617,0.005249999999999977
replay,slowheat_er_ace_hidden_beta_30_budget_0.25,forward_transfer,919,-0.0007500000000000007
replay,slowheat_er_ace_hidden_beta_30_budget_0.25,forward_transfer,1223,0.0007500000000000007
replay,slowheat_er_ace_hidden_beta_30_budget_0.25,forward_transfer,1523,-0.0002500000000000002
replay,slowheat_er_ace_hidden_beta_30_budget_0.25,forward_transfer,1823,0.0
replay,slowheat_er_ace_hidden_beta_30_budget_0.25,forward_transfer,2129,-0.0007500000000000007
replay,slowheat_er_ace_hidden_beta_30_budget_0.25,forward_transfer,2423,0.0
replay,slowheat_er_ace_hidden_beta_30_budget_0.25,forward_transfer,2729,0.0
replay,slowheat_er_ace_hidden_beta_30_budget_0.25,forward_transfer,3037,-0.008250000000000004
replay,slowheat_er_ace_hidden_beta_30_budget_0.25,task_aware_final_accuracy,311,0.0011999999999999789
replay,slowheat_er_ace_hidden_beta_30_budget_0.25,task_aware_final_accuracy,617,0.0017999999999999128
replay,slowheat_er_ace_hidden_beta_30_budget_0.25,task_aware_final_accuracy,919,0.0006000000000000449
replay,slowheat_er_ace_hidden_beta_30_budget_0.25,task_aware_final_accuracy,1223,0.00660000000000005
replay,slowheat_er_ace_hidden_beta_30_budget_0.25,task_aware_final_accuracy,1523,0.0034000000000000696
replay,slowheat_er_ace_hidden_beta_30_budget_0.25,task_aware_final_accuracy,1823,-0.0033999999999998476
replay,slowheat_er_ace_hidden_beta_30_budget_0.25,task_aware_final_accuracy,2129,-0.0013999999999999568
replay,slowheat_er_ace_hidden_beta_30_budget_0.25,task_aware_final_accuracy,2423,-0.0028000000000001357
replay,slowheat_er_ace_hidden_beta_30_budget_0.25,task_aware_final_accuracy,2729,0.0028000000000001357
replay,slowheat_er_ace_hidden_beta_30_budget_0.25,task_aware_final_accuracy,3037,0.0005999999999998229
replay,slowheat_er_ace_hidden_beta_30_budget_0.25,task_aware_forgetting,311,-0.002250000000000002
replay,slowheat_er_ace_hidden_beta_30_budget_0.25,task_aware_forgetting,617,-0.003999999999999976
replay,slowheat_er_ace_hidden_beta_30_budget_0.25,task_aware_forgetting,919,-0.002250000000000002
replay,slowheat_er_ace_hidden_beta_30_budget_0.25,task_aware_forgetting,1223,-0.008750000000000008
replay,slowheat_er_ace_hidden_beta_30_budget_0.25,task_aware_forgetting,1523,-0.006750000000000006
replay,slowheat_er_ace_hidden_beta_30_budget_0.25,task_aware_forgetting,1823,0.0017500000000000016
replay,slowheat_er_ace_hidden_beta_30_budget_0.25,task_aware_forgetting,2129,-0.0010000000000000009
replay,slowheat_er_ace_hidden_beta_30_budget_0.25,task_aware_forgetting,2423,-0.0002500000000000002
replay,slowheat_er_ace_hidden_beta_30_budget_0.25,task_aware_forgetting,2729,-0.006750000000000006
replay,slowheat_er_ace_hidden_beta_30_budget_0.25,task_aware_forgetting,3037,-0.0017500000000000016
replay,slowheat_er_ace_hidden_beta_30_budget_0.25,classifier_gap,311,0.04059999999999986
replay,slowheat_er_ace_hidden_beta_30_budget_0.25,classifier_gap,617,0.11759999999999993
replay,slowheat_er_ace_hidden_beta_30_budget_0.25,classifier_gap,919,0.033600000000000074
replay,slowheat_er_ace_hidden_beta_30_budget_0.25,classifier_gap,1223,0.04960000000000009
replay,slowheat_er_ace_hidden_beta_30_budget_0.25,classifier_gap,1523,0.044600000000000195
replay,slowheat_er_ace_hidden_beta_30_budget_0.25,classifier_gap,1823,0.05820000000000025
replay,slowheat_er_ace_hidden_beta_30_budget_0.25,classifier_gap,2129,0.06559999999999999
replay,slowheat_er_ace_hidden_beta_30_budget_0.25,classifier_gap,2423,0.03279999999999994
replay,slowheat_er_ace_hidden_beta_30_budget_0.25,classifier_gap,2729,0.07280000000000009
replay,slowheat_er_ace_hidden_beta_30_budget_0.25,classifier_gap,3037,0.07699999999999996
replay,slowheat_er_ace_hidden_beta_30_budget_0.25,elapsed_seconds,311,1.626367112970911
replay,slowheat_er_ace_hidden_beta_30_budget_0.25,elapsed_seconds,617,1.4360597060003784
replay,slowheat_er_ace_hidden_beta_30_budget_0.25,elapsed_seconds,919,1.5927132359647658
replay,slowheat_er_ace_hidden_beta_30_budget_0.25,elapsed_seconds,1223,1.7760999349993654
replay,slowheat_er_ace_hidden_beta_30_budget_0.25,elapsed_seconds,1523,1.762265306984773
replay,slowheat_er_ace_hidden_beta_30_budget_0.25,elapsed_seconds,1823,1.860105447965907
replay,slowheat_er_ace_hidden_beta_30_budget_0.25,elapsed_seconds,2129,1.8415311980061233
replay,slowheat_er_ace_hidden_beta_30_budget_0.25,elapsed_seconds,2423,2.0703450569999404
replay,slowheat_er_ace_hidden_beta_30_budget_0.25,elapsed_seconds,2729,1.6688892260135617
replay,slowheat_er_ace_hidden_beta_30_budget_0.25,elapsed_seconds,3037,1.7477339270117227
replay,slowheat_er_ace_hidden_beta_30_budget_0.25,learner_examples_processed,311,0.0
replay,slowheat_er_ace_hidden_beta_30_budget_0.25,learner_examples_processed,617,0.0
replay,slowheat_er_ace_hidden_beta_30_budget_0.25,learner_examples_processed,919,0.0
replay,slowheat_er_ace_hidden_beta_30_budget_0.25,learner_examples_processed,1223,0.0
replay,slowheat_er_ace_hidden_beta_30_budget_0.25,learner_examples_processed,1523,0.0
replay,slowheat_er_ace_hidden_beta_30_budget_0.25,learner_examples_processed,1823,0.0
replay,slowheat_er_ace_hidden_beta_30_budget_0.25,learner_examples_processed,2129,0.0
replay,slowheat_er_ace_hidden_beta_30_budget_0.25,learner_examples_processed,2423,0.0
replay,slowheat_er_ace_hidden_beta_30_budget_0.25,learner_examples_processed,2729,0.0
replay,slowheat_er_ace_hidden_beta_30_budget_0.25,learner_examples_processed,3037,0.0
replay,slowheat_er_ace_hidden_beta_30_budget_0.25,total_model_examples_processed,311,0.0
replay,slowheat_er_ace_hidden_beta_30_budget_0.25,total_model_examples_processed,617,0.0
replay,slowheat_er_ace_hidden_beta_30_budget_0.25,total_model_examples_processed,919,0.0
replay,slowheat_er_ace_hidden_beta_30_budget_0.25,total_model_examples_processed,1223,0.0
replay,slowheat_er_ace_hidden_beta_30_budget_0.25,total_model_examples_processed,1523,0.0
replay,slowheat_er_ace_hidden_beta_30_budget_0.25,total_model_examples_processed,1823,0.0
replay,slowheat_er_ace_hidden_beta_30_budget_0.25,total_model_examples_processed,2129,0.0
replay,slowheat_er_ace_hidden_beta_30_budget_0.25,total_model_examples_processed,2423,0.0
replay,slowheat_er_ace_hidden_beta_30_budget_0.25,total_model_examples_processed,2729,0.0
replay,slowheat_er_ace_hidden_beta_30_budget_0.25,total_model_examples_processed,3037,0.0
replay,slowheat_er_ace_hidden_beta_30_budget_0.25,estimated_total_flops,311,407300480.0
replay,slowheat_er_ace_hidden_beta_30_budget_0.25,estimated_total_flops,617,407300480.0
replay,slowheat_er_ace_hidden_beta_30_budget_0.25,estimated_total_flops,919,407300480.0
replay,slowheat_er_ace_hidden_beta_30_budget_0.25,estimated_total_flops,1223,407300480.0
replay,slowheat_er_ace_hidden_beta_30_budget_0.25,estimated_total_flops,1523,407300480.0
replay,slowheat_er_ace_hidden_beta_30_budget_0.25,estimated_total_flops,1823,407300480.0
replay,slowheat_er_ace_hidden_beta_30_budget_0.25,estimated_total_flops,2129,407300480.0
replay,slowheat_er_ace_hidden_beta_30_budget_0.25,estimated_total_flops,2423,407300480.0
replay,slowheat_er_ace_hidden_beta_30_budget_0.25,estimated_total_flops,2729,407300480.0
replay,slowheat_er_ace_hidden_beta_30_budget_0.25,estimated_total_flops,3037,407300480.0
replay,slowheat_er_ace_hidden_beta_30_budget_0.25,estimated_overhead_flops,311,407300480.0
replay,slowheat_er_ace_hidden_beta_30_budget_0.25,estimated_overhead_flops,617,407300480.0
replay,slowheat_er_ace_hidden_beta_30_budget_0.25,estimated_overhead_flops,919,407300480.0
replay,slowheat_er_ace_hidden_beta_30_budget_0.25,estimated_overhead_flops,1223,407300480.0
replay,slowheat_er_ace_hidden_beta_30_budget_0.25,estimated_overhead_flops,1523,407300480.0
replay,slowheat_er_ace_hidden_beta_30_budget_0.25,estimated_overhead_flops,1823,407300480.0
replay,slowheat_er_ace_hidden_beta_30_budget_0.25,estimated_overhead_flops,2129,407300480.0
replay,slowheat_er_ace_hidden_beta_30_budget_0.25,estimated_overhead_flops,2423,407300480.0
replay,slowheat_er_ace_hidden_beta_30_budget_0.25,estimated_overhead_flops,2729,407300480.0
replay,slowheat_er_ace_hidden_beta_30_budget_0.25,estimated_overhead_flops,3037,407300480.0
replay,slowheat_er_ace_hidden_beta_30_budget_0.25,replay_memory_bytes,311,0.0
replay,slowheat_er_ace_hidden_beta_30_budget_0.25,replay_memory_bytes,617,0.0
replay,slowheat_er_ace_hidden_beta_30_budget_0.25,replay_memory_bytes,919,0.0
replay,slowheat_er_ace_hidden_beta_30_budget_0.25,replay_memory_bytes,1223,0.0
replay,slowheat_er_ace_hidden_beta_30_budget_0.25,replay_memory_bytes,1523,0.0
replay,slowheat_er_ace_hidden_beta_30_budget_0.25,replay_memory_bytes,1823,0.0
replay,slowheat_er_ace_hidden_beta_30_budget_0.25,replay_memory_bytes,2129,0.0
replay,slowheat_er_ace_hidden_beta_30_budget_0.25,replay_memory_bytes,2423,0.0
replay,slowheat_er_ace_hidden_beta_30_budget_0.25,replay_memory_bytes,2729,0.0
replay,slowheat_er_ace_hidden_beta_30_budget_0.25,replay_memory_bytes,3037,0.0
replay,slowheat_er_ace_hidden_beta_30_budget_0.25,stored_logits_bytes,311,0.0
replay,slowheat_er_ace_hidden_beta_30_budget_0.25,stored_logits_bytes,617,0.0
replay,slowheat_er_ace_hidden_beta_30_budget_0.25,stored_logits_bytes,919,0.0
replay,slowheat_er_ace_hidden_beta_30_budget_0.25,stored_logits_bytes,1223,0.0
replay,slowheat_er_ace_hidden_beta_30_budget_0.25,stored_logits_bytes,1523,0.0
replay,slowheat_er_ace_hidden_beta_30_budget_0.25,stored_logits_bytes,1823,0.0
replay,slowheat_er_ace_hidden_beta_30_budget_0.25,stored_logits_bytes,2129,0.0
replay,slowheat_er_ace_hidden_beta_30_budget_0.25,stored_logits_bytes,2423,0.0
replay,slowheat_er_ace_hidden_beta_30_budget_0.25,stored_logits_bytes,2729,0.0
replay,slowheat_er_ace_hidden_beta_30_budget_0.25,stored_logits_bytes,3037,0.0
replay,agem,final_average_accuracy,311,-0.5603999999999999
replay,agem,final_average_accuracy,617,-0.595
replay,agem,final_average_accuracy,919,-0.555
replay,agem,final_average_accuracy,1223,-0.5549999999999999
replay,agem,final_average_accuracy,1523,-0.5606
replay,agem,final_average_accuracy,1823,-0.56
replay,agem,final_average_accuracy,2129,-0.5609999999999999
replay,agem,final_average_accuracy,2423,-0.48860000000000003
replay,agem,final_average_accuracy,2729,-0.5586
replay,agem,final_average_accuracy,3037,-0.5726000000000001
replay,agem,average_forgetting,311,0.7057500000000001
replay,agem,average_forgetting,617,0.7495
replay,agem,average_forgetting,919,0.69775
replay,agem,average_forgetting,1223,0.6967499999999999
replay,agem,average_forgetting,1523,0.70275
replay,agem,average_forgetting,1823,0.7004999999999999
replay,agem,average_forgetting,2129,0.70475
replay,agem,average_forgetting,2423,0.6135000000000002
replay,agem,average_forgetting,2729,0.7012499999999999
replay,agem,average_forgetting,3037,0.7195
replay,agem,backward_transfer,311,-0.7057500000000001
replay,agem,backward_transfer,617,-0.7495
replay,agem,backward_transfer,919,-0.69775
replay,agem,backward_transfer,1223,-0.6967499999999999
replay,agem,backward_transfer,1523,-0.70275
replay,agem,backward_transfer,1823,-0.7004999999999999
replay,agem,backward_transfer,2129,-0.70475
replay,agem,backward_transfer,2423,-0.6135000000000002
replay,agem,backward_transfer,2729,-0.7012499999999999
replay,agem,backward_transfer,3037,-0.7195
replay,agem,forward_transfer,311,0.0
replay,agem,forward_transfer,617,0.00024999999999997247
replay,agem,forward_transfer,919,-0.0007500000000000007
replay,agem,forward_transfer,1223,-0.0005000000000000004
replay,agem,forward_transfer,1523,-0.0017500000000000016
replay,agem,forward_transfer,1823,0.0
replay,agem,forward_transfer,2129,-0.0007500000000000007
replay,agem,forward_transfer,2423,0.0005000000000000004
replay,agem,forward_transfer,2729,0.0007500000000000284
replay,agem,forward_transfer,3037,-0.008250000000000004
replay,agem,task_aware_final_accuracy,311,-0.07340000000000002
replay,agem,task_aware_final_accuracy,617,-0.08000000000000007
replay,agem,task_aware_final_accuracy,919,-0.025399999999999756
replay,agem,task_aware_final_accuracy,1223,-0.11139999999999994
replay,agem,task_aware_final_accuracy,1523,-0.053200000000000025
replay,agem,task_aware_final_accuracy,1823,-0.0933999999999997
replay,agem,task_aware_final_accuracy,2129,-0.05159999999999987
replay,agem,task_aware_final_accuracy,2423,-0.02000000000000013
replay,agem,task_aware_final_accuracy,2729,-0.08179999999999987
replay,agem,task_aware_final_accuracy,3037,-0.10020000000000007
replay,agem,task_aware_forgetting,311,0.09075
replay,agem,task_aware_forgetting,617,0.1005
replay,agem,task_aware_forgetting,919,0.030749999999999972
replay,agem,task_aware_forgetting,1223,0.13799999999999998
replay,agem,task_aware_forgetting,1523,0.06425
replay,agem,task_aware_forgetting,1823,0.11324999999999999
replay,agem,task_aware_forgetting,2129,0.0625
replay,agem,task_aware_forgetting,2423,0.02400000000000002
replay,agem,task_aware_forgetting,2729,0.1005
replay,agem,task_aware_forgetting,3037,0.12424999999999997
replay,agem,classifier_gap,311,0.4869999999999999
replay,agem,classifier_gap,617,0.515
replay,agem,classifier_gap,919,0.5296000000000003
replay,agem,classifier_gap,1223,0.4436000000000001
replay,agem,classifier_gap,1523,0.5074
replay,agem,classifier_gap,1823,0.46660000000000035
replay,agem,classifier_gap,2129,0.5094
replay,agem,classifier_gap,2423,0.4685999999999999
replay,agem,classifier_gap,2729,0.4768000000000001
replay,agem,classifier_gap,3037,0.47240000000000004
replay,agem,elapsed_seconds,311,0.2378552459704224
replay,agem,elapsed_seconds,617,0.17411668298882432
replay,agem,elapsed_seconds,919,0.2085648569627665
replay,agem,elapsed_seconds,1223,0.206681737996405
replay,agem,elapsed_seconds,1523,0.20697649699286558
replay,agem,elapsed_seconds,1823,0.3642684099904727
replay,agem,elapsed_seconds,2129,0.3126534990151413
replay,agem,elapsed_seconds,2423,0.5896913989854511
replay,agem,elapsed_seconds,2729,0.16093480301788077
replay,agem,elapsed_seconds,3037,0.2510068280098494
replay,agem,learner_examples_processed,311,0.0
replay,agem,learner_examples_processed,617,0.0
replay,agem,learner_examples_processed,919,0.0
replay,agem,learner_examples_processed,1223,0.0
replay,agem,learner_examples_processed,1523,0.0
replay,agem,learner_examples_processed,1823,0.0
replay,agem,learner_examples_processed,2129,0.0
replay,agem,learner_examples_processed,2423,0.0
replay,agem,learner_examples_processed,2729,0.0
replay,agem,learner_examples_processed,3037,0.0
replay,agem,total_model_examples_processed,311,0.0
replay,agem,total_model_examples_processed,617,0.0
replay,agem,total_model_examples_processed,919,0.0
replay,agem,total_model_examples_processed,1223,0.0
replay,agem,total_model_examples_processed,1523,0.0
replay,agem,total_model_examples_processed,1823,0.0
replay,agem,total_model_examples_processed,2129,0.0
replay,agem,total_model_examples_processed,2423,0.0
replay,agem,total_model_examples_processed,2729,0.0
replay,agem,total_model_examples_processed,3037,0.0
replay,agem,estimated_total_flops,311,0.0
replay,agem,estimated_total_flops,617,0.0
replay,agem,estimated_total_flops,919,0.0
replay,agem,estimated_total_flops,1223,0.0
replay,agem,estimated_total_flops,1523,0.0
replay,agem,estimated_total_flops,1823,0.0
replay,agem,estimated_total_flops,2129,0.0
replay,agem,estimated_total_flops,2423,0.0
replay,agem,estimated_total_flops,2729,0.0
replay,agem,estimated_total_flops,3037,0.0
replay,agem,estimated_overhead_flops,311,0.0
replay,agem,estimated_overhead_flops,617,0.0
replay,agem,estimated_overhead_flops,919,0.0
replay,agem,estimated_overhead_flops,1223,0.0
replay,agem,estimated_overhead_flops,1523,0.0
replay,agem,estimated_overhead_flops,1823,0.0
replay,agem,estimated_overhead_flops,2129,0.0
replay,agem,estimated_overhead_flops,2423,0.0
replay,agem,estimated_overhead_flops,2729,0.0
replay,agem,estimated_overhead_flops,3037,0.0
replay,agem,replay_memory_bytes,311,0.0
replay,agem,replay_memory_bytes,617,0.0
replay,agem,replay_memory_bytes,919,0.0
replay,agem,replay_memory_bytes,1223,0.0
replay,agem,replay_memory_bytes,1523,0.0
replay,agem,replay_memory_bytes,1823,0.0
replay,agem,replay_memory_bytes,2129,0.0
replay,agem,replay_memory_bytes,2423,0.0
replay,agem,replay_memory_bytes,2729,0.0
replay,agem,replay_memory_bytes,3037,0.0
replay,agem,stored_logits_bytes,311,0.0
replay,agem,stored_logits_bytes,617,0.0
replay,agem,stored_logits_bytes,919,0.0
replay,agem,stored_logits_bytes,1223,0.0
replay,agem,stored_logits_bytes,1523,0.0
replay,agem,stored_logits_bytes,1823,0.0
replay,agem,stored_logits_bytes,2129,0.0
replay,agem,stored_logits_bytes,2423,0.0
replay,agem,stored_logits_bytes,2729,0.0
replay,agem,stored_logits_bytes,3037,0.0
replay,ewc,final_average_accuracy,311,-0.5608
replay,ewc,final_average_accuracy,617,-0.5972000000000001
replay,ewc,final_average_accuracy,919,-0.5602
replay,ewc,final_average_accuracy,1223,-0.5556
replay,ewc,final_average_accuracy,1523,-0.5608000000000001
replay,ewc,final_average_accuracy,1823,-0.56
replay,ewc,final_average_accuracy,2129,-0.5693999999999999
replay,ewc,final_average_accuracy,2423,-0.5414
replay,ewc,final_average_accuracy,2729,-0.5596
replay,ewc,final_average_accuracy,3037,-0.5726000000000001
replay,ewc,average_forgetting,311,0.7044999999999999
replay,ewc,average_forgetting,617,0.7474999999999999
replay,ewc,average_forgetting,919,0.7014999999999999
replay,ewc,average_forgetting,1223,0.6942499999999999
replay,ewc,average_forgetting,1523,0.7037500000000001
replay,ewc,average_forgetting,1823,0.702
replay,ewc,average_forgetting,2129,0.712
replay,ewc,average_forgetting,2423,0.6765
replay,ewc,average_forgetting,2729,0.7004999999999999
replay,ewc,average_forgetting,3037,0.71825
replay,ewc,backward_transfer,311,-0.7044999999999999
replay,ewc,backward_transfer,617,-0.7474999999999999
replay,ewc,backward_transfer,919,-0.7014999999999999
replay,ewc,backward_transfer,1223,-0.6942499999999999
replay,ewc,backward_transfer,1523,-0.7037500000000001
replay,ewc,backward_transfer,1823,-0.702
replay,ewc,backward_transfer,2129,-0.712
replay,ewc,backward_transfer,2423,-0.6765
replay,ewc,backward_transfer,2729,-0.7004999999999999
replay,ewc,backward_transfer,3037,-0.71825
replay,ewc,forward_transfer,311,0.0
replay,ewc,forward_transfer,617,-0.000250000000000028
replay,ewc,forward_transfer,919,-0.0007500000000000007
replay,ewc,forward_transfer,1223,-0.0005000000000000004
replay,ewc,forward_transfer,1523,-0.0017500000000000016
replay,ewc,forward_transfer,1823,0.0
replay,ewc,forward_transfer,2129,-0.0007500000000000007
replay,ewc,forward_transfer,2423,0.0
replay,ewc,forward_transfer,2729,0.0
replay,ewc,forward_transfer,3037,-0.008250000000000004
replay,ewc,task_aware_final_accuracy,311,-0.32899999999999996
replay,ewc,task_aware_final_accuracy,617,-0.2742000000000001
replay,ewc,task_aware_final_accuracy,919,-0.28579999999999994
replay,ewc,task_aware_final_accuracy,1223,-0.31079999999999985
replay,ewc,task_aware_final_accuracy,1523,-0.23159999999999992
replay,ewc,task_aware_final_accuracy,1823,-0.27839999999999987
replay,ewc,task_aware_final_accuracy,2129,-0.29979999999999996
replay,ewc,task_aware_final_accuracy,2423,-0.22340000000000004
replay,ewc,task_aware_final_accuracy,2729,-0.33020000000000005
replay,ewc,task_aware_final_accuracy,3037,-0.2956000000000001
replay,ewc,task_aware_forgetting,311,0.4085
replay,ewc,task_aware_forgetting,617,0.33849999999999997
replay,ewc,task_aware_forgetting,919,0.35350000000000004
replay,ewc,task_aware_forgetting,1223,0.384
replay,ewc,task_aware_forgetting,1523,0.28724999999999995
replay,ewc,task_aware_forgetting,1823,0.346
replay,ewc,task_aware_forgetting,2129,0.36949999999999994
replay,ewc,task_aware_forgetting,2423,0.27525
replay,ewc,task_aware_forgetting,2729,0.40875
replay,ewc,task_aware_forgetting,3037,0.36724999999999997
replay,ewc,classifier_gap,311,0.23179999999999995
replay,ewc,classifier_gap,617,0.32299999999999995
replay,ewc,classifier_gap,919,0.2744000000000001
replay,ewc,classifier_gap,1223,0.24480000000000013
replay,ewc,classifier_gap,1523,0.32920000000000016
replay,ewc,classifier_gap,1823,0.2816000000000002
replay,ewc,classifier_gap,2129,0.26959999999999995
replay,ewc,classifier_gap,2423,0.31799999999999995
replay,ewc,classifier_gap,2729,0.22939999999999994
replay,ewc,classifier_gap,3037,0.277
replay,ewc,elapsed_seconds,311,0.3390437589841895
replay,ewc,elapsed_seconds,617,0.3503726409981027
replay,ewc,elapsed_seconds,919,0.22466595598962158
replay,ewc,elapsed_seconds,1223,0.31983322798623703
replay,ewc,elapsed_seconds,1523,0.32644338899990544
replay,ewc,elapsed_seconds,1823,0.49851701795705594
replay,ewc,elapsed_seconds,2129,0.45642855000915006
replay,ewc,elapsed_seconds,2423,0.7117986459925305
replay,ewc,elapsed_seconds,2729,0.3380121890222654
replay,ewc,elapsed_seconds,3037,0.3899048720195424
replay,ewc,learner_examples_processed,311,-40960.0
replay,ewc,learner_examples_processed,617,-40960.0
replay,ewc,learner_examples_processed,919,-40960.0
replay,ewc,learner_examples_processed,1223,-40960.0
replay,ewc,learner_examples_processed,1523,-40960.0
replay,ewc,learner_examples_processed,1823,-40960.0
replay,ewc,learner_examples_processed,2129,-40960.0
replay,ewc,learner_examples_processed,2423,-40960.0
replay,ewc,learner_examples_processed,2729,-40960.0
replay,ewc,learner_examples_processed,3037,-40960.0
replay,ewc,total_model_examples_processed,311,-40960.0
replay,ewc,total_model_examples_processed,617,-40960.0
replay,ewc,total_model_examples_processed,919,-40960.0
replay,ewc,total_model_examples_processed,1223,-40960.0
replay,ewc,total_model_examples_processed,1523,-40960.0
replay,ewc,total_model_examples_processed,1823,-40960.0
replay,ewc,total_model_examples_processed,2129,-40960.0
replay,ewc,total_model_examples_processed,2423,-40960.0
replay,ewc,total_model_examples_processed,2729,-40960.0
replay,ewc,total_model_examples_processed,3037,-40960.0
replay,ewc,estimated_total_flops,311,-57089502030.0
replay,ewc,estimated_total_flops,617,-57089502030.0
replay,ewc,estimated_total_flops,919,-57089502030.0
replay,ewc,estimated_total_flops,1223,-57089502030.0
replay,ewc,estimated_total_flops,1523,-57089502030.0
replay,ewc,estimated_total_flops,1823,-57089502030.0
replay,ewc,estimated_total_flops,2129,-57089502030.0
replay,ewc,estimated_total_flops,2423,-57089502030.0
replay,ewc,estimated_total_flops,2729,-57089502030.0
replay,ewc,estimated_total_flops,3037,-57089502030.0
replay,ewc,estimated_overhead_flops,311,603149490.0
replay,ewc,estimated_overhead_flops,617,603149490.0
replay,ewc,estimated_overhead_flops,919,603149490.0
replay,ewc,estimated_overhead_flops,1223,603149490.0
replay,ewc,estimated_overhead_flops,1523,603149490.0
replay,ewc,estimated_overhead_flops,1823,603149490.0
replay,ewc,estimated_overhead_flops,2129,603149490.0
replay,ewc,estimated_overhead_flops,2423,603149490.0
replay,ewc,estimated_overhead_flops,2729,603149490.0
replay,ewc,estimated_overhead_flops,3037,603149490.0
replay,ewc,replay_memory_bytes,311,-628800.0
replay,ewc,replay_memory_bytes,617,-628800.0
replay,ewc,replay_memory_bytes,919,-628800.0
replay,ewc,replay_memory_bytes,1223,-628800.0
replay,ewc,replay_memory_bytes,1523,-628800.0
replay,ewc,replay_memory_bytes,1823,-628800.0
replay,ewc,replay_memory_bytes,2129,-628800.0
replay,ewc,replay_memory_bytes,2423,-628800.0
replay,ewc,replay_memory_bytes,2729,-628800.0
replay,ewc,replay_memory_bytes,3037,-628800.0
replay,ewc,stored_logits_bytes,311,0.0
replay,ewc,stored_logits_bytes,617,0.0
replay,ewc,stored_logits_bytes,919,0.0
replay,ewc,stored_logits_bytes,1223,0.0
replay,ewc,stored_logits_bytes,1523,0.0
replay,ewc,stored_logits_bytes,1823,0.0
replay,ewc,stored_logits_bytes,2129,0.0
replay,ewc,stored_logits_bytes,2423,0.0
replay,ewc,stored_logits_bytes,2729,0.0
replay,ewc,stored_logits_bytes,3037,0.0
replay,si,final_average_accuracy,311,-0.5613999999999999
replay,si,final_average_accuracy,617,-0.5960000000000001
replay,si,final_average_accuracy,919,-0.56
replay,si,final_average_accuracy,1223,-0.556
replay,si,final_average_accuracy,1523,-0.5614000000000001
replay,si,final_average_accuracy,1823,-0.5594
replay,si,final_average_accuracy,2129,-0.5675999999999999
replay,si,final_average_accuracy,2423,-0.5404
replay,si,final_average_accuracy,2729,-0.5589999999999999
replay,si,final_average_accuracy,3037,-0.5728000000000001
replay,si,average_forgetting,311,0.7037499999999999
replay,si,average_forgetting,617,0.7487499999999999
replay,si,average_forgetting,919,0.7014999999999999
replay,si,average_forgetting,1223,0.695
replay,si,average_forgetting,1523,0.70325
replay,si,average_forgetting,1823,0.7012499999999999
replay,si,average_forgetting,2129,0.7124999999999999
replay,si,average_forgetting,2423,0.6772499999999999
replay,si,average_forgetting,2729,0.7010000000000001
replay,si,average_forgetting,3037,0.7177500000000001
replay,si,backward_transfer,311,-0.7037499999999999
replay,si,backward_transfer,617,-0.7487499999999999
replay,si,backward_transfer,919,-0.7014999999999999
replay,si,backward_transfer,1223,-0.695
replay,si,backward_transfer,1523,-0.70325
replay,si,backward_transfer,1823,-0.7012499999999999
replay,si,backward_transfer,2129,-0.7124999999999999
replay,si,backward_transfer,2423,-0.6772499999999999
replay,si,backward_transfer,2729,-0.7010000000000001
replay,si,backward_transfer,3037,-0.7177500000000001
replay,si,forward_transfer,311,0.0
replay,si,forward_transfer,617,-0.000250000000000028
replay,si,forward_transfer,919,-0.0007500000000000007
replay,si,forward_transfer,1223,-0.0005000000000000004
replay,si,forward_transfer,1523,-0.0017500000000000016
replay,si,forward_transfer,1823,0.0
replay,si,forward_transfer,2129,-0.0007500000000000007
replay,si,forward_transfer,2423,0.0
replay,si,forward_transfer,2729,0.0
replay,si,forward_transfer,3037,-0.008250000000000004
replay,si,task_aware_final_accuracy,311,-0.3558
replay,si,task_aware_final_accuracy,617,-0.23840000000000017
replay,si,task_aware_final_accuracy,919,-0.3105999999999999
replay,si,task_aware_final_accuracy,1223,-0.2911999999999999
replay,si,task_aware_final_accuracy,1523,-0.21760000000000002
replay,si,task_aware_final_accuracy,1823,-0.2807999999999998
replay,si,task_aware_final_accuracy,2129,-0.3141999999999999
replay,si,task_aware_final_accuracy,2423,-0.26660000000000006
replay,si,task_aware_final_accuracy,2729,-0.22320000000000007
replay,si,task_aware_final_accuracy,3037,-0.28720000000000023
replay,si,task_aware_forgetting,311,0.4405
replay,si,task_aware_forgetting,617,0.29649999999999993
replay,si,task_aware_forgetting,919,0.3847499999999999
replay,si,task_aware_forgetting,1223,0.35975
replay,si,task_aware_forgetting,1523,0.2685
replay,si,task_aware_forgetting,1823,0.34900000000000003
replay,si,task_aware_forgetting,2129,0.39025
replay,si,task_aware_forgetting,2423,0.33125000000000004
replay,si,task_aware_forgetting,2729,0.27625000000000005
replay,si,task_aware_forgetting,3037,0.356
replay,si,classifier_gap,311,0.2055999999999999
replay,si,classifier_gap,617,0.3575999999999998
replay,si,classifier_gap,919,0.24940000000000018
replay,si,classifier_gap,1223,0.2648000000000001
replay,si,classifier_gap,1523,0.3438
replay,si,classifier_gap,1823,0.2786000000000002
replay,si,classifier_gap,2129,0.25339999999999996
replay,si,classifier_gap,2423,0.27379999999999993
replay,si,classifier_gap,2729,0.3358
replay,si,classifier_gap,3037,0.28559999999999985
replay,si,elapsed_seconds,311,0.6413536189938895
replay,si,elapsed_seconds,617,0.6315887389937416
replay,si,elapsed_seconds,919,0.5277815649751574
replay,si,elapsed_seconds,1223,0.6366308510187082
replay,si,elapsed_seconds,1523,0.63286579499254
replay,si,elapsed_seconds,1823,0.7858785699645523
replay,si,elapsed_seconds,2129,0.7413070379989222
replay,si,elapsed_seconds,2423,0.9666755289945286
replay,si,elapsed_seconds,2729,0.636903565027751
replay,si,elapsed_seconds,3037,0.6805474680149928
replay,si,learner_examples_processed,311,-40960.0
replay,si,learner_examples_processed,617,-40960.0
replay,si,learner_examples_processed,919,-40960.0
replay,si,learner_examples_processed,1223,-40960.0
replay,si,learner_examples_processed,1523,-40960.0
replay,si,learner_examples_processed,1823,-40960.0
replay,si,learner_examples_processed,2129,-40960.0
replay,si,learner_examples_processed,2423,-40960.0
replay,si,learner_examples_processed,2729,-40960.0
replay,si,learner_examples_processed,3037,-40960.0
replay,si,total_model_examples_processed,311,-40960.0
replay,si,total_model_examples_processed,617,-40960.0
replay,si,total_model_examples_processed,919,-40960.0
replay,si,total_model_examples_processed,1223,-40960.0
replay,si,total_model_examples_processed,1523,-40960.0
replay,si,total_model_examples_processed,1823,-40960.0
replay,si,total_model_examples_processed,2129,-40960.0
replay,si,total_model_examples_processed,2423,-40960.0
replay,si,total_model_examples_processed,2729,-40960.0
replay,si,total_model_examples_processed,3037,-40960.0
replay,si,estimated_total_flops,311,-56521624440.0
replay,si,estimated_total_flops,617,-56521624440.0
replay,si,estimated_total_flops,919,-56521624440.0
replay,si,estimated_total_flops,1223,-56521624440.0
replay,si,estimated_total_flops,1523,-56521624440.0
replay,si,estimated_total_flops,1823,-56521624440.0
replay,si,estimated_total_flops,2129,-56521624440.0
replay,si,estimated_total_flops,2423,-56521624440.0
replay,si,estimated_total_flops,2729,-56521624440.0
replay,si,estimated_total_flops,3037,-56521624440.0
replay,si,estimated_overhead_flops,311,1171027080.0
replay,si,estimated_overhead_flops,617,1171027080.0
replay,si,estimated_overhead_flops,919,1171027080.0
replay,si,estimated_overhead_flops,1223,1171027080.0
replay,si,estimated_overhead_flops,1523,1171027080.0
replay,si,estimated_overhead_flops,1823,1171027080.0
replay,si,estimated_overhead_flops,2129,1171027080.0
replay,si,estimated_overhead_flops,2423,1171027080.0
replay,si,estimated_overhead_flops,2729,1171027080.0
replay,si,estimated_overhead_flops,3037,1171027080.0
replay,si,replay_memory_bytes,311,-628800.0
replay,si,replay_memory_bytes,617,-628800.0
replay,si,replay_memory_bytes,919,-628800.0
replay,si,replay_memory_bytes,1223,-628800.0
replay,si,replay_memory_bytes,1523,-628800.0
replay,si,replay_memory_bytes,1823,-628800.0
replay,si,replay_memory_bytes,2129,-628800.0
replay,si,replay_memory_bytes,2423,-628800.0
replay,si,replay_memory_bytes,2729,-628800.0
replay,si,replay_memory_bytes,3037,-628800.0
replay,si,stored_logits_bytes,311,0.0
replay,si,stored_logits_bytes,617,0.0
replay,si,stored_logits_bytes,919,0.0
replay,si,stored_logits_bytes,1223,0.0
replay,si,stored_logits_bytes,1523,0.0
replay,si,stored_logits_bytes,1823,0.0
replay,si,stored_logits_bytes,2129,0.0
replay,si,stored_logits_bytes,2423,0.0
replay,si,stored_logits_bytes,2729,0.0
replay,si,stored_logits_bytes,3037,0.0
replay,lwf_calibrated,final_average_accuracy,311,-0.5617999999999999
replay,lwf_calibrated,final_average_accuracy,617,-0.5952000000000001
replay,lwf_calibrated,final_average_accuracy,919,-0.5586
replay,lwf_calibrated,final_average_accuracy,1223,-0.5538000000000001
replay,lwf_calibrated,final_average_accuracy,1523,-0.562
replay,lwf_calibrated,final_average_accuracy,1823,-0.5608
replay,lwf_calibrated,final_average_accuracy,2129,-0.5677999999999999
replay,lwf_calibrated,final_average_accuracy,2423,-0.5406
replay,lwf_calibrated,final_average_accuracy,2729,-0.56
replay,lwf_calibrated,final_average_accuracy,3037,-0.5734000000000001
replay,lwf_calibrated,average_forgetting,311,0.7025000000000001
replay,lwf_calibrated,average_forgetting,617,0.74875
replay,lwf_calibrated,average_forgetting,919,0.7
replay,lwf_calibrated,average_forgetting,1223,0.69575
replay,lwf_calibrated,average_forgetting,1523,0.7035
replay,lwf_calibrated,average_forgetting,1823,0.702
replay,lwf_calibrated,average_forgetting,2129,0.712
replay,lwf_calibrated,average_forgetting,2423,0.67825
replay,lwf_calibrated,average_forgetting,2729,0.7005000000000001
replay,lwf_calibrated,average_forgetting,3037,0.7184999999999999
replay,lwf_calibrated,backward_transfer,311,-0.7025000000000001
replay,lwf_calibrated,backward_transfer,617,-0.74875
replay,lwf_calibrated,backward_transfer,919,-0.7
replay,lwf_calibrated,backward_transfer,1223,-0.69575
replay,lwf_calibrated,backward_transfer,1523,-0.7035
replay,lwf_calibrated,backward_transfer,1823,-0.702
replay,lwf_calibrated,backward_transfer,2129,-0.712
replay,lwf_calibrated,backward_transfer,2423,-0.67825
replay,lwf_calibrated,backward_transfer,2729,-0.7005000000000001
replay,lwf_calibrated,backward_transfer,3037,-0.7184999999999999
replay,lwf_calibrated,forward_transfer,311,0.0
replay,lwf_calibrated,forward_transfer,617,-0.000250000000000028
replay,lwf_calibrated,forward_transfer,919,-0.0007500000000000007
replay,lwf_calibrated,forward_transfer,1223,-0.0005000000000000004
replay,lwf_calibrated,forward_transfer,1523,-0.0017500000000000016
replay,lwf_calibrated,forward_transfer,1823,0.0
replay,lwf_calibrated,forward_transfer,2129,-0.0007500000000000007
replay,lwf_calibrated,forward_transfer,2423,0.0
replay,lwf_calibrated,forward_transfer,2729,0.0
replay,lwf_calibrated,forward_transfer,3037,-0.008250000000000004
replay,lwf_calibrated,task_aware_final_accuracy,311,-0.13119999999999998
replay,lwf_calibrated,task_aware_final_accuracy,617,-0.09420000000000017
replay,lwf_calibrated,task_aware_final_accuracy,919,-0.0938
replay,lwf_calibrated,task_aware_final_accuracy,1223,-0.0925999999999999
replay,lwf_calibrated,task_aware_final_accuracy,1523,-0.015799999999999925
replay,lwf_calibrated,task_aware_final_accuracy,1823,-0.06719999999999982
replay,lwf_calibrated,task_aware_final_accuracy,2129,-0.02320000000000011
replay,lwf_calibrated,task_aware_final_accuracy,2423,-0.1048
replay,lwf_calibrated,task_aware_final_accuracy,2729,-0.1571999999999999
replay,lwf_calibrated,task_aware_final_accuracy,3037,-0.15820000000000012
replay,lwf_calibrated,task_aware_forgetting,311,0.15824999999999997
replay,lwf_calibrated,task_aware_forgetting,617,0.11750000000000002
replay,lwf_calibrated,task_aware_forgetting,919,0.11424999999999999
replay,lwf_calibrated,task_aware_forgetting,1223,0.11499999999999999
replay,lwf_calibrated,task_aware_forgetting,1523,0.015749999999999986
replay,lwf_calibrated,task_aware_forgetting,1823,0.08125000000000002
replay,lwf_calibrated,task_aware_forgetting,2129,0.025749999999999995
replay,lwf_calibrated,task_aware_forgetting,2423,0.12975
replay,lwf_calibrated,task_aware_forgetting,2729,0.192
replay,lwf_calibrated,task_aware_forgetting,3037,0.19474999999999998
replay,lwf_calibrated,classifier_gap,311,0.4306
replay,lwf_calibrated,classifier_gap,617,0.5009999999999999
replay,lwf_calibrated,classifier_gap,919,0.4648
replay,lwf_calibrated,classifier_gap,1223,0.46120000000000017
replay,lwf_calibrated,classifier_gap,1523,0.5462000000000001
replay,lwf_calibrated,classifier_gap,1823,0.49360000000000026
replay,lwf_calibrated,classifier_gap,2129,0.5445999999999998
replay,lwf_calibrated,classifier_gap,2423,0.43579999999999997
replay,lwf_calibrated,classifier_gap,2729,0.40280000000000016
replay,lwf_calibrated,classifier_gap,3037,0.4151999999999999
replay,lwf_calibrated,elapsed_seconds,311,-0.28362783702323213
replay,lwf_calibrated,elapsed_seconds,617,-0.2878548350126948
replay,lwf_calibrated,elapsed_seconds,919,-0.22301051300019026
replay,lwf_calibrated,elapsed_seconds,1223,-0.26449609198607504
replay,lwf_calibrated,elapsed_seconds,1523,-0.2326823359762784
replay,lwf_calibrated,elapsed_seconds,1823,0.008863025956088677
replay,lwf_calibrated,elapsed_seconds,2129,-0.19317852798849344
replay,lwf_calibrated,elapsed_seconds,2423,0.07262174197239801
replay,lwf_calibrated,elapsed_seconds,2729,-0.31332920398563147
replay,lwf_calibrated,elapsed_seconds,3037,-0.20219823296065442
replay,lwf_calibrated,learner_examples_processed,311,-40960.0
replay,lwf_calibrated,learner_examples_processed,617,-40960.0
replay,lwf_calibrated,learner_examples_processed,919,-40960.0
replay,lwf_calibrated,learner_examples_processed,1223,-40960.0
replay,lwf_calibrated,learner_examples_processed,1523,-40960.0
replay,lwf_calibrated,learner_examples_processed,1823,-40960.0
replay,lwf_calibrated,learner_examples_processed,2129,-40960.0
replay,lwf_calibrated,learner_examples_processed,2423,-40960.0
replay,lwf_calibrated,learner_examples_processed,2729,-40960.0
replay,lwf_calibrated,learner_examples_processed,3037,-40960.0
replay,lwf_calibrated,total_model_examples_processed,311,40960.0
replay,lwf_calibrated,total_model_examples_processed,617,40960.0
replay,lwf_calibrated,total_model_examples_processed,919,40960.0
replay,lwf_calibrated,total_model_examples_processed,1223,40960.0
replay,lwf_calibrated,total_model_examples_processed,1523,40960.0
replay,lwf_calibrated,total_model_examples_processed,1823,40960.0
replay,lwf_calibrated,total_model_examples_processed,2129,40960.0
replay,lwf_calibrated,total_model_examples_processed,2423,40960.0
replay,lwf_calibrated,total_model_examples_processed,2729,40960.0
replay,lwf_calibrated,total_model_examples_processed,3037,40960.0
replay,lwf_calibrated,estimated_total_flops,311,-19230883840.0
replay,lwf_calibrated,estimated_total_flops,617,-19230883840.0
replay,lwf_calibrated,estimated_total_flops,919,-19230883840.0
replay,lwf_calibrated,estimated_total_flops,1223,-19230883840.0
replay,lwf_calibrated,estimated_total_flops,1523,-19230883840.0
replay,lwf_calibrated,estimated_total_flops,1823,-19230883840.0
replay,lwf_calibrated,estimated_total_flops,2129,-19230883840.0
replay,lwf_calibrated,estimated_total_flops,2423,-19230883840.0
replay,lwf_calibrated,estimated_total_flops,2729,-19230883840.0
replay,lwf_calibrated,estimated_total_flops,3037,-19230883840.0
replay,lwf_calibrated,estimated_overhead_flops,311,0.0
replay,lwf_calibrated,estimated_overhead_flops,617,0.0
replay,lwf_calibrated,estimated_overhead_flops,919,0.0
replay,lwf_calibrated,estimated_overhead_flops,1223,0.0
replay,lwf_calibrated,estimated_overhead_flops,1523,0.0
replay,lwf_calibrated,estimated_overhead_flops,1823,0.0
replay,lwf_calibrated,estimated_overhead_flops,2129,0.0
replay,lwf_calibrated,estimated_overhead_flops,2423,0.0
replay,lwf_calibrated,estimated_overhead_flops,2729,0.0
replay,lwf_calibrated,estimated_overhead_flops,3037,0.0
replay,lwf_calibrated,replay_memory_bytes,311,-628800.0
replay,lwf_calibrated,replay_memory_bytes,617,-628800.0
replay,lwf_calibrated,replay_memory_bytes,919,-628800.0
replay,lwf_calibrated,replay_memory_bytes,1223,-628800.0
replay,lwf_calibrated,replay_memory_bytes,1523,-628800.0
replay,lwf_calibrated,replay_memory_bytes,1823,-628800.0
replay,lwf_calibrated,replay_memory_bytes,2129,-628800.0
replay,lwf_calibrated,replay_memory_bytes,2423,-628800.0
replay,lwf_calibrated,replay_memory_bytes,2729,-628800.0
replay,lwf_calibrated,replay_memory_bytes,3037,-628800.0
replay,lwf_calibrated,stored_logits_bytes,311,0.0
replay,lwf_calibrated,stored_logits_bytes,617,0.0
replay,lwf_calibrated,stored_logits_bytes,919,0.0
replay,lwf_calibrated,stored_logits_bytes,1223,0.0
replay,lwf_calibrated,stored_logits_bytes,1523,0.0
replay,lwf_calibrated,stored_logits_bytes,1823,0.0
replay,lwf_calibrated,stored_logits_bytes,2129,0.0
replay,lwf_calibrated,stored_logits_bytes,2423,0.0
replay,lwf_calibrated,stored_logits_bytes,2729,0.0
replay,lwf_calibrated,stored_logits_bytes,3037,0.0
replay,replay_balanced,final_average_accuracy,311,0.010800000000000143
replay,replay_balanced,final_average_accuracy,617,-0.0040000000000000036
replay,replay_balanced,final_average_accuracy,919,0.010999999999999899
replay,replay_balanced,final_average_accuracy,1223,-0.0023999999999999577
replay,replay_balanced,final_average_accuracy,1523,0.009599999999999942
replay,replay_balanced,final_average_accuracy,1823,0.011599999999999944
replay,replay_balanced,final_average_accuracy,2129,0.020600000000000174
replay,replay_balanced,final_average_accuracy,2423,0.01959999999999995
replay,replay_balanced,final_average_accuracy,2729,0.010399999999999965
replay,replay_balanced,final_average_accuracy,3037,0.018399999999999972
replay,replay_balanced,average_forgetting,311,-0.013500000000000012
replay,replay_balanced,average_forgetting,617,0.005750000000000033
replay,replay_balanced,average_forgetting,919,-0.014249999999999985
replay,replay_balanced,average_forgetting,1223,0.0022499999999999742
replay,replay_balanced,average_forgetting,1523,-0.012749999999999984
replay,replay_balanced,average_forgetting,1823,-0.01475000000000004
replay,replay_balanced,average_forgetting,2129,-0.02800000000000008
replay,replay_balanced,average_forgetting,2423,-0.02474999999999994
replay,replay_balanced,average_forgetting,2729,-0.01425000000000004
replay,replay_balanced,average_forgetting,3037,-0.024500000000000022
replay,replay_balanced,backward_transfer,311,0.013500000000000012
replay,replay_balanced,backward_transfer,617,-0.005750000000000033
replay,replay_balanced,backward_transfer,919,0.014249999999999985
replay,replay_balanced,backward_transfer,1223,-0.0022499999999999742
replay,replay_balanced,backward_transfer,1523,0.012749999999999984
replay,replay_balanced,backward_transfer,1823,0.01475000000000004
replay,replay_balanced,backward_transfer,2129,0.02800000000000008
replay,replay_balanced,backward_transfer,2423,0.02474999999999994
replay,replay_balanced,backward_transfer,2729,0.01425000000000004
replay,replay_balanced,backward_transfer,3037,0.024500000000000022
replay,replay_balanced,forward_transfer,311,0.0
replay,replay_balanced,forward_transfer,617,0.0
replay,replay_balanced,forward_transfer,919,-0.0005000000000000004
replay,replay_balanced,forward_transfer,1223,-0.0005000000000000004
replay,replay_balanced,forward_transfer,1523,-0.0017500000000000016
replay,replay_balanced,forward_transfer,1823,0.0
replay,replay_balanced,forward_transfer,2129,-0.0007500000000000007
replay,replay_balanced,forward_transfer,2423,0.00024999999999997247
replay,replay_balanced,forward_transfer,2729,0.0
replay,replay_balanced,forward_transfer,3037,-0.008000000000000004
replay,replay_balanced,task_aware_final_accuracy,311,-0.0006000000000000449
replay,replay_balanced,task_aware_final_accuracy,617,-0.000200000000000089
replay,replay_balanced,task_aware_final_accuracy,919,0.0008000000000001339
replay,replay_balanced,task_aware_final_accuracy,1223,0.0021999999999999797
replay,replay_balanced,task_aware_final_accuracy,1523,-0.0010000000000000009
replay,replay_balanced,task_aware_final_accuracy,1823,-0.00039999999999995595
replay,replay_balanced,task_aware_final_accuracy,2129,0.0015999999999999348
replay,replay_balanced,task_aware_final_accuracy,2423,0.0
replay,replay_balanced,task_aware_final_accuracy,2729,0.0020000000000000018
replay,replay_balanced,task_aware_final_accuracy,3037,-0.0014000000000001789
replay,replay_balanced,task_aware_forgetting,311,0.0017500000000000016
replay,replay_balanced,task_aware_forgetting,617,0.0012500000000000289
replay,replay_balanced,task_aware_forgetting,919,-0.0007500000000000007
replay,replay_balanced,task_aware_forgetting,1223,-0.002250000000000002
replay,replay_balanced,task_aware_forgetting,1523,0.0015000000000000013
replay,replay_balanced,task_aware_forgetting,1823,0.0
replay,replay_balanced,task_aware_forgetting,2129,-0.003250000000000003
replay,replay_balanced,task_aware_forgetting,2423,0.0005000000000000004
replay,replay_balanced,task_aware_forgetting,2729,-0.0025000000000000022
replay,replay_balanced,task_aware_forgetting,3037,0.0005000000000000004
replay,replay_balanced,classifier_gap,311,-0.011400000000000188
replay,replay_balanced,classifier_gap,617,0.0037999999999999146
replay,replay_balanced,classifier_gap,919,-0.010199999999999765
replay,replay_balanced,classifier_gap,1223,0.0045999999999999375
replay,replay_balanced,classifier_gap,1523,-0.010599999999999943
replay,replay_balanced,classifier_gap,1823,-0.0119999999999999
replay,replay_balanced,classifier_gap,2129,-0.01900000000000024
replay,replay_balanced,classifier_gap,2423,-0.01959999999999995
replay,replay_balanced,classifier_gap,2729,-0.008399999999999963
replay,replay_balanced,classifier_gap,3037,-0.01980000000000015
replay,replay_balanced,elapsed_seconds,311,-0.14450946301803924
replay,replay_balanced,elapsed_seconds,617,-0.21070510099525563
replay,replay_balanced,elapsed_seconds,919,-0.023979183024493977
replay,replay_balanced,elapsed_seconds,1223,-0.09023027698276564
replay,replay_balanced,elapsed_seconds,1523,-0.05249635298969224
replay,replay_balanced,elapsed_seconds,1823,0.1272009259846527
replay,replay_balanced,elapsed_seconds,2129,-0.055695845978334546
replay,replay_balanced,elapsed_seconds,2423,0.14051977900089696
replay,replay_balanced,elapsed_seconds,2729,-0.09471265197498724
replay,replay_balanced,elapsed_seconds,3037,-0.11386348397354595
replay,replay_balanced,learner_examples_processed,311,0.0
replay,replay_balanced,learner_examples_processed,617,0.0
replay,replay_balanced,learner_examples_processed,919,0.0
replay,replay_balanced,learner_examples_processed,1223,0.0
replay,replay_balanced,learner_examples_processed,1523,0.0
replay,replay_balanced,learner_examples_processed,1823,0.0
replay,replay_balanced,learner_examples_processed,2129,0.0
replay,replay_balanced,learner_examples_processed,2423,0.0
replay,replay_balanced,learner_examples_processed,2729,0.0
replay,replay_balanced,learner_examples_processed,3037,0.0
replay,replay_balanced,total_model_examples_processed,311,0.0
replay,replay_balanced,total_model_examples_processed,617,0.0
replay,replay_balanced,total_model_examples_processed,919,0.0
replay,replay_balanced,total_model_examples_processed,1223,0.0
replay,replay_balanced,total_model_examples_processed,1523,0.0
replay,replay_balanced,total_model_examples_processed,1823,0.0
replay,replay_balanced,total_model_examples_processed,2129,0.0
replay,replay_balanced,total_model_examples_processed,2423,0.0
replay,replay_balanced,total_model_examples_processed,2729,0.0
replay,replay_balanced,total_model_examples_processed,3037,0.0
replay,replay_balanced,estimated_total_flops,311,0.0
replay,replay_balanced,estimated_total_flops,617,0.0
replay,replay_balanced,estimated_total_flops,919,0.0
replay,replay_balanced,estimated_total_flops,1223,0.0
replay,replay_balanced,estimated_total_flops,1523,0.0
replay,replay_balanced,estimated_total_flops,1823,0.0
replay,replay_balanced,estimated_total_flops,2129,0.0
replay,replay_balanced,estimated_total_flops,2423,0.0
replay,replay_balanced,estimated_total_flops,2729,0.0
replay,replay_balanced,estimated_total_flops,3037,0.0
replay,replay_balanced,estimated_overhead_flops,311,0.0
replay,replay_balanced,estimated_overhead_flops,617,0.0
replay,replay_balanced,estimated_overhead_flops,919,0.0
replay,replay_balanced,estimated_overhead_flops,1223,0.0
replay,replay_balanced,estimated_overhead_flops,1523,0.0
replay,replay_balanced,estimated_overhead_flops,1823,0.0
replay,replay_balanced,estimated_overhead_flops,2129,0.0
replay,replay_balanced,estimated_overhead_flops,2423,0.0
replay,replay_balanced,estimated_overhead_flops,2729,0.0
replay,replay_balanced,estimated_overhead_flops,3037,0.0
replay,replay_balanced,replay_memory_bytes,311,0.0
replay,replay_balanced,replay_memory_bytes,617,0.0
replay,replay_balanced,replay_memory_bytes,919,0.0
replay,replay_balanced,replay_memory_bytes,1223,0.0
replay,replay_balanced,replay_memory_bytes,1523,0.0
replay,replay_balanced,replay_memory_bytes,1823,0.0
replay,replay_balanced,replay_memory_bytes,2129,0.0
replay,replay_balanced,replay_memory_bytes,2423,0.0
replay,replay_balanced,replay_memory_bytes,2729,0.0
replay,replay_balanced,replay_memory_bytes,3037,0.0
replay,replay_balanced,stored_logits_bytes,311,0.0
replay,replay_balanced,stored_logits_bytes,617,0.0
replay,replay_balanced,stored_logits_bytes,919,0.0
replay,replay_balanced,stored_logits_bytes,1223,0.0
replay,replay_balanced,stored_logits_bytes,1523,0.0
replay,replay_balanced,stored_logits_bytes,1823,0.0
replay,replay_balanced,stored_logits_bytes,2129,0.0
replay,replay_balanced,stored_logits_bytes,2423,0.0
replay,replay_balanced,stored_logits_bytes,2729,0.0
replay,replay_balanced,stored_logits_bytes,3037,0.0
replay,replay_more_epochs,final_average_accuracy,311,0.0032000000000000917
replay,replay_more_epochs,final_average_accuracy,617,-0.010600000000000054
replay,replay_more_epochs,final_average_accuracy,919,0.01959999999999995
replay,replay_more_epochs,final_average_accuracy,1223,-0.01859999999999995
replay,replay_more_epochs,final_average_accuracy,1523,-0.008200000000000096
replay,replay_more_epochs,final_average_accuracy,1823,0.0023999999999999577
replay,replay_more_epochs,final_average_accuracy,2129,0.02000000000000013
replay,replay_more_epochs,final_average_accuracy,2423,0.021199999999999886
replay,replay_more_epochs,final_average_accuracy,2729,-0.0041999999999999815
replay,replay_more_epochs,final_average_accuracy,3037,-0.01440000000000008
replay,replay_more_epochs,average_forgetting,311,-0.0007499999999999729
replay,replay_more_epochs,average_forgetting,617,0.01649999999999996
replay,replay_more_epochs,average_forgetting,919,-0.02300000000000002
replay,replay_more_epochs,average_forgetting,1223,0.02449999999999991
replay,replay_more_epochs,average_forgetting,1523,0.010500000000000065
replay,replay_more_epochs,average_forgetting,1823,-0.00275000000000003
replay,replay_more_epochs,average_forgetting,2129,-0.026500000000000024
replay,replay_more_epochs,average_forgetting,2423,-0.02574999999999994
replay,replay_more_epochs,average_forgetting,2729,0.006749999999999978
replay,replay_more_epochs,average_forgetting,3037,0.01799999999999996
replay,replay_more_epochs,backward_transfer,311,0.0007499999999999729
replay,replay_more_epochs,backward_transfer,617,-0.01649999999999996
replay,replay_more_epochs,backward_transfer,919,0.02300000000000002
replay,replay_more_epochs,backward_transfer,1223,-0.02449999999999991
replay,replay_more_epochs,backward_transfer,1523,-0.010500000000000065
replay,replay_more_epochs,backward_transfer,1823,0.00275000000000003
replay,replay_more_epochs,backward_transfer,2129,0.026500000000000024
replay,replay_more_epochs,backward_transfer,2423,0.02574999999999994
replay,replay_more_epochs,backward_transfer,2729,-0.006749999999999978
replay,replay_more_epochs,backward_transfer,3037,-0.01799999999999996
replay,replay_more_epochs,forward_transfer,311,0.0015000000000000013
replay,replay_more_epochs,forward_transfer,617,-0.000250000000000028
replay,replay_more_epochs,forward_transfer,919,0.003250000000000003
replay,replay_more_epochs,forward_transfer,1223,-0.0005000000000000004
replay,replay_more_epochs,forward_transfer,1523,0.002250000000000002
replay,replay_more_epochs,forward_transfer,1823,-0.002999999999999975
replay,replay_more_epochs,forward_transfer,2129,-0.0007500000000000007
replay,replay_more_epochs,forward_transfer,2423,-0.0005000000000000004
replay,replay_more_epochs,forward_transfer,2729,0.003500000000000003
replay,replay_more_epochs,forward_transfer,3037,0.014000000000000002
replay,replay_more_epochs,task_aware_final_accuracy,311,-0.0039999999999998925
replay,replay_more_epochs,task_aware_final_accuracy,617,-0.000200000000000089
replay,replay_more_epochs,task_aware_final_accuracy,919,0.0034000000000000696
replay,replay_more_epochs,task_aware_final_accuracy,1223,-0.0043999999999998485
replay,replay_more_epochs,task_aware_final_accuracy,1523,-0.0039999999999998925
replay,replay_more_epochs,task_aware_final_accuracy,1823,-0.005599999999999938
replay,replay_more_epochs,task_aware_final_accuracy,2129,0.00040000000000006697
replay,replay_more_epochs,task_aware_final_accuracy,2423,-0.0012000000000000899
replay,replay_more_epochs,task_aware_final_accuracy,2729,-0.00040000000000006697
replay,replay_more_epochs,task_aware_final_accuracy,3037,-0.0028000000000001357
replay,replay_more_epochs,task_aware_forgetting,311,0.007000000000000006
replay,replay_more_epochs,task_aware_forgetting,617,0.0020000000000000295
replay,replay_more_epochs,task_aware_forgetting,919,-0.0030000000000000027
replay,replay_more_epochs,task_aware_forgetting,1223,0.005499999999999977
replay,replay_more_epochs,task_aware_forgetting,1523,0.004750000000000004
replay,replay_more_epochs,task_aware_forgetting,1823,0.006249999999999978
replay,replay_more_epochs,task_aware_forgetting,2129,-0.0020000000000000018
replay,replay_more_epochs,task_aware_forgetting,2423,0.0027500000000000024
replay,replay_more_epochs,task_aware_forgetting,2729,0.0017500000000000016
replay,replay_more_epochs,task_aware_forgetting,3037,0.0030000000000000027
replay,replay_more_epochs,classifier_gap,311,-0.007199999999999984
replay,replay_more_epochs,classifier_gap,617,0.010399999999999965
replay,replay_more_epochs,classifier_gap,919,-0.01619999999999988
replay,replay_more_epochs,classifier_gap,1223,0.014200000000000101
replay,replay_more_epochs,classifier_gap,1523,0.004200000000000204
replay,replay_more_epochs,classifier_gap,1823,-0.007999999999999896
replay,replay_more_epochs,classifier_gap,2129,-0.019600000000000062
replay,replay_more_epochs,classifier_gap,2423,-0.022399999999999975
replay,replay_more_epochs,classifier_gap,2729,0.0037999999999999146
replay,replay_more_epochs,classifier_gap,3037,0.011599999999999944
replay,replay_more_epochs,elapsed_seconds,311,2.418124267976964
replay,replay_more_epochs,elapsed_seconds,617,2.4375168879923876
replay,replay_more_epochs,elapsed_seconds,919,2.186839664966101
replay,replay_more_epochs,elapsed_seconds,1223,2.439583207014948
replay,replay_more_epochs,elapsed_seconds,1523,2.1928095349867363
replay,replay_more_epochs,elapsed_seconds,1823,2.6847982429899275
replay,replay_more_epochs,elapsed_seconds,2129,2.2359315149951726
replay,replay_more_epochs,elapsed_seconds,2423,2.558867259998806
replay,replay_more_epochs,elapsed_seconds,2729,2.376106294017518
replay,replay_more_epochs,elapsed_seconds,3037,2.4549723920354154
replay,replay_more_epochs,learner_examples_processed,311,143360.0
replay,replay_more_epochs,learner_examples_processed,617,143360.0
replay,replay_more_epochs,learner_examples_processed,919,143360.0
replay,replay_more_epochs,learner_examples_processed,1223,143360.0
replay,replay_more_epochs,learner_examples_processed,1523,143360.0
replay,replay_more_epochs,learner_examples_processed,1823,143360.0
replay,replay_more_epochs,learner_examples_processed,2129,143360.0
replay,replay_more_epochs,learner_examples_processed,2423,143360.0
replay,replay_more_epochs,learner_examples_processed,2729,143360.0
replay,replay_more_epochs,learner_examples_processed,3037,143360.0
replay,replay_more_epochs,total_model_examples_processed,311,143360.0
replay,replay_more_epochs,total_model_examples_processed,617,143360.0
replay,replay_more_epochs,total_model_examples_processed,919,143360.0
replay,replay_more_epochs,total_model_examples_processed,1223,143360.0
replay,replay_more_epochs,total_model_examples_processed,1523,143360.0
replay,replay_more_epochs,total_model_examples_processed,1823,143360.0
replay,replay_more_epochs,total_model_examples_processed,2129,143360.0
replay,replay_more_epochs,total_model_examples_processed,2423,143360.0
replay,replay_more_epochs,total_model_examples_processed,2729,143360.0
replay,replay_more_epochs,total_model_examples_processed,3037,143360.0
replay,replay_more_epochs,estimated_total_flops,311,201924280320.0
replay,replay_more_epochs,estimated_total_flops,617,201924280320.0
replay,replay_more_epochs,estimated_total_flops,919,201924280320.0
replay,replay_more_epochs,estimated_total_flops,1223,201924280320.0
replay,replay_more_epochs,estimated_total_flops,1523,201924280320.0
replay,replay_more_epochs,estimated_total_flops,1823,201924280320.0
replay,replay_more_epochs,estimated_total_flops,2129,201924280320.0
replay,replay_more_epochs,estimated_total_flops,2423,201924280320.0
replay,replay_more_epochs,estimated_total_flops,2729,201924280320.0
replay,replay_more_epochs,estimated_total_flops,3037,201924280320.0
replay,replay_more_epochs,estimated_overhead_flops,311,0.0
replay,replay_more_epochs,estimated_overhead_flops,617,0.0
replay,replay_more_epochs,estimated_overhead_flops,919,0.0
replay,replay_more_epochs,estimated_overhead_flops,1223,0.0
replay,replay_more_epochs,estimated_overhead_flops,1523,0.0
replay,replay_more_epochs,estimated_overhead_flops,1823,0.0
replay,replay_more_epochs,estimated_overhead_flops,2129,0.0
replay,replay_more_epochs,estimated_overhead_flops,2423,0.0
replay,replay_more_epochs,estimated_overhead_flops,2729,0.0
replay,replay_more_epochs,estimated_overhead_flops,3037,0.0
replay,replay_more_epochs,replay_memory_bytes,311,0.0
replay,replay_more_epochs,replay_memory_bytes,617,0.0
replay,replay_more_epochs,replay_memory_bytes,919,0.0
replay,replay_more_epochs,replay_memory_bytes,1223,0.0
replay,replay_more_epochs,replay_memory_bytes,1523,0.0
replay,replay_more_epochs,replay_memory_bytes,1823,0.0
replay,replay_more_epochs,replay_memory_bytes,2129,0.0
replay,replay_more_epochs,replay_memory_bytes,2423,0.0
replay,replay_more_epochs,replay_memory_bytes,2729,0.0
replay,replay_more_epochs,replay_memory_bytes,3037,0.0
replay,replay_more_epochs,stored_logits_bytes,311,0.0
replay,replay_more_epochs,stored_logits_bytes,617,0.0
replay,replay_more_epochs,stored_logits_bytes,919,0.0
replay,replay_more_epochs,stored_logits_bytes,1223,0.0
replay,replay_more_epochs,stored_logits_bytes,1523,0.0
replay,replay_more_epochs,stored_logits_bytes,1823,0.0
replay,replay_more_epochs,stored_logits_bytes,2129,0.0
replay,replay_more_epochs,stored_logits_bytes,2423,0.0
replay,replay_more_epochs,stored_logits_bytes,2729,0.0
replay,replay_more_epochs,stored_logits_bytes,3037,0.0
replay,replay_early_stopping,final_average_accuracy,311,0.016000000000000014
replay,replay_early_stopping,final_average_accuracy,617,-0.006800000000000028
replay,replay_early_stopping,final_average_accuracy,919,0.03320000000000012
replay,replay_early_stopping,final_average_accuracy,1223,-0.0015999999999999348
replay,replay_early_stopping,final_average_accuracy,1523,-0.0048000000000000265
replay,replay_early_stopping,final_average_accuracy,1823,0.03639999999999988
replay,replay_early_stopping,final_average_accuracy,2129,0.031400000000000095
replay,replay_early_stopping,final_average_accuracy,2423,0.032200000000000006
replay,replay_early_stopping,final_average_accuracy,2729,0.019000000000000128
replay,replay_early_stopping,final_average_accuracy,3037,0.018199999999999883
replay,replay_early_stopping,average_forgetting,311,-0.03200000000000003
replay,replay_early_stopping,average_forgetting,617,0.003999999999999976
replay,replay_early_stopping,average_forgetting,919,-0.05600000000000002
replay,replay_early_stopping,average_forgetting,1223,-0.01600000000000007
replay,replay_early_stopping,average_forgetting,1523,-0.0044999999999999485
replay,replay_early_stopping,average_forgetting,1823,-0.060750000000000054
replay,replay_early_stopping,average_forgetting,2129,-0.05425000000000002
replay,replay_early_stopping,average_forgetting,2423,-0.05449999999999999
replay,replay_early_stopping,average_forgetting,2729,-0.030250000000000055
replay,replay_early_stopping,average_forgetting,3037,-0.027749999999999997
replay,replay_early_stopping,backward_transfer,311,0.03200000000000003
replay,replay_early_stopping,backward_transfer,617,-0.003999999999999976
replay,replay_early_stopping,backward_transfer,919,0.05600000000000002
replay,replay_early_stopping,backward_transfer,1223,0.01600000000000007
replay,replay_early_stopping,backward_transfer,1523,0.0044999999999999485
replay,replay_early_stopping,backward_transfer,1823,0.060750000000000054
replay,replay_early_stopping,backward_transfer,2129,0.05425000000000002
replay,replay_early_stopping,backward_transfer,2423,0.05449999999999999
replay,replay_early_stopping,backward_transfer,2729,0.030250000000000055
replay,replay_early_stopping,backward_transfer,3037,0.027749999999999997
replay,replay_early_stopping,forward_transfer,311,-0.0010000000000000009
replay,replay_early_stopping,forward_transfer,617,0.005249999999999977
replay,replay_early_stopping,forward_transfer,919,0.0037500000000000033
replay,replay_early_stopping,forward_transfer,1223,-0.0005000000000000004
replay,replay_early_stopping,forward_transfer,1523,-0.0017500000000000016
replay,replay_early_stopping,forward_transfer,1823,0.01100000000000001
replay,replay_early_stopping,forward_transfer,2129,-0.0005000000000000004
replay,replay_early_stopping,forward_transfer,2423,-0.01100000000000001
replay,replay_early_stopping,forward_transfer,2729,-0.013249999999999984
replay,replay_early_stopping,forward_transfer,3037,0.013000000000000001
replay,replay_early_stopping,task_aware_final_accuracy,311,-0.0013999999999999568
replay,replay_early_stopping,task_aware_final_accuracy,617,-0.0016000000000001569
replay,replay_early_stopping,task_aware_final_accuracy,919,-0.0015999999999999348
replay,replay_early_stopping,task_aware_final_accuracy,1223,0.0011999999999999789
replay,replay_early_stopping,task_aware_final_accuracy,1523,-0.0048000000000000265
replay,replay_early_stopping,task_aware_final_accuracy,1823,-0.0048000000000000265
replay,replay_early_stopping,task_aware_final_accuracy,2129,-0.0044000000000000705
replay,replay_early_stopping,task_aware_final_accuracy,2423,-0.0046000000000001595
replay,replay_early_stopping,task_aware_final_accuracy,2729,0.0016000000000000458
replay,replay_early_stopping,task_aware_final_accuracy,3037,-0.0018000000000002458
replay,replay_early_stopping,task_aware_forgetting,311,-0.005750000000000005
replay,replay_early_stopping,task_aware_forgetting,617,-0.0015000000000000013
replay,replay_early_stopping,task_aware_forgetting,919,-0.004750000000000004
replay,replay_early_stopping,task_aware_forgetting,1223,-0.009750000000000009
replay,replay_early_stopping,task_aware_forgetting,1523,-0.0005000000000000004
replay,replay_early_stopping,task_aware_forgetting,1823,-0.0027500000000000024
replay,replay_early_stopping,task_aware_forgetting,2129,-0.0042500000000000315
replay,replay_early_stopping,task_aware_forgetting,2423,-0.0040000000000000036
replay,replay_early_stopping,task_aware_forgetting,2729,-0.004750000000000004
replay,replay_early_stopping,task_aware_forgetting,3037,0.0005000000000000004
replay,replay_early_stopping,classifier_gap,311,-0.01739999999999997
replay,replay_early_stopping,classifier_gap,617,0.005199999999999871
replay,replay_early_stopping,classifier_gap,919,-0.03480000000000005
replay,replay_early_stopping,classifier_gap,1223,0.0027999999999999137
replay,replay_early_stopping,classifier_gap,1523,0.0
replay,replay_early_stopping,classifier_gap,1823,-0.0411999999999999
replay,replay_early_stopping,classifier_gap,2129,-0.035800000000000165
replay,replay_early_stopping,classifier_gap,2423,-0.036800000000000166
replay,replay_early_stopping,classifier_gap,2729,-0.017400000000000082
replay,replay_early_stopping,classifier_gap,3037,-0.02000000000000013
replay,replay_early_stopping,elapsed_seconds,311,-0.7857244810147677
replay,replay_early_stopping,elapsed_seconds,617,-0.5197040140046738
replay,replay_early_stopping,elapsed_seconds,919,-0.8453249360318296
replay,replay_early_stopping,elapsed_seconds,1223,-0.9803461190022063
replay,replay_early_stopping,elapsed_seconds,1523,-0.6753448189992923
replay,replay_early_stopping,elapsed_seconds,1823,-0.9019955100084189
replay,replay_early_stopping,elapsed_seconds,2129,-0.8978251259832177
replay,replay_early_stopping,elapsed_seconds,2423,-0.6689649870095309
replay,replay_early_stopping,elapsed_seconds,2729,-0.6155328299792018
replay,replay_early_stopping,elapsed_seconds,3037,-0.4619055519870017
replay,replay_early_stopping,learner_examples_processed,311,-49152.0
replay,replay_early_stopping,learner_examples_processed,617,-33792.0
replay,replay_early_stopping,learner_examples_processed,919,-58368.0
replay,replay_early_stopping,learner_examples_processed,1223,-55296.0
replay,replay_early_stopping,learner_examples_processed,1523,-39936.0
replay,replay_early_stopping,learner_examples_processed,1823,-63488.0
replay,replay_early_stopping,learner_examples_processed,2129,-55296.0
replay,replay_early_stopping,learner_examples_processed,2423,-59392.0
replay,replay_early_stopping,learner_examples_processed,2729,-33792.0
replay,replay_early_stopping,learner_examples_processed,3037,-31744.0
replay,replay_early_stopping,total_model_examples_processed,311,-49152.0
replay,replay_early_stopping,total_model_examples_processed,617,-33792.0
replay,replay_early_stopping,total_model_examples_processed,919,-58368.0
replay,replay_early_stopping,total_model_examples_processed,1223,-55296.0
replay,replay_early_stopping,total_model_examples_processed,1523,-39936.0
replay,replay_early_stopping,total_model_examples_processed,1823,-63488.0
replay,replay_early_stopping,total_model_examples_processed,2129,-55296.0
replay,replay_early_stopping,total_model_examples_processed,2423,-59392.0
replay,replay_early_stopping,total_model_examples_processed,2729,-33792.0
replay,replay_early_stopping,total_model_examples_processed,3037,-31744.0
replay,replay_early_stopping,estimated_total_flops,311,-69231181824.0
replay,replay_early_stopping,estimated_total_flops,617,-47596437504.0
replay,replay_early_stopping,estimated_total_flops,919,-82212028416.0
replay,replay_early_stopping,estimated_total_flops,1223,-77885079552.0
replay,replay_early_stopping,estimated_total_flops,1523,-56250335232.0
replay,replay_early_stopping,estimated_total_flops,1823,-89423609856.0
replay,replay_early_stopping,estimated_total_flops,2129,-77885079552.0
replay,replay_early_stopping,estimated_total_flops,2423,-83654344704.0
replay,replay_early_stopping,estimated_total_flops,2729,-47596437504.0
replay,replay_early_stopping,estimated_total_flops,3037,-44711804928.0
replay,replay_early_stopping,estimated_overhead_flops,311,0.0
replay,replay_early_stopping,estimated_overhead_flops,617,0.0
replay,replay_early_stopping,estimated_overhead_flops,919,0.0
replay,replay_early_stopping,estimated_overhead_flops,1223,0.0
replay,replay_early_stopping,estimated_overhead_flops,1523,0.0
replay,replay_early_stopping,estimated_overhead_flops,1823,0.0
replay,replay_early_stopping,estimated_overhead_flops,2129,0.0
replay,replay_early_stopping,estimated_overhead_flops,2423,0.0
replay,replay_early_stopping,estimated_overhead_flops,2729,0.0
replay,replay_early_stopping,estimated_overhead_flops,3037,0.0
replay,replay_early_stopping,replay_memory_bytes,311,0.0
replay,replay_early_stopping,replay_memory_bytes,617,0.0
replay,replay_early_stopping,replay_memory_bytes,919,0.0
replay,replay_early_stopping,replay_memory_bytes,1223,0.0
replay,replay_early_stopping,replay_memory_bytes,1523,0.0
replay,replay_early_stopping,replay_memory_bytes,1823,0.0
replay,replay_early_stopping,replay_memory_bytes,2129,0.0
replay,replay_early_stopping,replay_memory_bytes,2423,0.0
replay,replay_early_stopping,replay_memory_bytes,2729,0.0
replay,replay_early_stopping,replay_memory_bytes,3037,0.0
replay,replay_early_stopping,stored_logits_bytes,311,0.0
replay,replay_early_stopping,stored_logits_bytes,617,0.0
replay,replay_early_stopping,stored_logits_bytes,919,0.0
replay,replay_early_stopping,stored_logits_bytes,1223,0.0
replay,replay_early_stopping,stored_logits_bytes,1523,0.0
replay,replay_early_stopping,stored_logits_bytes,1823,0.0
replay,replay_early_stopping,stored_logits_bytes,2129,0.0
replay,replay_early_stopping,stored_logits_bytes,2423,0.0
replay,replay_early_stopping,stored_logits_bytes,2729,0.0
replay,replay_early_stopping,stored_logits_bytes,3037,0.0
replay,replay_global_lr_reduction,final_average_accuracy,311,-0.09199999999999997
replay,replay_global_lr_reduction,final_average_accuracy,617,-0.08600000000000008
replay,replay_global_lr_reduction,final_average_accuracy,919,-0.06520000000000004
replay,replay_global_lr_reduction,final_average_accuracy,1223,-0.07340000000000002
replay,replay_global_lr_reduction,final_average_accuracy,1523,-0.10799999999999998
replay,replay_global_lr_reduction,final_average_accuracy,1823,-0.09299999999999997
replay,replay_global_lr_reduction,final_average_accuracy,2129,-0.10719999999999985
replay,replay_global_lr_reduction,final_average_accuracy,2423,-0.08579999999999999
replay,replay_global_lr_reduction,final_average_accuracy,2729,-0.09399999999999997
replay,replay_global_lr_reduction,final_average_accuracy,3037,-0.08820000000000017
replay,replay_global_lr_reduction,average_forgetting,311,0.09174999999999994
replay,replay_global_lr_reduction,average_forgetting,617,0.08274999999999999
replay,replay_global_lr_reduction,average_forgetting,919,0.05974999999999997
replay,replay_global_lr_reduction,average_forgetting,1223,0.06674999999999998
replay,replay_global_lr_reduction,average_forgetting,1523,0.11250000000000004
replay,replay_global_lr_reduction,average_forgetting,1823,0.09724999999999995
replay,replay_global_lr_reduction,average_forgetting,2129,0.10899999999999993
replay,replay_global_lr_reduction,average_forgetting,2423,0.08450000000000002
replay,replay_global_lr_reduction,average_forgetting,2729,0.09250000000000008
replay,replay_global_lr_reduction,average_forgetting,3037,0.08424999999999999
replay,replay_global_lr_reduction,backward_transfer,311,-0.09174999999999994
replay,replay_global_lr_reduction,backward_transfer,617,-0.08274999999999999
replay,replay_global_lr_reduction,backward_transfer,919,-0.05974999999999997
replay,replay_global_lr_reduction,backward_transfer,1223,-0.06674999999999998
replay,replay_global_lr_reduction,backward_transfer,1523,-0.11250000000000004
replay,replay_global_lr_reduction,backward_transfer,1823,-0.09724999999999995
replay,replay_global_lr_reduction,backward_transfer,2129,-0.10899999999999993
replay,replay_global_lr_reduction,backward_transfer,2423,-0.08450000000000002
replay,replay_global_lr_reduction,backward_transfer,2729,-0.09250000000000008
replay,replay_global_lr_reduction,backward_transfer,3037,-0.08424999999999999
replay,replay_global_lr_reduction,forward_transfer,311,-0.0010000000000000009
replay,replay_global_lr_reduction,forward_transfer,617,0.009999999999999981
replay,replay_global_lr_reduction,forward_transfer,919,0.005749999999999998
replay,replay_global_lr_reduction,forward_transfer,1223,0.0010000000000000009
replay,replay_global_lr_reduction,forward_transfer,1523,-0.0002500000000000002
replay,replay_global_lr_reduction,forward_transfer,1823,0.015750000000000014
replay,replay_global_lr_reduction,forward_transfer,2129,0.007500000000000007
replay,replay_global_lr_reduction,forward_transfer,2423,0.003999999999999976
replay,replay_global_lr_reduction,forward_transfer,2729,0.005750000000000033
replay,replay_global_lr_reduction,forward_transfer,3037,0.006000000000000002
replay,replay_global_lr_reduction,task_aware_final_accuracy,311,-0.011800000000000033
replay,replay_global_lr_reduction,task_aware_final_accuracy,617,-0.0048000000000002485
replay,replay_global_lr_reduction,task_aware_final_accuracy,919,-0.008399999999999963
replay,replay_global_lr_reduction,task_aware_final_accuracy,1223,-0.008399999999999963
replay,replay_global_lr_reduction,task_aware_final_accuracy,1523,-0.008399999999999963
replay,replay_global_lr_reduction,task_aware_final_accuracy,1823,-0.009399999999999742
replay,replay_global_lr_reduction,task_aware_final_accuracy,2129,-0.009200000000000097
replay,replay_global_lr_reduction,task_aware_final_accuracy,2423,-0.008199999999999985
replay,replay_global_lr_reduction,task_aware_final_accuracy,2729,-0.008000000000000007
replay,replay_global_lr_reduction,task_aware_final_accuracy,3037,-0.013600000000000168
replay,replay_global_lr_reduction,task_aware_forgetting,311,-0.002250000000000002
replay,replay_global_lr_reduction,task_aware_forgetting,617,-0.011999999999999983
replay,replay_global_lr_reduction,task_aware_forgetting,919,-0.006000000000000005
replay,replay_global_lr_reduction,task_aware_forgetting,1223,-0.009000000000000008
replay,replay_global_lr_reduction,task_aware_forgetting,1523,-0.004250000000000004
replay,replay_global_lr_reduction,task_aware_forgetting,1823,-0.0037500000000000033
replay,replay_global_lr_reduction,task_aware_forgetting,2129,-0.008000000000000007
replay,replay_global_lr_reduction,task_aware_forgetting,2423,-0.007750000000000007
replay,replay_global_lr_reduction,task_aware_forgetting,2729,-0.008000000000000007
replay,replay_global_lr_reduction,task_aware_forgetting,3037,-0.0017500000000000293
replay,replay_global_lr_reduction,classifier_gap,311,0.08019999999999994
replay,replay_global_lr_reduction,classifier_gap,617,0.08119999999999983
replay,replay_global_lr_reduction,classifier_gap,919,0.05680000000000007
replay,replay_global_lr_reduction,classifier_gap,1223,0.06500000000000006
replay,replay_global_lr_reduction,classifier_gap,1523,0.09960000000000002
replay,replay_global_lr_reduction,classifier_gap,1823,0.08360000000000023
replay,replay_global_lr_reduction,classifier_gap,2129,0.09799999999999975
replay,replay_global_lr_reduction,classifier_gap,2423,0.0776
replay,replay_global_lr_reduction,classifier_gap,2729,0.08599999999999997
replay,replay_global_lr_reduction,classifier_gap,3037,0.0746
replay,replay_global_lr_reduction,elapsed_seconds,311,-0.0031948220275808126
replay,replay_global_lr_reduction,elapsed_seconds,617,-0.31473656799062155
replay,replay_global_lr_reduction,elapsed_seconds,919,-0.008645991008961573
replay,replay_global_lr_reduction,elapsed_seconds,1223,-0.15345506599987857
replay,replay_global_lr_reduction,elapsed_seconds,1523,0.007086574012646452
replay,replay_global_lr_reduction,elapsed_seconds,1823,0.17850332299713045
replay,replay_global_lr_reduction,elapsed_seconds,2129,-0.03558448300464079
replay,replay_global_lr_reduction,elapsed_seconds,2423,0.32493567297933623
replay,replay_global_lr_reduction,elapsed_seconds,2729,-0.09383895096834749
replay,replay_global_lr_reduction,elapsed_seconds,3037,0.049034154013497755
replay,replay_global_lr_reduction,learner_examples_processed,311,0.0
replay,replay_global_lr_reduction,learner_examples_processed,617,0.0
replay,replay_global_lr_reduction,learner_examples_processed,919,0.0
replay,replay_global_lr_reduction,learner_examples_processed,1223,0.0
replay,replay_global_lr_reduction,learner_examples_processed,1523,0.0
replay,replay_global_lr_reduction,learner_examples_processed,1823,0.0
replay,replay_global_lr_reduction,learner_examples_processed,2129,0.0
replay,replay_global_lr_reduction,learner_examples_processed,2423,0.0
replay,replay_global_lr_reduction,learner_examples_processed,2729,0.0
replay,replay_global_lr_reduction,learner_examples_processed,3037,0.0
replay,replay_global_lr_reduction,total_model_examples_processed,311,0.0
replay,replay_global_lr_reduction,total_model_examples_processed,617,0.0
replay,replay_global_lr_reduction,total_model_examples_processed,919,0.0
replay,replay_global_lr_reduction,total_model_examples_processed,1223,0.0
replay,replay_global_lr_reduction,total_model_examples_processed,1523,0.0
replay,replay_global_lr_reduction,total_model_examples_processed,1823,0.0
replay,replay_global_lr_reduction,total_model_examples_processed,2129,0.0
replay,replay_global_lr_reduction,total_model_examples_processed,2423,0.0
replay,replay_global_lr_reduction,total_model_examples_processed,2729,0.0
replay,replay_global_lr_reduction,total_model_examples_processed,3037,0.0
replay,replay_global_lr_reduction,estimated_total_flops,311,0.0
replay,replay_global_lr_reduction,estimated_total_flops,617,0.0
replay,replay_global_lr_reduction,estimated_total_flops,919,0.0
replay,replay_global_lr_reduction,estimated_total_flops,1223,0.0
replay,replay_global_lr_reduction,estimated_total_flops,1523,0.0
replay,replay_global_lr_reduction,estimated_total_flops,1823,0.0
replay,replay_global_lr_reduction,estimated_total_flops,2129,0.0
replay,replay_global_lr_reduction,estimated_total_flops,2423,0.0
replay,replay_global_lr_reduction,estimated_total_flops,2729,0.0
replay,replay_global_lr_reduction,estimated_total_flops,3037,0.0
replay,replay_global_lr_reduction,estimated_overhead_flops,311,0.0
replay,replay_global_lr_reduction,estimated_overhead_flops,617,0.0
replay,replay_global_lr_reduction,estimated_overhead_flops,919,0.0
replay,replay_global_lr_reduction,estimated_overhead_flops,1223,0.0
replay,replay_global_lr_reduction,estimated_overhead_flops,1523,0.0
replay,replay_global_lr_reduction,estimated_overhead_flops,1823,0.0
replay,replay_global_lr_reduction,estimated_overhead_flops,2129,0.0
replay,replay_global_lr_reduction,estimated_overhead_flops,2423,0.0
replay,replay_global_lr_reduction,estimated_overhead_flops,2729,0.0
replay,replay_global_lr_reduction,estimated_overhead_flops,3037,0.0
replay,replay_global_lr_reduction,replay_memory_bytes,311,0.0
replay,replay_global_lr_reduction,replay_memory_bytes,617,0.0
replay,replay_global_lr_reduction,replay_memory_bytes,919,0.0
replay,replay_global_lr_reduction,replay_memory_bytes,1223,0.0
replay,replay_global_lr_reduction,replay_memory_bytes,1523,0.0
replay,replay_global_lr_reduction,replay_memory_bytes,1823,0.0
replay,replay_global_lr_reduction,replay_memory_bytes,2129,0.0
replay,replay_global_lr_reduction,replay_memory_bytes,2423,0.0
replay,replay_global_lr_reduction,replay_memory_bytes,2729,0.0
replay,replay_global_lr_reduction,replay_memory_bytes,3037,0.0
replay,replay_global_lr_reduction,stored_logits_bytes,311,0.0
replay,replay_global_lr_reduction,stored_logits_bytes,617,0.0
replay,replay_global_lr_reduction,stored_logits_bytes,919,0.0
replay,replay_global_lr_reduction,stored_logits_bytes,1223,0.0
replay,replay_global_lr_reduction,stored_logits_bytes,1523,0.0
replay,replay_global_lr_reduction,stored_logits_bytes,1823,0.0
replay,replay_global_lr_reduction,stored_logits_bytes,2129,0.0
replay,replay_global_lr_reduction,stored_logits_bytes,2423,0.0
replay,replay_global_lr_reduction,stored_logits_bytes,2729,0.0
replay,replay_global_lr_reduction,stored_logits_bytes,3037,0.0
replay,slowheat_replay_hidden_beta_30_budget_0.25,final_average_accuracy,311,0.026200000000000112
replay,slowheat_replay_hidden_beta_30_budget_0.25,final_average_accuracy,617,0.006000000000000005
replay,slowheat_replay_hidden_beta_30_budget_0.25,final_average_accuracy,919,0.013600000000000056
replay,slowheat_replay_hidden_beta_30_budget_0.25,final_average_accuracy,1223,0.0013999999999999568
replay,slowheat_replay_hidden_beta_30_budget_0.25,final_average_accuracy,1523,-0.0016000000000000458
replay,slowheat_replay_hidden_beta_30_budget_0.25,final_average_accuracy,1823,0.0035999999999999366
replay,slowheat_replay_hidden_beta_30_budget_0.25,final_average_accuracy,2129,0.006000000000000116
replay,slowheat_replay_hidden_beta_30_budget_0.25,final_average_accuracy,2423,0.0038000000000000256
replay,slowheat_replay_hidden_beta_30_budget_0.25,final_average_accuracy,2729,0.012400000000000078
replay,slowheat_replay_hidden_beta_30_budget_0.25,final_average_accuracy,3037,-0.022399999999999975
replay,slowheat_replay_hidden_beta_30_budget_0.25,average_forgetting,311,-0.03750000000000003
replay,slowheat_replay_hidden_beta_30_budget_0.25,average_forgetting,617,-0.009250000000000008
replay,slowheat_replay_hidden_beta_30_budget_0.25,average_forgetting,919,-0.019000000000000017
replay,slowheat_replay_hidden_beta_30_budget_0.25,average_forgetting,1223,-0.006750000000000034
replay,slowheat_replay_hidden_beta_30_budget_0.25,average_forgetting,1523,-0.0017499999999999183
replay,slowheat_replay_hidden_beta_30_budget_0.25,average_forgetting,1823,-0.008500000000000063
replay,slowheat_replay_hidden_beta_30_budget_0.25,average_forgetting,2129,-0.012250000000000039
replay,slowheat_replay_hidden_beta_30_budget_0.25,average_forgetting,2423,-0.008000000000000007
replay,slowheat_replay_hidden_beta_30_budget_0.25,average_forgetting,2729,-0.022249999999999936
replay,slowheat_replay_hidden_beta_30_budget_0.25,average_forgetting,3037,0.021999999999999964
replay,slowheat_replay_hidden_beta_30_budget_0.25,backward_transfer,311,0.03750000000000003
replay,slowheat_replay_hidden_beta_30_budget_0.25,backward_transfer,617,0.009250000000000008
replay,slowheat_replay_hidden_beta_30_budget_0.25,backward_transfer,919,0.019000000000000017
replay,slowheat_replay_hidden_beta_30_budget_0.25,backward_transfer,1223,0.006750000000000034
replay,slowheat_replay_hidden_beta_30_budget_0.25,backward_transfer,1523,0.0017499999999999183
replay,slowheat_replay_hidden_beta_30_budget_0.25,backward_transfer,1823,0.008500000000000063
replay,slowheat_replay_hidden_beta_30_budget_0.25,backward_transfer,2129,0.012250000000000039
replay,slowheat_replay_hidden_beta_30_budget_0.25,backward_transfer,2423,0.008000000000000007
replay,slowheat_replay_hidden_beta_30_budget_0.25,backward_transfer,2729,0.022249999999999936
replay,slowheat_replay_hidden_beta_30_budget_0.25,backward_transfer,3037,-0.021999999999999964
replay,slowheat_replay_hidden_beta_30_budget_0.25,forward_transfer,311,0.0
replay,slowheat_replay_hidden_beta_30_budget_0.25,forward_transfer,617,0.008750000000000008
replay,slowheat_replay_hidden_beta_30_budget_0.25,forward_transfer,919,0.0007500000000000007
replay,slowheat_replay_hidden_beta_30_budget_0.25,forward_transfer,1223,-0.0005000000000000004
replay,slowheat_replay_hidden_beta_30_budget_0.25,forward_transfer,1523,-0.0017500000000000016
replay,slowheat_replay_hidden_beta_30_budget_0.25,forward_transfer,1823,0.0
replay,slowheat_replay_hidden_beta_30_budget_0.25,forward_transfer,2129,-0.0007500000000000007
replay,slowheat_replay_hidden_beta_30_budget_0.25,forward_transfer,2423,0.0
replay,slowheat_replay_hidden_beta_30_budget_0.25,forward_transfer,2729,0.0
replay,slowheat_replay_hidden_beta_30_budget_0.25,forward_transfer,3037,0.005999999999999998
replay,slowheat_replay_hidden_beta_30_budget_0.25,task_aware_final_accuracy,311,-0.0011999999999998678
replay,slowheat_replay_hidden_beta_30_budget_0.25,task_aware_final_accuracy,617,0.0013999999999999568
replay,slowheat_replay_hidden_beta_30_budget_0.25,task_aware_final_accuracy,919,0.0022000000000000908
replay,slowheat_replay_hidden_beta_30_budget_0.25,task_aware_final_accuracy,1223,0.0045999999999999375
replay,slowheat_replay_hidden_beta_30_budget_0.25,task_aware_final_accuracy,1523,-0.0010000000000000009
replay,slowheat_replay_hidden_beta_30_budget_0.25,task_aware_final_accuracy,1823,-0.0035999999999999366
replay,slowheat_replay_hidden_beta_30_budget_0.25,task_aware_final_accuracy,2129,-0.0026000000000000467
replay,slowheat_replay_hidden_beta_30_budget_0.25,task_aware_final_accuracy,2423,-0.0026000000000000467
replay,slowheat_replay_hidden_beta_30_budget_0.25,task_aware_final_accuracy,2729,-0.0014000000000000679
replay,slowheat_replay_hidden_beta_30_budget_0.25,task_aware_final_accuracy,3037,-0.0044000000000000705
replay,slowheat_replay_hidden_beta_30_budget_0.25,task_aware_forgetting,311,-0.0020000000000000018
replay,slowheat_replay_hidden_beta_30_budget_0.25,task_aware_forgetting,617,-0.0027499999999999747
replay,slowheat_replay_hidden_beta_30_budget_0.25,task_aware_forgetting,919,-0.0040000000000000036
replay,slowheat_replay_hidden_beta_30_budget_0.25,task_aware_forgetting,1223,-0.009250000000000008
replay,slowheat_replay_hidden_beta_30_budget_0.25,task_aware_forgetting,1523,-0.0010000000000000009
replay,slowheat_replay_hidden_beta_30_budget_0.25,task_aware_forgetting,1823,0.0015000000000000013
replay,slowheat_replay_hidden_beta_30_budget_0.25,task_aware_forgetting,2129,-0.0005000000000000282
replay,slowheat_replay_hidden_beta_30_budget_0.25,task_aware_forgetting,2423,0.0002500000000000002
replay,slowheat_replay_hidden_beta_30_budget_0.25,task_aware_forgetting,2729,-0.0040000000000000036
replay,slowheat_replay_hidden_beta_30_budget_0.25,task_aware_forgetting,3037,0.002250000000000002
replay,slowheat_replay_hidden_beta_30_budget_0.25,classifier_gap,311,-0.02739999999999998
replay,slowheat_replay_hidden_beta_30_budget_0.25,classifier_gap,617,-0.0046000000000000485
replay,slowheat_replay_hidden_beta_30_budget_0.25,classifier_gap,919,-0.011399999999999966
replay,slowheat_replay_hidden_beta_30_budget_0.25,classifier_gap,1223,0.0031999999999999806
replay,slowheat_replay_hidden_beta_30_budget_0.25,classifier_gap,1523,0.0006000000000000449
replay,slowheat_replay_hidden_beta_30_budget_0.25,classifier_gap,1823,-0.007199999999999873
replay,slowheat_replay_hidden_beta_30_budget_0.25,classifier_gap,2129,-0.008600000000000163
replay,slowheat_replay_hidden_beta_30_budget_0.25,classifier_gap,2423,-0.006400000000000072
replay,slowheat_replay_hidden_beta_30_budget_0.25,classifier_gap,2729,-0.013800000000000145
replay,slowheat_replay_hidden_beta_30_budget_0.25,classifier_gap,3037,0.017999999999999905
replay,slowheat_replay_hidden_beta_30_budget_0.25,elapsed_seconds,311,1.5858777629910037
replay,slowheat_replay_hidden_beta_30_budget_0.25,elapsed_seconds,617,1.604726349003613
replay,slowheat_replay_hidden_beta_30_budget_0.25,elapsed_seconds,919,1.5362653589982074
replay,slowheat_replay_hidden_beta_30_budget_0.25,elapsed_seconds,1223,1.6626103309972677
replay,slowheat_replay_hidden_beta_30_budget_0.25,elapsed_seconds,1523,1.6840743490029126
replay,slowheat_replay_hidden_beta_30_budget_0.25,elapsed_seconds,1823,1.8233313559612725
replay,slowheat_replay_hidden_beta_30_budget_0.25,elapsed_seconds,2129,1.7280555000179447
replay,slowheat_replay_hidden_beta_30_budget_0.25,elapsed_seconds,2423,1.9802324669726659
replay,slowheat_replay_hidden_beta_30_budget_0.25,elapsed_seconds,2729,1.5326480440271553
replay,slowheat_replay_hidden_beta_30_budget_0.25,elapsed_seconds,3037,1.6794978360121604
replay,slowheat_replay_hidden_beta_30_budget_0.25,learner_examples_processed,311,0.0
replay,slowheat_replay_hidden_beta_30_budget_0.25,learner_examples_processed,617,0.0
replay,slowheat_replay_hidden_beta_30_budget_0.25,learner_examples_processed,919,0.0
replay,slowheat_replay_hidden_beta_30_budget_0.25,learner_examples_processed,1223,0.0
replay,slowheat_replay_hidden_beta_30_budget_0.25,learner_examples_processed,1523,0.0
replay,slowheat_replay_hidden_beta_30_budget_0.25,learner_examples_processed,1823,0.0
replay,slowheat_replay_hidden_beta_30_budget_0.25,learner_examples_processed,2129,0.0
replay,slowheat_replay_hidden_beta_30_budget_0.25,learner_examples_processed,2423,0.0
replay,slowheat_replay_hidden_beta_30_budget_0.25,learner_examples_processed,2729,0.0
replay,slowheat_replay_hidden_beta_30_budget_0.25,learner_examples_processed,3037,0.0
replay,slowheat_replay_hidden_beta_30_budget_0.25,total_model_examples_processed,311,0.0
replay,slowheat_replay_hidden_beta_30_budget_0.25,total_model_examples_processed,617,0.0
replay,slowheat_replay_hidden_beta_30_budget_0.25,total_model_examples_processed,919,0.0
replay,slowheat_replay_hidden_beta_30_budget_0.25,total_model_examples_processed,1223,0.0
replay,slowheat_replay_hidden_beta_30_budget_0.25,total_model_examples_processed,1523,0.0
replay,slowheat_replay_hidden_beta_30_budget_0.25,total_model_examples_processed,1823,0.0
replay,slowheat_replay_hidden_beta_30_budget_0.25,total_model_examples_processed,2129,0.0
replay,slowheat_replay_hidden_beta_30_budget_0.25,total_model_examples_processed,2423,0.0
replay,slowheat_replay_hidden_beta_30_budget_0.25,total_model_examples_processed,2729,0.0
replay,slowheat_replay_hidden_beta_30_budget_0.25,total_model_examples_processed,3037,0.0
replay,slowheat_replay_hidden_beta_30_budget_0.25,estimated_total_flops,311,407300480.0
replay,slowheat_replay_hidden_beta_30_budget_0.25,estimated_total_flops,617,407300480.0
replay,slowheat_replay_hidden_beta_30_budget_0.25,estimated_total_flops,919,407300480.0
replay,slowheat_replay_hidden_beta_30_budget_0.25,estimated_total_flops,1223,407300480.0
replay,slowheat_replay_hidden_beta_30_budget_0.25,estimated_total_flops,1523,407300480.0
replay,slowheat_replay_hidden_beta_30_budget_0.25,estimated_total_flops,1823,407300480.0
replay,slowheat_replay_hidden_beta_30_budget_0.25,estimated_total_flops,2129,407300480.0
replay,slowheat_replay_hidden_beta_30_budget_0.25,estimated_total_flops,2423,407300480.0
replay,slowheat_replay_hidden_beta_30_budget_0.25,estimated_total_flops,2729,407300480.0
replay,slowheat_replay_hidden_beta_30_budget_0.25,estimated_total_flops,3037,407300480.0
replay,slowheat_replay_hidden_beta_30_budget_0.25,estimated_overhead_flops,311,407300480.0
replay,slowheat_replay_hidden_beta_30_budget_0.25,estimated_overhead_flops,617,407300480.0
replay,slowheat_replay_hidden_beta_30_budget_0.25,estimated_overhead_flops,919,407300480.0
replay,slowheat_replay_hidden_beta_30_budget_0.25,estimated_overhead_flops,1223,407300480.0
replay,slowheat_replay_hidden_beta_30_budget_0.25,estimated_overhead_flops,1523,407300480.0
replay,slowheat_replay_hidden_beta_30_budget_0.25,estimated_overhead_flops,1823,407300480.0
replay,slowheat_replay_hidden_beta_30_budget_0.25,estimated_overhead_flops,2129,407300480.0
replay,slowheat_replay_hidden_beta_30_budget_0.25,estimated_overhead_flops,2423,407300480.0
replay,slowheat_replay_hidden_beta_30_budget_0.25,estimated_overhead_flops,2729,407300480.0
replay,slowheat_replay_hidden_beta_30_budget_0.25,estimated_overhead_flops,3037,407300480.0
replay,slowheat_replay_hidden_beta_30_budget_0.25,replay_memory_bytes,311,0.0
replay,slowheat_replay_hidden_beta_30_budget_0.25,replay_memory_bytes,617,0.0
replay,slowheat_replay_hidden_beta_30_budget_0.25,replay_memory_bytes,919,0.0
replay,slowheat_replay_hidden_beta_30_budget_0.25,replay_memory_bytes,1223,0.0
replay,slowheat_replay_hidden_beta_30_budget_0.25,replay_memory_bytes,1523,0.0
replay,slowheat_replay_hidden_beta_30_budget_0.25,replay_memory_bytes,1823,0.0
replay,slowheat_replay_hidden_beta_30_budget_0.25,replay_memory_bytes,2129,0.0
replay,slowheat_replay_hidden_beta_30_budget_0.25,replay_memory_bytes,2423,0.0
replay,slowheat_replay_hidden_beta_30_budget_0.25,replay_memory_bytes,2729,0.0
replay,slowheat_replay_hidden_beta_30_budget_0.25,replay_memory_bytes,3037,0.0
replay,slowheat_replay_hidden_beta_30_budget_0.25,stored_logits_bytes,311,0.0
replay,slowheat_replay_hidden_beta_30_budget_0.25,stored_logits_bytes,617,0.0
replay,slowheat_replay_hidden_beta_30_budget_0.25,stored_logits_bytes,919,0.0
replay,slowheat_replay_hidden_beta_30_budget_0.25,stored_logits_bytes,1223,0.0
replay,slowheat_replay_hidden_beta_30_budget_0.25,stored_logits_bytes,1523,0.0
replay,slowheat_replay_hidden_beta_30_budget_0.25,stored_logits_bytes,1823,0.0
replay,slowheat_replay_hidden_beta_30_budget_0.25,stored_logits_bytes,2129,0.0
replay,slowheat_replay_hidden_beta_30_budget_0.25,stored_logits_bytes,2423,0.0
replay,slowheat_replay_hidden_beta_30_budget_0.25,stored_logits_bytes,2729,0.0
replay,slowheat_replay_hidden_beta_30_budget_0.25,stored_logits_bytes,3037,0.0
replay,slowheat_hidden_beta_30_budget_0.25,final_average_accuracy,311,-0.5611999999999999
replay,slowheat_hidden_beta_30_budget_0.25,final_average_accuracy,617,-0.597
replay,slowheat_hidden_beta_30_budget_0.25,final_average_accuracy,919,-0.5588
replay,slowheat_hidden_beta_30_budget_0.25,final_average_accuracy,1223,-0.5576
replay,slowheat_hidden_beta_30_budget_0.25,final_average_accuracy,1523,-0.5638000000000001
replay,slowheat_hidden_beta_30_budget_0.25,final_average_accuracy,1823,-0.5608
replay,slowheat_hidden_beta_30_budget_0.25,final_average_accuracy,2129,-0.5705999999999999
replay,slowheat_hidden_beta_30_budget_0.25,final_average_accuracy,2423,-0.5422
replay,slowheat_hidden_beta_30_budget_0.25,final_average_accuracy,2729,-0.5604
replay,slowheat_hidden_beta_30_budget_0.25,final_average_accuracy,3037,-0.5724
replay,slowheat_hidden_beta_30_budget_0.25,average_forgetting,311,0.70225
replay,slowheat_hidden_beta_30_budget_0.25,average_forgetting,617,0.7469999999999999
replay,slowheat_hidden_beta_30_budget_0.25,average_forgetting,919,0.69925
replay,slowheat_hidden_beta_30_budget_0.25,average_forgetting,1223,0.6934999999999999
replay,slowheat_hidden_beta_30_budget_0.25,average_forgetting,1523,0.7015
replay,slowheat_hidden_beta_30_budget_0.25,average_forgetting,1823,0.7007499999999999
replay,slowheat_hidden_beta_30_budget_0.25,average_forgetting,2129,0.71275
replay,slowheat_hidden_beta_30_budget_0.25,average_forgetting,2423,0.67575
replay,slowheat_hidden_beta_30_budget_0.25,average_forgetting,2729,0.6995
replay,slowheat_hidden_beta_30_budget_0.25,average_forgetting,3037,0.7177499999999999
replay,slowheat_hidden_beta_30_budget_0.25,backward_transfer,311,-0.70225
replay,slowheat_hidden_beta_30_budget_0.25,backward_transfer,617,-0.7469999999999999
replay,slowheat_hidden_beta_30_budget_0.25,backward_transfer,919,-0.69925
replay,slowheat_hidden_beta_30_budget_0.25,backward_transfer,1223,-0.6934999999999999
replay,slowheat_hidden_beta_30_budget_0.25,backward_transfer,1523,-0.7015
replay,slowheat_hidden_beta_30_budget_0.25,backward_transfer,1823,-0.7007499999999999
replay,slowheat_hidden_beta_30_budget_0.25,backward_transfer,2129,-0.71275
replay,slowheat_hidden_beta_30_budget_0.25,backward_transfer,2423,-0.67575
replay,slowheat_hidden_beta_30_budget_0.25,backward_transfer,2729,-0.6995
replay,slowheat_hidden_beta_30_budget_0.25,backward_transfer,3037,-0.7177499999999999
replay,slowheat_hidden_beta_30_budget_0.25,forward_transfer,311,0.0
replay,slowheat_hidden_beta_30_budget_0.25,forward_transfer,617,-0.000250000000000028
replay,slowheat_hidden_beta_30_budget_0.25,forward_transfer,919,-0.0007500000000000007
replay,slowheat_hidden_beta_30_budget_0.25,forward_transfer,1223,-0.0005000000000000004
replay,slowheat_hidden_beta_30_budget_0.25,forward_transfer,1523,-0.0017500000000000016
replay,slowheat_hidden_beta_30_budget_0.25,forward_transfer,1823,0.0
replay,slowheat_hidden_beta_30_budget_0.25,forward_transfer,2129,-0.0007500000000000007
replay,slowheat_hidden_beta_30_budget_0.25,forward_transfer,2423,0.0
replay,slowheat_hidden_beta_30_budget_0.25,forward_transfer,2729,0.0
replay,slowheat_hidden_beta_30_budget_0.25,forward_transfer,3037,-0.008250000000000004
replay,slowheat_hidden_beta_30_budget_0.25,task_aware_final_accuracy,311,-0.3356
replay,slowheat_hidden_beta_30_budget_0.25,task_aware_final_accuracy,617,-0.20460000000000012
replay,slowheat_hidden_beta_30_budget_0.25,task_aware_final_accuracy,919,-0.1943999999999999
replay,slowheat_hidden_beta_30_budget_0.25,task_aware_final_accuracy,1223,-0.24739999999999995
replay,slowheat_hidden_beta_30_budget_0.25,task_aware_final_accuracy,1523,-0.3902
replay,slowheat_hidden_beta_30_budget_0.25,task_aware_final_accuracy,1823,-0.2145999999999999
replay,slowheat_hidden_beta_30_budget_0.25,task_aware_final_accuracy,2129,-0.2972
replay,slowheat_hidden_beta_30_budget_0.25,task_aware_final_accuracy,2423,-0.14500000000000002
replay,slowheat_hidden_beta_30_budget_0.25,task_aware_final_accuracy,2729,-0.1279999999999999
replay,slowheat_hidden_beta_30_budget_0.25,task_aware_final_accuracy,3037,-0.1634000000000002
replay,slowheat_hidden_beta_30_budget_0.25,task_aware_forgetting,311,0.4139999999999999
replay,slowheat_hidden_beta_30_budget_0.25,task_aware_forgetting,617,0.25125000000000003
replay,slowheat_hidden_beta_30_budget_0.25,task_aware_forgetting,919,0.23875
replay,slowheat_hidden_beta_30_budget_0.25,task_aware_forgetting,1223,0.30200000000000005
replay,slowheat_hidden_beta_30_budget_0.25,task_aware_forgetting,1523,0.4795
replay,slowheat_hidden_beta_30_budget_0.25,task_aware_forgetting,1823,0.26399999999999996
replay,slowheat_hidden_beta_30_budget_0.25,task_aware_forgetting,2129,0.36550000000000005
replay,slowheat_hidden_beta_30_budget_0.25,task_aware_forgetting,2423,0.17625
replay,slowheat_hidden_beta_30_budget_0.25,task_aware_forgetting,2729,0.15399999999999997
replay,slowheat_hidden_beta_30_budget_0.25,task_aware_forgetting,3037,0.20174999999999998
replay,slowheat_hidden_beta_30_budget_0.25,classifier_gap,311,0.2255999999999999
replay,slowheat_hidden_beta_30_budget_0.25,classifier_gap,617,0.39239999999999997
replay,slowheat_hidden_beta_30_budget_0.25,classifier_gap,919,0.36440000000000017
replay,slowheat_hidden_beta_30_budget_0.25,classifier_gap,1223,0.31020000000000003
replay,slowheat_hidden_beta_30_budget_0.25,classifier_gap,1523,0.1736000000000001
replay,slowheat_hidden_beta_30_budget_0.25,classifier_gap,1823,0.34620000000000006
replay,slowheat_hidden_beta_30_budget_0.25,classifier_gap,2129,0.27339999999999987
replay,slowheat_hidden_beta_30_budget_0.25,classifier_gap,2423,0.3972
replay,slowheat_hidden_beta_30_budget_0.25,classifier_gap,2729,0.4324000000000001
replay,slowheat_hidden_beta_30_budget_0.25,classifier_gap,3037,0.4089999999999999
replay,slowheat_hidden_beta_30_budget_0.25,elapsed_seconds,311,0.7123558709572535
replay,slowheat_hidden_beta_30_budget_0.25,elapsed_seconds,617,0.7258095190045424
replay,slowheat_hidden_beta_30_budget_0.25,elapsed_seconds,919,0.8129384759813547
replay,slowheat_hidden_beta_30_budget_0.25,elapsed_seconds,1223,0.7273716350027826
replay,slowheat_hidden_beta_30_budget_0.25,elapsed_seconds,1523,0.8466828929958865
replay,slowheat_hidden_beta_30_budget_0.25,elapsed_seconds,1823,0.9790908709692303
replay,slowheat_hidden_beta_30_budget_0.25,elapsed_seconds,2129,0.8676356400246732
replay,slowheat_hidden_beta_30_budget_0.25,elapsed_seconds,2423,1.0810824139916804
replay,slowheat_hidden_beta_30_budget_0.25,elapsed_seconds,2729,0.6652999250218272
replay,slowheat_hidden_beta_30_budget_0.25,elapsed_seconds,3037,0.7930558640218806
replay,slowheat_hidden_beta_30_budget_0.25,learner_examples_processed,311,-40960.0
replay,slowheat_hidden_beta_30_budget_0.25,learner_examples_processed,617,-40960.0
replay,slowheat_hidden_beta_30_budget_0.25,learner_examples_processed,919,-40960.0
replay,slowheat_hidden_beta_30_budget_0.25,learner_examples_processed,1223,-40960.0
replay,slowheat_hidden_beta_30_budget_0.25,learner_examples_processed,1523,-40960.0
replay,slowheat_hidden_beta_30_budget_0.25,learner_examples_processed,1823,-40960.0
replay,slowheat_hidden_beta_30_budget_0.25,learner_examples_processed,2129,-40960.0
replay,slowheat_hidden_beta_30_budget_0.25,learner_examples_processed,2423,-40960.0
replay,slowheat_hidden_beta_30_budget_0.25,learner_examples_processed,2729,-40960.0
replay,slowheat_hidden_beta_30_budget_0.25,learner_examples_processed,3037,-40960.0
replay,slowheat_hidden_beta_30_budget_0.25,total_model_examples_processed,311,-40960.0
replay,slowheat_hidden_beta_30_budget_0.25,total_model_examples_processed,617,-40960.0
replay,slowheat_hidden_beta_30_budget_0.25,total_model_examples_processed,919,-40960.0
replay,slowheat_hidden_beta_30_budget_0.25,total_model_examples_processed,1223,-40960.0
replay,slowheat_hidden_beta_30_budget_0.25,total_model_examples_processed,1523,-40960.0
replay,slowheat_hidden_beta_30_budget_0.25,total_model_examples_processed,1823,-40960.0
replay,slowheat_hidden_beta_30_budget_0.25,total_model_examples_processed,2129,-40960.0
replay,slowheat_hidden_beta_30_budget_0.25,total_model_examples_processed,2423,-40960.0
replay,slowheat_hidden_beta_30_budget_0.25,total_model_examples_processed,2729,-40960.0
replay,slowheat_hidden_beta_30_budget_0.25,total_model_examples_processed,3037,-40960.0
replay,slowheat_hidden_beta_30_budget_0.25,estimated_total_flops,311,-57348265600.0
replay,slowheat_hidden_beta_30_budget_0.25,estimated_total_flops,617,-57348265600.0
replay,slowheat_hidden_beta_30_budget_0.25,estimated_total_flops,919,-57348265600.0
replay,slowheat_hidden_beta_30_budget_0.25,estimated_total_flops,1223,-57348265600.0
replay,slowheat_hidden_beta_30_budget_0.25,estimated_total_flops,1523,-57348265600.0
replay,slowheat_hidden_beta_30_budget_0.25,estimated_total_flops,1823,-57348265600.0
replay,slowheat_hidden_beta_30_budget_0.25,estimated_total_flops,2129,-57348265600.0
replay,slowheat_hidden_beta_30_budget_0.25,estimated_total_flops,2423,-57348265600.0
replay,slowheat_hidden_beta_30_budget_0.25,estimated_total_flops,2729,-57348265600.0
replay,slowheat_hidden_beta_30_budget_0.25,estimated_total_flops,3037,-57348265600.0
replay,slowheat_hidden_beta_30_budget_0.25,estimated_overhead_flops,311,344385920.0
replay,slowheat_hidden_beta_30_budget_0.25,estimated_overhead_flops,617,344385920.0
replay,slowheat_hidden_beta_30_budget_0.25,estimated_overhead_flops,919,344385920.0
replay,slowheat_hidden_beta_30_budget_0.25,estimated_overhead_flops,1223,344385920.0
replay,slowheat_hidden_beta_30_budget_0.25,estimated_overhead_flops,1523,344385920.0
replay,slowheat_hidden_beta_30_budget_0.25,estimated_overhead_flops,1823,344385920.0
replay,slowheat_hidden_beta_30_budget_0.25,estimated_overhead_flops,2129,344385920.0
replay,slowheat_hidden_beta_30_budget_0.25,estimated_overhead_flops,2423,344385920.0
replay,slowheat_hidden_beta_30_budget_0.25,estimated_overhead_flops,2729,344385920.0
replay,slowheat_hidden_beta_30_budget_0.25,estimated_overhead_flops,3037,344385920.0
replay,slowheat_hidden_beta_30_budget_0.25,replay_memory_bytes,311,-628800.0
replay,slowheat_hidden_beta_30_budget_0.25,replay_memory_bytes,617,-628800.0
replay,slowheat_hidden_beta_30_budget_0.25,replay_memory_bytes,919,-628800.0
replay,slowheat_hidden_beta_30_budget_0.25,replay_memory_bytes,1223,-628800.0
replay,slowheat_hidden_beta_30_budget_0.25,replay_memory_bytes,1523,-628800.0
replay,slowheat_hidden_beta_30_budget_0.25,replay_memory_bytes,1823,-628800.0
replay,slowheat_hidden_beta_30_budget_0.25,replay_memory_bytes,2129,-628800.0
replay,slowheat_hidden_beta_30_budget_0.25,replay_memory_bytes,2423,-628800.0
replay,slowheat_hidden_beta_30_budget_0.25,replay_memory_bytes,2729,-628800.0
replay,slowheat_hidden_beta_30_budget_0.25,replay_memory_bytes,3037,-628800.0
replay,slowheat_hidden_beta_30_budget_0.25,stored_logits_bytes,311,0.0
replay,slowheat_hidden_beta_30_budget_0.25,stored_logits_bytes,617,0.0
replay,slowheat_hidden_beta_30_budget_0.25,stored_logits_bytes,919,0.0
replay,slowheat_hidden_beta_30_budget_0.25,stored_logits_bytes,1223,0.0
replay,slowheat_hidden_beta_30_budget_0.25,stored_logits_bytes,1523,0.0
replay,slowheat_hidden_beta_30_budget_0.25,stored_logits_bytes,1823,0.0
replay,slowheat_hidden_beta_30_budget_0.25,stored_logits_bytes,2129,0.0
replay,slowheat_hidden_beta_30_budget_0.25,stored_logits_bytes,2423,0.0
replay,slowheat_hidden_beta_30_budget_0.25,stored_logits_bytes,2729,0.0
replay,slowheat_hidden_beta_30_budget_0.25,stored_logits_bytes,3037,0.0
replay,slowheat_replay_hidden_adaptive_beta_30_budget_0.25,final_average_accuracy,311,0.0364000000000001
replay,slowheat_replay_hidden_adaptive_beta_30_budget_0.25,final_average_accuracy,617,0.0
replay,slowheat_replay_hidden_adaptive_beta_30_budget_0.25,final_average_accuracy,919,0.019199999999999884
replay,slowheat_replay_hidden_adaptive_beta_30_budget_0.25,final_average_accuracy,1223,0.0026000000000000467
replay,slowheat_replay_hidden_adaptive_beta_30_budget_0.25,final_average_accuracy,1523,-0.005400000000000071
replay,slowheat_replay_hidden_adaptive_beta_30_budget_0.25,final_average_accuracy,1823,0.021399999999999975
replay,slowheat_replay_hidden_adaptive_beta_30_budget_0.25,final_average_accuracy,2129,0.008600000000000163
replay,slowheat_replay_hidden_adaptive_beta_30_budget_0.25,final_average_accuracy,2423,0.020000000000000018
replay,slowheat_replay_hidden_adaptive_beta_30_budget_0.25,final_average_accuracy,2729,0.0034000000000000696
replay,slowheat_replay_hidden_adaptive_beta_30_budget_0.25,final_average_accuracy,3037,-0.00780000000000014
replay,slowheat_replay_hidden_adaptive_beta_30_budget_0.25,average_forgetting,311,-0.05300000000000002
replay,slowheat_replay_hidden_adaptive_beta_30_budget_0.25,average_forgetting,617,-0.0020000000000000018
replay,slowheat_replay_hidden_adaptive_beta_30_budget_0.25,average_forgetting,919,-0.025249999999999995
replay,slowheat_replay_hidden_adaptive_beta_30_budget_0.25,average_forgetting,1223,-0.008000000000000063
replay,slowheat_replay_hidden_adaptive_beta_30_budget_0.25,average_forgetting,1523,0.0032500000000000306
replay,slowheat_replay_hidden_adaptive_beta_30_budget_0.25,average_forgetting,1823,-0.030500000000000083
replay,slowheat_replay_hidden_adaptive_beta_30_budget_0.25,average_forgetting,2129,-0.015250000000000041
replay,slowheat_replay_hidden_adaptive_beta_30_budget_0.25,average_forgetting,2423,-0.028749999999999942
replay,slowheat_replay_hidden_adaptive_beta_30_budget_0.25,average_forgetting,2729,-0.010000000000000009
replay,slowheat_replay_hidden_adaptive_beta_30_budget_0.25,average_forgetting,3037,0.0042500000000000315
replay,slowheat_replay_hidden_adaptive_beta_30_budget_0.25,backward_transfer,311,0.05300000000000002
replay,slowheat_replay_hidden_adaptive_beta_30_budget_0.25,backward_transfer,617,0.0020000000000000018
replay,slowheat_replay_hidden_adaptive_beta_30_budget_0.25,backward_transfer,919,0.025249999999999995
replay,slowheat_replay_hidden_adaptive_beta_30_budget_0.25,backward_transfer,1223,0.008000000000000063
replay,slowheat_replay_hidden_adaptive_beta_30_budget_0.25,backward_transfer,1523,-0.0032500000000000306
replay,slowheat_replay_hidden_adaptive_beta_30_budget_0.25,backward_transfer,1823,0.030500000000000083
replay,slowheat_replay_hidden_adaptive_beta_30_budget_0.25,backward_transfer,2129,0.015250000000000041
replay,slowheat_replay_hidden_adaptive_beta_30_budget_0.25,backward_transfer,2423,0.028749999999999942
replay,slowheat_replay_hidden_adaptive_beta_30_budget_0.25,backward_transfer,2729,0.010000000000000009
replay,slowheat_replay_hidden_adaptive_beta_30_budget_0.25,backward_transfer,3037,-0.0042500000000000315
replay,slowheat_replay_hidden_adaptive_beta_30_budget_0.25,forward_transfer,311,0.0
replay,slowheat_replay_hidden_adaptive_beta_30_budget_0.25,forward_transfer,617,0.005500000000000005
replay,slowheat_replay_hidden_adaptive_beta_30_budget_0.25,forward_transfer,919,0.0012500000000000011
replay,slowheat_replay_hidden_adaptive_beta_30_budget_0.25,forward_transfer,1223,-0.0005000000000000004
replay,slowheat_replay_hidden_adaptive_beta_30_budget_0.25,forward_transfer,1523,-0.0005000000000000004
replay,slowheat_replay_hidden_adaptive_beta_30_budget_0.25,forward_transfer,1823,0.0012500000000000011
replay,slowheat_replay_hidden_adaptive_beta_30_budget_0.25,forward_transfer,2129,-0.0007500000000000007
replay,slowheat_replay_hidden_adaptive_beta_30_budget_0.25,forward_transfer,2423,0.0
replay,slowheat_replay_hidden_adaptive_beta_30_budget_0.25,forward_transfer,2729,0.0
replay,slowheat_replay_hidden_adaptive_beta_30_budget_0.25,forward_transfer,3037,0.002250000000000002
replay,slowheat_replay_hidden_adaptive_beta_30_budget_0.25,task_aware_final_accuracy,311,0.0
replay,slowheat_replay_hidden_adaptive_beta_30_budget_0.25,task_aware_final_accuracy,617,0.0015999999999998238
replay,slowheat_replay_hidden_adaptive_beta_30_budget_0.25,task_aware_final_accuracy,919,0.0008000000000001339
replay,slowheat_replay_hidden_adaptive_beta_30_budget_0.25,task_aware_final_accuracy,1223,0.0019999999999998908
replay,slowheat_replay_hidden_adaptive_beta_30_budget_0.25,task_aware_final_accuracy,1523,-0.005799999999999916
replay,slowheat_replay_hidden_adaptive_beta_30_budget_0.25,task_aware_final_accuracy,1823,-0.0011999999999998678
replay,slowheat_replay_hidden_adaptive_beta_30_budget_0.25,task_aware_final_accuracy,2129,-0.0005999999999998229
replay,slowheat_replay_hidden_adaptive_beta_30_budget_0.25,task_aware_final_accuracy,2423,-0.0014000000000001789
replay,slowheat_replay_hidden_adaptive_beta_30_budget_0.25,task_aware_final_accuracy,2729,0.000200000000000089
replay,slowheat_replay_hidden_adaptive_beta_30_budget_0.25,task_aware_final_accuracy,3037,-0.0034000000000000696
replay,slowheat_replay_hidden_adaptive_beta_30_budget_0.25,task_aware_forgetting,311,-0.004500000000000004
replay,slowheat_replay_hidden_adaptive_beta_30_budget_0.25,task_aware_forgetting,617,-0.003249999999999975
replay,slowheat_replay_hidden_adaptive_beta_30_budget_0.25,task_aware_forgetting,919,-0.0027500000000000024
replay,slowheat_replay_hidden_adaptive_beta_30_budget_0.25,task_aware_forgetting,1223,-0.006750000000000006
replay,slowheat_replay_hidden_adaptive_beta_30_budget_0.25,task_aware_forgetting,1523,0.003500000000000003
replay,slowheat_replay_hidden_adaptive_beta_30_budget_0.25,task_aware_forgetting,1823,-0.0010000000000000009
replay,slowheat_replay_hidden_adaptive_beta_30_budget_0.25,task_aware_forgetting,2129,-0.0027500000000000024
replay,slowheat_replay_hidden_adaptive_beta_30_budget_0.25,task_aware_forgetting,2423,-0.0007500000000000007
replay,slowheat_replay_hidden_adaptive_beta_30_budget_0.25,task_aware_forgetting,2729,-0.005750000000000005
replay,slowheat_replay_hidden_adaptive_beta_30_budget_0.25,task_aware_forgetting,3037,0.0005000000000000004
replay,slowheat_replay_hidden_adaptive_beta_30_budget_0.25,classifier_gap,311,-0.0364000000000001
replay,slowheat_replay_hidden_adaptive_beta_30_budget_0.25,classifier_gap,617,0.0015999999999998238
replay,slowheat_replay_hidden_adaptive_beta_30_budget_0.25,classifier_gap,919,-0.01839999999999975
replay,slowheat_replay_hidden_adaptive_beta_30_budget_0.25,classifier_gap,1223,-0.000600000000000156
replay,slowheat_replay_hidden_adaptive_beta_30_budget_0.25,classifier_gap,1523,-0.0003999999999998449
replay,slowheat_replay_hidden_adaptive_beta_30_budget_0.25,classifier_gap,1823,-0.022599999999999842
replay,slowheat_replay_hidden_adaptive_beta_30_budget_0.25,classifier_gap,2129,-0.009199999999999986
replay,slowheat_replay_hidden_adaptive_beta_30_budget_0.25,classifier_gap,2423,-0.021400000000000197
replay,slowheat_replay_hidden_adaptive_beta_30_budget_0.25,classifier_gap,2729,-0.0031999999999999806
replay,slowheat_replay_hidden_adaptive_beta_30_budget_0.25,classifier_gap,3037,0.0044000000000000705
replay,slowheat_replay_hidden_adaptive_beta_30_budget_0.25,elapsed_seconds,311,1.5864423649618402
replay,slowheat_replay_hidden_adaptive_beta_30_budget_0.25,elapsed_seconds,617,1.605290495994268
replay,slowheat_replay_hidden_adaptive_beta_30_budget_0.25,elapsed_seconds,919,1.5264816649723798
replay,slowheat_replay_hidden_adaptive_beta_30_budget_0.25,elapsed_seconds,1223,1.5868890339916106
replay,slowheat_replay_hidden_adaptive_beta_30_budget_0.25,elapsed_seconds,1523,1.6853602879855316
replay,slowheat_replay_hidden_adaptive_beta_30_budget_0.25,elapsed_seconds,1823,1.8172026179963723
replay,slowheat_replay_hidden_adaptive_beta_30_budget_0.25,elapsed_seconds,2129,1.734555584989721
replay,slowheat_replay_hidden_adaptive_beta_30_budget_0.25,elapsed_seconds,2423,1.9517220339912456
replay,slowheat_replay_hidden_adaptive_beta_30_budget_0.25,elapsed_seconds,2729,1.521421476994874
replay,slowheat_replay_hidden_adaptive_beta_30_budget_0.25,elapsed_seconds,3037,1.6603319800051395
replay,slowheat_replay_hidden_adaptive_beta_30_budget_0.25,learner_examples_processed,311,0.0
replay,slowheat_replay_hidden_adaptive_beta_30_budget_0.25,learner_examples_processed,617,0.0
replay,slowheat_replay_hidden_adaptive_beta_30_budget_0.25,learner_examples_processed,919,0.0
replay,slowheat_replay_hidden_adaptive_beta_30_budget_0.25,learner_examples_processed,1223,0.0
replay,slowheat_replay_hidden_adaptive_beta_30_budget_0.25,learner_examples_processed,1523,0.0
replay,slowheat_replay_hidden_adaptive_beta_30_budget_0.25,learner_examples_processed,1823,0.0
replay,slowheat_replay_hidden_adaptive_beta_30_budget_0.25,learner_examples_processed,2129,0.0
replay,slowheat_replay_hidden_adaptive_beta_30_budget_0.25,learner_examples_processed,2423,0.0
replay,slowheat_replay_hidden_adaptive_beta_30_budget_0.25,learner_examples_processed,2729,0.0
replay,slowheat_replay_hidden_adaptive_beta_30_budget_0.25,learner_examples_processed,3037,0.0
replay,slowheat_replay_hidden_adaptive_beta_30_budget_0.25,total_model_examples_processed,311,0.0
replay,slowheat_replay_hidden_adaptive_beta_30_budget_0.25,total_model_examples_processed,617,0.0
replay,slowheat_replay_hidden_adaptive_beta_30_budget_0.25,total_model_examples_processed,919,0.0
replay,slowheat_replay_hidden_adaptive_beta_30_budget_0.25,total_model_examples_processed,1223,0.0
replay,slowheat_replay_hidden_adaptive_beta_30_budget_0.25,total_model_examples_processed,1523,0.0
replay,slowheat_replay_hidden_adaptive_beta_30_budget_0.25,total_model_examples_processed,1823,0.0
replay,slowheat_replay_hidden_adaptive_beta_30_budget_0.25,total_model_examples_processed,2129,0.0
replay,slowheat_replay_hidden_adaptive_beta_30_budget_0.25,total_model_examples_processed,2423,0.0
replay,slowheat_replay_hidden_adaptive_beta_30_budget_0.25,total_model_examples_processed,2729,0.0
replay,slowheat_replay_hidden_adaptive_beta_30_budget_0.25,total_model_examples_processed,3037,0.0
replay,slowheat_replay_hidden_adaptive_beta_30_budget_0.25,estimated_total_flops,311,407300480.0
replay,slowheat_replay_hidden_adaptive_beta_30_budget_0.25,estimated_total_flops,617,407300480.0
replay,slowheat_replay_hidden_adaptive_beta_30_budget_0.25,estimated_total_flops,919,407300480.0
replay,slowheat_replay_hidden_adaptive_beta_30_budget_0.25,estimated_total_flops,1223,407300480.0
replay,slowheat_replay_hidden_adaptive_beta_30_budget_0.25,estimated_total_flops,1523,407300480.0
replay,slowheat_replay_hidden_adaptive_beta_30_budget_0.25,estimated_total_flops,1823,407300480.0
replay,slowheat_replay_hidden_adaptive_beta_30_budget_0.25,estimated_total_flops,2129,407300480.0
replay,slowheat_replay_hidden_adaptive_beta_30_budget_0.25,estimated_total_flops,2423,407300480.0
replay,slowheat_replay_hidden_adaptive_beta_30_budget_0.25,estimated_total_flops,2729,407300480.0
replay,slowheat_replay_hidden_adaptive_beta_30_budget_0.25,estimated_total_flops,3037,407300480.0
replay,slowheat_replay_hidden_adaptive_beta_30_budget_0.25,estimated_overhead_flops,311,407300480.0
replay,slowheat_replay_hidden_adaptive_beta_30_budget_0.25,estimated_overhead_flops,617,407300480.0
replay,slowheat_replay_hidden_adaptive_beta_30_budget_0.25,estimated_overhead_flops,919,407300480.0
replay,slowheat_replay_hidden_adaptive_beta_30_budget_0.25,estimated_overhead_flops,1223,407300480.0
replay,slowheat_replay_hidden_adaptive_beta_30_budget_0.25,estimated_overhead_flops,1523,407300480.0
replay,slowheat_replay_hidden_adaptive_beta_30_budget_0.25,estimated_overhead_flops,1823,407300480.0
replay,slowheat_replay_hidden_adaptive_beta_30_budget_0.25,estimated_overhead_flops,2129,407300480.0
replay,slowheat_replay_hidden_adaptive_beta_30_budget_0.25,estimated_overhead_flops,2423,407300480.0
replay,slowheat_replay_hidden_adaptive_beta_30_budget_0.25,estimated_overhead_flops,2729,407300480.0
replay,slowheat_replay_hidden_adaptive_beta_30_budget_0.25,estimated_overhead_flops,3037,407300480.0
replay,slowheat_replay_hidden_adaptive_beta_30_budget_0.25,replay_memory_bytes,311,0.0
replay,slowheat_replay_hidden_adaptive_beta_30_budget_0.25,replay_memory_bytes,617,0.0
replay,slowheat_replay_hidden_adaptive_beta_30_budget_0.25,replay_memory_bytes,919,0.0
replay,slowheat_replay_hidden_adaptive_beta_30_budget_0.25,replay_memory_bytes,1223,0.0
replay,slowheat_replay_hidden_adaptive_beta_30_budget_0.25,replay_memory_bytes,1523,0.0
replay,slowheat_replay_hidden_adaptive_beta_30_budget_0.25,replay_memory_bytes,1823,0.0
replay,slowheat_replay_hidden_adaptive_beta_30_budget_0.25,replay_memory_bytes,2129,0.0
replay,slowheat_replay_hidden_adaptive_beta_30_budget_0.25,replay_memory_bytes,2423,0.0
replay,slowheat_replay_hidden_adaptive_beta_30_budget_0.25,replay_memory_bytes,2729,0.0
replay,slowheat_replay_hidden_adaptive_beta_30_budget_0.25,replay_memory_bytes,3037,0.0
replay,slowheat_replay_hidden_adaptive_beta_30_budget_0.25,stored_logits_bytes,311,0.0
replay,slowheat_replay_hidden_adaptive_beta_30_budget_0.25,stored_logits_bytes,617,0.0
replay,slowheat_replay_hidden_adaptive_beta_30_budget_0.25,stored_logits_bytes,919,0.0
replay,slowheat_replay_hidden_adaptive_beta_30_budget_0.25,stored_logits_bytes,1223,0.0
replay,slowheat_replay_hidden_adaptive_beta_30_budget_0.25,stored_logits_bytes,1523,0.0
replay,slowheat_replay_hidden_adaptive_beta_30_budget_0.25,stored_logits_bytes,1823,0.0
replay,slowheat_replay_hidden_adaptive_beta_30_budget_0.25,stored_logits_bytes,2129,0.0
replay,slowheat_replay_hidden_adaptive_beta_30_budget_0.25,stored_logits_bytes,2423,0.0
replay,slowheat_replay_hidden_adaptive_beta_30_budget_0.25,stored_logits_bytes,2729,0.0
replay,slowheat_replay_hidden_adaptive_beta_30_budget_0.25,stored_logits_bytes,3037,0.0
replay,slowheat_replay_partial_output_beta_30_budget_0.25,final_average_accuracy,311,0.013000000000000012
replay,slowheat_replay_partial_output_beta_30_budget_0.25,final_average_accuracy,617,-0.010400000000000076
replay,slowheat_replay_partial_output_beta_30_budget_0.25,final_average_accuracy,919,0.020999999999999908
replay,slowheat_replay_partial_output_beta_30_budget_0.25,final_average_accuracy,1223,0.0
replay,slowheat_replay_partial_output_beta_30_budget_0.25,final_average_accuracy,1523,-0.0030000000000001137
replay,slowheat_replay_partial_output_beta_30_budget_0.25,final_average_accuracy,1823,0.006799999999999917
replay,slowheat_replay_partial_output_beta_30_budget_0.25,final_average_accuracy,2129,0.011200000000000099
replay,slowheat_replay_partial_output_beta_30_budget_0.25,final_average_accuracy,2423,0.023199999999999887
replay,slowheat_replay_partial_output_beta_30_budget_0.25,final_average_accuracy,2729,0.0023999999999999577
replay,slowheat_replay_partial_output_beta_30_budget_0.25,final_average_accuracy,3037,-0.01000000000000012
replay,slowheat_replay_partial_output_beta_30_budget_0.25,average_forgetting,311,-0.023749999999999993
replay,slowheat_replay_partial_output_beta_30_budget_0.25,average_forgetting,617,0.009000000000000008
replay,slowheat_replay_partial_output_beta_30_budget_0.25,average_forgetting,919,-0.03150000000000003
replay,slowheat_replay_partial_output_beta_30_budget_0.25,average_forgetting,1223,-0.0045000000000000595
replay,slowheat_replay_partial_output_beta_30_budget_0.25,average_forgetting,1523,-0.0034999999999999476
replay,slowheat_replay_partial_output_beta_30_budget_0.25,average_forgetting,1823,-0.012750000000000039
replay,slowheat_replay_partial_output_beta_30_budget_0.25,average_forgetting,2129,-0.017750000000000044
replay,slowheat_replay_partial_output_beta_30_budget_0.25,average_forgetting,2423,-0.03374999999999995
replay,slowheat_replay_partial_output_beta_30_budget_0.25,average_forgetting,2729,-0.012500000000000011
replay,slowheat_replay_partial_output_beta_30_budget_0.25,average_forgetting,3037,0.006500000000000006
replay,slowheat_replay_partial_output_beta_30_budget_0.25,backward_transfer,311,0.023749999999999993
replay,slowheat_replay_partial_output_beta_30_budget_0.25,backward_transfer,617,-0.009000000000000008
replay,slowheat_replay_partial_output_beta_30_budget_0.25,backward_transfer,919,0.03150000000000003
replay,slowheat_replay_partial_output_beta_30_budget_0.25,backward_transfer,1223,0.0045000000000000595
replay,slowheat_replay_partial_output_beta_30_budget_0.25,backward_transfer,1523,0.0034999999999999476
replay,slowheat_replay_partial_output_beta_30_budget_0.25,backward_transfer,1823,0.012750000000000039
replay,slowheat_replay_partial_output_beta_30_budget_0.25,backward_transfer,2129,0.017750000000000044
replay,slowheat_replay_partial_output_beta_30_budget_0.25,backward_transfer,2423,0.03374999999999995
replay,slowheat_replay_partial_output_beta_30_budget_0.25,backward_transfer,2729,0.012500000000000011
replay,slowheat_replay_partial_output_beta_30_budget_0.25,backward_transfer,3037,-0.006500000000000006
replay,slowheat_replay_partial_output_beta_30_budget_0.25,forward_transfer,311,0.0002500000000000002
replay,slowheat_replay_partial_output_beta_30_budget_0.25,forward_transfer,617,0.006499999999999978
replay,slowheat_replay_partial_output_beta_30_budget_0.25,forward_transfer,919,0.0
replay,slowheat_replay_partial_output_beta_30_budget_0.25,forward_transfer,1223,-0.0005000000000000004
replay,slowheat_replay_partial_output_beta_30_budget_0.25,forward_transfer,1523,-0.0017500000000000016
replay,slowheat_replay_partial_output_beta_30_budget_0.25,forward_transfer,1823,0.0005000000000000004
replay,slowheat_replay_partial_output_beta_30_budget_0.25,forward_transfer,2129,-0.0007500000000000007
replay,slowheat_replay_partial_output_beta_30_budget_0.25,forward_transfer,2423,0.0
replay,slowheat_replay_partial_output_beta_30_budget_0.25,forward_transfer,2729,0.0
replay,slowheat_replay_partial_output_beta_30_budget_0.25,forward_transfer,3037,0.006249999999999999
replay,slowheat_replay_partial_output_beta_30_budget_0.25,task_aware_final_accuracy,311,-0.0013999999999999568
replay,slowheat_replay_partial_output_beta_30_budget_0.25,task_aware_final_accuracy,617,-2.220446049250313e-16
replay,slowheat_replay_partial_output_beta_30_budget_0.25,task_aware_final_accuracy,919,-0.0005999999999998229
replay,slowheat_replay_partial_output_beta_30_budget_0.25,task_aware_final_accuracy,1223,-0.0021999999999998687
replay,slowheat_replay_partial_output_beta_30_budget_0.25,task_aware_final_accuracy,1523,-0.005199999999999982
replay,slowheat_replay_partial_output_beta_30_budget_0.25,task_aware_final_accuracy,1823,-0.0010000000000000009
replay,slowheat_replay_partial_output_beta_30_budget_0.25,task_aware_final_accuracy,2129,-0.0011999999999998678
replay,slowheat_replay_partial_output_beta_30_budget_0.25,task_aware_final_accuracy,2423,0.00019999999999986695
replay,slowheat_replay_partial_output_beta_30_budget_0.25,task_aware_final_accuracy,2729,-0.0030000000000001137
replay,slowheat_replay_partial_output_beta_30_budget_0.25,task_aware_final_accuracy,3037,-0.005800000000000027
replay,slowheat_replay_partial_output_beta_30_budget_0.25,task_aware_forgetting,311,-0.003250000000000003
replay,slowheat_replay_partial_output_beta_30_budget_0.25,task_aware_forgetting,617,-0.0030000000000000027
replay,slowheat_replay_partial_output_beta_30_budget_0.25,task_aware_forgetting,919,-0.002250000000000002
replay,slowheat_replay_partial_output_beta_30_budget_0.25,task_aware_forgetting,1223,-0.0010000000000000009
replay,slowheat_replay_partial_output_beta_30_budget_0.25,task_aware_forgetting,1523,0.0014999999999999736
replay,slowheat_replay_partial_output_beta_30_budget_0.25,task_aware_forgetting,1823,-0.0007500000000000007
replay,slowheat_replay_partial_output_beta_30_budget_0.25,task_aware_forgetting,2129,-0.0012500000000000011
replay,slowheat_replay_partial_output_beta_30_budget_0.25,task_aware_forgetting,2423,-0.0040000000000000036
replay,slowheat_replay_partial_output_beta_30_budget_0.25,task_aware_forgetting,2729,-0.0020000000000000018
replay,slowheat_replay_partial_output_beta_30_budget_0.25,task_aware_forgetting,3037,0.003250000000000003
replay,slowheat_replay_partial_output_beta_30_budget_0.25,classifier_gap,311,-0.014399999999999968
replay,slowheat_replay_partial_output_beta_30_budget_0.25,classifier_gap,617,0.010399999999999854
replay,slowheat_replay_partial_output_beta_30_budget_0.25,classifier_gap,919,-0.02159999999999973
replay,slowheat_replay_partial_output_beta_30_budget_0.25,classifier_gap,1223,-0.0021999999999998687
replay,slowheat_replay_partial_output_beta_30_budget_0.25,classifier_gap,1523,-0.0021999999999998687
replay,slowheat_replay_partial_output_beta_30_budget_0.25,classifier_gap,1823,-0.007799999999999918
replay,slowheat_replay_partial_output_beta_30_budget_0.25,classifier_gap,2129,-0.012399999999999967
replay,slowheat_replay_partial_output_beta_30_budget_0.25,classifier_gap,2423,-0.02300000000000002
replay,slowheat_replay_partial_output_beta_30_budget_0.25,classifier_gap,2729,-0.005400000000000071
replay,slowheat_replay_partial_output_beta_30_budget_0.25,classifier_gap,3037,0.0042000000000000925
replay,slowheat_replay_partial_output_beta_30_budget_0.25,elapsed_seconds,311,2.276097852998646
replay,slowheat_replay_partial_output_beta_30_budget_0.25,elapsed_seconds,617,2.318590303999372
replay,slowheat_replay_partial_output_beta_30_budget_0.25,elapsed_seconds,919,2.205080451996764
replay,slowheat_replay_partial_output_beta_30_budget_0.25,elapsed_seconds,1223,2.3030053180118557
replay,slowheat_replay_partial_output_beta_30_budget_0.25,elapsed_seconds,1523,2.3617543549917173
replay,slowheat_replay_partial_output_beta_30_budget_0.25,elapsed_seconds,1823,2.5213295849680435
replay,slowheat_replay_partial_output_beta_30_budget_0.25,elapsed_seconds,2129,2.452213800017489
replay,slowheat_replay_partial_output_beta_30_budget_0.25,elapsed_seconds,2423,2.6680932859890163
replay,slowheat_replay_partial_output_beta_30_budget_0.25,elapsed_seconds,2729,2.290463933022693
replay,slowheat_replay_partial_output_beta_30_budget_0.25,elapsed_seconds,3037,2.398246126016602
replay,slowheat_replay_partial_output_beta_30_budget_0.25,learner_examples_processed,311,0.0
replay,slowheat_replay_partial_output_beta_30_budget_0.25,learner_examples_processed,617,0.0
replay,slowheat_replay_partial_output_beta_30_budget_0.25,learner_examples_processed,919,0.0
replay,slowheat_replay_partial_output_beta_30_budget_0.25,learner_examples_processed,1223,0.0
replay,slowheat_replay_partial_output_beta_30_budget_0.25,learner_examples_processed,1523,0.0
replay,slowheat_replay_partial_output_beta_30_budget_0.25,learner_examples_processed,1823,0.0
replay,slowheat_replay_partial_output_beta_30_budget_0.25,learner_examples_processed,2129,0.0
replay,slowheat_replay_partial_output_beta_30_budget_0.25,learner_examples_processed,2423,0.0
replay,slowheat_replay_partial_output_beta_30_budget_0.25,learner_examples_processed,2729,0.0
replay,slowheat_replay_partial_output_beta_30_budget_0.25,learner_examples_processed,3037,0.0
replay,slowheat_replay_partial_output_beta_30_budget_0.25,total_model_examples_processed,311,0.0
replay,slowheat_replay_partial_output_beta_30_budget_0.25,total_model_examples_processed,617,0.0
replay,slowheat_replay_partial_output_beta_30_budget_0.25,total_model_examples_processed,919,0.0
replay,slowheat_replay_partial_output_beta_30_budget_0.25,total_model_examples_processed,1223,0.0
replay,slowheat_replay_partial_output_beta_30_budget_0.25,total_model_examples_processed,1523,0.0
replay,slowheat_replay_partial_output_beta_30_budget_0.25,total_model_examples_processed,1823,0.0
replay,slowheat_replay_partial_output_beta_30_budget_0.25,total_model_examples_processed,2129,0.0
replay,slowheat_replay_partial_output_beta_30_budget_0.25,total_model_examples_processed,2423,0.0
replay,slowheat_replay_partial_output_beta_30_budget_0.25,total_model_examples_processed,2729,0.0
replay,slowheat_replay_partial_output_beta_30_budget_0.25,total_model_examples_processed,3037,0.0
replay,slowheat_replay_partial_output_beta_30_budget_0.25,estimated_total_flops,311,414067080.0
replay,slowheat_replay_partial_output_beta_30_budget_0.25,estimated_total_flops,617,414067080.0
replay,slowheat_replay_partial_output_beta_30_budget_0.25,estimated_total_flops,919,414067080.0
replay,slowheat_replay_partial_output_beta_30_budget_0.25,estimated_total_flops,1223,414067080.0
replay,slowheat_replay_partial_output_beta_30_budget_0.25,estimated_total_flops,1523,414067080.0
replay,slowheat_replay_partial_output_beta_30_budget_0.25,estimated_total_flops,1823,414067080.0
replay,slowheat_replay_partial_output_beta_30_budget_0.25,estimated_total_flops,2129,414067080.0
replay,slowheat_replay_partial_output_beta_30_budget_0.25,estimated_total_flops,2423,414067080.0
replay,slowheat_replay_partial_output_beta_30_budget_0.25,estimated_total_flops,2729,414067080.0
replay,slowheat_replay_partial_output_beta_30_budget_0.25,estimated_total_flops,3037,414067080.0
replay,slowheat_replay_partial_output_beta_30_budget_0.25,estimated_overhead_flops,311,414067080.0
replay,slowheat_replay_partial_output_beta_30_budget_0.25,estimated_overhead_flops,617,414067080.0
replay,slowheat_replay_partial_output_beta_30_budget_0.25,estimated_overhead_flops,919,414067080.0
replay,slowheat_replay_partial_output_beta_30_budget_0.25,estimated_overhead_flops,1223,414067080.0
replay,slowheat_replay_partial_output_beta_30_budget_0.25,estimated_overhead_flops,1523,414067080.0
replay,slowheat_replay_partial_output_beta_30_budget_0.25,estimated_overhead_flops,1823,414067080.0
replay,slowheat_replay_partial_output_beta_30_budget_0.25,estimated_overhead_flops,2129,414067080.0
replay,slowheat_replay_partial_output_beta_30_budget_0.25,estimated_overhead_flops,2423,414067080.0
replay,slowheat_replay_partial_output_beta_30_budget_0.25,estimated_overhead_flops,2729,414067080.0
replay,slowheat_replay_partial_output_beta_30_budget_0.25,estimated_overhead_flops,3037,414067080.0
replay,slowheat_replay_partial_output_beta_30_budget_0.25,replay_memory_bytes,311,0.0
replay,slowheat_replay_partial_output_beta_30_budget_0.25,replay_memory_bytes,617,0.0
replay,slowheat_replay_partial_output_beta_30_budget_0.25,replay_memory_bytes,919,0.0
replay,slowheat_replay_partial_output_beta_30_budget_0.25,replay_memory_bytes,1223,0.0
replay,slowheat_replay_partial_output_beta_30_budget_0.25,replay_memory_bytes,1523,0.0
replay,slowheat_replay_partial_output_beta_30_budget_0.25,replay_memory_bytes,1823,0.0
replay,slowheat_replay_partial_output_beta_30_budget_0.25,replay_memory_bytes,2129,0.0
replay,slowheat_replay_partial_output_beta_30_budget_0.25,replay_memory_bytes,2423,0.0
replay,slowheat_replay_partial_output_beta_30_budget_0.25,replay_memory_bytes,2729,0.0
replay,slowheat_replay_partial_output_beta_30_budget_0.25,replay_memory_bytes,3037,0.0
replay,slowheat_replay_partial_output_beta_30_budget_0.25,stored_logits_bytes,311,0.0
replay,slowheat_replay_partial_output_beta_30_budget_0.25,stored_logits_bytes,617,0.0
replay,slowheat_replay_partial_output_beta_30_budget_0.25,stored_logits_bytes,919,0.0
replay,slowheat_replay_partial_output_beta_30_budget_0.25,stored_logits_bytes,1223,0.0
replay,slowheat_replay_partial_output_beta_30_budget_0.25,stored_logits_bytes,1523,0.0
replay,slowheat_replay_partial_output_beta_30_budget_0.25,stored_logits_bytes,1823,0.0
replay,slowheat_replay_partial_output_beta_30_budget_0.25,stored_logits_bytes,2129,0.0
replay,slowheat_replay_partial_output_beta_30_budget_0.25,stored_logits_bytes,2423,0.0
replay,slowheat_replay_partial_output_beta_30_budget_0.25,stored_logits_bytes,2729,0.0
replay,slowheat_replay_partial_output_beta_30_budget_0.25,stored_logits_bytes,3037,0.0
replay,slowheat_replay_hidden_beta_30_budget_0.25_calibrated,final_average_accuracy,311,0.0950000000000002
replay,slowheat_replay_hidden_beta_30_budget_0.25_calibrated,final_average_accuracy,617,0.0713999999999998
replay,slowheat_replay_hidden_beta_30_budget_0.25_calibrated,final_average_accuracy,919,0.09219999999999984
replay,slowheat_replay_hidden_beta_30_budget_0.25_calibrated,final_average_accuracy,1223,0.0816
replay,slowheat_replay_hidden_beta_30_budget_0.25_calibrated,final_average_accuracy,1523,0.08100000000000007
replay,slowheat_replay_hidden_beta_30_budget_0.25_calibrated,final_average_accuracy,1823,0.08460000000000001
replay,slowheat_replay_hidden_beta_30_budget_0.25_calibrated,final_average_accuracy,2129,0.08440000000000014
replay,slowheat_replay_hidden_beta_30_budget_0.25_calibrated,final_average_accuracy,2423,0.08560000000000001
replay,slowheat_replay_hidden_beta_30_budget_0.25_calibrated,final_average_accuracy,2729,0.0816
replay,slowheat_replay_hidden_beta_30_budget_0.25_calibrated,final_average_accuracy,3037,0.061799999999999855
replay,slowheat_replay_hidden_beta_30_budget_0.25_calibrated,average_forgetting,311,-0.13850000000000004
replay,slowheat_replay_hidden_beta_30_budget_0.25_calibrated,average_forgetting,617,-0.10675000000000001
replay,slowheat_replay_hidden_beta_30_budget_0.25_calibrated,average_forgetting,919,-0.12950000000000003
replay,slowheat_replay_hidden_beta_30_budget_0.25_calibrated,average_forgetting,1223,-0.12000000000000008
replay,slowheat_replay_hidden_beta_30_budget_0.25_calibrated,average_forgetting,1523,-0.11299999999999996
replay,slowheat_replay_hidden_beta_30_budget_0.25_calibrated,average_forgetting,1823,-0.12150000000000011
replay,slowheat_replay_hidden_beta_30_budget_0.25_calibrated,average_forgetting,2129,-0.12475000000000003
replay,slowheat_replay_hidden_beta_30_budget_0.25_calibrated,average_forgetting,2423,-0.11974999999999994
replay,slowheat_replay_hidden_beta_30_budget_0.25_calibrated,average_forgetting,2729,-0.12025
replay,slowheat_replay_hidden_beta_30_budget_0.25_calibrated,average_forgetting,3037,-0.09225
replay,slowheat_replay_hidden_beta_30_budget_0.25_calibrated,backward_transfer,311,0.13850000000000004
replay,slowheat_replay_hidden_beta_30_budget_0.25_calibrated,backward_transfer,617,0.10675000000000001
replay,slowheat_replay_hidden_beta_30_budget_0.25_calibrated,backward_transfer,919,0.12950000000000003
replay,slowheat_replay_hidden_beta_30_budget_0.25_calibrated,backward_transfer,1223,0.12000000000000008
replay,slowheat_replay_hidden_beta_30_budget_0.25_calibrated,backward_transfer,1523,0.11299999999999996
replay,slowheat_replay_hidden_beta_30_budget_0.25_calibrated,backward_transfer,1823,0.12150000000000011
replay,slowheat_replay_hidden_beta_30_budget_0.25_calibrated,backward_transfer,2129,0.12475000000000003
replay,slowheat_replay_hidden_beta_30_budget_0.25_calibrated,backward_transfer,2423,0.11974999999999994
replay,slowheat_replay_hidden_beta_30_budget_0.25_calibrated,backward_transfer,2729,0.12025
replay,slowheat_replay_hidden_beta_30_budget_0.25_calibrated,backward_transfer,3037,0.09225
replay,slowheat_replay_hidden_beta_30_budget_0.25_calibrated,forward_transfer,311,0.0
replay,slowheat_replay_hidden_beta_30_budget_0.25_calibrated,forward_transfer,617,0.0027499999999999747
replay,slowheat_replay_hidden_beta_30_budget_0.25_calibrated,forward_transfer,919,-0.0007500000000000007
replay,slowheat_replay_hidden_beta_30_budget_0.25_calibrated,forward_transfer,1223,-0.0005000000000000004
replay,slowheat_replay_hidden_beta_30_budget_0.25_calibrated,forward_transfer,1523,-0.0017500000000000016
replay,slowheat_replay_hidden_beta_30_budget_0.25_calibrated,forward_transfer,1823,0.0
replay,slowheat_replay_hidden_beta_30_budget_0.25_calibrated,forward_transfer,2129,-0.0007500000000000007
replay,slowheat_replay_hidden_beta_30_budget_0.25_calibrated,forward_transfer,2423,0.0
replay,slowheat_replay_hidden_beta_30_budget_0.25_calibrated,forward_transfer,2729,0.0
replay,slowheat_replay_hidden_beta_30_budget_0.25_calibrated,forward_transfer,3037,-0.004749999999999997
replay,slowheat_replay_hidden_beta_30_budget_0.25_calibrated,task_aware_final_accuracy,311,-0.0011999999999998678
replay,slowheat_replay_hidden_beta_30_budget_0.25_calibrated,task_aware_final_accuracy,617,0.0013999999999999568
replay,slowheat_replay_hidden_beta_30_budget_0.25_calibrated,task_aware_final_accuracy,919,0.0022000000000000908
replay,slowheat_replay_hidden_beta_30_budget_0.25_calibrated,task_aware_final_accuracy,1223,0.0045999999999999375
replay,slowheat_replay_hidden_beta_30_budget_0.25_calibrated,task_aware_final_accuracy,1523,-0.0010000000000000009
replay,slowheat_replay_hidden_beta_30_budget_0.25_calibrated,task_aware_final_accuracy,1823,-0.0035999999999999366
replay,slowheat_replay_hidden_beta_30_budget_0.25_calibrated,task_aware_final_accuracy,2129,-0.0026000000000000467
replay,slowheat_replay_hidden_beta_30_budget_0.25_calibrated,task_aware_final_accuracy,2423,-0.0026000000000000467
replay,slowheat_replay_hidden_beta_30_budget_0.25_calibrated,task_aware_final_accuracy,2729,-0.0014000000000000679
replay,slowheat_replay_hidden_beta_30_budget_0.25_calibrated,task_aware_final_accuracy,3037,-0.0044000000000000705
replay,slowheat_replay_hidden_beta_30_budget_0.25_calibrated,task_aware_forgetting,311,-0.0020000000000000018
replay,slowheat_replay_hidden_beta_30_budget_0.25_calibrated,task_aware_forgetting,617,-0.0027499999999999747
replay,slowheat_replay_hidden_beta_30_budget_0.25_calibrated,task_aware_forgetting,919,-0.0040000000000000036
replay,slowheat_replay_hidden_beta_30_budget_0.25_calibrated,task_aware_forgetting,1223,-0.009250000000000008
replay,slowheat_replay_hidden_beta_30_budget_0.25_calibrated,task_aware_forgetting,1523,-0.0010000000000000009
replay,slowheat_replay_hidden_beta_30_budget_0.25_calibrated,task_aware_forgetting,1823,0.0015000000000000013
replay,slowheat_replay_hidden_beta_30_budget_0.25_calibrated,task_aware_forgetting,2129,-0.0005000000000000282
replay,slowheat_replay_hidden_beta_30_budget_0.25_calibrated,task_aware_forgetting,2423,0.0002500000000000002
replay,slowheat_replay_hidden_beta_30_budget_0.25_calibrated,task_aware_forgetting,2729,-0.0040000000000000036
replay,slowheat_replay_hidden_beta_30_budget_0.25_calibrated,task_aware_forgetting,3037,0.002250000000000002
replay,slowheat_replay_hidden_beta_30_budget_0.25_calibrated,classifier_gap,311,-0.09620000000000006
replay,slowheat_replay_hidden_beta_30_budget_0.25_calibrated,classifier_gap,617,-0.06999999999999984
replay,slowheat_replay_hidden_beta_30_budget_0.25_calibrated,classifier_gap,919,-0.08999999999999975
replay,slowheat_replay_hidden_beta_30_budget_0.25_calibrated,classifier_gap,1223,-0.07700000000000007
replay,slowheat_replay_hidden_beta_30_budget_0.25_calibrated,classifier_gap,1523,-0.08200000000000007
replay,slowheat_replay_hidden_beta_30_budget_0.25_calibrated,classifier_gap,1823,-0.08819999999999995
replay,slowheat_replay_hidden_beta_30_budget_0.25_calibrated,classifier_gap,2129,-0.08700000000000019
replay,slowheat_replay_hidden_beta_30_budget_0.25_calibrated,classifier_gap,2423,-0.08820000000000006
replay,slowheat_replay_hidden_beta_30_budget_0.25_calibrated,classifier_gap,2729,-0.08300000000000007
replay,slowheat_replay_hidden_beta_30_budget_0.25_calibrated,classifier_gap,3037,-0.06619999999999993
replay,slowheat_replay_hidden_beta_30_budget_0.25_calibrated,elapsed_seconds,311,1.6793039439653512
replay,slowheat_replay_hidden_beta_30_budget_0.25_calibrated,elapsed_seconds,617,1.6955618539941497
replay,slowheat_replay_hidden_beta_30_budget_0.25_calibrated,elapsed_seconds,919,1.6349339879816398
replay,slowheat_replay_hidden_beta_30_budget_0.25_calibrated,elapsed_seconds,1223,1.7116150990186725
replay,slowheat_replay_hidden_beta_30_budget_0.25_calibrated,elapsed_seconds,1523,1.7648086739936844
replay,slowheat_replay_hidden_beta_30_budget_0.25_calibrated,elapsed_seconds,1823,1.6302547239756677
replay,slowheat_replay_hidden_beta_30_budget_0.25_calibrated,elapsed_seconds,2129,1.824709492007969
replay,slowheat_replay_hidden_beta_30_budget_0.25_calibrated,elapsed_seconds,2423,2.0405872749979608
replay,slowheat_replay_hidden_beta_30_budget_0.25_calibrated,elapsed_seconds,2729,1.7303137290291488
replay,slowheat_replay_hidden_beta_30_budget_0.25_calibrated,elapsed_seconds,3037,1.7595437800337095
replay,slowheat_replay_hidden_beta_30_budget_0.25_calibrated,learner_examples_processed,311,0.0
replay,slowheat_replay_hidden_beta_30_budget_0.25_calibrated,learner_examples_processed,617,0.0
replay,slowheat_replay_hidden_beta_30_budget_0.25_calibrated,learner_examples_processed,919,0.0
replay,slowheat_replay_hidden_beta_30_budget_0.25_calibrated,learner_examples_processed,1223,0.0
replay,slowheat_replay_hidden_beta_30_budget_0.25_calibrated,learner_examples_processed,1523,0.0
replay,slowheat_replay_hidden_beta_30_budget_0.25_calibrated,learner_examples_processed,1823,0.0
replay,slowheat_replay_hidden_beta_30_budget_0.25_calibrated,learner_examples_processed,2129,0.0
replay,slowheat_replay_hidden_beta_30_budget_0.25_calibrated,learner_examples_processed,2423,0.0
replay,slowheat_replay_hidden_beta_30_budget_0.25_calibrated,learner_examples_processed,2729,0.0
replay,slowheat_replay_hidden_beta_30_budget_0.25_calibrated,learner_examples_processed,3037,0.0
replay,slowheat_replay_hidden_beta_30_budget_0.25_calibrated,total_model_examples_processed,311,0.0
replay,slowheat_replay_hidden_beta_30_budget_0.25_calibrated,total_model_examples_processed,617,0.0
replay,slowheat_replay_hidden_beta_30_budget_0.25_calibrated,total_model_examples_processed,919,0.0
replay,slowheat_replay_hidden_beta_30_budget_0.25_calibrated,total_model_examples_processed,1223,0.0
replay,slowheat_replay_hidden_beta_30_budget_0.25_calibrated,total_model_examples_processed,1523,0.0
replay,slowheat_replay_hidden_beta_30_budget_0.25_calibrated,total_model_examples_processed,1823,0.0
replay,slowheat_replay_hidden_beta_30_budget_0.25_calibrated,total_model_examples_processed,2129,0.0
replay,slowheat_replay_hidden_beta_30_budget_0.25_calibrated,total_model_examples_processed,2423,0.0
replay,slowheat_replay_hidden_beta_30_budget_0.25_calibrated,total_model_examples_processed,2729,0.0
replay,slowheat_replay_hidden_beta_30_budget_0.25_calibrated,total_model_examples_processed,3037,0.0
replay,slowheat_replay_hidden_beta_30_budget_0.25_calibrated,estimated_total_flops,311,407300480.0
replay,slowheat_replay_hidden_beta_30_budget_0.25_calibrated,estimated_total_flops,617,407300480.0
replay,slowheat_replay_hidden_beta_30_budget_0.25_calibrated,estimated_total_flops,919,407300480.0
replay,slowheat_replay_hidden_beta_30_budget_0.25_calibrated,estimated_total_flops,1223,407300480.0
replay,slowheat_replay_hidden_beta_30_budget_0.25_calibrated,estimated_total_flops,1523,407300480.0
replay,slowheat_replay_hidden_beta_30_budget_0.25_calibrated,estimated_total_flops,1823,407300480.0
replay,slowheat_replay_hidden_beta_30_budget_0.25_calibrated,estimated_total_flops,2129,407300480.0
replay,slowheat_replay_hidden_beta_30_budget_0.25_calibrated,estimated_total_flops,2423,407300480.0
replay,slowheat_replay_hidden_beta_30_budget_0.25_calibrated,estimated_total_flops,2729,407300480.0
replay,slowheat_replay_hidden_beta_30_budget_0.25_calibrated,estimated_total_flops,3037,407300480.0
replay,slowheat_replay_hidden_beta_30_budget_0.25_calibrated,estimated_overhead_flops,311,407300480.0
replay,slowheat_replay_hidden_beta_30_budget_0.25_calibrated,estimated_overhead_flops,617,407300480.0
replay,slowheat_replay_hidden_beta_30_budget_0.25_calibrated,estimated_overhead_flops,919,407300480.0
replay,slowheat_replay_hidden_beta_30_budget_0.25_calibrated,estimated_overhead_flops,1223,407300480.0
replay,slowheat_replay_hidden_beta_30_budget_0.25_calibrated,estimated_overhead_flops,1523,407300480.0
replay,slowheat_replay_hidden_beta_30_budget_0.25_calibrated,estimated_overhead_flops,1823,407300480.0
replay,slowheat_replay_hidden_beta_30_budget_0.25_calibrated,estimated_overhead_flops,2129,407300480.0
replay,slowheat_replay_hidden_beta_30_budget_0.25_calibrated,estimated_overhead_flops,2423,407300480.0
replay,slowheat_replay_hidden_beta_30_budget_0.25_calibrated,estimated_overhead_flops,2729,407300480.0
replay,slowheat_replay_hidden_beta_30_budget_0.25_calibrated,estimated_overhead_flops,3037,407300480.0
replay,slowheat_replay_hidden_beta_30_budget_0.25_calibrated,replay_memory_bytes,311,0.0
replay,slowheat_replay_hidden_beta_30_budget_0.25_calibrated,replay_memory_bytes,617,0.0
replay,slowheat_replay_hidden_beta_30_budget_0.25_calibrated,replay_memory_bytes,919,0.0
replay,slowheat_replay_hidden_beta_30_budget_0.25_calibrated,replay_memory_bytes,1223,0.0
replay,slowheat_replay_hidden_beta_30_budget_0.25_calibrated,replay_memory_bytes,1523,0.0
replay,slowheat_replay_hidden_beta_30_budget_0.25_calibrated,replay_memory_bytes,1823,0.0
replay,slowheat_replay_hidden_beta_30_budget_0.25_calibrated,replay_memory_bytes,2129,0.0
replay,slowheat_replay_hidden_beta_30_budget_0.25_calibrated,replay_memory_bytes,2423,0.0
replay,slowheat_replay_hidden_beta_30_budget_0.25_calibrated,replay_memory_bytes,2729,0.0
replay,slowheat_replay_hidden_beta_30_budget_0.25_calibrated,replay_memory_bytes,3037,0.0
replay,slowheat_replay_hidden_beta_30_budget_0.25_calibrated,stored_logits_bytes,311,0.0
replay,slowheat_replay_hidden_beta_30_budget_0.25_calibrated,stored_logits_bytes,617,0.0
replay,slowheat_replay_hidden_beta_30_budget_0.25_calibrated,stored_logits_bytes,919,0.0
replay,slowheat_replay_hidden_beta_30_budget_0.25_calibrated,stored_logits_bytes,1223,0.0
replay,slowheat_replay_hidden_beta_30_budget_0.25_calibrated,stored_logits_bytes,1523,0.0
replay,slowheat_replay_hidden_beta_30_budget_0.25_calibrated,stored_logits_bytes,1823,0.0
replay,slowheat_replay_hidden_beta_30_budget_0.25_calibrated,stored_logits_bytes,2129,0.0
replay,slowheat_replay_hidden_beta_30_budget_0.25_calibrated,stored_logits_bytes,2423,0.0
replay,slowheat_replay_hidden_beta_30_budget_0.25_calibrated,stored_logits_bytes,2729,0.0
replay,slowheat_replay_hidden_beta_30_budget_0.25_calibrated,stored_logits_bytes,3037,0.0
derpp,vanilla,final_average_accuracy,311,-0.6317999999999999
derpp,vanilla,final_average_accuracy,617,-0.6316000000000002
derpp,vanilla,final_average_accuracy,919,-0.641
derpp,vanilla,final_average_accuracy,1223,-0.6077999999999999
derpp,vanilla,final_average_accuracy,1523,-0.6168
derpp,vanilla,final_average_accuracy,1823,-0.6427999999999999
derpp,vanilla,final_average_accuracy,2129,-0.6328
derpp,vanilla,final_average_accuracy,2423,-0.6214
derpp,vanilla,final_average_accuracy,2729,-0.628
derpp,vanilla,final_average_accuracy,3037,-0.6337999999999999
derpp,vanilla,average_forgetting,311,0.7939999999999998
derpp,vanilla,average_forgetting,617,0.78875
derpp,vanilla,average_forgetting,919,0.80575
derpp,vanilla,average_forgetting,1223,0.7617499999999999
derpp,vanilla,average_forgetting,1523,0.7749999999999999
derpp,vanilla,average_forgetting,1823,0.8062500000000001
derpp,vanilla,average_forgetting,2129,0.79525
derpp,vanilla,average_forgetting,2423,0.7805
derpp,vanilla,average_forgetting,2729,0.7867500000000001
derpp,vanilla,average_forgetting,3037,0.79725
derpp,vanilla,backward_transfer,311,-0.7939999999999998
derpp,vanilla,backward_transfer,617,-0.78875
derpp,vanilla,backward_transfer,919,-0.80575
derpp,vanilla,backward_transfer,1223,-0.7617499999999999
derpp,vanilla,backward_transfer,1523,-0.7749999999999999
derpp,vanilla,backward_transfer,1823,-0.8062500000000001
derpp,vanilla,backward_transfer,2129,-0.79525
derpp,vanilla,backward_transfer,2423,-0.7805
derpp,vanilla,backward_transfer,2729,-0.7867500000000001
derpp,vanilla,backward_transfer,3037,-0.79725
derpp,vanilla,forward_transfer,311,0.0
derpp,vanilla,forward_transfer,617,-0.0022500000000000298
derpp,vanilla,forward_transfer,919,0.0
derpp,vanilla,forward_transfer,1223,0.0
derpp,vanilla,forward_transfer,1523,0.0
derpp,vanilla,forward_transfer,1823,0.0
derpp,vanilla,forward_transfer,2129,0.0
derpp,vanilla,forward_transfer,2423,-0.00024999999999997247
derpp,vanilla,forward_transfer,2729,0.0
derpp,vanilla,forward_transfer,3037,0.0
derpp,vanilla,task_aware_final_accuracy,311,-0.28900000000000015
derpp,vanilla,task_aware_final_accuracy,617,-0.3218
derpp,vanilla,task_aware_final_accuracy,919,-0.3134000000000001
derpp,vanilla,task_aware_final_accuracy,1223,-0.3867999999999999
derpp,vanilla,task_aware_final_accuracy,1523,-0.2619999999999998
derpp,vanilla,task_aware_final_accuracy,1823,-0.3386
derpp,vanilla,task_aware_final_accuracy,2129,-0.38680000000000003
derpp,vanilla,task_aware_final_accuracy,2423,-0.24060000000000004
derpp,vanilla,task_aware_final_accuracy,2729,-0.32879999999999987
derpp,vanilla,task_aware_final_accuracy,3037,-0.3304
derpp,vanilla,task_aware_forgetting,311,0.35724999999999996
derpp,vanilla,task_aware_forgetting,617,0.39775
derpp,vanilla,task_aware_forgetting,919,0.38949999999999996
derpp,vanilla,task_aware_forgetting,1223,0.48124999999999996
derpp,vanilla,task_aware_forgetting,1523,0.3247499999999999
derpp,vanilla,task_aware_forgetting,1823,0.42000000000000004
derpp,vanilla,task_aware_forgetting,2129,0.4804999999999999
derpp,vanilla,task_aware_forgetting,2423,0.29974999999999996
derpp,vanilla,task_aware_forgetting,2729,0.4089999999999999
derpp,vanilla,task_aware_forgetting,3037,0.41125
derpp,vanilla,classifier_gap,311,0.3427999999999999
derpp,vanilla,classifier_gap,617,0.30980000000000013
derpp,vanilla,classifier_gap,919,0.32759999999999995
derpp,vanilla,classifier_gap,1223,0.22100000000000003
derpp,vanilla,classifier_gap,1523,0.3548000000000002
derpp,vanilla,classifier_gap,1823,0.3041999999999999
derpp,vanilla,classifier_gap,2129,0.24600000000000005
derpp,vanilla,classifier_gap,2423,0.3808
derpp,vanilla,classifier_gap,2729,0.29920000000000013
derpp,vanilla,classifier_gap,3037,0.30339999999999995
derpp,vanilla,elapsed_seconds,311,-0.8757657540263608
derpp,vanilla,elapsed_seconds,617,-1.0257888570195064
derpp,vanilla,elapsed_seconds,919,-0.8221774710109457
derpp,vanilla,elapsed_seconds,1223,-1.2248438849928789
derpp,vanilla,elapsed_seconds,1523,-1.0642922870174516
derpp,vanilla,elapsed_seconds,1823,-1.0890466809796635
derpp,vanilla,elapsed_seconds,2129,-0.8588353540108074
derpp,vanilla,elapsed_seconds,2423,-1.1428268780000508
derpp,vanilla,elapsed_seconds,2729,-1.0959338730026502
derpp,vanilla,elapsed_seconds,3037,-1.0283816500159446
derpp,vanilla,learner_examples_processed,311,-40960.0
derpp,vanilla,learner_examples_processed,617,-40960.0
derpp,vanilla,learner_examples_processed,919,-40960.0
derpp,vanilla,learner_examples_processed,1223,-40960.0
derpp,vanilla,learner_examples_processed,1523,-40960.0
derpp,vanilla,learner_examples_processed,1823,-40960.0
derpp,vanilla,learner_examples_processed,2129,-40960.0
derpp,vanilla,learner_examples_processed,2423,-40960.0
derpp,vanilla,learner_examples_processed,2729,-40960.0
derpp,vanilla,learner_examples_processed,3037,-40960.0
derpp,vanilla,total_model_examples_processed,311,-40960.0
derpp,vanilla,total_model_examples_processed,617,-40960.0
derpp,vanilla,total_model_examples_processed,919,-40960.0
derpp,vanilla,total_model_examples_processed,1223,-40960.0
derpp,vanilla,total_model_examples_processed,1523,-40960.0
derpp,vanilla,total_model_examples_processed,1823,-40960.0
derpp,vanilla,total_model_examples_processed,2129,-40960.0
derpp,vanilla,total_model_examples_processed,2423,-40960.0
derpp,vanilla,total_model_examples_processed,2729,-40960.0
derpp,vanilla,total_model_examples_processed,3037,-40960.0
derpp,vanilla,estimated_total_flops,311,-57692651520.0
derpp,vanilla,estimated_total_flops,617,-57692651520.0
derpp,vanilla,estimated_total_flops,919,-57692651520.0
derpp,vanilla,estimated_total_flops,1223,-57692651520.0
derpp,vanilla,estimated_total_flops,1523,-57692651520.0
derpp,vanilla,estimated_total_flops,1823,-57692651520.0
derpp,vanilla,estimated_total_flops,2129,-57692651520.0
derpp,vanilla,estimated_total_flops,2423,-57692651520.0
derpp,vanilla,estimated_total_flops,2729,-57692651520.0
derpp,vanilla,estimated_total_flops,3037,-57692651520.0
derpp,vanilla,estimated_overhead_flops,311,0.0
derpp,vanilla,estimated_overhead_flops,617,0.0
derpp,vanilla,estimated_overhead_flops,919,0.0
derpp,vanilla,estimated_overhead_flops,1223,0.0
derpp,vanilla,estimated_overhead_flops,1523,0.0
derpp,vanilla,estimated_overhead_flops,1823,0.0
derpp,vanilla,estimated_overhead_flops,2129,0.0
derpp,vanilla,estimated_overhead_flops,2423,0.0
derpp,vanilla,estimated_overhead_flops,2729,0.0
derpp,vanilla,estimated_overhead_flops,3037,0.0
derpp,vanilla,replay_memory_bytes,311,-628800.0
derpp,vanilla,replay_memory_bytes,617,-628800.0
derpp,vanilla,replay_memory_bytes,919,-628800.0
derpp,vanilla,replay_memory_bytes,1223,-628800.0
derpp,vanilla,replay_memory_bytes,1523,-628800.0
derpp,vanilla,replay_memory_bytes,1823,-628800.0
derpp,vanilla,replay_memory_bytes,2129,-628800.0
derpp,vanilla,replay_memory_bytes,2423,-628800.0
derpp,vanilla,replay_memory_bytes,2729,-628800.0
derpp,vanilla,replay_memory_bytes,3037,-628800.0
derpp,vanilla,stored_logits_bytes,311,-8000.0
derpp,vanilla,stored_logits_bytes,617,-8000.0
derpp,vanilla,stored_logits_bytes,919,-8000.0
derpp,vanilla,stored_logits_bytes,1223,-8000.0
derpp,vanilla,stored_logits_bytes,1523,-8000.0
derpp,vanilla,stored_logits_bytes,1823,-8000.0
derpp,vanilla,stored_logits_bytes,2129,-8000.0
derpp,vanilla,stored_logits_bytes,2423,-8000.0
derpp,vanilla,stored_logits_bytes,2729,-8000.0
derpp,vanilla,stored_logits_bytes,3037,-8000.0
derpp,slowheat,final_average_accuracy,311,-0.6354
derpp,slowheat,final_average_accuracy,617,-0.6340000000000001
derpp,slowheat,final_average_accuracy,919,-0.6422000000000001
derpp,slowheat,final_average_accuracy,1223,-0.61
derpp,slowheat,final_average_accuracy,1523,-0.6198
derpp,slowheat,final_average_accuracy,1823,-0.6427999999999999
derpp,slowheat,final_average_accuracy,2129,-0.6386000000000001
derpp,slowheat,final_average_accuracy,2423,-0.6244000000000001
derpp,slowheat,final_average_accuracy,2729,-0.6312
derpp,slowheat,final_average_accuracy,3037,-0.637
derpp,slowheat,average_forgetting,311,0.79
derpp,slowheat,average_forgetting,617,0.78725
derpp,slowheat,average_forgetting,919,0.8022500000000001
derpp,slowheat,average_forgetting,1223,0.75875
derpp,slowheat,average_forgetting,1523,0.77075
derpp,slowheat,average_forgetting,1823,0.8035000000000001
derpp,slowheat,average_forgetting,2129,0.79175
derpp,slowheat,average_forgetting,2423,0.7794999999999999
derpp,slowheat,average_forgetting,2729,0.7835
derpp,slowheat,average_forgetting,3037,0.7949999999999999
derpp,slowheat,backward_transfer,311,-0.79
derpp,slowheat,backward_transfer,617,-0.78725
derpp,slowheat,backward_transfer,919,-0.8022500000000001
derpp,slowheat,backward_transfer,1223,-0.75875
derpp,slowheat,backward_transfer,1523,-0.77075
derpp,slowheat,backward_transfer,1823,-0.8035000000000001
derpp,slowheat,backward_transfer,2129,-0.79175
derpp,slowheat,backward_transfer,2423,-0.7794999999999999
derpp,slowheat,backward_transfer,2729,-0.7835
derpp,slowheat,backward_transfer,3037,-0.7949999999999999
derpp,slowheat,forward_transfer,311,0.0
derpp,slowheat,forward_transfer,617,-0.0022500000000000298
derpp,slowheat,forward_transfer,919,0.0
derpp,slowheat,forward_transfer,1223,0.0
derpp,slowheat,forward_transfer,1523,0.0
derpp,slowheat,forward_transfer,1823,0.0
derpp,slowheat,forward_transfer,2129,0.0
derpp,slowheat,forward_transfer,2423,-0.00024999999999997247
derpp,slowheat,forward_transfer,2729,0.0
derpp,slowheat,forward_transfer,3037,0.0
derpp,slowheat,task_aware_final_accuracy,311,-0.2972
derpp,slowheat,task_aware_final_accuracy,617,-0.28959999999999997
derpp,slowheat,task_aware_final_accuracy,919,-0.3218
derpp,slowheat,task_aware_final_accuracy,1223,-0.2933999999999999
derpp,slowheat,task_aware_final_accuracy,1523,-0.33499999999999985
derpp,slowheat,task_aware_final_accuracy,1823,-0.26380000000000003
derpp,slowheat,task_aware_final_accuracy,2129,-0.2378
derpp,slowheat,task_aware_final_accuracy,2423,-0.374
derpp,slowheat,task_aware_final_accuracy,2729,-0.3215999999999999
derpp,slowheat,task_aware_final_accuracy,3037,-0.2914
derpp,slowheat,task_aware_forgetting,311,0.359
derpp,slowheat,task_aware_forgetting,617,0.35300000000000004
derpp,slowheat,task_aware_forgetting,919,0.395
derpp,slowheat,task_aware_forgetting,1223,0.35875
derpp,slowheat,task_aware_forgetting,1523,0.408
derpp,slowheat,task_aware_forgetting,1823,0.32375
derpp,slowheat,task_aware_forgetting,2129,0.2835
derpp,slowheat,task_aware_forgetting,2423,0.46175
derpp,slowheat,task_aware_forgetting,2729,0.39274999999999993
derpp,slowheat,task_aware_forgetting,3037,0.35624999999999996
derpp,slowheat,classifier_gap,311,0.33819999999999995
derpp,slowheat,classifier_gap,617,0.34440000000000015
derpp,slowheat,classifier_gap,919,0.3204000000000001
derpp,slowheat,classifier_gap,1223,0.3166000000000001
derpp,slowheat,classifier_gap,1523,0.28480000000000016
derpp,slowheat,classifier_gap,1823,0.3789999999999999
derpp,slowheat,classifier_gap,2129,0.40080000000000005
derpp,slowheat,classifier_gap,2423,0.2504
derpp,slowheat,classifier_gap,2729,0.3096000000000001
derpp,slowheat,classifier_gap,3037,0.3456
derpp,slowheat,elapsed_seconds,311,1.412996506987838
derpp,slowheat,elapsed_seconds,617,1.2404569670034107
derpp,slowheat,elapsed_seconds,919,1.3924695879686624
derpp,slowheat,elapsed_seconds,1223,1.2989136510004755
derpp,slowheat,elapsed_seconds,1523,1.2920375909889117
derpp,slowheat,elapsed_seconds,1823,1.1865632760163862
derpp,slowheat,elapsed_seconds,2129,1.4361359379836358
derpp,slowheat,elapsed_seconds,2423,1.0835624350002035
derpp,slowheat,elapsed_seconds,2729,1.217940036993241
derpp,slowheat,elapsed_seconds,3037,1.2283072019927204
derpp,slowheat,learner_examples_processed,311,-40960.0
derpp,slowheat,learner_examples_processed,617,-40960.0
derpp,slowheat,learner_examples_processed,919,-40960.0
derpp,slowheat,learner_examples_processed,1223,-40960.0
derpp,slowheat,learner_examples_processed,1523,-40960.0
derpp,slowheat,learner_examples_processed,1823,-40960.0
derpp,slowheat,learner_examples_processed,2129,-40960.0
derpp,slowheat,learner_examples_processed,2423,-40960.0
derpp,slowheat,learner_examples_processed,2729,-40960.0
derpp,slowheat,learner_examples_processed,3037,-40960.0
derpp,slowheat,total_model_examples_processed,311,-40960.0
derpp,slowheat,total_model_examples_processed,617,-40960.0
derpp,slowheat,total_model_examples_processed,919,-40960.0
derpp,slowheat,total_model_examples_processed,1223,-40960.0
derpp,slowheat,total_model_examples_processed,1523,-40960.0
derpp,slowheat,total_model_examples_processed,1823,-40960.0
derpp,slowheat,total_model_examples_processed,2129,-40960.0
derpp,slowheat,total_model_examples_processed,2423,-40960.0
derpp,slowheat,total_model_examples_processed,2729,-40960.0
derpp,slowheat,total_model_examples_processed,3037,-40960.0
derpp,slowheat,estimated_total_flops,311,-57343137400.0
derpp,slowheat,estimated_total_flops,617,-57343137400.0
derpp,slowheat,estimated_total_flops,919,-57343137400.0
derpp,slowheat,estimated_total_flops,1223,-57343137400.0
derpp,slowheat,estimated_total_flops,1523,-57343137400.0
derpp,slowheat,estimated_total_flops,1823,-57343137400.0
derpp,slowheat,estimated_total_flops,2129,-57343137400.0
derpp,slowheat,estimated_total_flops,2423,-57343137400.0
derpp,slowheat,estimated_total_flops,2729,-57343137400.0
derpp,slowheat,estimated_total_flops,3037,-57343137400.0
derpp,slowheat,estimated_overhead_flops,311,349514120.0
derpp,slowheat,estimated_overhead_flops,617,349514120.0
derpp,slowheat,estimated_overhead_flops,919,349514120.0
derpp,slowheat,estimated_overhead_flops,1223,349514120.0
derpp,slowheat,estimated_overhead_flops,1523,349514120.0
derpp,slowheat,estimated_overhead_flops,1823,349514120.0
derpp,slowheat,estimated_overhead_flops,2129,349514120.0
derpp,slowheat,estimated_overhead_flops,2423,349514120.0
derpp,slowheat,estimated_overhead_flops,2729,349514120.0
derpp,slowheat,estimated_overhead_flops,3037,349514120.0
derpp,slowheat,replay_memory_bytes,311,-628800.0
derpp,slowheat,replay_memory_bytes,617,-628800.0
derpp,slowheat,replay_memory_bytes,919,-628800.0
derpp,slowheat,replay_memory_bytes,1223,-628800.0
derpp,slowheat,replay_memory_bytes,1523,-628800.0
derpp,slowheat,replay_memory_bytes,1823,-628800.0
derpp,slowheat,replay_memory_bytes,2129,-628800.0
derpp,slowheat,replay_memory_bytes,2423,-628800.0
derpp,slowheat,replay_memory_bytes,2729,-628800.0
derpp,slowheat,replay_memory_bytes,3037,-628800.0
derpp,slowheat,stored_logits_bytes,311,-8000.0
derpp,slowheat,stored_logits_bytes,617,-8000.0
derpp,slowheat,stored_logits_bytes,919,-8000.0
derpp,slowheat,stored_logits_bytes,1223,-8000.0
derpp,slowheat,stored_logits_bytes,1523,-8000.0
derpp,slowheat,stored_logits_bytes,1823,-8000.0
derpp,slowheat,stored_logits_bytes,2129,-8000.0
derpp,slowheat,stored_logits_bytes,2423,-8000.0
derpp,slowheat,stored_logits_bytes,2729,-8000.0
derpp,slowheat,stored_logits_bytes,3037,-8000.0
derpp,slowheat_beta_10,final_average_accuracy,311,-0.6352
derpp,slowheat_beta_10,final_average_accuracy,617,-0.6314000000000001
derpp,slowheat_beta_10,final_average_accuracy,919,-0.6436000000000001
derpp,slowheat_beta_10,final_average_accuracy,1223,-0.6122
derpp,slowheat_beta_10,final_average_accuracy,1523,-0.6178
derpp,slowheat_beta_10,final_average_accuracy,1823,-0.643
derpp,slowheat_beta_10,final_average_accuracy,2129,-0.6372000000000001
derpp,slowheat_beta_10,final_average_accuracy,2423,-0.6232
derpp,slowheat_beta_10,final_average_accuracy,2729,-0.63
derpp,slowheat_beta_10,final_average_accuracy,3037,-0.635
derpp,slowheat_beta_10,average_forgetting,311,0.79175
derpp,slowheat_beta_10,average_forgetting,617,0.7884999999999999
derpp,slowheat_beta_10,average_forgetting,919,0.8027500000000001
derpp,slowheat_beta_10,average_forgetting,1223,0.76
derpp,slowheat_beta_10,average_forgetting,1523,0.77325
derpp,slowheat_beta_10,average_forgetting,1823,0.80325
derpp,slowheat_beta_10,average_forgetting,2129,0.7929999999999999
derpp,slowheat_beta_10,average_forgetting,2423,0.7809999999999999
derpp,slowheat_beta_10,average_forgetting,2729,0.784
derpp,slowheat_beta_10,average_forgetting,3037,0.796
derpp,slowheat_beta_10,backward_transfer,311,-0.79175
derpp,slowheat_beta_10,backward_transfer,617,-0.7884999999999999
derpp,slowheat_beta_10,backward_transfer,919,-0.8027500000000001
derpp,slowheat_beta_10,backward_transfer,1223,-0.76
derpp,slowheat_beta_10,backward_transfer,1523,-0.77325
derpp,slowheat_beta_10,backward_transfer,1823,-0.80325
derpp,slowheat_beta_10,backward_transfer,2129,-0.7929999999999999
derpp,slowheat_beta_10,backward_transfer,2423,-0.7809999999999999
derpp,slowheat_beta_10,backward_transfer,2729,-0.784
derpp,slowheat_beta_10,backward_transfer,3037,-0.796
derpp,slowheat_beta_10,forward_transfer,311,0.0
derpp,slowheat_beta_10,forward_transfer,617,-0.0022500000000000298
derpp,slowheat_beta_10,forward_transfer,919,0.0
derpp,slowheat_beta_10,forward_transfer,1223,0.0
derpp,slowheat_beta_10,forward_transfer,1523,0.0
derpp,slowheat_beta_10,forward_transfer,1823,0.0
derpp,slowheat_beta_10,forward_transfer,2129,0.0
derpp,slowheat_beta_10,forward_transfer,2423,-0.00024999999999997247
derpp,slowheat_beta_10,forward_transfer,2729,0.0
derpp,slowheat_beta_10,forward_transfer,3037,0.0
derpp,slowheat_beta_10,task_aware_final_accuracy,311,-0.24980000000000002
derpp,slowheat_beta_10,task_aware_final_accuracy,617,-0.3565999999999999
derpp,slowheat_beta_10,task_aware_final_accuracy,919,-0.34620000000000006
derpp,slowheat_beta_10,task_aware_final_accuracy,1223,-0.21239999999999992
derpp,slowheat_beta_10,task_aware_final_accuracy,1523,-0.2437999999999999
derpp,slowheat_beta_10,task_aware_final_accuracy,1823,-0.24780000000000002
derpp,slowheat_beta_10,task_aware_final_accuracy,2129,-0.31379999999999997
derpp,slowheat_beta_10,task_aware_final_accuracy,2423,-0.36040000000000005
derpp,slowheat_beta_10,task_aware_final_accuracy,2729,-0.2984
derpp,slowheat_beta_10,task_aware_final_accuracy,3037,-0.3046
derpp,slowheat_beta_10,task_aware_forgetting,311,0.3017500000000001
derpp,slowheat_beta_10,task_aware_forgetting,617,0.44125
derpp,slowheat_beta_10,task_aware_forgetting,919,0.42425
derpp,slowheat_beta_10,task_aware_forgetting,1223,0.256
derpp,slowheat_beta_10,task_aware_forgetting,1523,0.299
derpp,slowheat_beta_10,task_aware_forgetting,1823,0.30325
derpp,slowheat_beta_10,task_aware_forgetting,2129,0.38149999999999995
derpp,slowheat_beta_10,task_aware_forgetting,2423,0.44775
derpp,slowheat_beta_10,task_aware_forgetting,2729,0.36575
derpp,slowheat_beta_10,task_aware_forgetting,3037,0.37625
derpp,slowheat_beta_10,classifier_gap,311,0.38539999999999996
derpp,slowheat_beta_10,classifier_gap,617,0.27480000000000016
derpp,slowheat_beta_10,classifier_gap,919,0.2974
derpp,slowheat_beta_10,classifier_gap,1223,0.39980000000000004
derpp,slowheat_beta_10,classifier_gap,1523,0.3740000000000001
derpp,slowheat_beta_10,classifier_gap,1823,0.3952
derpp,slowheat_beta_10,classifier_gap,2129,0.32340000000000013
derpp,slowheat_beta_10,classifier_gap,2423,0.2627999999999999
derpp,slowheat_beta_10,classifier_gap,2729,0.3316
derpp,slowheat_beta_10,classifier_gap,3037,0.3304
derpp,slowheat_beta_10,elapsed_seconds,311,1.2634335009788629
derpp,slowheat_beta_10,elapsed_seconds,617,1.2224264039832633
derpp,slowheat_beta_10,elapsed_seconds,919,1.4597270809754264
derpp,slowheat_beta_10,elapsed_seconds,1223,1.297330587025499
derpp,slowheat_beta_10,elapsed_seconds,1523,1.2812092160165776
derpp,slowheat_beta_10,elapsed_seconds,1823,1.194374243990751
derpp,slowheat_beta_10,elapsed_seconds,2129,1.4379881269996986
derpp,slowheat_beta_10,elapsed_seconds,2423,1.0727656839590054
derpp,slowheat_beta_10,elapsed_seconds,2729,1.2292044049827382
derpp,slowheat_beta_10,elapsed_seconds,3037,1.2281574019871186
derpp,slowheat_beta_10,learner_examples_processed,311,-40960.0
derpp,slowheat_beta_10,learner_examples_processed,617,-40960.0
derpp,slowheat_beta_10,learner_examples_processed,919,-40960.0
derpp,slowheat_beta_10,learner_examples_processed,1223,-40960.0
derpp,slowheat_beta_10,learner_examples_processed,1523,-40960.0
derpp,slowheat_beta_10,learner_examples_processed,1823,-40960.0
derpp,slowheat_beta_10,learner_examples_processed,2129,-40960.0
derpp,slowheat_beta_10,learner_examples_processed,2423,-40960.0
derpp,slowheat_beta_10,learner_examples_processed,2729,-40960.0
derpp,slowheat_beta_10,learner_examples_processed,3037,-40960.0
derpp,slowheat_beta_10,total_model_examples_processed,311,-40960.0
derpp,slowheat_beta_10,total_model_examples_processed,617,-40960.0
derpp,slowheat_beta_10,total_model_examples_processed,919,-40960.0
derpp,slowheat_beta_10,total_model_examples_processed,1223,-40960.0
derpp,slowheat_beta_10,total_model_examples_processed,1523,-40960.0
derpp,slowheat_beta_10,total_model_examples_processed,1823,-40960.0
derpp,slowheat_beta_10,total_model_examples_processed,2129,-40960.0
derpp,slowheat_beta_10,total_model_examples_processed,2423,-40960.0
derpp,slowheat_beta_10,total_model_examples_processed,2729,-40960.0
derpp,slowheat_beta_10,total_model_examples_processed,3037,-40960.0
derpp,slowheat_beta_10,estimated_total_flops,311,-57343137400.0
derpp,slowheat_beta_10,estimated_total_flops,617,-57343137400.0
derpp,slowheat_beta_10,estimated_total_flops,919,-57343137400.0
derpp,slowheat_beta_10,estimated_total_flops,1223,-57343137400.0
derpp,slowheat_beta_10,estimated_total_flops,1523,-57343137400.0
derpp,slowheat_beta_10,estimated_total_flops,1823,-57343137400.0
derpp,slowheat_beta_10,estimated_total_flops,2129,-57343137400.0
derpp,slowheat_beta_10,estimated_total_flops,2423,-57343137400.0
derpp,slowheat_beta_10,estimated_total_flops,2729,-57343137400.0
derpp,slowheat_beta_10,estimated_total_flops,3037,-57343137400.0
derpp,slowheat_beta_10,estimated_overhead_flops,311,349514120.0
derpp,slowheat_beta_10,estimated_overhead_flops,617,349514120.0
derpp,slowheat_beta_10,estimated_overhead_flops,919,349514120.0
derpp,slowheat_beta_10,estimated_overhead_flops,1223,349514120.0
derpp,slowheat_beta_10,estimated_overhead_flops,1523,349514120.0
derpp,slowheat_beta_10,estimated_overhead_flops,1823,349514120.0
derpp,slowheat_beta_10,estimated_overhead_flops,2129,349514120.0
derpp,slowheat_beta_10,estimated_overhead_flops,2423,349514120.0
derpp,slowheat_beta_10,estimated_overhead_flops,2729,349514120.0
derpp,slowheat_beta_10,estimated_overhead_flops,3037,349514120.0
derpp,slowheat_beta_10,replay_memory_bytes,311,-628800.0
derpp,slowheat_beta_10,replay_memory_bytes,617,-628800.0
derpp,slowheat_beta_10,replay_memory_bytes,919,-628800.0
derpp,slowheat_beta_10,replay_memory_bytes,1223,-628800.0
derpp,slowheat_beta_10,replay_memory_bytes,1523,-628800.0
derpp,slowheat_beta_10,replay_memory_bytes,1823,-628800.0
derpp,slowheat_beta_10,replay_memory_bytes,2129,-628800.0
derpp,slowheat_beta_10,replay_memory_bytes,2423,-628800.0
derpp,slowheat_beta_10,replay_memory_bytes,2729,-628800.0
derpp,slowheat_beta_10,replay_memory_bytes,3037,-628800.0
derpp,slowheat_beta_10,stored_logits_bytes,311,-8000.0
derpp,slowheat_beta_10,stored_logits_bytes,617,-8000.0
derpp,slowheat_beta_10,stored_logits_bytes,919,-8000.0
derpp,slowheat_beta_10,stored_logits_bytes,1223,-8000.0
derpp,slowheat_beta_10,stored_logits_bytes,1523,-8000.0
derpp,slowheat_beta_10,stored_logits_bytes,1823,-8000.0
derpp,slowheat_beta_10,stored_logits_bytes,2129,-8000.0
derpp,slowheat_beta_10,stored_logits_bytes,2423,-8000.0
derpp,slowheat_beta_10,stored_logits_bytes,2729,-8000.0
derpp,slowheat_beta_10,stored_logits_bytes,3037,-8000.0
derpp,slowheat_beta_30,final_average_accuracy,311,-0.6354
derpp,slowheat_beta_30,final_average_accuracy,617,-0.6340000000000001
derpp,slowheat_beta_30,final_average_accuracy,919,-0.6422000000000001
derpp,slowheat_beta_30,final_average_accuracy,1223,-0.61
derpp,slowheat_beta_30,final_average_accuracy,1523,-0.6198
derpp,slowheat_beta_30,final_average_accuracy,1823,-0.6427999999999999
derpp,slowheat_beta_30,final_average_accuracy,2129,-0.6386000000000001
derpp,slowheat_beta_30,final_average_accuracy,2423,-0.6244000000000001
derpp,slowheat_beta_30,final_average_accuracy,2729,-0.6312
derpp,slowheat_beta_30,final_average_accuracy,3037,-0.637
derpp,slowheat_beta_30,average_forgetting,311,0.79
derpp,slowheat_beta_30,average_forgetting,617,0.78725
derpp,slowheat_beta_30,average_forgetting,919,0.8022500000000001
derpp,slowheat_beta_30,average_forgetting,1223,0.75875
derpp,slowheat_beta_30,average_forgetting,1523,0.77075
derpp,slowheat_beta_30,average_forgetting,1823,0.8035000000000001
derpp,slowheat_beta_30,average_forgetting,2129,0.79175
derpp,slowheat_beta_30,average_forgetting,2423,0.7794999999999999
derpp,slowheat_beta_30,average_forgetting,2729,0.7835
derpp,slowheat_beta_30,average_forgetting,3037,0.7949999999999999
derpp,slowheat_beta_30,backward_transfer,311,-0.79
derpp,slowheat_beta_30,backward_transfer,617,-0.78725
derpp,slowheat_beta_30,backward_transfer,919,-0.8022500000000001
derpp,slowheat_beta_30,backward_transfer,1223,-0.75875
derpp,slowheat_beta_30,backward_transfer,1523,-0.77075
derpp,slowheat_beta_30,backward_transfer,1823,-0.8035000000000001
derpp,slowheat_beta_30,backward_transfer,2129,-0.79175
derpp,slowheat_beta_30,backward_transfer,2423,-0.7794999999999999
derpp,slowheat_beta_30,backward_transfer,2729,-0.7835
derpp,slowheat_beta_30,backward_transfer,3037,-0.7949999999999999
derpp,slowheat_beta_30,forward_transfer,311,0.0
derpp,slowheat_beta_30,forward_transfer,617,-0.0022500000000000298
derpp,slowheat_beta_30,forward_transfer,919,0.0
derpp,slowheat_beta_30,forward_transfer,1223,0.0
derpp,slowheat_beta_30,forward_transfer,1523,0.0
derpp,slowheat_beta_30,forward_transfer,1823,0.0
derpp,slowheat_beta_30,forward_transfer,2129,0.0
derpp,slowheat_beta_30,forward_transfer,2423,-0.00024999999999997247
derpp,slowheat_beta_30,forward_transfer,2729,0.0
derpp,slowheat_beta_30,forward_transfer,3037,0.0
derpp,slowheat_beta_30,task_aware_final_accuracy,311,-0.2972
derpp,slowheat_beta_30,task_aware_final_accuracy,617,-0.28959999999999997
derpp,slowheat_beta_30,task_aware_final_accuracy,919,-0.3218
derpp,slowheat_beta_30,task_aware_final_accuracy,1223,-0.2933999999999999
derpp,slowheat_beta_30,task_aware_final_accuracy,1523,-0.33499999999999985
derpp,slowheat_beta_30,task_aware_final_accuracy,1823,-0.26380000000000003
derpp,slowheat_beta_30,task_aware_final_accuracy,2129,-0.2378
derpp,slowheat_beta_30,task_aware_final_accuracy,2423,-0.374
derpp,slowheat_beta_30,task_aware_final_accuracy,2729,-0.3215999999999999
derpp,slowheat_beta_30,task_aware_final_accuracy,3037,-0.2914
derpp,slowheat_beta_30,task_aware_forgetting,311,0.359
derpp,slowheat_beta_30,task_aware_forgetting,617,0.35300000000000004
derpp,slowheat_beta_30,task_aware_forgetting,919,0.395
derpp,slowheat_beta_30,task_aware_forgetting,1223,0.35875
derpp,slowheat_beta_30,task_aware_forgetting,1523,0.408
derpp,slowheat_beta_30,task_aware_forgetting,1823,0.32375
derpp,slowheat_beta_30,task_aware_forgetting,2129,0.2835
derpp,slowheat_beta_30,task_aware_forgetting,2423,0.46175
derpp,slowheat_beta_30,task_aware_forgetting,2729,0.39274999999999993
derpp,slowheat_beta_30,task_aware_forgetting,3037,0.35624999999999996
derpp,slowheat_beta_30,classifier_gap,311,0.33819999999999995
derpp,slowheat_beta_30,classifier_gap,617,0.34440000000000015
derpp,slowheat_beta_30,classifier_gap,919,0.3204000000000001
derpp,slowheat_beta_30,classifier_gap,1223,0.3166000000000001
derpp,slowheat_beta_30,classifier_gap,1523,0.28480000000000016
derpp,slowheat_beta_30,classifier_gap,1823,0.3789999999999999
derpp,slowheat_beta_30,classifier_gap,2129,0.40080000000000005
derpp,slowheat_beta_30,classifier_gap,2423,0.2504
derpp,slowheat_beta_30,classifier_gap,2729,0.3096000000000001
derpp,slowheat_beta_30,classifier_gap,3037,0.3456
derpp,slowheat_beta_30,elapsed_seconds,311,1.2685935179761145
derpp,slowheat_beta_30,elapsed_seconds,617,1.216820971982088
derpp,slowheat_beta_30,elapsed_seconds,919,1.6589265969814733
derpp,slowheat_beta_30,elapsed_seconds,1223,1.3021343130094465
derpp,slowheat_beta_30,elapsed_seconds,1523,1.277087697002571
derpp,slowheat_beta_30,elapsed_seconds,1823,1.1932865640264936
derpp,slowheat_beta_30,elapsed_seconds,2129,1.4099522400065325
derpp,slowheat_beta_30,elapsed_seconds,2423,1.079050220985664
derpp,slowheat_beta_30,elapsed_seconds,2729,1.2189065080019645
derpp,slowheat_beta_30,elapsed_seconds,3037,1.2231411669927184
derpp,slowheat_beta_30,learner_examples_processed,311,-40960.0
derpp,slowheat_beta_30,learner_examples_processed,617,-40960.0
derpp,slowheat_beta_30,learner_examples_processed,919,-40960.0
derpp,slowheat_beta_30,learner_examples_processed,1223,-40960.0
derpp,slowheat_beta_30,learner_examples_processed,1523,-40960.0
derpp,slowheat_beta_30,learner_examples_processed,1823,-40960.0
derpp,slowheat_beta_30,learner_examples_processed,2129,-40960.0
derpp,slowheat_beta_30,learner_examples_processed,2423,-40960.0
derpp,slowheat_beta_30,learner_examples_processed,2729,-40960.0
derpp,slowheat_beta_30,learner_examples_processed,3037,-40960.0
derpp,slowheat_beta_30,total_model_examples_processed,311,-40960.0
derpp,slowheat_beta_30,total_model_examples_processed,617,-40960.0
derpp,slowheat_beta_30,total_model_examples_processed,919,-40960.0
derpp,slowheat_beta_30,total_model_examples_processed,1223,-40960.0
derpp,slowheat_beta_30,total_model_examples_processed,1523,-40960.0
derpp,slowheat_beta_30,total_model_examples_processed,1823,-40960.0
derpp,slowheat_beta_30,total_model_examples_processed,2129,-40960.0
derpp,slowheat_beta_30,total_model_examples_processed,2423,-40960.0
derpp,slowheat_beta_30,total_model_examples_processed,2729,-40960.0
derpp,slowheat_beta_30,total_model_examples_processed,3037,-40960.0
derpp,slowheat_beta_30,estimated_total_flops,311,-57343137400.0
derpp,slowheat_beta_30,estimated_total_flops,617,-57343137400.0
derpp,slowheat_beta_30,estimated_total_flops,919,-57343137400.0
derpp,slowheat_beta_30,estimated_total_flops,1223,-57343137400.0
derpp,slowheat_beta_30,estimated_total_flops,1523,-57343137400.0
derpp,slowheat_beta_30,estimated_total_flops,1823,-57343137400.0
derpp,slowheat_beta_30,estimated_total_flops,2129,-57343137400.0
derpp,slowheat_beta_30,estimated_total_flops,2423,-57343137400.0
derpp,slowheat_beta_30,estimated_total_flops,2729,-57343137400.0
derpp,slowheat_beta_30,estimated_total_flops,3037,-57343137400.0
derpp,slowheat_beta_30,estimated_overhead_flops,311,349514120.0
derpp,slowheat_beta_30,estimated_overhead_flops,617,349514120.0
derpp,slowheat_beta_30,estimated_overhead_flops,919,349514120.0
derpp,slowheat_beta_30,estimated_overhead_flops,1223,349514120.0
derpp,slowheat_beta_30,estimated_overhead_flops,1523,349514120.0
derpp,slowheat_beta_30,estimated_overhead_flops,1823,349514120.0
derpp,slowheat_beta_30,estimated_overhead_flops,2129,349514120.0
derpp,slowheat_beta_30,estimated_overhead_flops,2423,349514120.0
derpp,slowheat_beta_30,estimated_overhead_flops,2729,349514120.0
derpp,slowheat_beta_30,estimated_overhead_flops,3037,349514120.0
derpp,slowheat_beta_30,replay_memory_bytes,311,-628800.0
derpp,slowheat_beta_30,replay_memory_bytes,617,-628800.0
derpp,slowheat_beta_30,replay_memory_bytes,919,-628800.0
derpp,slowheat_beta_30,replay_memory_bytes,1223,-628800.0
derpp,slowheat_beta_30,replay_memory_bytes,1523,-628800.0
derpp,slowheat_beta_30,replay_memory_bytes,1823,-628800.0
derpp,slowheat_beta_30,replay_memory_bytes,2129,-628800.0
derpp,slowheat_beta_30,replay_memory_bytes,2423,-628800.0
derpp,slowheat_beta_30,replay_memory_bytes,2729,-628800.0
derpp,slowheat_beta_30,replay_memory_bytes,3037,-628800.0
derpp,slowheat_beta_30,stored_logits_bytes,311,-8000.0
derpp,slowheat_beta_30,stored_logits_bytes,617,-8000.0
derpp,slowheat_beta_30,stored_logits_bytes,919,-8000.0
derpp,slowheat_beta_30,stored_logits_bytes,1223,-8000.0
derpp,slowheat_beta_30,stored_logits_bytes,1523,-8000.0
derpp,slowheat_beta_30,stored_logits_bytes,1823,-8000.0
derpp,slowheat_beta_30,stored_logits_bytes,2129,-8000.0
derpp,slowheat_beta_30,stored_logits_bytes,2423,-8000.0
derpp,slowheat_beta_30,stored_logits_bytes,2729,-8000.0
derpp,slowheat_beta_30,stored_logits_bytes,3037,-8000.0
derpp,slowheat_beta_100,final_average_accuracy,311,-0.6362
derpp,slowheat_beta_100,final_average_accuracy,617,-0.6326
derpp,slowheat_beta_100,final_average_accuracy,919,-0.6474000000000001
derpp,slowheat_beta_100,final_average_accuracy,1223,-0.6093999999999999
derpp,slowheat_beta_100,final_average_accuracy,1523,-0.6256
derpp,slowheat_beta_100,final_average_accuracy,1823,-0.6444
derpp,slowheat_beta_100,final_average_accuracy,2129,-0.6340000000000001
derpp,slowheat_beta_100,final_average_accuracy,2423,-0.626
derpp,slowheat_beta_100,final_average_accuracy,2729,-0.6332
derpp,slowheat_beta_100,final_average_accuracy,3037,-0.6397999999999999
derpp,slowheat_beta_100,average_forgetting,311,0.7842499999999999
derpp,slowheat_beta_100,average_forgetting,617,0.786
derpp,slowheat_beta_100,average_forgetting,919,0.8027500000000001
derpp,slowheat_beta_100,average_forgetting,1223,0.758
derpp,slowheat_beta_100,average_forgetting,1523,0.77
derpp,slowheat_beta_100,average_forgetting,1823,0.8025
derpp,slowheat_beta_100,average_forgetting,2129,0.79125
derpp,slowheat_beta_100,average_forgetting,2423,0.7795000000000001
derpp,slowheat_beta_100,average_forgetting,2729,0.78025
derpp,slowheat_beta_100,average_forgetting,3037,0.79525
derpp,slowheat_beta_100,backward_transfer,311,-0.7842499999999999
derpp,slowheat_beta_100,backward_transfer,617,-0.786
derpp,slowheat_beta_100,backward_transfer,919,-0.8027500000000001
derpp,slowheat_beta_100,backward_transfer,1223,-0.758
derpp,slowheat_beta_100,backward_transfer,1523,-0.77
derpp,slowheat_beta_100,backward_transfer,1823,-0.8025
derpp,slowheat_beta_100,backward_transfer,2129,-0.79125
derpp,slowheat_beta_100,backward_transfer,2423,-0.7795000000000001
derpp,slowheat_beta_100,backward_transfer,2729,-0.78025
derpp,slowheat_beta_100,backward_transfer,3037,-0.79525
derpp,slowheat_beta_100,forward_transfer,311,0.0
derpp,slowheat_beta_100,forward_transfer,617,-0.0022500000000000298
derpp,slowheat_beta_100,forward_transfer,919,0.0
derpp,slowheat_beta_100,forward_transfer,1223,0.0
derpp,slowheat_beta_100,forward_transfer,1523,0.0
derpp,slowheat_beta_100,forward_transfer,1823,0.0
derpp,slowheat_beta_100,forward_transfer,2129,0.0
derpp,slowheat_beta_100,forward_transfer,2423,-0.00024999999999997247
derpp,slowheat_beta_100,forward_transfer,2729,0.0
derpp,slowheat_beta_100,forward_transfer,3037,0.0
derpp,slowheat_beta_100,task_aware_final_accuracy,311,-0.38280000000000003
derpp,slowheat_beta_100,task_aware_final_accuracy,617,-0.41359999999999986
derpp,slowheat_beta_100,task_aware_final_accuracy,919,-0.3882
derpp,slowheat_beta_100,task_aware_final_accuracy,1223,-0.39059999999999995
derpp,slowheat_beta_100,task_aware_final_accuracy,1523,-0.2754
derpp,slowheat_beta_100,task_aware_final_accuracy,1823,-0.3922
derpp,slowheat_beta_100,task_aware_final_accuracy,2129,-0.1986
derpp,slowheat_beta_100,task_aware_final_accuracy,2423,-0.36560000000000004
derpp,slowheat_beta_100,task_aware_final_accuracy,2729,-0.3847999999999998
derpp,slowheat_beta_100,task_aware_final_accuracy,3037,-0.36760000000000004
derpp,slowheat_beta_100,task_aware_forgetting,311,0.45924999999999994
derpp,slowheat_beta_100,task_aware_forgetting,617,0.5085
derpp,slowheat_beta_100,task_aware_forgetting,919,0.472
derpp,slowheat_beta_100,task_aware_forgetting,1223,0.48024999999999995
derpp,slowheat_beta_100,task_aware_forgetting,1523,0.32549999999999996
derpp,slowheat_beta_100,task_aware_forgetting,1823,0.48124999999999996
derpp,slowheat_beta_100,task_aware_forgetting,2129,0.23974999999999996
derpp,slowheat_beta_100,task_aware_forgetting,2423,0.44925
derpp,slowheat_beta_100,task_aware_forgetting,2729,0.46599999999999997
derpp,slowheat_beta_100,task_aware_forgetting,3037,0.44825000000000004
derpp,slowheat_beta_100,classifier_gap,311,0.25339999999999996
derpp,slowheat_beta_100,classifier_gap,617,0.21900000000000025
derpp,slowheat_beta_100,classifier_gap,919,0.2592000000000001
derpp,slowheat_beta_100,classifier_gap,1223,0.2188
derpp,slowheat_beta_100,classifier_gap,1523,0.35020000000000007
derpp,slowheat_beta_100,classifier_gap,1823,0.2522
derpp,slowheat_beta_100,classifier_gap,2129,0.4354000000000001
derpp,slowheat_beta_100,classifier_gap,2423,0.26039999999999996
derpp,slowheat_beta_100,classifier_gap,2729,0.24840000000000018
derpp,slowheat_beta_100,classifier_gap,3037,0.27219999999999994
derpp,slowheat_beta_100,elapsed_seconds,311,1.261408122983994
derpp,slowheat_beta_100,elapsed_seconds,617,1.216202079987852
derpp,slowheat_beta_100,elapsed_seconds,919,1.5240168829914182
derpp,slowheat_beta_100,elapsed_seconds,1223,1.2951228670135606
derpp,slowheat_beta_100,elapsed_seconds,1523,1.2819870189996436
derpp,slowheat_beta_100,elapsed_seconds,1823,1.0673093410150614
derpp,slowheat_beta_100,elapsed_seconds,2129,1.4070084870036226
derpp,slowheat_beta_100,elapsed_seconds,2423,1.063794372981647
derpp,slowheat_beta_100,elapsed_seconds,2729,1.2022827759792563
derpp,slowheat_beta_100,elapsed_seconds,3037,1.2327259029843844
derpp,slowheat_beta_100,learner_examples_processed,311,-40960.0
derpp,slowheat_beta_100,learner_examples_processed,617,-40960.0
derpp,slowheat_beta_100,learner_examples_processed,919,-40960.0
derpp,slowheat_beta_100,learner_examples_processed,1223,-40960.0
derpp,slowheat_beta_100,learner_examples_processed,1523,-40960.0
derpp,slowheat_beta_100,learner_examples_processed,1823,-40960.0
derpp,slowheat_beta_100,learner_examples_processed,2129,-40960.0
derpp,slowheat_beta_100,learner_examples_processed,2423,-40960.0
derpp,slowheat_beta_100,learner_examples_processed,2729,-40960.0
derpp,slowheat_beta_100,learner_examples_processed,3037,-40960.0
derpp,slowheat_beta_100,total_model_examples_processed,311,-40960.0
derpp,slowheat_beta_100,total_model_examples_processed,617,-40960.0
derpp,slowheat_beta_100,total_model_examples_processed,919,-40960.0
derpp,slowheat_beta_100,total_model_examples_processed,1223,-40960.0
derpp,slowheat_beta_100,total_model_examples_processed,1523,-40960.0
derpp,slowheat_beta_100,total_model_examples_processed,1823,-40960.0
derpp,slowheat_beta_100,total_model_examples_processed,2129,-40960.0
derpp,slowheat_beta_100,total_model_examples_processed,2423,-40960.0
derpp,slowheat_beta_100,total_model_examples_processed,2729,-40960.0
derpp,slowheat_beta_100,total_model_examples_processed,3037,-40960.0
derpp,slowheat_beta_100,estimated_total_flops,311,-57343137400.0
derpp,slowheat_beta_100,estimated_total_flops,617,-57343137400.0
derpp,slowheat_beta_100,estimated_total_flops,919,-57343137400.0
derpp,slowheat_beta_100,estimated_total_flops,1223,-57343137400.0
derpp,slowheat_beta_100,estimated_total_flops,1523,-57343137400.0
derpp,slowheat_beta_100,estimated_total_flops,1823,-57343137400.0
derpp,slowheat_beta_100,estimated_total_flops,2129,-57343137400.0
derpp,slowheat_beta_100,estimated_total_flops,2423,-57343137400.0
derpp,slowheat_beta_100,estimated_total_flops,2729,-57343137400.0
derpp,slowheat_beta_100,estimated_total_flops,3037,-57343137400.0
derpp,slowheat_beta_100,estimated_overhead_flops,311,349514120.0
derpp,slowheat_beta_100,estimated_overhead_flops,617,349514120.0
derpp,slowheat_beta_100,estimated_overhead_flops,919,349514120.0
derpp,slowheat_beta_100,estimated_overhead_flops,1223,349514120.0
derpp,slowheat_beta_100,estimated_overhead_flops,1523,349514120.0
derpp,slowheat_beta_100,estimated_overhead_flops,1823,349514120.0
derpp,slowheat_beta_100,estimated_overhead_flops,2129,349514120.0
derpp,slowheat_beta_100,estimated_overhead_flops,2423,349514120.0
derpp,slowheat_beta_100,estimated_overhead_flops,2729,349514120.0
derpp,slowheat_beta_100,estimated_overhead_flops,3037,349514120.0
derpp,slowheat_beta_100,replay_memory_bytes,311,-628800.0
derpp,slowheat_beta_100,replay_memory_bytes,617,-628800.0
derpp,slowheat_beta_100,replay_memory_bytes,919,-628800.0
derpp,slowheat_beta_100,replay_memory_bytes,1223,-628800.0
derpp,slowheat_beta_100,replay_memory_bytes,1523,-628800.0
derpp,slowheat_beta_100,replay_memory_bytes,1823,-628800.0
derpp,slowheat_beta_100,replay_memory_bytes,2129,-628800.0
derpp,slowheat_beta_100,replay_memory_bytes,2423,-628800.0
derpp,slowheat_beta_100,replay_memory_bytes,2729,-628800.0
derpp,slowheat_beta_100,replay_memory_bytes,3037,-628800.0
derpp,slowheat_beta_100,stored_logits_bytes,311,-8000.0
derpp,slowheat_beta_100,stored_logits_bytes,617,-8000.0
derpp,slowheat_beta_100,stored_logits_bytes,919,-8000.0
derpp,slowheat_beta_100,stored_logits_bytes,1223,-8000.0
derpp,slowheat_beta_100,stored_logits_bytes,1523,-8000.0
derpp,slowheat_beta_100,stored_logits_bytes,1823,-8000.0
derpp,slowheat_beta_100,stored_logits_bytes,2129,-8000.0
derpp,slowheat_beta_100,stored_logits_bytes,2423,-8000.0
derpp,slowheat_beta_100,stored_logits_bytes,2729,-8000.0
derpp,slowheat_beta_100,stored_logits_bytes,3037,-8000.0
derpp,slowheat_adaptive,final_average_accuracy,311,-0.6339999999999999
derpp,slowheat_adaptive,final_average_accuracy,617,-0.6356000000000002
derpp,slowheat_adaptive,final_average_accuracy,919,-0.6422000000000001
derpp,slowheat_adaptive,final_average_accuracy,1223,-0.61
derpp,slowheat_adaptive,final_average_accuracy,1523,-0.6228
derpp,slowheat_adaptive,final_average_accuracy,1823,-0.6499999999999999
derpp,slowheat_adaptive,final_average_accuracy,2129,-0.6392000000000001
derpp,slowheat_adaptive,final_average_accuracy,2423,-0.6255999999999999
derpp,slowheat_adaptive,final_average_accuracy,2729,-0.6308
derpp,slowheat_adaptive,final_average_accuracy,3037,-0.6352
derpp,slowheat_adaptive,average_forgetting,311,0.788
derpp,slowheat_adaptive,average_forgetting,617,0.7875
derpp,slowheat_adaptive,average_forgetting,919,0.80125
derpp,slowheat_adaptive,average_forgetting,1223,0.759
derpp,slowheat_adaptive,average_forgetting,1523,0.7709999999999999
derpp,slowheat_adaptive,average_forgetting,1823,0.80325
derpp,slowheat_adaptive,average_forgetting,2129,0.7929999999999999
derpp,slowheat_adaptive,average_forgetting,2423,0.7787499999999998
derpp,slowheat_adaptive,average_forgetting,2729,0.7815000000000001
derpp,slowheat_adaptive,average_forgetting,3037,0.7949999999999999
derpp,slowheat_adaptive,backward_transfer,311,-0.788
derpp,slowheat_adaptive,backward_transfer,617,-0.7875
derpp,slowheat_adaptive,backward_transfer,919,-0.80125
derpp,slowheat_adaptive,backward_transfer,1223,-0.759
derpp,slowheat_adaptive,backward_transfer,1523,-0.7709999999999999
derpp,slowheat_adaptive,backward_transfer,1823,-0.80325
derpp,slowheat_adaptive,backward_transfer,2129,-0.7929999999999999
derpp,slowheat_adaptive,backward_transfer,2423,-0.7787499999999998
derpp,slowheat_adaptive,backward_transfer,2729,-0.7815000000000001
derpp,slowheat_adaptive,backward_transfer,3037,-0.7949999999999999
derpp,slowheat_adaptive,forward_transfer,311,0.0
derpp,slowheat_adaptive,forward_transfer,617,-0.0022500000000000298
derpp,slowheat_adaptive,forward_transfer,919,0.0
derpp,slowheat_adaptive,forward_transfer,1223,0.0
derpp,slowheat_adaptive,forward_transfer,1523,0.0
derpp,slowheat_adaptive,forward_transfer,1823,0.0
derpp,slowheat_adaptive,forward_transfer,2129,0.0
derpp,slowheat_adaptive,forward_transfer,2423,-0.00024999999999997247
derpp,slowheat_adaptive,forward_transfer,2729,0.0
derpp,slowheat_adaptive,forward_transfer,3037,0.0
derpp,slowheat_adaptive,task_aware_final_accuracy,311,-0.40700000000000003
derpp,slowheat_adaptive,task_aware_final_accuracy,617,-0.22739999999999994
derpp,slowheat_adaptive,task_aware_final_accuracy,919,-0.42979999999999996
derpp,slowheat_adaptive,task_aware_final_accuracy,1223,-0.3325999999999999
derpp,slowheat_adaptive,task_aware_final_accuracy,1523,-0.31799999999999984
derpp,slowheat_adaptive,task_aware_final_accuracy,1823,-0.26880000000000015
derpp,slowheat_adaptive,task_aware_final_accuracy,2129,-0.28580000000000005
derpp,slowheat_adaptive,task_aware_final_accuracy,2423,-0.3266000000000001
derpp,slowheat_adaptive,task_aware_final_accuracy,2729,-0.4261999999999999
derpp,slowheat_adaptive,task_aware_final_accuracy,3037,-0.3486
derpp,slowheat_adaptive,task_aware_forgetting,311,0.4960000000000001
derpp,slowheat_adaptive,task_aware_forgetting,617,0.2735
derpp,slowheat_adaptive,task_aware_forgetting,919,0.5289999999999999
derpp,slowheat_adaptive,task_aware_forgetting,1223,0.4079999999999999
derpp,slowheat_adaptive,task_aware_forgetting,1523,0.38325
derpp,slowheat_adaptive,task_aware_forgetting,1823,0.3207500000000001
derpp,slowheat_adaptive,task_aware_forgetting,2129,0.344
derpp,slowheat_adaptive,task_aware_forgetting,2423,0.40025
derpp,slowheat_adaptive,task_aware_forgetting,2729,0.522
derpp,slowheat_adaptive,task_aware_forgetting,3037,0.43000000000000005
derpp,slowheat_adaptive,classifier_gap,311,0.22699999999999992
derpp,slowheat_adaptive,classifier_gap,617,0.40820000000000023
derpp,slowheat_adaptive,classifier_gap,919,0.2124000000000001
derpp,slowheat_adaptive,classifier_gap,1223,0.2774000000000001
derpp,slowheat_adaptive,classifier_gap,1523,0.3048000000000002
derpp,slowheat_adaptive,classifier_gap,1823,0.38119999999999976
derpp,slowheat_adaptive,classifier_gap,2129,0.35340000000000005
derpp,slowheat_adaptive,classifier_gap,2423,0.2989999999999999
derpp,slowheat_adaptive,classifier_gap,2729,0.20460000000000006
derpp,slowheat_adaptive,classifier_gap,3037,0.28659999999999997
derpp,slowheat_adaptive,elapsed_seconds,311,1.261962197982939
derpp,slowheat_adaptive,elapsed_seconds,617,1.2168144849711098
derpp,slowheat_adaptive,elapsed_seconds,919,1.469808883004589
derpp,slowheat_adaptive,elapsed_seconds,1223,1.2983238350134343
derpp,slowheat_adaptive,elapsed_seconds,1523,1.2835627579770517
derpp,slowheat_adaptive,elapsed_seconds,1823,0.9424607920227572
derpp,slowheat_adaptive,elapsed_seconds,2129,1.3958284360123798
derpp,slowheat_adaptive,elapsed_seconds,2423,1.0891179609752726
derpp,slowheat_adaptive,elapsed_seconds,2729,1.2077433069935068
derpp,slowheat_adaptive,elapsed_seconds,3037,1.2255878879805095
derpp,slowheat_adaptive,learner_examples_processed,311,-40960.0
derpp,slowheat_adaptive,learner_examples_processed,617,-40960.0
derpp,slowheat_adaptive,learner_examples_processed,919,-40960.0
derpp,slowheat_adaptive,learner_examples_processed,1223,-40960.0
derpp,slowheat_adaptive,learner_examples_processed,1523,-40960.0
derpp,slowheat_adaptive,learner_examples_processed,1823,-40960.0
derpp,slowheat_adaptive,learner_examples_processed,2129,-40960.0
derpp,slowheat_adaptive,learner_examples_processed,2423,-40960.0
derpp,slowheat_adaptive,learner_examples_processed,2729,-40960.0
derpp,slowheat_adaptive,learner_examples_processed,3037,-40960.0
derpp,slowheat_adaptive,total_model_examples_processed,311,-40960.0
derpp,slowheat_adaptive,total_model_examples_processed,617,-40960.0
derpp,slowheat_adaptive,total_model_examples_processed,919,-40960.0
derpp,slowheat_adaptive,total_model_examples_processed,1223,-40960.0
derpp,slowheat_adaptive,total_model_examples_processed,1523,-40960.0
derpp,slowheat_adaptive,total_model_examples_processed,1823,-40960.0
derpp,slowheat_adaptive,total_model_examples_processed,2129,-40960.0
derpp,slowheat_adaptive,total_model_examples_processed,2423,-40960.0
derpp,slowheat_adaptive,total_model_examples_processed,2729,-40960.0
derpp,slowheat_adaptive,total_model_examples_processed,3037,-40960.0
derpp,slowheat_adaptive,estimated_total_flops,311,-57343137400.0
derpp,slowheat_adaptive,estimated_total_flops,617,-57343137400.0
derpp,slowheat_adaptive,estimated_total_flops,919,-57343137400.0
derpp,slowheat_adaptive,estimated_total_flops,1223,-57343137400.0
derpp,slowheat_adaptive,estimated_total_flops,1523,-57343137400.0
derpp,slowheat_adaptive,estimated_total_flops,1823,-57343137400.0
derpp,slowheat_adaptive,estimated_total_flops,2129,-57343137400.0
derpp,slowheat_adaptive,estimated_total_flops,2423,-57343137400.0
derpp,slowheat_adaptive,estimated_total_flops,2729,-57343137400.0
derpp,slowheat_adaptive,estimated_total_flops,3037,-57343137400.0
derpp,slowheat_adaptive,estimated_overhead_flops,311,349514120.0
derpp,slowheat_adaptive,estimated_overhead_flops,617,349514120.0
derpp,slowheat_adaptive,estimated_overhead_flops,919,349514120.0
derpp,slowheat_adaptive,estimated_overhead_flops,1223,349514120.0
derpp,slowheat_adaptive,estimated_overhead_flops,1523,349514120.0
derpp,slowheat_adaptive,estimated_overhead_flops,1823,349514120.0
derpp,slowheat_adaptive,estimated_overhead_flops,2129,349514120.0
derpp,slowheat_adaptive,estimated_overhead_flops,2423,349514120.0
derpp,slowheat_adaptive,estimated_overhead_flops,2729,349514120.0
derpp,slowheat_adaptive,estimated_overhead_flops,3037,349514120.0
derpp,slowheat_adaptive,replay_memory_bytes,311,-628800.0
derpp,slowheat_adaptive,replay_memory_bytes,617,-628800.0
derpp,slowheat_adaptive,replay_memory_bytes,919,-628800.0
derpp,slowheat_adaptive,replay_memory_bytes,1223,-628800.0
derpp,slowheat_adaptive,replay_memory_bytes,1523,-628800.0
derpp,slowheat_adaptive,replay_memory_bytes,1823,-628800.0
derpp,slowheat_adaptive,replay_memory_bytes,2129,-628800.0
derpp,slowheat_adaptive,replay_memory_bytes,2423,-628800.0
derpp,slowheat_adaptive,replay_memory_bytes,2729,-628800.0
derpp,slowheat_adaptive,replay_memory_bytes,3037,-628800.0
derpp,slowheat_adaptive,stored_logits_bytes,311,-8000.0
derpp,slowheat_adaptive,stored_logits_bytes,617,-8000.0
derpp,slowheat_adaptive,stored_logits_bytes,919,-8000.0
derpp,slowheat_adaptive,stored_logits_bytes,1223,-8000.0
derpp,slowheat_adaptive,stored_logits_bytes,1523,-8000.0
derpp,slowheat_adaptive,stored_logits_bytes,1823,-8000.0
derpp,slowheat_adaptive,stored_logits_bytes,2129,-8000.0
derpp,slowheat_adaptive,stored_logits_bytes,2423,-8000.0
derpp,slowheat_adaptive,stored_logits_bytes,2729,-8000.0
derpp,slowheat_adaptive,stored_logits_bytes,3037,-8000.0
derpp,slowheat_native_state,final_average_accuracy,311,-0.6334
derpp,slowheat_native_state,final_average_accuracy,617,-0.6316000000000002
derpp,slowheat_native_state,final_average_accuracy,919,-0.6420000000000001
derpp,slowheat_native_state,final_average_accuracy,1223,-0.6082
derpp,slowheat_native_state,final_average_accuracy,1523,-0.6178
derpp,slowheat_native_state,final_average_accuracy,1823,-0.6427999999999999
derpp,slowheat_native_state,final_average_accuracy,2129,-0.6352000000000001
derpp,slowheat_native_state,final_average_accuracy,2423,-0.6224000000000001
derpp,slowheat_native_state,final_average_accuracy,2729,-0.6297999999999999
derpp,slowheat_native_state,final_average_accuracy,3037,-0.6344
derpp,slowheat_native_state,average_forgetting,311,0.7902499999999999
derpp,slowheat_native_state,average_forgetting,617,0.78825
derpp,slowheat_native_state,average_forgetting,919,0.8029999999999999
derpp,slowheat_native_state,average_forgetting,1223,0.76
derpp,slowheat_native_state,average_forgetting,1523,0.77325
derpp,slowheat_native_state,average_forgetting,1823,0.805
derpp,slowheat_native_state,average_forgetting,2129,0.79525
derpp,slowheat_native_state,average_forgetting,2423,0.7802500000000001
derpp,slowheat_native_state,average_forgetting,2729,0.7837500000000001
derpp,slowheat_native_state,average_forgetting,3037,0.7975000000000001
derpp,slowheat_native_state,backward_transfer,311,-0.7902499999999999
derpp,slowheat_native_state,backward_transfer,617,-0.78825
derpp,slowheat_native_state,backward_transfer,919,-0.8029999999999999
derpp,slowheat_native_state,backward_transfer,1223,-0.76
derpp,slowheat_native_state,backward_transfer,1523,-0.77325
derpp,slowheat_native_state,backward_transfer,1823,-0.805
derpp,slowheat_native_state,backward_transfer,2129,-0.79525
derpp,slowheat_native_state,backward_transfer,2423,-0.7802500000000001
derpp,slowheat_native_state,backward_transfer,2729,-0.7837500000000001
derpp,slowheat_native_state,backward_transfer,3037,-0.7975000000000001
derpp,slowheat_native_state,forward_transfer,311,0.0
derpp,slowheat_native_state,forward_transfer,617,-0.0022500000000000298
derpp,slowheat_native_state,forward_transfer,919,0.0
derpp,slowheat_native_state,forward_transfer,1223,0.0
derpp,slowheat_native_state,forward_transfer,1523,0.0
derpp,slowheat_native_state,forward_transfer,1823,0.0
derpp,slowheat_native_state,forward_transfer,2129,0.0
derpp,slowheat_native_state,forward_transfer,2423,-0.00024999999999997247
derpp,slowheat_native_state,forward_transfer,2729,0.0
derpp,slowheat_native_state,forward_transfer,3037,0.0
derpp,slowheat_native_state,task_aware_final_accuracy,311,-0.059799999999999964
derpp,slowheat_native_state,task_aware_final_accuracy,617,-0.15339999999999987
derpp,slowheat_native_state,task_aware_final_accuracy,919,-0.18720000000000003
derpp,slowheat_native_state,task_aware_final_accuracy,1223,-0.2095999999999999
derpp,slowheat_native_state,task_aware_final_accuracy,1523,-0.16839999999999988
derpp,slowheat_native_state,task_aware_final_accuracy,1823,-0.2088000000000001
derpp,slowheat_native_state,task_aware_final_accuracy,2129,-0.1876
derpp,slowheat_native_state,task_aware_final_accuracy,2423,-0.031200000000000117
derpp,slowheat_native_state,task_aware_final_accuracy,2729,-0.10860000000000003
derpp,slowheat_native_state,task_aware_final_accuracy,3037,-0.14139999999999997
derpp,slowheat_native_state,task_aware_forgetting,311,0.065
derpp,slowheat_native_state,task_aware_forgetting,617,0.18699999999999997
derpp,slowheat_native_state,task_aware_forgetting,919,0.22774999999999998
derpp,slowheat_native_state,task_aware_forgetting,1223,0.25749999999999995
derpp,slowheat_native_state,task_aware_forgetting,1523,0.20475
derpp,slowheat_native_state,task_aware_forgetting,1823,0.25650000000000006
derpp,slowheat_native_state,task_aware_forgetting,2129,0.2285
derpp,slowheat_native_state,task_aware_forgetting,2423,0.036500000000000005
derpp,slowheat_native_state,task_aware_forgetting,2729,0.12849999999999998
derpp,slowheat_native_state,task_aware_forgetting,3037,0.1745
derpp,slowheat_native_state,classifier_gap,311,0.5736
derpp,slowheat_native_state,classifier_gap,617,0.4782000000000003
derpp,slowheat_native_state,classifier_gap,919,0.4548000000000001
derpp,slowheat_native_state,classifier_gap,1223,0.39860000000000007
derpp,slowheat_native_state,classifier_gap,1523,0.44940000000000013
derpp,slowheat_native_state,classifier_gap,1823,0.43399999999999983
derpp,slowheat_native_state,classifier_gap,2129,0.4476000000000001
derpp,slowheat_native_state,classifier_gap,2423,0.5912
derpp,slowheat_native_state,classifier_gap,2729,0.5211999999999999
derpp,slowheat_native_state,classifier_gap,3037,0.493
derpp,slowheat_native_state,elapsed_seconds,311,0.8793264629784971
derpp,slowheat_native_state,elapsed_seconds,617,0.8705439519835636
derpp,slowheat_native_state,elapsed_seconds,919,1.2872380709741265
derpp,slowheat_native_state,elapsed_seconds,1223,0.937773815006949
derpp,slowheat_native_state,elapsed_seconds,1523,0.9332622169749811
derpp,slowheat_native_state,elapsed_seconds,1823,0.6461128950177226
derpp,slowheat_native_state,elapsed_seconds,2129,1.038171352003701
derpp,slowheat_native_state,elapsed_seconds,2423,0.7733908619557042
derpp,slowheat_native_state,elapsed_seconds,2729,0.8681898639770225
derpp,slowheat_native_state,elapsed_seconds,3037,0.8575357909721788
derpp,slowheat_native_state,learner_examples_processed,311,-40960.0
derpp,slowheat_native_state,learner_examples_processed,617,-40960.0
derpp,slowheat_native_state,learner_examples_processed,919,-40960.0
derpp,slowheat_native_state,learner_examples_processed,1223,-40960.0
derpp,slowheat_native_state,learner_examples_processed,1523,-40960.0
derpp,slowheat_native_state,learner_examples_processed,1823,-40960.0
derpp,slowheat_native_state,learner_examples_processed,2129,-40960.0
derpp,slowheat_native_state,learner_examples_processed,2423,-40960.0
derpp,slowheat_native_state,learner_examples_processed,2729,-40960.0
derpp,slowheat_native_state,learner_examples_processed,3037,-40960.0
derpp,slowheat_native_state,total_model_examples_processed,311,-40960.0
derpp,slowheat_native_state,total_model_examples_processed,617,-40960.0
derpp,slowheat_native_state,total_model_examples_processed,919,-40960.0
derpp,slowheat_native_state,total_model_examples_processed,1223,-40960.0
derpp,slowheat_native_state,total_model_examples_processed,1523,-40960.0
derpp,slowheat_native_state,total_model_examples_processed,1823,-40960.0
derpp,slowheat_native_state,total_model_examples_processed,2129,-40960.0
derpp,slowheat_native_state,total_model_examples_processed,2423,-40960.0
derpp,slowheat_native_state,total_model_examples_processed,2729,-40960.0
derpp,slowheat_native_state,total_model_examples_processed,3037,-40960.0
derpp,slowheat_native_state,estimated_total_flops,311,-57343137400.0
derpp,slowheat_native_state,estimated_total_flops,617,-57343137400.0
derpp,slowheat_native_state,estimated_total_flops,919,-57343137400.0
derpp,slowheat_native_state,estimated_total_flops,1223,-57343137400.0
derpp,slowheat_native_state,estimated_total_flops,1523,-57343137400.0
derpp,slowheat_native_state,estimated_total_flops,1823,-57343137400.0
derpp,slowheat_native_state,estimated_total_flops,2129,-57343137400.0
derpp,slowheat_native_state,estimated_total_flops,2423,-57343137400.0
derpp,slowheat_native_state,estimated_total_flops,2729,-57343137400.0
derpp,slowheat_native_state,estimated_total_flops,3037,-57343137400.0
derpp,slowheat_native_state,estimated_overhead_flops,311,349514120.0
derpp,slowheat_native_state,estimated_overhead_flops,617,349514120.0
derpp,slowheat_native_state,estimated_overhead_flops,919,349514120.0
derpp,slowheat_native_state,estimated_overhead_flops,1223,349514120.0
derpp,slowheat_native_state,estimated_overhead_flops,1523,349514120.0
derpp,slowheat_native_state,estimated_overhead_flops,1823,349514120.0
derpp,slowheat_native_state,estimated_overhead_flops,2129,349514120.0
derpp,slowheat_native_state,estimated_overhead_flops,2423,349514120.0
derpp,slowheat_native_state,estimated_overhead_flops,2729,349514120.0
derpp,slowheat_native_state,estimated_overhead_flops,3037,349514120.0
derpp,slowheat_native_state,replay_memory_bytes,311,-628800.0
derpp,slowheat_native_state,replay_memory_bytes,617,-628800.0
derpp,slowheat_native_state,replay_memory_bytes,919,-628800.0
derpp,slowheat_native_state,replay_memory_bytes,1223,-628800.0
derpp,slowheat_native_state,replay_memory_bytes,1523,-628800.0
derpp,slowheat_native_state,replay_memory_bytes,1823,-628800.0
derpp,slowheat_native_state,replay_memory_bytes,2129,-628800.0
derpp,slowheat_native_state,replay_memory_bytes,2423,-628800.0
derpp,slowheat_native_state,replay_memory_bytes,2729,-628800.0
derpp,slowheat_native_state,replay_memory_bytes,3037,-628800.0
derpp,slowheat_native_state,stored_logits_bytes,311,-8000.0
derpp,slowheat_native_state,stored_logits_bytes,617,-8000.0
derpp,slowheat_native_state,stored_logits_bytes,919,-8000.0
derpp,slowheat_native_state,stored_logits_bytes,1223,-8000.0
derpp,slowheat_native_state,stored_logits_bytes,1523,-8000.0
derpp,slowheat_native_state,stored_logits_bytes,1823,-8000.0
derpp,slowheat_native_state,stored_logits_bytes,2129,-8000.0
derpp,slowheat_native_state,stored_logits_bytes,2423,-8000.0
derpp,slowheat_native_state,stored_logits_bytes,2729,-8000.0
derpp,slowheat_native_state,stored_logits_bytes,3037,-8000.0
derpp,slowheat_unidirectional,final_average_accuracy,311,-0.6328
derpp,slowheat_unidirectional,final_average_accuracy,617,-0.6324000000000001
derpp,slowheat_unidirectional,final_average_accuracy,919,-0.641
derpp,slowheat_unidirectional,final_average_accuracy,1223,-0.6122
derpp,slowheat_unidirectional,final_average_accuracy,1523,-0.6218
derpp,slowheat_unidirectional,final_average_accuracy,1823,-0.6456
derpp,slowheat_unidirectional,final_average_accuracy,2129,-0.6342000000000001
derpp,slowheat_unidirectional,final_average_accuracy,2423,-0.6226
derpp,slowheat_unidirectional,final_average_accuracy,2729,-0.6308
derpp,slowheat_unidirectional,final_average_accuracy,3037,-0.634
derpp,slowheat_unidirectional,average_forgetting,311,0.7905
derpp,slowheat_unidirectional,average_forgetting,617,0.7882499999999999
derpp,slowheat_unidirectional,average_forgetting,919,0.8015000000000001
derpp,slowheat_unidirectional,average_forgetting,1223,0.7605000000000001
derpp,slowheat_unidirectional,average_forgetting,1523,0.772
derpp,slowheat_unidirectional,average_forgetting,1823,0.80375
derpp,slowheat_unidirectional,average_forgetting,2129,0.7952499999999999
derpp,slowheat_unidirectional,average_forgetting,2423,0.7785
derpp,slowheat_unidirectional,average_forgetting,2729,0.78475
derpp,slowheat_unidirectional,average_forgetting,3037,0.79775
derpp,slowheat_unidirectional,backward_transfer,311,-0.7905
derpp,slowheat_unidirectional,backward_transfer,617,-0.7882499999999999
derpp,slowheat_unidirectional,backward_transfer,919,-0.8015000000000001
derpp,slowheat_unidirectional,backward_transfer,1223,-0.7605000000000001
derpp,slowheat_unidirectional,backward_transfer,1523,-0.772
derpp,slowheat_unidirectional,backward_transfer,1823,-0.80375
derpp,slowheat_unidirectional,backward_transfer,2129,-0.7952499999999999
derpp,slowheat_unidirectional,backward_transfer,2423,-0.7785
derpp,slowheat_unidirectional,backward_transfer,2729,-0.78475
derpp,slowheat_unidirectional,backward_transfer,3037,-0.79775
derpp,slowheat_unidirectional,forward_transfer,311,0.0
derpp,slowheat_unidirectional,forward_transfer,617,-0.0022500000000000298
derpp,slowheat_unidirectional,forward_transfer,919,0.0
derpp,slowheat_unidirectional,forward_transfer,1223,0.0
derpp,slowheat_unidirectional,forward_transfer,1523,0.0
derpp,slowheat_unidirectional,forward_transfer,1823,0.0
derpp,slowheat_unidirectional,forward_transfer,2129,0.0
derpp,slowheat_unidirectional,forward_transfer,2423,-0.00024999999999997247
derpp,slowheat_unidirectional,forward_transfer,2729,0.0
derpp,slowheat_unidirectional,forward_transfer,3037,0.0
derpp,slowheat_unidirectional,task_aware_final_accuracy,311,-0.28359999999999996
derpp,slowheat_unidirectional,task_aware_final_accuracy,617,-0.3285999999999999
derpp,slowheat_unidirectional,task_aware_final_accuracy,919,-0.27360000000000007
derpp,slowheat_unidirectional,task_aware_final_accuracy,1223,-0.20279999999999998
derpp,slowheat_unidirectional,task_aware_final_accuracy,1523,-0.22839999999999994
derpp,slowheat_unidirectional,task_aware_final_accuracy,1823,-0.1624000000000001
derpp,slowheat_unidirectional,task_aware_final_accuracy,2129,-0.2532
derpp,slowheat_unidirectional,task_aware_final_accuracy,2423,-0.25160000000000005
derpp,slowheat_unidirectional,task_aware_final_accuracy,2729,-0.21399999999999986
derpp,slowheat_unidirectional,task_aware_final_accuracy,3037,-0.20579999999999998
derpp,slowheat_unidirectional,task_aware_forgetting,311,0.34575
derpp,slowheat_unidirectional,task_aware_forgetting,617,0.40475
derpp,slowheat_unidirectional,task_aware_forgetting,919,0.3354999999999999
derpp,slowheat_unidirectional,task_aware_forgetting,1223,0.24449999999999997
derpp,slowheat_unidirectional,task_aware_forgetting,1523,0.2735
derpp,slowheat_unidirectional,task_aware_forgetting,1823,0.19374999999999998
derpp,slowheat_unidirectional,task_aware_forgetting,2129,0.31174999999999997
derpp,slowheat_unidirectional,task_aware_forgetting,2423,0.31
derpp,slowheat_unidirectional,task_aware_forgetting,2729,0.26
derpp,slowheat_unidirectional,task_aware_forgetting,3037,0.2557499999999999
derpp,slowheat_unidirectional,classifier_gap,311,0.34920000000000007
derpp,slowheat_unidirectional,classifier_gap,617,0.3038000000000002
derpp,slowheat_unidirectional,classifier_gap,919,0.36739999999999995
derpp,slowheat_unidirectional,classifier_gap,1223,0.4094
derpp,slowheat_unidirectional,classifier_gap,1523,0.3934000000000001
derpp,slowheat_unidirectional,classifier_gap,1823,0.48319999999999985
derpp,slowheat_unidirectional,classifier_gap,2129,0.3810000000000001
derpp,slowheat_unidirectional,classifier_gap,2423,0.371
derpp,slowheat_unidirectional,classifier_gap,2729,0.41680000000000006
derpp,slowheat_unidirectional,classifier_gap,3037,0.4282
derpp,slowheat_unidirectional,elapsed_seconds,311,1.1555212369712535
derpp,slowheat_unidirectional,elapsed_seconds,617,1.1468188410217408
derpp,slowheat_unidirectional,elapsed_seconds,919,1.3955227679689415
derpp,slowheat_unidirectional,elapsed_seconds,1223,1.1814224970294163
derpp,slowheat_unidirectional,elapsed_seconds,1523,1.1955492650158703
derpp,slowheat_unidirectional,elapsed_seconds,1823,0.8414282150042709
derpp,slowheat_unidirectional,elapsed_seconds,2129,1.3187299119890667
derpp,slowheat_unidirectional,elapsed_seconds,2423,1.0007973299652804
derpp,slowheat_unidirectional,elapsed_seconds,2729,1.12918286700733
derpp,slowheat_unidirectional,elapsed_seconds,3037,1.155751109996345
derpp,slowheat_unidirectional,learner_examples_processed,311,-40960.0
derpp,slowheat_unidirectional,learner_examples_processed,617,-40960.0
derpp,slowheat_unidirectional,learner_examples_processed,919,-40960.0
derpp,slowheat_unidirectional,learner_examples_processed,1223,-40960.0
derpp,slowheat_unidirectional,learner_examples_processed,1523,-40960.0
derpp,slowheat_unidirectional,learner_examples_processed,1823,-40960.0
derpp,slowheat_unidirectional,learner_examples_processed,2129,-40960.0
derpp,slowheat_unidirectional,learner_examples_processed,2423,-40960.0
derpp,slowheat_unidirectional,learner_examples_processed,2729,-40960.0
derpp,slowheat_unidirectional,learner_examples_processed,3037,-40960.0
derpp,slowheat_unidirectional,total_model_examples_processed,311,-40960.0
derpp,slowheat_unidirectional,total_model_examples_processed,617,-40960.0
derpp,slowheat_unidirectional,total_model_examples_processed,919,-40960.0
derpp,slowheat_unidirectional,total_model_examples_processed,1223,-40960.0
derpp,slowheat_unidirectional,total_model_examples_processed,1523,-40960.0
derpp,slowheat_unidirectional,total_model_examples_processed,1823,-40960.0
derpp,slowheat_unidirectional,total_model_examples_processed,2129,-40960.0
derpp,slowheat_unidirectional,total_model_examples_processed,2423,-40960.0
derpp,slowheat_unidirectional,total_model_examples_processed,2729,-40960.0
derpp,slowheat_unidirectional,total_model_examples_processed,3037,-40960.0
derpp,slowheat_unidirectional,estimated_total_flops,311,-57343137400.0
derpp,slowheat_unidirectional,estimated_total_flops,617,-57343137400.0
derpp,slowheat_unidirectional,estimated_total_flops,919,-57343137400.0
derpp,slowheat_unidirectional,estimated_total_flops,1223,-57343137400.0
derpp,slowheat_unidirectional,estimated_total_flops,1523,-57343137400.0
derpp,slowheat_unidirectional,estimated_total_flops,1823,-57343137400.0
derpp,slowheat_unidirectional,estimated_total_flops,2129,-57343137400.0
derpp,slowheat_unidirectional,estimated_total_flops,2423,-57343137400.0
derpp,slowheat_unidirectional,estimated_total_flops,2729,-57343137400.0
derpp,slowheat_unidirectional,estimated_total_flops,3037,-57343137400.0
derpp,slowheat_unidirectional,estimated_overhead_flops,311,349514120.0
derpp,slowheat_unidirectional,estimated_overhead_flops,617,349514120.0
derpp,slowheat_unidirectional,estimated_overhead_flops,919,349514120.0
derpp,slowheat_unidirectional,estimated_overhead_flops,1223,349514120.0
derpp,slowheat_unidirectional,estimated_overhead_flops,1523,349514120.0
derpp,slowheat_unidirectional,estimated_overhead_flops,1823,349514120.0
derpp,slowheat_unidirectional,estimated_overhead_flops,2129,349514120.0
derpp,slowheat_unidirectional,estimated_overhead_flops,2423,349514120.0
derpp,slowheat_unidirectional,estimated_overhead_flops,2729,349514120.0
derpp,slowheat_unidirectional,estimated_overhead_flops,3037,349514120.0
derpp,slowheat_unidirectional,replay_memory_bytes,311,-628800.0
derpp,slowheat_unidirectional,replay_memory_bytes,617,-628800.0
derpp,slowheat_unidirectional,replay_memory_bytes,919,-628800.0
derpp,slowheat_unidirectional,replay_memory_bytes,1223,-628800.0
derpp,slowheat_unidirectional,replay_memory_bytes,1523,-628800.0
derpp,slowheat_unidirectional,replay_memory_bytes,1823,-628800.0
derpp,slowheat_unidirectional,replay_memory_bytes,2129,-628800.0
derpp,slowheat_unidirectional,replay_memory_bytes,2423,-628800.0
derpp,slowheat_unidirectional,replay_memory_bytes,2729,-628800.0
derpp,slowheat_unidirectional,replay_memory_bytes,3037,-628800.0
derpp,slowheat_unidirectional,stored_logits_bytes,311,-8000.0
derpp,slowheat_unidirectional,stored_logits_bytes,617,-8000.0
derpp,slowheat_unidirectional,stored_logits_bytes,919,-8000.0
derpp,slowheat_unidirectional,stored_logits_bytes,1223,-8000.0
derpp,slowheat_unidirectional,stored_logits_bytes,1523,-8000.0
derpp,slowheat_unidirectional,stored_logits_bytes,1823,-8000.0
derpp,slowheat_unidirectional,stored_logits_bytes,2129,-8000.0
derpp,slowheat_unidirectional,stored_logits_bytes,2423,-8000.0
derpp,slowheat_unidirectional,stored_logits_bytes,2729,-8000.0
derpp,slowheat_unidirectional,stored_logits_bytes,3037,-8000.0
derpp,slowheat_unbudgeted,final_average_accuracy,311,-0.6352
derpp,slowheat_unbudgeted,final_average_accuracy,617,-0.6336000000000002
derpp,slowheat_unbudgeted,final_average_accuracy,919,-0.6454000000000001
derpp,slowheat_unbudgeted,final_average_accuracy,1223,-0.6102
derpp,slowheat_unbudgeted,final_average_accuracy,1523,-0.6192
derpp,slowheat_unbudgeted,final_average_accuracy,1823,-0.6481999999999999
derpp,slowheat_unbudgeted,final_average_accuracy,2129,-0.637
derpp,slowheat_unbudgeted,final_average_accuracy,2423,-0.6238
derpp,slowheat_unbudgeted,final_average_accuracy,2729,-0.6337999999999999
derpp,slowheat_unbudgeted,final_average_accuracy,3037,-0.6372
derpp,slowheat_unbudgeted,average_forgetting,311,0.7894999999999999
derpp,slowheat_unbudgeted,average_forgetting,617,0.7872499999999999
derpp,slowheat_unbudgeted,average_forgetting,919,0.8029999999999999
derpp,slowheat_unbudgeted,average_forgetting,1223,0.75925
derpp,slowheat_unbudgeted,average_forgetting,1523,0.7715000000000001
derpp,slowheat_unbudgeted,average_forgetting,1823,0.802
derpp,slowheat_unbudgeted,average_forgetting,2129,0.7932499999999999
derpp,slowheat_unbudgeted,average_forgetting,2423,0.7785
derpp,slowheat_unbudgeted,average_forgetting,2729,0.782
derpp,slowheat_unbudgeted,average_forgetting,3037,0.7967500000000001
derpp,slowheat_unbudgeted,backward_transfer,311,-0.7894999999999999
derpp,slowheat_unbudgeted,backward_transfer,617,-0.7872499999999999
derpp,slowheat_unbudgeted,backward_transfer,919,-0.8029999999999999
derpp,slowheat_unbudgeted,backward_transfer,1223,-0.75925
derpp,slowheat_unbudgeted,backward_transfer,1523,-0.7715000000000001
derpp,slowheat_unbudgeted,backward_transfer,1823,-0.802
derpp,slowheat_unbudgeted,backward_transfer,2129,-0.7932499999999999
derpp,slowheat_unbudgeted,backward_transfer,2423,-0.7785
derpp,slowheat_unbudgeted,backward_transfer,2729,-0.782
derpp,slowheat_unbudgeted,backward_transfer,3037,-0.7967500000000001
derpp,slowheat_unbudgeted,forward_transfer,311,0.0
derpp,slowheat_unbudgeted,forward_transfer,617,-0.0022500000000000298
derpp,slowheat_unbudgeted,forward_transfer,919,0.0
derpp,slowheat_unbudgeted,forward_transfer,1223,0.0
derpp,slowheat_unbudgeted,forward_transfer,1523,0.0
derpp,slowheat_unbudgeted,forward_transfer,1823,0.0
derpp,slowheat_unbudgeted,forward_transfer,2129,0.0
derpp,slowheat_unbudgeted,forward_transfer,2423,-0.00024999999999997247
derpp,slowheat_unbudgeted,forward_transfer,2729,0.0
derpp,slowheat_unbudgeted,forward_transfer,3037,0.0
derpp,slowheat_unbudgeted,task_aware_final_accuracy,311,-0.3326
derpp,slowheat_unbudgeted,task_aware_final_accuracy,617,-0.28479999999999983
derpp,slowheat_unbudgeted,task_aware_final_accuracy,919,-0.3298000000000001
derpp,slowheat_unbudgeted,task_aware_final_accuracy,1223,-0.23819999999999997
derpp,slowheat_unbudgeted,task_aware_final_accuracy,1523,-0.23599999999999988
derpp,slowheat_unbudgeted,task_aware_final_accuracy,1823,-0.3136000000000001
derpp,slowheat_unbudgeted,task_aware_final_accuracy,2129,-0.3166000000000001
derpp,slowheat_unbudgeted,task_aware_final_accuracy,2423,-0.32820000000000005
derpp,slowheat_unbudgeted,task_aware_final_accuracy,2729,-0.3101999999999999
derpp,slowheat_unbudgeted,task_aware_final_accuracy,3037,-0.3062
derpp,slowheat_unbudgeted,task_aware_forgetting,311,0.403
derpp,slowheat_unbudgeted,task_aware_forgetting,617,0.3475
derpp,slowheat_unbudgeted,task_aware_forgetting,919,0.40174999999999994
derpp,slowheat_unbudgeted,task_aware_forgetting,1223,0.2899999999999999
derpp,slowheat_unbudgeted,task_aware_forgetting,1523,0.28575
derpp,slowheat_unbudgeted,task_aware_forgetting,1823,0.37775000000000003
derpp,slowheat_unbudgeted,task_aware_forgetting,2129,0.38549999999999995
derpp,slowheat_unbudgeted,task_aware_forgetting,2423,0.40425
derpp,slowheat_unbudgeted,task_aware_forgetting,2729,0.37374999999999997
derpp,slowheat_unbudgeted,task_aware_forgetting,3037,0.37625
derpp,slowheat_unbudgeted,classifier_gap,311,0.3026
derpp,slowheat_unbudgeted,classifier_gap,617,0.34880000000000033
derpp,slowheat_unbudgeted,classifier_gap,919,0.3156
derpp,slowheat_unbudgeted,classifier_gap,1223,0.372
derpp,slowheat_unbudgeted,classifier_gap,1523,0.3832000000000001
derpp,slowheat_unbudgeted,classifier_gap,1823,0.33459999999999984
derpp,slowheat_unbudgeted,classifier_gap,2129,0.32039999999999996
derpp,slowheat_unbudgeted,classifier_gap,2423,0.2956
derpp,slowheat_unbudgeted,classifier_gap,2729,0.32360000000000005
derpp,slowheat_unbudgeted,classifier_gap,3037,0.33099999999999996
derpp,slowheat_unbudgeted,elapsed_seconds,311,1.2567945219925605
derpp,slowheat_unbudgeted,elapsed_seconds,617,1.207525136996992
derpp,slowheat_unbudgeted,elapsed_seconds,919,1.3883590799814556
derpp,slowheat_unbudgeted,elapsed_seconds,1223,1.3013825400266796
derpp,slowheat_unbudgeted,elapsed_seconds,1523,1.2943319100013468
derpp,slowheat_unbudgeted,elapsed_seconds,1823,1.157684142992366
derpp,slowheat_unbudgeted,elapsed_seconds,2129,1.3969124519790057
derpp,slowheat_unbudgeted,elapsed_seconds,2423,1.0796923039888497
derpp,slowheat_unbudgeted,elapsed_seconds,2729,1.2056348210026044
derpp,slowheat_unbudgeted,elapsed_seconds,3037,1.2284336889861152
derpp,slowheat_unbudgeted,learner_examples_processed,311,-40960.0
derpp,slowheat_unbudgeted,learner_examples_processed,617,-40960.0
derpp,slowheat_unbudgeted,learner_examples_processed,919,-40960.0
derpp,slowheat_unbudgeted,learner_examples_processed,1223,-40960.0
derpp,slowheat_unbudgeted,learner_examples_processed,1523,-40960.0
derpp,slowheat_unbudgeted,learner_examples_processed,1823,-40960.0
derpp,slowheat_unbudgeted,learner_examples_processed,2129,-40960.0
derpp,slowheat_unbudgeted,learner_examples_processed,2423,-40960.0
derpp,slowheat_unbudgeted,learner_examples_processed,2729,-40960.0
derpp,slowheat_unbudgeted,learner_examples_processed,3037,-40960.0
derpp,slowheat_unbudgeted,total_model_examples_processed,311,-40960.0
derpp,slowheat_unbudgeted,total_model_examples_processed,617,-40960.0
derpp,slowheat_unbudgeted,total_model_examples_processed,919,-40960.0
derpp,slowheat_unbudgeted,total_model_examples_processed,1223,-40960.0
derpp,slowheat_unbudgeted,total_model_examples_processed,1523,-40960.0
derpp,slowheat_unbudgeted,total_model_examples_processed,1823,-40960.0
derpp,slowheat_unbudgeted,total_model_examples_processed,2129,-40960.0
derpp,slowheat_unbudgeted,total_model_examples_processed,2423,-40960.0
derpp,slowheat_unbudgeted,total_model_examples_processed,2729,-40960.0
derpp,slowheat_unbudgeted,total_model_examples_processed,3037,-40960.0
derpp,slowheat_unbudgeted,estimated_total_flops,311,-57343137400.0
derpp,slowheat_unbudgeted,estimated_total_flops,617,-57343137400.0
derpp,slowheat_unbudgeted,estimated_total_flops,919,-57343137400.0
derpp,slowheat_unbudgeted,estimated_total_flops,1223,-57343137400.0
derpp,slowheat_unbudgeted,estimated_total_flops,1523,-57343137400.0
derpp,slowheat_unbudgeted,estimated_total_flops,1823,-57343137400.0
derpp,slowheat_unbudgeted,estimated_total_flops,2129,-57343137400.0
derpp,slowheat_unbudgeted,estimated_total_flops,2423,-57343137400.0
derpp,slowheat_unbudgeted,estimated_total_flops,2729,-57343137400.0
derpp,slowheat_unbudgeted,estimated_total_flops,3037,-57343137400.0
derpp,slowheat_unbudgeted,estimated_overhead_flops,311,349514120.0
derpp,slowheat_unbudgeted,estimated_overhead_flops,617,349514120.0
derpp,slowheat_unbudgeted,estimated_overhead_flops,919,349514120.0
derpp,slowheat_unbudgeted,estimated_overhead_flops,1223,349514120.0
derpp,slowheat_unbudgeted,estimated_overhead_flops,1523,349514120.0
derpp,slowheat_unbudgeted,estimated_overhead_flops,1823,349514120.0
derpp,slowheat_unbudgeted,estimated_overhead_flops,2129,349514120.0
derpp,slowheat_unbudgeted,estimated_overhead_flops,2423,349514120.0
derpp,slowheat_unbudgeted,estimated_overhead_flops,2729,349514120.0
derpp,slowheat_unbudgeted,estimated_overhead_flops,3037,349514120.0
derpp,slowheat_unbudgeted,replay_memory_bytes,311,-628800.0
derpp,slowheat_unbudgeted,replay_memory_bytes,617,-628800.0
derpp,slowheat_unbudgeted,replay_memory_bytes,919,-628800.0
derpp,slowheat_unbudgeted,replay_memory_bytes,1223,-628800.0
derpp,slowheat_unbudgeted,replay_memory_bytes,1523,-628800.0
derpp,slowheat_unbudgeted,replay_memory_bytes,1823,-628800.0
derpp,slowheat_unbudgeted,replay_memory_bytes,2129,-628800.0
derpp,slowheat_unbudgeted,replay_memory_bytes,2423,-628800.0
derpp,slowheat_unbudgeted,replay_memory_bytes,2729,-628800.0
derpp,slowheat_unbudgeted,replay_memory_bytes,3037,-628800.0
derpp,slowheat_unbudgeted,stored_logits_bytes,311,-8000.0
derpp,slowheat_unbudgeted,stored_logits_bytes,617,-8000.0
derpp,slowheat_unbudgeted,stored_logits_bytes,919,-8000.0
derpp,slowheat_unbudgeted,stored_logits_bytes,1223,-8000.0
derpp,slowheat_unbudgeted,stored_logits_bytes,1523,-8000.0
derpp,slowheat_unbudgeted,stored_logits_bytes,1823,-8000.0
derpp,slowheat_unbudgeted,stored_logits_bytes,2129,-8000.0
derpp,slowheat_unbudgeted,stored_logits_bytes,2423,-8000.0
derpp,slowheat_unbudgeted,stored_logits_bytes,2729,-8000.0
derpp,slowheat_unbudgeted,stored_logits_bytes,3037,-8000.0
derpp,slowheat_none,final_average_accuracy,311,-0.6317999999999999
derpp,slowheat_none,final_average_accuracy,617,-0.6316000000000002
derpp,slowheat_none,final_average_accuracy,919,-0.6418
derpp,slowheat_none,final_average_accuracy,1223,-0.6077999999999999
derpp,slowheat_none,final_average_accuracy,1523,-0.6168
derpp,slowheat_none,final_average_accuracy,1823,-0.6427999999999999
derpp,slowheat_none,final_average_accuracy,2129,-0.6328
derpp,slowheat_none,final_average_accuracy,2423,-0.6214
derpp,slowheat_none,final_average_accuracy,2729,-0.6282
derpp,slowheat_none,final_average_accuracy,3037,-0.6342
derpp,slowheat_none,average_forgetting,311,0.7939999999999998
derpp,slowheat_none,average_forgetting,617,0.78875
derpp,slowheat_none,average_forgetting,919,0.80575
derpp,slowheat_none,average_forgetting,1223,0.7617499999999999
derpp,slowheat_none,average_forgetting,1523,0.7749999999999999
derpp,slowheat_none,average_forgetting,1823,0.8062500000000001
derpp,slowheat_none,average_forgetting,2129,0.79525
derpp,slowheat_none,average_forgetting,2423,0.7805
derpp,slowheat_none,average_forgetting,2729,0.7867500000000001
derpp,slowheat_none,average_forgetting,3037,0.7975000000000001
derpp,slowheat_none,backward_transfer,311,-0.7939999999999998
derpp,slowheat_none,backward_transfer,617,-0.78875
derpp,slowheat_none,backward_transfer,919,-0.80575
derpp,slowheat_none,backward_transfer,1223,-0.7617499999999999
derpp,slowheat_none,backward_transfer,1523,-0.7749999999999999
derpp,slowheat_none,backward_transfer,1823,-0.8062500000000001
derpp,slowheat_none,backward_transfer,2129,-0.79525
derpp,slowheat_none,backward_transfer,2423,-0.7805
derpp,slowheat_none,backward_transfer,2729,-0.7867500000000001
derpp,slowheat_none,backward_transfer,3037,-0.7975000000000001
derpp,slowheat_none,forward_transfer,311,0.0
derpp,slowheat_none,forward_transfer,617,-0.0022500000000000298
derpp,slowheat_none,forward_transfer,919,0.0
derpp,slowheat_none,forward_transfer,1223,0.0
derpp,slowheat_none,forward_transfer,1523,0.0
derpp,slowheat_none,forward_transfer,1823,0.0
derpp,slowheat_none,forward_transfer,2129,0.0
derpp,slowheat_none,forward_transfer,2423,-0.00024999999999997247
derpp,slowheat_none,forward_transfer,2729,0.0
derpp,slowheat_none,forward_transfer,3037,0.0
derpp,slowheat_none,task_aware_final_accuracy,311,-0.28900000000000015
derpp,slowheat_none,task_aware_final_accuracy,617,-0.3208
derpp,slowheat_none,task_aware_final_accuracy,919,-0.37539999999999996
derpp,slowheat_none,task_aware_final_accuracy,1223,-0.3867999999999999
derpp,slowheat_none,task_aware_final_accuracy,1523,-0.2619999999999998
derpp,slowheat_none,task_aware_final_accuracy,1823,-0.3386
derpp,slowheat_none,task_aware_final_accuracy,2129,-0.38680000000000003
derpp,slowheat_none,task_aware_final_accuracy,2423,-0.24060000000000004
derpp,slowheat_none,task_aware_final_accuracy,2729,-0.3163999999999998
derpp,slowheat_none,task_aware_final_accuracy,3037,-0.3316000000000001
derpp,slowheat_none,task_aware_forgetting,311,0.35724999999999996
derpp,slowheat_none,task_aware_forgetting,617,0.3965
derpp,slowheat_none,task_aware_forgetting,919,0.46599999999999997
derpp,slowheat_none,task_aware_forgetting,1223,0.48124999999999996
derpp,slowheat_none,task_aware_forgetting,1523,0.3247499999999999
derpp,slowheat_none,task_aware_forgetting,1823,0.42000000000000004
derpp,slowheat_none,task_aware_forgetting,2129,0.4804999999999999
derpp,slowheat_none,task_aware_forgetting,2423,0.29974999999999996
derpp,slowheat_none,task_aware_forgetting,2729,0.39324999999999993
derpp,slowheat_none,task_aware_forgetting,3037,0.4125
derpp,slowheat_none,classifier_gap,311,0.3427999999999999
derpp,slowheat_none,classifier_gap,617,0.31080000000000013
derpp,slowheat_none,classifier_gap,919,0.2664000000000001
derpp,slowheat_none,classifier_gap,1223,0.22100000000000003
derpp,slowheat_none,classifier_gap,1523,0.3548000000000002
derpp,slowheat_none,classifier_gap,1823,0.3041999999999999
derpp,slowheat_none,classifier_gap,2129,0.24600000000000005
derpp,slowheat_none,classifier_gap,2423,0.3808
derpp,slowheat_none,classifier_gap,2729,0.3118000000000002
derpp,slowheat_none,classifier_gap,3037,0.30259999999999987
derpp,slowheat_none,elapsed_seconds,311,1.2538896129699424
derpp,slowheat_none,elapsed_seconds,617,1.211194314993918
derpp,slowheat_none,elapsed_seconds,919,1.38187492598081
derpp,slowheat_none,elapsed_seconds,1223,1.3082919780281372
derpp,slowheat_none,elapsed_seconds,1523,1.2321415599726606
derpp,slowheat_none,elapsed_seconds,1823,1.185566694010049
derpp,slowheat_none,elapsed_seconds,2129,1.3825304419733584
derpp,slowheat_none,elapsed_seconds,2423,1.0682357059849892
derpp,slowheat_none,elapsed_seconds,2729,1.1958071010012645
derpp,slowheat_none,elapsed_seconds,3037,1.198197927995352
derpp,slowheat_none,learner_examples_processed,311,-40960.0
derpp,slowheat_none,learner_examples_processed,617,-40960.0
derpp,slowheat_none,learner_examples_processed,919,-40960.0
derpp,slowheat_none,learner_examples_processed,1223,-40960.0
derpp,slowheat_none,learner_examples_processed,1523,-40960.0
derpp,slowheat_none,learner_examples_processed,1823,-40960.0
derpp,slowheat_none,learner_examples_processed,2129,-40960.0
derpp,slowheat_none,learner_examples_processed,2423,-40960.0
derpp,slowheat_none,learner_examples_processed,2729,-40960.0
derpp,slowheat_none,learner_examples_processed,3037,-40960.0
derpp,slowheat_none,total_model_examples_processed,311,-40960.0
derpp,slowheat_none,total_model_examples_processed,617,-40960.0
derpp,slowheat_none,total_model_examples_processed,919,-40960.0
derpp,slowheat_none,total_model_examples_processed,1223,-40960.0
derpp,slowheat_none,total_model_examples_processed,1523,-40960.0
derpp,slowheat_none,total_model_examples_processed,1823,-40960.0
derpp,slowheat_none,total_model_examples_processed,2129,-40960.0
derpp,slowheat_none,total_model_examples_processed,2423,-40960.0
derpp,slowheat_none,total_model_examples_processed,2729,-40960.0
derpp,slowheat_none,total_model_examples_processed,3037,-40960.0
derpp,slowheat_none,estimated_total_flops,311,-57343152320.0
derpp,slowheat_none,estimated_total_flops,617,-57343152320.0
derpp,slowheat_none,estimated_total_flops,919,-57343152320.0
derpp,slowheat_none,estimated_total_flops,1223,-57343152320.0
derpp,slowheat_none,estimated_total_flops,1523,-57343152320.0
derpp,slowheat_none,estimated_total_flops,1823,-57343152320.0
derpp,slowheat_none,estimated_total_flops,2129,-57343152320.0
derpp,slowheat_none,estimated_total_flops,2423,-57343152320.0
derpp,slowheat_none,estimated_total_flops,2729,-57343152320.0
derpp,slowheat_none,estimated_total_flops,3037,-57343152320.0
derpp,slowheat_none,estimated_overhead_flops,311,349499200.0
derpp,slowheat_none,estimated_overhead_flops,617,349499200.0
derpp,slowheat_none,estimated_overhead_flops,919,349499200.0
derpp,slowheat_none,estimated_overhead_flops,1223,349499200.0
derpp,slowheat_none,estimated_overhead_flops,1523,349499200.0
derpp,slowheat_none,estimated_overhead_flops,1823,349499200.0
derpp,slowheat_none,estimated_overhead_flops,2129,349499200.0
derpp,slowheat_none,estimated_overhead_flops,2423,349499200.0
derpp,slowheat_none,estimated_overhead_flops,2729,349499200.0
derpp,slowheat_none,estimated_overhead_flops,3037,349499200.0
derpp,slowheat_none,replay_memory_bytes,311,-628800.0
derpp,slowheat_none,replay_memory_bytes,617,-628800.0
derpp,slowheat_none,replay_memory_bytes,919,-628800.0
derpp,slowheat_none,replay_memory_bytes,1223,-628800.0
derpp,slowheat_none,replay_memory_bytes,1523,-628800.0
derpp,slowheat_none,replay_memory_bytes,1823,-628800.0
derpp,slowheat_none,replay_memory_bytes,2129,-628800.0
derpp,slowheat_none,replay_memory_bytes,2423,-628800.0
derpp,slowheat_none,replay_memory_bytes,2729,-628800.0
derpp,slowheat_none,replay_memory_bytes,3037,-628800.0
derpp,slowheat_none,stored_logits_bytes,311,-8000.0
derpp,slowheat_none,stored_logits_bytes,617,-8000.0
derpp,slowheat_none,stored_logits_bytes,919,-8000.0
derpp,slowheat_none,stored_logits_bytes,1223,-8000.0
derpp,slowheat_none,stored_logits_bytes,1523,-8000.0
derpp,slowheat_none,stored_logits_bytes,1823,-8000.0
derpp,slowheat_none,stored_logits_bytes,2129,-8000.0
derpp,slowheat_none,stored_logits_bytes,2423,-8000.0
derpp,slowheat_none,stored_logits_bytes,2729,-8000.0
derpp,slowheat_none,stored_logits_bytes,3037,-8000.0
derpp,hard_freeze,final_average_accuracy,311,-0.6344
derpp,hard_freeze,final_average_accuracy,617,-0.6064
derpp,hard_freeze,final_average_accuracy,919,-0.6448
derpp,hard_freeze,final_average_accuracy,1223,-0.611
derpp,hard_freeze,final_average_accuracy,1523,-0.6228
derpp,hard_freeze,final_average_accuracy,1823,-0.6447999999999999
derpp,hard_freeze,final_average_accuracy,2129,-0.6372000000000001
derpp,hard_freeze,final_average_accuracy,2423,-0.626
derpp,hard_freeze,final_average_accuracy,2729,-0.6355999999999999
derpp,hard_freeze,final_average_accuracy,3037,-0.629
derpp,hard_freeze,average_forgetting,311,0.78775
derpp,hard_freeze,average_forgetting,617,0.7474999999999999
derpp,hard_freeze,average_forgetting,919,0.8005
derpp,hard_freeze,average_forgetting,1223,0.757
derpp,hard_freeze,average_forgetting,1523,0.77075
derpp,hard_freeze,average_forgetting,1823,0.80175
derpp,hard_freeze,average_forgetting,2129,0.7905
derpp,hard_freeze,average_forgetting,2423,0.7715000000000001
derpp,hard_freeze,average_forgetting,2729,0.7787499999999999
derpp,hard_freeze,average_forgetting,3037,0.7845
derpp,hard_freeze,backward_transfer,311,-0.78775
derpp,hard_freeze,backward_transfer,617,-0.7474999999999999
derpp,hard_freeze,backward_transfer,919,-0.8005
derpp,hard_freeze,backward_transfer,1223,-0.757
derpp,hard_freeze,backward_transfer,1523,-0.77075
derpp,hard_freeze,backward_transfer,1823,-0.80175
derpp,hard_freeze,backward_transfer,2129,-0.7905
derpp,hard_freeze,backward_transfer,2423,-0.7715000000000001
derpp,hard_freeze,backward_transfer,2729,-0.7787499999999999
derpp,hard_freeze,backward_transfer,3037,-0.7845
derpp,hard_freeze,forward_transfer,311,0.0
derpp,hard_freeze,forward_transfer,617,-0.0022500000000000298
derpp,hard_freeze,forward_transfer,919,0.0
derpp,hard_freeze,forward_transfer,1223,0.0
derpp,hard_freeze,forward_transfer,1523,0.0
derpp,hard_freeze,forward_transfer,1823,0.0
derpp,hard_freeze,forward_transfer,2129,0.0
derpp,hard_freeze,forward_transfer,2423,-0.00024999999999997247
derpp,hard_freeze,forward_transfer,2729,0.0
derpp,hard_freeze,forward_transfer,3037,0.0
derpp,hard_freeze,task_aware_final_accuracy,311,-0.2398
derpp,hard_freeze,task_aware_final_accuracy,617,-0.21119999999999994
derpp,hard_freeze,task_aware_final_accuracy,919,-0.17980000000000018
derpp,hard_freeze,task_aware_final_accuracy,1223,-0.16059999999999985
derpp,hard_freeze,task_aware_final_accuracy,1523,-0.10479999999999978
derpp,hard_freeze,task_aware_final_accuracy,1823,-0.20460000000000012
derpp,hard_freeze,task_aware_final_accuracy,2129,-0.3002
derpp,hard_freeze,task_aware_final_accuracy,2423,-0.16379999999999995
derpp,hard_freeze,task_aware_final_accuracy,2729,-0.2859999999999999
derpp,hard_freeze,task_aware_final_accuracy,3037,-0.1452
derpp,hard_freeze,task_aware_forgetting,311,0.2865
derpp,hard_freeze,task_aware_forgetting,617,0.24974999999999997
derpp,hard_freeze,task_aware_forgetting,919,0.21249999999999997
derpp,hard_freeze,task_aware_forgetting,1223,0.18974999999999997
derpp,hard_freeze,task_aware_forgetting,1523,0.11649999999999999
derpp,hard_freeze,task_aware_forgetting,1823,0.24549999999999997
derpp,hard_freeze,task_aware_forgetting,2129,0.362
derpp,hard_freeze,task_aware_forgetting,2423,0.18899999999999997
derpp,hard_freeze,task_aware_forgetting,2729,0.33799999999999997
derpp,hard_freeze,task_aware_forgetting,3037,0.17325
derpp,hard_freeze,classifier_gap,311,0.39459999999999995
derpp,hard_freeze,classifier_gap,617,0.3952000000000001
derpp,hard_freeze,classifier_gap,919,0.46499999999999986
derpp,hard_freeze,classifier_gap,1223,0.45040000000000013
derpp,hard_freeze,classifier_gap,1523,0.5180000000000002
derpp,hard_freeze,classifier_gap,1823,0.4401999999999998
derpp,hard_freeze,classifier_gap,2129,0.3370000000000001
derpp,hard_freeze,classifier_gap,2423,0.46220000000000006
derpp,hard_freeze,classifier_gap,2729,0.34960000000000013
derpp,hard_freeze,classifier_gap,3037,0.4838
derpp,hard_freeze,elapsed_seconds,311,1.1359307839593384
derpp,hard_freeze,elapsed_seconds,617,1.1057259639783297
derpp,hard_freeze,elapsed_seconds,919,1.2542705909872893
derpp,hard_freeze,elapsed_seconds,1223,1.163801084010629
derpp,hard_freeze,elapsed_seconds,1523,1.1535886460042093
derpp,hard_freeze,elapsed_seconds,1823,1.0601051690173335
derpp,hard_freeze,elapsed_seconds,2129,1.2547983000113163
derpp,hard_freeze,elapsed_seconds,2423,0.9393331839819439
derpp,hard_freeze,elapsed_seconds,2729,1.09472070200718
derpp,hard_freeze,elapsed_seconds,3037,1.1021829579840414
derpp,hard_freeze,learner_examples_processed,311,-40960.0
derpp,hard_freeze,learner_examples_processed,617,-40960.0
derpp,hard_freeze,learner_examples_processed,919,-40960.0
derpp,hard_freeze,learner_examples_processed,1223,-40960.0
derpp,hard_freeze,learner_examples_processed,1523,-40960.0
derpp,hard_freeze,learner_examples_processed,1823,-40960.0
derpp,hard_freeze,learner_examples_processed,2129,-40960.0
derpp,hard_freeze,learner_examples_processed,2423,-40960.0
derpp,hard_freeze,learner_examples_processed,2729,-40960.0
derpp,hard_freeze,learner_examples_processed,3037,-40960.0
derpp,hard_freeze,total_model_examples_processed,311,-40960.0
derpp,hard_freeze,total_model_examples_processed,617,-40960.0
derpp,hard_freeze,total_model_examples_processed,919,-40960.0
derpp,hard_freeze,total_model_examples_processed,1223,-40960.0
derpp,hard_freeze,total_model_examples_processed,1523,-40960.0
derpp,hard_freeze,total_model_examples_processed,1823,-40960.0
derpp,hard_freeze,total_model_examples_processed,2129,-40960.0
derpp,hard_freeze,total_model_examples_processed,2423,-40960.0
derpp,hard_freeze,total_model_examples_processed,2729,-40960.0
derpp,hard_freeze,total_model_examples_processed,3037,-40960.0
derpp,hard_freeze,estimated_total_flops,311,-57343137400.0
derpp,hard_freeze,estimated_total_flops,617,-57343137400.0
derpp,hard_freeze,estimated_total_flops,919,-57343137400.0
derpp,hard_freeze,estimated_total_flops,1223,-57343137400.0
derpp,hard_freeze,estimated_total_flops,1523,-57343137400.0
derpp,hard_freeze,estimated_total_flops,1823,-57343137400.0
derpp,hard_freeze,estimated_total_flops,2129,-57343137400.0
derpp,hard_freeze,estimated_total_flops,2423,-57343137400.0
derpp,hard_freeze,estimated_total_flops,2729,-57343137400.0
derpp,hard_freeze,estimated_total_flops,3037,-57343137400.0
derpp,hard_freeze,estimated_overhead_flops,311,349514120.0
derpp,hard_freeze,estimated_overhead_flops,617,349514120.0
derpp,hard_freeze,estimated_overhead_flops,919,349514120.0
derpp,hard_freeze,estimated_overhead_flops,1223,349514120.0
derpp,hard_freeze,estimated_overhead_flops,1523,349514120.0
derpp,hard_freeze,estimated_overhead_flops,1823,349514120.0
derpp,hard_freeze,estimated_overhead_flops,2129,349514120.0
derpp,hard_freeze,estimated_overhead_flops,2423,349514120.0
derpp,hard_freeze,estimated_overhead_flops,2729,349514120.0
derpp,hard_freeze,estimated_overhead_flops,3037,349514120.0
derpp,hard_freeze,replay_memory_bytes,311,-628800.0
derpp,hard_freeze,replay_memory_bytes,617,-628800.0
derpp,hard_freeze,replay_memory_bytes,919,-628800.0
derpp,hard_freeze,replay_memory_bytes,1223,-628800.0
derpp,hard_freeze,replay_memory_bytes,1523,-628800.0
derpp,hard_freeze,replay_memory_bytes,1823,-628800.0
derpp,hard_freeze,replay_memory_bytes,2129,-628800.0
derpp,hard_freeze,replay_memory_bytes,2423,-628800.0
derpp,hard_freeze,replay_memory_bytes,2729,-628800.0
derpp,hard_freeze,replay_memory_bytes,3037,-628800.0
derpp,hard_freeze,stored_logits_bytes,311,-8000.0
derpp,hard_freeze,stored_logits_bytes,617,-8000.0
derpp,hard_freeze,stored_logits_bytes,919,-8000.0
derpp,hard_freeze,stored_logits_bytes,1223,-8000.0
derpp,hard_freeze,stored_logits_bytes,1523,-8000.0
derpp,hard_freeze,stored_logits_bytes,1823,-8000.0
derpp,hard_freeze,stored_logits_bytes,2129,-8000.0
derpp,hard_freeze,stored_logits_bytes,2423,-8000.0
derpp,hard_freeze,stored_logits_bytes,2729,-8000.0
derpp,hard_freeze,stored_logits_bytes,3037,-8000.0
derpp,replay,final_average_accuracy,311,-0.07120000000000004
derpp,replay,final_average_accuracy,617,-0.03480000000000005
derpp,replay,final_average_accuracy,919,-0.08240000000000003
derpp,replay,final_average_accuracy,1223,-0.05279999999999996
derpp,replay,final_average_accuracy,1523,-0.05579999999999996
derpp,replay,final_average_accuracy,1823,-0.08239999999999992
derpp,replay,final_average_accuracy,2129,-0.06480000000000019
derpp,replay,final_average_accuracy,2423,-0.08079999999999998
derpp,replay,final_average_accuracy,2729,-0.0696
derpp,replay,final_average_accuracy,3037,-0.0613999999999999
derpp,replay,average_forgetting,311,0.08975
derpp,replay,average_forgetting,617,0.04150000000000001
derpp,replay,average_forgetting,919,0.10425000000000001
derpp,replay,average_forgetting,1223,0.06700000000000003
derpp,replay,average_forgetting,1523,0.07074999999999992
derpp,replay,average_forgetting,1823,0.10400000000000006
derpp,replay,average_forgetting,2129,0.08249999999999999
derpp,replay,average_forgetting,2423,0.10374999999999995
derpp,replay,average_forgetting,2729,0.08524999999999996
derpp,replay,average_forgetting,3037,0.07950000000000002
derpp,replay,backward_transfer,311,-0.08975
derpp,replay,backward_transfer,617,-0.04150000000000001
derpp,replay,backward_transfer,919,-0.10425000000000001
derpp,replay,backward_transfer,1223,-0.06700000000000003
derpp,replay,backward_transfer,1523,-0.07074999999999992
derpp,replay,backward_transfer,1823,-0.10400000000000006
derpp,replay,backward_transfer,2129,-0.08249999999999999
derpp,replay,backward_transfer,2423,-0.10374999999999995
derpp,replay,backward_transfer,2729,-0.08524999999999996
derpp,replay,backward_transfer,3037,-0.07950000000000002
derpp,replay,forward_transfer,311,0.0
derpp,replay,forward_transfer,617,-0.0020000000000000018
derpp,replay,forward_transfer,919,0.0007500000000000007
derpp,replay,forward_transfer,1223,0.0005000000000000004
derpp,replay,forward_transfer,1523,0.0017500000000000016
derpp,replay,forward_transfer,1823,0.0
derpp,replay,forward_transfer,2129,0.0007500000000000007
derpp,replay,forward_transfer,2423,-0.00024999999999997247
derpp,replay,forward_transfer,2729,0.0
derpp,replay,forward_transfer,3037,0.008250000000000004
derpp,replay,task_aware_final_accuracy,311,-0.0006000000000000449
derpp,replay,task_aware_final_accuracy,617,-0.006999999999999784
derpp,replay,task_aware_final_accuracy,919,-0.002000000000000113
derpp,replay,task_aware_final_accuracy,1223,-0.0028000000000000247
derpp,replay,task_aware_final_accuracy,1523,-0.0013999999999999568
derpp,replay,task_aware_final_accuracy,1823,-0.0014000000000001789
derpp,replay,task_aware_final_accuracy,2129,-0.0038000000000000256
derpp,replay,task_aware_final_accuracy,2423,0.006199999999999983
derpp,replay,task_aware_final_accuracy,2729,-0.0007999999999999119
derpp,replay,task_aware_final_accuracy,3037,-0.0007999999999999119
derpp,replay,task_aware_forgetting,311,-0.0005000000000000004
derpp,replay,task_aware_forgetting,617,0.00824999999999998
derpp,replay,task_aware_forgetting,919,0.0020000000000000018
derpp,replay,task_aware_forgetting,1223,0.004500000000000004
derpp,replay,task_aware_forgetting,1523,0.0010000000000000009
derpp,replay,task_aware_forgetting,1823,0.0007500000000000007
derpp,replay,task_aware_forgetting,2129,0.004500000000000004
derpp,replay,task_aware_forgetting,2423,-0.006000000000000005
derpp,replay,task_aware_forgetting,2729,0.0005000000000000004
derpp,replay,task_aware_forgetting,3037,0.0017500000000000016
derpp,replay,classifier_gap,311,0.0706
derpp,replay,classifier_gap,617,0.02780000000000027
derpp,replay,classifier_gap,919,0.08039999999999992
derpp,replay,classifier_gap,1223,0.04999999999999993
derpp,replay,classifier_gap,1523,0.054400000000000004
derpp,replay,classifier_gap,1823,0.08099999999999974
derpp,replay,classifier_gap,2129,0.061000000000000165
derpp,replay,classifier_gap,2423,0.08699999999999997
derpp,replay,classifier_gap,2729,0.06880000000000008
derpp,replay,classifier_gap,3037,0.06059999999999999
derpp,replay,elapsed_seconds,311,-0.11633763500140049
derpp,replay,elapsed_seconds,617,-0.17716445500263944
derpp,replay,elapsed_seconds,919,-0.10179197799880058
derpp,replay,elapsed_seconds,1223,-0.1593356179946568
derpp,replay,elapsed_seconds,1523,-0.17079495399957523
derpp,replay,elapsed_seconds,1823,-0.3471999439643696
derpp,replay,elapsed_seconds,2129,-0.12003460101550445
derpp,replay,elapsed_seconds,2423,-0.41645403701113537
derpp,replay,elapsed_seconds,2729,-0.135791908018291
derpp,replay,elapsed_seconds,3037,-0.22918479502550326
derpp,replay,learner_examples_processed,311,0.0
derpp,replay,learner_examples_processed,617,0.0
derpp,replay,learner_examples_processed,919,0.0
derpp,replay,learner_examples_processed,1223,0.0
derpp,replay,learner_examples_processed,1523,0.0
derpp,replay,learner_examples_processed,1823,0.0
derpp,replay,learner_examples_processed,2129,0.0
derpp,replay,learner_examples_processed,2423,0.0
derpp,replay,learner_examples_processed,2729,0.0
derpp,replay,learner_examples_processed,3037,0.0
derpp,replay,total_model_examples_processed,311,0.0
derpp,replay,total_model_examples_processed,617,0.0
derpp,replay,total_model_examples_processed,919,0.0
derpp,replay,total_model_examples_processed,1223,0.0
derpp,replay,total_model_examples_processed,1523,0.0
derpp,replay,total_model_examples_processed,1823,0.0
derpp,replay,total_model_examples_processed,2129,0.0
derpp,replay,total_model_examples_processed,2423,0.0
derpp,replay,total_model_examples_processed,2729,0.0
derpp,replay,total_model_examples_processed,3037,0.0
derpp,replay,estimated_total_flops,311,0.0
derpp,replay,estimated_total_flops,617,0.0
derpp,replay,estimated_total_flops,919,0.0
derpp,replay,estimated_total_flops,1223,0.0
derpp,replay,estimated_total_flops,1523,0.0
derpp,replay,estimated_total_flops,1823,0.0
derpp,replay,estimated_total_flops,2129,0.0
derpp,replay,estimated_total_flops,2423,0.0
derpp,replay,estimated_total_flops,2729,0.0
derpp,replay,estimated_total_flops,3037,0.0
derpp,replay,estimated_overhead_flops,311,0.0
derpp,replay,estimated_overhead_flops,617,0.0
derpp,replay,estimated_overhead_flops,919,0.0
derpp,replay,estimated_overhead_flops,1223,0.0
derpp,replay,estimated_overhead_flops,1523,0.0
derpp,replay,estimated_overhead_flops,1823,0.0
derpp,replay,estimated_overhead_flops,2129,0.0
derpp,replay,estimated_overhead_flops,2423,0.0
derpp,replay,estimated_overhead_flops,2729,0.0
derpp,replay,estimated_overhead_flops,3037,0.0
derpp,replay,replay_memory_bytes,311,0.0
derpp,replay,replay_memory_bytes,617,0.0
derpp,replay,replay_memory_bytes,919,0.0
derpp,replay,replay_memory_bytes,1223,0.0
derpp,replay,replay_memory_bytes,1523,0.0
derpp,replay,replay_memory_bytes,1823,0.0
derpp,replay,replay_memory_bytes,2129,0.0
derpp,replay,replay_memory_bytes,2423,0.0
derpp,replay,replay_memory_bytes,2729,0.0
derpp,replay,replay_memory_bytes,3037,0.0
derpp,replay,stored_logits_bytes,311,-8000.0
derpp,replay,stored_logits_bytes,617,-8000.0
derpp,replay,stored_logits_bytes,919,-8000.0
derpp,replay,stored_logits_bytes,1223,-8000.0
derpp,replay,stored_logits_bytes,1523,-8000.0
derpp,replay,stored_logits_bytes,1823,-8000.0
derpp,replay,stored_logits_bytes,2129,-8000.0
derpp,replay,stored_logits_bytes,2423,-8000.0
derpp,replay,stored_logits_bytes,2729,-8000.0
derpp,replay,stored_logits_bytes,3037,-8000.0
derpp,distillation,final_average_accuracy,311,-0.6315999999999999
derpp,distillation,final_average_accuracy,617,-0.6300000000000001
derpp,distillation,final_average_accuracy,919,-0.6408
derpp,distillation,final_average_accuracy,1223,-0.6072
derpp,distillation,final_average_accuracy,1523,-0.6178
derpp,distillation,final_average_accuracy,1823,-0.6426
derpp,distillation,final_average_accuracy,2129,-0.6340000000000001
derpp,distillation,final_average_accuracy,2423,-0.622
derpp,distillation,final_average_accuracy,2729,-0.6292
derpp,distillation,final_average_accuracy,3037,-0.6348
derpp,distillation,average_forgetting,311,0.79
derpp,distillation,average_forgetting,617,0.7905
derpp,distillation,average_forgetting,919,0.806
derpp,distillation,average_forgetting,1223,0.7625
derpp,distillation,average_forgetting,1523,0.7762500000000001
derpp,distillation,average_forgetting,1823,0.80625
derpp,distillation,average_forgetting,2129,0.79575
derpp,distillation,average_forgetting,2423,0.7822499999999999
derpp,distillation,average_forgetting,2729,0.788
derpp,distillation,average_forgetting,3037,0.7987500000000001
derpp,distillation,backward_transfer,311,-0.79
derpp,distillation,backward_transfer,617,-0.7905
derpp,distillation,backward_transfer,919,-0.806
derpp,distillation,backward_transfer,1223,-0.7625
derpp,distillation,backward_transfer,1523,-0.7762500000000001
derpp,distillation,backward_transfer,1823,-0.80625
derpp,distillation,backward_transfer,2129,-0.79575
derpp,distillation,backward_transfer,2423,-0.7822499999999999
derpp,distillation,backward_transfer,2729,-0.788
derpp,distillation,backward_transfer,3037,-0.7987500000000001
derpp,distillation,forward_transfer,311,0.0
derpp,distillation,forward_transfer,617,-0.0022500000000000298
derpp,distillation,forward_transfer,919,0.0
derpp,distillation,forward_transfer,1223,0.0
derpp,distillation,forward_transfer,1523,0.0
derpp,distillation,forward_transfer,1823,0.0
derpp,distillation,forward_transfer,2129,0.0
derpp,distillation,forward_transfer,2423,-0.00024999999999997247
derpp,distillation,forward_transfer,2729,0.0
derpp,distillation,forward_transfer,3037,0.0
derpp,distillation,task_aware_final_accuracy,311,-0.09620000000000006
derpp,distillation,task_aware_final_accuracy,617,-0.08979999999999988
derpp,distillation,task_aware_final_accuracy,919,-0.07420000000000004
derpp,distillation,task_aware_final_accuracy,1223,-0.12739999999999996
derpp,distillation,task_aware_final_accuracy,1523,-0.14359999999999984
derpp,distillation,task_aware_final_accuracy,1823,-0.13040000000000007
derpp,distillation,task_aware_final_accuracy,2129,-0.10939999999999994
derpp,distillation,task_aware_final_accuracy,2423,-0.07680000000000009
derpp,distillation,task_aware_final_accuracy,2729,-0.11399999999999988
derpp,distillation,task_aware_final_accuracy,3037,-0.10940000000000016
derpp,distillation,task_aware_forgetting,311,0.11324999999999999
derpp,distillation,task_aware_forgetting,617,0.11149999999999999
derpp,distillation,task_aware_forgetting,919,0.091
derpp,distillation,task_aware_forgetting,1223,0.15849999999999997
derpp,distillation,task_aware_forgetting,1523,0.17674999999999996
derpp,distillation,task_aware_forgetting,1823,0.1605
derpp,distillation,task_aware_forgetting,2129,0.13275
derpp,distillation,task_aware_forgetting,2423,0.09599999999999997
derpp,distillation,task_aware_forgetting,2729,0.14024999999999999
derpp,distillation,task_aware_forgetting,3037,0.1355
derpp,distillation,classifier_gap,311,0.5353999999999999
derpp,distillation,classifier_gap,617,0.5402000000000002
derpp,distillation,classifier_gap,919,0.5666
derpp,distillation,classifier_gap,1223,0.4798
derpp,distillation,classifier_gap,1523,0.4742000000000002
derpp,distillation,classifier_gap,1823,0.5121999999999999
derpp,distillation,classifier_gap,2129,0.5246000000000001
derpp,distillation,classifier_gap,2423,0.5451999999999999
derpp,distillation,classifier_gap,2729,0.5152000000000001
derpp,distillation,classifier_gap,3037,0.5253999999999998
derpp,distillation,elapsed_seconds,311,-0.4066299920086749
derpp,distillation,elapsed_seconds,617,-0.4440121990046464
derpp,distillation,elapsed_seconds,919,-0.37825490001705475
derpp,distillation,elapsed_seconds,1223,-0.4208754579885863
derpp,distillation,elapsed_seconds,1523,-0.42167212400818244
derpp,distillation,elapsed_seconds,1823,-0.5340652980084997
derpp,distillation,elapsed_seconds,2129,-0.312214120029239
derpp,distillation,elapsed_seconds,2423,-0.6911661680205725
derpp,distillation,elapsed_seconds,2729,-0.4711794510076288
derpp,distillation,elapsed_seconds,3037,-0.4925218110147398
derpp,distillation,learner_examples_processed,311,-40960.0
derpp,distillation,learner_examples_processed,617,-40960.0
derpp,distillation,learner_examples_processed,919,-40960.0
derpp,distillation,learner_examples_processed,1223,-40960.0
derpp,distillation,learner_examples_processed,1523,-40960.0
derpp,distillation,learner_examples_processed,1823,-40960.0
derpp,distillation,learner_examples_processed,2129,-40960.0
derpp,distillation,learner_examples_processed,2423,-40960.0
derpp,distillation,learner_examples_processed,2729,-40960.0
derpp,distillation,learner_examples_processed,3037,-40960.0
derpp,distillation,total_model_examples_processed,311,40960.0
derpp,distillation,total_model_examples_processed,617,40960.0
derpp,distillation,total_model_examples_processed,919,40960.0
derpp,distillation,total_model_examples_processed,1223,40960.0
derpp,distillation,total_model_examples_processed,1523,40960.0
derpp,distillation,total_model_examples_processed,1823,40960.0
derpp,distillation,total_model_examples_processed,2129,40960.0
derpp,distillation,total_model_examples_processed,2423,40960.0
derpp,distillation,total_model_examples_processed,2729,40960.0
derpp,distillation,total_model_examples_processed,3037,40960.0
derpp,distillation,estimated_total_flops,311,-19230883840.0
derpp,distillation,estimated_total_flops,617,-19230883840.0
derpp,distillation,estimated_total_flops,919,-19230883840.0
derpp,distillation,estimated_total_flops,1223,-19230883840.0
derpp,distillation,estimated_total_flops,1523,-19230883840.0
derpp,distillation,estimated_total_flops,1823,-19230883840.0
derpp,distillation,estimated_total_flops,2129,-19230883840.0
derpp,distillation,estimated_total_flops,2423,-19230883840.0
derpp,distillation,estimated_total_flops,2729,-19230883840.0
derpp,distillation,estimated_total_flops,3037,-19230883840.0
derpp,distillation,estimated_overhead_flops,311,0.0
derpp,distillation,estimated_overhead_flops,617,0.0
derpp,distillation,estimated_overhead_flops,919,0.0
derpp,distillation,estimated_overhead_flops,1223,0.0
derpp,distillation,estimated_overhead_flops,1523,0.0
derpp,distillation,estimated_overhead_flops,1823,0.0
derpp,distillation,estimated_overhead_flops,2129,0.0
derpp,distillation,estimated_overhead_flops,2423,0.0
derpp,distillation,estimated_overhead_flops,2729,0.0
derpp,distillation,estimated_overhead_flops,3037,0.0
derpp,distillation,replay_memory_bytes,311,-628800.0
derpp,distillation,replay_memory_bytes,617,-628800.0
derpp,distillation,replay_memory_bytes,919,-628800.0
derpp,distillation,replay_memory_bytes,1223,-628800.0
derpp,distillation,replay_memory_bytes,1523,-628800.0
derpp,distillation,replay_memory_bytes,1823,-628800.0
derpp,distillation,replay_memory_bytes,2129,-628800.0
derpp,distillation,replay_memory_bytes,2423,-628800.0
derpp,distillation,replay_memory_bytes,2729,-628800.0
derpp,distillation,replay_memory_bytes,3037,-628800.0
derpp,distillation,stored_logits_bytes,311,-8000.0
derpp,distillation,stored_logits_bytes,617,-8000.0
derpp,distillation,stored_logits_bytes,919,-8000.0
derpp,distillation,stored_logits_bytes,1223,-8000.0
derpp,distillation,stored_logits_bytes,1523,-8000.0
derpp,distillation,stored_logits_bytes,1823,-8000.0
derpp,distillation,stored_logits_bytes,2129,-8000.0
derpp,distillation,stored_logits_bytes,2423,-8000.0
derpp,distillation,stored_logits_bytes,2729,-8000.0
derpp,distillation,stored_logits_bytes,3037,-8000.0
derpp,slowheat_replay,final_average_accuracy,311,-0.056599999999999984
derpp,slowheat_replay,final_average_accuracy,617,-0.044400000000000106
derpp,slowheat_replay,final_average_accuracy,919,-0.06659999999999999
derpp,slowheat_replay,final_average_accuracy,1223,-0.05799999999999994
derpp,slowheat_replay,final_average_accuracy,1523,-0.06999999999999995
derpp,slowheat_replay,final_average_accuracy,1823,-0.07640000000000002
derpp,slowheat_replay,final_average_accuracy,2129,-0.042400000000000104
derpp,slowheat_replay,final_average_accuracy,2423,-0.054200000000000026
derpp,slowheat_replay,final_average_accuracy,2729,-0.05819999999999992
derpp,slowheat_replay,final_average_accuracy,3037,-0.06420000000000003
derpp,slowheat_replay,average_forgetting,311,0.06174999999999997
derpp,slowheat_replay,average_forgetting,617,0.050250000000000045
derpp,slowheat_replay,average_forgetting,919,0.07700000000000001
derpp,slowheat_replay,average_forgetting,1223,0.06799999999999998
derpp,slowheat_replay,average_forgetting,1523,0.08174999999999993
derpp,slowheat_replay,average_forgetting,1823,0.09174999999999997
derpp,slowheat_replay,average_forgetting,2129,0.046500000000000014
derpp,slowheat_replay,average_forgetting,2423,0.063
derpp,slowheat_replay,average_forgetting,2729,0.06049999999999997
derpp,slowheat_replay,average_forgetting,3037,0.07649999999999996
derpp,slowheat_replay,backward_transfer,311,-0.06174999999999997
derpp,slowheat_replay,backward_transfer,617,-0.050250000000000045
derpp,slowheat_replay,backward_transfer,919,-0.07700000000000001
derpp,slowheat_replay,backward_transfer,1223,-0.06799999999999998
derpp,slowheat_replay,backward_transfer,1523,-0.08174999999999993
derpp,slowheat_replay,backward_transfer,1823,-0.09174999999999997
derpp,slowheat_replay,backward_transfer,2129,-0.046500000000000014
derpp,slowheat_replay,backward_transfer,2423,-0.063
derpp,slowheat_replay,backward_transfer,2729,-0.06049999999999997
derpp,slowheat_replay,backward_transfer,3037,-0.07649999999999996
derpp,slowheat_replay,forward_transfer,311,0.0
derpp,slowheat_replay,forward_transfer,617,0.006750000000000006
derpp,slowheat_replay,forward_transfer,919,0.0002500000000000002
derpp,slowheat_replay,forward_transfer,1223,0.0
derpp,slowheat_replay,forward_transfer,1523,0.0
derpp,slowheat_replay,forward_transfer,1823,0.0030000000000000027
derpp,slowheat_replay,forward_transfer,2129,0.0
derpp,slowheat_replay,forward_transfer,2423,-0.00024999999999997247
derpp,slowheat_replay,forward_transfer,2729,0.0
derpp,slowheat_replay,forward_transfer,3037,0.005500000000000001
derpp,slowheat_replay,task_aware_final_accuracy,311,-0.0022000000000000908
derpp,slowheat_replay,task_aware_final_accuracy,617,-0.008799999999999919
derpp,slowheat_replay,task_aware_final_accuracy,919,-0.0014000000000000679
derpp,slowheat_replay,task_aware_final_accuracy,1223,-0.0043999999999998485
derpp,slowheat_replay,task_aware_final_accuracy,1523,-0.0045999999999999375
derpp,slowheat_replay,task_aware_final_accuracy,1823,-0.00560000000000016
derpp,slowheat_replay,task_aware_final_accuracy,2129,-0.0044000000000000705
derpp,slowheat_replay,task_aware_final_accuracy,2423,0.004799999999999804
derpp,slowheat_replay,task_aware_final_accuracy,2729,-0.0033999999999998476
derpp,slowheat_replay,task_aware_final_accuracy,3037,-0.0036000000000000476
derpp,slowheat_replay,task_aware_forgetting,311,-0.0050000000000000044
derpp,slowheat_replay,task_aware_forgetting,617,0.00924999999999998
derpp,slowheat_replay,task_aware_forgetting,919,-0.002250000000000002
derpp,slowheat_replay,task_aware_forgetting,1223,0.0007500000000000007
derpp,slowheat_replay,task_aware_forgetting,1523,-0.0002500000000000002
derpp,slowheat_replay,task_aware_forgetting,1823,0.003250000000000003
derpp,slowheat_replay,task_aware_forgetting,2129,-0.0010000000000000009
derpp,slowheat_replay,task_aware_forgetting,2423,-0.008500000000000008
derpp,slowheat_replay,task_aware_forgetting,2729,-0.0027500000000000024
derpp,slowheat_replay,task_aware_forgetting,3037,0.0020000000000000018
derpp,slowheat_replay,classifier_gap,311,0.05439999999999989
derpp,slowheat_replay,classifier_gap,617,0.03560000000000019
derpp,slowheat_replay,classifier_gap,919,0.06519999999999992
derpp,slowheat_replay,classifier_gap,1223,0.05360000000000009
derpp,slowheat_replay,classifier_gap,1523,0.06540000000000001
derpp,slowheat_replay,classifier_gap,1823,0.07079999999999986
derpp,slowheat_replay,classifier_gap,2129,0.038000000000000034
derpp,slowheat_replay,classifier_gap,2423,0.05899999999999983
derpp,slowheat_replay,classifier_gap,2729,0.05480000000000007
derpp,slowheat_replay,classifier_gap,3037,0.06059999999999999
derpp,slowheat_replay,elapsed_seconds,311,2.1332764769904315
derpp,slowheat_replay,elapsed_seconds,617,2.19665396399796
derpp,slowheat_replay,elapsed_seconds,919,2.090847843006486
derpp,slowheat_replay,elapsed_seconds,1223,2.2020428130053915
derpp,slowheat_replay,elapsed_seconds,1523,2.1956306239881087
derpp,slowheat_replay,elapsed_seconds,1823,2.122530104999896
derpp,slowheat_replay,elapsed_seconds,2129,2.3412434909841977
derpp,slowheat_replay,elapsed_seconds,2423,1.7715581649972592
derpp,slowheat_replay,elapsed_seconds,2729,2.1521988259919453
derpp,slowheat_replay,elapsed_seconds,3037,2.1736826009873766
derpp,slowheat_replay,learner_examples_processed,311,0.0
derpp,slowheat_replay,learner_examples_processed,617,0.0
derpp,slowheat_replay,learner_examples_processed,919,0.0
derpp,slowheat_replay,learner_examples_processed,1223,0.0
derpp,slowheat_replay,learner_examples_processed,1523,0.0
derpp,slowheat_replay,learner_examples_processed,1823,0.0
derpp,slowheat_replay,learner_examples_processed,2129,0.0
derpp,slowheat_replay,learner_examples_processed,2423,0.0
derpp,slowheat_replay,learner_examples_processed,2729,0.0
derpp,slowheat_replay,learner_examples_processed,3037,0.0
derpp,slowheat_replay,total_model_examples_processed,311,0.0
derpp,slowheat_replay,total_model_examples_processed,617,0.0
derpp,slowheat_replay,total_model_examples_processed,919,0.0
derpp,slowheat_replay,total_model_examples_processed,1223,0.0
derpp,slowheat_replay,total_model_examples_processed,1523,0.0
derpp,slowheat_replay,total_model_examples_processed,1823,0.0
derpp,slowheat_replay,total_model_examples_processed,2129,0.0
derpp,slowheat_replay,total_model_examples_processed,2423,0.0
derpp,slowheat_replay,total_model_examples_processed,2729,0.0
derpp,slowheat_replay,total_model_examples_processed,3037,0.0
derpp,slowheat_replay,estimated_total_flops,311,414067080.0
derpp,slowheat_replay,estimated_total_flops,617,414067080.0
derpp,slowheat_replay,estimated_total_flops,919,414067080.0
derpp,slowheat_replay,estimated_total_flops,1223,414067080.0
derpp,slowheat_replay,estimated_total_flops,1523,414067080.0
derpp,slowheat_replay,estimated_total_flops,1823,414067080.0
derpp,slowheat_replay,estimated_total_flops,2129,414067080.0
derpp,slowheat_replay,estimated_total_flops,2423,414067080.0
derpp,slowheat_replay,estimated_total_flops,2729,414067080.0
derpp,slowheat_replay,estimated_total_flops,3037,414067080.0
derpp,slowheat_replay,estimated_overhead_flops,311,414067080.0
derpp,slowheat_replay,estimated_overhead_flops,617,414067080.0
derpp,slowheat_replay,estimated_overhead_flops,919,414067080.0
derpp,slowheat_replay,estimated_overhead_flops,1223,414067080.0
derpp,slowheat_replay,estimated_overhead_flops,1523,414067080.0
derpp,slowheat_replay,estimated_overhead_flops,1823,414067080.0
derpp,slowheat_replay,estimated_overhead_flops,2129,414067080.0
derpp,slowheat_replay,estimated_overhead_flops,2423,414067080.0
derpp,slowheat_replay,estimated_overhead_flops,2729,414067080.0
derpp,slowheat_replay,estimated_overhead_flops,3037,414067080.0
derpp,slowheat_replay,replay_memory_bytes,311,0.0
derpp,slowheat_replay,replay_memory_bytes,617,0.0
derpp,slowheat_replay,replay_memory_bytes,919,0.0
derpp,slowheat_replay,replay_memory_bytes,1223,0.0
derpp,slowheat_replay,replay_memory_bytes,1523,0.0
derpp,slowheat_replay,replay_memory_bytes,1823,0.0
derpp,slowheat_replay,replay_memory_bytes,2129,0.0
derpp,slowheat_replay,replay_memory_bytes,2423,0.0
derpp,slowheat_replay,replay_memory_bytes,2729,0.0
derpp,slowheat_replay,replay_memory_bytes,3037,0.0
derpp,slowheat_replay,stored_logits_bytes,311,-8000.0
derpp,slowheat_replay,stored_logits_bytes,617,-8000.0
derpp,slowheat_replay,stored_logits_bytes,919,-8000.0
derpp,slowheat_replay,stored_logits_bytes,1223,-8000.0
derpp,slowheat_replay,stored_logits_bytes,1523,-8000.0
derpp,slowheat_replay,stored_logits_bytes,1823,-8000.0
derpp,slowheat_replay,stored_logits_bytes,2129,-8000.0
derpp,slowheat_replay,stored_logits_bytes,2423,-8000.0
derpp,slowheat_replay,stored_logits_bytes,2729,-8000.0
derpp,slowheat_replay,stored_logits_bytes,3037,-8000.0
derpp,slowheat_distillation,final_average_accuracy,311,-0.6348
derpp,slowheat_distillation,final_average_accuracy,617,-0.6388
derpp,slowheat_distillation,final_average_accuracy,919,-0.6422000000000001
derpp,slowheat_distillation,final_average_accuracy,1223,-0.6097999999999999
derpp,slowheat_distillation,final_average_accuracy,1523,-0.6202000000000001
derpp,slowheat_distillation,final_average_accuracy,1823,-0.6446
derpp,slowheat_distillation,final_average_accuracy,2129,-0.6372000000000001
derpp,slowheat_distillation,final_average_accuracy,2423,-0.6222
derpp,slowheat_distillation,final_average_accuracy,2729,-0.6335999999999999
derpp,slowheat_distillation,final_average_accuracy,3037,-0.6337999999999999
derpp,slowheat_distillation,average_forgetting,311,0.7894999999999999
derpp,slowheat_distillation,average_forgetting,617,0.788
derpp,slowheat_distillation,average_forgetting,919,0.80175
derpp,slowheat_distillation,average_forgetting,1223,0.7575000000000001
derpp,slowheat_distillation,average_forgetting,1523,0.7709999999999999
derpp,slowheat_distillation,average_forgetting,1823,0.804
derpp,slowheat_distillation,average_forgetting,2129,0.7922499999999999
derpp,slowheat_distillation,average_forgetting,2423,0.77875
derpp,slowheat_distillation,average_forgetting,2729,0.7817500000000001
derpp,slowheat_distillation,average_forgetting,3037,0.7882500000000001
derpp,slowheat_distillation,backward_transfer,311,-0.7894999999999999
derpp,slowheat_distillation,backward_transfer,617,-0.788
derpp,slowheat_distillation,backward_transfer,919,-0.80175
derpp,slowheat_distillation,backward_transfer,1223,-0.7575000000000001
derpp,slowheat_distillation,backward_transfer,1523,-0.7709999999999999
derpp,slowheat_distillation,backward_transfer,1823,-0.804
derpp,slowheat_distillation,backward_transfer,2129,-0.7922499999999999
derpp,slowheat_distillation,backward_transfer,2423,-0.77875
derpp,slowheat_distillation,backward_transfer,2729,-0.7817500000000001
derpp,slowheat_distillation,backward_transfer,3037,-0.7882500000000001
derpp,slowheat_distillation,forward_transfer,311,0.0
derpp,slowheat_distillation,forward_transfer,617,-0.0022500000000000298
derpp,slowheat_distillation,forward_transfer,919,0.0
derpp,slowheat_distillation,forward_transfer,1223,0.0
derpp,slowheat_distillation,forward_transfer,1523,0.0
derpp,slowheat_distillation,forward_transfer,1823,0.0
derpp,slowheat_distillation,forward_transfer,2129,0.0
derpp,slowheat_distillation,forward_transfer,2423,-0.00024999999999997247
derpp,slowheat_distillation,forward_transfer,2729,0.0
derpp,slowheat_distillation,forward_transfer,3037,0.0
derpp,slowheat_distillation,task_aware_final_accuracy,311,-0.22519999999999996
derpp,slowheat_distillation,task_aware_final_accuracy,617,-0.14100000000000001
derpp,slowheat_distillation,task_aware_final_accuracy,919,-0.12280000000000013
derpp,slowheat_distillation,task_aware_final_accuracy,1223,-0.18499999999999994
derpp,slowheat_distillation,task_aware_final_accuracy,1523,-0.1571999999999999
derpp,slowheat_distillation,task_aware_final_accuracy,1823,-0.15239999999999998
derpp,slowheat_distillation,task_aware_final_accuracy,2129,-0.18699999999999994
derpp,slowheat_distillation,task_aware_final_accuracy,2423,-0.07499999999999996
derpp,slowheat_distillation,task_aware_final_accuracy,2729,-0.1953999999999999
derpp,slowheat_distillation,task_aware_final_accuracy,3037,-0.06399999999999995
derpp,slowheat_distillation,task_aware_forgetting,311,0.26925
derpp,slowheat_distillation,task_aware_forgetting,617,0.16199999999999998
derpp,slowheat_distillation,task_aware_forgetting,919,0.146
derpp,slowheat_distillation,task_aware_forgetting,1223,0.22224999999999998
derpp,slowheat_distillation,task_aware_forgetting,1523,0.18549999999999997
derpp,slowheat_distillation,task_aware_forgetting,1823,0.183
derpp,slowheat_distillation,task_aware_forgetting,2129,0.22225
derpp,slowheat_distillation,task_aware_forgetting,2423,0.08999999999999997
derpp,slowheat_distillation,task_aware_forgetting,2729,0.23024999999999998
derpp,slowheat_distillation,task_aware_forgetting,3037,0.06925
derpp,slowheat_distillation,classifier_gap,311,0.4096000000000001
derpp,slowheat_distillation,classifier_gap,617,0.49780000000000013
derpp,slowheat_distillation,classifier_gap,919,0.5193999999999999
derpp,slowheat_distillation,classifier_gap,1223,0.42480000000000007
derpp,slowheat_distillation,classifier_gap,1523,0.4630000000000002
derpp,slowheat_distillation,classifier_gap,1823,0.49219999999999997
derpp,slowheat_distillation,classifier_gap,2129,0.45020000000000016
derpp,slowheat_distillation,classifier_gap,2423,0.5472
derpp,slowheat_distillation,classifier_gap,2729,0.43820000000000014
derpp,slowheat_distillation,classifier_gap,3037,0.5698
derpp,slowheat_distillation,elapsed_seconds,311,1.763071831985144
derpp,slowheat_distillation,elapsed_seconds,617,1.7624031069863122
derpp,slowheat_distillation,elapsed_seconds,919,1.8133237109868787
derpp,slowheat_distillation,elapsed_seconds,1223,1.8619786289928015
derpp,slowheat_distillation,elapsed_seconds,1523,1.8616852779814508
derpp,slowheat_distillation,elapsed_seconds,1823,1.7259837810124736
derpp,slowheat_distillation,elapsed_seconds,2129,1.9163680289930198
derpp,slowheat_distillation,elapsed_seconds,2423,1.8214949819957837
derpp,slowheat_distillation,elapsed_seconds,2729,1.7013411640073173
derpp,slowheat_distillation,elapsed_seconds,3037,1.7348463580128737
derpp,slowheat_distillation,learner_examples_processed,311,-40960.0
derpp,slowheat_distillation,learner_examples_processed,617,-40960.0
derpp,slowheat_distillation,learner_examples_processed,919,-40960.0
derpp,slowheat_distillation,learner_examples_processed,1223,-40960.0
derpp,slowheat_distillation,learner_examples_processed,1523,-40960.0
derpp,slowheat_distillation,learner_examples_processed,1823,-40960.0
derpp,slowheat_distillation,learner_examples_processed,2129,-40960.0
derpp,slowheat_distillation,learner_examples_processed,2423,-40960.0
derpp,slowheat_distillation,learner_examples_processed,2729,-40960.0
derpp,slowheat_distillation,learner_examples_processed,3037,-40960.0
derpp,slowheat_distillation,total_model_examples_processed,311,40960.0
derpp,slowheat_distillation,total_model_examples_processed,617,40960.0
derpp,slowheat_distillation,total_model_examples_processed,919,40960.0
derpp,slowheat_distillation,total_model_examples_processed,1223,40960.0
derpp,slowheat_distillation,total_model_examples_processed,1523,40960.0
derpp,slowheat_distillation,total_model_examples_processed,1823,40960.0
derpp,slowheat_distillation,total_model_examples_processed,2129,40960.0
derpp,slowheat_distillation,total_model_examples_processed,2423,40960.0
derpp,slowheat_distillation,total_model_examples_processed,2729,40960.0
derpp,slowheat_distillation,total_model_examples_processed,3037,40960.0
derpp,slowheat_distillation,estimated_total_flops,311,-18881369720.0
derpp,slowheat_distillation,estimated_total_flops,617,-18881369720.0
derpp,slowheat_distillation,estimated_total_flops,919,-18881369720.0
derpp,slowheat_distillation,estimated_total_flops,1223,-18881369720.0
derpp,slowheat_distillation,estimated_total_flops,1523,-18881369720.0
derpp,slowheat_distillation,estimated_total_flops,1823,-18881369720.0
derpp,slowheat_distillation,estimated_total_flops,2129,-18881369720.0
derpp,slowheat_distillation,estimated_total_flops,2423,-18881369720.0
derpp,slowheat_distillation,estimated_total_flops,2729,-18881369720.0
derpp,slowheat_distillation,estimated_total_flops,3037,-18881369720.0
derpp,slowheat_distillation,estimated_overhead_flops,311,349514120.0
derpp,slowheat_distillation,estimated_overhead_flops,617,349514120.0
derpp,slowheat_distillation,estimated_overhead_flops,919,349514120.0
derpp,slowheat_distillation,estimated_overhead_flops,1223,349514120.0
derpp,slowheat_distillation,estimated_overhead_flops,1523,349514120.0
derpp,slowheat_distillation,estimated_overhead_flops,1823,349514120.0
derpp,slowheat_distillation,estimated_overhead_flops,2129,349514120.0
derpp,slowheat_distillation,estimated_overhead_flops,2423,349514120.0
derpp,slowheat_distillation,estimated_overhead_flops,2729,349514120.0
derpp,slowheat_distillation,estimated_overhead_flops,3037,349514120.0
derpp,slowheat_distillation,replay_memory_bytes,311,-628800.0
derpp,slowheat_distillation,replay_memory_bytes,617,-628800.0
derpp,slowheat_distillation,replay_memory_bytes,919,-628800.0
derpp,slowheat_distillation,replay_memory_bytes,1223,-628800.0
derpp,slowheat_distillation,replay_memory_bytes,1523,-628800.0
derpp,slowheat_distillation,replay_memory_bytes,1823,-628800.0
derpp,slowheat_distillation,replay_memory_bytes,2129,-628800.0
derpp,slowheat_distillation,replay_memory_bytes,2423,-628800.0
derpp,slowheat_distillation,replay_memory_bytes,2729,-628800.0
derpp,slowheat_distillation,replay_memory_bytes,3037,-628800.0
derpp,slowheat_distillation,stored_logits_bytes,311,-8000.0
derpp,slowheat_distillation,stored_logits_bytes,617,-8000.0
derpp,slowheat_distillation,stored_logits_bytes,919,-8000.0
derpp,slowheat_distillation,stored_logits_bytes,1223,-8000.0
derpp,slowheat_distillation,stored_logits_bytes,1523,-8000.0
derpp,slowheat_distillation,stored_logits_bytes,1823,-8000.0
derpp,slowheat_distillation,stored_logits_bytes,2129,-8000.0
derpp,slowheat_distillation,stored_logits_bytes,2423,-8000.0
derpp,slowheat_distillation,stored_logits_bytes,2729,-8000.0
derpp,slowheat_distillation,stored_logits_bytes,3037,-8000.0
derpp,slowheat_derpp_hidden_beta_30_budget_0.25,final_average_accuracy,311,0.02939999999999998
derpp,slowheat_derpp_hidden_beta_30_budget_0.25,final_average_accuracy,617,0.022199999999999886
derpp,slowheat_derpp_hidden_beta_30_budget_0.25,final_average_accuracy,919,0.026599999999999957
derpp,slowheat_derpp_hidden_beta_30_budget_0.25,final_average_accuracy,1223,0.035800000000000054
derpp,slowheat_derpp_hidden_beta_30_budget_0.25,final_average_accuracy,1523,0.02839999999999987
derpp,slowheat_derpp_hidden_beta_30_budget_0.25,final_average_accuracy,1823,0.02100000000000013
derpp,slowheat_derpp_hidden_beta_30_budget_0.25,final_average_accuracy,2129,0.023600000000000065
derpp,slowheat_derpp_hidden_beta_30_budget_0.25,final_average_accuracy,2423,0.017000000000000015
derpp,slowheat_derpp_hidden_beta_30_budget_0.25,final_average_accuracy,2729,0.0344000000000001
derpp,slowheat_derpp_hidden_beta_30_budget_0.25,final_average_accuracy,3037,0.03320000000000012
derpp,slowheat_derpp_hidden_beta_30_budget_0.25,average_forgetting,311,-0.04575000000000004
derpp,slowheat_derpp_hidden_beta_30_budget_0.25,average_forgetting,617,-0.036500000000000005
derpp,slowheat_derpp_hidden_beta_30_budget_0.25,average_forgetting,919,-0.04400000000000004
derpp,slowheat_derpp_hidden_beta_30_budget_0.25,average_forgetting,1223,-0.05650000000000002
derpp,slowheat_derpp_hidden_beta_30_budget_0.25,average_forgetting,1523,-0.04325000000000004
derpp,slowheat_derpp_hidden_beta_30_budget_0.25,average_forgetting,1823,-0.03525000000000003
derpp,slowheat_derpp_hidden_beta_30_budget_0.25,average_forgetting,2129,-0.04175000000000004
derpp,slowheat_derpp_hidden_beta_30_budget_0.25,average_forgetting,2423,-0.025499999999999995
derpp,slowheat_derpp_hidden_beta_30_budget_0.25,average_forgetting,2729,-0.05950000000000005
derpp,slowheat_derpp_hidden_beta_30_budget_0.25,average_forgetting,3037,-0.05025000000000002
derpp,slowheat_derpp_hidden_beta_30_budget_0.25,backward_transfer,311,0.04575000000000004
derpp,slowheat_derpp_hidden_beta_30_budget_0.25,backward_transfer,617,0.036500000000000005
derpp,slowheat_derpp_hidden_beta_30_budget_0.25,backward_transfer,919,0.04400000000000004
derpp,slowheat_derpp_hidden_beta_30_budget_0.25,backward_transfer,1223,0.05650000000000002
derpp,slowheat_derpp_hidden_beta_30_budget_0.25,backward_transfer,1523,0.04325000000000004
derpp,slowheat_derpp_hidden_beta_30_budget_0.25,backward_transfer,1823,0.03525000000000003
derpp,slowheat_derpp_hidden_beta_30_budget_0.25,backward_transfer,2129,0.04175000000000004
derpp,slowheat_derpp_hidden_beta_30_budget_0.25,backward_transfer,2423,0.025499999999999995
derpp,slowheat_derpp_hidden_beta_30_budget_0.25,backward_transfer,2729,0.05950000000000005
derpp,slowheat_derpp_hidden_beta_30_budget_0.25,backward_transfer,3037,0.05025000000000002
derpp,slowheat_derpp_hidden_beta_30_budget_0.25,forward_transfer,311,0.0
derpp,slowheat_derpp_hidden_beta_30_budget_0.25,forward_transfer,617,0.0017499999999999738
derpp,slowheat_derpp_hidden_beta_30_budget_0.25,forward_transfer,919,0.0002500000000000002
derpp,slowheat_derpp_hidden_beta_30_budget_0.25,forward_transfer,1223,0.0
derpp,slowheat_derpp_hidden_beta_30_budget_0.25,forward_transfer,1523,0.0
derpp,slowheat_derpp_hidden_beta_30_budget_0.25,forward_transfer,1823,0.0
derpp,slowheat_derpp_hidden_beta_30_budget_0.25,forward_transfer,2129,0.0
derpp,slowheat_derpp_hidden_beta_30_budget_0.25,forward_transfer,2423,-0.00024999999999997247
derpp,slowheat_derpp_hidden_beta_30_budget_0.25,forward_transfer,2729,0.0
derpp,slowheat_derpp_hidden_beta_30_budget_0.25,forward_transfer,3037,0.0
derpp,slowheat_derpp_hidden_beta_30_budget_0.25,task_aware_final_accuracy,311,-0.0022000000000000908
derpp,slowheat_derpp_hidden_beta_30_budget_0.25,task_aware_final_accuracy,617,-0.0035999999999999366
derpp,slowheat_derpp_hidden_beta_30_budget_0.25,task_aware_final_accuracy,919,-0.0008000000000000229
derpp,slowheat_derpp_hidden_beta_30_budget_0.25,task_aware_final_accuracy,1223,-0.0017999999999999128
derpp,slowheat_derpp_hidden_beta_30_budget_0.25,task_aware_final_accuracy,1523,0.0031999999999999806
derpp,slowheat_derpp_hidden_beta_30_budget_0.25,task_aware_final_accuracy,1823,1.1102230246251565e-16
derpp,slowheat_derpp_hidden_beta_30_budget_0.25,task_aware_final_accuracy,2129,-0.005999999999999894
derpp,slowheat_derpp_hidden_beta_30_budget_0.25,task_aware_final_accuracy,2423,0.0023999999999999577
derpp,slowheat_derpp_hidden_beta_30_budget_0.25,task_aware_final_accuracy,2729,0.0028000000000001357
derpp,slowheat_derpp_hidden_beta_30_budget_0.25,task_aware_final_accuracy,3037,-0.0036000000000000476
derpp,slowheat_derpp_hidden_beta_30_budget_0.25,task_aware_forgetting,311,-0.003500000000000003
derpp,slowheat_derpp_hidden_beta_30_budget_0.25,task_aware_forgetting,617,0.0015000000000000013
derpp,slowheat_derpp_hidden_beta_30_budget_0.25,task_aware_forgetting,919,-0.0017500000000000016
derpp,slowheat_derpp_hidden_beta_30_budget_0.25,task_aware_forgetting,1223,-0.0020000000000000018
derpp,slowheat_derpp_hidden_beta_30_budget_0.25,task_aware_forgetting,1523,-0.006750000000000006
derpp,slowheat_derpp_hidden_beta_30_budget_0.25,task_aware_forgetting,1823,-0.005250000000000005
derpp,slowheat_derpp_hidden_beta_30_budget_0.25,task_aware_forgetting,2129,0.003250000000000003
derpp,slowheat_derpp_hidden_beta_30_budget_0.25,task_aware_forgetting,2423,-0.0025000000000000022
derpp,slowheat_derpp_hidden_beta_30_budget_0.25,task_aware_forgetting,2729,-0.0072500000000000064
derpp,slowheat_derpp_hidden_beta_30_budget_0.25,task_aware_forgetting,3037,0.0
derpp,slowheat_derpp_hidden_beta_30_budget_0.25,classifier_gap,311,-0.03160000000000007
derpp,slowheat_derpp_hidden_beta_30_budget_0.25,classifier_gap,617,-0.025799999999999823
derpp,slowheat_derpp_hidden_beta_30_budget_0.25,classifier_gap,919,-0.02739999999999998
derpp,slowheat_derpp_hidden_beta_30_budget_0.25,classifier_gap,1223,-0.03759999999999997
derpp,slowheat_derpp_hidden_beta_30_budget_0.25,classifier_gap,1523,-0.02519999999999989
derpp,slowheat_derpp_hidden_beta_30_budget_0.25,classifier_gap,1823,-0.02100000000000002
derpp,slowheat_derpp_hidden_beta_30_budget_0.25,classifier_gap,2129,-0.02959999999999996
derpp,slowheat_derpp_hidden_beta_30_budget_0.25,classifier_gap,2423,-0.014600000000000057
derpp,slowheat_derpp_hidden_beta_30_budget_0.25,classifier_gap,2729,-0.03159999999999996
derpp,slowheat_derpp_hidden_beta_30_budget_0.25,classifier_gap,3037,-0.036800000000000166
derpp,slowheat_derpp_hidden_beta_30_budget_0.25,elapsed_seconds,311,1.5678854049765505
derpp,slowheat_derpp_hidden_beta_30_budget_0.25,elapsed_seconds,617,1.60691504998249
derpp,slowheat_derpp_hidden_beta_30_budget_0.25,elapsed_seconds,919,1.5442076949693728
derpp,slowheat_derpp_hidden_beta_30_budget_0.25,elapsed_seconds,1223,1.664542974991491
derpp,slowheat_derpp_hidden_beta_30_budget_0.25,elapsed_seconds,1523,1.6531033020000905
derpp,slowheat_derpp_hidden_beta_30_budget_0.25,elapsed_seconds,1823,1.589457123016473
derpp,slowheat_derpp_hidden_beta_30_budget_0.25,elapsed_seconds,2129,1.79346982302377
derpp,slowheat_derpp_hidden_beta_30_budget_0.25,elapsed_seconds,2423,1.6895512249611784
derpp,slowheat_derpp_hidden_beta_30_budget_0.25,elapsed_seconds,2729,1.5938955709862057
derpp,slowheat_derpp_hidden_beta_30_budget_0.25,elapsed_seconds,3037,1.6012558179791085
derpp,slowheat_derpp_hidden_beta_30_budget_0.25,learner_examples_processed,311,0.0
derpp,slowheat_derpp_hidden_beta_30_budget_0.25,learner_examples_processed,617,0.0
derpp,slowheat_derpp_hidden_beta_30_budget_0.25,learner_examples_processed,919,0.0
derpp,slowheat_derpp_hidden_beta_30_budget_0.25,learner_examples_processed,1223,0.0
derpp,slowheat_derpp_hidden_beta_30_budget_0.25,learner_examples_processed,1523,0.0
derpp,slowheat_derpp_hidden_beta_30_budget_0.25,learner_examples_processed,1823,0.0
derpp,slowheat_derpp_hidden_beta_30_budget_0.25,learner_examples_processed,2129,0.0
derpp,slowheat_derpp_hidden_beta_30_budget_0.25,learner_examples_processed,2423,0.0
derpp,slowheat_derpp_hidden_beta_30_budget_0.25,learner_examples_processed,2729,0.0
derpp,slowheat_derpp_hidden_beta_30_budget_0.25,learner_examples_processed,3037,0.0
derpp,slowheat_derpp_hidden_beta_30_budget_0.25,total_model_examples_processed,311,0.0
derpp,slowheat_derpp_hidden_beta_30_budget_0.25,total_model_examples_processed,617,0.0
derpp,slowheat_derpp_hidden_beta_30_budget_0.25,total_model_examples_processed,919,0.0
derpp,slowheat_derpp_hidden_beta_30_budget_0.25,total_model_examples_processed,1223,0.0
derpp,slowheat_derpp_hidden_beta_30_budget_0.25,total_model_examples_processed,1523,0.0
derpp,slowheat_derpp_hidden_beta_30_budget_0.25,total_model_examples_processed,1823,0.0
derpp,slowheat_derpp_hidden_beta_30_budget_0.25,total_model_examples_processed,2129,0.0
derpp,slowheat_derpp_hidden_beta_30_budget_0.25,total_model_examples_processed,2423,0.0
derpp,slowheat_derpp_hidden_beta_30_budget_0.25,total_model_examples_processed,2729,0.0
derpp,slowheat_derpp_hidden_beta_30_budget_0.25,total_model_examples_processed,3037,0.0
derpp,slowheat_derpp_hidden_beta_30_budget_0.25,estimated_total_flops,311,407300480.0
derpp,slowheat_derpp_hidden_beta_30_budget_0.25,estimated_total_flops,617,407300480.0
derpp,slowheat_derpp_hidden_beta_30_budget_0.25,estimated_total_flops,919,407300480.0
derpp,slowheat_derpp_hidden_beta_30_budget_0.25,estimated_total_flops,1223,407300480.0
derpp,slowheat_derpp_hidden_beta_30_budget_0.25,estimated_total_flops,1523,407300480.0
derpp,slowheat_derpp_hidden_beta_30_budget_0.25,estimated_total_flops,1823,407300480.0
derpp,slowheat_derpp_hidden_beta_30_budget_0.25,estimated_total_flops,2129,407300480.0
derpp,slowheat_derpp_hidden_beta_30_budget_0.25,estimated_total_flops,2423,407300480.0
derpp,slowheat_derpp_hidden_beta_30_budget_0.25,estimated_total_flops,2729,407300480.0
derpp,slowheat_derpp_hidden_beta_30_budget_0.25,estimated_total_flops,3037,407300480.0
derpp,slowheat_derpp_hidden_beta_30_budget_0.25,estimated_overhead_flops,311,407300480.0
derpp,slowheat_derpp_hidden_beta_30_budget_0.25,estimated_overhead_flops,617,407300480.0
derpp,slowheat_derpp_hidden_beta_30_budget_0.25,estimated_overhead_flops,919,407300480.0
derpp,slowheat_derpp_hidden_beta_30_budget_0.25,estimated_overhead_flops,1223,407300480.0
derpp,slowheat_derpp_hidden_beta_30_budget_0.25,estimated_overhead_flops,1523,407300480.0
derpp,slowheat_derpp_hidden_beta_30_budget_0.25,estimated_overhead_flops,1823,407300480.0
derpp,slowheat_derpp_hidden_beta_30_budget_0.25,estimated_overhead_flops,2129,407300480.0
derpp,slowheat_derpp_hidden_beta_30_budget_0.25,estimated_overhead_flops,2423,407300480.0
derpp,slowheat_derpp_hidden_beta_30_budget_0.25,estimated_overhead_flops,2729,407300480.0
derpp,slowheat_derpp_hidden_beta_30_budget_0.25,estimated_overhead_flops,3037,407300480.0
derpp,slowheat_derpp_hidden_beta_30_budget_0.25,replay_memory_bytes,311,0.0
derpp,slowheat_derpp_hidden_beta_30_budget_0.25,replay_memory_bytes,617,0.0
derpp,slowheat_derpp_hidden_beta_30_budget_0.25,replay_memory_bytes,919,0.0
derpp,slowheat_derpp_hidden_beta_30_budget_0.25,replay_memory_bytes,1223,0.0
derpp,slowheat_derpp_hidden_beta_30_budget_0.25,replay_memory_bytes,1523,0.0
derpp,slowheat_derpp_hidden_beta_30_budget_0.25,replay_memory_bytes,1823,0.0
derpp,slowheat_derpp_hidden_beta_30_budget_0.25,replay_memory_bytes,2129,0.0
derpp,slowheat_derpp_hidden_beta_30_budget_0.25,replay_memory_bytes,2423,0.0
derpp,slowheat_derpp_hidden_beta_30_budget_0.25,replay_memory_bytes,2729,0.0
derpp,slowheat_derpp_hidden_beta_30_budget_0.25,replay_memory_bytes,3037,0.0
derpp,slowheat_derpp_hidden_beta_30_budget_0.25,stored_logits_bytes,311,0.0
derpp,slowheat_derpp_hidden_beta_30_budget_0.25,stored_logits_bytes,617,0.0
derpp,slowheat_derpp_hidden_beta_30_budget_0.25,stored_logits_bytes,919,0.0
derpp,slowheat_derpp_hidden_beta_30_budget_0.25,stored_logits_bytes,1223,0.0
derpp,slowheat_derpp_hidden_beta_30_budget_0.25,stored_logits_bytes,1523,0.0
derpp,slowheat_derpp_hidden_beta_30_budget_0.25,stored_logits_bytes,1823,0.0
derpp,slowheat_derpp_hidden_beta_30_budget_0.25,stored_logits_bytes,2129,0.0
derpp,slowheat_derpp_hidden_beta_30_budget_0.25,stored_logits_bytes,2423,0.0
derpp,slowheat_derpp_hidden_beta_30_budget_0.25,stored_logits_bytes,2729,0.0
derpp,slowheat_derpp_hidden_beta_30_budget_0.25,stored_logits_bytes,3037,0.0
derpp,er_ace,final_average_accuracy,311,-0.11560000000000004
derpp,er_ace,final_average_accuracy,617,-0.13460000000000016
derpp,er_ace,final_average_accuracy,919,-0.10699999999999998
derpp,er_ace,final_average_accuracy,1223,-0.09920000000000007
derpp,er_ace,final_average_accuracy,1523,-0.10560000000000003
derpp,er_ace,final_average_accuracy,1823,-0.14579999999999993
derpp,er_ace,final_average_accuracy,2129,-0.13440000000000007
derpp,er_ace,final_average_accuracy,2423,-0.0998
derpp,er_ace,final_average_accuracy,2729,-0.11699999999999999
derpp,er_ace,final_average_accuracy,3037,-0.11959999999999993
derpp,er_ace,average_forgetting,311,-0.15599999999999997
derpp,er_ace,average_forgetting,617,-0.14699999999999996
derpp,er_ace,average_forgetting,919,-0.15599999999999997
derpp,er_ace,average_forgetting,1223,-0.2015
derpp,er_ace,average_forgetting,1523,-0.17575000000000005
derpp,er_ace,average_forgetting,1823,-0.11699999999999999
derpp,er_ace,average_forgetting,2129,-0.14750000000000002
derpp,er_ace,average_forgetting,2423,-0.18099999999999997
derpp,er_ace,average_forgetting,2729,-0.152
derpp,er_ace,average_forgetting,3037,-0.16599999999999998
derpp,er_ace,backward_transfer,311,0.658
derpp,er_ace,backward_transfer,617,0.6224999999999999
derpp,er_ace,backward_transfer,919,0.6712499999999999
derpp,er_ace,backward_transfer,1223,0.726
derpp,er_ace,backward_transfer,1523,0.6695
derpp,er_ace,backward_transfer,1823,0.616
derpp,er_ace,backward_transfer,2129,0.556
derpp,er_ace,backward_transfer,2423,0.7235
derpp,er_ace,backward_transfer,2729,0.65925
derpp,er_ace,backward_transfer,3037,0.6852499999999999
derpp,er_ace,forward_transfer,311,0.0
derpp,er_ace,forward_transfer,617,-0.0010000000000000286
derpp,er_ace,forward_transfer,919,0.0
derpp,er_ace,forward_transfer,1223,0.0
derpp,er_ace,forward_transfer,1523,0.012749999999999997
derpp,er_ace,forward_transfer,1823,0.0
derpp,er_ace,forward_transfer,2129,0.0
derpp,er_ace,forward_transfer,2423,-0.00024999999999997247
derpp,er_ace,forward_transfer,2729,0.0
derpp,er_ace,forward_transfer,3037,0.0
derpp,er_ace,task_aware_final_accuracy,311,-0.0021999999999998687
derpp,er_ace,task_aware_final_accuracy,617,-0.0038000000000000256
derpp,er_ace,task_aware_final_accuracy,919,-0.0008000000000000229
derpp,er_ace,task_aware_final_accuracy,1223,0.0024000000000000687
derpp,er_ace,task_aware_final_accuracy,1523,2.220446049250313e-16
derpp,er_ace,task_aware_final_accuracy,1823,-0.0048000000000000265
derpp,er_ace,task_aware_final_accuracy,2129,-0.007199999999999984
derpp,er_ace,task_aware_final_accuracy,2423,0.0035999999999999366
derpp,er_ace,task_aware_final_accuracy,2729,-0.0005999999999999339
derpp,er_ace,task_aware_final_accuracy,3037,-0.0044000000000000705
derpp,er_ace,task_aware_forgetting,311,0.0017500000000000016
derpp,er_ace,task_aware_forgetting,617,0.006000000000000005
derpp,er_ace,task_aware_forgetting,919,0.0002500000000000002
derpp,er_ace,task_aware_forgetting,1223,-0.0012500000000000011
derpp,er_ace,task_aware_forgetting,1523,-0.0007500000000000007
derpp,er_ace,task_aware_forgetting,1823,0.0040000000000000036
derpp,er_ace,task_aware_forgetting,2129,0.0072500000000000064
derpp,er_ace,task_aware_forgetting,2423,-0.004250000000000004
derpp,er_ace,task_aware_forgetting,2729,0.0010000000000000009
derpp,er_ace,task_aware_forgetting,3037,0.005999999999999978
derpp,er_ace,classifier_gap,311,0.11340000000000017
derpp,er_ace,classifier_gap,617,0.13080000000000014
derpp,er_ace,classifier_gap,919,0.10619999999999996
derpp,er_ace,classifier_gap,1223,0.10160000000000013
derpp,er_ace,classifier_gap,1523,0.10560000000000025
derpp,er_ace,classifier_gap,1823,0.1409999999999999
derpp,er_ace,classifier_gap,2129,0.1272000000000001
derpp,er_ace,classifier_gap,2423,0.10339999999999994
derpp,er_ace,classifier_gap,2729,0.11640000000000006
derpp,er_ace,classifier_gap,3037,0.11519999999999986
derpp,er_ace,elapsed_seconds,311,-0.0024527830246370286
derpp,er_ace,elapsed_seconds,617,-0.19179467900539748
derpp,er_ace,elapsed_seconds,919,-0.0022220930259209126
derpp,er_ace,elapsed_seconds,1223,-0.045565590960904956
derpp,er_ace,elapsed_seconds,1523,-0.06937819501035847
derpp,er_ace,elapsed_seconds,1823,-0.07889780498226173
derpp,er_ace,elapsed_seconds,2129,0.07712048100074753
derpp,er_ace,elapsed_seconds,2423,-0.010136356024304405
derpp,er_ace,elapsed_seconds,2729,-0.03542063300847076
derpp,er_ace,elapsed_seconds,3037,-0.0863003300037235
derpp,er_ace,learner_examples_processed,311,0.0
derpp,er_ace,learner_examples_processed,617,0.0
derpp,er_ace,learner_examples_processed,919,0.0
derpp,er_ace,learner_examples_processed,1223,0.0
derpp,er_ace,learner_examples_processed,1523,0.0
derpp,er_ace,learner_examples_processed,1823,0.0
derpp,er_ace,learner_examples_processed,2129,0.0
derpp,er_ace,learner_examples_processed,2423,0.0
derpp,er_ace,learner_examples_processed,2729,0.0
derpp,er_ace,learner_examples_processed,3037,0.0
derpp,er_ace,total_model_examples_processed,311,0.0
derpp,er_ace,total_model_examples_processed,617,0.0
derpp,er_ace,total_model_examples_processed,919,0.0
derpp,er_ace,total_model_examples_processed,1223,0.0
derpp,er_ace,total_model_examples_processed,1523,0.0
derpp,er_ace,total_model_examples_processed,1823,0.0
derpp,er_ace,total_model_examples_processed,2129,0.0
derpp,er_ace,total_model_examples_processed,2423,0.0
derpp,er_ace,total_model_examples_processed,2729,0.0
derpp,er_ace,total_model_examples_processed,3037,0.0
derpp,er_ace,estimated_total_flops,311,0.0
derpp,er_ace,estimated_total_flops,617,0.0
derpp,er_ace,estimated_total_flops,919,0.0
derpp,er_ace,estimated_total_flops,1223,0.0
derpp,er_ace,estimated_total_flops,1523,0.0
derpp,er_ace,estimated_total_flops,1823,0.0
derpp,er_ace,estimated_total_flops,2129,0.0
derpp,er_ace,estimated_total_flops,2423,0.0
derpp,er_ace,estimated_total_flops,2729,0.0
derpp,er_ace,estimated_total_flops,3037,0.0
derpp,er_ace,estimated_overhead_flops,311,0.0
derpp,er_ace,estimated_overhead_flops,617,0.0
derpp,er_ace,estimated_overhead_flops,919,0.0
derpp,er_ace,estimated_overhead_flops,1223,0.0
derpp,er_ace,estimated_overhead_flops,1523,0.0
derpp,er_ace,estimated_overhead_flops,1823,0.0
derpp,er_ace,estimated_overhead_flops,2129,0.0
derpp,er_ace,estimated_overhead_flops,2423,0.0
derpp,er_ace,estimated_overhead_flops,2729,0.0
derpp,er_ace,estimated_overhead_flops,3037,0.0
derpp,er_ace,replay_memory_bytes,311,0.0
derpp,er_ace,replay_memory_bytes,617,0.0
derpp,er_ace,replay_memory_bytes,919,0.0
derpp,er_ace,replay_memory_bytes,1223,0.0
derpp,er_ace,replay_memory_bytes,1523,0.0
derpp,er_ace,replay_memory_bytes,1823,0.0
derpp,er_ace,replay_memory_bytes,2129,0.0
derpp,er_ace,replay_memory_bytes,2423,0.0
derpp,er_ace,replay_memory_bytes,2729,0.0
derpp,er_ace,replay_memory_bytes,3037,0.0
derpp,er_ace,stored_logits_bytes,311,-8000.0
derpp,er_ace,stored_logits_bytes,617,-8000.0
derpp,er_ace,stored_logits_bytes,919,-8000.0
derpp,er_ace,stored_logits_bytes,1223,-8000.0
derpp,er_ace,stored_logits_bytes,1523,-8000.0
derpp,er_ace,stored_logits_bytes,1823,-8000.0
derpp,er_ace,stored_logits_bytes,2129,-8000.0
derpp,er_ace,stored_logits_bytes,2423,-8000.0
derpp,er_ace,stored_logits_bytes,2729,-8000.0
derpp,er_ace,stored_logits_bytes,3037,-8000.0
derpp,slowheat_er_ace_hidden_beta_30_budget_0.25,final_average_accuracy,311,-0.11059999999999992
derpp,slowheat_er_ace_hidden_beta_30_budget_0.25,final_average_accuracy,617,-0.15060000000000007
derpp,slowheat_er_ace_hidden_beta_30_budget_0.25,final_average_accuracy,919,-0.11540000000000006
derpp,slowheat_er_ace_hidden_beta_30_budget_0.25,final_average_accuracy,1223,-0.0958
derpp,slowheat_er_ace_hidden_beta_30_budget_0.25,final_average_accuracy,1523,-0.09700000000000009
derpp,slowheat_er_ace_hidden_beta_30_budget_0.25,final_average_accuracy,1823,-0.14400000000000002
derpp,slowheat_er_ace_hidden_beta_30_budget_0.25,final_average_accuracy,2129,-0.13180000000000014
derpp,slowheat_er_ace_hidden_beta_30_budget_0.25,final_average_accuracy,2423,-0.11640000000000006
derpp,slowheat_er_ace_hidden_beta_30_budget_0.25,final_average_accuracy,2729,-0.13959999999999995
derpp,slowheat_er_ace_hidden_beta_30_budget_0.25,final_average_accuracy,3037,-0.13780000000000003
derpp,slowheat_er_ace_hidden_beta_30_budget_0.25,average_forgetting,311,-0.14949999999999997
derpp,slowheat_er_ace_hidden_beta_30_budget_0.25,average_forgetting,617,-0.13749999999999998
derpp,slowheat_er_ace_hidden_beta_30_budget_0.25,average_forgetting,919,-0.15224999999999997
derpp,slowheat_er_ace_hidden_beta_30_budget_0.25,average_forgetting,1223,-0.199
derpp,slowheat_er_ace_hidden_beta_30_budget_0.25,average_forgetting,1523,-0.17025
derpp,slowheat_er_ace_hidden_beta_30_budget_0.25,average_forgetting,1823,-0.12825
derpp,slowheat_er_ace_hidden_beta_30_budget_0.25,average_forgetting,2129,-0.14825
derpp,slowheat_er_ace_hidden_beta_30_budget_0.25,average_forgetting,2423,-0.16824999999999998
derpp,slowheat_er_ace_hidden_beta_30_budget_0.25,average_forgetting,2729,-0.133
derpp,slowheat_er_ace_hidden_beta_30_budget_0.25,average_forgetting,3037,-0.14949999999999997
derpp,slowheat_er_ace_hidden_beta_30_budget_0.25,backward_transfer,311,0.6792499999999999
derpp,slowheat_er_ace_hidden_beta_30_budget_0.25,backward_transfer,617,0.5945
derpp,slowheat_er_ace_hidden_beta_30_budget_0.25,backward_transfer,919,0.7115
derpp,slowheat_er_ace_hidden_beta_30_budget_0.25,backward_transfer,1223,0.73825
derpp,slowheat_er_ace_hidden_beta_30_budget_0.25,backward_transfer,1523,0.6917500000000001
derpp,slowheat_er_ace_hidden_beta_30_budget_0.25,backward_transfer,1823,0.5925
derpp,slowheat_er_ace_hidden_beta_30_budget_0.25,backward_transfer,2129,0.648
derpp,slowheat_er_ace_hidden_beta_30_budget_0.25,backward_transfer,2423,0.73075
derpp,slowheat_er_ace_hidden_beta_30_budget_0.25,backward_transfer,2729,0.65725
derpp,slowheat_er_ace_hidden_beta_30_budget_0.25,backward_transfer,3037,0.6737500000000001
derpp,slowheat_er_ace_hidden_beta_30_budget_0.25,forward_transfer,311,0.0
derpp,slowheat_er_ace_hidden_beta_30_budget_0.25,forward_transfer,617,0.003249999999999975
derpp,slowheat_er_ace_hidden_beta_30_budget_0.25,forward_transfer,919,0.0
derpp,slowheat_er_ace_hidden_beta_30_budget_0.25,forward_transfer,1223,0.0012500000000000011
derpp,slowheat_er_ace_hidden_beta_30_budget_0.25,forward_transfer,1523,0.0015000000000000013
derpp,slowheat_er_ace_hidden_beta_30_budget_0.25,forward_transfer,1823,0.0
derpp,slowheat_er_ace_hidden_beta_30_budget_0.25,forward_transfer,2129,0.0
derpp,slowheat_er_ace_hidden_beta_30_budget_0.25,forward_transfer,2423,-0.00024999999999997247
derpp,slowheat_er_ace_hidden_beta_30_budget_0.25,forward_transfer,2729,0.0
derpp,slowheat_er_ace_hidden_beta_30_budget_0.25,forward_transfer,3037,0.0
derpp,slowheat_er_ace_hidden_beta_30_budget_0.25,task_aware_final_accuracy,311,0.0005999999999999339
derpp,slowheat_er_ace_hidden_beta_30_budget_0.25,task_aware_final_accuracy,617,-0.005199999999999871
derpp,slowheat_er_ace_hidden_beta_30_budget_0.25,task_aware_final_accuracy,919,-0.0014000000000000679
derpp,slowheat_er_ace_hidden_beta_30_budget_0.25,task_aware_final_accuracy,1223,0.0038000000000000256
derpp,slowheat_er_ace_hidden_beta_30_budget_0.25,task_aware_final_accuracy,1523,0.002000000000000113
derpp,slowheat_er_ace_hidden_beta_30_budget_0.25,task_aware_final_accuracy,1823,-0.0048000000000000265
derpp,slowheat_er_ace_hidden_beta_30_budget_0.25,task_aware_final_accuracy,2129,-0.005199999999999982
derpp,slowheat_er_ace_hidden_beta_30_budget_0.25,task_aware_final_accuracy,2423,0.0033999999999998476
derpp,slowheat_er_ace_hidden_beta_30_budget_0.25,task_aware_final_accuracy,2729,0.002000000000000224
derpp,slowheat_er_ace_hidden_beta_30_budget_0.25,task_aware_final_accuracy,3037,-0.000200000000000089
derpp,slowheat_er_ace_hidden_beta_30_budget_0.25,task_aware_forgetting,311,-0.0027500000000000024
derpp,slowheat_er_ace_hidden_beta_30_budget_0.25,task_aware_forgetting,617,0.004250000000000004
derpp,slowheat_er_ace_hidden_beta_30_budget_0.25,task_aware_forgetting,919,-0.0002500000000000002
derpp,slowheat_er_ace_hidden_beta_30_budget_0.25,task_aware_forgetting,1223,-0.004250000000000004
derpp,slowheat_er_ace_hidden_beta_30_budget_0.25,task_aware_forgetting,1523,-0.005750000000000005
derpp,slowheat_er_ace_hidden_beta_30_budget_0.25,task_aware_forgetting,1823,0.0025000000000000022
derpp,slowheat_er_ace_hidden_beta_30_budget_0.25,task_aware_forgetting,2129,0.003500000000000003
derpp,slowheat_er_ace_hidden_beta_30_budget_0.25,task_aware_forgetting,2423,-0.0062500000000000056
derpp,slowheat_er_ace_hidden_beta_30_budget_0.25,task_aware_forgetting,2729,-0.0062500000000000056
derpp,slowheat_er_ace_hidden_beta_30_budget_0.25,task_aware_forgetting,3037,0.0
derpp,slowheat_er_ace_hidden_beta_30_budget_0.25,classifier_gap,311,0.11119999999999985
derpp,slowheat_er_ace_hidden_beta_30_budget_0.25,classifier_gap,617,0.1454000000000002
derpp,slowheat_er_ace_hidden_beta_30_budget_0.25,classifier_gap,919,0.11399999999999999
derpp,slowheat_er_ace_hidden_beta_30_budget_0.25,classifier_gap,1223,0.09960000000000002
derpp,slowheat_er_ace_hidden_beta_30_budget_0.25,classifier_gap,1523,0.0990000000000002
derpp,slowheat_er_ace_hidden_beta_30_budget_0.25,classifier_gap,1823,0.1392
derpp,slowheat_er_ace_hidden_beta_30_budget_0.25,classifier_gap,2129,0.12660000000000016
derpp,slowheat_er_ace_hidden_beta_30_budget_0.25,classifier_gap,2423,0.1197999999999999
derpp,slowheat_er_ace_hidden_beta_30_budget_0.25,classifier_gap,2729,0.14160000000000017
derpp,slowheat_er_ace_hidden_beta_30_budget_0.25,classifier_gap,3037,0.13759999999999994
derpp,slowheat_er_ace_hidden_beta_30_budget_0.25,elapsed_seconds,311,1.5100294779695105
derpp,slowheat_er_ace_hidden_beta_30_budget_0.25,elapsed_seconds,617,1.258895250997739
derpp,slowheat_er_ace_hidden_beta_30_budget_0.25,elapsed_seconds,919,1.4909212579659652
derpp,slowheat_er_ace_hidden_beta_30_budget_0.25,elapsed_seconds,1223,1.6167643170047086
derpp,slowheat_er_ace_hidden_beta_30_budget_0.25,elapsed_seconds,1523,1.5914703529851977
derpp,slowheat_er_ace_hidden_beta_30_budget_0.25,elapsed_seconds,1823,1.5129055040015373
derpp,slowheat_er_ace_hidden_beta_30_budget_0.25,elapsed_seconds,2129,1.7214965969906189
derpp,slowheat_er_ace_hidden_beta_30_budget_0.25,elapsed_seconds,2423,1.653891019988805
derpp,slowheat_er_ace_hidden_beta_30_budget_0.25,elapsed_seconds,2729,1.5330973179952707
derpp,slowheat_er_ace_hidden_beta_30_budget_0.25,elapsed_seconds,3037,1.5185491319862194
derpp,slowheat_er_ace_hidden_beta_30_budget_0.25,learner_examples_processed,311,0.0
derpp,slowheat_er_ace_hidden_beta_30_budget_0.25,learner_examples_processed,617,0.0
derpp,slowheat_er_ace_hidden_beta_30_budget_0.25,learner_examples_processed,919,0.0
derpp,slowheat_er_ace_hidden_beta_30_budget_0.25,learner_examples_processed,1223,0.0
derpp,slowheat_er_ace_hidden_beta_30_budget_0.25,learner_examples_processed,1523,0.0
derpp,slowheat_er_ace_hidden_beta_30_budget_0.25,learner_examples_processed,1823,0.0
derpp,slowheat_er_ace_hidden_beta_30_budget_0.25,learner_examples_processed,2129,0.0
derpp,slowheat_er_ace_hidden_beta_30_budget_0.25,learner_examples_processed,2423,0.0
derpp,slowheat_er_ace_hidden_beta_30_budget_0.25,learner_examples_processed,2729,0.0
derpp,slowheat_er_ace_hidden_beta_30_budget_0.25,learner_examples_processed,3037,0.0
derpp,slowheat_er_ace_hidden_beta_30_budget_0.25,total_model_examples_processed,311,0.0
derpp,slowheat_er_ace_hidden_beta_30_budget_0.25,total_model_examples_processed,617,0.0
derpp,slowheat_er_ace_hidden_beta_30_budget_0.25,total_model_examples_processed,919,0.0
derpp,slowheat_er_ace_hidden_beta_30_budget_0.25,total_model_examples_processed,1223,0.0
derpp,slowheat_er_ace_hidden_beta_30_budget_0.25,total_model_examples_processed,1523,0.0
derpp,slowheat_er_ace_hidden_beta_30_budget_0.25,total_model_examples_processed,1823,0.0
derpp,slowheat_er_ace_hidden_beta_30_budget_0.25,total_model_examples_processed,2129,0.0
derpp,slowheat_er_ace_hidden_beta_30_budget_0.25,total_model_examples_processed,2423,0.0
derpp,slowheat_er_ace_hidden_beta_30_budget_0.25,total_model_examples_processed,2729,0.0
derpp,slowheat_er_ace_hidden_beta_30_budget_0.25,total_model_examples_processed,3037,0.0
derpp,slowheat_er_ace_hidden_beta_30_budget_0.25,estimated_total_flops,311,407300480.0
derpp,slowheat_er_ace_hidden_beta_30_budget_0.25,estimated_total_flops,617,407300480.0
derpp,slowheat_er_ace_hidden_beta_30_budget_0.25,estimated_total_flops,919,407300480.0
derpp,slowheat_er_ace_hidden_beta_30_budget_0.25,estimated_total_flops,1223,407300480.0
derpp,slowheat_er_ace_hidden_beta_30_budget_0.25,estimated_total_flops,1523,407300480.0
derpp,slowheat_er_ace_hidden_beta_30_budget_0.25,estimated_total_flops,1823,407300480.0
derpp,slowheat_er_ace_hidden_beta_30_budget_0.25,estimated_total_flops,2129,407300480.0
derpp,slowheat_er_ace_hidden_beta_30_budget_0.25,estimated_total_flops,2423,407300480.0
derpp,slowheat_er_ace_hidden_beta_30_budget_0.25,estimated_total_flops,2729,407300480.0
derpp,slowheat_er_ace_hidden_beta_30_budget_0.25,estimated_total_flops,3037,407300480.0
derpp,slowheat_er_ace_hidden_beta_30_budget_0.25,estimated_overhead_flops,311,407300480.0
derpp,slowheat_er_ace_hidden_beta_30_budget_0.25,estimated_overhead_flops,617,407300480.0
derpp,slowheat_er_ace_hidden_beta_30_budget_0.25,estimated_overhead_flops,919,407300480.0
derpp,slowheat_er_ace_hidden_beta_30_budget_0.25,estimated_overhead_flops,1223,407300480.0
derpp,slowheat_er_ace_hidden_beta_30_budget_0.25,estimated_overhead_flops,1523,407300480.0
derpp,slowheat_er_ace_hidden_beta_30_budget_0.25,estimated_overhead_flops,1823,407300480.0
derpp,slowheat_er_ace_hidden_beta_30_budget_0.25,estimated_overhead_flops,2129,407300480.0
derpp,slowheat_er_ace_hidden_beta_30_budget_0.25,estimated_overhead_flops,2423,407300480.0
derpp,slowheat_er_ace_hidden_beta_30_budget_0.25,estimated_overhead_flops,2729,407300480.0
derpp,slowheat_er_ace_hidden_beta_30_budget_0.25,estimated_overhead_flops,3037,407300480.0
derpp,slowheat_er_ace_hidden_beta_30_budget_0.25,replay_memory_bytes,311,0.0
derpp,slowheat_er_ace_hidden_beta_30_budget_0.25,replay_memory_bytes,617,0.0
derpp,slowheat_er_ace_hidden_beta_30_budget_0.25,replay_memory_bytes,919,0.0
derpp,slowheat_er_ace_hidden_beta_30_budget_0.25,replay_memory_bytes,1223,0.0
derpp,slowheat_er_ace_hidden_beta_30_budget_0.25,replay_memory_bytes,1523,0.0
derpp,slowheat_er_ace_hidden_beta_30_budget_0.25,replay_memory_bytes,1823,0.0
derpp,slowheat_er_ace_hidden_beta_30_budget_0.25,replay_memory_bytes,2129,0.0
derpp,slowheat_er_ace_hidden_beta_30_budget_0.25,replay_memory_bytes,2423,0.0
derpp,slowheat_er_ace_hidden_beta_30_budget_0.25,replay_memory_bytes,2729,0.0
derpp,slowheat_er_ace_hidden_beta_30_budget_0.25,replay_memory_bytes,3037,0.0
derpp,slowheat_er_ace_hidden_beta_30_budget_0.25,stored_logits_bytes,311,-8000.0
derpp,slowheat_er_ace_hidden_beta_30_budget_0.25,stored_logits_bytes,617,-8000.0
derpp,slowheat_er_ace_hidden_beta_30_budget_0.25,stored_logits_bytes,919,-8000.0
derpp,slowheat_er_ace_hidden_beta_30_budget_0.25,stored_logits_bytes,1223,-8000.0
derpp,slowheat_er_ace_hidden_beta_30_budget_0.25,stored_logits_bytes,1523,-8000.0
derpp,slowheat_er_ace_hidden_beta_30_budget_0.25,stored_logits_bytes,1823,-8000.0
derpp,slowheat_er_ace_hidden_beta_30_budget_0.25,stored_logits_bytes,2129,-8000.0
derpp,slowheat_er_ace_hidden_beta_30_budget_0.25,stored_logits_bytes,2423,-8000.0
derpp,slowheat_er_ace_hidden_beta_30_budget_0.25,stored_logits_bytes,2729,-8000.0
derpp,slowheat_er_ace_hidden_beta_30_budget_0.25,stored_logits_bytes,3037,-8000.0
derpp,agem,final_average_accuracy,311,-0.6315999999999999
derpp,agem,final_average_accuracy,617,-0.6298000000000001
derpp,agem,final_average_accuracy,919,-0.6374000000000001
derpp,agem,final_average_accuracy,1223,-0.6077999999999999
derpp,agem,final_average_accuracy,1523,-0.6164000000000001
derpp,agem,final_average_accuracy,1823,-0.6424
derpp,agem,final_average_accuracy,2129,-0.6258000000000001
derpp,agem,final_average_accuracy,2423,-0.5694
derpp,agem,final_average_accuracy,2729,-0.6282
derpp,agem,final_average_accuracy,3037,-0.634
derpp,agem,average_forgetting,311,0.7955000000000001
derpp,agem,average_forgetting,617,0.791
derpp,agem,average_forgetting,919,0.802
derpp,agem,average_forgetting,1223,0.7637499999999999
derpp,agem,average_forgetting,1523,0.7734999999999999
derpp,agem,average_forgetting,1823,0.8045
derpp,agem,average_forgetting,2129,0.7872499999999999
derpp,agem,average_forgetting,2423,0.7172500000000002
derpp,agem,average_forgetting,2729,0.7865
derpp,agem,average_forgetting,3037,0.7989999999999999
derpp,agem,backward_transfer,311,-0.7955000000000001
derpp,agem,backward_transfer,617,-0.791
derpp,agem,backward_transfer,919,-0.802
derpp,agem,backward_transfer,1223,-0.7637499999999999
derpp,agem,backward_transfer,1523,-0.7734999999999999
derpp,agem,backward_transfer,1823,-0.8045
derpp,agem,backward_transfer,2129,-0.7872499999999999
derpp,agem,backward_transfer,2423,-0.7172500000000002
derpp,agem,backward_transfer,2729,-0.7865
derpp,agem,backward_transfer,3037,-0.7989999999999999
derpp,agem,forward_transfer,311,0.0
derpp,agem,forward_transfer,617,-0.0017500000000000293
derpp,agem,forward_transfer,919,0.0
derpp,agem,forward_transfer,1223,0.0
derpp,agem,forward_transfer,1523,0.0
derpp,agem,forward_transfer,1823,0.0
derpp,agem,forward_transfer,2129,0.0
derpp,agem,forward_transfer,2423,0.000250000000000028
derpp,agem,forward_transfer,2729,0.0007500000000000284
derpp,agem,forward_transfer,3037,0.0
derpp,agem,task_aware_final_accuracy,311,-0.07400000000000007
derpp,agem,task_aware_final_accuracy,617,-0.08699999999999986
derpp,agem,task_aware_final_accuracy,919,-0.02739999999999987
derpp,agem,task_aware_final_accuracy,1223,-0.11419999999999997
derpp,agem,task_aware_final_accuracy,1523,-0.05459999999999998
derpp,agem,task_aware_final_accuracy,1823,-0.09479999999999988
derpp,agem,task_aware_final_accuracy,2129,-0.055399999999999894
derpp,agem,task_aware_final_accuracy,2423,-0.013800000000000145
derpp,agem,task_aware_final_accuracy,2729,-0.08259999999999978
derpp,agem,task_aware_final_accuracy,3037,-0.10099999999999998
derpp,agem,task_aware_forgetting,311,0.09025
derpp,agem,task_aware_forgetting,617,0.10874999999999999
derpp,agem,task_aware_forgetting,919,0.032749999999999974
derpp,agem,task_aware_forgetting,1223,0.1425
derpp,agem,task_aware_forgetting,1523,0.06525
derpp,agem,task_aware_forgetting,1823,0.11399999999999999
derpp,agem,task_aware_forgetting,2129,0.067
derpp,agem,task_aware_forgetting,2423,0.018000000000000016
derpp,agem,task_aware_forgetting,2729,0.101
derpp,agem,task_aware_forgetting,3037,0.12599999999999997
derpp,agem,classifier_gap,311,0.5575999999999999
derpp,agem,classifier_gap,617,0.5428000000000003
derpp,agem,classifier_gap,919,0.6100000000000002
derpp,agem,classifier_gap,1223,0.49360000000000004
derpp,agem,classifier_gap,1523,0.5618
derpp,agem,classifier_gap,1823,0.5476000000000001
derpp,agem,classifier_gap,2129,0.5704000000000001
derpp,agem,classifier_gap,2423,0.5555999999999999
derpp,agem,classifier_gap,2729,0.5456000000000002
derpp,agem,classifier_gap,3037,0.533
derpp,agem,elapsed_seconds,311,0.12151761096902192
derpp,agem,elapsed_seconds,617,-0.00304777201381512
derpp,agem,elapsed_seconds,919,0.10677287896396592
derpp,agem,elapsed_seconds,1223,0.047346120001748204
derpp,agem,elapsed_seconds,1523,0.03618154299329035
derpp,agem,elapsed_seconds,1823,0.017068466026103124
derpp,agem,elapsed_seconds,2129,0.19261889799963683
derpp,agem,elapsed_seconds,2423,0.17323736197431572
derpp,agem,elapsed_seconds,2729,0.02514289499958977
derpp,agem,elapsed_seconds,3037,0.02182203298434615
derpp,agem,learner_examples_processed,311,0.0
derpp,agem,learner_examples_processed,617,0.0
derpp,agem,learner_examples_processed,919,0.0
derpp,agem,learner_examples_processed,1223,0.0
derpp,agem,learner_examples_processed,1523,0.0
derpp,agem,learner_examples_processed,1823,0.0
derpp,agem,learner_examples_processed,2129,0.0
derpp,agem,learner_examples_processed,2423,0.0
derpp,agem,learner_examples_processed,2729,0.0
derpp,agem,learner_examples_processed,3037,0.0
derpp,agem,total_model_examples_processed,311,0.0
derpp,agem,total_model_examples_processed,617,0.0
derpp,agem,total_model_examples_processed,919,0.0
derpp,agem,total_model_examples_processed,1223,0.0
derpp,agem,total_model_examples_processed,1523,0.0
derpp,agem,total_model_examples_processed,1823,0.0
derpp,agem,total_model_examples_processed,2129,0.0
derpp,agem,total_model_examples_processed,2423,0.0
derpp,agem,total_model_examples_processed,2729,0.0
derpp,agem,total_model_examples_processed,3037,0.0
derpp,agem,estimated_total_flops,311,0.0
derpp,agem,estimated_total_flops,617,0.0
derpp,agem,estimated_total_flops,919,0.0
derpp,agem,estimated_total_flops,1223,0.0
derpp,agem,estimated_total_flops,1523,0.0
derpp,agem,estimated_total_flops,1823,0.0
derpp,agem,estimated_total_flops,2129,0.0
derpp,agem,estimated_total_flops,2423,0.0
derpp,agem,estimated_total_flops,2729,0.0
derpp,agem,estimated_total_flops,3037,0.0
derpp,agem,estimated_overhead_flops,311,0.0
derpp,agem,estimated_overhead_flops,617,0.0
derpp,agem,estimated_overhead_flops,919,0.0
derpp,agem,estimated_overhead_flops,1223,0.0
derpp,agem,estimated_overhead_flops,1523,0.0
derpp,agem,estimated_overhead_flops,1823,0.0
derpp,agem,estimated_overhead_flops,2129,0.0
derpp,agem,estimated_overhead_flops,2423,0.0
derpp,agem,estimated_overhead_flops,2729,0.0
derpp,agem,estimated_overhead_flops,3037,0.0
derpp,agem,replay_memory_bytes,311,0.0
derpp,agem,replay_memory_bytes,617,0.0
derpp,agem,replay_memory_bytes,919,0.0
derpp,agem,replay_memory_bytes,1223,0.0
derpp,agem,replay_memory_bytes,1523,0.0
derpp,agem,replay_memory_bytes,1823,0.0
derpp,agem,replay_memory_bytes,2129,0.0
derpp,agem,replay_memory_bytes,2423,0.0
derpp,agem,replay_memory_bytes,2729,0.0
derpp,agem,replay_memory_bytes,3037,0.0
derpp,agem,stored_logits_bytes,311,-8000.0
derpp,agem,stored_logits_bytes,617,-8000.0
derpp,agem,stored_logits_bytes,919,-8000.0
derpp,agem,stored_logits_bytes,1223,-8000.0
derpp,agem,stored_logits_bytes,1523,-8000.0
derpp,agem,stored_logits_bytes,1823,-8000.0
derpp,agem,stored_logits_bytes,2129,-8000.0
derpp,agem,stored_logits_bytes,2423,-8000.0
derpp,agem,stored_logits_bytes,2729,-8000.0
derpp,agem,stored_logits_bytes,3037,-8000.0
derpp,ewc,final_average_accuracy,311,-0.6319999999999999
derpp,ewc,final_average_accuracy,617,-0.6320000000000001
derpp,ewc,final_average_accuracy,919,-0.6426000000000001
derpp,ewc,final_average_accuracy,1223,-0.6083999999999999
derpp,ewc,final_average_accuracy,1523,-0.6166
derpp,ewc,final_average_accuracy,1823,-0.6424
derpp,ewc,final_average_accuracy,2129,-0.6342000000000001
derpp,ewc,final_average_accuracy,2423,-0.6222
derpp,ewc,final_average_accuracy,2729,-0.6292
derpp,ewc,final_average_accuracy,3037,-0.634
derpp,ewc,average_forgetting,311,0.7942499999999999
derpp,ewc,average_forgetting,617,0.7889999999999999
derpp,ewc,average_forgetting,919,0.80575
derpp,ewc,average_forgetting,1223,0.76125
derpp,ewc,average_forgetting,1523,0.7745
derpp,ewc,average_forgetting,1823,0.806
derpp,ewc,average_forgetting,2129,0.7945
derpp,ewc,average_forgetting,2423,0.7802499999999999
derpp,ewc,average_forgetting,2729,0.78575
derpp,ewc,average_forgetting,3037,0.79775
derpp,ewc,backward_transfer,311,-0.7942499999999999
derpp,ewc,backward_transfer,617,-0.7889999999999999
derpp,ewc,backward_transfer,919,-0.80575
derpp,ewc,backward_transfer,1223,-0.76125
derpp,ewc,backward_transfer,1523,-0.7745
derpp,ewc,backward_transfer,1823,-0.806
derpp,ewc,backward_transfer,2129,-0.7945
derpp,ewc,backward_transfer,2423,-0.7802499999999999
derpp,ewc,backward_transfer,2729,-0.78575
derpp,ewc,backward_transfer,3037,-0.79775
derpp,ewc,forward_transfer,311,0.0
derpp,ewc,forward_transfer,617,-0.0022500000000000298
derpp,ewc,forward_transfer,919,0.0
derpp,ewc,forward_transfer,1223,0.0
derpp,ewc,forward_transfer,1523,0.0
derpp,ewc,forward_transfer,1823,0.0
derpp,ewc,forward_transfer,2129,0.0
derpp,ewc,forward_transfer,2423,-0.00024999999999997247
derpp,ewc,forward_transfer,2729,0.0
derpp,ewc,forward_transfer,3037,0.0
derpp,ewc,task_aware_final_accuracy,311,-0.3296
derpp,ewc,task_aware_final_accuracy,617,-0.2811999999999999
derpp,ewc,task_aware_final_accuracy,919,-0.28780000000000006
derpp,ewc,task_aware_final_accuracy,1223,-0.3135999999999999
derpp,ewc,task_aware_final_accuracy,1523,-0.23299999999999987
derpp,ewc,task_aware_final_accuracy,1823,-0.27980000000000005
derpp,ewc,task_aware_final_accuracy,2129,-0.3036
derpp,ewc,task_aware_final_accuracy,2423,-0.21720000000000006
derpp,ewc,task_aware_final_accuracy,2729,-0.33099999999999996
derpp,ewc,task_aware_final_accuracy,3037,-0.2964
derpp,ewc,task_aware_forgetting,311,0.40800000000000003
derpp,ewc,task_aware_forgetting,617,0.34674999999999995
derpp,ewc,task_aware_forgetting,919,0.35550000000000004
derpp,ewc,task_aware_forgetting,1223,0.38849999999999996
derpp,ewc,task_aware_forgetting,1523,0.28824999999999995
derpp,ewc,task_aware_forgetting,1823,0.34675
derpp,ewc,task_aware_forgetting,2129,0.374
derpp,ewc,task_aware_forgetting,2423,0.26925
derpp,ewc,task_aware_forgetting,2729,0.40925
derpp,ewc,task_aware_forgetting,3037,0.369
derpp,ewc,classifier_gap,311,0.30239999999999995
derpp,ewc,classifier_gap,617,0.3508000000000002
derpp,ewc,classifier_gap,919,0.3548
derpp,ewc,classifier_gap,1223,0.29480000000000006
derpp,ewc,classifier_gap,1523,0.38360000000000016
derpp,ewc,classifier_gap,1823,0.3625999999999999
derpp,ewc,classifier_gap,2129,0.3306000000000001
derpp,ewc,classifier_gap,2423,0.4049999999999999
derpp,ewc,classifier_gap,2729,0.2982
derpp,ewc,classifier_gap,3037,0.3376
derpp,ewc,elapsed_seconds,311,0.222706123982789
derpp,ewc,elapsed_seconds,617,0.17320818599546328
derpp,ewc,elapsed_seconds,919,0.122873977990821
derpp,ewc,elapsed_seconds,1223,0.16049760999158025
derpp,ewc,elapsed_seconds,1523,0.1556484350003302
derpp,ewc,elapsed_seconds,1823,0.15131707399268635
derpp,ewc,elapsed_seconds,2129,0.3363939489936456
derpp,ewc,elapsed_seconds,2423,0.29534460898139514
derpp,ewc,elapsed_seconds,2729,0.20222028100397438
derpp,ewc,elapsed_seconds,3037,0.16072007699403912
derpp,ewc,learner_examples_processed,311,-40960.0
derpp,ewc,learner_examples_processed,617,-40960.0
derpp,ewc,learner_examples_processed,919,-40960.0
derpp,ewc,learner_examples_processed,1223,-40960.0
derpp,ewc,learner_examples_processed,1523,-40960.0
derpp,ewc,learner_examples_processed,1823,-40960.0
derpp,ewc,learner_examples_processed,2129,-40960.0
derpp,ewc,learner_examples_processed,2423,-40960.0
derpp,ewc,learner_examples_processed,2729,-40960.0
derpp,ewc,learner_examples_processed,3037,-40960.0
derpp,ewc,total_model_examples_processed,311,-40960.0
derpp,ewc,total_model_examples_processed,617,-40960.0
derpp,ewc,total_model_examples_processed,919,-40960.0
derpp,ewc,total_model_examples_processed,1223,-40960.0
derpp,ewc,total_model_examples_processed,1523,-40960.0
derpp,ewc,total_model_examples_processed,1823,-40960.0
derpp,ewc,total_model_examples_processed,2129,-40960.0
derpp,ewc,total_model_examples_processed,2423,-40960.0
derpp,ewc,total_model_examples_processed,2729,-40960.0
derpp,ewc,total_model_examples_processed,3037,-40960.0
derpp,ewc,estimated_total_flops,311,-57089502030.0
derpp,ewc,estimated_total_flops,617,-57089502030.0
derpp,ewc,estimated_total_flops,919,-57089502030.0
derpp,ewc,estimated_total_flops,1223,-57089502030.0
derpp,ewc,estimated_total_flops,1523,-57089502030.0
derpp,ewc,estimated_total_flops,1823,-57089502030.0
derpp,ewc,estimated_total_flops,2129,-57089502030.0
derpp,ewc,estimated_total_flops,2423,-57089502030.0
derpp,ewc,estimated_total_flops,2729,-57089502030.0
derpp,ewc,estimated_total_flops,3037,-57089502030.0
derpp,ewc,estimated_overhead_flops,311,603149490.0
derpp,ewc,estimated_overhead_flops,617,603149490.0
derpp,ewc,estimated_overhead_flops,919,603149490.0
derpp,ewc,estimated_overhead_flops,1223,603149490.0
derpp,ewc,estimated_overhead_flops,1523,603149490.0
derpp,ewc,estimated_overhead_flops,1823,603149490.0
derpp,ewc,estimated_overhead_flops,2129,603149490.0
derpp,ewc,estimated_overhead_flops,2423,603149490.0
derpp,ewc,estimated_overhead_flops,2729,603149490.0
derpp,ewc,estimated_overhead_flops,3037,603149490.0
derpp,ewc,replay_memory_bytes,311,-628800.0
derpp,ewc,replay_memory_bytes,617,-628800.0
derpp,ewc,replay_memory_bytes,919,-628800.0
derpp,ewc,replay_memory_bytes,1223,-628800.0
derpp,ewc,replay_memory_bytes,1523,-628800.0
derpp,ewc,replay_memory_bytes,1823,-628800.0
derpp,ewc,replay_memory_bytes,2129,-628800.0
derpp,ewc,replay_memory_bytes,2423,-628800.0
derpp,ewc,replay_memory_bytes,2729,-628800.0
derpp,ewc,replay_memory_bytes,3037,-628800.0
derpp,ewc,stored_logits_bytes,311,-8000.0
derpp,ewc,stored_logits_bytes,617,-8000.0
derpp,ewc,stored_logits_bytes,919,-8000.0
derpp,ewc,stored_logits_bytes,1223,-8000.0
derpp,ewc,stored_logits_bytes,1523,-8000.0
derpp,ewc,stored_logits_bytes,1823,-8000.0
derpp,ewc,stored_logits_bytes,2129,-8000.0
derpp,ewc,stored_logits_bytes,2423,-8000.0
derpp,ewc,stored_logits_bytes,2729,-8000.0
derpp,ewc,stored_logits_bytes,3037,-8000.0
derpp,si,final_average_accuracy,311,-0.6325999999999999
derpp,si,final_average_accuracy,617,-0.6308
derpp,si,final_average_accuracy,919,-0.6424000000000001
derpp,si,final_average_accuracy,1223,-0.6088
derpp,si,final_average_accuracy,1523,-0.6172
derpp,si,final_average_accuracy,1823,-0.6417999999999999
derpp,si,final_average_accuracy,2129,-0.6324000000000001
derpp,si,final_average_accuracy,2423,-0.6212
derpp,si,final_average_accuracy,2729,-0.6286
derpp,si,final_average_accuracy,3037,-0.6342
derpp,si,average_forgetting,311,0.7934999999999999
derpp,si,average_forgetting,617,0.7902499999999999
derpp,si,average_forgetting,919,0.80575
derpp,si,average_forgetting,1223,0.762
derpp,si,average_forgetting,1523,0.774
derpp,si,average_forgetting,1823,0.80525
derpp,si,average_forgetting,2129,0.7949999999999999
derpp,si,average_forgetting,2423,0.7809999999999999
derpp,si,average_forgetting,2729,0.78625
derpp,si,average_forgetting,3037,0.79725
derpp,si,backward_transfer,311,-0.7934999999999999
derpp,si,backward_transfer,617,-0.7902499999999999
derpp,si,backward_transfer,919,-0.80575
derpp,si,backward_transfer,1223,-0.762
derpp,si,backward_transfer,1523,-0.774
derpp,si,backward_transfer,1823,-0.80525
derpp,si,backward_transfer,2129,-0.7949999999999999
derpp,si,backward_transfer,2423,-0.7809999999999999
derpp,si,backward_transfer,2729,-0.78625
derpp,si,backward_transfer,3037,-0.79725
derpp,si,forward_transfer,311,0.0
derpp,si,forward_transfer,617,-0.0022500000000000298
derpp,si,forward_transfer,919,0.0
derpp,si,forward_transfer,1223,0.0
derpp,si,forward_transfer,1523,0.0
derpp,si,forward_transfer,1823,0.0
derpp,si,forward_transfer,2129,0.0
derpp,si,forward_transfer,2423,-0.00024999999999997247
derpp,si,forward_transfer,2729,0.0
derpp,si,forward_transfer,3037,0.0
derpp,si,task_aware_final_accuracy,311,-0.35640000000000005
derpp,si,task_aware_final_accuracy,617,-0.24539999999999995
derpp,si,task_aware_final_accuracy,919,-0.3126
derpp,si,task_aware_final_accuracy,1223,-0.29399999999999993
derpp,si,task_aware_final_accuracy,1523,-0.21899999999999997
derpp,si,task_aware_final_accuracy,1823,-0.2822
derpp,si,task_aware_final_accuracy,2129,-0.31799999999999995
derpp,si,task_aware_final_accuracy,2423,-0.2604000000000001
derpp,si,task_aware_final_accuracy,2729,-0.22399999999999998
derpp,si,task_aware_final_accuracy,3037,-0.28800000000000014
derpp,si,task_aware_forgetting,311,0.44000000000000006
derpp,si,task_aware_forgetting,617,0.3047499999999999
derpp,si,task_aware_forgetting,919,0.3867499999999999
derpp,si,task_aware_forgetting,1223,0.36424999999999996
derpp,si,task_aware_forgetting,1523,0.2695
derpp,si,task_aware_forgetting,1823,0.34975
derpp,si,task_aware_forgetting,2129,0.39474999999999993
derpp,si,task_aware_forgetting,2423,0.32525000000000004
derpp,si,task_aware_forgetting,2729,0.27675000000000005
derpp,si,task_aware_forgetting,3037,0.35775
derpp,si,classifier_gap,311,0.2761999999999999
derpp,si,classifier_gap,617,0.3854000000000001
derpp,si,classifier_gap,919,0.3298000000000001
derpp,si,classifier_gap,1223,0.3148
derpp,si,classifier_gap,1523,0.3982
derpp,si,classifier_gap,1823,0.3595999999999999
derpp,si,classifier_gap,2129,0.3144000000000001
derpp,si,classifier_gap,2423,0.3607999999999999
derpp,si,classifier_gap,2729,0.40460000000000007
derpp,si,classifier_gap,3037,0.34619999999999984
derpp,si,elapsed_seconds,311,0.525015983992489
derpp,si,elapsed_seconds,617,0.45442428399110213
derpp,si,elapsed_seconds,919,0.4259895869763568
derpp,si,elapsed_seconds,1223,0.4772952330240514
derpp,si,elapsed_seconds,1523,0.4620708409929648
derpp,si,elapsed_seconds,1823,0.4386786260001827
derpp,si,elapsed_seconds,2129,0.6212724369834177
derpp,si,elapsed_seconds,2423,0.5502214919833932
derpp,si,elapsed_seconds,2729,0.50111165700946
derpp,si,elapsed_seconds,3037,0.4513626729894895
derpp,si,learner_examples_processed,311,-40960.0
derpp,si,learner_examples_processed,617,-40960.0
derpp,si,learner_examples_processed,919,-40960.0
derpp,si,learner_examples_processed,1223,-40960.0
derpp,si,learner_examples_processed,1523,-40960.0
derpp,si,learner_examples_processed,1823,-40960.0
derpp,si,learner_examples_processed,2129,-40960.0
derpp,si,learner_examples_processed,2423,-40960.0
derpp,si,learner_examples_processed,2729,-40960.0
derpp,si,learner_examples_processed,3037,-40960.0
derpp,si,total_model_examples_processed,311,-40960.0
derpp,si,total_model_examples_processed,617,-40960.0
derpp,si,total_model_examples_processed,919,-40960.0
derpp,si,total_model_examples_processed,1223,-40960.0
derpp,si,total_model_examples_processed,1523,-40960.0
derpp,si,total_model_examples_processed,1823,-40960.0
derpp,si,total_model_examples_processed,2129,-40960.0
derpp,si,total_model_examples_processed,2423,-40960.0
derpp,si,total_model_examples_processed,2729,-40960.0
derpp,si,total_model_examples_processed,3037,-40960.0
derpp,si,estimated_total_flops,311,-56521624440.0
derpp,si,estimated_total_flops,617,-56521624440.0
derpp,si,estimated_total_flops,919,-56521624440.0
derpp,si,estimated_total_flops,1223,-56521624440.0
derpp,si,estimated_total_flops,1523,-56521624440.0
derpp,si,estimated_total_flops,1823,-56521624440.0
derpp,si,estimated_total_flops,2129,-56521624440.0
derpp,si,estimated_total_flops,2423,-56521624440.0
derpp,si,estimated_total_flops,2729,-56521624440.0
derpp,si,estimated_total_flops,3037,-56521624440.0
derpp,si,estimated_overhead_flops,311,1171027080.0
derpp,si,estimated_overhead_flops,617,1171027080.0
derpp,si,estimated_overhead_flops,919,1171027080.0
derpp,si,estimated_overhead_flops,1223,1171027080.0
derpp,si,estimated_overhead_flops,1523,1171027080.0
derpp,si,estimated_overhead_flops,1823,1171027080.0
derpp,si,estimated_overhead_flops,2129,1171027080.0
derpp,si,estimated_overhead_flops,2423,1171027080.0
derpp,si,estimated_overhead_flops,2729,1171027080.0
derpp,si,estimated_overhead_flops,3037,1171027080.0
derpp,si,replay_memory_bytes,311,-628800.0
derpp,si,replay_memory_bytes,617,-628800.0
derpp,si,replay_memory_bytes,919,-628800.0
derpp,si,replay_memory_bytes,1223,-628800.0
derpp,si,replay_memory_bytes,1523,-628800.0
derpp,si,replay_memory_bytes,1823,-628800.0
derpp,si,replay_memory_bytes,2129,-628800.0
derpp,si,replay_memory_bytes,2423,-628800.0
derpp,si,replay_memory_bytes,2729,-628800.0
derpp,si,replay_memory_bytes,3037,-628800.0
derpp,si,stored_logits_bytes,311,-8000.0
derpp,si,stored_logits_bytes,617,-8000.0
derpp,si,stored_logits_bytes,919,-8000.0
derpp,si,stored_logits_bytes,1223,-8000.0
derpp,si,stored_logits_bytes,1523,-8000.0
derpp,si,stored_logits_bytes,1823,-8000.0
derpp,si,stored_logits_bytes,2129,-8000.0
derpp,si,stored_logits_bytes,2423,-8000.0
derpp,si,stored_logits_bytes,2729,-8000.0
derpp,si,stored_logits_bytes,3037,-8000.0
derpp,lwf_calibrated,final_average_accuracy,311,-0.633
derpp,lwf_calibrated,final_average_accuracy,617,-0.6300000000000001
derpp,lwf_calibrated,final_average_accuracy,919,-0.641
derpp,lwf_calibrated,final_average_accuracy,1223,-0.6066
derpp,lwf_calibrated,final_average_accuracy,1523,-0.6178
derpp,lwf_calibrated,final_average_accuracy,1823,-0.6432
derpp,lwf_calibrated,final_average_accuracy,2129,-0.6326
derpp,lwf_calibrated,final_average_accuracy,2423,-0.6214
derpp,lwf_calibrated,final_average_accuracy,2729,-0.6295999999999999
derpp,lwf_calibrated,final_average_accuracy,3037,-0.6348
derpp,lwf_calibrated,average_forgetting,311,0.7922500000000001
derpp,lwf_calibrated,average_forgetting,617,0.79025
derpp,lwf_calibrated,average_forgetting,919,0.8042499999999999
derpp,lwf_calibrated,average_forgetting,1223,0.76275
derpp,lwf_calibrated,average_forgetting,1523,0.7742499999999999
derpp,lwf_calibrated,average_forgetting,1823,0.806
derpp,lwf_calibrated,average_forgetting,2129,0.7945
derpp,lwf_calibrated,average_forgetting,2423,0.782
derpp,lwf_calibrated,average_forgetting,2729,0.7857500000000001
derpp,lwf_calibrated,average_forgetting,3037,0.798
derpp,lwf_calibrated,backward_transfer,311,-0.7922500000000001
derpp,lwf_calibrated,backward_transfer,617,-0.79025
derpp,lwf_calibrated,backward_transfer,919,-0.8042499999999999
derpp,lwf_calibrated,backward_transfer,1223,-0.76275
derpp,lwf_calibrated,backward_transfer,1523,-0.7742499999999999
derpp,lwf_calibrated,backward_transfer,1823,-0.806
derpp,lwf_calibrated,backward_transfer,2129,-0.7945
derpp,lwf_calibrated,backward_transfer,2423,-0.782
derpp,lwf_calibrated,backward_transfer,2729,-0.7857500000000001
derpp,lwf_calibrated,backward_transfer,3037,-0.798
derpp,lwf_calibrated,forward_transfer,311,0.0
derpp,lwf_calibrated,forward_transfer,617,-0.0022500000000000298
derpp,lwf_calibrated,forward_transfer,919,0.0
derpp,lwf_calibrated,forward_transfer,1223,0.0
derpp,lwf_calibrated,forward_transfer,1523,0.0
derpp,lwf_calibrated,forward_transfer,1823,0.0
derpp,lwf_calibrated,forward_transfer,2129,0.0
derpp,lwf_calibrated,forward_transfer,2423,-0.00024999999999997247
derpp,lwf_calibrated,forward_transfer,2729,0.0
derpp,lwf_calibrated,forward_transfer,3037,0.0
derpp,lwf_calibrated,task_aware_final_accuracy,311,-0.13180000000000003
derpp,lwf_calibrated,task_aware_final_accuracy,617,-0.10119999999999996
derpp,lwf_calibrated,task_aware_final_accuracy,919,-0.09580000000000011
derpp,lwf_calibrated,task_aware_final_accuracy,1223,-0.09539999999999993
derpp,lwf_calibrated,task_aware_final_accuracy,1523,-0.017199999999999882
derpp,lwf_calibrated,task_aware_final_accuracy,1823,-0.0686
derpp,lwf_calibrated,task_aware_final_accuracy,2129,-0.027000000000000135
derpp,lwf_calibrated,task_aware_final_accuracy,2423,-0.09860000000000002
derpp,lwf_calibrated,task_aware_final_accuracy,2729,-0.1579999999999998
derpp,lwf_calibrated,task_aware_final_accuracy,3037,-0.15900000000000003
derpp,lwf_calibrated,task_aware_forgetting,311,0.15774999999999997
derpp,lwf_calibrated,task_aware_forgetting,617,0.12575
derpp,lwf_calibrated,task_aware_forgetting,919,0.11624999999999999
derpp,lwf_calibrated,task_aware_forgetting,1223,0.1195
derpp,lwf_calibrated,task_aware_forgetting,1523,0.016749999999999987
derpp,lwf_calibrated,task_aware_forgetting,1823,0.08200000000000002
derpp,lwf_calibrated,task_aware_forgetting,2129,0.03025
derpp,lwf_calibrated,task_aware_forgetting,2423,0.12375
derpp,lwf_calibrated,task_aware_forgetting,2729,0.1925
derpp,lwf_calibrated,task_aware_forgetting,3037,0.19649999999999998
derpp,lwf_calibrated,classifier_gap,311,0.5012
derpp,lwf_calibrated,classifier_gap,617,0.5288000000000002
derpp,lwf_calibrated,classifier_gap,919,0.5451999999999999
derpp,lwf_calibrated,classifier_gap,1223,0.5112000000000001
derpp,lwf_calibrated,classifier_gap,1523,0.6006000000000001
derpp,lwf_calibrated,classifier_gap,1823,0.5746
derpp,lwf_calibrated,classifier_gap,2129,0.6055999999999999
derpp,lwf_calibrated,classifier_gap,2423,0.5227999999999999
derpp,lwf_calibrated,classifier_gap,2729,0.47160000000000024
derpp,lwf_calibrated,classifier_gap,3037,0.4757999999999999
derpp,lwf_calibrated,elapsed_seconds,311,-0.3999654720246326
derpp,lwf_calibrated,elapsed_seconds,617,-0.46501929001533426
derpp,lwf_calibrated,elapsed_seconds,919,-0.32480249099899083
derpp,lwf_calibrated,elapsed_seconds,1223,-0.42383170998073183
derpp,lwf_calibrated,elapsed_seconds,1523,-0.40347728997585364
derpp,lwf_calibrated,elapsed_seconds,1823,-0.3383369180082809
derpp,lwf_calibrated,elapsed_seconds,2129,-0.3132131290039979
derpp,lwf_calibrated,elapsed_seconds,2423,-0.34383229503873736
derpp,lwf_calibrated,elapsed_seconds,2729,-0.44912111200392246
derpp,lwf_calibrated,elapsed_seconds,3037,-0.4313830279861577
derpp,lwf_calibrated,learner_examples_processed,311,-40960.0
derpp,lwf_calibrated,learner_examples_processed,617,-40960.0
derpp,lwf_calibrated,learner_examples_processed,919,-40960.0
derpp,lwf_calibrated,learner_examples_processed,1223,-40960.0
derpp,lwf_calibrated,learner_examples_processed,1523,-40960.0
derpp,lwf_calibrated,learner_examples_processed,1823,-40960.0
derpp,lwf_calibrated,learner_examples_processed,2129,-40960.0
derpp,lwf_calibrated,learner_examples_processed,2423,-40960.0
derpp,lwf_calibrated,learner_examples_processed,2729,-40960.0
derpp,lwf_calibrated,learner_examples_processed,3037,-40960.0
derpp,lwf_calibrated,total_model_examples_processed,311,40960.0
derpp,lwf_calibrated,total_model_examples_processed,617,40960.0
derpp,lwf_calibrated,total_model_examples_processed,919,40960.0
derpp,lwf_calibrated,total_model_examples_processed,1223,40960.0
derpp,lwf_calibrated,total_model_examples_processed,1523,40960.0
derpp,lwf_calibrated,total_model_examples_processed,1823,40960.0
derpp,lwf_calibrated,total_model_examples_processed,2129,40960.0
derpp,lwf_calibrated,total_model_examples_processed,2423,40960.0
derpp,lwf_calibrated,total_model_examples_processed,2729,40960.0
derpp,lwf_calibrated,total_model_examples_processed,3037,40960.0
derpp,lwf_calibrated,estimated_total_flops,311,-19230883840.0
derpp,lwf_calibrated,estimated_total_flops,617,-19230883840.0
derpp,lwf_calibrated,estimated_total_flops,919,-19230883840.0
derpp,lwf_calibrated,estimated_total_flops,1223,-19230883840.0
derpp,lwf_calibrated,estimated_total_flops,1523,-19230883840.0
derpp,lwf_calibrated,estimated_total_flops,1823,-19230883840.0
derpp,lwf_calibrated,estimated_total_flops,2129,-19230883840.0
derpp,lwf_calibrated,estimated_total_flops,2423,-19230883840.0
derpp,lwf_calibrated,estimated_total_flops,2729,-19230883840.0
derpp,lwf_calibrated,estimated_total_flops,3037,-19230883840.0
derpp,lwf_calibrated,estimated_overhead_flops,311,0.0
derpp,lwf_calibrated,estimated_overhead_flops,617,0.0
derpp,lwf_calibrated,estimated_overhead_flops,919,0.0
derpp,lwf_calibrated,estimated_overhead_flops,1223,0.0
derpp,lwf_calibrated,estimated_overhead_flops,1523,0.0
derpp,lwf_calibrated,estimated_overhead_flops,1823,0.0
derpp,lwf_calibrated,estimated_overhead_flops,2129,0.0
derpp,lwf_calibrated,estimated_overhead_flops,2423,0.0
derpp,lwf_calibrated,estimated_overhead_flops,2729,0.0
derpp,lwf_calibrated,estimated_overhead_flops,3037,0.0
derpp,lwf_calibrated,replay_memory_bytes,311,-628800.0
derpp,lwf_calibrated,replay_memory_bytes,617,-628800.0
derpp,lwf_calibrated,replay_memory_bytes,919,-628800.0
derpp,lwf_calibrated,replay_memory_bytes,1223,-628800.0
derpp,lwf_calibrated,replay_memory_bytes,1523,-628800.0
derpp,lwf_calibrated,replay_memory_bytes,1823,-628800.0
derpp,lwf_calibrated,replay_memory_bytes,2129,-628800.0
derpp,lwf_calibrated,replay_memory_bytes,2423,-628800.0
derpp,lwf_calibrated,replay_memory_bytes,2729,-628800.0
derpp,lwf_calibrated,replay_memory_bytes,3037,-628800.0
derpp,lwf_calibrated,stored_logits_bytes,311,-8000.0
derpp,lwf_calibrated,stored_logits_bytes,617,-8000.0
derpp,lwf_calibrated,stored_logits_bytes,919,-8000.0
derpp,lwf_calibrated,stored_logits_bytes,1223,-8000.0
derpp,lwf_calibrated,stored_logits_bytes,1523,-8000.0
derpp,lwf_calibrated,stored_logits_bytes,1823,-8000.0
derpp,lwf_calibrated,stored_logits_bytes,2129,-8000.0
derpp,lwf_calibrated,stored_logits_bytes,2423,-8000.0
derpp,lwf_calibrated,stored_logits_bytes,2729,-8000.0
derpp,lwf_calibrated,stored_logits_bytes,3037,-8000.0
derpp,replay_balanced,final_average_accuracy,311,-0.0603999999999999
derpp,replay_balanced,final_average_accuracy,617,-0.03880000000000006
derpp,replay_balanced,final_average_accuracy,919,-0.07140000000000013
derpp,replay_balanced,final_average_accuracy,1223,-0.055199999999999916
derpp,replay_balanced,final_average_accuracy,1523,-0.04620000000000002
derpp,replay_balanced,final_average_accuracy,1823,-0.07079999999999997
derpp,replay_balanced,final_average_accuracy,2129,-0.04420000000000002
derpp,replay_balanced,final_average_accuracy,2423,-0.06120000000000003
derpp,replay_balanced,final_average_accuracy,2729,-0.05920000000000003
derpp,replay_balanced,final_average_accuracy,3037,-0.04299999999999993
derpp,replay_balanced,average_forgetting,311,0.07624999999999998
derpp,replay_balanced,average_forgetting,617,0.04725000000000004
derpp,replay_balanced,average_forgetting,919,0.09000000000000002
derpp,replay_balanced,average_forgetting,1223,0.06925
derpp,replay_balanced,average_forgetting,1523,0.05799999999999994
derpp,replay_balanced,average_forgetting,1823,0.08925000000000002
derpp,replay_balanced,average_forgetting,2129,0.05449999999999991
derpp,replay_balanced,average_forgetting,2423,0.07900000000000001
derpp,replay_balanced,average_forgetting,2729,0.07099999999999992
derpp,replay_balanced,average_forgetting,3037,0.05499999999999999
derpp,replay_balanced,backward_transfer,311,-0.07624999999999998
derpp,replay_balanced,backward_transfer,617,-0.04725000000000004
derpp,replay_balanced,backward_transfer,919,-0.09000000000000002
derpp,replay_balanced,backward_transfer,1223,-0.06925
derpp,replay_balanced,backward_transfer,1523,-0.05799999999999994
derpp,replay_balanced,backward_transfer,1823,-0.08925000000000002
derpp,replay_balanced,backward_transfer,2129,-0.05449999999999991
derpp,replay_balanced,backward_transfer,2423,-0.07900000000000001
derpp,replay_balanced,backward_transfer,2729,-0.07099999999999992
derpp,replay_balanced,backward_transfer,3037,-0.05499999999999999
derpp,replay_balanced,forward_transfer,311,0.0
derpp,replay_balanced,forward_transfer,617,-0.0020000000000000018
derpp,replay_balanced,forward_transfer,919,0.0002500000000000002
derpp,replay_balanced,forward_transfer,1223,0.0
derpp,replay_balanced,forward_transfer,1523,0.0
derpp,replay_balanced,forward_transfer,1823,0.0
derpp,replay_balanced,forward_transfer,2129,0.0
derpp,replay_balanced,forward_transfer,2423,0.0
derpp,replay_balanced,forward_transfer,2729,0.0
derpp,replay_balanced,forward_transfer,3037,0.0002500000000000002
derpp,replay_balanced,task_aware_final_accuracy,311,-0.0012000000000000899
derpp,replay_balanced,task_aware_final_accuracy,617,-0.007199999999999873
derpp,replay_balanced,task_aware_final_accuracy,919,-0.0011999999999999789
derpp,replay_balanced,task_aware_final_accuracy,1223,-0.0006000000000000449
derpp,replay_balanced,task_aware_final_accuracy,1523,-0.0023999999999999577
derpp,replay_balanced,task_aware_final_accuracy,1823,-0.0018000000000001348
derpp,replay_balanced,task_aware_final_accuracy,2129,-0.0022000000000000908
derpp,replay_balanced,task_aware_final_accuracy,2423,0.006199999999999983
derpp,replay_balanced,task_aware_final_accuracy,2729,0.0012000000000000899
derpp,replay_balanced,task_aware_final_accuracy,3037,-0.0022000000000000908
derpp,replay_balanced,task_aware_forgetting,311,0.0012500000000000011
derpp,replay_balanced,task_aware_forgetting,617,0.009500000000000008
derpp,replay_balanced,task_aware_forgetting,919,0.0012500000000000011
derpp,replay_balanced,task_aware_forgetting,1223,0.002250000000000002
derpp,replay_balanced,task_aware_forgetting,1523,0.0025000000000000022
derpp,replay_balanced,task_aware_forgetting,1823,0.0007500000000000007
derpp,replay_balanced,task_aware_forgetting,2129,0.0012500000000000011
derpp,replay_balanced,task_aware_forgetting,2423,-0.005500000000000005
derpp,replay_balanced,task_aware_forgetting,2729,-0.0020000000000000018
derpp,replay_balanced,task_aware_forgetting,3037,0.002250000000000002
derpp,replay_balanced,classifier_gap,311,0.05919999999999981
derpp,replay_balanced,classifier_gap,617,0.031600000000000183
derpp,replay_balanced,classifier_gap,919,0.07020000000000015
derpp,replay_balanced,classifier_gap,1223,0.05459999999999987
derpp,replay_balanced,classifier_gap,1523,0.04380000000000006
derpp,replay_balanced,classifier_gap,1823,0.06899999999999984
derpp,replay_balanced,classifier_gap,2129,0.041999999999999926
derpp,replay_balanced,classifier_gap,2423,0.06740000000000002
derpp,replay_balanced,classifier_gap,2729,0.06040000000000012
derpp,replay_balanced,classifier_gap,3037,0.040799999999999836
derpp,replay_balanced,elapsed_seconds,311,-0.2608470980194397
derpp,replay_balanced,elapsed_seconds,617,-0.3878695559978951
derpp,replay_balanced,elapsed_seconds,919,-0.12577116102329455
derpp,replay_balanced,elapsed_seconds,1223,-0.24956589497742243
derpp,replay_balanced,elapsed_seconds,1523,-0.22329130698926747
derpp,replay_balanced,elapsed_seconds,1823,-0.21999901797971688
derpp,replay_balanced,elapsed_seconds,2129,-0.175730446993839
derpp,replay_balanced,elapsed_seconds,2423,-0.2759342580102384
derpp,replay_balanced,elapsed_seconds,2729,-0.23050455999327824
derpp,replay_balanced,elapsed_seconds,3037,-0.3430482789990492
derpp,replay_balanced,learner_examples_processed,311,0.0
derpp,replay_balanced,learner_examples_processed,617,0.0
derpp,replay_balanced,learner_examples_processed,919,0.0
derpp,replay_balanced,learner_examples_processed,1223,0.0
derpp,replay_balanced,learner_examples_processed,1523,0.0
derpp,replay_balanced,learner_examples_processed,1823,0.0
derpp,replay_balanced,learner_examples_processed,2129,0.0
derpp,replay_balanced,learner_examples_processed,2423,0.0
derpp,replay_balanced,learner_examples_processed,2729,0.0
derpp,replay_balanced,learner_examples_processed,3037,0.0
derpp,replay_balanced,total_model_examples_processed,311,0.0
derpp,replay_balanced,total_model_examples_processed,617,0.0
derpp,replay_balanced,total_model_examples_processed,919,0.0
derpp,replay_balanced,total_model_examples_processed,1223,0.0
derpp,replay_balanced,total_model_examples_processed,1523,0.0
derpp,replay_balanced,total_model_examples_processed,1823,0.0
derpp,replay_balanced,total_model_examples_processed,2129,0.0
derpp,replay_balanced,total_model_examples_processed,2423,0.0
derpp,replay_balanced,total_model_examples_processed,2729,0.0
derpp,replay_balanced,total_model_examples_processed,3037,0.0
derpp,replay_balanced,estimated_total_flops,311,0.0
derpp,replay_balanced,estimated_total_flops,617,0.0
derpp,replay_balanced,estimated_total_flops,919,0.0
derpp,replay_balanced,estimated_total_flops,1223,0.0
derpp,replay_balanced,estimated_total_flops,1523,0.0
derpp,replay_balanced,estimated_total_flops,1823,0.0
derpp,replay_balanced,estimated_total_flops,2129,0.0
derpp,replay_balanced,estimated_total_flops,2423,0.0
derpp,replay_balanced,estimated_total_flops,2729,0.0
derpp,replay_balanced,estimated_total_flops,3037,0.0
derpp,replay_balanced,estimated_overhead_flops,311,0.0
derpp,replay_balanced,estimated_overhead_flops,617,0.0
derpp,replay_balanced,estimated_overhead_flops,919,0.0
derpp,replay_balanced,estimated_overhead_flops,1223,0.0
derpp,replay_balanced,estimated_overhead_flops,1523,0.0
derpp,replay_balanced,estimated_overhead_flops,1823,0.0
derpp,replay_balanced,estimated_overhead_flops,2129,0.0
derpp,replay_balanced,estimated_overhead_flops,2423,0.0
derpp,replay_balanced,estimated_overhead_flops,2729,0.0
derpp,replay_balanced,estimated_overhead_flops,3037,0.0
derpp,replay_balanced,replay_memory_bytes,311,0.0
derpp,replay_balanced,replay_memory_bytes,617,0.0
derpp,replay_balanced,replay_memory_bytes,919,0.0
derpp,replay_balanced,replay_memory_bytes,1223,0.0
derpp,replay_balanced,replay_memory_bytes,1523,0.0
derpp,replay_balanced,replay_memory_bytes,1823,0.0
derpp,replay_balanced,replay_memory_bytes,2129,0.0
derpp,replay_balanced,replay_memory_bytes,2423,0.0
derpp,replay_balanced,replay_memory_bytes,2729,0.0
derpp,replay_balanced,replay_memory_bytes,3037,0.0
derpp,replay_balanced,stored_logits_bytes,311,-8000.0
derpp,replay_balanced,stored_logits_bytes,617,-8000.0
derpp,replay_balanced,stored_logits_bytes,919,-8000.0
derpp,replay_balanced,stored_logits_bytes,1223,-8000.0
derpp,replay_balanced,stored_logits_bytes,1523,-8000.0
derpp,replay_balanced,stored_logits_bytes,1823,-8000.0
derpp,replay_balanced,stored_logits_bytes,2129,-8000.0
derpp,replay_balanced,stored_logits_bytes,2423,-8000.0
derpp,replay_balanced,stored_logits_bytes,2729,-8000.0
derpp,replay_balanced,stored_logits_bytes,3037,-8000.0
derpp,replay_more_epochs,final_average_accuracy,311,-0.06799999999999995
derpp,replay_more_epochs,final_average_accuracy,617,-0.04540000000000011
derpp,replay_more_epochs,final_average_accuracy,919,-0.06280000000000008
derpp,replay_more_epochs,final_average_accuracy,1223,-0.07139999999999991
derpp,replay_more_epochs,final_average_accuracy,1523,-0.06400000000000006
derpp,replay_more_epochs,final_average_accuracy,1823,-0.07999999999999996
derpp,replay_more_epochs,final_average_accuracy,2129,-0.04480000000000006
derpp,replay_more_epochs,final_average_accuracy,2423,-0.0596000000000001
derpp,replay_more_epochs,final_average_accuracy,2729,-0.07379999999999998
derpp,replay_more_epochs,final_average_accuracy,3037,-0.07579999999999998
derpp,replay_more_epochs,average_forgetting,311,0.08900000000000002
derpp,replay_more_epochs,average_forgetting,617,0.05799999999999997
derpp,replay_more_epochs,average_forgetting,919,0.08124999999999999
derpp,replay_more_epochs,average_forgetting,1223,0.09149999999999994
derpp,replay_more_epochs,average_forgetting,1523,0.08124999999999999
derpp,replay_more_epochs,average_forgetting,1823,0.10125000000000003
derpp,replay_more_epochs,average_forgetting,2129,0.055999999999999966
derpp,replay_more_epochs,average_forgetting,2423,0.07800000000000001
derpp,replay_more_epochs,average_forgetting,2729,0.09199999999999994
derpp,replay_more_epochs,average_forgetting,3037,0.09749999999999998
derpp,replay_more_epochs,backward_transfer,311,-0.08900000000000002
derpp,replay_more_epochs,backward_transfer,617,-0.05799999999999997
derpp,replay_more_epochs,backward_transfer,919,-0.08124999999999999
derpp,replay_more_epochs,backward_transfer,1223,-0.09149999999999994
derpp,replay_more_epochs,backward_transfer,1523,-0.08124999999999999
derpp,replay_more_epochs,backward_transfer,1823,-0.10125000000000003
derpp,replay_more_epochs,backward_transfer,2129,-0.055999999999999966
derpp,replay_more_epochs,backward_transfer,2423,-0.07800000000000001
derpp,replay_more_epochs,backward_transfer,2729,-0.09199999999999994
derpp,replay_more_epochs,backward_transfer,3037,-0.09749999999999998
derpp,replay_more_epochs,forward_transfer,311,0.0015000000000000013
derpp,replay_more_epochs,forward_transfer,617,-0.0022500000000000298
derpp,replay_more_epochs,forward_transfer,919,0.0040000000000000036
derpp,replay_more_epochs,forward_transfer,1223,0.0
derpp,replay_more_epochs,forward_transfer,1523,0.0040000000000000036
derpp,replay_more_epochs,forward_transfer,1823,-0.002999999999999975
derpp,replay_more_epochs,forward_transfer,2129,0.0
derpp,replay_more_epochs,forward_transfer,2423,-0.0007499999999999729
derpp,replay_more_epochs,forward_transfer,2729,0.003500000000000003
derpp,replay_more_epochs,forward_transfer,3037,0.022250000000000006
derpp,replay_more_epochs,task_aware_final_accuracy,311,-0.0045999999999999375
derpp,replay_more_epochs,task_aware_final_accuracy,617,-0.007199999999999873
derpp,replay_more_epochs,task_aware_final_accuracy,919,0.0013999999999999568
derpp,replay_more_epochs,task_aware_final_accuracy,1223,-0.007199999999999873
derpp,replay_more_epochs,task_aware_final_accuracy,1523,-0.005399999999999849
derpp,replay_more_epochs,task_aware_final_accuracy,1823,-0.007000000000000117
derpp,replay_more_epochs,task_aware_final_accuracy,2129,-0.0033999999999999586
derpp,replay_more_epochs,task_aware_final_accuracy,2423,0.004999999999999893
derpp,replay_more_epochs,task_aware_final_accuracy,2729,-0.0011999999999999789
derpp,replay_more_epochs,task_aware_final_accuracy,3037,-0.0036000000000000476
derpp,replay_more_epochs,task_aware_forgetting,311,0.006500000000000006
derpp,replay_more_epochs,task_aware_forgetting,617,0.010250000000000009
derpp,replay_more_epochs,task_aware_forgetting,919,-0.0010000000000000009
derpp,replay_more_epochs,task_aware_forgetting,1223,0.009999999999999981
derpp,replay_more_epochs,task_aware_forgetting,1523,0.005750000000000005
derpp,replay_more_epochs,task_aware_forgetting,1823,0.0069999999999999785
derpp,replay_more_epochs,task_aware_forgetting,2129,0.0025000000000000022
derpp,replay_more_epochs,task_aware_forgetting,2423,-0.003250000000000003
derpp,replay_more_epochs,task_aware_forgetting,2729,0.002250000000000002
derpp,replay_more_epochs,task_aware_forgetting,3037,0.004750000000000004
derpp,replay_more_epochs,classifier_gap,311,0.06340000000000001
derpp,replay_more_epochs,classifier_gap,617,0.038200000000000234
derpp,replay_more_epochs,classifier_gap,919,0.06420000000000003
derpp,replay_more_epochs,classifier_gap,1223,0.06420000000000003
derpp,replay_more_epochs,classifier_gap,1523,0.05860000000000021
derpp,replay_more_epochs,classifier_gap,1823,0.07299999999999984
derpp,replay_more_epochs,classifier_gap,2129,0.0414000000000001
derpp,replay_more_epochs,classifier_gap,2423,0.06459999999999999
derpp,replay_more_epochs,classifier_gap,2729,0.0726
derpp,replay_more_epochs,classifier_gap,3037,0.07219999999999993
derpp,replay_more_epochs,elapsed_seconds,311,2.3017866329755634
derpp,replay_more_epochs,elapsed_seconds,617,2.260352432989748
derpp,replay_more_epochs,elapsed_seconds,919,2.0850476869673003
derpp,replay_more_epochs,elapsed_seconds,1223,2.2802475890202913
derpp,replay_more_epochs,elapsed_seconds,1523,2.022014580987161
derpp,replay_more_epochs,elapsed_seconds,1823,2.337598299025558
derpp,replay_more_epochs,elapsed_seconds,2129,2.115896913979668
derpp,replay_more_epochs,elapsed_seconds,2423,2.1424132229876705
derpp,replay_more_epochs,elapsed_seconds,2729,2.240314385999227
derpp,replay_more_epochs,elapsed_seconds,3037,2.225787597009912
derpp,replay_more_epochs,learner_examples_processed,311,143360.0
derpp,replay_more_epochs,learner_examples_processed,617,143360.0
derpp,replay_more_epochs,learner_examples_processed,919,143360.0
derpp,replay_more_epochs,learner_examples_processed,1223,143360.0
derpp,replay_more_epochs,learner_examples_processed,1523,143360.0
derpp,replay_more_epochs,learner_examples_processed,1823,143360.0
derpp,replay_more_epochs,learner_examples_processed,2129,143360.0
derpp,replay_more_epochs,learner_examples_processed,2423,143360.0
derpp,replay_more_epochs,learner_examples_processed,2729,143360.0
derpp,replay_more_epochs,learner_examples_processed,3037,143360.0
derpp,replay_more_epochs,total_model_examples_processed,311,143360.0
derpp,replay_more_epochs,total_model_examples_processed,617,143360.0
derpp,replay_more_epochs,total_model_examples_processed,919,143360.0
derpp,replay_more_epochs,total_model_examples_processed,1223,143360.0
derpp,replay_more_epochs,total_model_examples_processed,1523,143360.0
derpp,replay_more_epochs,total_model_examples_processed,1823,143360.0
derpp,replay_more_epochs,total_model_examples_processed,2129,143360.0
derpp,replay_more_epochs,total_model_examples_processed,2423,143360.0
derpp,replay_more_epochs,total_model_examples_processed,2729,143360.0
derpp,replay_more_epochs,total_model_examples_processed,3037,143360.0
derpp,replay_more_epochs,estimated_total_flops,311,201924280320.0
derpp,replay_more_epochs,estimated_total_flops,617,201924280320.0
derpp,replay_more_epochs,estimated_total_flops,919,201924280320.0
derpp,replay_more_epochs,estimated_total_flops,1223,201924280320.0
derpp,replay_more_epochs,estimated_total_flops,1523,201924280320.0
derpp,replay_more_epochs,estimated_total_flops,1823,201924280320.0
derpp,replay_more_epochs,estimated_total_flops,2129,201924280320.0
derpp,replay_more_epochs,estimated_total_flops,2423,201924280320.0
derpp,replay_more_epochs,estimated_total_flops,2729,201924280320.0
derpp,replay_more_epochs,estimated_total_flops,3037,201924280320.0
derpp,replay_more_epochs,estimated_overhead_flops,311,0.0
derpp,replay_more_epochs,estimated_overhead_flops,617,0.0
derpp,replay_more_epochs,estimated_overhead_flops,919,0.0
derpp,replay_more_epochs,estimated_overhead_flops,1223,0.0
derpp,replay_more_epochs,estimated_overhead_flops,1523,0.0
derpp,replay_more_epochs,estimated_overhead_flops,1823,0.0
derpp,replay_more_epochs,estimated_overhead_flops,2129,0.0
derpp,replay_more_epochs,estimated_overhead_flops,2423,0.0
derpp,replay_more_epochs,estimated_overhead_flops,2729,0.0
derpp,replay_more_epochs,estimated_overhead_flops,3037,0.0
derpp,replay_more_epochs,replay_memory_bytes,311,0.0
derpp,replay_more_epochs,replay_memory_bytes,617,0.0
derpp,replay_more_epochs,replay_memory_bytes,919,0.0
derpp,replay_more_epochs,replay_memory_bytes,1223,0.0
derpp,replay_more_epochs,replay_memory_bytes,1523,0.0
derpp,replay_more_epochs,replay_memory_bytes,1823,0.0
derpp,replay_more_epochs,replay_memory_bytes,2129,0.0
derpp,replay_more_epochs,replay_memory_bytes,2423,0.0
derpp,replay_more_epochs,replay_memory_bytes,2729,0.0
derpp,replay_more_epochs,replay_memory_bytes,3037,0.0
derpp,replay_more_epochs,stored_logits_bytes,311,-8000.0
derpp,replay_more_epochs,stored_logits_bytes,617,-8000.0
derpp,replay_more_epochs,stored_logits_bytes,919,-8000.0
derpp,replay_more_epochs,stored_logits_bytes,1223,-8000.0
derpp,replay_more_epochs,stored_logits_bytes,1523,-8000.0
derpp,replay_more_epochs,stored_logits_bytes,1823,-8000.0
derpp,replay_more_epochs,stored_logits_bytes,2129,-8000.0
derpp,replay_more_epochs,stored_logits_bytes,2423,-8000.0
derpp,replay_more_epochs,stored_logits_bytes,2729,-8000.0
derpp,replay_more_epochs,stored_logits_bytes,3037,-8000.0
derpp,replay_early_stopping,final_average_accuracy,311,-0.05520000000000003
derpp,replay_early_stopping,final_average_accuracy,617,-0.04160000000000008
derpp,replay_early_stopping,final_average_accuracy,919,-0.04919999999999991
derpp,replay_early_stopping,final_average_accuracy,1223,-0.05439999999999989
derpp,replay_early_stopping,final_average_accuracy,1523,-0.06059999999999999
derpp,replay_early_stopping,final_average_accuracy,1823,-0.04600000000000004
derpp,replay_early_stopping,final_average_accuracy,2129,-0.033400000000000096
derpp,replay_early_stopping,final_average_accuracy,2423,-0.04859999999999998
derpp,replay_early_stopping,final_average_accuracy,2729,-0.05059999999999987
derpp,replay_early_stopping,final_average_accuracy,3037,-0.043200000000000016
derpp,replay_early_stopping,average_forgetting,311,0.05774999999999997
derpp,replay_early_stopping,average_forgetting,617,0.045499999999999985
derpp,replay_early_stopping,average_forgetting,919,0.04824999999999999
derpp,replay_early_stopping,average_forgetting,1223,0.05099999999999996
derpp,replay_early_stopping,average_forgetting,1523,0.06624999999999998
derpp,replay_early_stopping,average_forgetting,1823,0.04325000000000001
derpp,replay_early_stopping,average_forgetting,2129,0.02824999999999997
derpp,replay_early_stopping,average_forgetting,2423,0.04924999999999996
derpp,replay_early_stopping,average_forgetting,2729,0.05499999999999991
derpp,replay_early_stopping,average_forgetting,3037,0.05175000000000002
derpp,replay_early_stopping,backward_transfer,311,-0.05774999999999997
derpp,replay_early_stopping,backward_transfer,617,-0.045499999999999985
derpp,replay_early_stopping,backward_transfer,919,-0.04824999999999999
derpp,replay_early_stopping,backward_transfer,1223,-0.05099999999999996
derpp,replay_early_stopping,backward_transfer,1523,-0.06624999999999998
derpp,replay_early_stopping,backward_transfer,1823,-0.04325000000000001
derpp,replay_early_stopping,backward_transfer,2129,-0.02824999999999997
derpp,replay_early_stopping,backward_transfer,2423,-0.04924999999999996
derpp,replay_early_stopping,backward_transfer,2729,-0.05499999999999991
derpp,replay_early_stopping,backward_transfer,3037,-0.05175000000000002
derpp,replay_early_stopping,forward_transfer,311,-0.0010000000000000009
derpp,replay_early_stopping,forward_transfer,617,0.003249999999999975
derpp,replay_early_stopping,forward_transfer,919,0.004500000000000004
derpp,replay_early_stopping,forward_transfer,1223,0.0
derpp,replay_early_stopping,forward_transfer,1523,0.0
derpp,replay_early_stopping,forward_transfer,1823,0.01100000000000001
derpp,replay_early_stopping,forward_transfer,2129,0.0002500000000000002
derpp,replay_early_stopping,forward_transfer,2423,-0.011249999999999982
derpp,replay_early_stopping,forward_transfer,2729,-0.013249999999999984
derpp,replay_early_stopping,forward_transfer,3037,0.021250000000000005
derpp,replay_early_stopping,task_aware_final_accuracy,311,-0.0020000000000000018
derpp,replay_early_stopping,task_aware_final_accuracy,617,-0.008599999999999941
derpp,replay_early_stopping,task_aware_final_accuracy,919,-0.0036000000000000476
derpp,replay_early_stopping,task_aware_final_accuracy,1223,-0.0016000000000000458
derpp,replay_early_stopping,task_aware_final_accuracy,1523,-0.006199999999999983
derpp,replay_early_stopping,task_aware_final_accuracy,1823,-0.006200000000000205
derpp,replay_early_stopping,task_aware_final_accuracy,2129,-0.008200000000000096
derpp,replay_early_stopping,task_aware_final_accuracy,2423,0.0015999999999998238
derpp,replay_early_stopping,task_aware_final_accuracy,2729,0.0008000000000001339
derpp,replay_early_stopping,task_aware_final_accuracy,3037,-0.0026000000000001577
derpp,replay_early_stopping,task_aware_forgetting,311,-0.0062500000000000056
derpp,replay_early_stopping,task_aware_forgetting,617,0.006749999999999978
derpp,replay_early_stopping,task_aware_forgetting,919,-0.0027500000000000024
derpp,replay_early_stopping,task_aware_forgetting,1223,-0.005250000000000005
derpp,replay_early_stopping,task_aware_forgetting,1523,0.0005000000000000004
derpp,replay_early_stopping,task_aware_forgetting,1823,-0.0020000000000000018
derpp,replay_early_stopping,task_aware_forgetting,2129,0.00024999999999997247
derpp,replay_early_stopping,task_aware_forgetting,2423,-0.010000000000000009
derpp,replay_early_stopping,task_aware_forgetting,2729,-0.004250000000000004
derpp,replay_early_stopping,task_aware_forgetting,3037,0.002250000000000002
derpp,replay_early_stopping,classifier_gap,311,0.053200000000000025
derpp,replay_early_stopping,classifier_gap,617,0.03300000000000014
derpp,replay_early_stopping,classifier_gap,919,0.04559999999999986
derpp,replay_early_stopping,classifier_gap,1223,0.05279999999999985
derpp,replay_early_stopping,classifier_gap,1523,0.054400000000000004
derpp,replay_early_stopping,classifier_gap,1823,0.039799999999999836
derpp,replay_early_stopping,classifier_gap,2129,0.0252
derpp,replay_early_stopping,classifier_gap,2423,0.0501999999999998
derpp,replay_early_stopping,classifier_gap,2729,0.0514
derpp,replay_early_stopping,classifier_gap,3037,0.04059999999999986
derpp,replay_early_stopping,elapsed_seconds,311,-0.9020621160161681
derpp,replay_early_stopping,elapsed_seconds,617,-0.6968684690073133
derpp,replay_early_stopping,elapsed_seconds,919,-0.9471169140306301
derpp,replay_early_stopping,elapsed_seconds,1223,-1.139681736996863
derpp,replay_early_stopping,elapsed_seconds,1523,-0.8461397729988676
derpp,replay_early_stopping,elapsed_seconds,1823,-1.2491954539727885
derpp,replay_early_stopping,elapsed_seconds,2129,-1.0178597269987222
derpp,replay_early_stopping,elapsed_seconds,2423,-1.0854190240206663
derpp,replay_early_stopping,elapsed_seconds,2729,-0.7513247379974928
derpp,replay_early_stopping,elapsed_seconds,3037,-0.6910903470125049
derpp,replay_early_stopping,learner_examples_processed,311,-49152.0
derpp,replay_early_stopping,learner_examples_processed,617,-33792.0
derpp,replay_early_stopping,learner_examples_processed,919,-58368.0
derpp,replay_early_stopping,learner_examples_processed,1223,-55296.0
derpp,replay_early_stopping,learner_examples_processed,1523,-39936.0
derpp,replay_early_stopping,learner_examples_processed,1823,-63488.0
derpp,replay_early_stopping,learner_examples_processed,2129,-55296.0
derpp,replay_early_stopping,learner_examples_processed,2423,-59392.0
derpp,replay_early_stopping,learner_examples_processed,2729,-33792.0
derpp,replay_early_stopping,learner_examples_processed,3037,-31744.0
derpp,replay_early_stopping,total_model_examples_processed,311,-49152.0
derpp,replay_early_stopping,total_model_examples_processed,617,-33792.0
derpp,replay_early_stopping,total_model_examples_processed,919,-58368.0
derpp,replay_early_stopping,total_model_examples_processed,1223,-55296.0
derpp,replay_early_stopping,total_model_examples_processed,1523,-39936.0
derpp,replay_early_stopping,total_model_examples_processed,1823,-63488.0
derpp,replay_early_stopping,total_model_examples_processed,2129,-55296.0
derpp,replay_early_stopping,total_model_examples_processed,2423,-59392.0
derpp,replay_early_stopping,total_model_examples_processed,2729,-33792.0
derpp,replay_early_stopping,total_model_examples_processed,3037,-31744.0
derpp,replay_early_stopping,estimated_total_flops,311,-69231181824.0
derpp,replay_early_stopping,estimated_total_flops,617,-47596437504.0
derpp,replay_early_stopping,estimated_total_flops,919,-82212028416.0
derpp,replay_early_stopping,estimated_total_flops,1223,-77885079552.0
derpp,replay_early_stopping,estimated_total_flops,1523,-56250335232.0
derpp,replay_early_stopping,estimated_total_flops,1823,-89423609856.0
derpp,replay_early_stopping,estimated_total_flops,2129,-77885079552.0
derpp,replay_early_stopping,estimated_total_flops,2423,-83654344704.0
derpp,replay_early_stopping,estimated_total_flops,2729,-47596437504.0
derpp,replay_early_stopping,estimated_total_flops,3037,-44711804928.0
derpp,replay_early_stopping,estimated_overhead_flops,311,0.0
derpp,replay_early_stopping,estimated_overhead_flops,617,0.0
derpp,replay_early_stopping,estimated_overhead_flops,919,0.0
derpp,replay_early_stopping,estimated_overhead_flops,1223,0.0
derpp,replay_early_stopping,estimated_overhead_flops,1523,0.0
derpp,replay_early_stopping,estimated_overhead_flops,1823,0.0
derpp,replay_early_stopping,estimated_overhead_flops,2129,0.0
derpp,replay_early_stopping,estimated_overhead_flops,2423,0.0
derpp,replay_early_stopping,estimated_overhead_flops,2729,0.0
derpp,replay_early_stopping,estimated_overhead_flops,3037,0.0
derpp,replay_early_stopping,replay_memory_bytes,311,0.0
derpp,replay_early_stopping,replay_memory_bytes,617,0.0
derpp,replay_early_stopping,replay_memory_bytes,919,0.0
derpp,replay_early_stopping,replay_memory_bytes,1223,0.0
derpp,replay_early_stopping,replay_memory_bytes,1523,0.0
derpp,replay_early_stopping,replay_memory_bytes,1823,0.0
derpp,replay_early_stopping,replay_memory_bytes,2129,0.0
derpp,replay_early_stopping,replay_memory_bytes,2423,0.0
derpp,replay_early_stopping,replay_memory_bytes,2729,0.0
derpp,replay_early_stopping,replay_memory_bytes,3037,0.0
derpp,replay_early_stopping,stored_logits_bytes,311,-8000.0
derpp,replay_early_stopping,stored_logits_bytes,617,-8000.0
derpp,replay_early_stopping,stored_logits_bytes,919,-8000.0
derpp,replay_early_stopping,stored_logits_bytes,1223,-8000.0
derpp,replay_early_stopping,stored_logits_bytes,1523,-8000.0
derpp,replay_early_stopping,stored_logits_bytes,1823,-8000.0
derpp,replay_early_stopping,stored_logits_bytes,2129,-8000.0
derpp,replay_early_stopping,stored_logits_bytes,2423,-8000.0
derpp,replay_early_stopping,stored_logits_bytes,2729,-8000.0
derpp,replay_early_stopping,stored_logits_bytes,3037,-8000.0
derpp,replay_global_lr_reduction,final_average_accuracy,311,-0.1632
derpp,replay_global_lr_reduction,final_average_accuracy,617,-0.12080000000000013
derpp,replay_global_lr_reduction,final_average_accuracy,919,-0.14760000000000006
derpp,replay_global_lr_reduction,final_average_accuracy,1223,-0.12619999999999998
derpp,replay_global_lr_reduction,final_average_accuracy,1523,-0.16379999999999995
derpp,replay_global_lr_reduction,final_average_accuracy,1823,-0.1753999999999999
derpp,replay_global_lr_reduction,final_average_accuracy,2129,-0.17200000000000004
derpp,replay_global_lr_reduction,final_average_accuracy,2423,-0.16659999999999997
derpp,replay_global_lr_reduction,final_average_accuracy,2729,-0.16359999999999997
derpp,replay_global_lr_reduction,final_average_accuracy,3037,-0.14960000000000007
derpp,replay_global_lr_reduction,average_forgetting,311,0.18149999999999994
derpp,replay_global_lr_reduction,average_forgetting,617,0.12425
derpp,replay_global_lr_reduction,average_forgetting,919,0.16399999999999998
derpp,replay_global_lr_reduction,average_forgetting,1223,0.13375
derpp,replay_global_lr_reduction,average_forgetting,1523,0.18324999999999997
derpp,replay_global_lr_reduction,average_forgetting,1823,0.20125
derpp,replay_global_lr_reduction,average_forgetting,2129,0.19149999999999992
derpp,replay_global_lr_reduction,average_forgetting,2423,0.18824999999999997
derpp,replay_global_lr_reduction,average_forgetting,2729,0.17775000000000005
derpp,replay_global_lr_reduction,average_forgetting,3037,0.16375
derpp,replay_global_lr_reduction,backward_transfer,311,-0.18149999999999994
derpp,replay_global_lr_reduction,backward_transfer,617,-0.12425
derpp,replay_global_lr_reduction,backward_transfer,919,-0.16399999999999998
derpp,replay_global_lr_reduction,backward_transfer,1223,-0.13375
derpp,replay_global_lr_reduction,backward_transfer,1523,-0.18324999999999997
derpp,replay_global_lr_reduction,backward_transfer,1823,-0.20125
derpp,replay_global_lr_reduction,backward_transfer,2129,-0.19149999999999992
derpp,replay_global_lr_reduction,backward_transfer,2423,-0.18824999999999997
derpp,replay_global_lr_reduction,backward_transfer,2729,-0.17775000000000005
derpp,replay_global_lr_reduction,backward_transfer,3037,-0.16375
derpp,replay_global_lr_reduction,forward_transfer,311,-0.0010000000000000009
derpp,replay_global_lr_reduction,forward_transfer,617,0.00799999999999998
derpp,replay_global_lr_reduction,forward_transfer,919,0.006499999999999999
derpp,replay_global_lr_reduction,forward_transfer,1223,0.0015000000000000013
derpp,replay_global_lr_reduction,forward_transfer,1523,0.0015000000000000013
derpp,replay_global_lr_reduction,forward_transfer,1823,0.015750000000000014
derpp,replay_global_lr_reduction,forward_transfer,2129,0.008250000000000007
derpp,replay_global_lr_reduction,forward_transfer,2423,0.0037500000000000033
derpp,replay_global_lr_reduction,forward_transfer,2729,0.005750000000000033
derpp,replay_global_lr_reduction,forward_transfer,3037,0.014250000000000006
derpp,replay_global_lr_reduction,task_aware_final_accuracy,311,-0.012400000000000078
derpp,replay_global_lr_reduction,task_aware_final_accuracy,617,-0.011800000000000033
derpp,replay_global_lr_reduction,task_aware_final_accuracy,919,-0.010400000000000076
derpp,replay_global_lr_reduction,task_aware_final_accuracy,1223,-0.011199999999999988
derpp,replay_global_lr_reduction,task_aware_final_accuracy,1523,-0.00979999999999992
derpp,replay_global_lr_reduction,task_aware_final_accuracy,1823,-0.01079999999999992
derpp,replay_global_lr_reduction,task_aware_final_accuracy,2129,-0.013000000000000123
derpp,replay_global_lr_reduction,task_aware_final_accuracy,2423,-0.0020000000000000018
derpp,replay_global_lr_reduction,task_aware_final_accuracy,2729,-0.008799999999999919
derpp,replay_global_lr_reduction,task_aware_final_accuracy,3037,-0.01440000000000008
derpp,replay_global_lr_reduction,task_aware_forgetting,311,-0.0027500000000000024
derpp,replay_global_lr_reduction,task_aware_forgetting,617,-0.0037500000000000033
derpp,replay_global_lr_reduction,task_aware_forgetting,919,-0.0040000000000000036
derpp,replay_global_lr_reduction,task_aware_forgetting,1223,-0.004500000000000004
derpp,replay_global_lr_reduction,task_aware_forgetting,1523,-0.003250000000000003
derpp,replay_global_lr_reduction,task_aware_forgetting,1823,-0.0030000000000000027
derpp,replay_global_lr_reduction,task_aware_forgetting,2129,-0.003500000000000003
derpp,replay_global_lr_reduction,task_aware_forgetting,2423,-0.013750000000000012
derpp,replay_global_lr_reduction,task_aware_forgetting,2729,-0.007500000000000007
derpp,replay_global_lr_reduction,task_aware_forgetting,3037,-2.7755575615628914e-17
derpp,replay_global_lr_reduction,classifier_gap,311,0.15079999999999993
derpp,replay_global_lr_reduction,classifier_gap,617,0.1090000000000001
derpp,replay_global_lr_reduction,classifier_gap,919,0.1372
derpp,replay_global_lr_reduction,classifier_gap,1223,0.11499999999999999
derpp,replay_global_lr_reduction,classifier_gap,1523,0.15400000000000003
derpp,replay_global_lr_reduction,classifier_gap,1823,0.16459999999999997
derpp,replay_global_lr_reduction,classifier_gap,2129,0.15899999999999992
derpp,replay_global_lr_reduction,classifier_gap,2423,0.16459999999999997
derpp,replay_global_lr_reduction,classifier_gap,2729,0.15480000000000005
derpp,replay_global_lr_reduction,classifier_gap,3037,0.1352
derpp,replay_global_lr_reduction,elapsed_seconds,311,-0.1195324570289813
derpp,replay_global_lr_reduction,elapsed_seconds,617,-0.491901022993261
derpp,replay_global_lr_reduction,elapsed_seconds,919,-0.11043796900776215
derpp,replay_global_lr_reduction,elapsed_seconds,1223,-0.31279068399453536
derpp,replay_global_lr_reduction,elapsed_seconds,1523,-0.16370837998692878
derpp,replay_global_lr_reduction,elapsed_seconds,1823,-0.16869662096723914
derpp,replay_global_lr_reduction,elapsed_seconds,2129,-0.15561908402014524
derpp,replay_global_lr_reduction,elapsed_seconds,2423,-0.09151836403179914
derpp,replay_global_lr_reduction,elapsed_seconds,2729,-0.2296308589866385
derpp,replay_global_lr_reduction,elapsed_seconds,3037,-0.1801506410120055
derpp,replay_global_lr_reduction,learner_examples_processed,311,0.0
derpp,replay_global_lr_reduction,learner_examples_processed,617,0.0
derpp,replay_global_lr_reduction,learner_examples_processed,919,0.0
derpp,replay_global_lr_reduction,learner_examples_processed,1223,0.0
derpp,replay_global_lr_reduction,learner_examples_processed,1523,0.0
derpp,replay_global_lr_reduction,learner_examples_processed,1823,0.0
derpp,replay_global_lr_reduction,learner_examples_processed,2129,0.0
derpp,replay_global_lr_reduction,learner_examples_processed,2423,0.0
derpp,replay_global_lr_reduction,learner_examples_processed,2729,0.0
derpp,replay_global_lr_reduction,learner_examples_processed,3037,0.0
derpp,replay_global_lr_reduction,total_model_examples_processed,311,0.0
derpp,replay_global_lr_reduction,total_model_examples_processed,617,0.0
derpp,replay_global_lr_reduction,total_model_examples_processed,919,0.0
derpp,replay_global_lr_reduction,total_model_examples_processed,1223,0.0
derpp,replay_global_lr_reduction,total_model_examples_processed,1523,0.0
derpp,replay_global_lr_reduction,total_model_examples_processed,1823,0.0
derpp,replay_global_lr_reduction,total_model_examples_processed,2129,0.0
derpp,replay_global_lr_reduction,total_model_examples_processed,2423,0.0
derpp,replay_global_lr_reduction,total_model_examples_processed,2729,0.0
derpp,replay_global_lr_reduction,total_model_examples_processed,3037,0.0
derpp,replay_global_lr_reduction,estimated_total_flops,311,0.0
derpp,replay_global_lr_reduction,estimated_total_flops,617,0.0
derpp,replay_global_lr_reduction,estimated_total_flops,919,0.0
derpp,replay_global_lr_reduction,estimated_total_flops,1223,0.0
derpp,replay_global_lr_reduction,estimated_total_flops,1523,0.0
derpp,replay_global_lr_reduction,estimated_total_flops,1823,0.0
derpp,replay_global_lr_reduction,estimated_total_flops,2129,0.0
derpp,replay_global_lr_reduction,estimated_total_flops,2423,0.0
derpp,replay_global_lr_reduction,estimated_total_flops,2729,0.0
derpp,replay_global_lr_reduction,estimated_total_flops,3037,0.0
derpp,replay_global_lr_reduction,estimated_overhead_flops,311,0.0
derpp,replay_global_lr_reduction,estimated_overhead_flops,617,0.0
derpp,replay_global_lr_reduction,estimated_overhead_flops,919,0.0
derpp,replay_global_lr_reduction,estimated_overhead_flops,1223,0.0
derpp,replay_global_lr_reduction,estimated_overhead_flops,1523,0.0
derpp,replay_global_lr_reduction,estimated_overhead_flops,1823,0.0
derpp,replay_global_lr_reduction,estimated_overhead_flops,2129,0.0
derpp,replay_global_lr_reduction,estimated_overhead_flops,2423,0.0
derpp,replay_global_lr_reduction,estimated_overhead_flops,2729,0.0
derpp,replay_global_lr_reduction,estimated_overhead_flops,3037,0.0
derpp,replay_global_lr_reduction,replay_memory_bytes,311,0.0
derpp,replay_global_lr_reduction,replay_memory_bytes,617,0.0
derpp,replay_global_lr_reduction,replay_memory_bytes,919,0.0
derpp,replay_global_lr_reduction,replay_memory_bytes,1223,0.0
derpp,replay_global_lr_reduction,replay_memory_bytes,1523,0.0
derpp,replay_global_lr_reduction,replay_memory_bytes,1823,0.0
derpp,replay_global_lr_reduction,replay_memory_bytes,2129,0.0
derpp,replay_global_lr_reduction,replay_memory_bytes,2423,0.0
derpp,replay_global_lr_reduction,replay_memory_bytes,2729,0.0
derpp,replay_global_lr_reduction,replay_memory_bytes,3037,0.0
derpp,replay_global_lr_reduction,stored_logits_bytes,311,-8000.0
derpp,replay_global_lr_reduction,stored_logits_bytes,617,-8000.0
derpp,replay_global_lr_reduction,stored_logits_bytes,919,-8000.0
derpp,replay_global_lr_reduction,stored_logits_bytes,1223,-8000.0
derpp,replay_global_lr_reduction,stored_logits_bytes,1523,-8000.0
derpp,replay_global_lr_reduction,stored_logits_bytes,1823,-8000.0
derpp,replay_global_lr_reduction,stored_logits_bytes,2129,-8000.0
derpp,replay_global_lr_reduction,stored_logits_bytes,2423,-8000.0
derpp,replay_global_lr_reduction,stored_logits_bytes,2729,-8000.0
derpp,replay_global_lr_reduction,stored_logits_bytes,3037,-8000.0
derpp,slowheat_replay_hidden_beta_30_budget_0.25,final_average_accuracy,311,-0.04499999999999993
derpp,slowheat_replay_hidden_beta_30_budget_0.25,final_average_accuracy,617,-0.028800000000000048
derpp,slowheat_replay_hidden_beta_30_budget_0.25,final_average_accuracy,919,-0.06879999999999997
derpp,slowheat_replay_hidden_beta_30_budget_0.25,final_average_accuracy,1223,-0.0514
derpp,slowheat_replay_hidden_beta_30_budget_0.25,final_average_accuracy,1523,-0.05740000000000001
derpp,slowheat_replay_hidden_beta_30_budget_0.25,final_average_accuracy,1823,-0.07879999999999998
derpp,slowheat_replay_hidden_beta_30_budget_0.25,final_average_accuracy,2129,-0.058800000000000074
derpp,slowheat_replay_hidden_beta_30_budget_0.25,final_average_accuracy,2423,-0.07699999999999996
derpp,slowheat_replay_hidden_beta_30_budget_0.25,final_average_accuracy,2729,-0.05719999999999992
derpp,slowheat_replay_hidden_beta_30_budget_0.25,final_average_accuracy,3037,-0.08379999999999987
derpp,slowheat_replay_hidden_beta_30_budget_0.25,average_forgetting,311,0.05224999999999996
derpp,slowheat_replay_hidden_beta_30_budget_0.25,average_forgetting,617,0.03225
derpp,slowheat_replay_hidden_beta_30_budget_0.25,average_forgetting,919,0.08524999999999999
derpp,slowheat_replay_hidden_beta_30_budget_0.25,average_forgetting,1223,0.06025
derpp,slowheat_replay_hidden_beta_30_budget_0.25,average_forgetting,1523,0.069
derpp,slowheat_replay_hidden_beta_30_budget_0.25,average_forgetting,1823,0.0955
derpp,slowheat_replay_hidden_beta_30_budget_0.25,average_forgetting,2129,0.07024999999999995
derpp,slowheat_replay_hidden_beta_30_budget_0.25,average_forgetting,2423,0.09574999999999995
derpp,slowheat_replay_hidden_beta_30_budget_0.25,average_forgetting,2729,0.06300000000000003
derpp,slowheat_replay_hidden_beta_30_budget_0.25,average_forgetting,3037,0.10149999999999998
derpp,slowheat_replay_hidden_beta_30_budget_0.25,backward_transfer,311,-0.05224999999999996
derpp,slowheat_replay_hidden_beta_30_budget_0.25,backward_transfer,617,-0.03225
derpp,slowheat_replay_hidden_beta_30_budget_0.25,backward_transfer,919,-0.08524999999999999
derpp,slowheat_replay_hidden_beta_30_budget_0.25,backward_transfer,1223,-0.06025
derpp,slowheat_replay_hidden_beta_30_budget_0.25,backward_transfer,1523,-0.069
derpp,slowheat_replay_hidden_beta_30_budget_0.25,backward_transfer,1823,-0.0955
derpp,slowheat_replay_hidden_beta_30_budget_0.25,backward_transfer,2129,-0.07024999999999995
derpp,slowheat_replay_hidden_beta_30_budget_0.25,backward_transfer,2423,-0.09574999999999995
derpp,slowheat_replay_hidden_beta_30_budget_0.25,backward_transfer,2729,-0.06300000000000003
derpp,slowheat_replay_hidden_beta_30_budget_0.25,backward_transfer,3037,-0.10149999999999998
derpp,slowheat_replay_hidden_beta_30_budget_0.25,forward_transfer,311,0.0
derpp,slowheat_replay_hidden_beta_30_budget_0.25,forward_transfer,617,0.006750000000000006
derpp,slowheat_replay_hidden_beta_30_budget_0.25,forward_transfer,919,0.0015000000000000013
derpp,slowheat_replay_hidden_beta_30_budget_0.25,forward_transfer,1223,0.0
derpp,slowheat_replay_hidden_beta_30_budget_0.25,forward_transfer,1523,0.0
derpp,slowheat_replay_hidden_beta_30_budget_0.25,forward_transfer,1823,0.0
derpp,slowheat_replay_hidden_beta_30_budget_0.25,forward_transfer,2129,0.0
derpp,slowheat_replay_hidden_beta_30_budget_0.25,forward_transfer,2423,-0.00024999999999997247
derpp,slowheat_replay_hidden_beta_30_budget_0.25,forward_transfer,2729,0.0
derpp,slowheat_replay_hidden_beta_30_budget_0.25,forward_transfer,3037,0.014250000000000002
derpp,slowheat_replay_hidden_beta_30_budget_0.25,task_aware_final_accuracy,311,-0.0017999999999999128
derpp,slowheat_replay_hidden_beta_30_budget_0.25,task_aware_final_accuracy,617,-0.005599999999999827
derpp,slowheat_replay_hidden_beta_30_budget_0.25,task_aware_final_accuracy,919,0.00019999999999997797
derpp,slowheat_replay_hidden_beta_30_budget_0.25,task_aware_final_accuracy,1223,0.0017999999999999128
derpp,slowheat_replay_hidden_beta_30_budget_0.25,task_aware_final_accuracy,1523,-0.0023999999999999577
derpp,slowheat_replay_hidden_beta_30_budget_0.25,task_aware_final_accuracy,1823,-0.0050000000000001155
derpp,slowheat_replay_hidden_beta_30_budget_0.25,task_aware_final_accuracy,2129,-0.006400000000000072
derpp,slowheat_replay_hidden_beta_30_budget_0.25,task_aware_final_accuracy,2423,0.0035999999999999366
derpp,slowheat_replay_hidden_beta_30_budget_0.25,task_aware_final_accuracy,2729,-0.0021999999999999797
derpp,slowheat_replay_hidden_beta_30_budget_0.25,task_aware_final_accuracy,3037,-0.005199999999999982
derpp,slowheat_replay_hidden_beta_30_budget_0.25,task_aware_forgetting,311,-0.0025000000000000022
derpp,slowheat_replay_hidden_beta_30_budget_0.25,task_aware_forgetting,617,0.005500000000000005
derpp,slowheat_replay_hidden_beta_30_budget_0.25,task_aware_forgetting,919,-0.0020000000000000018
derpp,slowheat_replay_hidden_beta_30_budget_0.25,task_aware_forgetting,1223,-0.004750000000000004
derpp,slowheat_replay_hidden_beta_30_budget_0.25,task_aware_forgetting,1523,0.0
derpp,slowheat_replay_hidden_beta_30_budget_0.25,task_aware_forgetting,1823,0.002250000000000002
derpp,slowheat_replay_hidden_beta_30_budget_0.25,task_aware_forgetting,2129,0.003999999999999976
derpp,slowheat_replay_hidden_beta_30_budget_0.25,task_aware_forgetting,2423,-0.005750000000000005
derpp,slowheat_replay_hidden_beta_30_budget_0.25,task_aware_forgetting,2729,-0.003500000000000003
derpp,slowheat_replay_hidden_beta_30_budget_0.25,task_aware_forgetting,3037,0.0040000000000000036
derpp,slowheat_replay_hidden_beta_30_budget_0.25,classifier_gap,311,0.043200000000000016
derpp,slowheat_replay_hidden_beta_30_budget_0.25,classifier_gap,617,0.02320000000000022
derpp,slowheat_replay_hidden_beta_30_budget_0.25,classifier_gap,919,0.06899999999999995
derpp,slowheat_replay_hidden_beta_30_budget_0.25,classifier_gap,1223,0.053199999999999914
derpp,slowheat_replay_hidden_beta_30_budget_0.25,classifier_gap,1523,0.05500000000000005
derpp,slowheat_replay_hidden_beta_30_budget_0.25,classifier_gap,1823,0.07379999999999987
derpp,slowheat_replay_hidden_beta_30_budget_0.25,classifier_gap,2129,0.0524
derpp,slowheat_replay_hidden_beta_30_budget_0.25,classifier_gap,2423,0.0805999999999999
derpp,slowheat_replay_hidden_beta_30_budget_0.25,classifier_gap,2729,0.05499999999999994
derpp,slowheat_replay_hidden_beta_30_budget_0.25,classifier_gap,3037,0.07859999999999989
derpp,slowheat_replay_hidden_beta_30_budget_0.25,elapsed_seconds,311,1.4695401279896032
derpp,slowheat_replay_hidden_beta_30_budget_0.25,elapsed_seconds,617,1.4275618940009736
derpp,slowheat_replay_hidden_beta_30_budget_0.25,elapsed_seconds,919,1.4344733809994068
derpp,slowheat_replay_hidden_beta_30_budget_0.25,elapsed_seconds,1223,1.503274713002611
derpp,slowheat_replay_hidden_beta_30_budget_0.25,elapsed_seconds,1523,1.5132793950033374
derpp,slowheat_replay_hidden_beta_30_budget_0.25,elapsed_seconds,1823,1.476131411996903
derpp,slowheat_replay_hidden_beta_30_budget_0.25,elapsed_seconds,2129,1.6080208990024403
derpp,slowheat_replay_hidden_beta_30_budget_0.25,elapsed_seconds,2423,1.5637784299615305
derpp,slowheat_replay_hidden_beta_30_budget_0.25,elapsed_seconds,2729,1.3968561360088643
derpp,slowheat_replay_hidden_beta_30_budget_0.25,elapsed_seconds,3037,1.4503130409866571
derpp,slowheat_replay_hidden_beta_30_budget_0.25,learner_examples_processed,311,0.0
derpp,slowheat_replay_hidden_beta_30_budget_0.25,learner_examples_processed,617,0.0
derpp,slowheat_replay_hidden_beta_30_budget_0.25,learner_examples_processed,919,0.0
derpp,slowheat_replay_hidden_beta_30_budget_0.25,learner_examples_processed,1223,0.0
derpp,slowheat_replay_hidden_beta_30_budget_0.25,learner_examples_processed,1523,0.0
derpp,slowheat_replay_hidden_beta_30_budget_0.25,learner_examples_processed,1823,0.0
derpp,slowheat_replay_hidden_beta_30_budget_0.25,learner_examples_processed,2129,0.0
derpp,slowheat_replay_hidden_beta_30_budget_0.25,learner_examples_processed,2423,0.0
derpp,slowheat_replay_hidden_beta_30_budget_0.25,learner_examples_processed,2729,0.0
derpp,slowheat_replay_hidden_beta_30_budget_0.25,learner_examples_processed,3037,0.0
derpp,slowheat_replay_hidden_beta_30_budget_0.25,total_model_examples_processed,311,0.0
derpp,slowheat_replay_hidden_beta_30_budget_0.25,total_model_examples_processed,617,0.0
derpp,slowheat_replay_hidden_beta_30_budget_0.25,total_model_examples_processed,919,0.0
derpp,slowheat_replay_hidden_beta_30_budget_0.25,total_model_examples_processed,1223,0.0
derpp,slowheat_replay_hidden_beta_30_budget_0.25,total_model_examples_processed,1523,0.0
derpp,slowheat_replay_hidden_beta_30_budget_0.25,total_model_examples_processed,1823,0.0
derpp,slowheat_replay_hidden_beta_30_budget_0.25,total_model_examples_processed,2129,0.0
derpp,slowheat_replay_hidden_beta_30_budget_0.25,total_model_examples_processed,2423,0.0
derpp,slowheat_replay_hidden_beta_30_budget_0.25,total_model_examples_processed,2729,0.0
derpp,slowheat_replay_hidden_beta_30_budget_0.25,total_model_examples_processed,3037,0.0
derpp,slowheat_replay_hidden_beta_30_budget_0.25,estimated_total_flops,311,407300480.0
derpp,slowheat_replay_hidden_beta_30_budget_0.25,estimated_total_flops,617,407300480.0
derpp,slowheat_replay_hidden_beta_30_budget_0.25,estimated_total_flops,919,407300480.0
derpp,slowheat_replay_hidden_beta_30_budget_0.25,estimated_total_flops,1223,407300480.0
derpp,slowheat_replay_hidden_beta_30_budget_0.25,estimated_total_flops,1523,407300480.0
derpp,slowheat_replay_hidden_beta_30_budget_0.25,estimated_total_flops,1823,407300480.0
derpp,slowheat_replay_hidden_beta_30_budget_0.25,estimated_total_flops,2129,407300480.0
derpp,slowheat_replay_hidden_beta_30_budget_0.25,estimated_total_flops,2423,407300480.0
derpp,slowheat_replay_hidden_beta_30_budget_0.25,estimated_total_flops,2729,407300480.0
derpp,slowheat_replay_hidden_beta_30_budget_0.25,estimated_total_flops,3037,407300480.0
derpp,slowheat_replay_hidden_beta_30_budget_0.25,estimated_overhead_flops,311,407300480.0
derpp,slowheat_replay_hidden_beta_30_budget_0.25,estimated_overhead_flops,617,407300480.0
derpp,slowheat_replay_hidden_beta_30_budget_0.25,estimated_overhead_flops,919,407300480.0
derpp,slowheat_replay_hidden_beta_30_budget_0.25,estimated_overhead_flops,1223,407300480.0
derpp,slowheat_replay_hidden_beta_30_budget_0.25,estimated_overhead_flops,1523,407300480.0
derpp,slowheat_replay_hidden_beta_30_budget_0.25,estimated_overhead_flops,1823,407300480.0
derpp,slowheat_replay_hidden_beta_30_budget_0.25,estimated_overhead_flops,2129,407300480.0
derpp,slowheat_replay_hidden_beta_30_budget_0.25,estimated_overhead_flops,2423,407300480.0
derpp,slowheat_replay_hidden_beta_30_budget_0.25,estimated_overhead_flops,2729,407300480.0
derpp,slowheat_replay_hidden_beta_30_budget_0.25,estimated_overhead_flops,3037,407300480.0
derpp,slowheat_replay_hidden_beta_30_budget_0.25,replay_memory_bytes,311,0.0
derpp,slowheat_replay_hidden_beta_30_budget_0.25,replay_memory_bytes,617,0.0
derpp,slowheat_replay_hidden_beta_30_budget_0.25,replay_memory_bytes,919,0.0
derpp,slowheat_replay_hidden_beta_30_budget_0.25,replay_memory_bytes,1223,0.0
derpp,slowheat_replay_hidden_beta_30_budget_0.25,replay_memory_bytes,1523,0.0
derpp,slowheat_replay_hidden_beta_30_budget_0.25,replay_memory_bytes,1823,0.0
derpp,slowheat_replay_hidden_beta_30_budget_0.25,replay_memory_bytes,2129,0.0
derpp,slowheat_replay_hidden_beta_30_budget_0.25,replay_memory_bytes,2423,0.0
derpp,slowheat_replay_hidden_beta_30_budget_0.25,replay_memory_bytes,2729,0.0
derpp,slowheat_replay_hidden_beta_30_budget_0.25,replay_memory_bytes,3037,0.0
derpp,slowheat_replay_hidden_beta_30_budget_0.25,stored_logits_bytes,311,-8000.0
derpp,slowheat_replay_hidden_beta_30_budget_0.25,stored_logits_bytes,617,-8000.0
derpp,slowheat_replay_hidden_beta_30_budget_0.25,stored_logits_bytes,919,-8000.0
derpp,slowheat_replay_hidden_beta_30_budget_0.25,stored_logits_bytes,1223,-8000.0
derpp,slowheat_replay_hidden_beta_30_budget_0.25,stored_logits_bytes,1523,-8000.0
derpp,slowheat_replay_hidden_beta_30_budget_0.25,stored_logits_bytes,1823,-8000.0
derpp,slowheat_replay_hidden_beta_30_budget_0.25,stored_logits_bytes,2129,-8000.0
derpp,slowheat_replay_hidden_beta_30_budget_0.25,stored_logits_bytes,2423,-8000.0
derpp,slowheat_replay_hidden_beta_30_budget_0.25,stored_logits_bytes,2729,-8000.0
derpp,slowheat_replay_hidden_beta_30_budget_0.25,stored_logits_bytes,3037,-8000.0
derpp,slowheat_hidden_beta_30_budget_0.25,final_average_accuracy,311,-0.6324
derpp,slowheat_hidden_beta_30_budget_0.25,final_average_accuracy,617,-0.6318000000000001
derpp,slowheat_hidden_beta_30_budget_0.25,final_average_accuracy,919,-0.6412
derpp,slowheat_hidden_beta_30_budget_0.25,final_average_accuracy,1223,-0.6103999999999999
derpp,slowheat_hidden_beta_30_budget_0.25,final_average_accuracy,1523,-0.6196
derpp,slowheat_hidden_beta_30_budget_0.25,final_average_accuracy,1823,-0.6432
derpp,slowheat_hidden_beta_30_budget_0.25,final_average_accuracy,2129,-0.6354000000000001
derpp,slowheat_hidden_beta_30_budget_0.25,final_average_accuracy,2423,-0.623
derpp,slowheat_hidden_beta_30_budget_0.25,final_average_accuracy,2729,-0.63
derpp,slowheat_hidden_beta_30_budget_0.25,final_average_accuracy,3037,-0.6337999999999999
derpp,slowheat_hidden_beta_30_budget_0.25,average_forgetting,311,0.792
derpp,slowheat_hidden_beta_30_budget_0.25,average_forgetting,617,0.7884999999999999
derpp,slowheat_hidden_beta_30_budget_0.25,average_forgetting,919,0.8035000000000001
derpp,slowheat_hidden_beta_30_budget_0.25,average_forgetting,1223,0.7605
derpp,slowheat_hidden_beta_30_budget_0.25,average_forgetting,1523,0.7722499999999999
derpp,slowheat_hidden_beta_30_budget_0.25,average_forgetting,1823,0.80475
derpp,slowheat_hidden_beta_30_budget_0.25,average_forgetting,2129,0.7952499999999999
derpp,slowheat_hidden_beta_30_budget_0.25,average_forgetting,2423,0.7794999999999999
derpp,slowheat_hidden_beta_30_budget_0.25,average_forgetting,2729,0.7847500000000001
derpp,slowheat_hidden_beta_30_budget_0.25,average_forgetting,3037,0.79725
derpp,slowheat_hidden_beta_30_budget_0.25,backward_transfer,311,-0.792
derpp,slowheat_hidden_beta_30_budget_0.25,backward_transfer,617,-0.7884999999999999
derpp,slowheat_hidden_beta_30_budget_0.25,backward_transfer,919,-0.8035000000000001
derpp,slowheat_hidden_beta_30_budget_0.25,backward_transfer,1223,-0.7605
derpp,slowheat_hidden_beta_30_budget_0.25,backward_transfer,1523,-0.7722499999999999
derpp,slowheat_hidden_beta_30_budget_0.25,backward_transfer,1823,-0.80475
derpp,slowheat_hidden_beta_30_budget_0.25,backward_transfer,2129,-0.7952499999999999
derpp,slowheat_hidden_beta_30_budget_0.25,backward_transfer,2423,-0.7794999999999999
derpp,slowheat_hidden_beta_30_budget_0.25,backward_transfer,2729,-0.7847500000000001
derpp,slowheat_hidden_beta_30_budget_0.25,backward_transfer,3037,-0.79725
derpp,slowheat_hidden_beta_30_budget_0.25,forward_transfer,311,0.0
derpp,slowheat_hidden_beta_30_budget_0.25,forward_transfer,617,-0.0022500000000000298
derpp,slowheat_hidden_beta_30_budget_0.25,forward_transfer,919,0.0
derpp,slowheat_hidden_beta_30_budget_0.25,forward_transfer,1223,0.0
derpp,slowheat_hidden_beta_30_budget_0.25,forward_transfer,1523,0.0
derpp,slowheat_hidden_beta_30_budget_0.25,forward_transfer,1823,0.0
derpp,slowheat_hidden_beta_30_budget_0.25,forward_transfer,2129,0.0
derpp,slowheat_hidden_beta_30_budget_0.25,forward_transfer,2423,-0.00024999999999997247
derpp,slowheat_hidden_beta_30_budget_0.25,forward_transfer,2729,0.0
derpp,slowheat_hidden_beta_30_budget_0.25,forward_transfer,3037,0.0
derpp,slowheat_hidden_beta_30_budget_0.25,task_aware_final_accuracy,311,-0.33620000000000005
derpp,slowheat_hidden_beta_30_budget_0.25,task_aware_final_accuracy,617,-0.2115999999999999
derpp,slowheat_hidden_beta_30_budget_0.25,task_aware_final_accuracy,919,-0.19640000000000002
derpp,slowheat_hidden_beta_30_budget_0.25,task_aware_final_accuracy,1223,-0.2502
derpp,slowheat_hidden_beta_30_budget_0.25,task_aware_final_accuracy,1523,-0.39159999999999995
derpp,slowheat_hidden_beta_30_budget_0.25,task_aware_final_accuracy,1823,-0.21600000000000008
derpp,slowheat_hidden_beta_30_budget_0.25,task_aware_final_accuracy,2129,-0.30100000000000005
derpp,slowheat_hidden_beta_30_budget_0.25,task_aware_final_accuracy,2423,-0.13880000000000003
derpp,slowheat_hidden_beta_30_budget_0.25,task_aware_final_accuracy,2729,-0.1287999999999998
derpp,slowheat_hidden_beta_30_budget_0.25,task_aware_final_accuracy,3037,-0.16420000000000012
derpp,slowheat_hidden_beta_30_budget_0.25,task_aware_forgetting,311,0.4135
derpp,slowheat_hidden_beta_30_budget_0.25,task_aware_forgetting,617,0.2595
derpp,slowheat_hidden_beta_30_budget_0.25,task_aware_forgetting,919,0.24075
derpp,slowheat_hidden_beta_30_budget_0.25,task_aware_forgetting,1223,0.3065
derpp,slowheat_hidden_beta_30_budget_0.25,task_aware_forgetting,1523,0.4805
derpp,slowheat_hidden_beta_30_budget_0.25,task_aware_forgetting,1823,0.26474999999999993
derpp,slowheat_hidden_beta_30_budget_0.25,task_aware_forgetting,2129,0.37
derpp,slowheat_hidden_beta_30_budget_0.25,task_aware_forgetting,2423,0.17024999999999998
derpp,slowheat_hidden_beta_30_budget_0.25,task_aware_forgetting,2729,0.15449999999999997
derpp,slowheat_hidden_beta_30_budget_0.25,task_aware_forgetting,3037,0.2035
derpp,slowheat_hidden_beta_30_budget_0.25,classifier_gap,311,0.2961999999999999
derpp,slowheat_hidden_beta_30_budget_0.25,classifier_gap,617,0.42020000000000024
derpp,slowheat_hidden_beta_30_budget_0.25,classifier_gap,919,0.4448000000000001
derpp,slowheat_hidden_beta_30_budget_0.25,classifier_gap,1223,0.36019999999999996
derpp,slowheat_hidden_beta_30_budget_0.25,classifier_gap,1523,0.2280000000000001
derpp,slowheat_hidden_beta_30_budget_0.25,classifier_gap,1823,0.4271999999999998
derpp,slowheat_hidden_beta_30_budget_0.25,classifier_gap,2129,0.33440000000000003
derpp,slowheat_hidden_beta_30_budget_0.25,classifier_gap,2423,0.48419999999999996
derpp,slowheat_hidden_beta_30_budget_0.25,classifier_gap,2729,0.5012000000000002
derpp,slowheat_hidden_beta_30_budget_0.25,classifier_gap,3037,0.4695999999999999
derpp,slowheat_hidden_beta_30_budget_0.25,elapsed_seconds,311,0.596018235955853
derpp,slowheat_hidden_beta_30_budget_0.25,elapsed_seconds,617,0.5486450640019029
derpp,slowheat_hidden_beta_30_budget_0.25,elapsed_seconds,919,0.7111464979825541
derpp,slowheat_hidden_beta_30_budget_0.25,elapsed_seconds,1223,0.5680360170081258
derpp,slowheat_hidden_beta_30_budget_0.25,elapsed_seconds,1523,0.6758879389963113
derpp,slowheat_hidden_beta_30_budget_0.25,elapsed_seconds,1823,0.6318909270048607
derpp,slowheat_hidden_beta_30_budget_0.25,elapsed_seconds,2129,0.7476010390091687
derpp,slowheat_hidden_beta_30_budget_0.25,elapsed_seconds,2423,0.664628376980545
derpp,slowheat_hidden_beta_30_budget_0.25,elapsed_seconds,2729,0.5295080170035362
derpp,slowheat_hidden_beta_30_budget_0.25,elapsed_seconds,3037,0.5638710689963773
derpp,slowheat_hidden_beta_30_budget_0.25,learner_examples_processed,311,-40960.0
derpp,slowheat_hidden_beta_30_budget_0.25,learner_examples_processed,617,-40960.0
derpp,slowheat_hidden_beta_30_budget_0.25,learner_examples_processed,919,-40960.0
derpp,slowheat_hidden_beta_30_budget_0.25,learner_examples_processed,1223,-40960.0
derpp,slowheat_hidden_beta_30_budget_0.25,learner_examples_processed,1523,-40960.0
derpp,slowheat_hidden_beta_30_budget_0.25,learner_examples_processed,1823,-40960.0
derpp,slowheat_hidden_beta_30_budget_0.25,learner_examples_processed,2129,-40960.0
derpp,slowheat_hidden_beta_30_budget_0.25,learner_examples_processed,2423,-40960.0
derpp,slowheat_hidden_beta_30_budget_0.25,learner_examples_processed,2729,-40960.0
derpp,slowheat_hidden_beta_30_budget_0.25,learner_examples_processed,3037,-40960.0
derpp,slowheat_hidden_beta_30_budget_0.25,total_model_examples_processed,311,-40960.0
derpp,slowheat_hidden_beta_30_budget_0.25,total_model_examples_processed,617,-40960.0
derpp,slowheat_hidden_beta_30_budget_0.25,total_model_examples_processed,919,-40960.0
derpp,slowheat_hidden_beta_30_budget_0.25,total_model_examples_processed,1223,-40960.0
derpp,slowheat_hidden_beta_30_budget_0.25,total_model_examples_processed,1523,-40960.0
derpp,slowheat_hidden_beta_30_budget_0.25,total_model_examples_processed,1823,-40960.0
derpp,slowheat_hidden_beta_30_budget_0.25,total_model_examples_processed,2129,-40960.0
derpp,slowheat_hidden_beta_30_budget_0.25,total_model_examples_processed,2423,-40960.0
derpp,slowheat_hidden_beta_30_budget_0.25,total_model_examples_processed,2729,-40960.0
derpp,slowheat_hidden_beta_30_budget_0.25,total_model_examples_processed,3037,-40960.0
derpp,slowheat_hidden_beta_30_budget_0.25,estimated_total_flops,311,-57348265600.0
derpp,slowheat_hidden_beta_30_budget_0.25,estimated_total_flops,617,-57348265600.0
derpp,slowheat_hidden_beta_30_budget_0.25,estimated_total_flops,919,-57348265600.0
derpp,slowheat_hidden_beta_30_budget_0.25,estimated_total_flops,1223,-57348265600.0
derpp,slowheat_hidden_beta_30_budget_0.25,estimated_total_flops,1523,-57348265600.0
derpp,slowheat_hidden_beta_30_budget_0.25,estimated_total_flops,1823,-57348265600.0
derpp,slowheat_hidden_beta_30_budget_0.25,estimated_total_flops,2129,-57348265600.0
derpp,slowheat_hidden_beta_30_budget_0.25,estimated_total_flops,2423,-57348265600.0
derpp,slowheat_hidden_beta_30_budget_0.25,estimated_total_flops,2729,-57348265600.0
derpp,slowheat_hidden_beta_30_budget_0.25,estimated_total_flops,3037,-57348265600.0
derpp,slowheat_hidden_beta_30_budget_0.25,estimated_overhead_flops,311,344385920.0
derpp,slowheat_hidden_beta_30_budget_0.25,estimated_overhead_flops,617,344385920.0
derpp,slowheat_hidden_beta_30_budget_0.25,estimated_overhead_flops,919,344385920.0
derpp,slowheat_hidden_beta_30_budget_0.25,estimated_overhead_flops,1223,344385920.0
derpp,slowheat_hidden_beta_30_budget_0.25,estimated_overhead_flops,1523,344385920.0
derpp,slowheat_hidden_beta_30_budget_0.25,estimated_overhead_flops,1823,344385920.0
derpp,slowheat_hidden_beta_30_budget_0.25,estimated_overhead_flops,2129,344385920.0
derpp,slowheat_hidden_beta_30_budget_0.25,estimated_overhead_flops,2423,344385920.0
derpp,slowheat_hidden_beta_30_budget_0.25,estimated_overhead_flops,2729,344385920.0
derpp,slowheat_hidden_beta_30_budget_0.25,estimated_overhead_flops,3037,344385920.0
derpp,slowheat_hidden_beta_30_budget_0.25,replay_memory_bytes,311,-628800.0
derpp,slowheat_hidden_beta_30_budget_0.25,replay_memory_bytes,617,-628800.0
derpp,slowheat_hidden_beta_30_budget_0.25,replay_memory_bytes,919,-628800.0
derpp,slowheat_hidden_beta_30_budget_0.25,replay_memory_bytes,1223,-628800.0
derpp,slowheat_hidden_beta_30_budget_0.25,replay_memory_bytes,1523,-628800.0
derpp,slowheat_hidden_beta_30_budget_0.25,replay_memory_bytes,1823,-628800.0
derpp,slowheat_hidden_beta_30_budget_0.25,replay_memory_bytes,2129,-628800.0
derpp,slowheat_hidden_beta_30_budget_0.25,replay_memory_bytes,2423,-628800.0
derpp,slowheat_hidden_beta_30_budget_0.25,replay_memory_bytes,2729,-628800.0
derpp,slowheat_hidden_beta_30_budget_0.25,replay_memory_bytes,3037,-628800.0
derpp,slowheat_hidden_beta_30_budget_0.25,stored_logits_bytes,311,-8000.0
derpp,slowheat_hidden_beta_30_budget_0.25,stored_logits_bytes,617,-8000.0
derpp,slowheat_hidden_beta_30_budget_0.25,stored_logits_bytes,919,-8000.0
derpp,slowheat_hidden_beta_30_budget_0.25,stored_logits_bytes,1223,-8000.0
derpp,slowheat_hidden_beta_30_budget_0.25,stored_logits_bytes,1523,-8000.0
derpp,slowheat_hidden_beta_30_budget_0.25,stored_logits_bytes,1823,-8000.0
derpp,slowheat_hidden_beta_30_budget_0.25,stored_logits_bytes,2129,-8000.0
derpp,slowheat_hidden_beta_30_budget_0.25,stored_logits_bytes,2423,-8000.0
derpp,slowheat_hidden_beta_30_budget_0.25,stored_logits_bytes,2729,-8000.0
derpp,slowheat_hidden_beta_30_budget_0.25,stored_logits_bytes,3037,-8000.0
derpp,slowheat_replay_hidden_adaptive_beta_30_budget_0.25,final_average_accuracy,311,-0.03479999999999994
derpp,slowheat_replay_hidden_adaptive_beta_30_budget_0.25,final_average_accuracy,617,-0.03480000000000005
derpp,slowheat_replay_hidden_adaptive_beta_30_budget_0.25,final_average_accuracy,919,-0.06320000000000014
derpp,slowheat_replay_hidden_adaptive_beta_30_budget_0.25,final_average_accuracy,1223,-0.05019999999999991
derpp,slowheat_replay_hidden_adaptive_beta_30_budget_0.25,final_average_accuracy,1523,-0.06120000000000003
derpp,slowheat_replay_hidden_adaptive_beta_30_budget_0.25,final_average_accuracy,1823,-0.06099999999999994
derpp,slowheat_replay_hidden_adaptive_beta_30_budget_0.25,final_average_accuracy,2129,-0.05620000000000003
derpp,slowheat_replay_hidden_adaptive_beta_30_budget_0.25,final_average_accuracy,2423,-0.060799999999999965
derpp,slowheat_replay_hidden_adaptive_beta_30_budget_0.25,final_average_accuracy,2729,-0.06619999999999993
derpp,slowheat_replay_hidden_adaptive_beta_30_budget_0.25,final_average_accuracy,3037,-0.06920000000000004
derpp,slowheat_replay_hidden_adaptive_beta_30_budget_0.25,average_forgetting,311,0.03674999999999998
derpp,slowheat_replay_hidden_adaptive_beta_30_budget_0.25,average_forgetting,617,0.03950000000000001
derpp,slowheat_replay_hidden_adaptive_beta_30_budget_0.25,average_forgetting,919,0.07900000000000001
derpp,slowheat_replay_hidden_adaptive_beta_30_budget_0.25,average_forgetting,1223,0.05899999999999997
derpp,slowheat_replay_hidden_adaptive_beta_30_budget_0.25,average_forgetting,1523,0.07399999999999995
derpp,slowheat_replay_hidden_adaptive_beta_30_budget_0.25,average_forgetting,1823,0.07349999999999998
derpp,slowheat_replay_hidden_adaptive_beta_30_budget_0.25,average_forgetting,2129,0.06724999999999995
derpp,slowheat_replay_hidden_adaptive_beta_30_budget_0.25,average_forgetting,2423,0.07500000000000001
derpp,slowheat_replay_hidden_adaptive_beta_30_budget_0.25,average_forgetting,2729,0.07524999999999996
derpp,slowheat_replay_hidden_adaptive_beta_30_budget_0.25,average_forgetting,3037,0.08375000000000005
derpp,slowheat_replay_hidden_adaptive_beta_30_budget_0.25,backward_transfer,311,-0.03674999999999998
derpp,slowheat_replay_hidden_adaptive_beta_30_budget_0.25,backward_transfer,617,-0.03950000000000001
derpp,slowheat_replay_hidden_adaptive_beta_30_budget_0.25,backward_transfer,919,-0.07900000000000001
derpp,slowheat_replay_hidden_adaptive_beta_30_budget_0.25,backward_transfer,1223,-0.05899999999999997
derpp,slowheat_replay_hidden_adaptive_beta_30_budget_0.25,backward_transfer,1523,-0.07399999999999995
derpp,slowheat_replay_hidden_adaptive_beta_30_budget_0.25,backward_transfer,1823,-0.07349999999999998
derpp,slowheat_replay_hidden_adaptive_beta_30_budget_0.25,backward_transfer,2129,-0.06724999999999995
derpp,slowheat_replay_hidden_adaptive_beta_30_budget_0.25,backward_transfer,2423,-0.07500000000000001
derpp,slowheat_replay_hidden_adaptive_beta_30_budget_0.25,backward_transfer,2729,-0.07524999999999996
derpp,slowheat_replay_hidden_adaptive_beta_30_budget_0.25,backward_transfer,3037,-0.08375000000000005
derpp,slowheat_replay_hidden_adaptive_beta_30_budget_0.25,forward_transfer,311,0.0
derpp,slowheat_replay_hidden_adaptive_beta_30_budget_0.25,forward_transfer,617,0.003500000000000003
derpp,slowheat_replay_hidden_adaptive_beta_30_budget_0.25,forward_transfer,919,0.0020000000000000018
derpp,slowheat_replay_hidden_adaptive_beta_30_budget_0.25,forward_transfer,1223,0.0
derpp,slowheat_replay_hidden_adaptive_beta_30_budget_0.25,forward_transfer,1523,0.0012500000000000011
derpp,slowheat_replay_hidden_adaptive_beta_30_budget_0.25,forward_transfer,1823,0.0012500000000000011
derpp,slowheat_replay_hidden_adaptive_beta_30_budget_0.25,forward_transfer,2129,0.0
derpp,slowheat_replay_hidden_adaptive_beta_30_budget_0.25,forward_transfer,2423,-0.00024999999999997247
derpp,slowheat_replay_hidden_adaptive_beta_30_budget_0.25,forward_transfer,2729,0.0
derpp,slowheat_replay_hidden_adaptive_beta_30_budget_0.25,forward_transfer,3037,0.010500000000000006
derpp,slowheat_replay_hidden_adaptive_beta_30_budget_0.25,task_aware_final_accuracy,311,-0.0006000000000000449
derpp,slowheat_replay_hidden_adaptive_beta_30_budget_0.25,task_aware_final_accuracy,617,-0.00539999999999996
derpp,slowheat_replay_hidden_adaptive_beta_30_budget_0.25,task_aware_final_accuracy,919,-0.0011999999999999789
derpp,slowheat_replay_hidden_adaptive_beta_30_budget_0.25,task_aware_final_accuracy,1223,-0.0008000000000001339
derpp,slowheat_replay_hidden_adaptive_beta_30_budget_0.25,task_aware_final_accuracy,1523,-0.007199999999999873
derpp,slowheat_replay_hidden_adaptive_beta_30_budget_0.25,task_aware_final_accuracy,1823,-0.0026000000000000467
derpp,slowheat_replay_hidden_adaptive_beta_30_budget_0.25,task_aware_final_accuracy,2129,-0.0043999999999998485
derpp,slowheat_replay_hidden_adaptive_beta_30_budget_0.25,task_aware_final_accuracy,2423,0.004799999999999804
derpp,slowheat_replay_hidden_adaptive_beta_30_budget_0.25,task_aware_final_accuracy,2729,-0.0005999999999998229
derpp,slowheat_replay_hidden_adaptive_beta_30_budget_0.25,task_aware_final_accuracy,3037,-0.0041999999999999815
derpp,slowheat_replay_hidden_adaptive_beta_30_budget_0.25,task_aware_forgetting,311,-0.0050000000000000044
derpp,slowheat_replay_hidden_adaptive_beta_30_budget_0.25,task_aware_forgetting,617,0.0050000000000000044
derpp,slowheat_replay_hidden_adaptive_beta_30_budget_0.25,task_aware_forgetting,919,-0.0007500000000000007
derpp,slowheat_replay_hidden_adaptive_beta_30_budget_0.25,task_aware_forgetting,1223,-0.002250000000000002
derpp,slowheat_replay_hidden_adaptive_beta_30_budget_0.25,task_aware_forgetting,1523,0.004500000000000004
derpp,slowheat_replay_hidden_adaptive_beta_30_budget_0.25,task_aware_forgetting,1823,-0.0002500000000000002
derpp,slowheat_replay_hidden_adaptive_beta_30_budget_0.25,task_aware_forgetting,2129,0.0017500000000000016
derpp,slowheat_replay_hidden_adaptive_beta_30_budget_0.25,task_aware_forgetting,2423,-0.006750000000000006
derpp,slowheat_replay_hidden_adaptive_beta_30_budget_0.25,task_aware_forgetting,2729,-0.005250000000000005
derpp,slowheat_replay_hidden_adaptive_beta_30_budget_0.25,task_aware_forgetting,3037,0.002250000000000002
derpp,slowheat_replay_hidden_adaptive_beta_30_budget_0.25,classifier_gap,311,0.0341999999999999
derpp,slowheat_replay_hidden_adaptive_beta_30_budget_0.25,classifier_gap,617,0.029400000000000093
derpp,slowheat_replay_hidden_adaptive_beta_30_budget_0.25,classifier_gap,919,0.062000000000000166
derpp,slowheat_replay_hidden_adaptive_beta_30_budget_0.25,classifier_gap,1223,0.04939999999999978
derpp,slowheat_replay_hidden_adaptive_beta_30_budget_0.25,classifier_gap,1523,0.05400000000000016
derpp,slowheat_replay_hidden_adaptive_beta_30_budget_0.25,classifier_gap,1823,0.058399999999999896
derpp,slowheat_replay_hidden_adaptive_beta_30_budget_0.25,classifier_gap,2129,0.05180000000000018
derpp,slowheat_replay_hidden_adaptive_beta_30_budget_0.25,classifier_gap,2423,0.06559999999999977
derpp,slowheat_replay_hidden_adaptive_beta_30_budget_0.25,classifier_gap,2729,0.0656000000000001
derpp,slowheat_replay_hidden_adaptive_beta_30_budget_0.25,classifier_gap,3037,0.06500000000000006
derpp,slowheat_replay_hidden_adaptive_beta_30_budget_0.25,elapsed_seconds,311,1.4701047299604397
derpp,slowheat_replay_hidden_adaptive_beta_30_budget_0.25,elapsed_seconds,617,1.4281260409916285
derpp,slowheat_replay_hidden_adaptive_beta_30_budget_0.25,elapsed_seconds,919,1.4246896869735792
derpp,slowheat_replay_hidden_adaptive_beta_30_budget_0.25,elapsed_seconds,1223,1.4275534159969538
derpp,slowheat_replay_hidden_adaptive_beta_30_budget_0.25,elapsed_seconds,1523,1.5145653339859564
derpp,slowheat_replay_hidden_adaptive_beta_30_budget_0.25,elapsed_seconds,1823,1.4700026740320027
derpp,slowheat_replay_hidden_adaptive_beta_30_budget_0.25,elapsed_seconds,2129,1.6145209839742165
derpp,slowheat_replay_hidden_adaptive_beta_30_budget_0.25,elapsed_seconds,2423,1.5352679969801102
derpp,slowheat_replay_hidden_adaptive_beta_30_budget_0.25,elapsed_seconds,2729,1.385629568976583
derpp,slowheat_replay_hidden_adaptive_beta_30_budget_0.25,elapsed_seconds,3037,1.4311471849796362
derpp,slowheat_replay_hidden_adaptive_beta_30_budget_0.25,learner_examples_processed,311,0.0
derpp,slowheat_replay_hidden_adaptive_beta_30_budget_0.25,learner_examples_processed,617,0.0
derpp,slowheat_replay_hidden_adaptive_beta_30_budget_0.25,learner_examples_processed,919,0.0
derpp,slowheat_replay_hidden_adaptive_beta_30_budget_0.25,learner_examples_processed,1223,0.0
derpp,slowheat_replay_hidden_adaptive_beta_30_budget_0.25,learner_examples_processed,1523,0.0
derpp,slowheat_replay_hidden_adaptive_beta_30_budget_0.25,learner_examples_processed,1823,0.0
derpp,slowheat_replay_hidden_adaptive_beta_30_budget_0.25,learner_examples_processed,2129,0.0
derpp,slowheat_replay_hidden_adaptive_beta_30_budget_0.25,learner_examples_processed,2423,0.0
derpp,slowheat_replay_hidden_adaptive_beta_30_budget_0.25,learner_examples_processed,2729,0.0
derpp,slowheat_replay_hidden_adaptive_beta_30_budget_0.25,learner_examples_processed,3037,0.0
derpp,slowheat_replay_hidden_adaptive_beta_30_budget_0.25,total_model_examples_processed,311,0.0
derpp,slowheat_replay_hidden_adaptive_beta_30_budget_0.25,total_model_examples_processed,617,0.0
derpp,slowheat_replay_hidden_adaptive_beta_30_budget_0.25,total_model_examples_processed,919,0.0
derpp,slowheat_replay_hidden_adaptive_beta_30_budget_0.25,total_model_examples_processed,1223,0.0
derpp,slowheat_replay_hidden_adaptive_beta_30_budget_0.25,total_model_examples_processed,1523,0.0
derpp,slowheat_replay_hidden_adaptive_beta_30_budget_0.25,total_model_examples_processed,1823,0.0
derpp,slowheat_replay_hidden_adaptive_beta_30_budget_0.25,total_model_examples_processed,2129,0.0
derpp,slowheat_replay_hidden_adaptive_beta_30_budget_0.25,total_model_examples_processed,2423,0.0
derpp,slowheat_replay_hidden_adaptive_beta_30_budget_0.25,total_model_examples_processed,2729,0.0
derpp,slowheat_replay_hidden_adaptive_beta_30_budget_0.25,total_model_examples_processed,3037,0.0
derpp,slowheat_replay_hidden_adaptive_beta_30_budget_0.25,estimated_total_flops,311,407300480.0
derpp,slowheat_replay_hidden_adaptive_beta_30_budget_0.25,estimated_total_flops,617,407300480.0
derpp,slowheat_replay_hidden_adaptive_beta_30_budget_0.25,estimated_total_flops,919,407300480.0
derpp,slowheat_replay_hidden_adaptive_beta_30_budget_0.25,estimated_total_flops,1223,407300480.0
derpp,slowheat_replay_hidden_adaptive_beta_30_budget_0.25,estimated_total_flops,1523,407300480.0
derpp,slowheat_replay_hidden_adaptive_beta_30_budget_0.25,estimated_total_flops,1823,407300480.0
derpp,slowheat_replay_hidden_adaptive_beta_30_budget_0.25,estimated_total_flops,2129,407300480.0
derpp,slowheat_replay_hidden_adaptive_beta_30_budget_0.25,estimated_total_flops,2423,407300480.0
derpp,slowheat_replay_hidden_adaptive_beta_30_budget_0.25,estimated_total_flops,2729,407300480.0
derpp,slowheat_replay_hidden_adaptive_beta_30_budget_0.25,estimated_total_flops,3037,407300480.0
derpp,slowheat_replay_hidden_adaptive_beta_30_budget_0.25,estimated_overhead_flops,311,407300480.0
derpp,slowheat_replay_hidden_adaptive_beta_30_budget_0.25,estimated_overhead_flops,617,407300480.0
derpp,slowheat_replay_hidden_adaptive_beta_30_budget_0.25,estimated_overhead_flops,919,407300480.0
derpp,slowheat_replay_hidden_adaptive_beta_30_budget_0.25,estimated_overhead_flops,1223,407300480.0
derpp,slowheat_replay_hidden_adaptive_beta_30_budget_0.25,estimated_overhead_flops,1523,407300480.0
derpp,slowheat_replay_hidden_adaptive_beta_30_budget_0.25,estimated_overhead_flops,1823,407300480.0
derpp,slowheat_replay_hidden_adaptive_beta_30_budget_0.25,estimated_overhead_flops,2129,407300480.0
derpp,slowheat_replay_hidden_adaptive_beta_30_budget_0.25,estimated_overhead_flops,2423,407300480.0
derpp,slowheat_replay_hidden_adaptive_beta_30_budget_0.25,estimated_overhead_flops,2729,407300480.0
derpp,slowheat_replay_hidden_adaptive_beta_30_budget_0.25,estimated_overhead_flops,3037,407300480.0
derpp,slowheat_replay_hidden_adaptive_beta_30_budget_0.25,replay_memory_bytes,311,0.0
derpp,slowheat_replay_hidden_adaptive_beta_30_budget_0.25,replay_memory_bytes,617,0.0
derpp,slowheat_replay_hidden_adaptive_beta_30_budget_0.25,replay_memory_bytes,919,0.0
derpp,slowheat_replay_hidden_adaptive_beta_30_budget_0.25,replay_memory_bytes,1223,0.0
derpp,slowheat_replay_hidden_adaptive_beta_30_budget_0.25,replay_memory_bytes,1523,0.0
derpp,slowheat_replay_hidden_adaptive_beta_30_budget_0.25,replay_memory_bytes,1823,0.0
derpp,slowheat_replay_hidden_adaptive_beta_30_budget_0.25,replay_memory_bytes,2129,0.0
derpp,slowheat_replay_hidden_adaptive_beta_30_budget_0.25,replay_memory_bytes,2423,0.0
derpp,slowheat_replay_hidden_adaptive_beta_30_budget_0.25,replay_memory_bytes,2729,0.0
derpp,slowheat_replay_hidden_adaptive_beta_30_budget_0.25,replay_memory_bytes,3037,0.0
derpp,slowheat_replay_hidden_adaptive_beta_30_budget_0.25,stored_logits_bytes,311,-8000.0
derpp,slowheat_replay_hidden_adaptive_beta_30_budget_0.25,stored_logits_bytes,617,-8000.0
derpp,slowheat_replay_hidden_adaptive_beta_30_budget_0.25,stored_logits_bytes,919,-8000.0
derpp,slowheat_replay_hidden_adaptive_beta_30_budget_0.25,stored_logits_bytes,1223,-8000.0
derpp,slowheat_replay_hidden_adaptive_beta_30_budget_0.25,stored_logits_bytes,1523,-8000.0
derpp,slowheat_replay_hidden_adaptive_beta_30_budget_0.25,stored_logits_bytes,1823,-8000.0
derpp,slowheat_replay_hidden_adaptive_beta_30_budget_0.25,stored_logits_bytes,2129,-8000.0
derpp,slowheat_replay_hidden_adaptive_beta_30_budget_0.25,stored_logits_bytes,2423,-8000.0
derpp,slowheat_replay_hidden_adaptive_beta_30_budget_0.25,stored_logits_bytes,2729,-8000.0
derpp,slowheat_replay_hidden_adaptive_beta_30_budget_0.25,stored_logits_bytes,3037,-8000.0
derpp,slowheat_replay_partial_output_beta_30_budget_0.25,final_average_accuracy,311,-0.05820000000000003
derpp,slowheat_replay_partial_output_beta_30_budget_0.25,final_average_accuracy,617,-0.04520000000000013
derpp,slowheat_replay_partial_output_beta_30_budget_0.25,final_average_accuracy,919,-0.06140000000000012
derpp,slowheat_replay_partial_output_beta_30_budget_0.25,final_average_accuracy,1223,-0.05279999999999996
derpp,slowheat_replay_partial_output_beta_30_budget_0.25,final_average_accuracy,1523,-0.058800000000000074
derpp,slowheat_replay_partial_output_beta_30_budget_0.25,final_average_accuracy,1823,-0.0756
derpp,slowheat_replay_partial_output_beta_30_budget_0.25,final_average_accuracy,2129,-0.05360000000000009
derpp,slowheat_replay_partial_output_beta_30_budget_0.25,final_average_accuracy,2423,-0.057600000000000096
derpp,slowheat_replay_partial_output_beta_30_budget_0.25,final_average_accuracy,2729,-0.06720000000000004
derpp,slowheat_replay_partial_output_beta_30_budget_0.25,final_average_accuracy,3037,-0.07140000000000002
derpp,slowheat_replay_partial_output_beta_30_budget_0.25,average_forgetting,311,0.066
derpp,slowheat_replay_partial_output_beta_30_budget_0.25,average_forgetting,617,0.05050000000000002
derpp,slowheat_replay_partial_output_beta_30_budget_0.25,average_forgetting,919,0.07274999999999998
derpp,slowheat_replay_partial_output_beta_30_budget_0.25,average_forgetting,1223,0.06249999999999997
derpp,slowheat_replay_partial_output_beta_30_budget_0.25,average_forgetting,1523,0.06724999999999998
derpp,slowheat_replay_partial_output_beta_30_budget_0.25,average_forgetting,1823,0.09125000000000003
derpp,slowheat_replay_partial_output_beta_30_budget_0.25,average_forgetting,2129,0.06474999999999995
derpp,slowheat_replay_partial_output_beta_30_budget_0.25,average_forgetting,2423,0.07
derpp,slowheat_replay_partial_output_beta_30_budget_0.25,average_forgetting,2729,0.07274999999999995
derpp,slowheat_replay_partial_output_beta_30_budget_0.25,average_forgetting,3037,0.08600000000000002
derpp,slowheat_replay_partial_output_beta_30_budget_0.25,backward_transfer,311,-0.066
derpp,slowheat_replay_partial_output_beta_30_budget_0.25,backward_transfer,617,-0.05050000000000002
derpp,slowheat_replay_partial_output_beta_30_budget_0.25,backward_transfer,919,-0.07274999999999998
derpp,slowheat_replay_partial_output_beta_30_budget_0.25,backward_transfer,1223,-0.06249999999999997
derpp,slowheat_replay_partial_output_beta_30_budget_0.25,backward_transfer,1523,-0.06724999999999998
derpp,slowheat_replay_partial_output_beta_30_budget_0.25,backward_transfer,1823,-0.09125000000000003
derpp,slowheat_replay_partial_output_beta_30_budget_0.25,backward_transfer,2129,-0.06474999999999995
derpp,slowheat_replay_partial_output_beta_30_budget_0.25,backward_transfer,2423,-0.07
derpp,slowheat_replay_partial_output_beta_30_budget_0.25,backward_transfer,2729,-0.07274999999999995
derpp,slowheat_replay_partial_output_beta_30_budget_0.25,backward_transfer,3037,-0.08600000000000002
derpp,slowheat_replay_partial_output_beta_30_budget_0.25,forward_transfer,311,0.0002500000000000002
derpp,slowheat_replay_partial_output_beta_30_budget_0.25,forward_transfer,617,0.004499999999999976
derpp,slowheat_replay_partial_output_beta_30_budget_0.25,forward_transfer,919,0.0007500000000000007
derpp,slowheat_replay_partial_output_beta_30_budget_0.25,forward_transfer,1223,0.0
derpp,slowheat_replay_partial_output_beta_30_budget_0.25,forward_transfer,1523,0.0
derpp,slowheat_replay_partial_output_beta_30_budget_0.25,forward_transfer,1823,0.0005000000000000004
derpp,slowheat_replay_partial_output_beta_30_budget_0.25,forward_transfer,2129,0.0
derpp,slowheat_replay_partial_output_beta_30_budget_0.25,forward_transfer,2423,-0.00024999999999997247
derpp,slowheat_replay_partial_output_beta_30_budget_0.25,forward_transfer,2729,0.0
derpp,slowheat_replay_partial_output_beta_30_budget_0.25,forward_transfer,3037,0.014500000000000002
derpp,slowheat_replay_partial_output_beta_30_budget_0.25,task_aware_final_accuracy,311,-0.0020000000000000018
derpp,slowheat_replay_partial_output_beta_30_budget_0.25,task_aware_final_accuracy,617,-0.007000000000000006
derpp,slowheat_replay_partial_output_beta_30_budget_0.25,task_aware_final_accuracy,919,-0.0025999999999999357
derpp,slowheat_replay_partial_output_beta_30_budget_0.25,task_aware_final_accuracy,1223,-0.004999999999999893
derpp,slowheat_replay_partial_output_beta_30_budget_0.25,task_aware_final_accuracy,1523,-0.006599999999999939
derpp,slowheat_replay_partial_output_beta_30_budget_0.25,task_aware_final_accuracy,1823,-0.0024000000000001798
derpp,slowheat_replay_partial_output_beta_30_budget_0.25,task_aware_final_accuracy,2129,-0.004999999999999893
derpp,slowheat_replay_partial_output_beta_30_budget_0.25,task_aware_final_accuracy,2423,0.00639999999999985
derpp,slowheat_replay_partial_output_beta_30_budget_0.25,task_aware_final_accuracy,2729,-0.0038000000000000256
derpp,slowheat_replay_partial_output_beta_30_budget_0.25,task_aware_final_accuracy,3037,-0.006599999999999939
derpp,slowheat_replay_partial_output_beta_30_budget_0.25,task_aware_forgetting,311,-0.0037500000000000033
derpp,slowheat_replay_partial_output_beta_30_budget_0.25,task_aware_forgetting,617,0.005249999999999977
derpp,slowheat_replay_partial_output_beta_30_budget_0.25,task_aware_forgetting,919,-0.0002500000000000002
derpp,slowheat_replay_partial_output_beta_30_budget_0.25,task_aware_forgetting,1223,0.003500000000000003
derpp,slowheat_replay_partial_output_beta_30_budget_0.25,task_aware_forgetting,1523,0.0024999999999999745
derpp,slowheat_replay_partial_output_beta_30_budget_0.25,task_aware_forgetting,1823,0.0
derpp,slowheat_replay_partial_output_beta_30_budget_0.25,task_aware_forgetting,2129,0.003250000000000003
derpp,slowheat_replay_partial_output_beta_30_budget_0.25,task_aware_forgetting,2423,-0.010000000000000009
derpp,slowheat_replay_partial_output_beta_30_budget_0.25,task_aware_forgetting,2729,-0.0015000000000000013
derpp,slowheat_replay_partial_output_beta_30_budget_0.25,task_aware_forgetting,3037,0.0050000000000000044
derpp,slowheat_replay_partial_output_beta_30_budget_0.25,classifier_gap,311,0.05620000000000003
derpp,slowheat_replay_partial_output_beta_30_budget_0.25,classifier_gap,617,0.03820000000000012
derpp,slowheat_replay_partial_output_beta_30_budget_0.25,classifier_gap,919,0.058800000000000185
derpp,slowheat_replay_partial_output_beta_30_budget_0.25,classifier_gap,1223,0.047800000000000065
derpp,slowheat_replay_partial_output_beta_30_budget_0.25,classifier_gap,1523,0.052200000000000135
derpp,slowheat_replay_partial_output_beta_30_budget_0.25,classifier_gap,1823,0.07319999999999982
derpp,slowheat_replay_partial_output_beta_30_budget_0.25,classifier_gap,2129,0.0486000000000002
derpp,slowheat_replay_partial_output_beta_30_budget_0.25,classifier_gap,2423,0.06399999999999995
derpp,slowheat_replay_partial_output_beta_30_budget_0.25,classifier_gap,2729,0.06340000000000001
derpp,slowheat_replay_partial_output_beta_30_budget_0.25,classifier_gap,3037,0.06480000000000008
derpp,slowheat_replay_partial_output_beta_30_budget_0.25,elapsed_seconds,311,2.1597602179972455
derpp,slowheat_replay_partial_output_beta_30_budget_0.25,elapsed_seconds,617,2.1414258489967324
derpp,slowheat_replay_partial_output_beta_30_budget_0.25,elapsed_seconds,919,2.1032884739979636
derpp,slowheat_replay_partial_output_beta_30_budget_0.25,elapsed_seconds,1223,2.143669700017199
derpp,slowheat_replay_partial_output_beta_30_budget_0.25,elapsed_seconds,1523,2.190959400992142
derpp,slowheat_replay_partial_output_beta_30_budget_0.25,elapsed_seconds,1823,2.174129641003674
derpp,slowheat_replay_partial_output_beta_30_budget_0.25,elapsed_seconds,2129,2.3321791990019847
derpp,slowheat_replay_partial_output_beta_30_budget_0.25,elapsed_seconds,2423,2.251639248977881
derpp,slowheat_replay_partial_output_beta_30_budget_0.25,elapsed_seconds,2729,2.154672025004402
derpp,slowheat_replay_partial_output_beta_30_budget_0.25,elapsed_seconds,3037,2.1690613309910987
derpp,slowheat_replay_partial_output_beta_30_budget_0.25,learner_examples_processed,311,0.0
derpp,slowheat_replay_partial_output_beta_30_budget_0.25,learner_examples_processed,617,0.0
derpp,slowheat_replay_partial_output_beta_30_budget_0.25,learner_examples_processed,919,0.0
derpp,slowheat_replay_partial_output_beta_30_budget_0.25,learner_examples_processed,1223,0.0
derpp,slowheat_replay_partial_output_beta_30_budget_0.25,learner_examples_processed,1523,0.0
derpp,slowheat_replay_partial_output_beta_30_budget_0.25,learner_examples_processed,1823,0.0
derpp,slowheat_replay_partial_output_beta_30_budget_0.25,learner_examples_processed,2129,0.0
derpp,slowheat_replay_partial_output_beta_30_budget_0.25,learner_examples_processed,2423,0.0
derpp,slowheat_replay_partial_output_beta_30_budget_0.25,learner_examples_processed,2729,0.0
derpp,slowheat_replay_partial_output_beta_30_budget_0.25,learner_examples_processed,3037,0.0
derpp,slowheat_replay_partial_output_beta_30_budget_0.25,total_model_examples_processed,311,0.0
derpp,slowheat_replay_partial_output_beta_30_budget_0.25,total_model_examples_processed,617,0.0
derpp,slowheat_replay_partial_output_beta_30_budget_0.25,total_model_examples_processed,919,0.0
derpp,slowheat_replay_partial_output_beta_30_budget_0.25,total_model_examples_processed,1223,0.0
derpp,slowheat_replay_partial_output_beta_30_budget_0.25,total_model_examples_processed,1523,0.0
derpp,slowheat_replay_partial_output_beta_30_budget_0.25,total_model_examples_processed,1823,0.0
derpp,slowheat_replay_partial_output_beta_30_budget_0.25,total_model_examples_processed,2129,0.0
derpp,slowheat_replay_partial_output_beta_30_budget_0.25,total_model_examples_processed,2423,0.0
derpp,slowheat_replay_partial_output_beta_30_budget_0.25,total_model_examples_processed,2729,0.0
derpp,slowheat_replay_partial_output_beta_30_budget_0.25,total_model_examples_processed,3037,0.0
derpp,slowheat_replay_partial_output_beta_30_budget_0.25,estimated_total_flops,311,414067080.0
derpp,slowheat_replay_partial_output_beta_30_budget_0.25,estimated_total_flops,617,414067080.0
derpp,slowheat_replay_partial_output_beta_30_budget_0.25,estimated_total_flops,919,414067080.0
derpp,slowheat_replay_partial_output_beta_30_budget_0.25,estimated_total_flops,1223,414067080.0
derpp,slowheat_replay_partial_output_beta_30_budget_0.25,estimated_total_flops,1523,414067080.0
derpp,slowheat_replay_partial_output_beta_30_budget_0.25,estimated_total_flops,1823,414067080.0
derpp,slowheat_replay_partial_output_beta_30_budget_0.25,estimated_total_flops,2129,414067080.0
derpp,slowheat_replay_partial_output_beta_30_budget_0.25,estimated_total_flops,2423,414067080.0
derpp,slowheat_replay_partial_output_beta_30_budget_0.25,estimated_total_flops,2729,414067080.0
derpp,slowheat_replay_partial_output_beta_30_budget_0.25,estimated_total_flops,3037,414067080.0
derpp,slowheat_replay_partial_output_beta_30_budget_0.25,estimated_overhead_flops,311,414067080.0
derpp,slowheat_replay_partial_output_beta_30_budget_0.25,estimated_overhead_flops,617,414067080.0
derpp,slowheat_replay_partial_output_beta_30_budget_0.25,estimated_overhead_flops,919,414067080.0
derpp,slowheat_replay_partial_output_beta_30_budget_0.25,estimated_overhead_flops,1223,414067080.0
derpp,slowheat_replay_partial_output_beta_30_budget_0.25,estimated_overhead_flops,1523,414067080.0
derpp,slowheat_replay_partial_output_beta_30_budget_0.25,estimated_overhead_flops,1823,414067080.0
derpp,slowheat_replay_partial_output_beta_30_budget_0.25,estimated_overhead_flops,2129,414067080.0
derpp,slowheat_replay_partial_output_beta_30_budget_0.25,estimated_overhead_flops,2423,414067080.0
derpp,slowheat_replay_partial_output_beta_30_budget_0.25,estimated_overhead_flops,2729,414067080.0
derpp,slowheat_replay_partial_output_beta_30_budget_0.25,estimated_overhead_flops,3037,414067080.0
derpp,slowheat_replay_partial_output_beta_30_budget_0.25,replay_memory_bytes,311,0.0
derpp,slowheat_replay_partial_output_beta_30_budget_0.25,replay_memory_bytes,617,0.0
derpp,slowheat_replay_partial_output_beta_30_budget_0.25,replay_memory_bytes,919,0.0
derpp,slowheat_replay_partial_output_beta_30_budget_0.25,replay_memory_bytes,1223,0.0
derpp,slowheat_replay_partial_output_beta_30_budget_0.25,replay_memory_bytes,1523,0.0
derpp,slowheat_replay_partial_output_beta_30_budget_0.25,replay_memory_bytes,1823,0.0
derpp,slowheat_replay_partial_output_beta_30_budget_0.25,replay_memory_bytes,2129,0.0
derpp,slowheat_replay_partial_output_beta_30_budget_0.25,replay_memory_bytes,2423,0.0
derpp,slowheat_replay_partial_output_beta_30_budget_0.25,replay_memory_bytes,2729,0.0
derpp,slowheat_replay_partial_output_beta_30_budget_0.25,replay_memory_bytes,3037,0.0
derpp,slowheat_replay_partial_output_beta_30_budget_0.25,stored_logits_bytes,311,-8000.0
derpp,slowheat_replay_partial_output_beta_30_budget_0.25,stored_logits_bytes,617,-8000.0
derpp,slowheat_replay_partial_output_beta_30_budget_0.25,stored_logits_bytes,919,-8000.0
derpp,slowheat_replay_partial_output_beta_30_budget_0.25,stored_logits_bytes,1223,-8000.0
derpp,slowheat_replay_partial_output_beta_30_budget_0.25,stored_logits_bytes,1523,-8000.0
derpp,slowheat_replay_partial_output_beta_30_budget_0.25,stored_logits_bytes,1823,-8000.0
derpp,slowheat_replay_partial_output_beta_30_budget_0.25,stored_logits_bytes,2129,-8000.0
derpp,slowheat_replay_partial_output_beta_30_budget_0.25,stored_logits_bytes,2423,-8000.0
derpp,slowheat_replay_partial_output_beta_30_budget_0.25,stored_logits_bytes,2729,-8000.0
derpp,slowheat_replay_partial_output_beta_30_budget_0.25,stored_logits_bytes,3037,-8000.0
derpp,slowheat_replay_hidden_beta_30_budget_0.25_calibrated,final_average_accuracy,311,0.023800000000000154
derpp,slowheat_replay_hidden_beta_30_budget_0.25_calibrated,final_average_accuracy,617,0.036599999999999744
derpp,slowheat_replay_hidden_beta_30_budget_0.25_calibrated,final_average_accuracy,919,0.009799999999999809
derpp,slowheat_replay_hidden_beta_30_budget_0.25_calibrated,final_average_accuracy,1223,0.028800000000000048
derpp,slowheat_replay_hidden_beta_30_budget_0.25_calibrated,final_average_accuracy,1523,0.02520000000000011
derpp,slowheat_replay_hidden_beta_30_budget_0.25_calibrated,final_average_accuracy,1823,0.0022000000000000908
derpp,slowheat_replay_hidden_beta_30_budget_0.25_calibrated,final_average_accuracy,2129,0.01959999999999995
derpp,slowheat_replay_hidden_beta_30_budget_0.25_calibrated,final_average_accuracy,2423,0.0048000000000000265
derpp,slowheat_replay_hidden_beta_30_budget_0.25_calibrated,final_average_accuracy,2729,0.01200000000000001
derpp,slowheat_replay_hidden_beta_30_budget_0.25_calibrated,final_average_accuracy,3037,0.00039999999999995595
derpp,slowheat_replay_hidden_beta_30_budget_0.25_calibrated,average_forgetting,311,-0.04875000000000004
derpp,slowheat_replay_hidden_beta_30_budget_0.25_calibrated,average_forgetting,617,-0.06525
derpp,slowheat_replay_hidden_beta_30_budget_0.25_calibrated,average_forgetting,919,-0.025250000000000022
derpp,slowheat_replay_hidden_beta_30_budget_0.25_calibrated,average_forgetting,1223,-0.05300000000000005
derpp,slowheat_replay_hidden_beta_30_budget_0.25_calibrated,average_forgetting,1523,-0.04225000000000004
derpp,slowheat_replay_hidden_beta_30_budget_0.25_calibrated,average_forgetting,1823,-0.017500000000000043
derpp,slowheat_replay_hidden_beta_30_budget_0.25_calibrated,average_forgetting,2129,-0.04225000000000004
derpp,slowheat_replay_hidden_beta_30_budget_0.25_calibrated,average_forgetting,2423,-0.015999999999999986
derpp,slowheat_replay_hidden_beta_30_budget_0.25_calibrated,average_forgetting,2729,-0.03500000000000003
derpp,slowheat_replay_hidden_beta_30_budget_0.25_calibrated,average_forgetting,3037,-0.012749999999999984
derpp,slowheat_replay_hidden_beta_30_budget_0.25_calibrated,backward_transfer,311,0.04875000000000004
derpp,slowheat_replay_hidden_beta_30_budget_0.25_calibrated,backward_transfer,617,0.06525
derpp,slowheat_replay_hidden_beta_30_budget_0.25_calibrated,backward_transfer,919,0.025250000000000022
derpp,slowheat_replay_hidden_beta_30_budget_0.25_calibrated,backward_transfer,1223,0.05300000000000005
derpp,slowheat_replay_hidden_beta_30_budget_0.25_calibrated,backward_transfer,1523,0.04225000000000004
derpp,slowheat_replay_hidden_beta_30_budget_0.25_calibrated,backward_transfer,1823,0.017500000000000043
derpp,slowheat_replay_hidden_beta_30_budget_0.25_calibrated,backward_transfer,2129,0.04225000000000004
derpp,slowheat_replay_hidden_beta_30_budget_0.25_calibrated,backward_transfer,2423,0.015999999999999986
derpp,slowheat_replay_hidden_beta_30_budget_0.25_calibrated,backward_transfer,2729,0.03500000000000003
derpp,slowheat_replay_hidden_beta_30_budget_0.25_calibrated,backward_transfer,3037,0.012749999999999984
derpp,slowheat_replay_hidden_beta_30_budget_0.25_calibrated,forward_transfer,311,0.0
derpp,slowheat_replay_hidden_beta_30_budget_0.25_calibrated,forward_transfer,617,0.0007499999999999729
derpp,slowheat_replay_hidden_beta_30_budget_0.25_calibrated,forward_transfer,919,0.0
derpp,slowheat_replay_hidden_beta_30_budget_0.25_calibrated,forward_transfer,1223,0.0
derpp,slowheat_replay_hidden_beta_30_budget_0.25_calibrated,forward_transfer,1523,0.0
derpp,slowheat_replay_hidden_beta_30_budget_0.25_calibrated,forward_transfer,1823,0.0
derpp,slowheat_replay_hidden_beta_30_budget_0.25_calibrated,forward_transfer,2129,0.0
derpp,slowheat_replay_hidden_beta_30_budget_0.25_calibrated,forward_transfer,2423,-0.00024999999999997247
derpp,slowheat_replay_hidden_beta_30_budget_0.25_calibrated,forward_transfer,2729,0.0
derpp,slowheat_replay_hidden_beta_30_budget_0.25_calibrated,forward_transfer,3037,0.0035000000000000066
derpp,slowheat_replay_hidden_beta_30_budget_0.25_calibrated,task_aware_final_accuracy,311,-0.0017999999999999128
derpp,slowheat_replay_hidden_beta_30_budget_0.25_calibrated,task_aware_final_accuracy,617,-0.005599999999999827
derpp,slowheat_replay_hidden_beta_30_budget_0.25_calibrated,task_aware_final_accuracy,919,0.00019999999999997797
derpp,slowheat_replay_hidden_beta_30_budget_0.25_calibrated,task_aware_final_accuracy,1223,0.0017999999999999128
derpp,slowheat_replay_hidden_beta_30_budget_0.25_calibrated,task_aware_final_accuracy,1523,-0.0023999999999999577
derpp,slowheat_replay_hidden_beta_30_budget_0.25_calibrated,task_aware_final_accuracy,1823,-0.0050000000000001155
derpp,slowheat_replay_hidden_beta_30_budget_0.25_calibrated,task_aware_final_accuracy,2129,-0.006400000000000072
derpp,slowheat_replay_hidden_beta_30_budget_0.25_calibrated,task_aware_final_accuracy,2423,0.0035999999999999366
derpp,slowheat_replay_hidden_beta_30_budget_0.25_calibrated,task_aware_final_accuracy,2729,-0.0021999999999999797
derpp,slowheat_replay_hidden_beta_30_budget_0.25_calibrated,task_aware_final_accuracy,3037,-0.005199999999999982
derpp,slowheat_replay_hidden_beta_30_budget_0.25_calibrated,task_aware_forgetting,311,-0.0025000000000000022
derpp,slowheat_replay_hidden_beta_30_budget_0.25_calibrated,task_aware_forgetting,617,0.005500000000000005
derpp,slowheat_replay_hidden_beta_30_budget_0.25_calibrated,task_aware_forgetting,919,-0.0020000000000000018
derpp,slowheat_replay_hidden_beta_30_budget_0.25_calibrated,task_aware_forgetting,1223,-0.004750000000000004
derpp,slowheat_replay_hidden_beta_30_budget_0.25_calibrated,task_aware_forgetting,1523,0.0
derpp,slowheat_replay_hidden_beta_30_budget_0.25_calibrated,task_aware_forgetting,1823,0.002250000000000002
derpp,slowheat_replay_hidden_beta_30_budget_0.25_calibrated,task_aware_forgetting,2129,0.003999999999999976
derpp,slowheat_replay_hidden_beta_30_budget_0.25_calibrated,task_aware_forgetting,2423,-0.005750000000000005
derpp,slowheat_replay_hidden_beta_30_budget_0.25_calibrated,task_aware_forgetting,2729,-0.003500000000000003
derpp,slowheat_replay_hidden_beta_30_budget_0.25_calibrated,task_aware_forgetting,3037,0.0040000000000000036
derpp,slowheat_replay_hidden_beta_30_budget_0.25_calibrated,classifier_gap,311,-0.025600000000000067
derpp,slowheat_replay_hidden_beta_30_budget_0.25_calibrated,classifier_gap,617,-0.04219999999999957
derpp,slowheat_replay_hidden_beta_30_budget_0.25_calibrated,classifier_gap,919,-0.009599999999999831
derpp,slowheat_replay_hidden_beta_30_budget_0.25_calibrated,classifier_gap,1223,-0.027000000000000135
derpp,slowheat_replay_hidden_beta_30_budget_0.25_calibrated,classifier_gap,1523,-0.02760000000000007
derpp,slowheat_replay_hidden_beta_30_budget_0.25_calibrated,classifier_gap,1823,-0.007200000000000206
derpp,slowheat_replay_hidden_beta_30_budget_0.25_calibrated,classifier_gap,2129,-0.026000000000000023
derpp,slowheat_replay_hidden_beta_30_budget_0.25_calibrated,classifier_gap,2423,-0.0012000000000000899
derpp,slowheat_replay_hidden_beta_30_budget_0.25_calibrated,classifier_gap,2729,-0.01419999999999999
derpp,slowheat_replay_hidden_beta_30_budget_0.25_calibrated,classifier_gap,3037,-0.005599999999999938
derpp,slowheat_replay_hidden_beta_30_budget_0.25_calibrated,elapsed_seconds,311,1.5629663089639507
derpp,slowheat_replay_hidden_beta_30_budget_0.25_calibrated,elapsed_seconds,617,1.5183973989915103
derpp,slowheat_replay_hidden_beta_30_budget_0.25_calibrated,elapsed_seconds,919,1.5331420099828392
derpp,slowheat_replay_hidden_beta_30_budget_0.25_calibrated,elapsed_seconds,1223,1.5522794810240157
derpp,slowheat_replay_hidden_beta_30_budget_0.25_calibrated,elapsed_seconds,1523,1.5940137199941091
derpp,slowheat_replay_hidden_beta_30_budget_0.25_calibrated,elapsed_seconds,1823,1.2830547800112981
derpp,slowheat_replay_hidden_beta_30_budget_0.25_calibrated,elapsed_seconds,2129,1.7046748909924645
derpp,slowheat_replay_hidden_beta_30_budget_0.25_calibrated,elapsed_seconds,2423,1.6241332379868254
derpp,slowheat_replay_hidden_beta_30_budget_0.25_calibrated,elapsed_seconds,2729,1.5945218210108578
derpp,slowheat_replay_hidden_beta_30_budget_0.25_calibrated,elapsed_seconds,3037,1.5303589850082062
derpp,slowheat_replay_hidden_beta_30_budget_0.25_calibrated,learner_examples_processed,311,0.0
derpp,slowheat_replay_hidden_beta_30_budget_0.25_calibrated,learner_examples_processed,617,0.0
derpp,slowheat_replay_hidden_beta_30_budget_0.25_calibrated,learner_examples_processed,919,0.0
derpp,slowheat_replay_hidden_beta_30_budget_0.25_calibrated,learner_examples_processed,1223,0.0
derpp,slowheat_replay_hidden_beta_30_budget_0.25_calibrated,learner_examples_processed,1523,0.0
derpp,slowheat_replay_hidden_beta_30_budget_0.25_calibrated,learner_examples_processed,1823,0.0
derpp,slowheat_replay_hidden_beta_30_budget_0.25_calibrated,learner_examples_processed,2129,0.0
derpp,slowheat_replay_hidden_beta_30_budget_0.25_calibrated,learner_examples_processed,2423,0.0
derpp,slowheat_replay_hidden_beta_30_budget_0.25_calibrated,learner_examples_processed,2729,0.0
derpp,slowheat_replay_hidden_beta_30_budget_0.25_calibrated,learner_examples_processed,3037,0.0
derpp,slowheat_replay_hidden_beta_30_budget_0.25_calibrated,total_model_examples_processed,311,0.0
derpp,slowheat_replay_hidden_beta_30_budget_0.25_calibrated,total_model_examples_processed,617,0.0
derpp,slowheat_replay_hidden_beta_30_budget_0.25_calibrated,total_model_examples_processed,919,0.0
derpp,slowheat_replay_hidden_beta_30_budget_0.25_calibrated,total_model_examples_processed,1223,0.0
derpp,slowheat_replay_hidden_beta_30_budget_0.25_calibrated,total_model_examples_processed,1523,0.0
derpp,slowheat_replay_hidden_beta_30_budget_0.25_calibrated,total_model_examples_processed,1823,0.0
derpp,slowheat_replay_hidden_beta_30_budget_0.25_calibrated,total_model_examples_processed,2129,0.0
derpp,slowheat_replay_hidden_beta_30_budget_0.25_calibrated,total_model_examples_processed,2423,0.0
derpp,slowheat_replay_hidden_beta_30_budget_0.25_calibrated,total_model_examples_processed,2729,0.0
derpp,slowheat_replay_hidden_beta_30_budget_0.25_calibrated,total_model_examples_processed,3037,0.0
derpp,slowheat_replay_hidden_beta_30_budget_0.25_calibrated,estimated_total_flops,311,407300480.0
derpp,slowheat_replay_hidden_beta_30_budget_0.25_calibrated,estimated_total_flops,617,407300480.0
derpp,slowheat_replay_hidden_beta_30_budget_0.25_calibrated,estimated_total_flops,919,407300480.0
derpp,slowheat_replay_hidden_beta_30_budget_0.25_calibrated,estimated_total_flops,1223,407300480.0
derpp,slowheat_replay_hidden_beta_30_budget_0.25_calibrated,estimated_total_flops,1523,407300480.0
derpp,slowheat_replay_hidden_beta_30_budget_0.25_calibrated,estimated_total_flops,1823,407300480.0
derpp,slowheat_replay_hidden_beta_30_budget_0.25_calibrated,estimated_total_flops,2129,407300480.0
derpp,slowheat_replay_hidden_beta_30_budget_0.25_calibrated,estimated_total_flops,2423,407300480.0
derpp,slowheat_replay_hidden_beta_30_budget_0.25_calibrated,estimated_total_flops,2729,407300480.0
derpp,slowheat_replay_hidden_beta_30_budget_0.25_calibrated,estimated_total_flops,3037,407300480.0
derpp,slowheat_replay_hidden_beta_30_budget_0.25_calibrated,estimated_overhead_flops,311,407300480.0
derpp,slowheat_replay_hidden_beta_30_budget_0.25_calibrated,estimated_overhead_flops,617,407300480.0
derpp,slowheat_replay_hidden_beta_30_budget_0.25_calibrated,estimated_overhead_flops,919,407300480.0
derpp,slowheat_replay_hidden_beta_30_budget_0.25_calibrated,estimated_overhead_flops,1223,407300480.0
derpp,slowheat_replay_hidden_beta_30_budget_0.25_calibrated,estimated_overhead_flops,1523,407300480.0
derpp,slowheat_replay_hidden_beta_30_budget_0.25_calibrated,estimated_overhead_flops,1823,407300480.0
derpp,slowheat_replay_hidden_beta_30_budget_0.25_calibrated,estimated_overhead_flops,2129,407300480.0
derpp,slowheat_replay_hidden_beta_30_budget_0.25_calibrated,estimated_overhead_flops,2423,407300480.0
derpp,slowheat_replay_hidden_beta_30_budget_0.25_calibrated,estimated_overhead_flops,2729,407300480.0
derpp,slowheat_replay_hidden_beta_30_budget_0.25_calibrated,estimated_overhead_flops,3037,407300480.0
derpp,slowheat_replay_hidden_beta_30_budget_0.25_calibrated,replay_memory_bytes,311,0.0
derpp,slowheat_replay_hidden_beta_30_budget_0.25_calibrated,replay_memory_bytes,617,0.0
derpp,slowheat_replay_hidden_beta_30_budget_0.25_calibrated,replay_memory_bytes,919,0.0
derpp,slowheat_replay_hidden_beta_30_budget_0.25_calibrated,replay_memory_bytes,1223,0.0
derpp,slowheat_replay_hidden_beta_30_budget_0.25_calibrated,replay_memory_bytes,1523,0.0
derpp,slowheat_replay_hidden_beta_30_budget_0.25_calibrated,replay_memory_bytes,1823,0.0
derpp,slowheat_replay_hidden_beta_30_budget_0.25_calibrated,replay_memory_bytes,2129,0.0
derpp,slowheat_replay_hidden_beta_30_budget_0.25_calibrated,replay_memory_bytes,2423,0.0
derpp,slowheat_replay_hidden_beta_30_budget_0.25_calibrated,replay_memory_bytes,2729,0.0
derpp,slowheat_replay_hidden_beta_30_budget_0.25_calibrated,replay_memory_bytes,3037,0.0
derpp,slowheat_replay_hidden_beta_30_budget_0.25_calibrated,stored_logits_bytes,311,-8000.0
derpp,slowheat_replay_hidden_beta_30_budget_0.25_calibrated,stored_logits_bytes,617,-8000.0
derpp,slowheat_replay_hidden_beta_30_budget_0.25_calibrated,stored_logits_bytes,919,-8000.0
derpp,slowheat_replay_hidden_beta_30_budget_0.25_calibrated,stored_logits_bytes,1223,-8000.0
derpp,slowheat_replay_hidden_beta_30_budget_0.25_calibrated,stored_logits_bytes,1523,-8000.0
derpp,slowheat_replay_hidden_beta_30_budget_0.25_calibrated,stored_logits_bytes,1823,-8000.0
derpp,slowheat_replay_hidden_beta_30_budget_0.25_calibrated,stored_logits_bytes,2129,-8000.0
derpp,slowheat_replay_hidden_beta_30_budget_0.25_calibrated,stored_logits_bytes,2423,-8000.0
derpp,slowheat_replay_hidden_beta_30_budget_0.25_calibrated,stored_logits_bytes,2729,-8000.0
derpp,slowheat_replay_hidden_beta_30_budget_0.25_calibrated,stored_logits_bytes,3037,-8000.0
