reference,method,metric,seed,difference
vanilla,slowheat_none,final_average_accuracy,2101606466,0.004399999999999987
vanilla,slowheat_none,final_average_accuracy,1872839281,0.003500000000000003
vanilla,slowheat_none,final_average_accuracy,637029796,-0.0005000000000000282
vanilla,slowheat_none,final_average_accuracy,1357204345,-0.0005000000000000004
vanilla,slowheat_none,final_average_accuracy,1758462037,0.0011999999999999789
vanilla,slowheat_none,final_average_accuracy,748737880,-0.003700000000000009
vanilla,slowheat_none,final_average_accuracy,1611510062,0.0
vanilla,slowheat_none,final_average_accuracy,333205446,-0.0033999999999999864
vanilla,slowheat_none,final_average_accuracy,130501536,0.0020000000000000018
vanilla,slowheat_none,final_average_accuracy,492612040,0.0010999999999999899
vanilla,slowheat_none,average_forgetting,2101606466,-0.00012499999999993072
vanilla,slowheat_none,average_forgetting,1872839281,0.0006249999999999867
vanilla,slowheat_none,average_forgetting,637029796,0.0020000000000000018
vanilla,slowheat_none,average_forgetting,1357204345,0.0036250000000001004
vanilla,slowheat_none,average_forgetting,1758462037,0.0035000000000000586
vanilla,slowheat_none,average_forgetting,748737880,-0.00187499999999996
vanilla,slowheat_none,average_forgetting,1611510062,0.0004999999999999449
vanilla,slowheat_none,average_forgetting,333205446,-0.00024999999999997247
vanilla,slowheat_none,average_forgetting,130501536,-0.0010000000000000009
vanilla,slowheat_none,average_forgetting,492612040,-0.0016249999999999876
vanilla,slowheat_none,backward_transfer,2101606466,0.00012499999999993072
vanilla,slowheat_none,backward_transfer,1872839281,-0.0006249999999999867
vanilla,slowheat_none,backward_transfer,637029796,-0.0020000000000000018
vanilla,slowheat_none,backward_transfer,1357204345,-0.0036250000000001004
vanilla,slowheat_none,backward_transfer,1758462037,-0.0035000000000000586
vanilla,slowheat_none,backward_transfer,748737880,0.00187499999999996
vanilla,slowheat_none,backward_transfer,1611510062,-0.0004999999999999449
vanilla,slowheat_none,backward_transfer,333205446,0.00024999999999997247
vanilla,slowheat_none,backward_transfer,130501536,0.0010000000000000009
vanilla,slowheat_none,backward_transfer,492612040,0.0016249999999999876
vanilla,slowheat_none,forward_transfer,2101606466,0.0
vanilla,slowheat_none,forward_transfer,1872839281,0.0005000000000000004
vanilla,slowheat_none,forward_transfer,637029796,-0.001999999999999988
vanilla,slowheat_none,forward_transfer,1357204345,0.0
vanilla,slowheat_none,forward_transfer,1758462037,0.0008749999999999869
vanilla,slowheat_none,forward_transfer,748737880,0.0012499999999999734
vanilla,slowheat_none,forward_transfer,1611510062,-0.0002500000000000002
vanilla,slowheat_none,forward_transfer,333205446,0.0001250000000000001
vanilla,slowheat_none,forward_transfer,130501536,0.0
vanilla,slowheat_none,forward_transfer,492612040,0.0001250000000000001
vanilla,slowheat_none,task_aware_final_accuracy,2101606466,0.08320000000000016
vanilla,slowheat_none,task_aware_final_accuracy,1872839281,0.0230999999999999
vanilla,slowheat_none,task_aware_final_accuracy,637029796,-0.035700000000000065
vanilla,slowheat_none,task_aware_final_accuracy,1357204345,0.05989999999999995
vanilla,slowheat_none,task_aware_final_accuracy,1758462037,-0.04410000000000003
vanilla,slowheat_none,task_aware_final_accuracy,748737880,-0.05170000000000008
vanilla,slowheat_none,task_aware_final_accuracy,1611510062,0.0030000000000000027
vanilla,slowheat_none,task_aware_final_accuracy,333205446,0.033500000000000085
vanilla,slowheat_none,task_aware_final_accuracy,130501536,0.001000000000000112
vanilla,slowheat_none,task_aware_final_accuracy,492612040,0.06579999999999986
vanilla,slowheat_none,task_aware_forgetting,2101606466,-0.09862499999999996
vanilla,slowheat_none,task_aware_forgetting,1872839281,-0.023875000000000035
vanilla,slowheat_none,task_aware_forgetting,637029796,0.045999999999999985
vanilla,slowheat_none,task_aware_forgetting,1357204345,-0.07187500000000002
vanilla,slowheat_none,task_aware_forgetting,1758462037,0.06012500000000004
vanilla,slowheat_none,task_aware_forgetting,748737880,0.05812500000000004
vanilla,slowheat_none,task_aware_forgetting,1611510062,-0.003249999999999975
vanilla,slowheat_none,task_aware_forgetting,333205446,-0.046375
vanilla,slowheat_none,task_aware_forgetting,130501536,0.00024999999999997247
vanilla,slowheat_none,task_aware_forgetting,492612040,-0.08249999999999996
vanilla,slowheat_none,classifier_gap,2101606466,0.07880000000000015
vanilla,slowheat_none,classifier_gap,1872839281,0.01959999999999984
vanilla,slowheat_none,classifier_gap,637029796,-0.035200000000000065
vanilla,slowheat_none,classifier_gap,1357204345,0.060399999999999954
vanilla,slowheat_none,classifier_gap,1758462037,-0.04530000000000001
vanilla,slowheat_none,classifier_gap,748737880,-0.04800000000000004
vanilla,slowheat_none,classifier_gap,1611510062,0.0030000000000000027
vanilla,slowheat_none,classifier_gap,333205446,0.0369000000000001
vanilla,slowheat_none,classifier_gap,130501536,-0.0009999999999998899
vanilla,slowheat_none,classifier_gap,492612040,0.06469999999999987
vanilla,slowheat_none,elapsed_seconds,2101606466,4.952039529000103
vanilla,slowheat_none,elapsed_seconds,1872839281,4.97345883899834
vanilla,slowheat_none,elapsed_seconds,637029796,4.923338127000534
vanilla,slowheat_none,elapsed_seconds,1357204345,5.014453419000347
vanilla,slowheat_none,elapsed_seconds,1758462037,4.908500088999062
vanilla,slowheat_none,elapsed_seconds,748737880,5.014792519998082
vanilla,slowheat_none,elapsed_seconds,1611510062,5.041933342999982
vanilla,slowheat_none,elapsed_seconds,333205446,5.1478110480002215
vanilla,slowheat_none,elapsed_seconds,130501536,5.0164401220026775
vanilla,slowheat_none,elapsed_seconds,492612040,5.0419140809972305
vanilla,slowheat_none,learner_examples_processed,2101606466,0.0
vanilla,slowheat_none,learner_examples_processed,1872839281,0.0
vanilla,slowheat_none,learner_examples_processed,637029796,0.0
vanilla,slowheat_none,learner_examples_processed,1357204345,0.0
vanilla,slowheat_none,learner_examples_processed,1758462037,0.0
vanilla,slowheat_none,learner_examples_processed,748737880,0.0
vanilla,slowheat_none,learner_examples_processed,1611510062,0.0
vanilla,slowheat_none,learner_examples_processed,333205446,0.0
vanilla,slowheat_none,learner_examples_processed,130501536,0.0
vanilla,slowheat_none,learner_examples_processed,492612040,0.0
vanilla,slowheat_none,total_model_examples_processed,2101606466,0.0
vanilla,slowheat_none,total_model_examples_processed,1872839281,0.0
vanilla,slowheat_none,total_model_examples_processed,637029796,0.0
vanilla,slowheat_none,total_model_examples_processed,1357204345,0.0
vanilla,slowheat_none,total_model_examples_processed,1758462037,0.0
vanilla,slowheat_none,total_model_examples_processed,748737880,0.0
vanilla,slowheat_none,total_model_examples_processed,1611510062,0.0
vanilla,slowheat_none,total_model_examples_processed,333205446,0.0
vanilla,slowheat_none,total_model_examples_processed,130501536,0.0
vanilla,slowheat_none,total_model_examples_processed,492612040,0.0
vanilla,slowheat_none,estimated_total_flops,2101606466,120068550.0
vanilla,slowheat_none,estimated_total_flops,1872839281,120068550.0
vanilla,slowheat_none,estimated_total_flops,637029796,120068550.0
vanilla,slowheat_none,estimated_total_flops,1357204345,120068550.0
vanilla,slowheat_none,estimated_total_flops,1758462037,120068550.0
vanilla,slowheat_none,estimated_total_flops,748737880,120068550.0
vanilla,slowheat_none,estimated_total_flops,1611510062,120068550.0
vanilla,slowheat_none,estimated_total_flops,333205446,120068550.0
vanilla,slowheat_none,estimated_total_flops,130501536,120068550.0
vanilla,slowheat_none,estimated_total_flops,492612040,120068550.0
vanilla,slowheat_none,estimated_overhead_flops,2101606466,120068550.0
vanilla,slowheat_none,estimated_overhead_flops,1872839281,120068550.0
vanilla,slowheat_none,estimated_overhead_flops,637029796,120068550.0
vanilla,slowheat_none,estimated_overhead_flops,1357204345,120068550.0
vanilla,slowheat_none,estimated_overhead_flops,1758462037,120068550.0
vanilla,slowheat_none,estimated_overhead_flops,748737880,120068550.0
vanilla,slowheat_none,estimated_overhead_flops,1611510062,120068550.0
vanilla,slowheat_none,estimated_overhead_flops,333205446,120068550.0
vanilla,slowheat_none,estimated_overhead_flops,130501536,120068550.0
vanilla,slowheat_none,estimated_overhead_flops,492612040,120068550.0
vanilla,slowheat_none,replay_memory_bytes,2101606466,0.0
vanilla,slowheat_none,replay_memory_bytes,1872839281,0.0
vanilla,slowheat_none,replay_memory_bytes,637029796,0.0
vanilla,slowheat_none,replay_memory_bytes,1357204345,0.0
vanilla,slowheat_none,replay_memory_bytes,1758462037,0.0
vanilla,slowheat_none,replay_memory_bytes,748737880,0.0
vanilla,slowheat_none,replay_memory_bytes,1611510062,0.0
vanilla,slowheat_none,replay_memory_bytes,333205446,0.0
vanilla,slowheat_none,replay_memory_bytes,130501536,0.0
vanilla,slowheat_none,replay_memory_bytes,492612040,0.0
vanilla,slowheat_none,stored_logits_bytes,2101606466,0.0
vanilla,slowheat_none,stored_logits_bytes,1872839281,0.0
vanilla,slowheat_none,stored_logits_bytes,637029796,0.0
vanilla,slowheat_none,stored_logits_bytes,1357204345,0.0
vanilla,slowheat_none,stored_logits_bytes,1758462037,0.0
vanilla,slowheat_none,stored_logits_bytes,748737880,0.0
vanilla,slowheat_none,stored_logits_bytes,1611510062,0.0
vanilla,slowheat_none,stored_logits_bytes,333205446,0.0
vanilla,slowheat_none,stored_logits_bytes,130501536,0.0
vanilla,slowheat_none,stored_logits_bytes,492612040,0.0
vanilla,slowheat_unidirectional,final_average_accuracy,2101606466,-0.0012999999999999956
vanilla,slowheat_unidirectional,final_average_accuracy,1872839281,-0.0050000000000000044
vanilla,slowheat_unidirectional,final_average_accuracy,637029796,-0.007200000000000012
vanilla,slowheat_unidirectional,final_average_accuracy,1357204345,-0.0021000000000000185
vanilla,slowheat_unidirectional,final_average_accuracy,1758462037,-0.005100000000000021
vanilla,slowheat_unidirectional,final_average_accuracy,748737880,-0.005299999999999999
vanilla,slowheat_unidirectional,final_average_accuracy,1611510062,-0.007599999999999996
vanilla,slowheat_unidirectional,final_average_accuracy,333205446,-9.999999999998899e-05
vanilla,slowheat_unidirectional,final_average_accuracy,130501536,0.0007999999999999952
vanilla,slowheat_unidirectional,final_average_accuracy,492612040,-0.001799999999999996
vanilla,slowheat_unidirectional,average_forgetting,2101606466,-0.022249999999999992
vanilla,slowheat_unidirectional,average_forgetting,1872839281,-0.030750000000000055
vanilla,slowheat_unidirectional,average_forgetting,637029796,-0.027249999999999996
vanilla,slowheat_unidirectional,average_forgetting,1357204345,-0.02100000000000002
vanilla,slowheat_unidirectional,average_forgetting,1758462037,-0.013124999999999942
vanilla,slowheat_unidirectional,average_forgetting,748737880,-0.032624999999999904
vanilla,slowheat_unidirectional,average_forgetting,1611510062,-0.01475000000000004
vanilla,slowheat_unidirectional,average_forgetting,333205446,-0.026125000000000065
vanilla,slowheat_unidirectional,average_forgetting,130501536,-0.023499999999999965
vanilla,slowheat_unidirectional,average_forgetting,492612040,-0.024249999999999883
vanilla,slowheat_unidirectional,backward_transfer,2101606466,0.022249999999999992
vanilla,slowheat_unidirectional,backward_transfer,1872839281,0.030750000000000055
vanilla,slowheat_unidirectional,backward_transfer,637029796,0.027249999999999996
vanilla,slowheat_unidirectional,backward_transfer,1357204345,0.02100000000000002
vanilla,slowheat_unidirectional,backward_transfer,1758462037,0.013124999999999942
vanilla,slowheat_unidirectional,backward_transfer,748737880,0.032624999999999904
vanilla,slowheat_unidirectional,backward_transfer,1611510062,0.01475000000000004
vanilla,slowheat_unidirectional,backward_transfer,333205446,0.026125000000000065
vanilla,slowheat_unidirectional,backward_transfer,130501536,0.023499999999999965
vanilla,slowheat_unidirectional,backward_transfer,492612040,0.024249999999999883
vanilla,slowheat_unidirectional,forward_transfer,2101606466,-0.0005000000000000004
vanilla,slowheat_unidirectional,forward_transfer,1872839281,0.0003750000000000142
vanilla,slowheat_unidirectional,forward_transfer,637029796,-0.0018749999999999878
vanilla,slowheat_unidirectional,forward_transfer,1357204345,0.0
vanilla,slowheat_unidirectional,forward_transfer,1758462037,-0.0006250000000000144
vanilla,slowheat_unidirectional,forward_transfer,748737880,0.0013749999999999873
vanilla,slowheat_unidirectional,forward_transfer,1611510062,-0.000125000000000014
vanilla,slowheat_unidirectional,forward_transfer,333205446,0.0
vanilla,slowheat_unidirectional,forward_transfer,130501536,0.0
vanilla,slowheat_unidirectional,forward_transfer,492612040,0.0001250000000000001
vanilla,slowheat_unidirectional,task_aware_final_accuracy,2101606466,0.05360000000000009
vanilla,slowheat_unidirectional,task_aware_final_accuracy,1872839281,-0.05820000000000014
vanilla,slowheat_unidirectional,task_aware_final_accuracy,637029796,-0.06379999999999997
vanilla,slowheat_unidirectional,task_aware_final_accuracy,1357204345,0.053100000000000036
vanilla,slowheat_unidirectional,task_aware_final_accuracy,1758462037,-0.030000000000000027
vanilla,slowheat_unidirectional,task_aware_final_accuracy,748737880,-0.015100000000000113
vanilla,slowheat_unidirectional,task_aware_final_accuracy,1611510062,-0.08760000000000012
vanilla,slowheat_unidirectional,task_aware_final_accuracy,333205446,0.04849999999999999
vanilla,slowheat_unidirectional,task_aware_final_accuracy,130501536,0.06900000000000006
vanilla,slowheat_unidirectional,task_aware_final_accuracy,492612040,0.0633999999999999
vanilla,slowheat_unidirectional,task_aware_forgetting,2101606466,-0.09087499999999993
vanilla,slowheat_unidirectional,task_aware_forgetting,1872839281,0.03574999999999995
vanilla,slowheat_unidirectional,task_aware_forgetting,637029796,0.04350000000000004
vanilla,slowheat_unidirectional,task_aware_forgetting,1357204345,-0.09000000000000008
vanilla,slowheat_unidirectional,task_aware_forgetting,1758462037,0.018000000000000016
vanilla,slowheat_unidirectional,task_aware_forgetting,748737880,-0.02037499999999992
vanilla,slowheat_unidirectional,task_aware_forgetting,1611510062,0.08525000000000005
vanilla,slowheat_unidirectional,task_aware_forgetting,333205446,-0.08687499999999998
vanilla,slowheat_unidirectional,task_aware_forgetting,130501536,-0.10875000000000001
vanilla,slowheat_unidirectional,task_aware_forgetting,492612040,-0.10574999999999998
vanilla,slowheat_unidirectional,classifier_gap,2101606466,0.054900000000000115
vanilla,slowheat_unidirectional,classifier_gap,1872839281,-0.053200000000000136
vanilla,slowheat_unidirectional,classifier_gap,637029796,-0.056599999999999984
vanilla,slowheat_unidirectional,classifier_gap,1357204345,0.05520000000000003
vanilla,slowheat_unidirectional,classifier_gap,1758462037,-0.024899999999999978
vanilla,slowheat_unidirectional,classifier_gap,748737880,-0.009800000000000086
vanilla,slowheat_unidirectional,classifier_gap,1611510062,-0.08000000000000007
vanilla,slowheat_unidirectional,classifier_gap,333205446,0.04859999999999998
vanilla,slowheat_unidirectional,classifier_gap,130501536,0.06820000000000004
vanilla,slowheat_unidirectional,classifier_gap,492612040,0.06519999999999992
vanilla,slowheat_unidirectional,elapsed_seconds,2101606466,4.408930691999558
vanilla,slowheat_unidirectional,elapsed_seconds,1872839281,4.64989331599827
vanilla,slowheat_unidirectional,elapsed_seconds,637029796,4.4664002930003335
vanilla,slowheat_unidirectional,elapsed_seconds,1357204345,4.769667485999889
vanilla,slowheat_unidirectional,elapsed_seconds,1758462037,4.490162243999293
vanilla,slowheat_unidirectional,elapsed_seconds,748737880,4.570984273999784
vanilla,slowheat_unidirectional,elapsed_seconds,1611510062,4.47126094199848
vanilla,slowheat_unidirectional,elapsed_seconds,333205446,4.510667909000404
vanilla,slowheat_unidirectional,elapsed_seconds,130501536,4.545341351000388
vanilla,slowheat_unidirectional,elapsed_seconds,492612040,4.658838048999314
vanilla,slowheat_unidirectional,learner_examples_processed,2101606466,0.0
vanilla,slowheat_unidirectional,learner_examples_processed,1872839281,0.0
vanilla,slowheat_unidirectional,learner_examples_processed,637029796,0.0
vanilla,slowheat_unidirectional,learner_examples_processed,1357204345,0.0
vanilla,slowheat_unidirectional,learner_examples_processed,1758462037,0.0
vanilla,slowheat_unidirectional,learner_examples_processed,748737880,0.0
vanilla,slowheat_unidirectional,learner_examples_processed,1611510062,0.0
vanilla,slowheat_unidirectional,learner_examples_processed,333205446,0.0
vanilla,slowheat_unidirectional,learner_examples_processed,130501536,0.0
vanilla,slowheat_unidirectional,learner_examples_processed,492612040,0.0
vanilla,slowheat_unidirectional,total_model_examples_processed,2101606466,0.0
vanilla,slowheat_unidirectional,total_model_examples_processed,1872839281,0.0
vanilla,slowheat_unidirectional,total_model_examples_processed,637029796,0.0
vanilla,slowheat_unidirectional,total_model_examples_processed,1357204345,0.0
vanilla,slowheat_unidirectional,total_model_examples_processed,1758462037,0.0
vanilla,slowheat_unidirectional,total_model_examples_processed,748737880,0.0
vanilla,slowheat_unidirectional,total_model_examples_processed,1611510062,0.0
vanilla,slowheat_unidirectional,total_model_examples_processed,333205446,0.0
vanilla,slowheat_unidirectional,total_model_examples_processed,130501536,0.0
vanilla,slowheat_unidirectional,total_model_examples_processed,492612040,0.0
vanilla,slowheat_unidirectional,estimated_total_flops,2101606466,120071470.0
vanilla,slowheat_unidirectional,estimated_total_flops,1872839281,120071470.0
vanilla,slowheat_unidirectional,estimated_total_flops,637029796,120071470.0
vanilla,slowheat_unidirectional,estimated_total_flops,1357204345,120071470.0
vanilla,slowheat_unidirectional,estimated_total_flops,1758462037,120071470.0
vanilla,slowheat_unidirectional,estimated_total_flops,748737880,120071470.0
vanilla,slowheat_unidirectional,estimated_total_flops,1611510062,120071470.0
vanilla,slowheat_unidirectional,estimated_total_flops,333205446,120071470.0
vanilla,slowheat_unidirectional,estimated_total_flops,130501536,120071470.0
vanilla,slowheat_unidirectional,estimated_total_flops,492612040,120071470.0
vanilla,slowheat_unidirectional,estimated_overhead_flops,2101606466,120071470.0
vanilla,slowheat_unidirectional,estimated_overhead_flops,1872839281,120071470.0
vanilla,slowheat_unidirectional,estimated_overhead_flops,637029796,120071470.0
vanilla,slowheat_unidirectional,estimated_overhead_flops,1357204345,120071470.0
vanilla,slowheat_unidirectional,estimated_overhead_flops,1758462037,120071470.0
vanilla,slowheat_unidirectional,estimated_overhead_flops,748737880,120071470.0
vanilla,slowheat_unidirectional,estimated_overhead_flops,1611510062,120071470.0
vanilla,slowheat_unidirectional,estimated_overhead_flops,333205446,120071470.0
vanilla,slowheat_unidirectional,estimated_overhead_flops,130501536,120071470.0
vanilla,slowheat_unidirectional,estimated_overhead_flops,492612040,120071470.0
vanilla,slowheat_unidirectional,replay_memory_bytes,2101606466,0.0
vanilla,slowheat_unidirectional,replay_memory_bytes,1872839281,0.0
vanilla,slowheat_unidirectional,replay_memory_bytes,637029796,0.0
vanilla,slowheat_unidirectional,replay_memory_bytes,1357204345,0.0
vanilla,slowheat_unidirectional,replay_memory_bytes,1758462037,0.0
vanilla,slowheat_unidirectional,replay_memory_bytes,748737880,0.0
vanilla,slowheat_unidirectional,replay_memory_bytes,1611510062,0.0
vanilla,slowheat_unidirectional,replay_memory_bytes,333205446,0.0
vanilla,slowheat_unidirectional,replay_memory_bytes,130501536,0.0
vanilla,slowheat_unidirectional,replay_memory_bytes,492612040,0.0
vanilla,slowheat_unidirectional,stored_logits_bytes,2101606466,0.0
vanilla,slowheat_unidirectional,stored_logits_bytes,1872839281,0.0
vanilla,slowheat_unidirectional,stored_logits_bytes,637029796,0.0
vanilla,slowheat_unidirectional,stored_logits_bytes,1357204345,0.0
vanilla,slowheat_unidirectional,stored_logits_bytes,1758462037,0.0
vanilla,slowheat_unidirectional,stored_logits_bytes,748737880,0.0
vanilla,slowheat_unidirectional,stored_logits_bytes,1611510062,0.0
vanilla,slowheat_unidirectional,stored_logits_bytes,333205446,0.0
vanilla,slowheat_unidirectional,stored_logits_bytes,130501536,0.0
vanilla,slowheat_unidirectional,stored_logits_bytes,492612040,0.0
vanilla,slowheat,final_average_accuracy,2101606466,-0.014300000000000007
vanilla,slowheat,final_average_accuracy,1872839281,-0.009399999999999992
vanilla,slowheat,final_average_accuracy,637029796,-0.021900000000000003
vanilla,slowheat,final_average_accuracy,1357204345,-0.017400000000000027
vanilla,slowheat,final_average_accuracy,1758462037,-0.015900000000000025
vanilla,slowheat,final_average_accuracy,748737880,-0.011499999999999982
vanilla,slowheat,final_average_accuracy,1611510062,-0.02940000000000001
vanilla,slowheat,final_average_accuracy,333205446,-0.0411
vanilla,slowheat,final_average_accuracy,130501536,-0.022200000000000025
vanilla,slowheat,final_average_accuracy,492612040,-0.019600000000000006
vanilla,slowheat,average_forgetting,2101606466,-0.06574999999999986
vanilla,slowheat,average_forgetting,1872839281,-0.05362499999999992
vanilla,slowheat,average_forgetting,637029796,-0.07674999999999998
vanilla,slowheat,average_forgetting,1357204345,-0.05137499999999995
vanilla,slowheat,average_forgetting,1758462037,-0.04299999999999993
vanilla,slowheat,average_forgetting,748737880,-0.05237499999999995
vanilla,slowheat,average_forgetting,1611510062,-0.05512500000000009
vanilla,slowheat,average_forgetting,333205446,-0.047125000000000083
vanilla,slowheat,average_forgetting,130501536,-0.06462500000000004
vanilla,slowheat,average_forgetting,492612040,-0.061999999999999944
vanilla,slowheat,backward_transfer,2101606466,0.06574999999999986
vanilla,slowheat,backward_transfer,1872839281,0.05362499999999992
vanilla,slowheat,backward_transfer,637029796,0.07674999999999998
vanilla,slowheat,backward_transfer,1357204345,0.05137499999999995
vanilla,slowheat,backward_transfer,1758462037,0.04299999999999993
vanilla,slowheat,backward_transfer,748737880,0.05237499999999995
vanilla,slowheat,backward_transfer,1611510062,0.05512500000000009
vanilla,slowheat,backward_transfer,333205446,0.047125000000000083
vanilla,slowheat,backward_transfer,130501536,0.06462500000000004
vanilla,slowheat,backward_transfer,492612040,0.061999999999999944
vanilla,slowheat,forward_transfer,2101606466,-0.0005000000000000004
vanilla,slowheat,forward_transfer,1872839281,-0.0010000000000000009
vanilla,slowheat,forward_transfer,637029796,-0.00412499999999999
vanilla,slowheat,forward_transfer,1357204345,0.0
vanilla,slowheat,forward_transfer,1758462037,0.0006249999999999867
vanilla,slowheat,forward_transfer,748737880,0.0014999999999999736
vanilla,slowheat,forward_transfer,1611510062,-0.0002500000000000002
vanilla,slowheat,forward_transfer,333205446,0.0
vanilla,slowheat,forward_transfer,130501536,0.0
vanilla,slowheat,forward_transfer,492612040,-0.0001250000000000001
vanilla,slowheat,task_aware_final_accuracy,2101606466,0.015100000000000113
vanilla,slowheat,task_aware_final_accuracy,1872839281,-0.03220000000000012
vanilla,slowheat,task_aware_final_accuracy,637029796,-0.07920000000000005
vanilla,slowheat,task_aware_final_accuracy,1357204345,-0.02110000000000012
vanilla,slowheat,task_aware_final_accuracy,1758462037,-0.07050000000000001
vanilla,slowheat,task_aware_final_accuracy,748737880,-0.025900000000000145
vanilla,slowheat,task_aware_final_accuracy,1611510062,-0.10370000000000001
vanilla,slowheat,task_aware_final_accuracy,333205446,-0.03770000000000007
vanilla,slowheat,task_aware_final_accuracy,130501536,-0.008200000000000096
vanilla,slowheat,task_aware_final_accuracy,492612040,-0.04710000000000014
vanilla,slowheat,task_aware_forgetting,2101606466,-0.10249999999999992
vanilla,slowheat,task_aware_forgetting,1872839281,-0.02512500000000001
vanilla,slowheat,task_aware_forgetting,637029796,-0.005124999999999991
vanilla,slowheat,task_aware_forgetting,1357204345,-0.046750000000000014
vanilla,slowheat,task_aware_forgetting,1758462037,0.02525000000000005
vanilla,slowheat,task_aware_forgetting,748737880,-0.03437499999999999
vanilla,slowheat,task_aware_forgetting,1611510062,0.03775000000000006
vanilla,slowheat,task_aware_forgetting,333205446,-0.051375000000000004
vanilla,slowheat,task_aware_forgetting,130501536,-0.082125
vanilla,slowheat,task_aware_forgetting,492612040,-0.027624999999999955
vanilla,slowheat,classifier_gap,2101606466,0.029400000000000148
vanilla,slowheat,classifier_gap,1872839281,-0.022800000000000153
vanilla,slowheat,classifier_gap,637029796,-0.05730000000000007
vanilla,slowheat,classifier_gap,1357204345,-0.003700000000000092
vanilla,slowheat,classifier_gap,1758462037,-0.05459999999999998
vanilla,slowheat,classifier_gap,748737880,-0.014400000000000135
vanilla,slowheat,classifier_gap,1611510062,-0.07429999999999998
vanilla,slowheat,classifier_gap,333205446,0.003399999999999903
vanilla,slowheat,classifier_gap,130501536,0.013999999999999901
vanilla,slowheat,classifier_gap,492612040,-0.027500000000000135
vanilla,slowheat,elapsed_seconds,2101606466,4.8717210730010265
vanilla,slowheat,elapsed_seconds,1872839281,5.114322306999384
vanilla,slowheat,elapsed_seconds,637029796,5.017888738999318
vanilla,slowheat,elapsed_seconds,1357204345,5.149940332999904
vanilla,slowheat,elapsed_seconds,1758462037,5.06136219399923
vanilla,slowheat,elapsed_seconds,748737880,5.072547175999716
vanilla,slowheat,elapsed_seconds,1611510062,5.171857224999258
vanilla,slowheat,elapsed_seconds,333205446,5.199025412000992
vanilla,slowheat,elapsed_seconds,130501536,4.9618201200028125
vanilla,slowheat,elapsed_seconds,492612040,5.068274443998234
vanilla,slowheat,learner_examples_processed,2101606466,0.0
vanilla,slowheat,learner_examples_processed,1872839281,0.0
vanilla,slowheat,learner_examples_processed,637029796,0.0
vanilla,slowheat,learner_examples_processed,1357204345,0.0
vanilla,slowheat,learner_examples_processed,1758462037,0.0
vanilla,slowheat,learner_examples_processed,748737880,0.0
vanilla,slowheat,learner_examples_processed,1611510062,0.0
vanilla,slowheat,learner_examples_processed,333205446,0.0
vanilla,slowheat,learner_examples_processed,130501536,0.0
vanilla,slowheat,learner_examples_processed,492612040,0.0
vanilla,slowheat,total_model_examples_processed,2101606466,0.0
vanilla,slowheat,total_model_examples_processed,1872839281,0.0
vanilla,slowheat,total_model_examples_processed,637029796,0.0
vanilla,slowheat,total_model_examples_processed,1357204345,0.0
vanilla,slowheat,total_model_examples_processed,1758462037,0.0
vanilla,slowheat,total_model_examples_processed,748737880,0.0
vanilla,slowheat,total_model_examples_processed,1611510062,0.0
vanilla,slowheat,total_model_examples_processed,333205446,0.0
vanilla,slowheat,total_model_examples_processed,130501536,0.0
vanilla,slowheat,total_model_examples_processed,492612040,0.0
vanilla,slowheat,estimated_total_flops,2101606466,120071470.0
vanilla,slowheat,estimated_total_flops,1872839281,120071470.0
vanilla,slowheat,estimated_total_flops,637029796,120071470.0
vanilla,slowheat,estimated_total_flops,1357204345,120071470.0
vanilla,slowheat,estimated_total_flops,1758462037,120071470.0
vanilla,slowheat,estimated_total_flops,748737880,120071470.0
vanilla,slowheat,estimated_total_flops,1611510062,120071470.0
vanilla,slowheat,estimated_total_flops,333205446,120071470.0
vanilla,slowheat,estimated_total_flops,130501536,120071470.0
vanilla,slowheat,estimated_total_flops,492612040,120071470.0
vanilla,slowheat,estimated_overhead_flops,2101606466,120071470.0
vanilla,slowheat,estimated_overhead_flops,1872839281,120071470.0
vanilla,slowheat,estimated_overhead_flops,637029796,120071470.0
vanilla,slowheat,estimated_overhead_flops,1357204345,120071470.0
vanilla,slowheat,estimated_overhead_flops,1758462037,120071470.0
vanilla,slowheat,estimated_overhead_flops,748737880,120071470.0
vanilla,slowheat,estimated_overhead_flops,1611510062,120071470.0
vanilla,slowheat,estimated_overhead_flops,333205446,120071470.0
vanilla,slowheat,estimated_overhead_flops,130501536,120071470.0
vanilla,slowheat,estimated_overhead_flops,492612040,120071470.0
vanilla,slowheat,replay_memory_bytes,2101606466,0.0
vanilla,slowheat,replay_memory_bytes,1872839281,0.0
vanilla,slowheat,replay_memory_bytes,637029796,0.0
vanilla,slowheat,replay_memory_bytes,1357204345,0.0
vanilla,slowheat,replay_memory_bytes,1758462037,0.0
vanilla,slowheat,replay_memory_bytes,748737880,0.0
vanilla,slowheat,replay_memory_bytes,1611510062,0.0
vanilla,slowheat,replay_memory_bytes,333205446,0.0
vanilla,slowheat,replay_memory_bytes,130501536,0.0
vanilla,slowheat,replay_memory_bytes,492612040,0.0
vanilla,slowheat,stored_logits_bytes,2101606466,0.0
vanilla,slowheat,stored_logits_bytes,1872839281,0.0
vanilla,slowheat,stored_logits_bytes,637029796,0.0
vanilla,slowheat,stored_logits_bytes,1357204345,0.0
vanilla,slowheat,stored_logits_bytes,1758462037,0.0
vanilla,slowheat,stored_logits_bytes,748737880,0.0
vanilla,slowheat,stored_logits_bytes,1611510062,0.0
vanilla,slowheat,stored_logits_bytes,333205446,0.0
vanilla,slowheat,stored_logits_bytes,130501536,0.0
vanilla,slowheat,stored_logits_bytes,492612040,0.0
vanilla,hard_freeze,final_average_accuracy,2101606466,-0.019100000000000006
vanilla,hard_freeze,final_average_accuracy,1872839281,-0.015999999999999986
vanilla,hard_freeze,final_average_accuracy,637029796,-0.021900000000000003
vanilla,hard_freeze,final_average_accuracy,1357204345,-0.027900000000000008
vanilla,hard_freeze,final_average_accuracy,1758462037,-0.026500000000000024
vanilla,hard_freeze,final_average_accuracy,748737880,-0.025900000000000006
vanilla,hard_freeze,final_average_accuracy,1611510062,-0.0232
vanilla,hard_freeze,final_average_accuracy,333205446,-0.03459999999999999
vanilla,hard_freeze,final_average_accuracy,130501536,-0.0020000000000000295
vanilla,hard_freeze,final_average_accuracy,492612040,-0.022699999999999998
vanilla,hard_freeze,average_forgetting,2101606466,-0.06000000000000005
vanilla,hard_freeze,average_forgetting,1872839281,-0.05812499999999998
vanilla,hard_freeze,average_forgetting,637029796,-0.07537499999999997
vanilla,hard_freeze,average_forgetting,1357204345,-0.06499999999999995
vanilla,hard_freeze,average_forgetting,1758462037,-0.058374999999999955
vanilla,hard_freeze,average_forgetting,748737880,-0.0615
vanilla,hard_freeze,average_forgetting,1611510062,-0.06299999999999994
vanilla,hard_freeze,average_forgetting,333205446,-0.06337500000000007
vanilla,hard_freeze,average_forgetting,130501536,-0.12337500000000001
vanilla,hard_freeze,average_forgetting,492612040,-0.0638749999999999
vanilla,hard_freeze,backward_transfer,2101606466,0.06000000000000005
vanilla,hard_freeze,backward_transfer,1872839281,0.05812499999999998
vanilla,hard_freeze,backward_transfer,637029796,0.07537499999999997
vanilla,hard_freeze,backward_transfer,1357204345,0.06499999999999995
vanilla,hard_freeze,backward_transfer,1758462037,0.058374999999999955
vanilla,hard_freeze,backward_transfer,748737880,0.0615
vanilla,hard_freeze,backward_transfer,1611510062,0.06299999999999994
vanilla,hard_freeze,backward_transfer,333205446,0.06337500000000007
vanilla,hard_freeze,backward_transfer,130501536,0.12337500000000001
vanilla,hard_freeze,backward_transfer,492612040,0.0638749999999999
vanilla,hard_freeze,forward_transfer,2101606466,0.0003750000000000142
vanilla,hard_freeze,forward_transfer,1872839281,0.0003750000000000142
vanilla,hard_freeze,forward_transfer,637029796,-0.0071249999999999925
vanilla,hard_freeze,forward_transfer,1357204345,0.0
vanilla,hard_freeze,forward_transfer,1758462037,0.00037499999999998646
vanilla,hard_freeze,forward_transfer,748737880,0.0013749999999999873
vanilla,hard_freeze,forward_transfer,1611510062,-0.00037499999999998646
vanilla,hard_freeze,forward_transfer,333205446,0.0
vanilla,hard_freeze,forward_transfer,130501536,0.0
vanilla,hard_freeze,forward_transfer,492612040,0.0006250000000000006
vanilla,hard_freeze,task_aware_final_accuracy,2101606466,0.04640000000000022
vanilla,hard_freeze,task_aware_final_accuracy,1872839281,-0.046700000000000075
vanilla,hard_freeze,task_aware_final_accuracy,637029796,-0.06329999999999991
vanilla,hard_freeze,task_aware_final_accuracy,1357204345,-0.0016000000000000458
vanilla,hard_freeze,task_aware_final_accuracy,1758462037,-0.05620000000000003
vanilla,hard_freeze,task_aware_final_accuracy,748737880,-0.013600000000000056
vanilla,hard_freeze,task_aware_final_accuracy,1611510062,-0.09529999999999994
vanilla,hard_freeze,task_aware_final_accuracy,333205446,-0.032200000000000006
vanilla,hard_freeze,task_aware_final_accuracy,130501536,-0.03729999999999989
vanilla,hard_freeze,task_aware_final_accuracy,492612040,-0.023500000000000187
vanilla,hard_freeze,task_aware_forgetting,2101606466,-0.14187499999999995
vanilla,hard_freeze,task_aware_forgetting,1872839281,-0.019750000000000045
vanilla,hard_freeze,task_aware_forgetting,637029796,-0.02362499999999995
vanilla,hard_freeze,task_aware_forgetting,1357204345,-0.09500000000000003
vanilla,hard_freeze,task_aware_forgetting,1758462037,-0.02124999999999999
vanilla,hard_freeze,task_aware_forgetting,748737880,-0.07687499999999994
vanilla,hard_freeze,task_aware_forgetting,1611510062,0.027375000000000094
vanilla,hard_freeze,task_aware_forgetting,333205446,-0.06637500000000002
vanilla,hard_freeze,task_aware_forgetting,130501536,-0.07550000000000001
vanilla,hard_freeze,task_aware_forgetting,492612040,-0.06274999999999997
vanilla,hard_freeze,classifier_gap,2101606466,0.06550000000000022
vanilla,hard_freeze,classifier_gap,1872839281,-0.030700000000000116
vanilla,hard_freeze,classifier_gap,637029796,-0.04139999999999994
vanilla,hard_freeze,classifier_gap,1357204345,0.02629999999999999
vanilla,hard_freeze,classifier_gap,1758462037,-0.029700000000000004
vanilla,hard_freeze,classifier_gap,748737880,0.012299999999999978
vanilla,hard_freeze,classifier_gap,1611510062,-0.07209999999999994
vanilla,hard_freeze,classifier_gap,333205446,0.0024000000000000132
vanilla,hard_freeze,classifier_gap,130501536,-0.03529999999999989
vanilla,hard_freeze,classifier_gap,492612040,-0.0008000000000001894
vanilla,hard_freeze,elapsed_seconds,2101606466,4.6481224080016545
vanilla,hard_freeze,elapsed_seconds,1872839281,5.0061541619998025
vanilla,hard_freeze,elapsed_seconds,637029796,4.788636676999886
vanilla,hard_freeze,elapsed_seconds,1357204345,5.027976425000816
vanilla,hard_freeze,elapsed_seconds,1758462037,4.9470275929979834
vanilla,hard_freeze,elapsed_seconds,748737880,4.948007663999306
vanilla,hard_freeze,elapsed_seconds,1611510062,4.989742308000132
vanilla,hard_freeze,elapsed_seconds,333205446,5.004601827002261
vanilla,hard_freeze,elapsed_seconds,130501536,4.903983124000661
vanilla,hard_freeze,elapsed_seconds,492612040,4.9222590399986075
vanilla,hard_freeze,learner_examples_processed,2101606466,0.0
vanilla,hard_freeze,learner_examples_processed,1872839281,0.0
vanilla,hard_freeze,learner_examples_processed,637029796,0.0
vanilla,hard_freeze,learner_examples_processed,1357204345,0.0
vanilla,hard_freeze,learner_examples_processed,1758462037,0.0
vanilla,hard_freeze,learner_examples_processed,748737880,0.0
vanilla,hard_freeze,learner_examples_processed,1611510062,0.0
vanilla,hard_freeze,learner_examples_processed,333205446,0.0
vanilla,hard_freeze,learner_examples_processed,130501536,0.0
vanilla,hard_freeze,learner_examples_processed,492612040,0.0
vanilla,hard_freeze,total_model_examples_processed,2101606466,0.0
vanilla,hard_freeze,total_model_examples_processed,1872839281,0.0
vanilla,hard_freeze,total_model_examples_processed,637029796,0.0
vanilla,hard_freeze,total_model_examples_processed,1357204345,0.0
vanilla,hard_freeze,total_model_examples_processed,1758462037,0.0
vanilla,hard_freeze,total_model_examples_processed,748737880,0.0
vanilla,hard_freeze,total_model_examples_processed,1611510062,0.0
vanilla,hard_freeze,total_model_examples_processed,333205446,0.0
vanilla,hard_freeze,total_model_examples_processed,130501536,0.0
vanilla,hard_freeze,total_model_examples_processed,492612040,0.0
vanilla,hard_freeze,estimated_total_flops,2101606466,120071470.0
vanilla,hard_freeze,estimated_total_flops,1872839281,120071470.0
vanilla,hard_freeze,estimated_total_flops,637029796,120071470.0
vanilla,hard_freeze,estimated_total_flops,1357204345,120071470.0
vanilla,hard_freeze,estimated_total_flops,1758462037,120071470.0
vanilla,hard_freeze,estimated_total_flops,748737880,120071470.0
vanilla,hard_freeze,estimated_total_flops,1611510062,120071470.0
vanilla,hard_freeze,estimated_total_flops,333205446,120071470.0
vanilla,hard_freeze,estimated_total_flops,130501536,120071470.0
vanilla,hard_freeze,estimated_total_flops,492612040,120071470.0
vanilla,hard_freeze,estimated_overhead_flops,2101606466,120071470.0
vanilla,hard_freeze,estimated_overhead_flops,1872839281,120071470.0
vanilla,hard_freeze,estimated_overhead_flops,637029796,120071470.0
vanilla,hard_freeze,estimated_overhead_flops,1357204345,120071470.0
vanilla,hard_freeze,estimated_overhead_flops,1758462037,120071470.0
vanilla,hard_freeze,estimated_overhead_flops,748737880,120071470.0
vanilla,hard_freeze,estimated_overhead_flops,1611510062,120071470.0
vanilla,hard_freeze,estimated_overhead_flops,333205446,120071470.0
vanilla,hard_freeze,estimated_overhead_flops,130501536,120071470.0
vanilla,hard_freeze,estimated_overhead_flops,492612040,120071470.0
vanilla,hard_freeze,replay_memory_bytes,2101606466,0.0
vanilla,hard_freeze,replay_memory_bytes,1872839281,0.0
vanilla,hard_freeze,replay_memory_bytes,637029796,0.0
vanilla,hard_freeze,replay_memory_bytes,1357204345,0.0
vanilla,hard_freeze,replay_memory_bytes,1758462037,0.0
vanilla,hard_freeze,replay_memory_bytes,748737880,0.0
vanilla,hard_freeze,replay_memory_bytes,1611510062,0.0
vanilla,hard_freeze,replay_memory_bytes,333205446,0.0
vanilla,hard_freeze,replay_memory_bytes,130501536,0.0
vanilla,hard_freeze,replay_memory_bytes,492612040,0.0
vanilla,hard_freeze,stored_logits_bytes,2101606466,0.0
vanilla,hard_freeze,stored_logits_bytes,1872839281,0.0
vanilla,hard_freeze,stored_logits_bytes,637029796,0.0
vanilla,hard_freeze,stored_logits_bytes,1357204345,0.0
vanilla,hard_freeze,stored_logits_bytes,1758462037,0.0
vanilla,hard_freeze,stored_logits_bytes,748737880,0.0
vanilla,hard_freeze,stored_logits_bytes,1611510062,0.0
vanilla,hard_freeze,stored_logits_bytes,333205446,0.0
vanilla,hard_freeze,stored_logits_bytes,130501536,0.0
vanilla,hard_freeze,stored_logits_bytes,492612040,0.0
vanilla,lpr,final_average_accuracy,2101606466,0.194
vanilla,lpr,final_average_accuracy,1872839281,0.1969
vanilla,lpr,final_average_accuracy,637029796,0.17289999999999997
vanilla,lpr,final_average_accuracy,1357204345,0.18319999999999997
vanilla,lpr,final_average_accuracy,1758462037,0.188
vanilla,lpr,final_average_accuracy,748737880,0.18790000000000004
vanilla,lpr,final_average_accuracy,1611510062,0.2078
vanilla,lpr,final_average_accuracy,333205446,0.1859
vanilla,lpr,final_average_accuracy,130501536,0.1865
vanilla,lpr,final_average_accuracy,492612040,0.20039999999999997
vanilla,lpr,average_forgetting,2101606466,-0.23362499999999997
vanilla,lpr,average_forgetting,1872839281,-0.23412500000000014
vanilla,lpr,average_forgetting,637029796,-0.22225000000000006
vanilla,lpr,average_forgetting,1357204345,-0.213125
vanilla,lpr,average_forgetting,1758462037,-0.22262499999999996
vanilla,lpr,average_forgetting,748737880,-0.23424999999999996
vanilla,lpr,average_forgetting,1611510062,-0.255375
vanilla,lpr,average_forgetting,333205446,-0.23012500000000002
vanilla,lpr,average_forgetting,130501536,-0.23024999999999995
vanilla,lpr,average_forgetting,492612040,-0.2393749999999999
vanilla,lpr,backward_transfer,2101606466,0.23362499999999997
vanilla,lpr,backward_transfer,1872839281,0.23412500000000014
vanilla,lpr,backward_transfer,637029796,0.22225000000000006
vanilla,lpr,backward_transfer,1357204345,0.213125
vanilla,lpr,backward_transfer,1758462037,0.22262499999999996
vanilla,lpr,backward_transfer,748737880,0.23424999999999996
vanilla,lpr,backward_transfer,1611510062,0.255375
vanilla,lpr,backward_transfer,333205446,0.23012500000000002
vanilla,lpr,backward_transfer,130501536,0.23024999999999995
vanilla,lpr,backward_transfer,492612040,0.2393749999999999
vanilla,lpr,forward_transfer,2101606466,0.06650000000000002
vanilla,lpr,forward_transfer,1872839281,0.06424999999999999
vanilla,lpr,forward_transfer,637029796,0.17575000000000002
vanilla,lpr,forward_transfer,1357204345,0.087
vanilla,lpr,forward_transfer,1758462037,0.1355
vanilla,lpr,forward_transfer,748737880,0.16462499999999997
vanilla,lpr,forward_transfer,1611510062,0.01387499999999997
vanilla,lpr,forward_transfer,333205446,0.10325000000000001
vanilla,lpr,forward_transfer,130501536,0.059625000000000004
vanilla,lpr,forward_transfer,492612040,0.058875
vanilla,lpr,task_aware_final_accuracy,2101606466,0.2904
vanilla,lpr,task_aware_final_accuracy,1872839281,0.20939999999999992
vanilla,lpr,task_aware_final_accuracy,637029796,0.1825000000000001
vanilla,lpr,task_aware_final_accuracy,1357204345,0.2396999999999999
vanilla,lpr,task_aware_final_accuracy,1758462037,0.19290000000000007
vanilla,lpr,task_aware_final_accuracy,748737880,0.22619999999999996
vanilla,lpr,task_aware_final_accuracy,1611510062,0.1773
vanilla,lpr,task_aware_final_accuracy,333205446,0.24980000000000002
vanilla,lpr,task_aware_final_accuracy,130501536,0.22260000000000013
vanilla,lpr,task_aware_final_accuracy,492612040,0.24019999999999997
vanilla,lpr,task_aware_forgetting,2101606466,-0.334375
vanilla,lpr,task_aware_forgetting,1872839281,-0.23200000000000004
vanilla,lpr,task_aware_forgetting,637029796,-0.219375
vanilla,lpr,task_aware_forgetting,1357204345,-0.2658750000000001
vanilla,lpr,task_aware_forgetting,1758462037,-0.20924999999999996
vanilla,lpr,task_aware_forgetting,748737880,-0.26399999999999996
vanilla,lpr,task_aware_forgetting,1611510062,-0.19974999999999996
vanilla,lpr,task_aware_forgetting,333205446,-0.29000000000000004
vanilla,lpr,task_aware_forgetting,130501536,-0.25625000000000003
vanilla,lpr,task_aware_forgetting,492612040,-0.27237500000000003
vanilla,lpr,classifier_gap,2101606466,0.09639999999999999
vanilla,lpr,classifier_gap,1872839281,0.0124999999999999
vanilla,lpr,classifier_gap,637029796,0.009600000000000108
vanilla,lpr,classifier_gap,1357204345,0.05649999999999994
vanilla,lpr,classifier_gap,1758462037,0.004900000000000071
vanilla,lpr,classifier_gap,748737880,0.038299999999999945
vanilla,lpr,classifier_gap,1611510062,-0.03049999999999997
vanilla,lpr,classifier_gap,333205446,0.06390000000000001
vanilla,lpr,classifier_gap,130501536,0.03610000000000013
vanilla,lpr,classifier_gap,492612040,0.0398
vanilla,lpr,elapsed_seconds,2101606466,3.162578575000225
vanilla,lpr,elapsed_seconds,1872839281,3.240633223998884
vanilla,lpr,elapsed_seconds,637029796,3.128116523999779
vanilla,lpr,elapsed_seconds,1357204345,3.294870895000713
vanilla,lpr,elapsed_seconds,1758462037,3.2628527300003043
vanilla,lpr,elapsed_seconds,748737880,3.186604200000147
vanilla,lpr,elapsed_seconds,1611510062,3.3166413140006625
vanilla,lpr,elapsed_seconds,333205446,3.3089013440003328
vanilla,lpr,elapsed_seconds,130501536,3.185544217001734
vanilla,lpr,elapsed_seconds,492612040,3.2009115029977693
vanilla,lpr,learner_examples_processed,2101606466,80640.0
vanilla,lpr,learner_examples_processed,1872839281,80640.0
vanilla,lpr,learner_examples_processed,637029796,80640.0
vanilla,lpr,learner_examples_processed,1357204345,80640.0
vanilla,lpr,learner_examples_processed,1758462037,80640.0
vanilla,lpr,learner_examples_processed,748737880,80640.0
vanilla,lpr,learner_examples_processed,1611510062,80640.0
vanilla,lpr,learner_examples_processed,333205446,80640.0
vanilla,lpr,learner_examples_processed,130501536,80640.0
vanilla,lpr,learner_examples_processed,492612040,80640.0
vanilla,lpr,total_model_examples_processed,2101606466,84920.0
vanilla,lpr,total_model_examples_processed,1872839281,84920.0
vanilla,lpr,total_model_examples_processed,637029796,84920.0
vanilla,lpr,total_model_examples_processed,1357204345,84920.0
vanilla,lpr,total_model_examples_processed,1758462037,84920.0
vanilla,lpr,total_model_examples_processed,748737880,84920.0
vanilla,lpr,total_model_examples_processed,1611510062,84920.0
vanilla,lpr,total_model_examples_processed,333205446,84920.0
vanilla,lpr,total_model_examples_processed,130501536,84920.0
vanilla,lpr,total_model_examples_processed,492612040,84920.0
vanilla,lpr,estimated_total_flops,2101606466,2777949456662.0
vanilla,lpr,estimated_total_flops,1872839281,2777949456662.0
vanilla,lpr,estimated_total_flops,637029796,2777949456662.0
vanilla,lpr,estimated_total_flops,1357204345,2777949456662.0
vanilla,lpr,estimated_total_flops,1758462037,2777949456662.0
vanilla,lpr,estimated_total_flops,748737880,2777949456662.0
vanilla,lpr,estimated_total_flops,1611510062,2777949456662.0
vanilla,lpr,estimated_total_flops,333205446,2777949456662.0
vanilla,lpr,estimated_total_flops,130501536,2777949456662.0
vanilla,lpr,estimated_total_flops,492612040,2777949456662.0
vanilla,lpr,estimated_overhead_flops,2101606466,17610205462.0
vanilla,lpr,estimated_overhead_flops,1872839281,17610205462.0
vanilla,lpr,estimated_overhead_flops,637029796,17610205462.0
vanilla,lpr,estimated_overhead_flops,1357204345,17610205462.0
vanilla,lpr,estimated_overhead_flops,1758462037,17610205462.0
vanilla,lpr,estimated_overhead_flops,748737880,17610205462.0
vanilla,lpr,estimated_overhead_flops,1611510062,17610205462.0
vanilla,lpr,estimated_overhead_flops,333205446,17610205462.0
vanilla,lpr,estimated_overhead_flops,130501536,17610205462.0
vanilla,lpr,estimated_overhead_flops,492612040,17610205462.0
vanilla,lpr,replay_memory_bytes,2101606466,2459200.0
vanilla,lpr,replay_memory_bytes,1872839281,2459200.0
vanilla,lpr,replay_memory_bytes,637029796,2459200.0
vanilla,lpr,replay_memory_bytes,1357204345,2459200.0
vanilla,lpr,replay_memory_bytes,1758462037,2459200.0
vanilla,lpr,replay_memory_bytes,748737880,2459200.0
vanilla,lpr,replay_memory_bytes,1611510062,2459200.0
vanilla,lpr,replay_memory_bytes,333205446,2459200.0
vanilla,lpr,replay_memory_bytes,130501536,2459200.0
vanilla,lpr,replay_memory_bytes,492612040,2459200.0
vanilla,lpr,stored_logits_bytes,2101606466,0.0
vanilla,lpr,stored_logits_bytes,1872839281,0.0
vanilla,lpr,stored_logits_bytes,637029796,0.0
vanilla,lpr,stored_logits_bytes,1357204345,0.0
vanilla,lpr,stored_logits_bytes,1758462037,0.0
vanilla,lpr,stored_logits_bytes,748737880,0.0
vanilla,lpr,stored_logits_bytes,1611510062,0.0
vanilla,lpr,stored_logits_bytes,333205446,0.0
vanilla,lpr,stored_logits_bytes,130501536,0.0
vanilla,lpr,stored_logits_bytes,492612040,0.0
vanilla,slowheat_lpr,final_average_accuracy,2101606466,0.19629999999999997
vanilla,slowheat_lpr,final_average_accuracy,1872839281,0.20320000000000002
vanilla,slowheat_lpr,final_average_accuracy,637029796,0.1812
vanilla,slowheat_lpr,final_average_accuracy,1357204345,0.18639999999999995
vanilla,slowheat_lpr,final_average_accuracy,1758462037,0.19559999999999994
vanilla,slowheat_lpr,final_average_accuracy,748737880,0.208
vanilla,slowheat_lpr,final_average_accuracy,1611510062,0.2129
vanilla,slowheat_lpr,final_average_accuracy,333205446,0.19070000000000004
vanilla,slowheat_lpr,final_average_accuracy,130501536,0.19789999999999996
vanilla,slowheat_lpr,final_average_accuracy,492612040,0.22590000000000005
vanilla,slowheat_lpr,average_forgetting,2101606466,-0.2875
vanilla,slowheat_lpr,average_forgetting,1872839281,-0.2776250000000001
vanilla,slowheat_lpr,average_forgetting,637029796,-0.26349999999999996
vanilla,slowheat_lpr,average_forgetting,1357204345,-0.24099999999999988
vanilla,slowheat_lpr,average_forgetting,1758462037,-0.26612499999999994
vanilla,slowheat_lpr,average_forgetting,748737880,-0.283875
vanilla,slowheat_lpr,average_forgetting,1611510062,-0.312125
vanilla,slowheat_lpr,average_forgetting,333205446,-0.273875
vanilla,slowheat_lpr,average_forgetting,130501536,-0.27849999999999997
vanilla,slowheat_lpr,average_forgetting,492612040,-0.3094999999999999
vanilla,slowheat_lpr,backward_transfer,2101606466,0.2875
vanilla,slowheat_lpr,backward_transfer,1872839281,0.2776250000000001
vanilla,slowheat_lpr,backward_transfer,637029796,0.26349999999999996
vanilla,slowheat_lpr,backward_transfer,1357204345,0.24099999999999988
vanilla,slowheat_lpr,backward_transfer,1758462037,0.26612499999999994
vanilla,slowheat_lpr,backward_transfer,748737880,0.283875
vanilla,slowheat_lpr,backward_transfer,1611510062,0.312125
vanilla,slowheat_lpr,backward_transfer,333205446,0.273875
vanilla,slowheat_lpr,backward_transfer,130501536,0.27849999999999997
vanilla,slowheat_lpr,backward_transfer,492612040,0.3094999999999999
vanilla,slowheat_lpr,forward_transfer,2101606466,0.22525
vanilla,slowheat_lpr,forward_transfer,1872839281,0.056124999999999994
vanilla,slowheat_lpr,forward_transfer,637029796,0.185875
vanilla,slowheat_lpr,forward_transfer,1357204345,0.14675
vanilla,slowheat_lpr,forward_transfer,1758462037,0.16075
vanilla,slowheat_lpr,forward_transfer,748737880,0.08537499999999999
vanilla,slowheat_lpr,forward_transfer,1611510062,0.028749999999999998
vanilla,slowheat_lpr,forward_transfer,333205446,0.170375
vanilla,slowheat_lpr,forward_transfer,130501536,0.094375
vanilla,slowheat_lpr,forward_transfer,492612040,0.022374999999999992
vanilla,slowheat_lpr,task_aware_final_accuracy,2101606466,0.27980000000000027
vanilla,slowheat_lpr,task_aware_final_accuracy,1872839281,0.19640000000000002
vanilla,slowheat_lpr,task_aware_final_accuracy,637029796,0.1711999999999999
vanilla,slowheat_lpr,task_aware_final_accuracy,1357204345,0.22399999999999987
vanilla,slowheat_lpr,task_aware_final_accuracy,1758462037,0.18409999999999993
vanilla,slowheat_lpr,task_aware_final_accuracy,748737880,0.20999999999999985
vanilla,slowheat_lpr,task_aware_final_accuracy,1611510062,0.17269999999999985
vanilla,slowheat_lpr,task_aware_final_accuracy,333205446,0.2368
vanilla,slowheat_lpr,task_aware_final_accuracy,130501536,0.22450000000000014
vanilla,slowheat_lpr,task_aware_final_accuracy,492612040,0.22589999999999988
vanilla,slowheat_lpr,task_aware_forgetting,2101606466,-0.3481249999999999
vanilla,slowheat_lpr,task_aware_forgetting,1872839281,-0.23337500000000005
vanilla,slowheat_lpr,task_aware_forgetting,637029796,-0.22099999999999995
vanilla,slowheat_lpr,task_aware_forgetting,1357204345,-0.255
vanilla,slowheat_lpr,task_aware_forgetting,1758462037,-0.21224999999999997
vanilla,slowheat_lpr,task_aware_forgetting,748737880,-0.25387499999999996
vanilla,slowheat_lpr,task_aware_forgetting,1611510062,-0.22274999999999998
vanilla,slowheat_lpr,task_aware_forgetting,333205446,-0.29725
vanilla,slowheat_lpr,task_aware_forgetting,130501536,-0.27487500000000004
vanilla,slowheat_lpr,task_aware_forgetting,492612040,-0.279875
vanilla,slowheat_lpr,classifier_gap,2101606466,0.0835000000000003
vanilla,slowheat_lpr,classifier_gap,1872839281,-0.006800000000000028
vanilla,slowheat_lpr,classifier_gap,637029796,-0.01000000000000012
vanilla,slowheat_lpr,classifier_gap,1357204345,0.03759999999999991
vanilla,slowheat_lpr,classifier_gap,1758462037,-0.01150000000000001
vanilla,slowheat_lpr,classifier_gap,748737880,0.0019999999999998908
vanilla,slowheat_lpr,classifier_gap,1611510062,-0.040200000000000125
vanilla,slowheat_lpr,classifier_gap,333205446,0.046099999999999974
vanilla,slowheat_lpr,classifier_gap,130501536,0.02660000000000018
vanilla,slowheat_lpr,classifier_gap,492612040,-1.6653345369377348e-16
vanilla,slowheat_lpr,elapsed_seconds,2101606466,6.86251437700048
vanilla,slowheat_lpr,elapsed_seconds,1872839281,7.041832573000647
vanilla,slowheat_lpr,elapsed_seconds,637029796,6.938807429000008
vanilla,slowheat_lpr,elapsed_seconds,1357204345,7.123066824000489
vanilla,slowheat_lpr,elapsed_seconds,1758462037,7.076851272999193
vanilla,slowheat_lpr,elapsed_seconds,748737880,7.101896221998686
vanilla,slowheat_lpr,elapsed_seconds,1611510062,7.18932315299935
vanilla,slowheat_lpr,elapsed_seconds,333205446,7.25846636100141
vanilla,slowheat_lpr,elapsed_seconds,130501536,6.815768519001722
vanilla,slowheat_lpr,elapsed_seconds,492612040,7.024140243996953
vanilla,slowheat_lpr,learner_examples_processed,2101606466,80640.0
vanilla,slowheat_lpr,learner_examples_processed,1872839281,80640.0
vanilla,slowheat_lpr,learner_examples_processed,637029796,80640.0
vanilla,slowheat_lpr,learner_examples_processed,1357204345,80640.0
vanilla,slowheat_lpr,learner_examples_processed,1758462037,80640.0
vanilla,slowheat_lpr,learner_examples_processed,748737880,80640.0
vanilla,slowheat_lpr,learner_examples_processed,1611510062,80640.0
vanilla,slowheat_lpr,learner_examples_processed,333205446,80640.0
vanilla,slowheat_lpr,learner_examples_processed,130501536,80640.0
vanilla,slowheat_lpr,learner_examples_processed,492612040,80640.0
vanilla,slowheat_lpr,total_model_examples_processed,2101606466,84920.0
vanilla,slowheat_lpr,total_model_examples_processed,1872839281,84920.0
vanilla,slowheat_lpr,total_model_examples_processed,637029796,84920.0
vanilla,slowheat_lpr,total_model_examples_processed,1357204345,84920.0
vanilla,slowheat_lpr,total_model_examples_processed,1758462037,84920.0
vanilla,slowheat_lpr,total_model_examples_processed,748737880,84920.0
vanilla,slowheat_lpr,total_model_examples_processed,1611510062,84920.0
vanilla,slowheat_lpr,total_model_examples_processed,333205446,84920.0
vanilla,slowheat_lpr,total_model_examples_processed,130501536,84920.0
vanilla,slowheat_lpr,total_model_examples_processed,492612040,84920.0
vanilla,slowheat_lpr,estimated_total_flops,2101606466,2778088381942.0
vanilla,slowheat_lpr,estimated_total_flops,1872839281,2778088381942.0
vanilla,slowheat_lpr,estimated_total_flops,637029796,2778088381942.0
vanilla,slowheat_lpr,estimated_total_flops,1357204345,2778088381942.0
vanilla,slowheat_lpr,estimated_total_flops,1758462037,2778088381942.0
vanilla,slowheat_lpr,estimated_total_flops,748737880,2778088381942.0
vanilla,slowheat_lpr,estimated_total_flops,1611510062,2778088381942.0
vanilla,slowheat_lpr,estimated_total_flops,333205446,2778088381942.0
vanilla,slowheat_lpr,estimated_total_flops,130501536,2778088381942.0
vanilla,slowheat_lpr,estimated_total_flops,492612040,2778088381942.0
vanilla,slowheat_lpr,estimated_overhead_flops,2101606466,17749130742.0
vanilla,slowheat_lpr,estimated_overhead_flops,1872839281,17749130742.0
vanilla,slowheat_lpr,estimated_overhead_flops,637029796,17749130742.0
vanilla,slowheat_lpr,estimated_overhead_flops,1357204345,17749130742.0
vanilla,slowheat_lpr,estimated_overhead_flops,1758462037,17749130742.0
vanilla,slowheat_lpr,estimated_overhead_flops,748737880,17749130742.0
vanilla,slowheat_lpr,estimated_overhead_flops,1611510062,17749130742.0
vanilla,slowheat_lpr,estimated_overhead_flops,333205446,17749130742.0
vanilla,slowheat_lpr,estimated_overhead_flops,130501536,17749130742.0
vanilla,slowheat_lpr,estimated_overhead_flops,492612040,17749130742.0
vanilla,slowheat_lpr,replay_memory_bytes,2101606466,2459200.0
vanilla,slowheat_lpr,replay_memory_bytes,1872839281,2459200.0
vanilla,slowheat_lpr,replay_memory_bytes,637029796,2459200.0
vanilla,slowheat_lpr,replay_memory_bytes,1357204345,2459200.0
vanilla,slowheat_lpr,replay_memory_bytes,1758462037,2459200.0
vanilla,slowheat_lpr,replay_memory_bytes,748737880,2459200.0
vanilla,slowheat_lpr,replay_memory_bytes,1611510062,2459200.0
vanilla,slowheat_lpr,replay_memory_bytes,333205446,2459200.0
vanilla,slowheat_lpr,replay_memory_bytes,130501536,2459200.0
vanilla,slowheat_lpr,replay_memory_bytes,492612040,2459200.0
vanilla,slowheat_lpr,stored_logits_bytes,2101606466,0.0
vanilla,slowheat_lpr,stored_logits_bytes,1872839281,0.0
vanilla,slowheat_lpr,stored_logits_bytes,637029796,0.0
vanilla,slowheat_lpr,stored_logits_bytes,1357204345,0.0
vanilla,slowheat_lpr,stored_logits_bytes,1758462037,0.0
vanilla,slowheat_lpr,stored_logits_bytes,748737880,0.0
vanilla,slowheat_lpr,stored_logits_bytes,1611510062,0.0
vanilla,slowheat_lpr,stored_logits_bytes,333205446,0.0
vanilla,slowheat_lpr,stored_logits_bytes,130501536,0.0
vanilla,slowheat_lpr,stored_logits_bytes,492612040,0.0
vanilla,classifier_expander,final_average_accuracy,2101606466,0.14339999999999997
vanilla,classifier_expander,final_average_accuracy,1872839281,0.13749999999999998
vanilla,classifier_expander,final_average_accuracy,637029796,0.17900000000000002
vanilla,classifier_expander,final_average_accuracy,1357204345,0.17570000000000002
vanilla,classifier_expander,final_average_accuracy,1758462037,0.16819999999999996
vanilla,classifier_expander,final_average_accuracy,748737880,0.17150000000000007
vanilla,classifier_expander,final_average_accuracy,1611510062,0.15320000000000003
vanilla,classifier_expander,final_average_accuracy,333205446,0.1437
vanilla,classifier_expander,final_average_accuracy,130501536,0.18330000000000002
vanilla,classifier_expander,final_average_accuracy,492612040,0.18259999999999998
vanilla,classifier_expander,average_forgetting,2101606466,-0.5446249999999999
vanilla,classifier_expander,average_forgetting,1872839281,-0.4896250000000001
vanilla,classifier_expander,average_forgetting,637029796,-0.5589999999999999
vanilla,classifier_expander,average_forgetting,1357204345,-0.5243749999999999
vanilla,classifier_expander,average_forgetting,1758462037,-0.63225
vanilla,classifier_expander,average_forgetting,748737880,-0.553125
vanilla,classifier_expander,average_forgetting,1611510062,-0.54025
vanilla,classifier_expander,average_forgetting,333205446,-0.5351250000000001
vanilla,classifier_expander,average_forgetting,130501536,-0.594125
vanilla,classifier_expander,average_forgetting,492612040,-0.54175
vanilla,classifier_expander,backward_transfer,2101606466,0.605625
vanilla,classifier_expander,backward_transfer,1872839281,0.534
vanilla,classifier_expander,backward_transfer,637029796,0.6846249999999999
vanilla,classifier_expander,backward_transfer,1357204345,0.6926249999999999
vanilla,classifier_expander,backward_transfer,1758462037,0.7084999999999999
vanilla,classifier_expander,backward_transfer,748737880,0.623375
vanilla,classifier_expander,backward_transfer,1611510062,0.700625
vanilla,classifier_expander,backward_transfer,333205446,0.6248750000000001
vanilla,classifier_expander,backward_transfer,130501536,0.711875
vanilla,classifier_expander,backward_transfer,492612040,0.687875
vanilla,classifier_expander,forward_transfer,2101606466,0.10587500000000002
vanilla,classifier_expander,forward_transfer,1872839281,0.13399999999999998
vanilla,classifier_expander,forward_transfer,637029796,0.12875000000000003
vanilla,classifier_expander,forward_transfer,1357204345,0.10012499999999999
vanilla,classifier_expander,forward_transfer,1758462037,0.11349999999999999
vanilla,classifier_expander,forward_transfer,748737880,0.14275
vanilla,classifier_expander,forward_transfer,1611510062,0.006750000000000006
vanilla,classifier_expander,forward_transfer,333205446,0.003999999999999998
vanilla,classifier_expander,forward_transfer,130501536,0.084625
vanilla,classifier_expander,forward_transfer,492612040,0.046249999999999986
vanilla,classifier_expander,task_aware_final_accuracy,2101606466,0.27270000000000005
vanilla,classifier_expander,task_aware_final_accuracy,1872839281,0.19529999999999992
vanilla,classifier_expander,task_aware_final_accuracy,637029796,0.1665000000000001
vanilla,classifier_expander,task_aware_final_accuracy,1357204345,0.22599999999999998
vanilla,classifier_expander,task_aware_final_accuracy,1758462037,0.17079999999999995
vanilla,classifier_expander,task_aware_final_accuracy,748737880,0.20009999999999983
vanilla,classifier_expander,task_aware_final_accuracy,1611510062,0.16760000000000008
vanilla,classifier_expander,task_aware_final_accuracy,333205446,0.23440000000000005
vanilla,classifier_expander,task_aware_final_accuracy,130501536,0.2309000000000001
vanilla,classifier_expander,task_aware_final_accuracy,492612040,0.23009999999999986
vanilla,classifier_expander,task_aware_forgetting,2101606466,-0.34024999999999994
vanilla,classifier_expander,task_aware_forgetting,1872839281,-0.24462500000000004
vanilla,classifier_expander,task_aware_forgetting,637029796,-0.22862500000000002
vanilla,classifier_expander,task_aware_forgetting,1357204345,-0.26937500000000003
vanilla,classifier_expander,task_aware_forgetting,1758462037,-0.21499999999999997
vanilla,classifier_expander,task_aware_forgetting,748737880,-0.26162499999999994
vanilla,classifier_expander,task_aware_forgetting,1611510062,-0.21824999999999994
vanilla,classifier_expander,task_aware_forgetting,333205446,-0.30262500000000003
vanilla,classifier_expander,task_aware_forgetting,130501536,-0.28675
vanilla,classifier_expander,task_aware_forgetting,492612040,-0.28562499999999996
vanilla,classifier_expander,classifier_gap,2101606466,0.12930000000000003
vanilla,classifier_expander,classifier_gap,1872839281,0.05779999999999991
vanilla,classifier_expander,classifier_gap,637029796,-0.012499999999999956
vanilla,classifier_expander,classifier_gap,1357204345,0.050299999999999956
vanilla,classifier_expander,classifier_gap,1758462037,0.002599999999999991
vanilla,classifier_expander,classifier_gap,748737880,0.028599999999999792
vanilla,classifier_expander,classifier_gap,1611510062,0.01440000000000008
vanilla,classifier_expander,classifier_gap,333205446,0.09070000000000006
vanilla,classifier_expander,classifier_gap,130501536,0.04760000000000009
vanilla,classifier_expander,classifier_gap,492612040,0.047499999999999876
vanilla,classifier_expander,elapsed_seconds,2101606466,3.7203150389996154
vanilla,classifier_expander,elapsed_seconds,1872839281,3.88217785300003
vanilla,classifier_expander,elapsed_seconds,637029796,3.753418395999688
vanilla,classifier_expander,elapsed_seconds,1357204345,3.8027112470008433
vanilla,classifier_expander,elapsed_seconds,1758462037,3.871646397999939
vanilla,classifier_expander,elapsed_seconds,748737880,3.8313578969973605
vanilla,classifier_expander,elapsed_seconds,1611510062,3.933463641000344
vanilla,classifier_expander,elapsed_seconds,333205446,4.116502345999834
vanilla,classifier_expander,elapsed_seconds,130501536,3.389953587000491
vanilla,classifier_expander,elapsed_seconds,492612040,3.8499759699952847
vanilla,classifier_expander,learner_examples_processed,2101606466,81344.0
vanilla,classifier_expander,learner_examples_processed,1872839281,81344.0
vanilla,classifier_expander,learner_examples_processed,637029796,81344.0
vanilla,classifier_expander,learner_examples_processed,1357204345,81344.0
vanilla,classifier_expander,learner_examples_processed,1758462037,81344.0
vanilla,classifier_expander,learner_examples_processed,748737880,81344.0
vanilla,classifier_expander,learner_examples_processed,1611510062,81344.0
vanilla,classifier_expander,learner_examples_processed,333205446,81344.0
vanilla,classifier_expander,learner_examples_processed,130501536,81344.0
vanilla,classifier_expander,learner_examples_processed,492612040,81344.0
vanilla,classifier_expander,total_model_examples_processed,2101606466,161984.0
vanilla,classifier_expander,total_model_examples_processed,1872839281,161984.0
vanilla,classifier_expander,total_model_examples_processed,637029796,161984.0
vanilla,classifier_expander,total_model_examples_processed,1357204345,161984.0
vanilla,classifier_expander,total_model_examples_processed,1758462037,161984.0
vanilla,classifier_expander,total_model_examples_processed,748737880,161984.0
vanilla,classifier_expander,total_model_examples_processed,1611510062,161984.0
vanilla,classifier_expander,total_model_examples_processed,333205446,161984.0
vanilla,classifier_expander,total_model_examples_processed,130501536,161984.0
vanilla,classifier_expander,total_model_examples_processed,492612040,161984.0
vanilla,classifier_expander,estimated_total_flops,2101606466,3640149737472.0
vanilla,classifier_expander,estimated_total_flops,1872839281,3640149737472.0
vanilla,classifier_expander,estimated_total_flops,637029796,3640149737472.0
vanilla,classifier_expander,estimated_total_flops,1357204345,3640149737472.0
vanilla,classifier_expander,estimated_total_flops,1758462037,3640149737472.0
vanilla,classifier_expander,estimated_total_flops,748737880,3640149737472.0
vanilla,classifier_expander,estimated_total_flops,1611510062,3640149737472.0
vanilla,classifier_expander,estimated_total_flops,333205446,3640149737472.0
vanilla,classifier_expander,estimated_total_flops,130501536,3640149737472.0
vanilla,classifier_expander,estimated_total_flops,492612040,3640149737472.0
vanilla,classifier_expander,estimated_overhead_flops,2101606466,0.0
vanilla,classifier_expander,estimated_overhead_flops,1872839281,0.0
vanilla,classifier_expander,estimated_overhead_flops,637029796,0.0
vanilla,classifier_expander,estimated_overhead_flops,1357204345,0.0
vanilla,classifier_expander,estimated_overhead_flops,1758462037,0.0
vanilla,classifier_expander,estimated_overhead_flops,748737880,0.0
vanilla,classifier_expander,estimated_overhead_flops,1611510062,0.0
vanilla,classifier_expander,estimated_overhead_flops,333205446,0.0
vanilla,classifier_expander,estimated_overhead_flops,130501536,0.0
vanilla,classifier_expander,estimated_overhead_flops,492612040,0.0
vanilla,classifier_expander,replay_memory_bytes,2101606466,2459200.0
vanilla,classifier_expander,replay_memory_bytes,1872839281,2459200.0
vanilla,classifier_expander,replay_memory_bytes,637029796,2459200.0
vanilla,classifier_expander,replay_memory_bytes,1357204345,2459200.0
vanilla,classifier_expander,replay_memory_bytes,1758462037,2459200.0
vanilla,classifier_expander,replay_memory_bytes,748737880,2459200.0
vanilla,classifier_expander,replay_memory_bytes,1611510062,2459200.0
vanilla,classifier_expander,replay_memory_bytes,333205446,2459200.0
vanilla,classifier_expander,replay_memory_bytes,130501536,2459200.0
vanilla,classifier_expander,replay_memory_bytes,492612040,2459200.0
vanilla,classifier_expander,stored_logits_bytes,2101606466,0.0
vanilla,classifier_expander,stored_logits_bytes,1872839281,0.0
vanilla,classifier_expander,stored_logits_bytes,637029796,0.0
vanilla,classifier_expander,stored_logits_bytes,1357204345,0.0
vanilla,classifier_expander,stored_logits_bytes,1758462037,0.0
vanilla,classifier_expander,stored_logits_bytes,748737880,0.0
vanilla,classifier_expander,stored_logits_bytes,1611510062,0.0
vanilla,classifier_expander,stored_logits_bytes,333205446,0.0
vanilla,classifier_expander,stored_logits_bytes,130501536,0.0
vanilla,classifier_expander,stored_logits_bytes,492612040,0.0
vanilla,slowheat_classifier_expander,final_average_accuracy,2101606466,0.16299999999999998
vanilla,slowheat_classifier_expander,final_average_accuracy,1872839281,0.1237
vanilla,slowheat_classifier_expander,final_average_accuracy,637029796,0.1505
vanilla,slowheat_classifier_expander,final_average_accuracy,1357204345,0.15490000000000004
vanilla,slowheat_classifier_expander,final_average_accuracy,1758462037,0.14450000000000002
vanilla,slowheat_classifier_expander,final_average_accuracy,748737880,0.14989999999999995
vanilla,slowheat_classifier_expander,final_average_accuracy,1611510062,0.15269999999999997
vanilla,slowheat_classifier_expander,final_average_accuracy,333205446,0.15050000000000002
vanilla,slowheat_classifier_expander,final_average_accuracy,130501536,0.16890000000000005
vanilla,slowheat_classifier_expander,final_average_accuracy,492612040,0.15350000000000003
vanilla,slowheat_classifier_expander,average_forgetting,2101606466,-0.6367499999999999
vanilla,slowheat_classifier_expander,average_forgetting,1872839281,-0.5706249999999999
vanilla,slowheat_classifier_expander,average_forgetting,637029796,-0.5851249999999999
vanilla,slowheat_classifier_expander,average_forgetting,1357204345,-0.549375
vanilla,slowheat_classifier_expander,average_forgetting,1758462037,-0.616875
vanilla,slowheat_classifier_expander,average_forgetting,748737880,-0.579625
vanilla,slowheat_classifier_expander,average_forgetting,1611510062,-0.56775
vanilla,slowheat_classifier_expander,average_forgetting,333205446,-0.618625
vanilla,slowheat_classifier_expander,average_forgetting,130501536,-0.644
vanilla,slowheat_classifier_expander,average_forgetting,492612040,-0.6099999999999999
vanilla,slowheat_classifier_expander,backward_transfer,2101606466,0.7809999999999999
vanilla,slowheat_classifier_expander,backward_transfer,1872839281,0.639
vanilla,slowheat_classifier_expander,backward_transfer,637029796,0.733625
vanilla,slowheat_classifier_expander,backward_transfer,1357204345,0.74025
vanilla,slowheat_classifier_expander,backward_transfer,1758462037,0.78175
vanilla,slowheat_classifier_expander,backward_transfer,748737880,0.7044999999999999
vanilla,slowheat_classifier_expander,backward_transfer,1611510062,0.756
vanilla,slowheat_classifier_expander,backward_transfer,333205446,0.798875
vanilla,slowheat_classifier_expander,backward_transfer,130501536,0.7925
vanilla,slowheat_classifier_expander,backward_transfer,492612040,0.7783749999999999
vanilla,slowheat_classifier_expander,forward_transfer,2101606466,0.08362500000000002
vanilla,slowheat_classifier_expander,forward_transfer,1872839281,0.12375
vanilla,slowheat_classifier_expander,forward_transfer,637029796,0.12412500000000001
vanilla,slowheat_classifier_expander,forward_transfer,1357204345,0.080125
vanilla,slowheat_classifier_expander,forward_transfer,1758462037,0.06574999999999999
vanilla,slowheat_classifier_expander,forward_transfer,748737880,0.08087499999999999
vanilla,slowheat_classifier_expander,forward_transfer,1611510062,0.007624999999999965
vanilla,slowheat_classifier_expander,forward_transfer,333205446,0.00575
vanilla,slowheat_classifier_expander,forward_transfer,130501536,0.07025
vanilla,slowheat_classifier_expander,forward_transfer,492612040,0.027374999999999997
vanilla,slowheat_classifier_expander,task_aware_final_accuracy,2101606466,0.2541000000000001
vanilla,slowheat_classifier_expander,task_aware_final_accuracy,1872839281,0.1700999999999998
vanilla,slowheat_classifier_expander,task_aware_final_accuracy,637029796,0.14600000000000002
vanilla,slowheat_classifier_expander,task_aware_final_accuracy,1357204345,0.20689999999999997
vanilla,slowheat_classifier_expander,task_aware_final_accuracy,1758462037,0.14700000000000002
vanilla,slowheat_classifier_expander,task_aware_final_accuracy,748737880,0.17949999999999988
vanilla,slowheat_classifier_expander,task_aware_final_accuracy,1611510062,0.14670000000000005
vanilla,slowheat_classifier_expander,task_aware_final_accuracy,333205446,0.2104999999999999
vanilla,slowheat_classifier_expander,task_aware_final_accuracy,130501536,0.2087
vanilla,slowheat_classifier_expander,task_aware_final_accuracy,492612040,0.20819999999999994
vanilla,slowheat_classifier_expander,task_aware_forgetting,2101606466,-0.34474999999999995
vanilla,slowheat_classifier_expander,task_aware_forgetting,1872839281,-0.24325
vanilla,slowheat_classifier_expander,task_aware_forgetting,637029796,-0.21999999999999995
vanilla,slowheat_classifier_expander,task_aware_forgetting,1357204345,-0.275625
vanilla,slowheat_classifier_expander,task_aware_forgetting,1758462037,-0.21037499999999998
vanilla,slowheat_classifier_expander,task_aware_forgetting,748737880,-0.25412499999999993
vanilla,slowheat_classifier_expander,task_aware_forgetting,1611510062,-0.21087499999999995
vanilla,slowheat_classifier_expander,task_aware_forgetting,333205446,-0.302125
vanilla,slowheat_classifier_expander,task_aware_forgetting,130501536,-0.279125
vanilla,slowheat_classifier_expander,task_aware_forgetting,492612040,-0.28537499999999993
vanilla,slowheat_classifier_expander,classifier_gap,2101606466,0.09110000000000013
vanilla,slowheat_classifier_expander,classifier_gap,1872839281,0.046399999999999775
vanilla,slowheat_classifier_expander,classifier_gap,637029796,-0.004500000000000004
vanilla,slowheat_classifier_expander,classifier_gap,1357204345,0.051999999999999935
vanilla,slowheat_classifier_expander,classifier_gap,1758462037,0.0025000000000000022
vanilla,slowheat_classifier_expander,classifier_gap,748737880,0.02959999999999996
vanilla,slowheat_classifier_expander,classifier_gap,1611510062,-0.005999999999999894
vanilla,slowheat_classifier_expander,classifier_gap,333205446,0.05999999999999989
vanilla,slowheat_classifier_expander,classifier_gap,130501536,0.03979999999999995
vanilla,slowheat_classifier_expander,classifier_gap,492612040,0.054699999999999915
vanilla,slowheat_classifier_expander,elapsed_seconds,2101606466,7.43105965399991
vanilla,slowheat_classifier_expander,elapsed_seconds,1872839281,7.7421246969988715
vanilla,slowheat_classifier_expander,elapsed_seconds,637029796,7.197325762999753
vanilla,slowheat_classifier_expander,elapsed_seconds,1357204345,7.814630888000465
vanilla,slowheat_classifier_expander,elapsed_seconds,1758462037,7.918512940997971
vanilla,slowheat_classifier_expander,elapsed_seconds,748737880,7.644041299998207
vanilla,slowheat_classifier_expander,elapsed_seconds,1611510062,7.5681370189995505
vanilla,slowheat_classifier_expander,elapsed_seconds,333205446,8.06435608800166
vanilla,slowheat_classifier_expander,elapsed_seconds,130501536,6.906817400998989
vanilla,slowheat_classifier_expander,elapsed_seconds,492612040,7.6146661739985575
vanilla,slowheat_classifier_expander,learner_examples_processed,2101606466,81344.0
vanilla,slowheat_classifier_expander,learner_examples_processed,1872839281,81344.0
vanilla,slowheat_classifier_expander,learner_examples_processed,637029796,81344.0
vanilla,slowheat_classifier_expander,learner_examples_processed,1357204345,81344.0
vanilla,slowheat_classifier_expander,learner_examples_processed,1758462037,81344.0
vanilla,slowheat_classifier_expander,learner_examples_processed,748737880,81344.0
vanilla,slowheat_classifier_expander,learner_examples_processed,1611510062,81344.0
vanilla,slowheat_classifier_expander,learner_examples_processed,333205446,81344.0
vanilla,slowheat_classifier_expander,learner_examples_processed,130501536,81344.0
vanilla,slowheat_classifier_expander,learner_examples_processed,492612040,81344.0
vanilla,slowheat_classifier_expander,total_model_examples_processed,2101606466,161984.0
vanilla,slowheat_classifier_expander,total_model_examples_processed,1872839281,161984.0
vanilla,slowheat_classifier_expander,total_model_examples_processed,637029796,161984.0
vanilla,slowheat_classifier_expander,total_model_examples_processed,1357204345,161984.0
vanilla,slowheat_classifier_expander,total_model_examples_processed,1758462037,161984.0
vanilla,slowheat_classifier_expander,total_model_examples_processed,748737880,161984.0
vanilla,slowheat_classifier_expander,total_model_examples_processed,1611510062,161984.0
vanilla,slowheat_classifier_expander,total_model_examples_processed,333205446,161984.0
vanilla,slowheat_classifier_expander,total_model_examples_processed,130501536,161984.0
vanilla,slowheat_classifier_expander,total_model_examples_processed,492612040,161984.0
vanilla,slowheat_classifier_expander,estimated_total_flops,2101606466,3640288662752.0
vanilla,slowheat_classifier_expander,estimated_total_flops,1872839281,3640288662752.0
vanilla,slowheat_classifier_expander,estimated_total_flops,637029796,3640288662752.0
vanilla,slowheat_classifier_expander,estimated_total_flops,1357204345,3640288662752.0
vanilla,slowheat_classifier_expander,estimated_total_flops,1758462037,3640288662752.0
vanilla,slowheat_classifier_expander,estimated_total_flops,748737880,3640288662752.0
vanilla,slowheat_classifier_expander,estimated_total_flops,1611510062,3640288662752.0
vanilla,slowheat_classifier_expander,estimated_total_flops,333205446,3640288662752.0
vanilla,slowheat_classifier_expander,estimated_total_flops,130501536,3640288662752.0
vanilla,slowheat_classifier_expander,estimated_total_flops,492612040,3640288662752.0
vanilla,slowheat_classifier_expander,estimated_overhead_flops,2101606466,138925280.0
vanilla,slowheat_classifier_expander,estimated_overhead_flops,1872839281,138925280.0
vanilla,slowheat_classifier_expander,estimated_overhead_flops,637029796,138925280.0
vanilla,slowheat_classifier_expander,estimated_overhead_flops,1357204345,138925280.0
vanilla,slowheat_classifier_expander,estimated_overhead_flops,1758462037,138925280.0
vanilla,slowheat_classifier_expander,estimated_overhead_flops,748737880,138925280.0
vanilla,slowheat_classifier_expander,estimated_overhead_flops,1611510062,138925280.0
vanilla,slowheat_classifier_expander,estimated_overhead_flops,333205446,138925280.0
vanilla,slowheat_classifier_expander,estimated_overhead_flops,130501536,138925280.0
vanilla,slowheat_classifier_expander,estimated_overhead_flops,492612040,138925280.0
vanilla,slowheat_classifier_expander,replay_memory_bytes,2101606466,2459200.0
vanilla,slowheat_classifier_expander,replay_memory_bytes,1872839281,2459200.0
vanilla,slowheat_classifier_expander,replay_memory_bytes,637029796,2459200.0
vanilla,slowheat_classifier_expander,replay_memory_bytes,1357204345,2459200.0
vanilla,slowheat_classifier_expander,replay_memory_bytes,1758462037,2459200.0
vanilla,slowheat_classifier_expander,replay_memory_bytes,748737880,2459200.0
vanilla,slowheat_classifier_expander,replay_memory_bytes,1611510062,2459200.0
vanilla,slowheat_classifier_expander,replay_memory_bytes,333205446,2459200.0
vanilla,slowheat_classifier_expander,replay_memory_bytes,130501536,2459200.0
vanilla,slowheat_classifier_expander,replay_memory_bytes,492612040,2459200.0
vanilla,slowheat_classifier_expander,stored_logits_bytes,2101606466,0.0
vanilla,slowheat_classifier_expander,stored_logits_bytes,1872839281,0.0
vanilla,slowheat_classifier_expander,stored_logits_bytes,637029796,0.0
vanilla,slowheat_classifier_expander,stored_logits_bytes,1357204345,0.0
vanilla,slowheat_classifier_expander,stored_logits_bytes,1758462037,0.0
vanilla,slowheat_classifier_expander,stored_logits_bytes,748737880,0.0
vanilla,slowheat_classifier_expander,stored_logits_bytes,1611510062,0.0
vanilla,slowheat_classifier_expander,stored_logits_bytes,333205446,0.0
vanilla,slowheat_classifier_expander,stored_logits_bytes,130501536,0.0
vanilla,slowheat_classifier_expander,stored_logits_bytes,492612040,0.0
vanilla,scroll,final_average_accuracy,2101606466,0.15649999999999997
vanilla,scroll,final_average_accuracy,1872839281,0.14739999999999995
vanilla,scroll,final_average_accuracy,637029796,0.13359999999999997
vanilla,scroll,final_average_accuracy,1357204345,0.15040000000000003
vanilla,scroll,final_average_accuracy,1758462037,0.13099999999999995
vanilla,scroll,final_average_accuracy,748737880,0.1443
vanilla,scroll,final_average_accuracy,1611510062,0.1287
vanilla,scroll,final_average_accuracy,333205446,0.13820000000000005
vanilla,scroll,final_average_accuracy,130501536,0.10159999999999997
vanilla,scroll,final_average_accuracy,492612040,0.15350000000000003
vanilla,scroll,average_forgetting,2101606466,-0.688875
vanilla,scroll,average_forgetting,1872839281,-0.5685
vanilla,scroll,average_forgetting,637029796,-0.6669999999999999
vanilla,scroll,average_forgetting,1357204345,-0.6061249999999999
vanilla,scroll,average_forgetting,1758462037,-0.5827499999999999
vanilla,scroll,average_forgetting,748737880,-0.564875
vanilla,scroll,average_forgetting,1611510062,-0.55325
vanilla,scroll,average_forgetting,333205446,-0.655125
vanilla,scroll,average_forgetting,130501536,-0.66825
vanilla,scroll,average_forgetting,492612040,-0.6184999999999999
vanilla,scroll,backward_transfer,2101606466,0.688875
vanilla,scroll,backward_transfer,1872839281,0.6855
vanilla,scroll,backward_transfer,637029796,0.8122499999999999
vanilla,scroll,backward_transfer,1357204345,0.6292499999999999
vanilla,scroll,backward_transfer,1758462037,0.6145
vanilla,scroll,backward_transfer,748737880,0.620625
vanilla,scroll,backward_transfer,1611510062,0.6458750000000001
vanilla,scroll,backward_transfer,333205446,0.834125
vanilla,scroll,backward_transfer,130501536,0.709625
vanilla,scroll,backward_transfer,492612040,0.6786249999999999
vanilla,scroll,forward_transfer,2101606466,-0.078625
vanilla,scroll,forward_transfer,1872839281,-0.062
vanilla,scroll,forward_transfer,637029796,-0.044499999999999984
vanilla,scroll,forward_transfer,1357204345,-0.000125000000000014
vanilla,scroll,forward_transfer,1758462037,-0.07950000000000003
vanilla,scroll,forward_transfer,748737880,-0.1015
vanilla,scroll,forward_transfer,1611510062,-0.006125000000000019
vanilla,scroll,forward_transfer,333205446,-0.11574999999999999
vanilla,scroll,forward_transfer,130501536,0.0
vanilla,scroll,forward_transfer,492612040,-0.089
vanilla,scroll,task_aware_final_accuracy,2101606466,0.1666000000000002
vanilla,scroll,task_aware_final_accuracy,1872839281,0.11599999999999999
vanilla,scroll,task_aware_final_accuracy,637029796,0.0626000000000001
vanilla,scroll,task_aware_final_accuracy,1357204345,0.1461
vanilla,scroll,task_aware_final_accuracy,1758462037,0.09320000000000006
vanilla,scroll,task_aware_final_accuracy,748737880,0.1532
vanilla,scroll,task_aware_final_accuracy,1611510062,0.0814999999999999
vanilla,scroll,task_aware_final_accuracy,333205446,0.12780000000000002
vanilla,scroll,task_aware_final_accuracy,130501536,0.1534000000000001
vanilla,scroll,task_aware_final_accuracy,492612040,0.1469999999999999
vanilla,scroll,task_aware_forgetting,2101606466,-0.34324999999999994
vanilla,scroll,task_aware_forgetting,1872839281,-0.27712500000000007
vanilla,scroll,task_aware_forgetting,637029796,-0.21537499999999998
vanilla,scroll,task_aware_forgetting,1357204345,-0.283875
vanilla,scroll,task_aware_forgetting,1758462037,-0.255
vanilla,scroll,task_aware_forgetting,748737880,-0.2976249999999999
vanilla,scroll,task_aware_forgetting,1611510062,-0.25112499999999993
vanilla,scroll,task_aware_forgetting,333205446,-0.266125
vanilla,scroll,task_aware_forgetting,130501536,-0.335125
vanilla,scroll,task_aware_forgetting,492612040,-0.3195
vanilla,scroll,classifier_gap,2101606466,0.01010000000000022
vanilla,scroll,classifier_gap,1872839281,-0.031399999999999983
vanilla,scroll,classifier_gap,637029796,-0.0709999999999999
vanilla,scroll,classifier_gap,1357204345,-0.004300000000000026
vanilla,scroll,classifier_gap,1758462037,-0.03779999999999989
vanilla,scroll,classifier_gap,748737880,0.008900000000000019
vanilla,scroll,classifier_gap,1611510062,-0.047200000000000075
vanilla,scroll,classifier_gap,333205446,-0.01040000000000002
vanilla,scroll,classifier_gap,130501536,0.051800000000000124
vanilla,scroll,classifier_gap,492612040,-0.006500000000000117
vanilla,scroll,elapsed_seconds,2101606466,-5.446573360000912
vanilla,scroll,elapsed_seconds,1872839281,-5.31113518300117
vanilla,scroll,elapsed_seconds,637029796,-5.364074035000158
vanilla,scroll,elapsed_seconds,1357204345,-5.191496614999778
vanilla,scroll,elapsed_seconds,1758462037,-5.3186257900015335
vanilla,scroll,elapsed_seconds,748737880,-5.3196633250008745
vanilla,scroll,elapsed_seconds,1611510062,-5.2806929830003355
vanilla,scroll,elapsed_seconds,333205446,-5.134923017998517
vanilla,scroll,elapsed_seconds,130501536,-5.432909474999178
vanilla,scroll,elapsed_seconds,492612040,-5.36855130800177
vanilla,scroll,learner_examples_processed,2101606466,-160512.0
vanilla,scroll,learner_examples_processed,1872839281,-160512.0
vanilla,scroll,learner_examples_processed,637029796,-160512.0
vanilla,scroll,learner_examples_processed,1357204345,-160512.0
vanilla,scroll,learner_examples_processed,1758462037,-160512.0
vanilla,scroll,learner_examples_processed,748737880,-160512.0
vanilla,scroll,learner_examples_processed,1611510062,-160512.0
vanilla,scroll,learner_examples_processed,333205446,-160512.0
vanilla,scroll,learner_examples_processed,130501536,-160512.0
vanilla,scroll,learner_examples_processed,492612040,-160512.0
vanilla,scroll,total_model_examples_processed,2101606466,-120512.0
vanilla,scroll,total_model_examples_processed,1872839281,-120512.0
vanilla,scroll,total_model_examples_processed,637029796,-120512.0
vanilla,scroll,total_model_examples_processed,1357204345,-120512.0
vanilla,scroll,total_model_examples_processed,1758462037,-120512.0
vanilla,scroll,total_model_examples_processed,748737880,-120512.0
vanilla,scroll,total_model_examples_processed,1611510062,-120512.0
vanilla,scroll,total_model_examples_processed,333205446,-120512.0
vanilla,scroll,total_model_examples_processed,130501536,-120512.0
vanilla,scroll,total_model_examples_processed,492612040,-120512.0
vanilla,scroll,estimated_total_flops,2101606466,-4945033934971.0
vanilla,scroll,estimated_total_flops,1872839281,-4945033934971.0
vanilla,scroll,estimated_total_flops,637029796,-4945033934971.0
vanilla,scroll,estimated_total_flops,1357204345,-4945033934971.0
vanilla,scroll,estimated_total_flops,1758462037,-4945033934971.0
vanilla,scroll,estimated_total_flops,748737880,-4945033934971.0
vanilla,scroll,estimated_total_flops,1611510062,-4945033934971.0
vanilla,scroll,estimated_total_flops,333205446,-4945033934971.0
vanilla,scroll,estimated_total_flops,130501536,-4945033934971.0
vanilla,scroll,estimated_total_flops,492612040,-4945033934971.0
vanilla,scroll,estimated_overhead_flops,2101606466,5368792965.0
vanilla,scroll,estimated_overhead_flops,1872839281,5368792965.0
vanilla,scroll,estimated_overhead_flops,637029796,5368792965.0
vanilla,scroll,estimated_overhead_flops,1357204345,5368792965.0
vanilla,scroll,estimated_overhead_flops,1758462037,5368792965.0
vanilla,scroll,estimated_overhead_flops,748737880,5368792965.0
vanilla,scroll,estimated_overhead_flops,1611510062,5368792965.0
vanilla,scroll,estimated_overhead_flops,333205446,5368792965.0
vanilla,scroll,estimated_overhead_flops,130501536,5368792965.0
vanilla,scroll,estimated_overhead_flops,492612040,5368792965.0
vanilla,scroll,replay_memory_bytes,2101606466,2459200.0
vanilla,scroll,replay_memory_bytes,1872839281,2459200.0
vanilla,scroll,replay_memory_bytes,637029796,2459200.0
vanilla,scroll,replay_memory_bytes,1357204345,2459200.0
vanilla,scroll,replay_memory_bytes,1758462037,2459200.0
vanilla,scroll,replay_memory_bytes,748737880,2459200.0
vanilla,scroll,replay_memory_bytes,1611510062,2459200.0
vanilla,scroll,replay_memory_bytes,333205446,2459200.0
vanilla,scroll,replay_memory_bytes,130501536,2459200.0
vanilla,scroll,replay_memory_bytes,492612040,2459200.0
vanilla,scroll,stored_logits_bytes,2101606466,0.0
vanilla,scroll,stored_logits_bytes,1872839281,0.0
vanilla,scroll,stored_logits_bytes,637029796,0.0
vanilla,scroll,stored_logits_bytes,1357204345,0.0
vanilla,scroll,stored_logits_bytes,1758462037,0.0
vanilla,scroll,stored_logits_bytes,748737880,0.0
vanilla,scroll,stored_logits_bytes,1611510062,0.0
vanilla,scroll,stored_logits_bytes,333205446,0.0
vanilla,scroll,stored_logits_bytes,130501536,0.0
vanilla,scroll,stored_logits_bytes,492612040,0.0
vanilla,slowheat_scroll,final_average_accuracy,2101606466,0.22859999999999997
vanilla,slowheat_scroll,final_average_accuracy,1872839281,0.21230000000000007
vanilla,slowheat_scroll,final_average_accuracy,637029796,0.2019
vanilla,slowheat_scroll,final_average_accuracy,1357204345,0.2056
vanilla,slowheat_scroll,final_average_accuracy,1758462037,0.1723
vanilla,slowheat_scroll,final_average_accuracy,748737880,0.2169
vanilla,slowheat_scroll,final_average_accuracy,1611510062,0.15070000000000003
vanilla,slowheat_scroll,final_average_accuracy,333205446,0.19190000000000002
vanilla,slowheat_scroll,final_average_accuracy,130501536,0.15799999999999997
vanilla,slowheat_scroll,final_average_accuracy,492612040,0.2502999999999999
vanilla,slowheat_scroll,average_forgetting,2101606466,-0.689875
vanilla,slowheat_scroll,average_forgetting,1872839281,-0.613875
vanilla,slowheat_scroll,average_forgetting,637029796,-0.5878749999999999
vanilla,slowheat_scroll,average_forgetting,1357204345,-0.6752499999999999
vanilla,slowheat_scroll,average_forgetting,1758462037,-0.576875
vanilla,slowheat_scroll,average_forgetting,748737880,-0.55375
vanilla,slowheat_scroll,average_forgetting,1611510062,-0.62575
vanilla,slowheat_scroll,average_forgetting,333205446,-0.67975
vanilla,slowheat_scroll,average_forgetting,130501536,-0.6876249999999999
vanilla,slowheat_scroll,average_forgetting,492612040,-0.6529999999999999
vanilla,slowheat_scroll,backward_transfer,2101606466,0.7364999999999999
vanilla,slowheat_scroll,backward_transfer,1872839281,0.6291249999999999
vanilla,slowheat_scroll,backward_transfer,637029796,0.6251249999999999
vanilla,slowheat_scroll,backward_transfer,1357204345,0.710625
vanilla,slowheat_scroll,backward_transfer,1758462037,0.589125
vanilla,slowheat_scroll,backward_transfer,748737880,0.55375
vanilla,slowheat_scroll,backward_transfer,1611510062,0.6272500000000001
vanilla,slowheat_scroll,backward_transfer,333205446,0.7273749999999999
vanilla,slowheat_scroll,backward_transfer,130501536,0.6966249999999999
vanilla,slowheat_scroll,backward_transfer,492612040,0.7178749999999999
vanilla,slowheat_scroll,forward_transfer,2101606466,-0.078625
vanilla,slowheat_scroll,forward_transfer,1872839281,-0.062
vanilla,slowheat_scroll,forward_transfer,637029796,-0.044499999999999984
vanilla,slowheat_scroll,forward_transfer,1357204345,-0.000125000000000014
vanilla,slowheat_scroll,forward_transfer,1758462037,-0.07950000000000003
vanilla,slowheat_scroll,forward_transfer,748737880,-0.1015
vanilla,slowheat_scroll,forward_transfer,1611510062,-0.006125000000000019
vanilla,slowheat_scroll,forward_transfer,333205446,-0.11574999999999999
vanilla,slowheat_scroll,forward_transfer,130501536,0.0
vanilla,slowheat_scroll,forward_transfer,492612040,-0.089
vanilla,slowheat_scroll,task_aware_final_accuracy,2101606466,0.23980000000000024
vanilla,slowheat_scroll,task_aware_final_accuracy,1872839281,0.15849999999999986
vanilla,slowheat_scroll,task_aware_final_accuracy,637029796,0.0958
vanilla,slowheat_scroll,task_aware_final_accuracy,1357204345,0.17979999999999996
vanilla,slowheat_scroll,task_aware_final_accuracy,1758462037,0.11919999999999997
vanilla,slowheat_scroll,task_aware_final_accuracy,748737880,0.18069999999999997
vanilla,slowheat_scroll,task_aware_final_accuracy,1611510062,0.11649999999999983
vanilla,slowheat_scroll,task_aware_final_accuracy,333205446,0.1512000000000001
vanilla,slowheat_scroll,task_aware_final_accuracy,130501536,0.1966
vanilla,slowheat_scroll,task_aware_final_accuracy,492612040,0.2037
vanilla,slowheat_scroll,task_aware_forgetting,2101606466,-0.345
vanilla,slowheat_scroll,task_aware_forgetting,1872839281,-0.27075000000000005
vanilla,slowheat_scroll,task_aware_forgetting,637029796,-0.23312499999999997
vanilla,slowheat_scroll,task_aware_forgetting,1357204345,-0.26912500000000006
vanilla,slowheat_scroll,task_aware_forgetting,1758462037,-0.21112499999999998
vanilla,slowheat_scroll,task_aware_forgetting,748737880,-0.2762499999999999
vanilla,slowheat_scroll,task_aware_forgetting,1611510062,-0.23962499999999995
vanilla,slowheat_scroll,task_aware_forgetting,333205446,-0.25887499999999997
vanilla,slowheat_scroll,task_aware_forgetting,130501536,-0.28775000000000006
vanilla,slowheat_scroll,task_aware_forgetting,492612040,-0.3005
vanilla,slowheat_scroll,classifier_gap,2101606466,0.011200000000000265
vanilla,slowheat_scroll,classifier_gap,1872839281,-0.053800000000000237
vanilla,slowheat_scroll,classifier_gap,637029796,-0.10610000000000003
vanilla,slowheat_scroll,classifier_gap,1357204345,-0.025800000000000045
vanilla,slowheat_scroll,classifier_gap,1758462037,-0.053100000000000036
vanilla,slowheat_scroll,classifier_gap,748737880,-0.03620000000000001
vanilla,slowheat_scroll,classifier_gap,1611510062,-0.034200000000000175
vanilla,slowheat_scroll,classifier_gap,333205446,-0.0406999999999999
vanilla,slowheat_scroll,classifier_gap,130501536,0.03860000000000002
vanilla,slowheat_scroll,classifier_gap,492612040,-0.04659999999999992
vanilla,slowheat_scroll,elapsed_seconds,2101606466,-4.712549829999261
vanilla,slowheat_scroll,elapsed_seconds,1872839281,-4.580777582001247
vanilla,slowheat_scroll,elapsed_seconds,637029796,-4.661987838000641
vanilla,slowheat_scroll,elapsed_seconds,1357204345,-4.452880210999865
vanilla,slowheat_scroll,elapsed_seconds,1758462037,-4.5363866460011195
vanilla,slowheat_scroll,elapsed_seconds,748737880,-4.6025673460007965
vanilla,slowheat_scroll,elapsed_seconds,1611510062,-4.608448540000609
vanilla,slowheat_scroll,elapsed_seconds,333205446,-4.371118712997486
vanilla,slowheat_scroll,elapsed_seconds,130501536,-4.712265076999756
vanilla,slowheat_scroll,elapsed_seconds,492612040,-4.632796978999977
vanilla,slowheat_scroll,learner_examples_processed,2101606466,-160512.0
vanilla,slowheat_scroll,learner_examples_processed,1872839281,-160512.0
vanilla,slowheat_scroll,learner_examples_processed,637029796,-160512.0
vanilla,slowheat_scroll,learner_examples_processed,1357204345,-160512.0
vanilla,slowheat_scroll,learner_examples_processed,1758462037,-160512.0
vanilla,slowheat_scroll,learner_examples_processed,748737880,-160512.0
vanilla,slowheat_scroll,learner_examples_processed,1611510062,-160512.0
vanilla,slowheat_scroll,learner_examples_processed,333205446,-160512.0
vanilla,slowheat_scroll,learner_examples_processed,130501536,-160512.0
vanilla,slowheat_scroll,learner_examples_processed,492612040,-160512.0
vanilla,slowheat_scroll,total_model_examples_processed,2101606466,-120512.0
vanilla,slowheat_scroll,total_model_examples_processed,1872839281,-120512.0
vanilla,slowheat_scroll,total_model_examples_processed,637029796,-120512.0
vanilla,slowheat_scroll,total_model_examples_processed,1357204345,-120512.0
vanilla,slowheat_scroll,total_model_examples_processed,1758462037,-120512.0
vanilla,slowheat_scroll,total_model_examples_processed,748737880,-120512.0
vanilla,slowheat_scroll,total_model_examples_processed,1611510062,-120512.0
vanilla,slowheat_scroll,total_model_examples_processed,333205446,-120512.0
vanilla,slowheat_scroll,total_model_examples_processed,130501536,-120512.0
vanilla,slowheat_scroll,total_model_examples_processed,492612040,-120512.0
vanilla,slowheat_scroll,estimated_total_flops,2101606466,-4945012340891.0
vanilla,slowheat_scroll,estimated_total_flops,1872839281,-4945012340891.0
vanilla,slowheat_scroll,estimated_total_flops,637029796,-4945012340891.0
vanilla,slowheat_scroll,estimated_total_flops,1357204345,-4945012340891.0
vanilla,slowheat_scroll,estimated_total_flops,1758462037,-4945012340891.0
vanilla,slowheat_scroll,estimated_total_flops,748737880,-4945012340891.0
vanilla,slowheat_scroll,estimated_total_flops,1611510062,-4945012340891.0
vanilla,slowheat_scroll,estimated_total_flops,333205446,-4945012340891.0
vanilla,slowheat_scroll,estimated_total_flops,130501536,-4945012340891.0
vanilla,slowheat_scroll,estimated_total_flops,492612040,-4945012340891.0
vanilla,slowheat_scroll,estimated_overhead_flops,2101606466,5390387045.0
vanilla,slowheat_scroll,estimated_overhead_flops,1872839281,5390387045.0
vanilla,slowheat_scroll,estimated_overhead_flops,637029796,5390387045.0
vanilla,slowheat_scroll,estimated_overhead_flops,1357204345,5390387045.0
vanilla,slowheat_scroll,estimated_overhead_flops,1758462037,5390387045.0
vanilla,slowheat_scroll,estimated_overhead_flops,748737880,5390387045.0
vanilla,slowheat_scroll,estimated_overhead_flops,1611510062,5390387045.0
vanilla,slowheat_scroll,estimated_overhead_flops,333205446,5390387045.0
vanilla,slowheat_scroll,estimated_overhead_flops,130501536,5390387045.0
vanilla,slowheat_scroll,estimated_overhead_flops,492612040,5390387045.0
vanilla,slowheat_scroll,replay_memory_bytes,2101606466,2459200.0
vanilla,slowheat_scroll,replay_memory_bytes,1872839281,2459200.0
vanilla,slowheat_scroll,replay_memory_bytes,637029796,2459200.0
vanilla,slowheat_scroll,replay_memory_bytes,1357204345,2459200.0
vanilla,slowheat_scroll,replay_memory_bytes,1758462037,2459200.0
vanilla,slowheat_scroll,replay_memory_bytes,748737880,2459200.0
vanilla,slowheat_scroll,replay_memory_bytes,1611510062,2459200.0
vanilla,slowheat_scroll,replay_memory_bytes,333205446,2459200.0
vanilla,slowheat_scroll,replay_memory_bytes,130501536,2459200.0
vanilla,slowheat_scroll,replay_memory_bytes,492612040,2459200.0
vanilla,slowheat_scroll,stored_logits_bytes,2101606466,0.0
vanilla,slowheat_scroll,stored_logits_bytes,1872839281,0.0
vanilla,slowheat_scroll,stored_logits_bytes,637029796,0.0
vanilla,slowheat_scroll,stored_logits_bytes,1357204345,0.0
vanilla,slowheat_scroll,stored_logits_bytes,1758462037,0.0
vanilla,slowheat_scroll,stored_logits_bytes,748737880,0.0
vanilla,slowheat_scroll,stored_logits_bytes,1611510062,0.0
vanilla,slowheat_scroll,stored_logits_bytes,333205446,0.0
vanilla,slowheat_scroll,stored_logits_bytes,130501536,0.0
vanilla,slowheat_scroll,stored_logits_bytes,492612040,0.0
lpr,vanilla,final_average_accuracy,2101606466,-0.194
lpr,vanilla,final_average_accuracy,1872839281,-0.1969
lpr,vanilla,final_average_accuracy,637029796,-0.17289999999999997
lpr,vanilla,final_average_accuracy,1357204345,-0.18319999999999997
lpr,vanilla,final_average_accuracy,1758462037,-0.188
lpr,vanilla,final_average_accuracy,748737880,-0.18790000000000004
lpr,vanilla,final_average_accuracy,1611510062,-0.2078
lpr,vanilla,final_average_accuracy,333205446,-0.1859
lpr,vanilla,final_average_accuracy,130501536,-0.1865
lpr,vanilla,final_average_accuracy,492612040,-0.20039999999999997
lpr,vanilla,average_forgetting,2101606466,0.23362499999999997
lpr,vanilla,average_forgetting,1872839281,0.23412500000000014
lpr,vanilla,average_forgetting,637029796,0.22225000000000006
lpr,vanilla,average_forgetting,1357204345,0.213125
lpr,vanilla,average_forgetting,1758462037,0.22262499999999996
lpr,vanilla,average_forgetting,748737880,0.23424999999999996
lpr,vanilla,average_forgetting,1611510062,0.255375
lpr,vanilla,average_forgetting,333205446,0.23012500000000002
lpr,vanilla,average_forgetting,130501536,0.23024999999999995
lpr,vanilla,average_forgetting,492612040,0.2393749999999999
lpr,vanilla,backward_transfer,2101606466,-0.23362499999999997
lpr,vanilla,backward_transfer,1872839281,-0.23412500000000014
lpr,vanilla,backward_transfer,637029796,-0.22225000000000006
lpr,vanilla,backward_transfer,1357204345,-0.213125
lpr,vanilla,backward_transfer,1758462037,-0.22262499999999996
lpr,vanilla,backward_transfer,748737880,-0.23424999999999996
lpr,vanilla,backward_transfer,1611510062,-0.255375
lpr,vanilla,backward_transfer,333205446,-0.23012500000000002
lpr,vanilla,backward_transfer,130501536,-0.23024999999999995
lpr,vanilla,backward_transfer,492612040,-0.2393749999999999
lpr,vanilla,forward_transfer,2101606466,-0.06650000000000002
lpr,vanilla,forward_transfer,1872839281,-0.06424999999999999
lpr,vanilla,forward_transfer,637029796,-0.17575000000000002
lpr,vanilla,forward_transfer,1357204345,-0.087
lpr,vanilla,forward_transfer,1758462037,-0.1355
lpr,vanilla,forward_transfer,748737880,-0.16462499999999997
lpr,vanilla,forward_transfer,1611510062,-0.01387499999999997
lpr,vanilla,forward_transfer,333205446,-0.10325000000000001
lpr,vanilla,forward_transfer,130501536,-0.059625000000000004
lpr,vanilla,forward_transfer,492612040,-0.058875
lpr,vanilla,task_aware_final_accuracy,2101606466,-0.2904
lpr,vanilla,task_aware_final_accuracy,1872839281,-0.20939999999999992
lpr,vanilla,task_aware_final_accuracy,637029796,-0.1825000000000001
lpr,vanilla,task_aware_final_accuracy,1357204345,-0.2396999999999999
lpr,vanilla,task_aware_final_accuracy,1758462037,-0.19290000000000007
lpr,vanilla,task_aware_final_accuracy,748737880,-0.22619999999999996
lpr,vanilla,task_aware_final_accuracy,1611510062,-0.1773
lpr,vanilla,task_aware_final_accuracy,333205446,-0.24980000000000002
lpr,vanilla,task_aware_final_accuracy,130501536,-0.22260000000000013
lpr,vanilla,task_aware_final_accuracy,492612040,-0.24019999999999997
lpr,vanilla,task_aware_forgetting,2101606466,0.334375
lpr,vanilla,task_aware_forgetting,1872839281,0.23200000000000004
lpr,vanilla,task_aware_forgetting,637029796,0.219375
lpr,vanilla,task_aware_forgetting,1357204345,0.2658750000000001
lpr,vanilla,task_aware_forgetting,1758462037,0.20924999999999996
lpr,vanilla,task_aware_forgetting,748737880,0.26399999999999996
lpr,vanilla,task_aware_forgetting,1611510062,0.19974999999999996
lpr,vanilla,task_aware_forgetting,333205446,0.29000000000000004
lpr,vanilla,task_aware_forgetting,130501536,0.25625000000000003
lpr,vanilla,task_aware_forgetting,492612040,0.27237500000000003
lpr,vanilla,classifier_gap,2101606466,-0.09639999999999999
lpr,vanilla,classifier_gap,1872839281,-0.0124999999999999
lpr,vanilla,classifier_gap,637029796,-0.009600000000000108
lpr,vanilla,classifier_gap,1357204345,-0.05649999999999994
lpr,vanilla,classifier_gap,1758462037,-0.004900000000000071
lpr,vanilla,classifier_gap,748737880,-0.038299999999999945
lpr,vanilla,classifier_gap,1611510062,0.03049999999999997
lpr,vanilla,classifier_gap,333205446,-0.06390000000000001
lpr,vanilla,classifier_gap,130501536,-0.03610000000000013
lpr,vanilla,classifier_gap,492612040,-0.0398
lpr,vanilla,elapsed_seconds,2101606466,-3.162578575000225
lpr,vanilla,elapsed_seconds,1872839281,-3.240633223998884
lpr,vanilla,elapsed_seconds,637029796,-3.128116523999779
lpr,vanilla,elapsed_seconds,1357204345,-3.294870895000713
lpr,vanilla,elapsed_seconds,1758462037,-3.2628527300003043
lpr,vanilla,elapsed_seconds,748737880,-3.186604200000147
lpr,vanilla,elapsed_seconds,1611510062,-3.3166413140006625
lpr,vanilla,elapsed_seconds,333205446,-3.3089013440003328
lpr,vanilla,elapsed_seconds,130501536,-3.185544217001734
lpr,vanilla,elapsed_seconds,492612040,-3.2009115029977693
lpr,vanilla,learner_examples_processed,2101606466,-80640.0
lpr,vanilla,learner_examples_processed,1872839281,-80640.0
lpr,vanilla,learner_examples_processed,637029796,-80640.0
lpr,vanilla,learner_examples_processed,1357204345,-80640.0
lpr,vanilla,learner_examples_processed,1758462037,-80640.0
lpr,vanilla,learner_examples_processed,748737880,-80640.0
lpr,vanilla,learner_examples_processed,1611510062,-80640.0
lpr,vanilla,learner_examples_processed,333205446,-80640.0
lpr,vanilla,learner_examples_processed,130501536,-80640.0
lpr,vanilla,learner_examples_processed,492612040,-80640.0
lpr,vanilla,total_model_examples_processed,2101606466,-84920.0
lpr,vanilla,total_model_examples_processed,1872839281,-84920.0
lpr,vanilla,total_model_examples_processed,637029796,-84920.0
lpr,vanilla,total_model_examples_processed,1357204345,-84920.0
lpr,vanilla,total_model_examples_processed,1758462037,-84920.0
lpr,vanilla,total_model_examples_processed,748737880,-84920.0
lpr,vanilla,total_model_examples_processed,1611510062,-84920.0
lpr,vanilla,total_model_examples_processed,333205446,-84920.0
lpr,vanilla,total_model_examples_processed,130501536,-84920.0
lpr,vanilla,total_model_examples_processed,492612040,-84920.0
lpr,vanilla,estimated_total_flops,2101606466,-2777949456662.0
lpr,vanilla,estimated_total_flops,1872839281,-2777949456662.0
lpr,vanilla,estimated_total_flops,637029796,-2777949456662.0
lpr,vanilla,estimated_total_flops,1357204345,-2777949456662.0
lpr,vanilla,estimated_total_flops,1758462037,-2777949456662.0
lpr,vanilla,estimated_total_flops,748737880,-2777949456662.0
lpr,vanilla,estimated_total_flops,1611510062,-2777949456662.0
lpr,vanilla,estimated_total_flops,333205446,-2777949456662.0
lpr,vanilla,estimated_total_flops,130501536,-2777949456662.0
lpr,vanilla,estimated_total_flops,492612040,-2777949456662.0
lpr,vanilla,estimated_overhead_flops,2101606466,-17610205462.0
lpr,vanilla,estimated_overhead_flops,1872839281,-17610205462.0
lpr,vanilla,estimated_overhead_flops,637029796,-17610205462.0
lpr,vanilla,estimated_overhead_flops,1357204345,-17610205462.0
lpr,vanilla,estimated_overhead_flops,1758462037,-17610205462.0
lpr,vanilla,estimated_overhead_flops,748737880,-17610205462.0
lpr,vanilla,estimated_overhead_flops,1611510062,-17610205462.0
lpr,vanilla,estimated_overhead_flops,333205446,-17610205462.0
lpr,vanilla,estimated_overhead_flops,130501536,-17610205462.0
lpr,vanilla,estimated_overhead_flops,492612040,-17610205462.0
lpr,vanilla,replay_memory_bytes,2101606466,-2459200.0
lpr,vanilla,replay_memory_bytes,1872839281,-2459200.0
lpr,vanilla,replay_memory_bytes,637029796,-2459200.0
lpr,vanilla,replay_memory_bytes,1357204345,-2459200.0
lpr,vanilla,replay_memory_bytes,1758462037,-2459200.0
lpr,vanilla,replay_memory_bytes,748737880,-2459200.0
lpr,vanilla,replay_memory_bytes,1611510062,-2459200.0
lpr,vanilla,replay_memory_bytes,333205446,-2459200.0
lpr,vanilla,replay_memory_bytes,130501536,-2459200.0
lpr,vanilla,replay_memory_bytes,492612040,-2459200.0
lpr,vanilla,stored_logits_bytes,2101606466,0.0
lpr,vanilla,stored_logits_bytes,1872839281,0.0
lpr,vanilla,stored_logits_bytes,637029796,0.0
lpr,vanilla,stored_logits_bytes,1357204345,0.0
lpr,vanilla,stored_logits_bytes,1758462037,0.0
lpr,vanilla,stored_logits_bytes,748737880,0.0
lpr,vanilla,stored_logits_bytes,1611510062,0.0
lpr,vanilla,stored_logits_bytes,333205446,0.0
lpr,vanilla,stored_logits_bytes,130501536,0.0
lpr,vanilla,stored_logits_bytes,492612040,0.0
lpr,slowheat_none,final_average_accuracy,2101606466,-0.18960000000000002
lpr,slowheat_none,final_average_accuracy,1872839281,-0.1934
lpr,slowheat_none,final_average_accuracy,637029796,-0.1734
lpr,slowheat_none,final_average_accuracy,1357204345,-0.18369999999999997
lpr,slowheat_none,final_average_accuracy,1758462037,-0.18680000000000002
lpr,slowheat_none,final_average_accuracy,748737880,-0.19160000000000005
lpr,slowheat_none,final_average_accuracy,1611510062,-0.2078
lpr,slowheat_none,final_average_accuracy,333205446,-0.1893
lpr,slowheat_none,final_average_accuracy,130501536,-0.1845
lpr,slowheat_none,final_average_accuracy,492612040,-0.19929999999999998
lpr,slowheat_none,average_forgetting,2101606466,0.23350000000000004
lpr,slowheat_none,average_forgetting,1872839281,0.23475000000000013
lpr,slowheat_none,average_forgetting,637029796,0.22425000000000006
lpr,slowheat_none,average_forgetting,1357204345,0.2167500000000001
lpr,slowheat_none,average_forgetting,1758462037,0.22612500000000002
lpr,slowheat_none,average_forgetting,748737880,0.232375
lpr,slowheat_none,average_forgetting,1611510062,0.25587499999999996
lpr,slowheat_none,average_forgetting,333205446,0.22987500000000005
lpr,slowheat_none,average_forgetting,130501536,0.22924999999999995
lpr,slowheat_none,average_forgetting,492612040,0.2377499999999999
lpr,slowheat_none,backward_transfer,2101606466,-0.23350000000000004
lpr,slowheat_none,backward_transfer,1872839281,-0.23475000000000013
lpr,slowheat_none,backward_transfer,637029796,-0.22425000000000006
lpr,slowheat_none,backward_transfer,1357204345,-0.2167500000000001
lpr,slowheat_none,backward_transfer,1758462037,-0.22612500000000002
lpr,slowheat_none,backward_transfer,748737880,-0.232375
lpr,slowheat_none,backward_transfer,1611510062,-0.25587499999999996
lpr,slowheat_none,backward_transfer,333205446,-0.22987500000000005
lpr,slowheat_none,backward_transfer,130501536,-0.22924999999999995
lpr,slowheat_none,backward_transfer,492612040,-0.2377499999999999
lpr,slowheat_none,forward_transfer,2101606466,-0.06650000000000002
lpr,slowheat_none,forward_transfer,1872839281,-0.06374999999999999
lpr,slowheat_none,forward_transfer,637029796,-0.17775
lpr,slowheat_none,forward_transfer,1357204345,-0.087
lpr,slowheat_none,forward_transfer,1758462037,-0.134625
lpr,slowheat_none,forward_transfer,748737880,-0.163375
lpr,slowheat_none,forward_transfer,1611510062,-0.014124999999999971
lpr,slowheat_none,forward_transfer,333205446,-0.10312500000000001
lpr,slowheat_none,forward_transfer,130501536,-0.059625000000000004
lpr,slowheat_none,forward_transfer,492612040,-0.05875
lpr,slowheat_none,task_aware_final_accuracy,2101606466,-0.20719999999999983
lpr,slowheat_none,task_aware_final_accuracy,1872839281,-0.18630000000000002
lpr,slowheat_none,task_aware_final_accuracy,637029796,-0.21820000000000017
lpr,slowheat_none,task_aware_final_accuracy,1357204345,-0.17979999999999996
lpr,slowheat_none,task_aware_final_accuracy,1758462037,-0.2370000000000001
lpr,slowheat_none,task_aware_final_accuracy,748737880,-0.27790000000000004
lpr,slowheat_none,task_aware_final_accuracy,1611510062,-0.1743
lpr,slowheat_none,task_aware_final_accuracy,333205446,-0.21629999999999994
lpr,slowheat_none,task_aware_final_accuracy,130501536,-0.22160000000000002
lpr,slowheat_none,task_aware_final_accuracy,492612040,-0.1744000000000001
lpr,slowheat_none,task_aware_forgetting,2101606466,0.23575
lpr,slowheat_none,task_aware_forgetting,1872839281,0.208125
lpr,slowheat_none,task_aware_forgetting,637029796,0.26537499999999997
lpr,slowheat_none,task_aware_forgetting,1357204345,0.19400000000000003
lpr,slowheat_none,task_aware_forgetting,1758462037,0.26937500000000003
lpr,slowheat_none,task_aware_forgetting,748737880,0.322125
lpr,slowheat_none,task_aware_forgetting,1611510062,0.19649999999999998
lpr,slowheat_none,task_aware_forgetting,333205446,0.243625
lpr,slowheat_none,task_aware_forgetting,130501536,0.2565
lpr,slowheat_none,task_aware_forgetting,492612040,0.18987500000000004
lpr,slowheat_none,classifier_gap,2101606466,-0.017599999999999838
lpr,slowheat_none,classifier_gap,1872839281,0.00709999999999994
lpr,slowheat_none,classifier_gap,637029796,-0.04480000000000017
lpr,slowheat_none,classifier_gap,1357204345,0.0039000000000000146
lpr,slowheat_none,classifier_gap,1758462037,-0.05020000000000008
lpr,slowheat_none,classifier_gap,748737880,-0.08629999999999999
lpr,slowheat_none,classifier_gap,1611510062,0.033499999999999974
lpr,slowheat_none,classifier_gap,333205446,-0.026999999999999913
lpr,slowheat_none,classifier_gap,130501536,-0.03710000000000002
lpr,slowheat_none,classifier_gap,492612040,0.024899999999999867
lpr,slowheat_none,elapsed_seconds,2101606466,1.7894609539998783
lpr,slowheat_none,elapsed_seconds,1872839281,1.7328256149994559
lpr,slowheat_none,elapsed_seconds,637029796,1.7952216030007548
lpr,slowheat_none,elapsed_seconds,1357204345,1.7195825239996338
lpr,slowheat_none,elapsed_seconds,1758462037,1.6456473589987581
lpr,slowheat_none,elapsed_seconds,748737880,1.8281883199979347
lpr,slowheat_none,elapsed_seconds,1611510062,1.7252920289993199
lpr,slowheat_none,elapsed_seconds,333205446,1.8389097039998887
lpr,slowheat_none,elapsed_seconds,130501536,1.8308959050009435
lpr,slowheat_none,elapsed_seconds,492612040,1.8410025779994612
lpr,slowheat_none,learner_examples_processed,2101606466,-80640.0
lpr,slowheat_none,learner_examples_processed,1872839281,-80640.0
lpr,slowheat_none,learner_examples_processed,637029796,-80640.0
lpr,slowheat_none,learner_examples_processed,1357204345,-80640.0
lpr,slowheat_none,learner_examples_processed,1758462037,-80640.0
lpr,slowheat_none,learner_examples_processed,748737880,-80640.0
lpr,slowheat_none,learner_examples_processed,1611510062,-80640.0
lpr,slowheat_none,learner_examples_processed,333205446,-80640.0
lpr,slowheat_none,learner_examples_processed,130501536,-80640.0
lpr,slowheat_none,learner_examples_processed,492612040,-80640.0
lpr,slowheat_none,total_model_examples_processed,2101606466,-84920.0
lpr,slowheat_none,total_model_examples_processed,1872839281,-84920.0
lpr,slowheat_none,total_model_examples_processed,637029796,-84920.0
lpr,slowheat_none,total_model_examples_processed,1357204345,-84920.0
lpr,slowheat_none,total_model_examples_processed,1758462037,-84920.0
lpr,slowheat_none,total_model_examples_processed,748737880,-84920.0
lpr,slowheat_none,total_model_examples_processed,1611510062,-84920.0
lpr,slowheat_none,total_model_examples_processed,333205446,-84920.0
lpr,slowheat_none,total_model_examples_processed,130501536,-84920.0
lpr,slowheat_none,total_model_examples_processed,492612040,-84920.0
lpr,slowheat_none,estimated_total_flops,2101606466,-2777829388112.0
lpr,slowheat_none,estimated_total_flops,1872839281,-2777829388112.0
lpr,slowheat_none,estimated_total_flops,637029796,-2777829388112.0
lpr,slowheat_none,estimated_total_flops,1357204345,-2777829388112.0
lpr,slowheat_none,estimated_total_flops,1758462037,-2777829388112.0
lpr,slowheat_none,estimated_total_flops,748737880,-2777829388112.0
lpr,slowheat_none,estimated_total_flops,1611510062,-2777829388112.0
lpr,slowheat_none,estimated_total_flops,333205446,-2777829388112.0
lpr,slowheat_none,estimated_total_flops,130501536,-2777829388112.0
lpr,slowheat_none,estimated_total_flops,492612040,-2777829388112.0
lpr,slowheat_none,estimated_overhead_flops,2101606466,-17490136912.0
lpr,slowheat_none,estimated_overhead_flops,1872839281,-17490136912.0
lpr,slowheat_none,estimated_overhead_flops,637029796,-17490136912.0
lpr,slowheat_none,estimated_overhead_flops,1357204345,-17490136912.0
lpr,slowheat_none,estimated_overhead_flops,1758462037,-17490136912.0
lpr,slowheat_none,estimated_overhead_flops,748737880,-17490136912.0
lpr,slowheat_none,estimated_overhead_flops,1611510062,-17490136912.0
lpr,slowheat_none,estimated_overhead_flops,333205446,-17490136912.0
lpr,slowheat_none,estimated_overhead_flops,130501536,-17490136912.0
lpr,slowheat_none,estimated_overhead_flops,492612040,-17490136912.0
lpr,slowheat_none,replay_memory_bytes,2101606466,-2459200.0
lpr,slowheat_none,replay_memory_bytes,1872839281,-2459200.0
lpr,slowheat_none,replay_memory_bytes,637029796,-2459200.0
lpr,slowheat_none,replay_memory_bytes,1357204345,-2459200.0
lpr,slowheat_none,replay_memory_bytes,1758462037,-2459200.0
lpr,slowheat_none,replay_memory_bytes,748737880,-2459200.0
lpr,slowheat_none,replay_memory_bytes,1611510062,-2459200.0
lpr,slowheat_none,replay_memory_bytes,333205446,-2459200.0
lpr,slowheat_none,replay_memory_bytes,130501536,-2459200.0
lpr,slowheat_none,replay_memory_bytes,492612040,-2459200.0
lpr,slowheat_none,stored_logits_bytes,2101606466,0.0
lpr,slowheat_none,stored_logits_bytes,1872839281,0.0
lpr,slowheat_none,stored_logits_bytes,637029796,0.0
lpr,slowheat_none,stored_logits_bytes,1357204345,0.0
lpr,slowheat_none,stored_logits_bytes,1758462037,0.0
lpr,slowheat_none,stored_logits_bytes,748737880,0.0
lpr,slowheat_none,stored_logits_bytes,1611510062,0.0
lpr,slowheat_none,stored_logits_bytes,333205446,0.0
lpr,slowheat_none,stored_logits_bytes,130501536,0.0
lpr,slowheat_none,stored_logits_bytes,492612040,0.0
lpr,slowheat_unidirectional,final_average_accuracy,2101606466,-0.1953
lpr,slowheat_unidirectional,final_average_accuracy,1872839281,-0.2019
lpr,slowheat_unidirectional,final_average_accuracy,637029796,-0.18009999999999998
lpr,slowheat_unidirectional,final_average_accuracy,1357204345,-0.1853
lpr,slowheat_unidirectional,final_average_accuracy,1758462037,-0.19310000000000002
lpr,slowheat_unidirectional,final_average_accuracy,748737880,-0.19320000000000004
lpr,slowheat_unidirectional,final_average_accuracy,1611510062,-0.2154
lpr,slowheat_unidirectional,final_average_accuracy,333205446,-0.186
lpr,slowheat_unidirectional,final_average_accuracy,130501536,-0.1857
lpr,slowheat_unidirectional,final_average_accuracy,492612040,-0.20219999999999996
lpr,slowheat_unidirectional,average_forgetting,2101606466,0.21137499999999998
lpr,slowheat_unidirectional,average_forgetting,1872839281,0.20337500000000008
lpr,slowheat_unidirectional,average_forgetting,637029796,0.19500000000000006
lpr,slowheat_unidirectional,average_forgetting,1357204345,0.192125
lpr,slowheat_unidirectional,average_forgetting,1758462037,0.20950000000000002
lpr,slowheat_unidirectional,average_forgetting,748737880,0.20162500000000005
lpr,slowheat_unidirectional,average_forgetting,1611510062,0.24062499999999998
lpr,slowheat_unidirectional,average_forgetting,333205446,0.20399999999999996
lpr,slowheat_unidirectional,average_forgetting,130501536,0.20675
lpr,slowheat_unidirectional,average_forgetting,492612040,0.215125
lpr,slowheat_unidirectional,backward_transfer,2101606466,-0.21137499999999998
lpr,slowheat_unidirectional,backward_transfer,1872839281,-0.20337500000000008
lpr,slowheat_unidirectional,backward_transfer,637029796,-0.19500000000000006
lpr,slowheat_unidirectional,backward_transfer,1357204345,-0.192125
lpr,slowheat_unidirectional,backward_transfer,1758462037,-0.20950000000000002
lpr,slowheat_unidirectional,backward_transfer,748737880,-0.20162500000000005
lpr,slowheat_unidirectional,backward_transfer,1611510062,-0.24062499999999998
lpr,slowheat_unidirectional,backward_transfer,333205446,-0.20399999999999996
lpr,slowheat_unidirectional,backward_transfer,130501536,-0.20675
lpr,slowheat_unidirectional,backward_transfer,492612040,-0.215125
lpr,slowheat_unidirectional,forward_transfer,2101606466,-0.06700000000000002
lpr,slowheat_unidirectional,forward_transfer,1872839281,-0.06387499999999997
lpr,slowheat_unidirectional,forward_transfer,637029796,-0.17762499999999998
lpr,slowheat_unidirectional,forward_transfer,1357204345,-0.087
lpr,slowheat_unidirectional,forward_transfer,1758462037,-0.136125
lpr,slowheat_unidirectional,forward_transfer,748737880,-0.16325
lpr,slowheat_unidirectional,forward_transfer,1611510062,-0.013999999999999985
lpr,slowheat_unidirectional,forward_transfer,333205446,-0.10325000000000001
lpr,slowheat_unidirectional,forward_transfer,130501536,-0.059625000000000004
lpr,slowheat_unidirectional,forward_transfer,492612040,-0.05875
lpr,slowheat_unidirectional,task_aware_final_accuracy,2101606466,-0.2367999999999999
lpr,slowheat_unidirectional,task_aware_final_accuracy,1872839281,-0.26760000000000006
lpr,slowheat_unidirectional,task_aware_final_accuracy,637029796,-0.24630000000000007
lpr,slowheat_unidirectional,task_aware_final_accuracy,1357204345,-0.18659999999999988
lpr,slowheat_unidirectional,task_aware_final_accuracy,1758462037,-0.2229000000000001
lpr,slowheat_unidirectional,task_aware_final_accuracy,748737880,-0.24130000000000007
lpr,slowheat_unidirectional,task_aware_final_accuracy,1611510062,-0.26490000000000014
lpr,slowheat_unidirectional,task_aware_final_accuracy,333205446,-0.20130000000000003
lpr,slowheat_unidirectional,task_aware_final_accuracy,130501536,-0.15360000000000007
lpr,slowheat_unidirectional,task_aware_final_accuracy,492612040,-0.17680000000000007
lpr,slowheat_unidirectional,task_aware_forgetting,2101606466,0.24350000000000002
lpr,slowheat_unidirectional,task_aware_forgetting,1872839281,0.26775
lpr,slowheat_unidirectional,task_aware_forgetting,637029796,0.262875
lpr,slowheat_unidirectional,task_aware_forgetting,1357204345,0.17587499999999998
lpr,slowheat_unidirectional,task_aware_forgetting,1758462037,0.22724999999999998
lpr,slowheat_unidirectional,task_aware_forgetting,748737880,0.24362500000000004
lpr,slowheat_unidirectional,task_aware_forgetting,1611510062,0.28500000000000003
lpr,slowheat_unidirectional,task_aware_forgetting,333205446,0.20312500000000003
lpr,slowheat_unidirectional,task_aware_forgetting,130501536,0.14750000000000002
lpr,slowheat_unidirectional,task_aware_forgetting,492612040,0.16662500000000002
lpr,slowheat_unidirectional,classifier_gap,2101606466,-0.04149999999999987
lpr,slowheat_unidirectional,classifier_gap,1872839281,-0.06570000000000004
lpr,slowheat_unidirectional,classifier_gap,637029796,-0.06620000000000009
lpr,slowheat_unidirectional,classifier_gap,1357204345,-0.0012999999999999123
lpr,slowheat_unidirectional,classifier_gap,1758462037,-0.02980000000000005
lpr,slowheat_unidirectional,classifier_gap,748737880,-0.04810000000000003
lpr,slowheat_unidirectional,classifier_gap,1611510062,-0.0495000000000001
lpr,slowheat_unidirectional,classifier_gap,333205446,-0.015300000000000036
lpr,slowheat_unidirectional,classifier_gap,130501536,0.032099999999999906
lpr,slowheat_unidirectional,classifier_gap,492612040,0.025399999999999923
lpr,slowheat_unidirectional,elapsed_seconds,2101606466,1.2463521169993328
lpr,slowheat_unidirectional,elapsed_seconds,1872839281,1.4092600919993856
lpr,slowheat_unidirectional,elapsed_seconds,637029796,1.3382837690005545
lpr,slowheat_unidirectional,elapsed_seconds,1357204345,1.4747965909991763
lpr,slowheat_unidirectional,elapsed_seconds,1758462037,1.2273095139989891
lpr,slowheat_unidirectional,elapsed_seconds,748737880,1.3843800739996368
lpr,slowheat_unidirectional,elapsed_seconds,1611510062,1.1546196279978176
lpr,slowheat_unidirectional,elapsed_seconds,333205446,1.2017665650000708
lpr,slowheat_unidirectional,elapsed_seconds,130501536,1.3597971339986543
lpr,slowheat_unidirectional,elapsed_seconds,492612040,1.457926546001545
lpr,slowheat_unidirectional,learner_examples_processed,2101606466,-80640.0
lpr,slowheat_unidirectional,learner_examples_processed,1872839281,-80640.0
lpr,slowheat_unidirectional,learner_examples_processed,637029796,-80640.0
lpr,slowheat_unidirectional,learner_examples_processed,1357204345,-80640.0
lpr,slowheat_unidirectional,learner_examples_processed,1758462037,-80640.0
lpr,slowheat_unidirectional,learner_examples_processed,748737880,-80640.0
lpr,slowheat_unidirectional,learner_examples_processed,1611510062,-80640.0
lpr,slowheat_unidirectional,learner_examples_processed,333205446,-80640.0
lpr,slowheat_unidirectional,learner_examples_processed,130501536,-80640.0
lpr,slowheat_unidirectional,learner_examples_processed,492612040,-80640.0
lpr,slowheat_unidirectional,total_model_examples_processed,2101606466,-84920.0
lpr,slowheat_unidirectional,total_model_examples_processed,1872839281,-84920.0
lpr,slowheat_unidirectional,total_model_examples_processed,637029796,-84920.0
lpr,slowheat_unidirectional,total_model_examples_processed,1357204345,-84920.0
lpr,slowheat_unidirectional,total_model_examples_processed,1758462037,-84920.0
lpr,slowheat_unidirectional,total_model_examples_processed,748737880,-84920.0
lpr,slowheat_unidirectional,total_model_examples_processed,1611510062,-84920.0
lpr,slowheat_unidirectional,total_model_examples_processed,333205446,-84920.0
lpr,slowheat_unidirectional,total_model_examples_processed,130501536,-84920.0
lpr,slowheat_unidirectional,total_model_examples_processed,492612040,-84920.0
lpr,slowheat_unidirectional,estimated_total_flops,2101606466,-2777829385192.0
lpr,slowheat_unidirectional,estimated_total_flops,1872839281,-2777829385192.0
lpr,slowheat_unidirectional,estimated_total_flops,637029796,-2777829385192.0
lpr,slowheat_unidirectional,estimated_total_flops,1357204345,-2777829385192.0
lpr,slowheat_unidirectional,estimated_total_flops,1758462037,-2777829385192.0
lpr,slowheat_unidirectional,estimated_total_flops,748737880,-2777829385192.0
lpr,slowheat_unidirectional,estimated_total_flops,1611510062,-2777829385192.0
lpr,slowheat_unidirectional,estimated_total_flops,333205446,-2777829385192.0
lpr,slowheat_unidirectional,estimated_total_flops,130501536,-2777829385192.0
lpr,slowheat_unidirectional,estimated_total_flops,492612040,-2777829385192.0
lpr,slowheat_unidirectional,estimated_overhead_flops,2101606466,-17490133992.0
lpr,slowheat_unidirectional,estimated_overhead_flops,1872839281,-17490133992.0
lpr,slowheat_unidirectional,estimated_overhead_flops,637029796,-17490133992.0
lpr,slowheat_unidirectional,estimated_overhead_flops,1357204345,-17490133992.0
lpr,slowheat_unidirectional,estimated_overhead_flops,1758462037,-17490133992.0
lpr,slowheat_unidirectional,estimated_overhead_flops,748737880,-17490133992.0
lpr,slowheat_unidirectional,estimated_overhead_flops,1611510062,-17490133992.0
lpr,slowheat_unidirectional,estimated_overhead_flops,333205446,-17490133992.0
lpr,slowheat_unidirectional,estimated_overhead_flops,130501536,-17490133992.0
lpr,slowheat_unidirectional,estimated_overhead_flops,492612040,-17490133992.0
lpr,slowheat_unidirectional,replay_memory_bytes,2101606466,-2459200.0
lpr,slowheat_unidirectional,replay_memory_bytes,1872839281,-2459200.0
lpr,slowheat_unidirectional,replay_memory_bytes,637029796,-2459200.0
lpr,slowheat_unidirectional,replay_memory_bytes,1357204345,-2459200.0
lpr,slowheat_unidirectional,replay_memory_bytes,1758462037,-2459200.0
lpr,slowheat_unidirectional,replay_memory_bytes,748737880,-2459200.0
lpr,slowheat_unidirectional,replay_memory_bytes,1611510062,-2459200.0
lpr,slowheat_unidirectional,replay_memory_bytes,333205446,-2459200.0
lpr,slowheat_unidirectional,replay_memory_bytes,130501536,-2459200.0
lpr,slowheat_unidirectional,replay_memory_bytes,492612040,-2459200.0
lpr,slowheat_unidirectional,stored_logits_bytes,2101606466,0.0
lpr,slowheat_unidirectional,stored_logits_bytes,1872839281,0.0
lpr,slowheat_unidirectional,stored_logits_bytes,637029796,0.0
lpr,slowheat_unidirectional,stored_logits_bytes,1357204345,0.0
lpr,slowheat_unidirectional,stored_logits_bytes,1758462037,0.0
lpr,slowheat_unidirectional,stored_logits_bytes,748737880,0.0
lpr,slowheat_unidirectional,stored_logits_bytes,1611510062,0.0
lpr,slowheat_unidirectional,stored_logits_bytes,333205446,0.0
lpr,slowheat_unidirectional,stored_logits_bytes,130501536,0.0
lpr,slowheat_unidirectional,stored_logits_bytes,492612040,0.0
lpr,slowheat,final_average_accuracy,2101606466,-0.2083
lpr,slowheat,final_average_accuracy,1872839281,-0.20629999999999998
lpr,slowheat,final_average_accuracy,637029796,-0.19479999999999997
lpr,slowheat,final_average_accuracy,1357204345,-0.2006
lpr,slowheat,final_average_accuracy,1758462037,-0.20390000000000003
lpr,slowheat,final_average_accuracy,748737880,-0.19940000000000002
lpr,slowheat,final_average_accuracy,1611510062,-0.23720000000000002
lpr,slowheat,final_average_accuracy,333205446,-0.227
lpr,slowheat,final_average_accuracy,130501536,-0.20870000000000002
lpr,slowheat,final_average_accuracy,492612040,-0.21999999999999997
lpr,slowheat,average_forgetting,2101606466,0.1678750000000001
lpr,slowheat,average_forgetting,1872839281,0.18050000000000022
lpr,slowheat,average_forgetting,637029796,0.14550000000000007
lpr,slowheat,average_forgetting,1357204345,0.16175000000000006
lpr,slowheat,average_forgetting,1758462037,0.17962500000000003
lpr,slowheat,average_forgetting,748737880,0.181875
lpr,slowheat,average_forgetting,1611510062,0.20024999999999993
lpr,slowheat,average_forgetting,333205446,0.18299999999999994
lpr,slowheat,average_forgetting,130501536,0.1656249999999999
lpr,slowheat,average_forgetting,492612040,0.17737499999999995
lpr,slowheat,backward_transfer,2101606466,-0.1678750000000001
lpr,slowheat,backward_transfer,1872839281,-0.18050000000000022
lpr,slowheat,backward_transfer,637029796,-0.14550000000000007
lpr,slowheat,backward_transfer,1357204345,-0.16175000000000006
lpr,slowheat,backward_transfer,1758462037,-0.17962500000000003
lpr,slowheat,backward_transfer,748737880,-0.181875
lpr,slowheat,backward_transfer,1611510062,-0.20024999999999993
lpr,slowheat,backward_transfer,333205446,-0.18299999999999994
lpr,slowheat,backward_transfer,130501536,-0.1656249999999999
lpr,slowheat,backward_transfer,492612040,-0.17737499999999995
lpr,slowheat,forward_transfer,2101606466,-0.06700000000000002
lpr,slowheat,forward_transfer,1872839281,-0.06524999999999999
lpr,slowheat,forward_transfer,637029796,-0.179875
lpr,slowheat,forward_transfer,1357204345,-0.087
lpr,slowheat,forward_transfer,1758462037,-0.13487500000000002
lpr,slowheat,forward_transfer,748737880,-0.16312500000000002
lpr,slowheat,forward_transfer,1611510062,-0.014124999999999971
lpr,slowheat,forward_transfer,333205446,-0.10325000000000001
lpr,slowheat,forward_transfer,130501536,-0.059625000000000004
lpr,slowheat,forward_transfer,492612040,-0.059
lpr,slowheat,task_aware_final_accuracy,2101606466,-0.2752999999999999
lpr,slowheat,task_aware_final_accuracy,1872839281,-0.24160000000000004
lpr,slowheat,task_aware_final_accuracy,637029796,-0.26170000000000015
lpr,slowheat,task_aware_final_accuracy,1357204345,-0.26080000000000003
lpr,slowheat,task_aware_final_accuracy,1758462037,-0.2634000000000001
lpr,slowheat,task_aware_final_accuracy,748737880,-0.2521000000000001
lpr,slowheat,task_aware_final_accuracy,1611510062,-0.281
lpr,slowheat,task_aware_final_accuracy,333205446,-0.2875000000000001
lpr,slowheat,task_aware_final_accuracy,130501536,-0.23080000000000023
lpr,slowheat,task_aware_final_accuracy,492612040,-0.2873000000000001
lpr,slowheat,task_aware_forgetting,2101606466,0.23187500000000003
lpr,slowheat,task_aware_forgetting,1872839281,0.20687500000000003
lpr,slowheat,task_aware_forgetting,637029796,0.21425
lpr,slowheat,task_aware_forgetting,1357204345,0.21912500000000004
lpr,slowheat,task_aware_forgetting,1758462037,0.23450000000000001
lpr,slowheat,task_aware_forgetting,748737880,0.22962499999999997
lpr,slowheat,task_aware_forgetting,1611510062,0.23750000000000002
lpr,slowheat,task_aware_forgetting,333205446,0.238625
lpr,slowheat,task_aware_forgetting,130501536,0.17412500000000003
lpr,slowheat,task_aware_forgetting,492612040,0.24475000000000005
lpr,slowheat,classifier_gap,2101606466,-0.06699999999999984
lpr,slowheat,classifier_gap,1872839281,-0.035300000000000054
lpr,slowheat,classifier_gap,637029796,-0.06690000000000018
lpr,slowheat,classifier_gap,1357204345,-0.06020000000000003
lpr,slowheat,classifier_gap,1758462037,-0.05950000000000005
lpr,slowheat,classifier_gap,748737880,-0.05270000000000008
lpr,slowheat,classifier_gap,1611510062,-0.043800000000000006
lpr,slowheat,classifier_gap,333205446,-0.06050000000000011
lpr,slowheat,classifier_gap,130501536,-0.02210000000000023
lpr,slowheat,classifier_gap,492612040,-0.06730000000000014
lpr,slowheat,elapsed_seconds,2101606466,1.7091424980008014
lpr,slowheat,elapsed_seconds,1872839281,1.8736890830004995
lpr,slowheat,elapsed_seconds,637029796,1.8897722149995388
lpr,slowheat,elapsed_seconds,1357204345,1.855069437999191
lpr,slowheat,elapsed_seconds,1758462037,1.7985094639989256
lpr,slowheat,elapsed_seconds,748737880,1.8859429759995692
lpr,slowheat,elapsed_seconds,1611510062,1.855215910998595
lpr,slowheat,elapsed_seconds,333205446,1.8901240680006595
lpr,slowheat,elapsed_seconds,130501536,1.7762759030010784
lpr,slowheat,elapsed_seconds,492612040,1.867362941000465
lpr,slowheat,learner_examples_processed,2101606466,-80640.0
lpr,slowheat,learner_examples_processed,1872839281,-80640.0
lpr,slowheat,learner_examples_processed,637029796,-80640.0
lpr,slowheat,learner_examples_processed,1357204345,-80640.0
lpr,slowheat,learner_examples_processed,1758462037,-80640.0
lpr,slowheat,learner_examples_processed,748737880,-80640.0
lpr,slowheat,learner_examples_processed,1611510062,-80640.0
lpr,slowheat,learner_examples_processed,333205446,-80640.0
lpr,slowheat,learner_examples_processed,130501536,-80640.0
lpr,slowheat,learner_examples_processed,492612040,-80640.0
lpr,slowheat,total_model_examples_processed,2101606466,-84920.0
lpr,slowheat,total_model_examples_processed,1872839281,-84920.0
lpr,slowheat,total_model_examples_processed,637029796,-84920.0
lpr,slowheat,total_model_examples_processed,1357204345,-84920.0
lpr,slowheat,total_model_examples_processed,1758462037,-84920.0
lpr,slowheat,total_model_examples_processed,748737880,-84920.0
lpr,slowheat,total_model_examples_processed,1611510062,-84920.0
lpr,slowheat,total_model_examples_processed,333205446,-84920.0
lpr,slowheat,total_model_examples_processed,130501536,-84920.0
lpr,slowheat,total_model_examples_processed,492612040,-84920.0
lpr,slowheat,estimated_total_flops,2101606466,-2777829385192.0
lpr,slowheat,estimated_total_flops,1872839281,-2777829385192.0
lpr,slowheat,estimated_total_flops,637029796,-2777829385192.0
lpr,slowheat,estimated_total_flops,1357204345,-2777829385192.0
lpr,slowheat,estimated_total_flops,1758462037,-2777829385192.0
lpr,slowheat,estimated_total_flops,748737880,-2777829385192.0
lpr,slowheat,estimated_total_flops,1611510062,-2777829385192.0
lpr,slowheat,estimated_total_flops,333205446,-2777829385192.0
lpr,slowheat,estimated_total_flops,130501536,-2777829385192.0
lpr,slowheat,estimated_total_flops,492612040,-2777829385192.0
lpr,slowheat,estimated_overhead_flops,2101606466,-17490133992.0
lpr,slowheat,estimated_overhead_flops,1872839281,-17490133992.0
lpr,slowheat,estimated_overhead_flops,637029796,-17490133992.0
lpr,slowheat,estimated_overhead_flops,1357204345,-17490133992.0
lpr,slowheat,estimated_overhead_flops,1758462037,-17490133992.0
lpr,slowheat,estimated_overhead_flops,748737880,-17490133992.0
lpr,slowheat,estimated_overhead_flops,1611510062,-17490133992.0
lpr,slowheat,estimated_overhead_flops,333205446,-17490133992.0
lpr,slowheat,estimated_overhead_flops,130501536,-17490133992.0
lpr,slowheat,estimated_overhead_flops,492612040,-17490133992.0
lpr,slowheat,replay_memory_bytes,2101606466,-2459200.0
lpr,slowheat,replay_memory_bytes,1872839281,-2459200.0
lpr,slowheat,replay_memory_bytes,637029796,-2459200.0
lpr,slowheat,replay_memory_bytes,1357204345,-2459200.0
lpr,slowheat,replay_memory_bytes,1758462037,-2459200.0
lpr,slowheat,replay_memory_bytes,748737880,-2459200.0
lpr,slowheat,replay_memory_bytes,1611510062,-2459200.0
lpr,slowheat,replay_memory_bytes,333205446,-2459200.0
lpr,slowheat,replay_memory_bytes,130501536,-2459200.0
lpr,slowheat,replay_memory_bytes,492612040,-2459200.0
lpr,slowheat,stored_logits_bytes,2101606466,0.0
lpr,slowheat,stored_logits_bytes,1872839281,0.0
lpr,slowheat,stored_logits_bytes,637029796,0.0
lpr,slowheat,stored_logits_bytes,1357204345,0.0
lpr,slowheat,stored_logits_bytes,1758462037,0.0
lpr,slowheat,stored_logits_bytes,748737880,0.0
lpr,slowheat,stored_logits_bytes,1611510062,0.0
lpr,slowheat,stored_logits_bytes,333205446,0.0
lpr,slowheat,stored_logits_bytes,130501536,0.0
lpr,slowheat,stored_logits_bytes,492612040,0.0
lpr,hard_freeze,final_average_accuracy,2101606466,-0.2131
lpr,hard_freeze,final_average_accuracy,1872839281,-0.21289999999999998
lpr,hard_freeze,final_average_accuracy,637029796,-0.19479999999999997
lpr,hard_freeze,final_average_accuracy,1357204345,-0.21109999999999998
lpr,hard_freeze,final_average_accuracy,1758462037,-0.21450000000000002
lpr,hard_freeze,final_average_accuracy,748737880,-0.21380000000000005
lpr,hard_freeze,final_average_accuracy,1611510062,-0.231
lpr,hard_freeze,final_average_accuracy,333205446,-0.2205
lpr,hard_freeze,final_average_accuracy,130501536,-0.18850000000000003
lpr,hard_freeze,final_average_accuracy,492612040,-0.22309999999999997
lpr,hard_freeze,average_forgetting,2101606466,0.17362499999999992
lpr,hard_freeze,average_forgetting,1872839281,0.17600000000000016
lpr,hard_freeze,average_forgetting,637029796,0.1468750000000001
lpr,hard_freeze,average_forgetting,1357204345,0.14812500000000006
lpr,hard_freeze,average_forgetting,1758462037,0.16425
lpr,hard_freeze,average_forgetting,748737880,0.17274999999999996
lpr,hard_freeze,average_forgetting,1611510062,0.19237500000000007
lpr,hard_freeze,average_forgetting,333205446,0.16674999999999995
lpr,hard_freeze,average_forgetting,130501536,0.10687499999999994
lpr,hard_freeze,average_forgetting,492612040,0.1755
lpr,hard_freeze,backward_transfer,2101606466,-0.17362499999999992
lpr,hard_freeze,backward_transfer,1872839281,-0.17600000000000016
lpr,hard_freeze,backward_transfer,637029796,-0.1468750000000001
lpr,hard_freeze,backward_transfer,1357204345,-0.14812500000000006
lpr,hard_freeze,backward_transfer,1758462037,-0.16425
lpr,hard_freeze,backward_transfer,748737880,-0.17274999999999996
lpr,hard_freeze,backward_transfer,1611510062,-0.19237500000000007
lpr,hard_freeze,backward_transfer,333205446,-0.16674999999999995
lpr,hard_freeze,backward_transfer,130501536,-0.10687499999999994
lpr,hard_freeze,backward_transfer,492612040,-0.1755
lpr,hard_freeze,forward_transfer,2101606466,-0.066125
lpr,hard_freeze,forward_transfer,1872839281,-0.06387499999999997
lpr,hard_freeze,forward_transfer,637029796,-0.182875
lpr,hard_freeze,forward_transfer,1357204345,-0.087
lpr,hard_freeze,forward_transfer,1758462037,-0.135125
lpr,hard_freeze,forward_transfer,748737880,-0.16325
lpr,hard_freeze,forward_transfer,1611510062,-0.014249999999999957
lpr,hard_freeze,forward_transfer,333205446,-0.10325000000000001
lpr,hard_freeze,forward_transfer,130501536,-0.059625000000000004
lpr,hard_freeze,forward_transfer,492612040,-0.058249999999999996
lpr,hard_freeze,task_aware_final_accuracy,2101606466,-0.24399999999999977
lpr,hard_freeze,task_aware_final_accuracy,1872839281,-0.2561
lpr,hard_freeze,task_aware_final_accuracy,637029796,-0.24580000000000002
lpr,hard_freeze,task_aware_final_accuracy,1357204345,-0.24129999999999996
lpr,hard_freeze,task_aware_final_accuracy,1758462037,-0.2491000000000001
lpr,hard_freeze,task_aware_final_accuracy,748737880,-0.2398
lpr,hard_freeze,task_aware_final_accuracy,1611510062,-0.27259999999999995
lpr,hard_freeze,task_aware_final_accuracy,333205446,-0.28200000000000003
lpr,hard_freeze,task_aware_final_accuracy,130501536,-0.2599
lpr,hard_freeze,task_aware_final_accuracy,492612040,-0.26370000000000016
lpr,hard_freeze,task_aware_forgetting,2101606466,0.1925
lpr,hard_freeze,task_aware_forgetting,1872839281,0.21225
lpr,hard_freeze,task_aware_forgetting,637029796,0.19575000000000004
lpr,hard_freeze,task_aware_forgetting,1357204345,0.17087500000000003
lpr,hard_freeze,task_aware_forgetting,1758462037,0.18799999999999997
lpr,hard_freeze,task_aware_forgetting,748737880,0.187125
lpr,hard_freeze,task_aware_forgetting,1611510062,0.22712500000000005
lpr,hard_freeze,task_aware_forgetting,333205446,0.223625
lpr,hard_freeze,task_aware_forgetting,130501536,0.18075000000000002
lpr,hard_freeze,task_aware_forgetting,492612040,0.20962500000000003
lpr,hard_freeze,classifier_gap,2101606466,-0.03089999999999976
lpr,hard_freeze,classifier_gap,1872839281,-0.043200000000000016
lpr,hard_freeze,classifier_gap,637029796,-0.051000000000000045
lpr,hard_freeze,classifier_gap,1357204345,-0.03019999999999995
lpr,hard_freeze,classifier_gap,1758462037,-0.034600000000000075
lpr,hard_freeze,classifier_gap,748737880,-0.025999999999999968
lpr,hard_freeze,classifier_gap,1611510062,-0.04159999999999997
lpr,hard_freeze,classifier_gap,333205446,-0.0615
lpr,hard_freeze,classifier_gap,130501536,-0.07140000000000002
lpr,hard_freeze,classifier_gap,492612040,-0.04060000000000019
lpr,hard_freeze,elapsed_seconds,2101606466,1.4855438330014294
lpr,hard_freeze,elapsed_seconds,1872839281,1.7655209380009182
lpr,hard_freeze,elapsed_seconds,637029796,1.6605201530001068
lpr,hard_freeze,elapsed_seconds,1357204345,1.7331055300001026
lpr,hard_freeze,elapsed_seconds,1758462037,1.6841748629976792
lpr,hard_freeze,elapsed_seconds,748737880,1.7614034639991587
lpr,hard_freeze,elapsed_seconds,1611510062,1.6731009939994692
lpr,hard_freeze,elapsed_seconds,333205446,1.6957004830019287
lpr,hard_freeze,elapsed_seconds,130501536,1.7184389069989265
lpr,hard_freeze,elapsed_seconds,492612040,1.7213475370008382
lpr,hard_freeze,learner_examples_processed,2101606466,-80640.0
lpr,hard_freeze,learner_examples_processed,1872839281,-80640.0
lpr,hard_freeze,learner_examples_processed,637029796,-80640.0
lpr,hard_freeze,learner_examples_processed,1357204345,-80640.0
lpr,hard_freeze,learner_examples_processed,1758462037,-80640.0
lpr,hard_freeze,learner_examples_processed,748737880,-80640.0
lpr,hard_freeze,learner_examples_processed,1611510062,-80640.0
lpr,hard_freeze,learner_examples_processed,333205446,-80640.0
lpr,hard_freeze,learner_examples_processed,130501536,-80640.0
lpr,hard_freeze,learner_examples_processed,492612040,-80640.0
lpr,hard_freeze,total_model_examples_processed,2101606466,-84920.0
lpr,hard_freeze,total_model_examples_processed,1872839281,-84920.0
lpr,hard_freeze,total_model_examples_processed,637029796,-84920.0
lpr,hard_freeze,total_model_examples_processed,1357204345,-84920.0
lpr,hard_freeze,total_model_examples_processed,1758462037,-84920.0
lpr,hard_freeze,total_model_examples_processed,748737880,-84920.0
lpr,hard_freeze,total_model_examples_processed,1611510062,-84920.0
lpr,hard_freeze,total_model_examples_processed,333205446,-84920.0
lpr,hard_freeze,total_model_examples_processed,130501536,-84920.0
lpr,hard_freeze,total_model_examples_processed,492612040,-84920.0
lpr,hard_freeze,estimated_total_flops,2101606466,-2777829385192.0
lpr,hard_freeze,estimated_total_flops,1872839281,-2777829385192.0
lpr,hard_freeze,estimated_total_flops,637029796,-2777829385192.0
lpr,hard_freeze,estimated_total_flops,1357204345,-2777829385192.0
lpr,hard_freeze,estimated_total_flops,1758462037,-2777829385192.0
lpr,hard_freeze,estimated_total_flops,748737880,-2777829385192.0
lpr,hard_freeze,estimated_total_flops,1611510062,-2777829385192.0
lpr,hard_freeze,estimated_total_flops,333205446,-2777829385192.0
lpr,hard_freeze,estimated_total_flops,130501536,-2777829385192.0
lpr,hard_freeze,estimated_total_flops,492612040,-2777829385192.0
lpr,hard_freeze,estimated_overhead_flops,2101606466,-17490133992.0
lpr,hard_freeze,estimated_overhead_flops,1872839281,-17490133992.0
lpr,hard_freeze,estimated_overhead_flops,637029796,-17490133992.0
lpr,hard_freeze,estimated_overhead_flops,1357204345,-17490133992.0
lpr,hard_freeze,estimated_overhead_flops,1758462037,-17490133992.0
lpr,hard_freeze,estimated_overhead_flops,748737880,-17490133992.0
lpr,hard_freeze,estimated_overhead_flops,1611510062,-17490133992.0
lpr,hard_freeze,estimated_overhead_flops,333205446,-17490133992.0
lpr,hard_freeze,estimated_overhead_flops,130501536,-17490133992.0
lpr,hard_freeze,estimated_overhead_flops,492612040,-17490133992.0
lpr,hard_freeze,replay_memory_bytes,2101606466,-2459200.0
lpr,hard_freeze,replay_memory_bytes,1872839281,-2459200.0
lpr,hard_freeze,replay_memory_bytes,637029796,-2459200.0
lpr,hard_freeze,replay_memory_bytes,1357204345,-2459200.0
lpr,hard_freeze,replay_memory_bytes,1758462037,-2459200.0
lpr,hard_freeze,replay_memory_bytes,748737880,-2459200.0
lpr,hard_freeze,replay_memory_bytes,1611510062,-2459200.0
lpr,hard_freeze,replay_memory_bytes,333205446,-2459200.0
lpr,hard_freeze,replay_memory_bytes,130501536,-2459200.0
lpr,hard_freeze,replay_memory_bytes,492612040,-2459200.0
lpr,hard_freeze,stored_logits_bytes,2101606466,0.0
lpr,hard_freeze,stored_logits_bytes,1872839281,0.0
lpr,hard_freeze,stored_logits_bytes,637029796,0.0
lpr,hard_freeze,stored_logits_bytes,1357204345,0.0
lpr,hard_freeze,stored_logits_bytes,1758462037,0.0
lpr,hard_freeze,stored_logits_bytes,748737880,0.0
lpr,hard_freeze,stored_logits_bytes,1611510062,0.0
lpr,hard_freeze,stored_logits_bytes,333205446,0.0
lpr,hard_freeze,stored_logits_bytes,130501536,0.0
lpr,hard_freeze,stored_logits_bytes,492612040,0.0
lpr,slowheat_lpr,final_average_accuracy,2101606466,0.0022999999999999687
lpr,slowheat_lpr,final_average_accuracy,1872839281,0.006300000000000028
lpr,slowheat_lpr,final_average_accuracy,637029796,0.00830000000000003
lpr,slowheat_lpr,final_average_accuracy,1357204345,0.0031999999999999806
lpr,slowheat_lpr,final_average_accuracy,1758462037,0.00759999999999994
lpr,slowheat_lpr,final_average_accuracy,748737880,0.02009999999999995
lpr,slowheat_lpr,final_average_accuracy,1611510062,0.005099999999999993
lpr,slowheat_lpr,final_average_accuracy,333205446,0.0048000000000000265
lpr,slowheat_lpr,final_average_accuracy,130501536,0.011399999999999966
lpr,slowheat_lpr,final_average_accuracy,492612040,0.025500000000000078
lpr,slowheat_lpr,average_forgetting,2101606466,-0.053875000000000006
lpr,slowheat_lpr,average_forgetting,1872839281,-0.04349999999999998
lpr,slowheat_lpr,average_forgetting,637029796,-0.0412499999999999
lpr,slowheat_lpr,average_forgetting,1357204345,-0.027874999999999872
lpr,slowheat_lpr,average_forgetting,1758462037,-0.04349999999999998
lpr,slowheat_lpr,average_forgetting,748737880,-0.04962500000000003
lpr,slowheat_lpr,average_forgetting,1611510062,-0.05674999999999997
lpr,slowheat_lpr,average_forgetting,333205446,-0.043749999999999956
lpr,slowheat_lpr,average_forgetting,130501536,-0.048250000000000015
lpr,slowheat_lpr,average_forgetting,492612040,-0.07012499999999999
lpr,slowheat_lpr,backward_transfer,2101606466,0.053875000000000006
lpr,slowheat_lpr,backward_transfer,1872839281,0.04349999999999998
lpr,slowheat_lpr,backward_transfer,637029796,0.0412499999999999
lpr,slowheat_lpr,backward_transfer,1357204345,0.027874999999999872
lpr,slowheat_lpr,backward_transfer,1758462037,0.04349999999999998
lpr,slowheat_lpr,backward_transfer,748737880,0.04962500000000003
lpr,slowheat_lpr,backward_transfer,1611510062,0.05674999999999997
lpr,slowheat_lpr,backward_transfer,333205446,0.043749999999999956
lpr,slowheat_lpr,backward_transfer,130501536,0.048250000000000015
lpr,slowheat_lpr,backward_transfer,492612040,0.07012499999999999
lpr,slowheat_lpr,forward_transfer,2101606466,0.15875
lpr,slowheat_lpr,forward_transfer,1872839281,-0.008124999999999993
lpr,slowheat_lpr,forward_transfer,637029796,0.010124999999999995
lpr,slowheat_lpr,forward_transfer,1357204345,0.059750000000000004
lpr,slowheat_lpr,forward_transfer,1758462037,0.02525
lpr,slowheat_lpr,forward_transfer,748737880,-0.07924999999999999
lpr,slowheat_lpr,forward_transfer,1611510062,0.014875000000000027
lpr,slowheat_lpr,forward_transfer,333205446,0.06712499999999999
lpr,slowheat_lpr,forward_transfer,130501536,0.034749999999999996
lpr,slowheat_lpr,forward_transfer,492612040,-0.036500000000000005
lpr,slowheat_lpr,task_aware_final_accuracy,2101606466,-0.01059999999999972
lpr,slowheat_lpr,task_aware_final_accuracy,1872839281,-0.0129999999999999
lpr,slowheat_lpr,task_aware_final_accuracy,637029796,-0.011300000000000199
lpr,slowheat_lpr,task_aware_final_accuracy,1357204345,-0.015700000000000047
lpr,slowheat_lpr,task_aware_final_accuracy,1758462037,-0.008800000000000141
lpr,slowheat_lpr,task_aware_final_accuracy,748737880,-0.016200000000000103
lpr,slowheat_lpr,task_aware_final_accuracy,1611510062,-0.0046000000000001595
lpr,slowheat_lpr,task_aware_final_accuracy,333205446,-0.013000000000000012
lpr,slowheat_lpr,task_aware_final_accuracy,130501536,0.0019000000000000128
lpr,slowheat_lpr,task_aware_final_accuracy,492612040,-0.01430000000000009
lpr,slowheat_lpr,task_aware_forgetting,2101606466,-0.013749999999999984
lpr,slowheat_lpr,task_aware_forgetting,1872839281,-0.001375000000000015
lpr,slowheat_lpr,task_aware_forgetting,637029796,-0.0016249999999999598
lpr,slowheat_lpr,task_aware_forgetting,1357204345,0.010875000000000024
lpr,slowheat_lpr,task_aware_forgetting,1758462037,-0.0030000000000000027
lpr,slowheat_lpr,task_aware_forgetting,748737880,0.010124999999999995
lpr,slowheat_lpr,task_aware_forgetting,1611510062,-0.02300000000000002
lpr,slowheat_lpr,task_aware_forgetting,333205446,-0.0072500000000000064
lpr,slowheat_lpr,task_aware_forgetting,130501536,-0.018625000000000003
lpr,slowheat_lpr,task_aware_forgetting,492612040,-0.007499999999999951
lpr,slowheat_lpr,classifier_gap,2101606466,-0.01289999999999969
lpr,slowheat_lpr,classifier_gap,1872839281,-0.01929999999999993
lpr,slowheat_lpr,classifier_gap,637029796,-0.01960000000000023
lpr,slowheat_lpr,classifier_gap,1357204345,-0.018900000000000028
lpr,slowheat_lpr,classifier_gap,1758462037,-0.01640000000000008
lpr,slowheat_lpr,classifier_gap,748737880,-0.036300000000000054
lpr,slowheat_lpr,classifier_gap,1611510062,-0.009700000000000153
lpr,slowheat_lpr,classifier_gap,333205446,-0.017800000000000038
lpr,slowheat_lpr,classifier_gap,130501536,-0.009499999999999953
lpr,slowheat_lpr,classifier_gap,492612040,-0.03980000000000017
lpr,slowheat_lpr,elapsed_seconds,2101606466,3.6999358020002546
lpr,slowheat_lpr,elapsed_seconds,1872839281,3.801199349001763
lpr,slowheat_lpr,elapsed_seconds,637029796,3.8106909050002287
lpr,slowheat_lpr,elapsed_seconds,1357204345,3.828195928999776
lpr,slowheat_lpr,elapsed_seconds,1758462037,3.8139985429988883
lpr,slowheat_lpr,elapsed_seconds,748737880,3.915292021998539
lpr,slowheat_lpr,elapsed_seconds,1611510062,3.8726818389986875
lpr,slowheat_lpr,elapsed_seconds,333205446,3.9495650170010776
lpr,slowheat_lpr,elapsed_seconds,130501536,3.630224301999988
lpr,slowheat_lpr,elapsed_seconds,492612040,3.823228740999184
lpr,slowheat_lpr,learner_examples_processed,2101606466,0.0
lpr,slowheat_lpr,learner_examples_processed,1872839281,0.0
lpr,slowheat_lpr,learner_examples_processed,637029796,0.0
lpr,slowheat_lpr,learner_examples_processed,1357204345,0.0
lpr,slowheat_lpr,learner_examples_processed,1758462037,0.0
lpr,slowheat_lpr,learner_examples_processed,748737880,0.0
lpr,slowheat_lpr,learner_examples_processed,1611510062,0.0
lpr,slowheat_lpr,learner_examples_processed,333205446,0.0
lpr,slowheat_lpr,learner_examples_processed,130501536,0.0
lpr,slowheat_lpr,learner_examples_processed,492612040,0.0
lpr,slowheat_lpr,total_model_examples_processed,2101606466,0.0
lpr,slowheat_lpr,total_model_examples_processed,1872839281,0.0
lpr,slowheat_lpr,total_model_examples_processed,637029796,0.0
lpr,slowheat_lpr,total_model_examples_processed,1357204345,0.0
lpr,slowheat_lpr,total_model_examples_processed,1758462037,0.0
lpr,slowheat_lpr,total_model_examples_processed,748737880,0.0
lpr,slowheat_lpr,total_model_examples_processed,1611510062,0.0
lpr,slowheat_lpr,total_model_examples_processed,333205446,0.0
lpr,slowheat_lpr,total_model_examples_processed,130501536,0.0
lpr,slowheat_lpr,total_model_examples_processed,492612040,0.0
lpr,slowheat_lpr,estimated_total_flops,2101606466,138925280.0
lpr,slowheat_lpr,estimated_total_flops,1872839281,138925280.0
lpr,slowheat_lpr,estimated_total_flops,637029796,138925280.0
lpr,slowheat_lpr,estimated_total_flops,1357204345,138925280.0
lpr,slowheat_lpr,estimated_total_flops,1758462037,138925280.0
lpr,slowheat_lpr,estimated_total_flops,748737880,138925280.0
lpr,slowheat_lpr,estimated_total_flops,1611510062,138925280.0
lpr,slowheat_lpr,estimated_total_flops,333205446,138925280.0
lpr,slowheat_lpr,estimated_total_flops,130501536,138925280.0
lpr,slowheat_lpr,estimated_total_flops,492612040,138925280.0
lpr,slowheat_lpr,estimated_overhead_flops,2101606466,138925280.0
lpr,slowheat_lpr,estimated_overhead_flops,1872839281,138925280.0
lpr,slowheat_lpr,estimated_overhead_flops,637029796,138925280.0
lpr,slowheat_lpr,estimated_overhead_flops,1357204345,138925280.0
lpr,slowheat_lpr,estimated_overhead_flops,1758462037,138925280.0
lpr,slowheat_lpr,estimated_overhead_flops,748737880,138925280.0
lpr,slowheat_lpr,estimated_overhead_flops,1611510062,138925280.0
lpr,slowheat_lpr,estimated_overhead_flops,333205446,138925280.0
lpr,slowheat_lpr,estimated_overhead_flops,130501536,138925280.0
lpr,slowheat_lpr,estimated_overhead_flops,492612040,138925280.0
lpr,slowheat_lpr,replay_memory_bytes,2101606466,0.0
lpr,slowheat_lpr,replay_memory_bytes,1872839281,0.0
lpr,slowheat_lpr,replay_memory_bytes,637029796,0.0
lpr,slowheat_lpr,replay_memory_bytes,1357204345,0.0
lpr,slowheat_lpr,replay_memory_bytes,1758462037,0.0
lpr,slowheat_lpr,replay_memory_bytes,748737880,0.0
lpr,slowheat_lpr,replay_memory_bytes,1611510062,0.0
lpr,slowheat_lpr,replay_memory_bytes,333205446,0.0
lpr,slowheat_lpr,replay_memory_bytes,130501536,0.0
lpr,slowheat_lpr,replay_memory_bytes,492612040,0.0
lpr,slowheat_lpr,stored_logits_bytes,2101606466,0.0
lpr,slowheat_lpr,stored_logits_bytes,1872839281,0.0
lpr,slowheat_lpr,stored_logits_bytes,637029796,0.0
lpr,slowheat_lpr,stored_logits_bytes,1357204345,0.0
lpr,slowheat_lpr,stored_logits_bytes,1758462037,0.0
lpr,slowheat_lpr,stored_logits_bytes,748737880,0.0
lpr,slowheat_lpr,stored_logits_bytes,1611510062,0.0
lpr,slowheat_lpr,stored_logits_bytes,333205446,0.0
lpr,slowheat_lpr,stored_logits_bytes,130501536,0.0
lpr,slowheat_lpr,stored_logits_bytes,492612040,0.0
lpr,classifier_expander,final_average_accuracy,2101606466,-0.050600000000000034
lpr,classifier_expander,final_average_accuracy,1872839281,-0.05940000000000001
lpr,classifier_expander,final_average_accuracy,637029796,0.00610000000000005
lpr,classifier_expander,final_average_accuracy,1357204345,-0.007499999999999951
lpr,classifier_expander,final_average_accuracy,1758462037,-0.01980000000000004
lpr,classifier_expander,final_average_accuracy,748737880,-0.01639999999999997
lpr,classifier_expander,final_average_accuracy,1611510062,-0.05459999999999998
lpr,classifier_expander,final_average_accuracy,333205446,-0.042200000000000015
lpr,classifier_expander,final_average_accuracy,130501536,-0.0031999999999999806
lpr,classifier_expander,final_average_accuracy,492612040,-0.017799999999999983
lpr,classifier_expander,average_forgetting,2101606466,-0.311
lpr,classifier_expander,average_forgetting,1872839281,-0.25549999999999995
lpr,classifier_expander,average_forgetting,637029796,-0.3367499999999999
lpr,classifier_expander,average_forgetting,1357204345,-0.3112499999999999
lpr,classifier_expander,average_forgetting,1758462037,-0.409625
lpr,classifier_expander,average_forgetting,748737880,-0.318875
lpr,classifier_expander,average_forgetting,1611510062,-0.284875
lpr,classifier_expander,average_forgetting,333205446,-0.305
lpr,classifier_expander,average_forgetting,130501536,-0.363875
lpr,classifier_expander,average_forgetting,492612040,-0.30237500000000006
lpr,classifier_expander,backward_transfer,2101606466,0.372
lpr,classifier_expander,backward_transfer,1872839281,0.2998749999999999
lpr,classifier_expander,backward_transfer,637029796,0.46237499999999987
lpr,classifier_expander,backward_transfer,1357204345,0.4794999999999999
lpr,classifier_expander,backward_transfer,1758462037,0.48587499999999995
lpr,classifier_expander,backward_transfer,748737880,0.389125
lpr,classifier_expander,backward_transfer,1611510062,0.44525000000000003
lpr,classifier_expander,backward_transfer,333205446,0.39475
lpr,classifier_expander,backward_transfer,130501536,0.481625
lpr,classifier_expander,backward_transfer,492612040,0.44850000000000007
lpr,classifier_expander,forward_transfer,2101606466,0.03937500000000001
lpr,classifier_expander,forward_transfer,1872839281,0.06974999999999999
lpr,classifier_expander,forward_transfer,637029796,-0.046999999999999986
lpr,classifier_expander,forward_transfer,1357204345,0.013125000000000001
lpr,classifier_expander,forward_transfer,1758462037,-0.022000000000000006
lpr,classifier_expander,forward_transfer,748737880,-0.021875000000000006
lpr,classifier_expander,forward_transfer,1611510062,-0.007124999999999965
lpr,classifier_expander,forward_transfer,333205446,-0.09925
lpr,classifier_expander,forward_transfer,130501536,0.025
lpr,classifier_expander,forward_transfer,492612040,-0.012625000000000011
lpr,classifier_expander,task_aware_final_accuracy,2101606466,-0.017699999999999938
lpr,classifier_expander,task_aware_final_accuracy,1872839281,-0.014100000000000001
lpr,classifier_expander,task_aware_final_accuracy,637029796,-0.016000000000000014
lpr,classifier_expander,task_aware_final_accuracy,1357204345,-0.013699999999999934
lpr,classifier_expander,task_aware_final_accuracy,1758462037,-0.02210000000000012
lpr,classifier_expander,task_aware_final_accuracy,748737880,-0.026100000000000123
lpr,classifier_expander,task_aware_final_accuracy,1611510062,-0.009699999999999931
lpr,classifier_expander,task_aware_final_accuracy,333205446,-0.01539999999999997
lpr,classifier_expander,task_aware_final_accuracy,130501536,0.008299999999999974
lpr,classifier_expander,task_aware_final_accuracy,492612040,-0.010100000000000109
lpr,classifier_expander,task_aware_forgetting,2101606466,-0.005875000000000019
lpr,classifier_expander,task_aware_forgetting,1872839281,-0.012624999999999997
lpr,classifier_expander,task_aware_forgetting,637029796,-0.009250000000000036
lpr,classifier_expander,task_aware_forgetting,1357204345,-0.0034999999999999754
lpr,classifier_expander,task_aware_forgetting,1758462037,-0.005750000000000005
lpr,classifier_expander,task_aware_forgetting,748737880,0.002375000000000016
lpr,classifier_expander,task_aware_forgetting,1611510062,-0.01849999999999999
lpr,classifier_expander,task_aware_forgetting,333205446,-0.012625000000000025
lpr,classifier_expander,task_aware_forgetting,130501536,-0.03049999999999997
lpr,classifier_expander,task_aware_forgetting,492612040,-0.013249999999999956
lpr,classifier_expander,classifier_gap,2101606466,0.03290000000000004
lpr,classifier_expander,classifier_gap,1872839281,0.04530000000000001
lpr,classifier_expander,classifier_gap,637029796,-0.022100000000000064
lpr,classifier_expander,classifier_gap,1357204345,-0.006199999999999983
lpr,classifier_expander,classifier_gap,1758462037,-0.0023000000000000798
lpr,classifier_expander,classifier_gap,748737880,-0.009700000000000153
lpr,classifier_expander,classifier_gap,1611510062,0.04490000000000005
lpr,classifier_expander,classifier_gap,333205446,0.026800000000000046
lpr,classifier_expander,classifier_gap,130501536,0.011499999999999955
lpr,classifier_expander,classifier_gap,492612040,0.007699999999999874
lpr,classifier_expander,elapsed_seconds,2101606466,0.5577364639993903
lpr,classifier_expander,elapsed_seconds,1872839281,0.641544629001146
lpr,classifier_expander,elapsed_seconds,637029796,0.625301871999909
lpr,classifier_expander,elapsed_seconds,1357204345,0.5078403520001302
lpr,classifier_expander,elapsed_seconds,1758462037,0.6087936679996346
lpr,classifier_expander,elapsed_seconds,748737880,0.6447536969972134
lpr,classifier_expander,elapsed_seconds,1611510062,0.6168223269996815
lpr,classifier_expander,elapsed_seconds,333205446,0.807601001999501
lpr,classifier_expander,elapsed_seconds,130501536,0.20440936999875703
lpr,classifier_expander,elapsed_seconds,492612040,0.6490644669975154
lpr,classifier_expander,learner_examples_processed,2101606466,704.0
lpr,classifier_expander,learner_examples_processed,1872839281,704.0
lpr,classifier_expander,learner_examples_processed,637029796,704.0
lpr,classifier_expander,learner_examples_processed,1357204345,704.0
lpr,classifier_expander,learner_examples_processed,1758462037,704.0
lpr,classifier_expander,learner_examples_processed,748737880,704.0
lpr,classifier_expander,learner_examples_processed,1611510062,704.0
lpr,classifier_expander,learner_examples_processed,333205446,704.0
lpr,classifier_expander,learner_examples_processed,130501536,704.0
lpr,classifier_expander,learner_examples_processed,492612040,704.0
lpr,classifier_expander,total_model_examples_processed,2101606466,77064.0
lpr,classifier_expander,total_model_examples_processed,1872839281,77064.0
lpr,classifier_expander,total_model_examples_processed,637029796,77064.0
lpr,classifier_expander,total_model_examples_processed,1357204345,77064.0
lpr,classifier_expander,total_model_examples_processed,1758462037,77064.0
lpr,classifier_expander,total_model_examples_processed,748737880,77064.0
lpr,classifier_expander,total_model_examples_processed,1611510062,77064.0
lpr,classifier_expander,total_model_examples_processed,333205446,77064.0
lpr,classifier_expander,total_model_examples_processed,130501536,77064.0
lpr,classifier_expander,total_model_examples_processed,492612040,77064.0
lpr,classifier_expander,estimated_total_flops,2101606466,862200280810.0
lpr,classifier_expander,estimated_total_flops,1872839281,862200280810.0
lpr,classifier_expander,estimated_total_flops,637029796,862200280810.0
lpr,classifier_expander,estimated_total_flops,1357204345,862200280810.0
lpr,classifier_expander,estimated_total_flops,1758462037,862200280810.0
lpr,classifier_expander,estimated_total_flops,748737880,862200280810.0
lpr,classifier_expander,estimated_total_flops,1611510062,862200280810.0
lpr,classifier_expander,estimated_total_flops,333205446,862200280810.0
lpr,classifier_expander,estimated_total_flops,130501536,862200280810.0
lpr,classifier_expander,estimated_total_flops,492612040,862200280810.0
lpr,classifier_expander,estimated_overhead_flops,2101606466,-17610205462.0
lpr,classifier_expander,estimated_overhead_flops,1872839281,-17610205462.0
lpr,classifier_expander,estimated_overhead_flops,637029796,-17610205462.0
lpr,classifier_expander,estimated_overhead_flops,1357204345,-17610205462.0
lpr,classifier_expander,estimated_overhead_flops,1758462037,-17610205462.0
lpr,classifier_expander,estimated_overhead_flops,748737880,-17610205462.0
lpr,classifier_expander,estimated_overhead_flops,1611510062,-17610205462.0
lpr,classifier_expander,estimated_overhead_flops,333205446,-17610205462.0
lpr,classifier_expander,estimated_overhead_flops,130501536,-17610205462.0
lpr,classifier_expander,estimated_overhead_flops,492612040,-17610205462.0
lpr,classifier_expander,replay_memory_bytes,2101606466,0.0
lpr,classifier_expander,replay_memory_bytes,1872839281,0.0
lpr,classifier_expander,replay_memory_bytes,637029796,0.0
lpr,classifier_expander,replay_memory_bytes,1357204345,0.0
lpr,classifier_expander,replay_memory_bytes,1758462037,0.0
lpr,classifier_expander,replay_memory_bytes,748737880,0.0
lpr,classifier_expander,replay_memory_bytes,1611510062,0.0
lpr,classifier_expander,replay_memory_bytes,333205446,0.0
lpr,classifier_expander,replay_memory_bytes,130501536,0.0
lpr,classifier_expander,replay_memory_bytes,492612040,0.0
lpr,classifier_expander,stored_logits_bytes,2101606466,0.0
lpr,classifier_expander,stored_logits_bytes,1872839281,0.0
lpr,classifier_expander,stored_logits_bytes,637029796,0.0
lpr,classifier_expander,stored_logits_bytes,1357204345,0.0
lpr,classifier_expander,stored_logits_bytes,1758462037,0.0
lpr,classifier_expander,stored_logits_bytes,748737880,0.0
lpr,classifier_expander,stored_logits_bytes,1611510062,0.0
lpr,classifier_expander,stored_logits_bytes,333205446,0.0
lpr,classifier_expander,stored_logits_bytes,130501536,0.0
lpr,classifier_expander,stored_logits_bytes,492612040,0.0
lpr,slowheat_classifier_expander,final_average_accuracy,2101606466,-0.031000000000000028
lpr,slowheat_classifier_expander,final_average_accuracy,1872839281,-0.07319999999999999
lpr,slowheat_classifier_expander,final_average_accuracy,637029796,-0.022399999999999975
lpr,slowheat_classifier_expander,final_average_accuracy,1357204345,-0.028299999999999936
lpr,slowheat_classifier_expander,final_average_accuracy,1758462037,-0.04349999999999998
lpr,slowheat_classifier_expander,final_average_accuracy,748737880,-0.03800000000000009
lpr,slowheat_classifier_expander,final_average_accuracy,1611510062,-0.05510000000000004
lpr,slowheat_classifier_expander,final_average_accuracy,333205446,-0.03539999999999999
lpr,slowheat_classifier_expander,final_average_accuracy,130501536,-0.01759999999999995
lpr,slowheat_classifier_expander,final_average_accuracy,492612040,-0.04689999999999994
lpr,slowheat_classifier_expander,average_forgetting,2101606466,-0.403125
lpr,slowheat_classifier_expander,average_forgetting,1872839281,-0.33649999999999985
lpr,slowheat_classifier_expander,average_forgetting,637029796,-0.36287499999999984
lpr,slowheat_classifier_expander,average_forgetting,1357204345,-0.33624999999999994
lpr,slowheat_classifier_expander,average_forgetting,1758462037,-0.39425
lpr,slowheat_classifier_expander,average_forgetting,748737880,-0.345375
lpr,slowheat_classifier_expander,average_forgetting,1611510062,-0.312375
lpr,slowheat_classifier_expander,average_forgetting,333205446,-0.38849999999999996
lpr,slowheat_classifier_expander,average_forgetting,130501536,-0.41375000000000006
lpr,slowheat_classifier_expander,average_forgetting,492612040,-0.37062500000000004
lpr,slowheat_classifier_expander,backward_transfer,2101606466,0.547375
lpr,slowheat_classifier_expander,backward_transfer,1872839281,0.4048749999999999
lpr,slowheat_classifier_expander,backward_transfer,637029796,0.5113749999999999
lpr,slowheat_classifier_expander,backward_transfer,1357204345,0.527125
lpr,slowheat_classifier_expander,backward_transfer,1758462037,0.559125
lpr,slowheat_classifier_expander,backward_transfer,748737880,0.47025
lpr,slowheat_classifier_expander,backward_transfer,1611510062,0.500625
lpr,slowheat_classifier_expander,backward_transfer,333205446,0.56875
lpr,slowheat_classifier_expander,backward_transfer,130501536,0.56225
lpr,slowheat_classifier_expander,backward_transfer,492612040,0.539
lpr,slowheat_classifier_expander,forward_transfer,2101606466,0.017125
lpr,slowheat_classifier_expander,forward_transfer,1872839281,0.059500000000000004
lpr,slowheat_classifier_expander,forward_transfer,637029796,-0.05162499999999999
lpr,slowheat_classifier_expander,forward_transfer,1357204345,-0.006874999999999985
lpr,slowheat_classifier_expander,forward_transfer,1758462037,-0.06975
lpr,slowheat_classifier_expander,forward_transfer,748737880,-0.08374999999999999
lpr,slowheat_classifier_expander,forward_transfer,1611510062,-0.0062500000000000056
lpr,slowheat_classifier_expander,forward_transfer,333205446,-0.0975
lpr,slowheat_classifier_expander,forward_transfer,130501536,0.010625000000000002
lpr,slowheat_classifier_expander,forward_transfer,492612040,-0.0315
lpr,slowheat_classifier_expander,task_aware_final_accuracy,2101606466,-0.03629999999999989
lpr,slowheat_classifier_expander,task_aware_final_accuracy,1872839281,-0.03930000000000011
lpr,slowheat_classifier_expander,task_aware_final_accuracy,637029796,-0.03650000000000009
lpr,slowheat_classifier_expander,task_aware_final_accuracy,1357204345,-0.03279999999999994
lpr,slowheat_classifier_expander,task_aware_final_accuracy,1758462037,-0.04590000000000005
lpr,slowheat_classifier_expander,task_aware_final_accuracy,748737880,-0.046700000000000075
lpr,slowheat_classifier_expander,task_aware_final_accuracy,1611510062,-0.03059999999999996
lpr,slowheat_classifier_expander,task_aware_final_accuracy,333205446,-0.03930000000000011
lpr,slowheat_classifier_expander,task_aware_final_accuracy,130501536,-0.013900000000000134
lpr,slowheat_classifier_expander,task_aware_final_accuracy,492612040,-0.03200000000000003
lpr,slowheat_classifier_expander,task_aware_forgetting,2101606466,-0.010374999999999995
lpr,slowheat_classifier_expander,task_aware_forgetting,1872839281,-0.011249999999999954
lpr,slowheat_classifier_expander,task_aware_forgetting,637029796,-0.0006249999999999589
lpr,slowheat_classifier_expander,task_aware_forgetting,1357204345,-0.009749999999999981
lpr,slowheat_classifier_expander,task_aware_forgetting,1758462037,-0.0011250000000000149
lpr,slowheat_classifier_expander,task_aware_forgetting,748737880,0.009875000000000023
lpr,slowheat_classifier_expander,task_aware_forgetting,1611510062,-0.011124999999999996
lpr,slowheat_classifier_expander,task_aware_forgetting,333205446,-0.01212499999999997
lpr,slowheat_classifier_expander,task_aware_forgetting,130501536,-0.02287499999999998
lpr,slowheat_classifier_expander,task_aware_forgetting,492612040,-0.0129999999999999
lpr,slowheat_classifier_expander,classifier_gap,2101606466,-0.00529999999999986
lpr,slowheat_classifier_expander,classifier_gap,1872839281,0.033899999999999875
lpr,slowheat_classifier_expander,classifier_gap,637029796,-0.014100000000000112
lpr,slowheat_classifier_expander,classifier_gap,1357204345,-0.004500000000000004
lpr,slowheat_classifier_expander,classifier_gap,1758462037,-0.0024000000000000687
lpr,slowheat_classifier_expander,classifier_gap,748737880,-0.008699999999999986
lpr,slowheat_classifier_expander,classifier_gap,1611510062,0.024500000000000077
lpr,slowheat_classifier_expander,classifier_gap,333205446,-0.0039000000000001256
lpr,slowheat_classifier_expander,classifier_gap,130501536,0.0036999999999998145
lpr,slowheat_classifier_expander,classifier_gap,492612040,0.014899999999999913
lpr,slowheat_classifier_expander,elapsed_seconds,2101606466,4.2684810789996845
lpr,slowheat_classifier_expander,elapsed_seconds,1872839281,4.501491472999987
lpr,slowheat_classifier_expander,elapsed_seconds,637029796,4.069209238999974
lpr,slowheat_classifier_expander,elapsed_seconds,1357204345,4.519759992999752
lpr,slowheat_classifier_expander,elapsed_seconds,1758462037,4.655660210997667
lpr,slowheat_classifier_expander,elapsed_seconds,748737880,4.45743709999806
lpr,slowheat_classifier_expander,elapsed_seconds,1611510062,4.251495704998888
lpr,slowheat_classifier_expander,elapsed_seconds,333205446,4.755454744001327
lpr,slowheat_classifier_expander,elapsed_seconds,130501536,3.721273183997255
lpr,slowheat_classifier_expander,elapsed_seconds,492612040,4.413754671000788
lpr,slowheat_classifier_expander,learner_examples_processed,2101606466,704.0
lpr,slowheat_classifier_expander,learner_examples_processed,1872839281,704.0
lpr,slowheat_classifier_expander,learner_examples_processed,637029796,704.0
lpr,slowheat_classifier_expander,learner_examples_processed,1357204345,704.0
lpr,slowheat_classifier_expander,learner_examples_processed,1758462037,704.0
lpr,slowheat_classifier_expander,learner_examples_processed,748737880,704.0
lpr,slowheat_classifier_expander,learner_examples_processed,1611510062,704.0
lpr,slowheat_classifier_expander,learner_examples_processed,333205446,704.0
lpr,slowheat_classifier_expander,learner_examples_processed,130501536,704.0
lpr,slowheat_classifier_expander,learner_examples_processed,492612040,704.0
lpr,slowheat_classifier_expander,total_model_examples_processed,2101606466,77064.0
lpr,slowheat_classifier_expander,total_model_examples_processed,1872839281,77064.0
lpr,slowheat_classifier_expander,total_model_examples_processed,637029796,77064.0
lpr,slowheat_classifier_expander,total_model_examples_processed,1357204345,77064.0
lpr,slowheat_classifier_expander,total_model_examples_processed,1758462037,77064.0
lpr,slowheat_classifier_expander,total_model_examples_processed,748737880,77064.0
lpr,slowheat_classifier_expander,total_model_examples_processed,1611510062,77064.0
lpr,slowheat_classifier_expander,total_model_examples_processed,333205446,77064.0
lpr,slowheat_classifier_expander,total_model_examples_processed,130501536,77064.0
lpr,slowheat_classifier_expander,total_model_examples_processed,492612040,77064.0
lpr,slowheat_classifier_expander,estimated_total_flops,2101606466,862339206090.0
lpr,slowheat_classifier_expander,estimated_total_flops,1872839281,862339206090.0
lpr,slowheat_classifier_expander,estimated_total_flops,637029796,862339206090.0
lpr,slowheat_classifier_expander,estimated_total_flops,1357204345,862339206090.0
lpr,slowheat_classifier_expander,estimated_total_flops,1758462037,862339206090.0
lpr,slowheat_classifier_expander,estimated_total_flops,748737880,862339206090.0
lpr,slowheat_classifier_expander,estimated_total_flops,1611510062,862339206090.0
lpr,slowheat_classifier_expander,estimated_total_flops,333205446,862339206090.0
lpr,slowheat_classifier_expander,estimated_total_flops,130501536,862339206090.0
lpr,slowheat_classifier_expander,estimated_total_flops,492612040,862339206090.0
lpr,slowheat_classifier_expander,estimated_overhead_flops,2101606466,-17471280182.0
lpr,slowheat_classifier_expander,estimated_overhead_flops,1872839281,-17471280182.0
lpr,slowheat_classifier_expander,estimated_overhead_flops,637029796,-17471280182.0
lpr,slowheat_classifier_expander,estimated_overhead_flops,1357204345,-17471280182.0
lpr,slowheat_classifier_expander,estimated_overhead_flops,1758462037,-17471280182.0
lpr,slowheat_classifier_expander,estimated_overhead_flops,748737880,-17471280182.0
lpr,slowheat_classifier_expander,estimated_overhead_flops,1611510062,-17471280182.0
lpr,slowheat_classifier_expander,estimated_overhead_flops,333205446,-17471280182.0
lpr,slowheat_classifier_expander,estimated_overhead_flops,130501536,-17471280182.0
lpr,slowheat_classifier_expander,estimated_overhead_flops,492612040,-17471280182.0
lpr,slowheat_classifier_expander,replay_memory_bytes,2101606466,0.0
lpr,slowheat_classifier_expander,replay_memory_bytes,1872839281,0.0
lpr,slowheat_classifier_expander,replay_memory_bytes,637029796,0.0
lpr,slowheat_classifier_expander,replay_memory_bytes,1357204345,0.0
lpr,slowheat_classifier_expander,replay_memory_bytes,1758462037,0.0
lpr,slowheat_classifier_expander,replay_memory_bytes,748737880,0.0
lpr,slowheat_classifier_expander,replay_memory_bytes,1611510062,0.0
lpr,slowheat_classifier_expander,replay_memory_bytes,333205446,0.0
lpr,slowheat_classifier_expander,replay_memory_bytes,130501536,0.0
lpr,slowheat_classifier_expander,replay_memory_bytes,492612040,0.0
lpr,slowheat_classifier_expander,stored_logits_bytes,2101606466,0.0
lpr,slowheat_classifier_expander,stored_logits_bytes,1872839281,0.0
lpr,slowheat_classifier_expander,stored_logits_bytes,637029796,0.0
lpr,slowheat_classifier_expander,stored_logits_bytes,1357204345,0.0
lpr,slowheat_classifier_expander,stored_logits_bytes,1758462037,0.0
lpr,slowheat_classifier_expander,stored_logits_bytes,748737880,0.0
lpr,slowheat_classifier_expander,stored_logits_bytes,1611510062,0.0
lpr,slowheat_classifier_expander,stored_logits_bytes,333205446,0.0
lpr,slowheat_classifier_expander,stored_logits_bytes,130501536,0.0
lpr,slowheat_classifier_expander,stored_logits_bytes,492612040,0.0
lpr,scroll,final_average_accuracy,2101606466,-0.03750000000000003
lpr,scroll,final_average_accuracy,1872839281,-0.049500000000000044
lpr,scroll,final_average_accuracy,637029796,-0.0393
lpr,scroll,final_average_accuracy,1357204345,-0.03279999999999994
lpr,scroll,final_average_accuracy,1758462037,-0.05700000000000005
lpr,scroll,final_average_accuracy,748737880,-0.04360000000000003
lpr,scroll,final_average_accuracy,1611510062,-0.0791
lpr,scroll,final_average_accuracy,333205446,-0.047699999999999965
lpr,scroll,final_average_accuracy,130501536,-0.08490000000000003
lpr,scroll,final_average_accuracy,492612040,-0.04689999999999994
lpr,scroll,average_forgetting,2101606466,-0.45525000000000004
lpr,scroll,average_forgetting,1872839281,-0.33437499999999987
lpr,scroll,average_forgetting,637029796,-0.44474999999999987
lpr,scroll,average_forgetting,1357204345,-0.3929999999999999
lpr,scroll,average_forgetting,1758462037,-0.360125
lpr,scroll,average_forgetting,748737880,-0.33062500000000006
lpr,scroll,average_forgetting,1611510062,-0.297875
lpr,scroll,average_forgetting,333205446,-0.425
lpr,scroll,average_forgetting,130501536,-0.438
lpr,scroll,average_forgetting,492612040,-0.37912500000000005
lpr,scroll,backward_transfer,2101606466,0.45525000000000004
lpr,scroll,backward_transfer,1872839281,0.45137499999999986
lpr,scroll,backward_transfer,637029796,0.5899999999999999
lpr,scroll,backward_transfer,1357204345,0.4161249999999999
lpr,scroll,backward_transfer,1758462037,0.39187500000000003
lpr,scroll,backward_transfer,748737880,0.386375
lpr,scroll,backward_transfer,1611510062,0.39050000000000007
lpr,scroll,backward_transfer,333205446,0.604
lpr,scroll,backward_transfer,130501536,0.479375
lpr,scroll,backward_transfer,492612040,0.43925000000000003
lpr,scroll,forward_transfer,2101606466,-0.145125
lpr,scroll,forward_transfer,1872839281,-0.12624999999999997
lpr,scroll,forward_transfer,637029796,-0.22025
lpr,scroll,forward_transfer,1357204345,-0.08712500000000001
lpr,scroll,forward_transfer,1758462037,-0.21500000000000002
lpr,scroll,forward_transfer,748737880,-0.266125
lpr,scroll,forward_transfer,1611510062,-0.01999999999999999
lpr,scroll,forward_transfer,333205446,-0.219
lpr,scroll,forward_transfer,130501536,-0.059625000000000004
lpr,scroll,forward_transfer,492612040,-0.147875
lpr,scroll,task_aware_final_accuracy,2101606466,-0.1237999999999998
lpr,scroll,task_aware_final_accuracy,1872839281,-0.09339999999999993
lpr,scroll,task_aware_final_accuracy,637029796,-0.1199
lpr,scroll,task_aware_final_accuracy,1357204345,-0.0935999999999999
lpr,scroll,task_aware_final_accuracy,1758462037,-0.09970000000000001
lpr,scroll,task_aware_final_accuracy,748737880,-0.07299999999999995
lpr,scroll,task_aware_final_accuracy,1611510062,-0.09580000000000011
lpr,scroll,task_aware_final_accuracy,333205446,-0.122
lpr,scroll,task_aware_final_accuracy,130501536,-0.06920000000000004
lpr,scroll,task_aware_final_accuracy,492612040,-0.09320000000000006
lpr,scroll,task_aware_forgetting,2101606466,-0.008875000000000022
lpr,scroll,task_aware_forgetting,1872839281,-0.045125
lpr,scroll,task_aware_forgetting,637029796,0.0040000000000000036
lpr,scroll,task_aware_forgetting,1357204345,-0.01799999999999996
lpr,scroll,task_aware_forgetting,1758462037,-0.04575000000000001
lpr,scroll,task_aware_forgetting,748737880,-0.03362499999999996
lpr,scroll,task_aware_forgetting,1611510062,-0.051375000000000004
lpr,scroll,task_aware_forgetting,333205446,0.023875000000000007
lpr,scroll,task_aware_forgetting,130501536,-0.078875
lpr,scroll,task_aware_forgetting,492612040,-0.04712499999999997
lpr,scroll,classifier_gap,2101606466,-0.08629999999999977
lpr,scroll,classifier_gap,1872839281,-0.043899999999999884
lpr,scroll,classifier_gap,637029796,-0.0806
lpr,scroll,classifier_gap,1357204345,-0.060799999999999965
lpr,scroll,classifier_gap,1758462037,-0.04269999999999996
lpr,scroll,classifier_gap,748737880,-0.029399999999999926
lpr,scroll,classifier_gap,1611510062,-0.016700000000000104
lpr,scroll,classifier_gap,333205446,-0.07430000000000003
lpr,scroll,classifier_gap,130501536,0.015699999999999992
lpr,scroll,classifier_gap,492612040,-0.04630000000000012
lpr,scroll,elapsed_seconds,2101606466,-8.609151935001137
lpr,scroll,elapsed_seconds,1872839281,-8.551768407000054
lpr,scroll,elapsed_seconds,637029796,-8.492190558999937
lpr,scroll,elapsed_seconds,1357204345,-8.486367510000491
lpr,scroll,elapsed_seconds,1758462037,-8.581478520001838
lpr,scroll,elapsed_seconds,748737880,-8.506267525001022
lpr,scroll,elapsed_seconds,1611510062,-8.597334297000998
lpr,scroll,elapsed_seconds,333205446,-8.44382436199885
lpr,scroll,elapsed_seconds,130501536,-8.618453692000912
lpr,scroll,elapsed_seconds,492612040,-8.56946281099954
lpr,scroll,learner_examples_processed,2101606466,-241152.0
lpr,scroll,learner_examples_processed,1872839281,-241152.0
lpr,scroll,learner_examples_processed,637029796,-241152.0
lpr,scroll,learner_examples_processed,1357204345,-241152.0
lpr,scroll,learner_examples_processed,1758462037,-241152.0
lpr,scroll,learner_examples_processed,748737880,-241152.0
lpr,scroll,learner_examples_processed,1611510062,-241152.0
lpr,scroll,learner_examples_processed,333205446,-241152.0
lpr,scroll,learner_examples_processed,130501536,-241152.0
lpr,scroll,learner_examples_processed,492612040,-241152.0
lpr,scroll,total_model_examples_processed,2101606466,-205432.0
lpr,scroll,total_model_examples_processed,1872839281,-205432.0
lpr,scroll,total_model_examples_processed,637029796,-205432.0
lpr,scroll,total_model_examples_processed,1357204345,-205432.0
lpr,scroll,total_model_examples_processed,1758462037,-205432.0
lpr,scroll,total_model_examples_processed,748737880,-205432.0
lpr,scroll,total_model_examples_processed,1611510062,-205432.0
lpr,scroll,total_model_examples_processed,333205446,-205432.0
lpr,scroll,total_model_examples_processed,130501536,-205432.0
lpr,scroll,total_model_examples_processed,492612040,-205432.0
lpr,scroll,estimated_total_flops,2101606466,-7722983391633.0
lpr,scroll,estimated_total_flops,1872839281,-7722983391633.0
lpr,scroll,estimated_total_flops,637029796,-7722983391633.0
lpr,scroll,estimated_total_flops,1357204345,-7722983391633.0
lpr,scroll,estimated_total_flops,1758462037,-7722983391633.0
lpr,scroll,estimated_total_flops,748737880,-7722983391633.0
lpr,scroll,estimated_total_flops,1611510062,-7722983391633.0
lpr,scroll,estimated_total_flops,333205446,-7722983391633.0
lpr,scroll,estimated_total_flops,130501536,-7722983391633.0
lpr,scroll,estimated_total_flops,492612040,-7722983391633.0
lpr,scroll,estimated_overhead_flops,2101606466,-12241412497.0
lpr,scroll,estimated_overhead_flops,1872839281,-12241412497.0
lpr,scroll,estimated_overhead_flops,637029796,-12241412497.0
lpr,scroll,estimated_overhead_flops,1357204345,-12241412497.0
lpr,scroll,estimated_overhead_flops,1758462037,-12241412497.0
lpr,scroll,estimated_overhead_flops,748737880,-12241412497.0
lpr,scroll,estimated_overhead_flops,1611510062,-12241412497.0
lpr,scroll,estimated_overhead_flops,333205446,-12241412497.0
lpr,scroll,estimated_overhead_flops,130501536,-12241412497.0
lpr,scroll,estimated_overhead_flops,492612040,-12241412497.0
lpr,scroll,replay_memory_bytes,2101606466,0.0
lpr,scroll,replay_memory_bytes,1872839281,0.0
lpr,scroll,replay_memory_bytes,637029796,0.0
lpr,scroll,replay_memory_bytes,1357204345,0.0
lpr,scroll,replay_memory_bytes,1758462037,0.0
lpr,scroll,replay_memory_bytes,748737880,0.0
lpr,scroll,replay_memory_bytes,1611510062,0.0
lpr,scroll,replay_memory_bytes,333205446,0.0
lpr,scroll,replay_memory_bytes,130501536,0.0
lpr,scroll,replay_memory_bytes,492612040,0.0
lpr,scroll,stored_logits_bytes,2101606466,0.0
lpr,scroll,stored_logits_bytes,1872839281,0.0
lpr,scroll,stored_logits_bytes,637029796,0.0
lpr,scroll,stored_logits_bytes,1357204345,0.0
lpr,scroll,stored_logits_bytes,1758462037,0.0
lpr,scroll,stored_logits_bytes,748737880,0.0
lpr,scroll,stored_logits_bytes,1611510062,0.0
lpr,scroll,stored_logits_bytes,333205446,0.0
lpr,scroll,stored_logits_bytes,130501536,0.0
lpr,scroll,stored_logits_bytes,492612040,0.0
lpr,slowheat_scroll,final_average_accuracy,2101606466,0.034599999999999964
lpr,slowheat_scroll,final_average_accuracy,1872839281,0.01540000000000008
lpr,slowheat_scroll,final_average_accuracy,637029796,0.029000000000000026
lpr,slowheat_scroll,final_average_accuracy,1357204345,0.02240000000000003
lpr,slowheat_scroll,final_average_accuracy,1758462037,-0.015699999999999992
lpr,slowheat_scroll,final_average_accuracy,748737880,0.02899999999999997
lpr,slowheat_scroll,final_average_accuracy,1611510062,-0.057099999999999984
lpr,slowheat_scroll,final_average_accuracy,333205446,0.006000000000000005
lpr,slowheat_scroll,final_average_accuracy,130501536,-0.028500000000000025
lpr,slowheat_scroll,final_average_accuracy,492612040,0.049899999999999944
lpr,slowheat_scroll,average_forgetting,2101606466,-0.45625
lpr,slowheat_scroll,average_forgetting,1872839281,-0.37974999999999987
lpr,slowheat_scroll,average_forgetting,637029796,-0.36562499999999987
lpr,slowheat_scroll,average_forgetting,1357204345,-0.4621249999999999
lpr,slowheat_scroll,average_forgetting,1758462037,-0.35425
lpr,slowheat_scroll,average_forgetting,748737880,-0.3195
lpr,slowheat_scroll,average_forgetting,1611510062,-0.370375
lpr,slowheat_scroll,average_forgetting,333205446,-0.44962499999999994
lpr,slowheat_scroll,average_forgetting,130501536,-0.45737500000000003
lpr,slowheat_scroll,average_forgetting,492612040,-0.413625
lpr,slowheat_scroll,backward_transfer,2101606466,0.502875
lpr,slowheat_scroll,backward_transfer,1872839281,0.39499999999999985
lpr,slowheat_scroll,backward_transfer,637029796,0.40287499999999987
lpr,slowheat_scroll,backward_transfer,1357204345,0.49749999999999994
lpr,slowheat_scroll,backward_transfer,1758462037,0.36650000000000005
lpr,slowheat_scroll,backward_transfer,748737880,0.3195
lpr,slowheat_scroll,backward_transfer,1611510062,0.371875
lpr,slowheat_scroll,backward_transfer,333205446,0.4972499999999999
lpr,slowheat_scroll,backward_transfer,130501536,0.466375
lpr,slowheat_scroll,backward_transfer,492612040,0.47850000000000004
lpr,slowheat_scroll,forward_transfer,2101606466,-0.145125
lpr,slowheat_scroll,forward_transfer,1872839281,-0.12624999999999997
lpr,slowheat_scroll,forward_transfer,637029796,-0.22025
lpr,slowheat_scroll,forward_transfer,1357204345,-0.08712500000000001
lpr,slowheat_scroll,forward_transfer,1758462037,-0.21500000000000002
lpr,slowheat_scroll,forward_transfer,748737880,-0.266125
lpr,slowheat_scroll,forward_transfer,1611510062,-0.01999999999999999
lpr,slowheat_scroll,forward_transfer,333205446,-0.219
lpr,slowheat_scroll,forward_transfer,130501536,-0.059625000000000004
lpr,slowheat_scroll,forward_transfer,492612040,-0.147875
lpr,slowheat_scroll,task_aware_final_accuracy,2101606466,-0.050599999999999756
lpr,slowheat_scroll,task_aware_final_accuracy,1872839281,-0.050900000000000056
lpr,slowheat_scroll,task_aware_final_accuracy,637029796,-0.08670000000000011
lpr,slowheat_scroll,task_aware_final_accuracy,1357204345,-0.05989999999999995
lpr,slowheat_scroll,task_aware_final_accuracy,1758462037,-0.0737000000000001
lpr,slowheat_scroll,task_aware_final_accuracy,748737880,-0.045499999999999985
lpr,slowheat_scroll,task_aware_final_accuracy,1611510062,-0.06080000000000019
lpr,slowheat_scroll,task_aware_final_accuracy,333205446,-0.09859999999999991
lpr,slowheat_scroll,task_aware_final_accuracy,130501536,-0.026000000000000134
lpr,slowheat_scroll,task_aware_final_accuracy,492612040,-0.03649999999999998
lpr,slowheat_scroll,task_aware_forgetting,2101606466,-0.010625000000000051
lpr,slowheat_scroll,task_aware_forgetting,1872839281,-0.03875000000000001
lpr,slowheat_scroll,task_aware_forgetting,637029796,-0.013749999999999984
lpr,slowheat_scroll,task_aware_forgetting,1357204345,-0.003249999999999975
lpr,slowheat_scroll,task_aware_forgetting,1758462037,-0.0018750000000000155
lpr,slowheat_scroll,task_aware_forgetting,748737880,-0.012249999999999955
lpr,slowheat_scroll,task_aware_forgetting,1611510062,-0.039874999999999994
lpr,slowheat_scroll,task_aware_forgetting,333205446,0.031125000000000014
lpr,slowheat_scroll,task_aware_forgetting,130501536,-0.03150000000000003
lpr,slowheat_scroll,task_aware_forgetting,492612040,-0.028124999999999956
lpr,slowheat_scroll,classifier_gap,2101606466,-0.08519999999999972
lpr,slowheat_scroll,classifier_gap,1872839281,-0.06630000000000014
lpr,slowheat_scroll,classifier_gap,637029796,-0.11570000000000014
lpr,slowheat_scroll,classifier_gap,1357204345,-0.08229999999999998
lpr,slowheat_scroll,classifier_gap,1758462037,-0.05800000000000011
lpr,slowheat_scroll,classifier_gap,748737880,-0.07449999999999996
lpr,slowheat_scroll,classifier_gap,1611510062,-0.003700000000000203
lpr,slowheat_scroll,classifier_gap,333205446,-0.10459999999999992
lpr,slowheat_scroll,classifier_gap,130501536,0.002499999999999891
lpr,slowheat_scroll,classifier_gap,492612040,-0.08639999999999992
lpr,slowheat_scroll,elapsed_seconds,2101606466,-7.8751284049994865
lpr,slowheat_scroll,elapsed_seconds,1872839281,-7.821410806000131
lpr,slowheat_scroll,elapsed_seconds,637029796,-7.79010436200042
lpr,slowheat_scroll,elapsed_seconds,1357204345,-7.747751106000578
lpr,slowheat_scroll,elapsed_seconds,1758462037,-7.799239376001424
lpr,slowheat_scroll,elapsed_seconds,748737880,-7.789171546000944
lpr,slowheat_scroll,elapsed_seconds,1611510062,-7.925089854001271
lpr,slowheat_scroll,elapsed_seconds,333205446,-7.680020056997819
lpr,slowheat_scroll,elapsed_seconds,130501536,-7.89780929400149
lpr,slowheat_scroll,elapsed_seconds,492612040,-7.833708481997746
lpr,slowheat_scroll,learner_examples_processed,2101606466,-241152.0
lpr,slowheat_scroll,learner_examples_processed,1872839281,-241152.0
lpr,slowheat_scroll,learner_examples_processed,637029796,-241152.0
lpr,slowheat_scroll,learner_examples_processed,1357204345,-241152.0
lpr,slowheat_scroll,learner_examples_processed,1758462037,-241152.0
lpr,slowheat_scroll,learner_examples_processed,748737880,-241152.0
lpr,slowheat_scroll,learner_examples_processed,1611510062,-241152.0
lpr,slowheat_scroll,learner_examples_processed,333205446,-241152.0
lpr,slowheat_scroll,learner_examples_processed,130501536,-241152.0
lpr,slowheat_scroll,learner_examples_processed,492612040,-241152.0
lpr,slowheat_scroll,total_model_examples_processed,2101606466,-205432.0
lpr,slowheat_scroll,total_model_examples_processed,1872839281,-205432.0
lpr,slowheat_scroll,total_model_examples_processed,637029796,-205432.0
lpr,slowheat_scroll,total_model_examples_processed,1357204345,-205432.0
lpr,slowheat_scroll,total_model_examples_processed,1758462037,-205432.0
lpr,slowheat_scroll,total_model_examples_processed,748737880,-205432.0
lpr,slowheat_scroll,total_model_examples_processed,1611510062,-205432.0
lpr,slowheat_scroll,total_model_examples_processed,333205446,-205432.0
lpr,slowheat_scroll,total_model_examples_processed,130501536,-205432.0
lpr,slowheat_scroll,total_model_examples_processed,492612040,-205432.0
lpr,slowheat_scroll,estimated_total_flops,2101606466,-7722961797553.0
lpr,slowheat_scroll,estimated_total_flops,1872839281,-7722961797553.0
lpr,slowheat_scroll,estimated_total_flops,637029796,-7722961797553.0
lpr,slowheat_scroll,estimated_total_flops,1357204345,-7722961797553.0
lpr,slowheat_scroll,estimated_total_flops,1758462037,-7722961797553.0
lpr,slowheat_scroll,estimated_total_flops,748737880,-7722961797553.0
lpr,slowheat_scroll,estimated_total_flops,1611510062,-7722961797553.0
lpr,slowheat_scroll,estimated_total_flops,333205446,-7722961797553.0
lpr,slowheat_scroll,estimated_total_flops,130501536,-7722961797553.0
lpr,slowheat_scroll,estimated_total_flops,492612040,-7722961797553.0
lpr,slowheat_scroll,estimated_overhead_flops,2101606466,-12219818417.0
lpr,slowheat_scroll,estimated_overhead_flops,1872839281,-12219818417.0
lpr,slowheat_scroll,estimated_overhead_flops,637029796,-12219818417.0
lpr,slowheat_scroll,estimated_overhead_flops,1357204345,-12219818417.0
lpr,slowheat_scroll,estimated_overhead_flops,1758462037,-12219818417.0
lpr,slowheat_scroll,estimated_overhead_flops,748737880,-12219818417.0
lpr,slowheat_scroll,estimated_overhead_flops,1611510062,-12219818417.0
lpr,slowheat_scroll,estimated_overhead_flops,333205446,-12219818417.0
lpr,slowheat_scroll,estimated_overhead_flops,130501536,-12219818417.0
lpr,slowheat_scroll,estimated_overhead_flops,492612040,-12219818417.0
lpr,slowheat_scroll,replay_memory_bytes,2101606466,0.0
lpr,slowheat_scroll,replay_memory_bytes,1872839281,0.0
lpr,slowheat_scroll,replay_memory_bytes,637029796,0.0
lpr,slowheat_scroll,replay_memory_bytes,1357204345,0.0
lpr,slowheat_scroll,replay_memory_bytes,1758462037,0.0
lpr,slowheat_scroll,replay_memory_bytes,748737880,0.0
lpr,slowheat_scroll,replay_memory_bytes,1611510062,0.0
lpr,slowheat_scroll,replay_memory_bytes,333205446,0.0
lpr,slowheat_scroll,replay_memory_bytes,130501536,0.0
lpr,slowheat_scroll,replay_memory_bytes,492612040,0.0
lpr,slowheat_scroll,stored_logits_bytes,2101606466,0.0
lpr,slowheat_scroll,stored_logits_bytes,1872839281,0.0
lpr,slowheat_scroll,stored_logits_bytes,637029796,0.0
lpr,slowheat_scroll,stored_logits_bytes,1357204345,0.0
lpr,slowheat_scroll,stored_logits_bytes,1758462037,0.0
lpr,slowheat_scroll,stored_logits_bytes,748737880,0.0
lpr,slowheat_scroll,stored_logits_bytes,1611510062,0.0
lpr,slowheat_scroll,stored_logits_bytes,333205446,0.0
lpr,slowheat_scroll,stored_logits_bytes,130501536,0.0
lpr,slowheat_scroll,stored_logits_bytes,492612040,0.0
classifier_expander,vanilla,final_average_accuracy,2101606466,-0.14339999999999997
classifier_expander,vanilla,final_average_accuracy,1872839281,-0.13749999999999998
classifier_expander,vanilla,final_average_accuracy,637029796,-0.17900000000000002
classifier_expander,vanilla,final_average_accuracy,1357204345,-0.17570000000000002
classifier_expander,vanilla,final_average_accuracy,1758462037,-0.16819999999999996
classifier_expander,vanilla,final_average_accuracy,748737880,-0.17150000000000007
classifier_expander,vanilla,final_average_accuracy,1611510062,-0.15320000000000003
classifier_expander,vanilla,final_average_accuracy,333205446,-0.1437
classifier_expander,vanilla,final_average_accuracy,130501536,-0.18330000000000002
classifier_expander,vanilla,final_average_accuracy,492612040,-0.18259999999999998
classifier_expander,vanilla,average_forgetting,2101606466,0.5446249999999999
classifier_expander,vanilla,average_forgetting,1872839281,0.4896250000000001
classifier_expander,vanilla,average_forgetting,637029796,0.5589999999999999
classifier_expander,vanilla,average_forgetting,1357204345,0.5243749999999999
classifier_expander,vanilla,average_forgetting,1758462037,0.63225
classifier_expander,vanilla,average_forgetting,748737880,0.553125
classifier_expander,vanilla,average_forgetting,1611510062,0.54025
classifier_expander,vanilla,average_forgetting,333205446,0.5351250000000001
classifier_expander,vanilla,average_forgetting,130501536,0.594125
classifier_expander,vanilla,average_forgetting,492612040,0.54175
classifier_expander,vanilla,backward_transfer,2101606466,-0.605625
classifier_expander,vanilla,backward_transfer,1872839281,-0.534
classifier_expander,vanilla,backward_transfer,637029796,-0.6846249999999999
classifier_expander,vanilla,backward_transfer,1357204345,-0.6926249999999999
classifier_expander,vanilla,backward_transfer,1758462037,-0.7084999999999999
classifier_expander,vanilla,backward_transfer,748737880,-0.623375
classifier_expander,vanilla,backward_transfer,1611510062,-0.700625
classifier_expander,vanilla,backward_transfer,333205446,-0.6248750000000001
classifier_expander,vanilla,backward_transfer,130501536,-0.711875
classifier_expander,vanilla,backward_transfer,492612040,-0.687875
classifier_expander,vanilla,forward_transfer,2101606466,-0.10587500000000002
classifier_expander,vanilla,forward_transfer,1872839281,-0.13399999999999998
classifier_expander,vanilla,forward_transfer,637029796,-0.12875000000000003
classifier_expander,vanilla,forward_transfer,1357204345,-0.10012499999999999
classifier_expander,vanilla,forward_transfer,1758462037,-0.11349999999999999
classifier_expander,vanilla,forward_transfer,748737880,-0.14275
classifier_expander,vanilla,forward_transfer,1611510062,-0.006750000000000006
classifier_expander,vanilla,forward_transfer,333205446,-0.003999999999999998
classifier_expander,vanilla,forward_transfer,130501536,-0.084625
classifier_expander,vanilla,forward_transfer,492612040,-0.046249999999999986
classifier_expander,vanilla,task_aware_final_accuracy,2101606466,-0.27270000000000005
classifier_expander,vanilla,task_aware_final_accuracy,1872839281,-0.19529999999999992
classifier_expander,vanilla,task_aware_final_accuracy,637029796,-0.1665000000000001
classifier_expander,vanilla,task_aware_final_accuracy,1357204345,-0.22599999999999998
classifier_expander,vanilla,task_aware_final_accuracy,1758462037,-0.17079999999999995
classifier_expander,vanilla,task_aware_final_accuracy,748737880,-0.20009999999999983
classifier_expander,vanilla,task_aware_final_accuracy,1611510062,-0.16760000000000008
classifier_expander,vanilla,task_aware_final_accuracy,333205446,-0.23440000000000005
classifier_expander,vanilla,task_aware_final_accuracy,130501536,-0.2309000000000001
classifier_expander,vanilla,task_aware_final_accuracy,492612040,-0.23009999999999986
classifier_expander,vanilla,task_aware_forgetting,2101606466,0.34024999999999994
classifier_expander,vanilla,task_aware_forgetting,1872839281,0.24462500000000004
classifier_expander,vanilla,task_aware_forgetting,637029796,0.22862500000000002
classifier_expander,vanilla,task_aware_forgetting,1357204345,0.26937500000000003
classifier_expander,vanilla,task_aware_forgetting,1758462037,0.21499999999999997
classifier_expander,vanilla,task_aware_forgetting,748737880,0.26162499999999994
classifier_expander,vanilla,task_aware_forgetting,1611510062,0.21824999999999994
classifier_expander,vanilla,task_aware_forgetting,333205446,0.30262500000000003
classifier_expander,vanilla,task_aware_forgetting,130501536,0.28675
classifier_expander,vanilla,task_aware_forgetting,492612040,0.28562499999999996
classifier_expander,vanilla,classifier_gap,2101606466,-0.12930000000000003
classifier_expander,vanilla,classifier_gap,1872839281,-0.05779999999999991
classifier_expander,vanilla,classifier_gap,637029796,0.012499999999999956
classifier_expander,vanilla,classifier_gap,1357204345,-0.050299999999999956
classifier_expander,vanilla,classifier_gap,1758462037,-0.002599999999999991
classifier_expander,vanilla,classifier_gap,748737880,-0.028599999999999792
classifier_expander,vanilla,classifier_gap,1611510062,-0.01440000000000008
classifier_expander,vanilla,classifier_gap,333205446,-0.09070000000000006
classifier_expander,vanilla,classifier_gap,130501536,-0.04760000000000009
classifier_expander,vanilla,classifier_gap,492612040,-0.047499999999999876
classifier_expander,vanilla,elapsed_seconds,2101606466,-3.7203150389996154
classifier_expander,vanilla,elapsed_seconds,1872839281,-3.88217785300003
classifier_expander,vanilla,elapsed_seconds,637029796,-3.753418395999688
classifier_expander,vanilla,elapsed_seconds,1357204345,-3.8027112470008433
classifier_expander,vanilla,elapsed_seconds,1758462037,-3.871646397999939
classifier_expander,vanilla,elapsed_seconds,748737880,-3.8313578969973605
classifier_expander,vanilla,elapsed_seconds,1611510062,-3.933463641000344
classifier_expander,vanilla,elapsed_seconds,333205446,-4.116502345999834
classifier_expander,vanilla,elapsed_seconds,130501536,-3.389953587000491
classifier_expander,vanilla,elapsed_seconds,492612040,-3.8499759699952847
classifier_expander,vanilla,learner_examples_processed,2101606466,-81344.0
classifier_expander,vanilla,learner_examples_processed,1872839281,-81344.0
classifier_expander,vanilla,learner_examples_processed,637029796,-81344.0
classifier_expander,vanilla,learner_examples_processed,1357204345,-81344.0
classifier_expander,vanilla,learner_examples_processed,1758462037,-81344.0
classifier_expander,vanilla,learner_examples_processed,748737880,-81344.0
classifier_expander,vanilla,learner_examples_processed,1611510062,-81344.0
classifier_expander,vanilla,learner_examples_processed,333205446,-81344.0
classifier_expander,vanilla,learner_examples_processed,130501536,-81344.0
classifier_expander,vanilla,learner_examples_processed,492612040,-81344.0
classifier_expander,vanilla,total_model_examples_processed,2101606466,-161984.0
classifier_expander,vanilla,total_model_examples_processed,1872839281,-161984.0
classifier_expander,vanilla,total_model_examples_processed,637029796,-161984.0
classifier_expander,vanilla,total_model_examples_processed,1357204345,-161984.0
classifier_expander,vanilla,total_model_examples_processed,1758462037,-161984.0
classifier_expander,vanilla,total_model_examples_processed,748737880,-161984.0
classifier_expander,vanilla,total_model_examples_processed,1611510062,-161984.0
classifier_expander,vanilla,total_model_examples_processed,333205446,-161984.0
classifier_expander,vanilla,total_model_examples_processed,130501536,-161984.0
classifier_expander,vanilla,total_model_examples_processed,492612040,-161984.0
classifier_expander,vanilla,estimated_total_flops,2101606466,-3640149737472.0
classifier_expander,vanilla,estimated_total_flops,1872839281,-3640149737472.0
classifier_expander,vanilla,estimated_total_flops,637029796,-3640149737472.0
classifier_expander,vanilla,estimated_total_flops,1357204345,-3640149737472.0
classifier_expander,vanilla,estimated_total_flops,1758462037,-3640149737472.0
classifier_expander,vanilla,estimated_total_flops,748737880,-3640149737472.0
classifier_expander,vanilla,estimated_total_flops,1611510062,-3640149737472.0
classifier_expander,vanilla,estimated_total_flops,333205446,-3640149737472.0
classifier_expander,vanilla,estimated_total_flops,130501536,-3640149737472.0
classifier_expander,vanilla,estimated_total_flops,492612040,-3640149737472.0
classifier_expander,vanilla,estimated_overhead_flops,2101606466,0.0
classifier_expander,vanilla,estimated_overhead_flops,1872839281,0.0
classifier_expander,vanilla,estimated_overhead_flops,637029796,0.0
classifier_expander,vanilla,estimated_overhead_flops,1357204345,0.0
classifier_expander,vanilla,estimated_overhead_flops,1758462037,0.0
classifier_expander,vanilla,estimated_overhead_flops,748737880,0.0
classifier_expander,vanilla,estimated_overhead_flops,1611510062,0.0
classifier_expander,vanilla,estimated_overhead_flops,333205446,0.0
classifier_expander,vanilla,estimated_overhead_flops,130501536,0.0
classifier_expander,vanilla,estimated_overhead_flops,492612040,0.0
classifier_expander,vanilla,replay_memory_bytes,2101606466,-2459200.0
classifier_expander,vanilla,replay_memory_bytes,1872839281,-2459200.0
classifier_expander,vanilla,replay_memory_bytes,637029796,-2459200.0
classifier_expander,vanilla,replay_memory_bytes,1357204345,-2459200.0
classifier_expander,vanilla,replay_memory_bytes,1758462037,-2459200.0
classifier_expander,vanilla,replay_memory_bytes,748737880,-2459200.0
classifier_expander,vanilla,replay_memory_bytes,1611510062,-2459200.0
classifier_expander,vanilla,replay_memory_bytes,333205446,-2459200.0
classifier_expander,vanilla,replay_memory_bytes,130501536,-2459200.0
classifier_expander,vanilla,replay_memory_bytes,492612040,-2459200.0
classifier_expander,vanilla,stored_logits_bytes,2101606466,0.0
classifier_expander,vanilla,stored_logits_bytes,1872839281,0.0
classifier_expander,vanilla,stored_logits_bytes,637029796,0.0
classifier_expander,vanilla,stored_logits_bytes,1357204345,0.0
classifier_expander,vanilla,stored_logits_bytes,1758462037,0.0
classifier_expander,vanilla,stored_logits_bytes,748737880,0.0
classifier_expander,vanilla,stored_logits_bytes,1611510062,0.0
classifier_expander,vanilla,stored_logits_bytes,333205446,0.0
classifier_expander,vanilla,stored_logits_bytes,130501536,0.0
classifier_expander,vanilla,stored_logits_bytes,492612040,0.0
classifier_expander,slowheat_none,final_average_accuracy,2101606466,-0.13899999999999998
classifier_expander,slowheat_none,final_average_accuracy,1872839281,-0.13399999999999998
classifier_expander,slowheat_none,final_average_accuracy,637029796,-0.17950000000000005
classifier_expander,slowheat_none,final_average_accuracy,1357204345,-0.17620000000000002
classifier_expander,slowheat_none,final_average_accuracy,1758462037,-0.16699999999999998
classifier_expander,slowheat_none,final_average_accuracy,748737880,-0.17520000000000008
classifier_expander,slowheat_none,final_average_accuracy,1611510062,-0.15320000000000003
classifier_expander,slowheat_none,final_average_accuracy,333205446,-0.14709999999999998
classifier_expander,slowheat_none,final_average_accuracy,130501536,-0.18130000000000002
classifier_expander,slowheat_none,final_average_accuracy,492612040,-0.1815
classifier_expander,slowheat_none,average_forgetting,2101606466,0.5445
classifier_expander,slowheat_none,average_forgetting,1872839281,0.4902500000000001
classifier_expander,slowheat_none,average_forgetting,637029796,0.5609999999999999
classifier_expander,slowheat_none,average_forgetting,1357204345,0.528
classifier_expander,slowheat_none,average_forgetting,1758462037,0.63575
classifier_expander,slowheat_none,average_forgetting,748737880,0.55125
classifier_expander,slowheat_none,average_forgetting,1611510062,0.54075
classifier_expander,slowheat_none,average_forgetting,333205446,0.534875
classifier_expander,slowheat_none,average_forgetting,130501536,0.5931249999999999
classifier_expander,slowheat_none,average_forgetting,492612040,0.540125
classifier_expander,slowheat_none,backward_transfer,2101606466,-0.6055
classifier_expander,slowheat_none,backward_transfer,1872839281,-0.534625
classifier_expander,slowheat_none,backward_transfer,637029796,-0.6866249999999999
classifier_expander,slowheat_none,backward_transfer,1357204345,-0.69625
classifier_expander,slowheat_none,backward_transfer,1758462037,-0.712
classifier_expander,slowheat_none,backward_transfer,748737880,-0.6214999999999999
classifier_expander,slowheat_none,backward_transfer,1611510062,-0.701125
classifier_expander,slowheat_none,backward_transfer,333205446,-0.624625
classifier_expander,slowheat_none,backward_transfer,130501536,-0.7108749999999999
classifier_expander,slowheat_none,backward_transfer,492612040,-0.68625
classifier_expander,slowheat_none,forward_transfer,2101606466,-0.10587500000000002
classifier_expander,slowheat_none,forward_transfer,1872839281,-0.13349999999999998
classifier_expander,slowheat_none,forward_transfer,637029796,-0.13075
classifier_expander,slowheat_none,forward_transfer,1357204345,-0.10012499999999999
classifier_expander,slowheat_none,forward_transfer,1758462037,-0.112625
classifier_expander,slowheat_none,forward_transfer,748737880,-0.14150000000000001
classifier_expander,slowheat_none,forward_transfer,1611510062,-0.007000000000000006
classifier_expander,slowheat_none,forward_transfer,333205446,-0.0038749999999999982
classifier_expander,slowheat_none,forward_transfer,130501536,-0.084625
classifier_expander,slowheat_none,forward_transfer,492612040,-0.046124999999999985
classifier_expander,slowheat_none,task_aware_final_accuracy,2101606466,-0.1894999999999999
classifier_expander,slowheat_none,task_aware_final_accuracy,1872839281,-0.17220000000000002
classifier_expander,slowheat_none,task_aware_final_accuracy,637029796,-0.20220000000000016
classifier_expander,slowheat_none,task_aware_final_accuracy,1357204345,-0.16610000000000003
classifier_expander,slowheat_none,task_aware_final_accuracy,1758462037,-0.21489999999999998
classifier_expander,slowheat_none,task_aware_final_accuracy,748737880,-0.2517999999999999
classifier_expander,slowheat_none,task_aware_final_accuracy,1611510062,-0.16460000000000008
classifier_expander,slowheat_none,task_aware_final_accuracy,333205446,-0.20089999999999997
classifier_expander,slowheat_none,task_aware_final_accuracy,130501536,-0.2299
classifier_expander,slowheat_none,task_aware_final_accuracy,492612040,-0.1643
classifier_expander,slowheat_none,task_aware_forgetting,2101606466,0.241625
classifier_expander,slowheat_none,task_aware_forgetting,1872839281,0.22075
classifier_expander,slowheat_none,task_aware_forgetting,637029796,0.274625
classifier_expander,slowheat_none,task_aware_forgetting,1357204345,0.1975
classifier_expander,slowheat_none,task_aware_forgetting,1758462037,0.275125
classifier_expander,slowheat_none,task_aware_forgetting,748737880,0.31975
classifier_expander,slowheat_none,task_aware_forgetting,1611510062,0.21499999999999997
classifier_expander,slowheat_none,task_aware_forgetting,333205446,0.25625000000000003
classifier_expander,slowheat_none,task_aware_forgetting,130501536,0.287
classifier_expander,slowheat_none,task_aware_forgetting,492612040,0.203125
classifier_expander,slowheat_none,classifier_gap,2101606466,-0.05049999999999988
classifier_expander,slowheat_none,classifier_gap,1872839281,-0.03820000000000007
classifier_expander,slowheat_none,classifier_gap,637029796,-0.02270000000000011
classifier_expander,slowheat_none,classifier_gap,1357204345,0.010099999999999998
classifier_expander,slowheat_none,classifier_gap,1758462037,-0.0479
classifier_expander,slowheat_none,classifier_gap,748737880,-0.07659999999999983
classifier_expander,slowheat_none,classifier_gap,1611510062,-0.011400000000000077
classifier_expander,slowheat_none,classifier_gap,333205446,-0.05379999999999996
classifier_expander,slowheat_none,classifier_gap,130501536,-0.04859999999999998
classifier_expander,slowheat_none,classifier_gap,492612040,0.017199999999999993
classifier_expander,slowheat_none,elapsed_seconds,2101606466,1.231724490000488
classifier_expander,slowheat_none,elapsed_seconds,1872839281,1.09128098599831
classifier_expander,slowheat_none,elapsed_seconds,637029796,1.1699197310008458
classifier_expander,slowheat_none,elapsed_seconds,1357204345,1.2117421719995036
classifier_expander,slowheat_none,elapsed_seconds,1758462037,1.0368536909991235
classifier_expander,slowheat_none,elapsed_seconds,748737880,1.1834346230007213
classifier_expander,slowheat_none,elapsed_seconds,1611510062,1.1084697019996383
classifier_expander,slowheat_none,elapsed_seconds,333205446,1.0313087020003877
classifier_expander,slowheat_none,elapsed_seconds,130501536,1.6264865350021864
classifier_expander,slowheat_none,elapsed_seconds,492612040,1.1919381110019458
classifier_expander,slowheat_none,learner_examples_processed,2101606466,-81344.0
classifier_expander,slowheat_none,learner_examples_processed,1872839281,-81344.0
classifier_expander,slowheat_none,learner_examples_processed,637029796,-81344.0
classifier_expander,slowheat_none,learner_examples_processed,1357204345,-81344.0
classifier_expander,slowheat_none,learner_examples_processed,1758462037,-81344.0
classifier_expander,slowheat_none,learner_examples_processed,748737880,-81344.0
classifier_expander,slowheat_none,learner_examples_processed,1611510062,-81344.0
classifier_expander,slowheat_none,learner_examples_processed,333205446,-81344.0
classifier_expander,slowheat_none,learner_examples_processed,130501536,-81344.0
classifier_expander,slowheat_none,learner_examples_processed,492612040,-81344.0
classifier_expander,slowheat_none,total_model_examples_processed,2101606466,-161984.0
classifier_expander,slowheat_none,total_model_examples_processed,1872839281,-161984.0
classifier_expander,slowheat_none,total_model_examples_processed,637029796,-161984.0
classifier_expander,slowheat_none,total_model_examples_processed,1357204345,-161984.0
classifier_expander,slowheat_none,total_model_examples_processed,1758462037,-161984.0
classifier_expander,slowheat_none,total_model_examples_processed,748737880,-161984.0
classifier_expander,slowheat_none,total_model_examples_processed,1611510062,-161984.0
classifier_expander,slowheat_none,total_model_examples_processed,333205446,-161984.0
classifier_expander,slowheat_none,total_model_examples_processed,130501536,-161984.0
classifier_expander,slowheat_none,total_model_examples_processed,492612040,-161984.0
classifier_expander,slowheat_none,estimated_total_flops,2101606466,-3640029668922.0
classifier_expander,slowheat_none,estimated_total_flops,1872839281,-3640029668922.0
classifier_expander,slowheat_none,estimated_total_flops,637029796,-3640029668922.0
classifier_expander,slowheat_none,estimated_total_flops,1357204345,-3640029668922.0
classifier_expander,slowheat_none,estimated_total_flops,1758462037,-3640029668922.0
classifier_expander,slowheat_none,estimated_total_flops,748737880,-3640029668922.0
classifier_expander,slowheat_none,estimated_total_flops,1611510062,-3640029668922.0
classifier_expander,slowheat_none,estimated_total_flops,333205446,-3640029668922.0
classifier_expander,slowheat_none,estimated_total_flops,130501536,-3640029668922.0
classifier_expander,slowheat_none,estimated_total_flops,492612040,-3640029668922.0
classifier_expander,slowheat_none,estimated_overhead_flops,2101606466,120068550.0
classifier_expander,slowheat_none,estimated_overhead_flops,1872839281,120068550.0
classifier_expander,slowheat_none,estimated_overhead_flops,637029796,120068550.0
classifier_expander,slowheat_none,estimated_overhead_flops,1357204345,120068550.0
classifier_expander,slowheat_none,estimated_overhead_flops,1758462037,120068550.0
classifier_expander,slowheat_none,estimated_overhead_flops,748737880,120068550.0
classifier_expander,slowheat_none,estimated_overhead_flops,1611510062,120068550.0
classifier_expander,slowheat_none,estimated_overhead_flops,333205446,120068550.0
classifier_expander,slowheat_none,estimated_overhead_flops,130501536,120068550.0
classifier_expander,slowheat_none,estimated_overhead_flops,492612040,120068550.0
classifier_expander,slowheat_none,replay_memory_bytes,2101606466,-2459200.0
classifier_expander,slowheat_none,replay_memory_bytes,1872839281,-2459200.0
classifier_expander,slowheat_none,replay_memory_bytes,637029796,-2459200.0
classifier_expander,slowheat_none,replay_memory_bytes,1357204345,-2459200.0
classifier_expander,slowheat_none,replay_memory_bytes,1758462037,-2459200.0
classifier_expander,slowheat_none,replay_memory_bytes,748737880,-2459200.0
classifier_expander,slowheat_none,replay_memory_bytes,1611510062,-2459200.0
classifier_expander,slowheat_none,replay_memory_bytes,333205446,-2459200.0
classifier_expander,slowheat_none,replay_memory_bytes,130501536,-2459200.0
classifier_expander,slowheat_none,replay_memory_bytes,492612040,-2459200.0
classifier_expander,slowheat_none,stored_logits_bytes,2101606466,0.0
classifier_expander,slowheat_none,stored_logits_bytes,1872839281,0.0
classifier_expander,slowheat_none,stored_logits_bytes,637029796,0.0
classifier_expander,slowheat_none,stored_logits_bytes,1357204345,0.0
classifier_expander,slowheat_none,stored_logits_bytes,1758462037,0.0
classifier_expander,slowheat_none,stored_logits_bytes,748737880,0.0
classifier_expander,slowheat_none,stored_logits_bytes,1611510062,0.0
classifier_expander,slowheat_none,stored_logits_bytes,333205446,0.0
classifier_expander,slowheat_none,stored_logits_bytes,130501536,0.0
classifier_expander,slowheat_none,stored_logits_bytes,492612040,0.0
classifier_expander,slowheat_unidirectional,final_average_accuracy,2101606466,-0.14469999999999997
classifier_expander,slowheat_unidirectional,final_average_accuracy,1872839281,-0.1425
classifier_expander,slowheat_unidirectional,final_average_accuracy,637029796,-0.18620000000000003
classifier_expander,slowheat_unidirectional,final_average_accuracy,1357204345,-0.17780000000000004
classifier_expander,slowheat_unidirectional,final_average_accuracy,1758462037,-0.17329999999999998
classifier_expander,slowheat_unidirectional,final_average_accuracy,748737880,-0.17680000000000007
classifier_expander,slowheat_unidirectional,final_average_accuracy,1611510062,-0.16080000000000003
classifier_expander,slowheat_unidirectional,final_average_accuracy,333205446,-0.14379999999999998
classifier_expander,slowheat_unidirectional,final_average_accuracy,130501536,-0.18250000000000002
classifier_expander,slowheat_unidirectional,final_average_accuracy,492612040,-0.18439999999999998
classifier_expander,slowheat_unidirectional,average_forgetting,2101606466,0.522375
classifier_expander,slowheat_unidirectional,average_forgetting,1872839281,0.45887500000000003
classifier_expander,slowheat_unidirectional,average_forgetting,637029796,0.53175
classifier_expander,slowheat_unidirectional,average_forgetting,1357204345,0.5033749999999999
classifier_expander,slowheat_unidirectional,average_forgetting,1758462037,0.619125
classifier_expander,slowheat_unidirectional,average_forgetting,748737880,0.5205000000000001
classifier_expander,slowheat_unidirectional,average_forgetting,1611510062,0.5255
classifier_expander,slowheat_unidirectional,average_forgetting,333205446,0.5089999999999999
classifier_expander,slowheat_unidirectional,average_forgetting,130501536,0.5706249999999999
classifier_expander,slowheat_unidirectional,average_forgetting,492612040,0.5175000000000001
classifier_expander,slowheat_unidirectional,backward_transfer,2101606466,-0.583375
classifier_expander,slowheat_unidirectional,backward_transfer,1872839281,-0.50325
classifier_expander,slowheat_unidirectional,backward_transfer,637029796,-0.6573749999999999
classifier_expander,slowheat_unidirectional,backward_transfer,1357204345,-0.6716249999999999
classifier_expander,slowheat_unidirectional,backward_transfer,1758462037,-0.695375
classifier_expander,slowheat_unidirectional,backward_transfer,748737880,-0.5907500000000001
classifier_expander,slowheat_unidirectional,backward_transfer,1611510062,-0.685875
classifier_expander,slowheat_unidirectional,backward_transfer,333205446,-0.5987499999999999
classifier_expander,slowheat_unidirectional,backward_transfer,130501536,-0.688375
classifier_expander,slowheat_unidirectional,backward_transfer,492612040,-0.6636250000000001
classifier_expander,slowheat_unidirectional,forward_transfer,2101606466,-0.10637500000000003
classifier_expander,slowheat_unidirectional,forward_transfer,1872839281,-0.13362499999999997
classifier_expander,slowheat_unidirectional,forward_transfer,637029796,-0.130625
classifier_expander,slowheat_unidirectional,forward_transfer,1357204345,-0.10012499999999999
classifier_expander,slowheat_unidirectional,forward_transfer,1758462037,-0.114125
classifier_expander,slowheat_unidirectional,forward_transfer,748737880,-0.14137499999999997
classifier_expander,slowheat_unidirectional,forward_transfer,1611510062,-0.00687500000000002
classifier_expander,slowheat_unidirectional,forward_transfer,333205446,-0.003999999999999998
classifier_expander,slowheat_unidirectional,forward_transfer,130501536,-0.084625
classifier_expander,slowheat_unidirectional,forward_transfer,492612040,-0.046124999999999985
classifier_expander,slowheat_unidirectional,task_aware_final_accuracy,2101606466,-0.21909999999999996
classifier_expander,slowheat_unidirectional,task_aware_final_accuracy,1872839281,-0.25350000000000006
classifier_expander,slowheat_unidirectional,task_aware_final_accuracy,637029796,-0.23030000000000006
classifier_expander,slowheat_unidirectional,task_aware_final_accuracy,1357204345,-0.17289999999999994
classifier_expander,slowheat_unidirectional,task_aware_final_accuracy,1758462037,-0.20079999999999998
classifier_expander,slowheat_unidirectional,task_aware_final_accuracy,748737880,-0.21519999999999995
classifier_expander,slowheat_unidirectional,task_aware_final_accuracy,1611510062,-0.2552000000000002
classifier_expander,slowheat_unidirectional,task_aware_final_accuracy,333205446,-0.18590000000000007
classifier_expander,slowheat_unidirectional,task_aware_final_accuracy,130501536,-0.16190000000000004
classifier_expander,slowheat_unidirectional,task_aware_final_accuracy,492612040,-0.16669999999999996
classifier_expander,slowheat_unidirectional,task_aware_forgetting,2101606466,0.24937500000000004
classifier_expander,slowheat_unidirectional,task_aware_forgetting,1872839281,0.280375
classifier_expander,slowheat_unidirectional,task_aware_forgetting,637029796,0.27212500000000006
classifier_expander,slowheat_unidirectional,task_aware_forgetting,1357204345,0.17937499999999995
classifier_expander,slowheat_unidirectional,task_aware_forgetting,1758462037,0.23299999999999998
classifier_expander,slowheat_unidirectional,task_aware_forgetting,748737880,0.24125000000000002
classifier_expander,slowheat_unidirectional,task_aware_forgetting,1611510062,0.3035
classifier_expander,slowheat_unidirectional,task_aware_forgetting,333205446,0.21575000000000005
classifier_expander,slowheat_unidirectional,task_aware_forgetting,130501536,0.178
classifier_expander,slowheat_unidirectional,task_aware_forgetting,492612040,0.17987499999999998
classifier_expander,slowheat_unidirectional,classifier_gap,2101606466,-0.07439999999999991
classifier_expander,slowheat_unidirectional,classifier_gap,1872839281,-0.11100000000000004
classifier_expander,slowheat_unidirectional,classifier_gap,637029796,-0.04410000000000003
classifier_expander,slowheat_unidirectional,classifier_gap,1357204345,0.004900000000000071
classifier_expander,slowheat_unidirectional,classifier_gap,1758462037,-0.02749999999999997
classifier_expander,slowheat_unidirectional,classifier_gap,748737880,-0.03839999999999988
classifier_expander,slowheat_unidirectional,classifier_gap,1611510062,-0.09440000000000015
classifier_expander,slowheat_unidirectional,classifier_gap,333205446,-0.04210000000000008
classifier_expander,slowheat_unidirectional,classifier_gap,130501536,0.02059999999999995
classifier_expander,slowheat_unidirectional,classifier_gap,492612040,0.01770000000000005
classifier_expander,slowheat_unidirectional,elapsed_seconds,2101606466,0.6886156529999425
classifier_expander,slowheat_unidirectional,elapsed_seconds,1872839281,0.7677154629982397
classifier_expander,slowheat_unidirectional,elapsed_seconds,637029796,0.7129818970006454
classifier_expander,slowheat_unidirectional,elapsed_seconds,1357204345,0.966956238999046
classifier_expander,slowheat_unidirectional,elapsed_seconds,1758462037,0.6185158459993545
classifier_expander,slowheat_unidirectional,elapsed_seconds,748737880,0.7396263770024234
classifier_expander,slowheat_unidirectional,elapsed_seconds,1611510062,0.537797300998136
classifier_expander,slowheat_unidirectional,elapsed_seconds,333205446,0.3941655630005698
classifier_expander,slowheat_unidirectional,elapsed_seconds,130501536,1.1553877639998973
classifier_expander,slowheat_unidirectional,elapsed_seconds,492612040,0.8088620790040295
classifier_expander,slowheat_unidirectional,learner_examples_processed,2101606466,-81344.0
classifier_expander,slowheat_unidirectional,learner_examples_processed,1872839281,-81344.0
classifier_expander,slowheat_unidirectional,learner_examples_processed,637029796,-81344.0
classifier_expander,slowheat_unidirectional,learner_examples_processed,1357204345,-81344.0
classifier_expander,slowheat_unidirectional,learner_examples_processed,1758462037,-81344.0
classifier_expander,slowheat_unidirectional,learner_examples_processed,748737880,-81344.0
classifier_expander,slowheat_unidirectional,learner_examples_processed,1611510062,-81344.0
classifier_expander,slowheat_unidirectional,learner_examples_processed,333205446,-81344.0
classifier_expander,slowheat_unidirectional,learner_examples_processed,130501536,-81344.0
classifier_expander,slowheat_unidirectional,learner_examples_processed,492612040,-81344.0
classifier_expander,slowheat_unidirectional,total_model_examples_processed,2101606466,-161984.0
classifier_expander,slowheat_unidirectional,total_model_examples_processed,1872839281,-161984.0
classifier_expander,slowheat_unidirectional,total_model_examples_processed,637029796,-161984.0
classifier_expander,slowheat_unidirectional,total_model_examples_processed,1357204345,-161984.0
classifier_expander,slowheat_unidirectional,total_model_examples_processed,1758462037,-161984.0
classifier_expander,slowheat_unidirectional,total_model_examples_processed,748737880,-161984.0
classifier_expander,slowheat_unidirectional,total_model_examples_processed,1611510062,-161984.0
classifier_expander,slowheat_unidirectional,total_model_examples_processed,333205446,-161984.0
classifier_expander,slowheat_unidirectional,total_model_examples_processed,130501536,-161984.0
classifier_expander,slowheat_unidirectional,total_model_examples_processed,492612040,-161984.0
classifier_expander,slowheat_unidirectional,estimated_total_flops,2101606466,-3640029666002.0
classifier_expander,slowheat_unidirectional,estimated_total_flops,1872839281,-3640029666002.0
classifier_expander,slowheat_unidirectional,estimated_total_flops,637029796,-3640029666002.0
classifier_expander,slowheat_unidirectional,estimated_total_flops,1357204345,-3640029666002.0
classifier_expander,slowheat_unidirectional,estimated_total_flops,1758462037,-3640029666002.0
classifier_expander,slowheat_unidirectional,estimated_total_flops,748737880,-3640029666002.0
classifier_expander,slowheat_unidirectional,estimated_total_flops,1611510062,-3640029666002.0
classifier_expander,slowheat_unidirectional,estimated_total_flops,333205446,-3640029666002.0
classifier_expander,slowheat_unidirectional,estimated_total_flops,130501536,-3640029666002.0
classifier_expander,slowheat_unidirectional,estimated_total_flops,492612040,-3640029666002.0
classifier_expander,slowheat_unidirectional,estimated_overhead_flops,2101606466,120071470.0
classifier_expander,slowheat_unidirectional,estimated_overhead_flops,1872839281,120071470.0
classifier_expander,slowheat_unidirectional,estimated_overhead_flops,637029796,120071470.0
classifier_expander,slowheat_unidirectional,estimated_overhead_flops,1357204345,120071470.0
classifier_expander,slowheat_unidirectional,estimated_overhead_flops,1758462037,120071470.0
classifier_expander,slowheat_unidirectional,estimated_overhead_flops,748737880,120071470.0
classifier_expander,slowheat_unidirectional,estimated_overhead_flops,1611510062,120071470.0
classifier_expander,slowheat_unidirectional,estimated_overhead_flops,333205446,120071470.0
classifier_expander,slowheat_unidirectional,estimated_overhead_flops,130501536,120071470.0
classifier_expander,slowheat_unidirectional,estimated_overhead_flops,492612040,120071470.0
classifier_expander,slowheat_unidirectional,replay_memory_bytes,2101606466,-2459200.0
classifier_expander,slowheat_unidirectional,replay_memory_bytes,1872839281,-2459200.0
classifier_expander,slowheat_unidirectional,replay_memory_bytes,637029796,-2459200.0
classifier_expander,slowheat_unidirectional,replay_memory_bytes,1357204345,-2459200.0
classifier_expander,slowheat_unidirectional,replay_memory_bytes,1758462037,-2459200.0
classifier_expander,slowheat_unidirectional,replay_memory_bytes,748737880,-2459200.0
classifier_expander,slowheat_unidirectional,replay_memory_bytes,1611510062,-2459200.0
classifier_expander,slowheat_unidirectional,replay_memory_bytes,333205446,-2459200.0
classifier_expander,slowheat_unidirectional,replay_memory_bytes,130501536,-2459200.0
classifier_expander,slowheat_unidirectional,replay_memory_bytes,492612040,-2459200.0
classifier_expander,slowheat_unidirectional,stored_logits_bytes,2101606466,0.0
classifier_expander,slowheat_unidirectional,stored_logits_bytes,1872839281,0.0
classifier_expander,slowheat_unidirectional,stored_logits_bytes,637029796,0.0
classifier_expander,slowheat_unidirectional,stored_logits_bytes,1357204345,0.0
classifier_expander,slowheat_unidirectional,stored_logits_bytes,1758462037,0.0
classifier_expander,slowheat_unidirectional,stored_logits_bytes,748737880,0.0
classifier_expander,slowheat_unidirectional,stored_logits_bytes,1611510062,0.0
classifier_expander,slowheat_unidirectional,stored_logits_bytes,333205446,0.0
classifier_expander,slowheat_unidirectional,stored_logits_bytes,130501536,0.0
classifier_expander,slowheat_unidirectional,stored_logits_bytes,492612040,0.0
classifier_expander,slowheat,final_average_accuracy,2101606466,-0.15769999999999998
classifier_expander,slowheat,final_average_accuracy,1872839281,-0.14689999999999998
classifier_expander,slowheat,final_average_accuracy,637029796,-0.20090000000000002
classifier_expander,slowheat,final_average_accuracy,1357204345,-0.19310000000000005
classifier_expander,slowheat,final_average_accuracy,1758462037,-0.18409999999999999
classifier_expander,slowheat,final_average_accuracy,748737880,-0.18300000000000005
classifier_expander,slowheat,final_average_accuracy,1611510062,-0.18260000000000004
classifier_expander,slowheat,final_average_accuracy,333205446,-0.1848
classifier_expander,slowheat,final_average_accuracy,130501536,-0.20550000000000004
classifier_expander,slowheat,final_average_accuracy,492612040,-0.2022
classifier_expander,slowheat,average_forgetting,2101606466,0.4788750000000001
classifier_expander,slowheat,average_forgetting,1872839281,0.43600000000000017
classifier_expander,slowheat,average_forgetting,637029796,0.48224999999999996
classifier_expander,slowheat,average_forgetting,1357204345,0.473
classifier_expander,slowheat,average_forgetting,1758462037,0.58925
classifier_expander,slowheat,average_forgetting,748737880,0.50075
classifier_expander,slowheat,average_forgetting,1611510062,0.4851249999999999
classifier_expander,slowheat,average_forgetting,333205446,0.48799999999999993
classifier_expander,slowheat,average_forgetting,130501536,0.5294999999999999
classifier_expander,slowheat,average_forgetting,492612040,0.47975
classifier_expander,slowheat,backward_transfer,2101606466,-0.5398750000000001
classifier_expander,slowheat,backward_transfer,1872839281,-0.4803750000000001
classifier_expander,slowheat,backward_transfer,637029796,-0.6078749999999999
classifier_expander,slowheat,backward_transfer,1357204345,-0.64125
classifier_expander,slowheat,backward_transfer,1758462037,-0.6655
classifier_expander,slowheat,backward_transfer,748737880,-0.571
classifier_expander,slowheat,backward_transfer,1611510062,-0.6455
classifier_expander,slowheat,backward_transfer,333205446,-0.57775
classifier_expander,slowheat,backward_transfer,130501536,-0.6472499999999999
classifier_expander,slowheat,backward_transfer,492612040,-0.625875
classifier_expander,slowheat,forward_transfer,2101606466,-0.10637500000000003
classifier_expander,slowheat,forward_transfer,1872839281,-0.13499999999999998
classifier_expander,slowheat,forward_transfer,637029796,-0.13287500000000002
classifier_expander,slowheat,forward_transfer,1357204345,-0.10012499999999999
classifier_expander,slowheat,forward_transfer,1758462037,-0.112875
classifier_expander,slowheat,forward_transfer,748737880,-0.14125
classifier_expander,slowheat,forward_transfer,1611510062,-0.007000000000000006
classifier_expander,slowheat,forward_transfer,333205446,-0.003999999999999998
classifier_expander,slowheat,forward_transfer,130501536,-0.084625
classifier_expander,slowheat,forward_transfer,492612040,-0.046374999999999986
classifier_expander,slowheat,task_aware_final_accuracy,2101606466,-0.25759999999999994
classifier_expander,slowheat,task_aware_final_accuracy,1872839281,-0.22750000000000004
classifier_expander,slowheat,task_aware_final_accuracy,637029796,-0.24570000000000014
classifier_expander,slowheat,task_aware_final_accuracy,1357204345,-0.2471000000000001
classifier_expander,slowheat,task_aware_final_accuracy,1758462037,-0.24129999999999996
classifier_expander,slowheat,task_aware_final_accuracy,748737880,-0.22599999999999998
classifier_expander,slowheat,task_aware_final_accuracy,1611510062,-0.2713000000000001
classifier_expander,slowheat,task_aware_final_accuracy,333205446,-0.2721000000000001
classifier_expander,slowheat,task_aware_final_accuracy,130501536,-0.2391000000000002
classifier_expander,slowheat,task_aware_final_accuracy,492612040,-0.2772
classifier_expander,slowheat,task_aware_forgetting,2101606466,0.23775000000000004
classifier_expander,slowheat,task_aware_forgetting,1872839281,0.21950000000000003
classifier_expander,slowheat,task_aware_forgetting,637029796,0.22350000000000003
classifier_expander,slowheat,task_aware_forgetting,1357204345,0.22262500000000002
classifier_expander,slowheat,task_aware_forgetting,1758462037,0.24025000000000002
classifier_expander,slowheat,task_aware_forgetting,748737880,0.22724999999999995
classifier_expander,slowheat,task_aware_forgetting,1611510062,0.256
classifier_expander,slowheat,task_aware_forgetting,333205446,0.25125000000000003
classifier_expander,slowheat,task_aware_forgetting,130501536,0.204625
classifier_expander,slowheat,task_aware_forgetting,492612040,0.258
classifier_expander,slowheat,classifier_gap,2101606466,-0.09989999999999988
classifier_expander,slowheat,classifier_gap,1872839281,-0.08060000000000006
classifier_expander,slowheat,classifier_gap,637029796,-0.04480000000000012
classifier_expander,slowheat,classifier_gap,1357204345,-0.05400000000000005
classifier_expander,slowheat,classifier_gap,1758462037,-0.05719999999999997
classifier_expander,slowheat,classifier_gap,748737880,-0.04299999999999993
classifier_expander,slowheat,classifier_gap,1611510062,-0.08870000000000006
classifier_expander,slowheat,classifier_gap,333205446,-0.08730000000000016
classifier_expander,slowheat,classifier_gap,130501536,-0.033600000000000185
classifier_expander,slowheat,classifier_gap,492612040,-0.07500000000000001
classifier_expander,slowheat,elapsed_seconds,2101606466,1.1514060340014112
classifier_expander,slowheat,elapsed_seconds,1872839281,1.2321444539993536
classifier_expander,slowheat,elapsed_seconds,637029796,1.2644703429996298
classifier_expander,slowheat,elapsed_seconds,1357204345,1.3472290859990608
classifier_expander,slowheat,elapsed_seconds,1758462037,1.189715795999291
classifier_expander,slowheat,elapsed_seconds,748737880,1.2411892790023558
classifier_expander,slowheat,elapsed_seconds,1611510062,1.2383935839989135
classifier_expander,slowheat,elapsed_seconds,333205446,1.0825230660011584
classifier_expander,slowheat,elapsed_seconds,130501536,1.5718665330023214
classifier_expander,slowheat,elapsed_seconds,492612040,1.2182984740029497
classifier_expander,slowheat,learner_examples_processed,2101606466,-81344.0
classifier_expander,slowheat,learner_examples_processed,1872839281,-81344.0
classifier_expander,slowheat,learner_examples_processed,637029796,-81344.0
classifier_expander,slowheat,learner_examples_processed,1357204345,-81344.0
classifier_expander,slowheat,learner_examples_processed,1758462037,-81344.0
classifier_expander,slowheat,learner_examples_processed,748737880,-81344.0
classifier_expander,slowheat,learner_examples_processed,1611510062,-81344.0
classifier_expander,slowheat,learner_examples_processed,333205446,-81344.0
classifier_expander,slowheat,learner_examples_processed,130501536,-81344.0
classifier_expander,slowheat,learner_examples_processed,492612040,-81344.0
classifier_expander,slowheat,total_model_examples_processed,2101606466,-161984.0
classifier_expander,slowheat,total_model_examples_processed,1872839281,-161984.0
classifier_expander,slowheat,total_model_examples_processed,637029796,-161984.0
classifier_expander,slowheat,total_model_examples_processed,1357204345,-161984.0
classifier_expander,slowheat,total_model_examples_processed,1758462037,-161984.0
classifier_expander,slowheat,total_model_examples_processed,748737880,-161984.0
classifier_expander,slowheat,total_model_examples_processed,1611510062,-161984.0
classifier_expander,slowheat,total_model_examples_processed,333205446,-161984.0
classifier_expander,slowheat,total_model_examples_processed,130501536,-161984.0
classifier_expander,slowheat,total_model_examples_processed,492612040,-161984.0
classifier_expander,slowheat,estimated_total_flops,2101606466,-3640029666002.0
classifier_expander,slowheat,estimated_total_flops,1872839281,-3640029666002.0
classifier_expander,slowheat,estimated_total_flops,637029796,-3640029666002.0
classifier_expander,slowheat,estimated_total_flops,1357204345,-3640029666002.0
classifier_expander,slowheat,estimated_total_flops,1758462037,-3640029666002.0
classifier_expander,slowheat,estimated_total_flops,748737880,-3640029666002.0
classifier_expander,slowheat,estimated_total_flops,1611510062,-3640029666002.0
classifier_expander,slowheat,estimated_total_flops,333205446,-3640029666002.0
classifier_expander,slowheat,estimated_total_flops,130501536,-3640029666002.0
classifier_expander,slowheat,estimated_total_flops,492612040,-3640029666002.0
classifier_expander,slowheat,estimated_overhead_flops,2101606466,120071470.0
classifier_expander,slowheat,estimated_overhead_flops,1872839281,120071470.0
classifier_expander,slowheat,estimated_overhead_flops,637029796,120071470.0
classifier_expander,slowheat,estimated_overhead_flops,1357204345,120071470.0
classifier_expander,slowheat,estimated_overhead_flops,1758462037,120071470.0
classifier_expander,slowheat,estimated_overhead_flops,748737880,120071470.0
classifier_expander,slowheat,estimated_overhead_flops,1611510062,120071470.0
classifier_expander,slowheat,estimated_overhead_flops,333205446,120071470.0
classifier_expander,slowheat,estimated_overhead_flops,130501536,120071470.0
classifier_expander,slowheat,estimated_overhead_flops,492612040,120071470.0
classifier_expander,slowheat,replay_memory_bytes,2101606466,-2459200.0
classifier_expander,slowheat,replay_memory_bytes,1872839281,-2459200.0
classifier_expander,slowheat,replay_memory_bytes,637029796,-2459200.0
classifier_expander,slowheat,replay_memory_bytes,1357204345,-2459200.0
classifier_expander,slowheat,replay_memory_bytes,1758462037,-2459200.0
classifier_expander,slowheat,replay_memory_bytes,748737880,-2459200.0
classifier_expander,slowheat,replay_memory_bytes,1611510062,-2459200.0
classifier_expander,slowheat,replay_memory_bytes,333205446,-2459200.0
classifier_expander,slowheat,replay_memory_bytes,130501536,-2459200.0
classifier_expander,slowheat,replay_memory_bytes,492612040,-2459200.0
classifier_expander,slowheat,stored_logits_bytes,2101606466,0.0
classifier_expander,slowheat,stored_logits_bytes,1872839281,0.0
classifier_expander,slowheat,stored_logits_bytes,637029796,0.0
classifier_expander,slowheat,stored_logits_bytes,1357204345,0.0
classifier_expander,slowheat,stored_logits_bytes,1758462037,0.0
classifier_expander,slowheat,stored_logits_bytes,748737880,0.0
classifier_expander,slowheat,stored_logits_bytes,1611510062,0.0
classifier_expander,slowheat,stored_logits_bytes,333205446,0.0
classifier_expander,slowheat,stored_logits_bytes,130501536,0.0
classifier_expander,slowheat,stored_logits_bytes,492612040,0.0
classifier_expander,hard_freeze,final_average_accuracy,2101606466,-0.16249999999999998
classifier_expander,hard_freeze,final_average_accuracy,1872839281,-0.15349999999999997
classifier_expander,hard_freeze,final_average_accuracy,637029796,-0.20090000000000002
classifier_expander,hard_freeze,final_average_accuracy,1357204345,-0.20360000000000003
classifier_expander,hard_freeze,final_average_accuracy,1758462037,-0.19469999999999998
classifier_expander,hard_freeze,final_average_accuracy,748737880,-0.19740000000000008
classifier_expander,hard_freeze,final_average_accuracy,1611510062,-0.17640000000000003
classifier_expander,hard_freeze,final_average_accuracy,333205446,-0.1783
classifier_expander,hard_freeze,final_average_accuracy,130501536,-0.18530000000000005
classifier_expander,hard_freeze,final_average_accuracy,492612040,-0.20529999999999998
classifier_expander,hard_freeze,average_forgetting,2101606466,0.4846249999999999
classifier_expander,hard_freeze,average_forgetting,1872839281,0.4315000000000001
classifier_expander,hard_freeze,average_forgetting,637029796,0.48362499999999997
classifier_expander,hard_freeze,average_forgetting,1357204345,0.459375
classifier_expander,hard_freeze,average_forgetting,1758462037,0.573875
classifier_expander,hard_freeze,average_forgetting,748737880,0.491625
classifier_expander,hard_freeze,average_forgetting,1611510062,0.47725000000000006
classifier_expander,hard_freeze,average_forgetting,333205446,0.47174999999999995
classifier_expander,hard_freeze,average_forgetting,130501536,0.47074999999999995
classifier_expander,hard_freeze,average_forgetting,492612040,0.47787500000000005
classifier_expander,hard_freeze,backward_transfer,2101606466,-0.5456249999999999
classifier_expander,hard_freeze,backward_transfer,1872839281,-0.47587500000000005
classifier_expander,hard_freeze,backward_transfer,637029796,-0.60925
classifier_expander,hard_freeze,backward_transfer,1357204345,-0.627625
classifier_expander,hard_freeze,backward_transfer,1758462037,-0.650125
classifier_expander,hard_freeze,backward_transfer,748737880,-0.5618749999999999
classifier_expander,hard_freeze,backward_transfer,1611510062,-0.6376250000000001
classifier_expander,hard_freeze,backward_transfer,333205446,-0.5614999999999999
classifier_expander,hard_freeze,backward_transfer,130501536,-0.5885
classifier_expander,hard_freeze,backward_transfer,492612040,-0.6240000000000001
classifier_expander,hard_freeze,forward_transfer,2101606466,-0.10550000000000001
classifier_expander,hard_freeze,forward_transfer,1872839281,-0.13362499999999997
classifier_expander,hard_freeze,forward_transfer,637029796,-0.13587500000000002
classifier_expander,hard_freeze,forward_transfer,1357204345,-0.10012499999999999
classifier_expander,hard_freeze,forward_transfer,1758462037,-0.113125
classifier_expander,hard_freeze,forward_transfer,748737880,-0.14137499999999997
classifier_expander,hard_freeze,forward_transfer,1611510062,-0.0071249999999999925
classifier_expander,hard_freeze,forward_transfer,333205446,-0.003999999999999998
classifier_expander,hard_freeze,forward_transfer,130501536,-0.084625
classifier_expander,hard_freeze,forward_transfer,492612040,-0.045624999999999985
classifier_expander,hard_freeze,task_aware_final_accuracy,2101606466,-0.22629999999999983
classifier_expander,hard_freeze,task_aware_final_accuracy,1872839281,-0.242
classifier_expander,hard_freeze,task_aware_final_accuracy,637029796,-0.2298
classifier_expander,hard_freeze,task_aware_final_accuracy,1357204345,-0.22760000000000002
classifier_expander,hard_freeze,task_aware_final_accuracy,1758462037,-0.22699999999999998
classifier_expander,hard_freeze,task_aware_final_accuracy,748737880,-0.2136999999999999
classifier_expander,hard_freeze,task_aware_final_accuracy,1611510062,-0.2629
classifier_expander,hard_freeze,task_aware_final_accuracy,333205446,-0.26660000000000006
classifier_expander,hard_freeze,task_aware_final_accuracy,130501536,-0.2682
classifier_expander,hard_freeze,task_aware_final_accuracy,492612040,-0.25360000000000005
classifier_expander,hard_freeze,task_aware_forgetting,2101606466,0.19837500000000002
classifier_expander,hard_freeze,task_aware_forgetting,1872839281,0.224875
classifier_expander,hard_freeze,task_aware_forgetting,637029796,0.20500000000000007
classifier_expander,hard_freeze,task_aware_forgetting,1357204345,0.174375
classifier_expander,hard_freeze,task_aware_forgetting,1758462037,0.19374999999999998
classifier_expander,hard_freeze,task_aware_forgetting,748737880,0.18475
classifier_expander,hard_freeze,task_aware_forgetting,1611510062,0.24562500000000004
classifier_expander,hard_freeze,task_aware_forgetting,333205446,0.23625000000000002
classifier_expander,hard_freeze,task_aware_forgetting,130501536,0.21125
classifier_expander,hard_freeze,task_aware_forgetting,492612040,0.222875
classifier_expander,hard_freeze,classifier_gap,2101606466,-0.0637999999999998
classifier_expander,hard_freeze,classifier_gap,1872839281,-0.08850000000000002
classifier_expander,hard_freeze,classifier_gap,637029796,-0.02889999999999998
classifier_expander,hard_freeze,classifier_gap,1357204345,-0.023999999999999966
classifier_expander,hard_freeze,classifier_gap,1758462037,-0.032299999999999995
classifier_expander,hard_freeze,classifier_gap,748737880,-0.016299999999999815
classifier_expander,hard_freeze,classifier_gap,1611510062,-0.08650000000000002
classifier_expander,hard_freeze,classifier_gap,333205446,-0.08830000000000005
classifier_expander,hard_freeze,classifier_gap,130501536,-0.08289999999999997
classifier_expander,hard_freeze,classifier_gap,492612040,-0.048300000000000065
classifier_expander,hard_freeze,elapsed_seconds,2101606466,0.9278073690020392
classifier_expander,hard_freeze,elapsed_seconds,1872839281,1.1239763089997723
classifier_expander,hard_freeze,elapsed_seconds,637029796,1.0352182810001977
classifier_expander,hard_freeze,elapsed_seconds,1357204345,1.2252651779999724
classifier_expander,hard_freeze,elapsed_seconds,1758462037,1.0753811949980445
classifier_expander,hard_freeze,elapsed_seconds,748737880,1.1166497670019453
classifier_expander,hard_freeze,elapsed_seconds,1611510062,1.0562786669997877
classifier_expander,hard_freeze,elapsed_seconds,333205446,0.8880994810024276
classifier_expander,hard_freeze,elapsed_seconds,130501536,1.5140295370001695
classifier_expander,hard_freeze,elapsed_seconds,492612040,1.0722830700033228
classifier_expander,hard_freeze,learner_examples_processed,2101606466,-81344.0
classifier_expander,hard_freeze,learner_examples_processed,1872839281,-81344.0
classifier_expander,hard_freeze,learner_examples_processed,637029796,-81344.0
classifier_expander,hard_freeze,learner_examples_processed,1357204345,-81344.0
classifier_expander,hard_freeze,learner_examples_processed,1758462037,-81344.0
classifier_expander,hard_freeze,learner_examples_processed,748737880,-81344.0
classifier_expander,hard_freeze,learner_examples_processed,1611510062,-81344.0
classifier_expander,hard_freeze,learner_examples_processed,333205446,-81344.0
classifier_expander,hard_freeze,learner_examples_processed,130501536,-81344.0
classifier_expander,hard_freeze,learner_examples_processed,492612040,-81344.0
classifier_expander,hard_freeze,total_model_examples_processed,2101606466,-161984.0
classifier_expander,hard_freeze,total_model_examples_processed,1872839281,-161984.0
classifier_expander,hard_freeze,total_model_examples_processed,637029796,-161984.0
classifier_expander,hard_freeze,total_model_examples_processed,1357204345,-161984.0
classifier_expander,hard_freeze,total_model_examples_processed,1758462037,-161984.0
classifier_expander,hard_freeze,total_model_examples_processed,748737880,-161984.0
classifier_expander,hard_freeze,total_model_examples_processed,1611510062,-161984.0
classifier_expander,hard_freeze,total_model_examples_processed,333205446,-161984.0
classifier_expander,hard_freeze,total_model_examples_processed,130501536,-161984.0
classifier_expander,hard_freeze,total_model_examples_processed,492612040,-161984.0
classifier_expander,hard_freeze,estimated_total_flops,2101606466,-3640029666002.0
classifier_expander,hard_freeze,estimated_total_flops,1872839281,-3640029666002.0
classifier_expander,hard_freeze,estimated_total_flops,637029796,-3640029666002.0
classifier_expander,hard_freeze,estimated_total_flops,1357204345,-3640029666002.0
classifier_expander,hard_freeze,estimated_total_flops,1758462037,-3640029666002.0
classifier_expander,hard_freeze,estimated_total_flops,748737880,-3640029666002.0
classifier_expander,hard_freeze,estimated_total_flops,1611510062,-3640029666002.0
classifier_expander,hard_freeze,estimated_total_flops,333205446,-3640029666002.0
classifier_expander,hard_freeze,estimated_total_flops,130501536,-3640029666002.0
classifier_expander,hard_freeze,estimated_total_flops,492612040,-3640029666002.0
classifier_expander,hard_freeze,estimated_overhead_flops,2101606466,120071470.0
classifier_expander,hard_freeze,estimated_overhead_flops,1872839281,120071470.0
classifier_expander,hard_freeze,estimated_overhead_flops,637029796,120071470.0
classifier_expander,hard_freeze,estimated_overhead_flops,1357204345,120071470.0
classifier_expander,hard_freeze,estimated_overhead_flops,1758462037,120071470.0
classifier_expander,hard_freeze,estimated_overhead_flops,748737880,120071470.0
classifier_expander,hard_freeze,estimated_overhead_flops,1611510062,120071470.0
classifier_expander,hard_freeze,estimated_overhead_flops,333205446,120071470.0
classifier_expander,hard_freeze,estimated_overhead_flops,130501536,120071470.0
classifier_expander,hard_freeze,estimated_overhead_flops,492612040,120071470.0
classifier_expander,hard_freeze,replay_memory_bytes,2101606466,-2459200.0
classifier_expander,hard_freeze,replay_memory_bytes,1872839281,-2459200.0
classifier_expander,hard_freeze,replay_memory_bytes,637029796,-2459200.0
classifier_expander,hard_freeze,replay_memory_bytes,1357204345,-2459200.0
classifier_expander,hard_freeze,replay_memory_bytes,1758462037,-2459200.0
classifier_expander,hard_freeze,replay_memory_bytes,748737880,-2459200.0
classifier_expander,hard_freeze,replay_memory_bytes,1611510062,-2459200.0
classifier_expander,hard_freeze,replay_memory_bytes,333205446,-2459200.0
classifier_expander,hard_freeze,replay_memory_bytes,130501536,-2459200.0
classifier_expander,hard_freeze,replay_memory_bytes,492612040,-2459200.0
classifier_expander,hard_freeze,stored_logits_bytes,2101606466,0.0
classifier_expander,hard_freeze,stored_logits_bytes,1872839281,0.0
classifier_expander,hard_freeze,stored_logits_bytes,637029796,0.0
classifier_expander,hard_freeze,stored_logits_bytes,1357204345,0.0
classifier_expander,hard_freeze,stored_logits_bytes,1758462037,0.0
classifier_expander,hard_freeze,stored_logits_bytes,748737880,0.0
classifier_expander,hard_freeze,stored_logits_bytes,1611510062,0.0
classifier_expander,hard_freeze,stored_logits_bytes,333205446,0.0
classifier_expander,hard_freeze,stored_logits_bytes,130501536,0.0
classifier_expander,hard_freeze,stored_logits_bytes,492612040,0.0
classifier_expander,lpr,final_average_accuracy,2101606466,0.050600000000000034
classifier_expander,lpr,final_average_accuracy,1872839281,0.05940000000000001
classifier_expander,lpr,final_average_accuracy,637029796,-0.00610000000000005
classifier_expander,lpr,final_average_accuracy,1357204345,0.007499999999999951
classifier_expander,lpr,final_average_accuracy,1758462037,0.01980000000000004
classifier_expander,lpr,final_average_accuracy,748737880,0.01639999999999997
classifier_expander,lpr,final_average_accuracy,1611510062,0.05459999999999998
classifier_expander,lpr,final_average_accuracy,333205446,0.042200000000000015
classifier_expander,lpr,final_average_accuracy,130501536,0.0031999999999999806
classifier_expander,lpr,final_average_accuracy,492612040,0.017799999999999983
classifier_expander,lpr,average_forgetting,2101606466,0.311
classifier_expander,lpr,average_forgetting,1872839281,0.25549999999999995
classifier_expander,lpr,average_forgetting,637029796,0.3367499999999999
classifier_expander,lpr,average_forgetting,1357204345,0.3112499999999999
classifier_expander,lpr,average_forgetting,1758462037,0.409625
classifier_expander,lpr,average_forgetting,748737880,0.318875
classifier_expander,lpr,average_forgetting,1611510062,0.284875
classifier_expander,lpr,average_forgetting,333205446,0.305
classifier_expander,lpr,average_forgetting,130501536,0.363875
classifier_expander,lpr,average_forgetting,492612040,0.30237500000000006
classifier_expander,lpr,backward_transfer,2101606466,-0.372
classifier_expander,lpr,backward_transfer,1872839281,-0.2998749999999999
classifier_expander,lpr,backward_transfer,637029796,-0.46237499999999987
classifier_expander,lpr,backward_transfer,1357204345,-0.4794999999999999
classifier_expander,lpr,backward_transfer,1758462037,-0.48587499999999995
classifier_expander,lpr,backward_transfer,748737880,-0.389125
classifier_expander,lpr,backward_transfer,1611510062,-0.44525000000000003
classifier_expander,lpr,backward_transfer,333205446,-0.39475
classifier_expander,lpr,backward_transfer,130501536,-0.481625
classifier_expander,lpr,backward_transfer,492612040,-0.44850000000000007
classifier_expander,lpr,forward_transfer,2101606466,-0.03937500000000001
classifier_expander,lpr,forward_transfer,1872839281,-0.06974999999999999
classifier_expander,lpr,forward_transfer,637029796,0.046999999999999986
classifier_expander,lpr,forward_transfer,1357204345,-0.013125000000000001
classifier_expander,lpr,forward_transfer,1758462037,0.022000000000000006
classifier_expander,lpr,forward_transfer,748737880,0.021875000000000006
classifier_expander,lpr,forward_transfer,1611510062,0.007124999999999965
classifier_expander,lpr,forward_transfer,333205446,0.09925
classifier_expander,lpr,forward_transfer,130501536,-0.025
classifier_expander,lpr,forward_transfer,492612040,0.012625000000000011
classifier_expander,lpr,task_aware_final_accuracy,2101606466,0.017699999999999938
classifier_expander,lpr,task_aware_final_accuracy,1872839281,0.014100000000000001
classifier_expander,lpr,task_aware_final_accuracy,637029796,0.016000000000000014
classifier_expander,lpr,task_aware_final_accuracy,1357204345,0.013699999999999934
classifier_expander,lpr,task_aware_final_accuracy,1758462037,0.02210000000000012
classifier_expander,lpr,task_aware_final_accuracy,748737880,0.026100000000000123
classifier_expander,lpr,task_aware_final_accuracy,1611510062,0.009699999999999931
classifier_expander,lpr,task_aware_final_accuracy,333205446,0.01539999999999997
classifier_expander,lpr,task_aware_final_accuracy,130501536,-0.008299999999999974
classifier_expander,lpr,task_aware_final_accuracy,492612040,0.010100000000000109
classifier_expander,lpr,task_aware_forgetting,2101606466,0.005875000000000019
classifier_expander,lpr,task_aware_forgetting,1872839281,0.012624999999999997
classifier_expander,lpr,task_aware_forgetting,637029796,0.009250000000000036
classifier_expander,lpr,task_aware_forgetting,1357204345,0.0034999999999999754
classifier_expander,lpr,task_aware_forgetting,1758462037,0.005750000000000005
classifier_expander,lpr,task_aware_forgetting,748737880,-0.002375000000000016
classifier_expander,lpr,task_aware_forgetting,1611510062,0.01849999999999999
classifier_expander,lpr,task_aware_forgetting,333205446,0.012625000000000025
classifier_expander,lpr,task_aware_forgetting,130501536,0.03049999999999997
classifier_expander,lpr,task_aware_forgetting,492612040,0.013249999999999956
classifier_expander,lpr,classifier_gap,2101606466,-0.03290000000000004
classifier_expander,lpr,classifier_gap,1872839281,-0.04530000000000001
classifier_expander,lpr,classifier_gap,637029796,0.022100000000000064
classifier_expander,lpr,classifier_gap,1357204345,0.006199999999999983
classifier_expander,lpr,classifier_gap,1758462037,0.0023000000000000798
classifier_expander,lpr,classifier_gap,748737880,0.009700000000000153
classifier_expander,lpr,classifier_gap,1611510062,-0.04490000000000005
classifier_expander,lpr,classifier_gap,333205446,-0.026800000000000046
classifier_expander,lpr,classifier_gap,130501536,-0.011499999999999955
classifier_expander,lpr,classifier_gap,492612040,-0.007699999999999874
classifier_expander,lpr,elapsed_seconds,2101606466,-0.5577364639993903
classifier_expander,lpr,elapsed_seconds,1872839281,-0.641544629001146
classifier_expander,lpr,elapsed_seconds,637029796,-0.625301871999909
classifier_expander,lpr,elapsed_seconds,1357204345,-0.5078403520001302
classifier_expander,lpr,elapsed_seconds,1758462037,-0.6087936679996346
classifier_expander,lpr,elapsed_seconds,748737880,-0.6447536969972134
classifier_expander,lpr,elapsed_seconds,1611510062,-0.6168223269996815
classifier_expander,lpr,elapsed_seconds,333205446,-0.807601001999501
classifier_expander,lpr,elapsed_seconds,130501536,-0.20440936999875703
classifier_expander,lpr,elapsed_seconds,492612040,-0.6490644669975154
classifier_expander,lpr,learner_examples_processed,2101606466,-704.0
classifier_expander,lpr,learner_examples_processed,1872839281,-704.0
classifier_expander,lpr,learner_examples_processed,637029796,-704.0
classifier_expander,lpr,learner_examples_processed,1357204345,-704.0
classifier_expander,lpr,learner_examples_processed,1758462037,-704.0
classifier_expander,lpr,learner_examples_processed,748737880,-704.0
classifier_expander,lpr,learner_examples_processed,1611510062,-704.0
classifier_expander,lpr,learner_examples_processed,333205446,-704.0
classifier_expander,lpr,learner_examples_processed,130501536,-704.0
classifier_expander,lpr,learner_examples_processed,492612040,-704.0
classifier_expander,lpr,total_model_examples_processed,2101606466,-77064.0
classifier_expander,lpr,total_model_examples_processed,1872839281,-77064.0
classifier_expander,lpr,total_model_examples_processed,637029796,-77064.0
classifier_expander,lpr,total_model_examples_processed,1357204345,-77064.0
classifier_expander,lpr,total_model_examples_processed,1758462037,-77064.0
classifier_expander,lpr,total_model_examples_processed,748737880,-77064.0
classifier_expander,lpr,total_model_examples_processed,1611510062,-77064.0
classifier_expander,lpr,total_model_examples_processed,333205446,-77064.0
classifier_expander,lpr,total_model_examples_processed,130501536,-77064.0
classifier_expander,lpr,total_model_examples_processed,492612040,-77064.0
classifier_expander,lpr,estimated_total_flops,2101606466,-862200280810.0
classifier_expander,lpr,estimated_total_flops,1872839281,-862200280810.0
classifier_expander,lpr,estimated_total_flops,637029796,-862200280810.0
classifier_expander,lpr,estimated_total_flops,1357204345,-862200280810.0
classifier_expander,lpr,estimated_total_flops,1758462037,-862200280810.0
classifier_expander,lpr,estimated_total_flops,748737880,-862200280810.0
classifier_expander,lpr,estimated_total_flops,1611510062,-862200280810.0
classifier_expander,lpr,estimated_total_flops,333205446,-862200280810.0
classifier_expander,lpr,estimated_total_flops,130501536,-862200280810.0
classifier_expander,lpr,estimated_total_flops,492612040,-862200280810.0
classifier_expander,lpr,estimated_overhead_flops,2101606466,17610205462.0
classifier_expander,lpr,estimated_overhead_flops,1872839281,17610205462.0
classifier_expander,lpr,estimated_overhead_flops,637029796,17610205462.0
classifier_expander,lpr,estimated_overhead_flops,1357204345,17610205462.0
classifier_expander,lpr,estimated_overhead_flops,1758462037,17610205462.0
classifier_expander,lpr,estimated_overhead_flops,748737880,17610205462.0
classifier_expander,lpr,estimated_overhead_flops,1611510062,17610205462.0
classifier_expander,lpr,estimated_overhead_flops,333205446,17610205462.0
classifier_expander,lpr,estimated_overhead_flops,130501536,17610205462.0
classifier_expander,lpr,estimated_overhead_flops,492612040,17610205462.0
classifier_expander,lpr,replay_memory_bytes,2101606466,0.0
classifier_expander,lpr,replay_memory_bytes,1872839281,0.0
classifier_expander,lpr,replay_memory_bytes,637029796,0.0
classifier_expander,lpr,replay_memory_bytes,1357204345,0.0
classifier_expander,lpr,replay_memory_bytes,1758462037,0.0
classifier_expander,lpr,replay_memory_bytes,748737880,0.0
classifier_expander,lpr,replay_memory_bytes,1611510062,0.0
classifier_expander,lpr,replay_memory_bytes,333205446,0.0
classifier_expander,lpr,replay_memory_bytes,130501536,0.0
classifier_expander,lpr,replay_memory_bytes,492612040,0.0
classifier_expander,lpr,stored_logits_bytes,2101606466,0.0
classifier_expander,lpr,stored_logits_bytes,1872839281,0.0
classifier_expander,lpr,stored_logits_bytes,637029796,0.0
classifier_expander,lpr,stored_logits_bytes,1357204345,0.0
classifier_expander,lpr,stored_logits_bytes,1758462037,0.0
classifier_expander,lpr,stored_logits_bytes,748737880,0.0
classifier_expander,lpr,stored_logits_bytes,1611510062,0.0
classifier_expander,lpr,stored_logits_bytes,333205446,0.0
classifier_expander,lpr,stored_logits_bytes,130501536,0.0
classifier_expander,lpr,stored_logits_bytes,492612040,0.0
classifier_expander,slowheat_lpr,final_average_accuracy,2101606466,0.0529
classifier_expander,slowheat_lpr,final_average_accuracy,1872839281,0.06570000000000004
classifier_expander,slowheat_lpr,final_average_accuracy,637029796,0.0021999999999999797
classifier_expander,slowheat_lpr,final_average_accuracy,1357204345,0.010699999999999932
classifier_expander,slowheat_lpr,final_average_accuracy,1758462037,0.02739999999999998
classifier_expander,slowheat_lpr,final_average_accuracy,748737880,0.03649999999999992
classifier_expander,slowheat_lpr,final_average_accuracy,1611510062,0.059699999999999975
classifier_expander,slowheat_lpr,final_average_accuracy,333205446,0.04700000000000004
classifier_expander,slowheat_lpr,final_average_accuracy,130501536,0.014599999999999946
classifier_expander,slowheat_lpr,final_average_accuracy,492612040,0.04330000000000006
classifier_expander,slowheat_lpr,average_forgetting,2101606466,0.257125
classifier_expander,slowheat_lpr,average_forgetting,1872839281,0.21199999999999997
classifier_expander,slowheat_lpr,average_forgetting,637029796,0.2955
classifier_expander,slowheat_lpr,average_forgetting,1357204345,0.28337500000000004
classifier_expander,slowheat_lpr,average_forgetting,1758462037,0.36612500000000003
classifier_expander,slowheat_lpr,average_forgetting,748737880,0.26925
classifier_expander,slowheat_lpr,average_forgetting,1611510062,0.22812500000000002
classifier_expander,slowheat_lpr,average_forgetting,333205446,0.26125000000000004
classifier_expander,slowheat_lpr,average_forgetting,130501536,0.315625
classifier_expander,slowheat_lpr,average_forgetting,492612040,0.23225000000000007
classifier_expander,slowheat_lpr,backward_transfer,2101606466,-0.318125
classifier_expander,slowheat_lpr,backward_transfer,1872839281,-0.2563749999999999
classifier_expander,slowheat_lpr,backward_transfer,637029796,-0.42112499999999997
classifier_expander,slowheat_lpr,backward_transfer,1357204345,-0.45162500000000005
classifier_expander,slowheat_lpr,backward_transfer,1758462037,-0.44237499999999996
classifier_expander,slowheat_lpr,backward_transfer,748737880,-0.33949999999999997
classifier_expander,slowheat_lpr,backward_transfer,1611510062,-0.38850000000000007
classifier_expander,slowheat_lpr,backward_transfer,333205446,-0.35100000000000003
classifier_expander,slowheat_lpr,backward_transfer,130501536,-0.433375
classifier_expander,slowheat_lpr,backward_transfer,492612040,-0.3783750000000001
classifier_expander,slowheat_lpr,forward_transfer,2101606466,0.119375
classifier_expander,slowheat_lpr,forward_transfer,1872839281,-0.07787499999999999
classifier_expander,slowheat_lpr,forward_transfer,637029796,0.05712499999999998
classifier_expander,slowheat_lpr,forward_transfer,1357204345,0.046625
classifier_expander,slowheat_lpr,forward_transfer,1758462037,0.04725000000000001
classifier_expander,slowheat_lpr,forward_transfer,748737880,-0.05737499999999998
classifier_expander,slowheat_lpr,forward_transfer,1611510062,0.021999999999999992
classifier_expander,slowheat_lpr,forward_transfer,333205446,0.166375
classifier_expander,slowheat_lpr,forward_transfer,130501536,0.009749999999999995
classifier_expander,slowheat_lpr,forward_transfer,492612040,-0.023874999999999993
classifier_expander,slowheat_lpr,task_aware_final_accuracy,2101606466,0.007100000000000217
classifier_expander,slowheat_lpr,task_aware_final_accuracy,1872839281,0.001100000000000101
classifier_expander,slowheat_lpr,task_aware_final_accuracy,637029796,0.0046999999999998154
classifier_expander,slowheat_lpr,task_aware_final_accuracy,1357204345,-0.002000000000000113
classifier_expander,slowheat_lpr,task_aware_final_accuracy,1758462037,0.013299999999999979
classifier_expander,slowheat_lpr,task_aware_final_accuracy,748737880,0.00990000000000002
classifier_expander,slowheat_lpr,task_aware_final_accuracy,1611510062,0.005099999999999771
classifier_expander,slowheat_lpr,task_aware_final_accuracy,333205446,0.0023999999999999577
classifier_expander,slowheat_lpr,task_aware_final_accuracy,130501536,-0.006399999999999961
classifier_expander,slowheat_lpr,task_aware_final_accuracy,492612040,-0.0041999999999999815
classifier_expander,slowheat_lpr,task_aware_forgetting,2101606466,-0.007874999999999965
classifier_expander,slowheat_lpr,task_aware_forgetting,1872839281,0.011249999999999982
classifier_expander,slowheat_lpr,task_aware_forgetting,637029796,0.007625000000000076
classifier_expander,slowheat_lpr,task_aware_forgetting,1357204345,0.014374999999999999
classifier_expander,slowheat_lpr,task_aware_forgetting,1758462037,0.0027500000000000024
classifier_expander,slowheat_lpr,task_aware_forgetting,748737880,0.007749999999999979
classifier_expander,slowheat_lpr,task_aware_forgetting,1611510062,-0.004500000000000032
classifier_expander,slowheat_lpr,task_aware_forgetting,333205446,0.005375000000000019
classifier_expander,slowheat_lpr,task_aware_forgetting,130501536,0.011874999999999969
classifier_expander,slowheat_lpr,task_aware_forgetting,492612040,0.005750000000000005
classifier_expander,slowheat_lpr,classifier_gap,2101606466,-0.04579999999999973
classifier_expander,slowheat_lpr,classifier_gap,1872839281,-0.06459999999999994
classifier_expander,slowheat_lpr,classifier_gap,637029796,0.0024999999999998357
classifier_expander,slowheat_lpr,classifier_gap,1357204345,-0.012700000000000045
classifier_expander,slowheat_lpr,classifier_gap,1758462037,-0.014100000000000001
classifier_expander,slowheat_lpr,classifier_gap,748737880,-0.0265999999999999
classifier_expander,slowheat_lpr,classifier_gap,1611510062,-0.054600000000000204
classifier_expander,slowheat_lpr,classifier_gap,333205446,-0.044600000000000084
classifier_expander,slowheat_lpr,classifier_gap,130501536,-0.020999999999999908
classifier_expander,slowheat_lpr,classifier_gap,492612040,-0.04750000000000004
classifier_expander,slowheat_lpr,elapsed_seconds,2101606466,3.1421993380008644
classifier_expander,slowheat_lpr,elapsed_seconds,1872839281,3.159654720000617
classifier_expander,slowheat_lpr,elapsed_seconds,637029796,3.1853890330003196
classifier_expander,slowheat_lpr,elapsed_seconds,1357204345,3.3203555769996456
classifier_expander,slowheat_lpr,elapsed_seconds,1758462037,3.2052048749992537
classifier_expander,slowheat_lpr,elapsed_seconds,748737880,3.2705383250013256
classifier_expander,slowheat_lpr,elapsed_seconds,1611510062,3.255859511999006
classifier_expander,slowheat_lpr,elapsed_seconds,333205446,3.1419640150015766
classifier_expander,slowheat_lpr,elapsed_seconds,130501536,3.4258149320012308
classifier_expander,slowheat_lpr,elapsed_seconds,492612040,3.1741642740016687
classifier_expander,slowheat_lpr,learner_examples_processed,2101606466,-704.0
classifier_expander,slowheat_lpr,learner_examples_processed,1872839281,-704.0
classifier_expander,slowheat_lpr,learner_examples_processed,637029796,-704.0
classifier_expander,slowheat_lpr,learner_examples_processed,1357204345,-704.0
classifier_expander,slowheat_lpr,learner_examples_processed,1758462037,-704.0
classifier_expander,slowheat_lpr,learner_examples_processed,748737880,-704.0
classifier_expander,slowheat_lpr,learner_examples_processed,1611510062,-704.0
classifier_expander,slowheat_lpr,learner_examples_processed,333205446,-704.0
classifier_expander,slowheat_lpr,learner_examples_processed,130501536,-704.0
classifier_expander,slowheat_lpr,learner_examples_processed,492612040,-704.0
classifier_expander,slowheat_lpr,total_model_examples_processed,2101606466,-77064.0
classifier_expander,slowheat_lpr,total_model_examples_processed,1872839281,-77064.0
classifier_expander,slowheat_lpr,total_model_examples_processed,637029796,-77064.0
classifier_expander,slowheat_lpr,total_model_examples_processed,1357204345,-77064.0
classifier_expander,slowheat_lpr,total_model_examples_processed,1758462037,-77064.0
classifier_expander,slowheat_lpr,total_model_examples_processed,748737880,-77064.0
classifier_expander,slowheat_lpr,total_model_examples_processed,1611510062,-77064.0
classifier_expander,slowheat_lpr,total_model_examples_processed,333205446,-77064.0
classifier_expander,slowheat_lpr,total_model_examples_processed,130501536,-77064.0
classifier_expander,slowheat_lpr,total_model_examples_processed,492612040,-77064.0
classifier_expander,slowheat_lpr,estimated_total_flops,2101606466,-862061355530.0
classifier_expander,slowheat_lpr,estimated_total_flops,1872839281,-862061355530.0
classifier_expander,slowheat_lpr,estimated_total_flops,637029796,-862061355530.0
classifier_expander,slowheat_lpr,estimated_total_flops,1357204345,-862061355530.0
classifier_expander,slowheat_lpr,estimated_total_flops,1758462037,-862061355530.0
classifier_expander,slowheat_lpr,estimated_total_flops,748737880,-862061355530.0
classifier_expander,slowheat_lpr,estimated_total_flops,1611510062,-862061355530.0
classifier_expander,slowheat_lpr,estimated_total_flops,333205446,-862061355530.0
classifier_expander,slowheat_lpr,estimated_total_flops,130501536,-862061355530.0
classifier_expander,slowheat_lpr,estimated_total_flops,492612040,-862061355530.0
classifier_expander,slowheat_lpr,estimated_overhead_flops,2101606466,17749130742.0
classifier_expander,slowheat_lpr,estimated_overhead_flops,1872839281,17749130742.0
classifier_expander,slowheat_lpr,estimated_overhead_flops,637029796,17749130742.0
classifier_expander,slowheat_lpr,estimated_overhead_flops,1357204345,17749130742.0
classifier_expander,slowheat_lpr,estimated_overhead_flops,1758462037,17749130742.0
classifier_expander,slowheat_lpr,estimated_overhead_flops,748737880,17749130742.0
classifier_expander,slowheat_lpr,estimated_overhead_flops,1611510062,17749130742.0
classifier_expander,slowheat_lpr,estimated_overhead_flops,333205446,17749130742.0
classifier_expander,slowheat_lpr,estimated_overhead_flops,130501536,17749130742.0
classifier_expander,slowheat_lpr,estimated_overhead_flops,492612040,17749130742.0
classifier_expander,slowheat_lpr,replay_memory_bytes,2101606466,0.0
classifier_expander,slowheat_lpr,replay_memory_bytes,1872839281,0.0
classifier_expander,slowheat_lpr,replay_memory_bytes,637029796,0.0
classifier_expander,slowheat_lpr,replay_memory_bytes,1357204345,0.0
classifier_expander,slowheat_lpr,replay_memory_bytes,1758462037,0.0
classifier_expander,slowheat_lpr,replay_memory_bytes,748737880,0.0
classifier_expander,slowheat_lpr,replay_memory_bytes,1611510062,0.0
classifier_expander,slowheat_lpr,replay_memory_bytes,333205446,0.0
classifier_expander,slowheat_lpr,replay_memory_bytes,130501536,0.0
classifier_expander,slowheat_lpr,replay_memory_bytes,492612040,0.0
classifier_expander,slowheat_lpr,stored_logits_bytes,2101606466,0.0
classifier_expander,slowheat_lpr,stored_logits_bytes,1872839281,0.0
classifier_expander,slowheat_lpr,stored_logits_bytes,637029796,0.0
classifier_expander,slowheat_lpr,stored_logits_bytes,1357204345,0.0
classifier_expander,slowheat_lpr,stored_logits_bytes,1758462037,0.0
classifier_expander,slowheat_lpr,stored_logits_bytes,748737880,0.0
classifier_expander,slowheat_lpr,stored_logits_bytes,1611510062,0.0
classifier_expander,slowheat_lpr,stored_logits_bytes,333205446,0.0
classifier_expander,slowheat_lpr,stored_logits_bytes,130501536,0.0
classifier_expander,slowheat_lpr,stored_logits_bytes,492612040,0.0
classifier_expander,slowheat_classifier_expander,final_average_accuracy,2101606466,0.019600000000000006
classifier_expander,slowheat_classifier_expander,final_average_accuracy,1872839281,-0.013799999999999979
classifier_expander,slowheat_classifier_expander,final_average_accuracy,637029796,-0.028500000000000025
classifier_expander,slowheat_classifier_expander,final_average_accuracy,1357204345,-0.020799999999999985
classifier_expander,slowheat_classifier_expander,final_average_accuracy,1758462037,-0.023699999999999943
classifier_expander,slowheat_classifier_expander,final_average_accuracy,748737880,-0.02160000000000012
classifier_expander,slowheat_classifier_expander,final_average_accuracy,1611510062,-0.000500000000000056
classifier_expander,slowheat_classifier_expander,final_average_accuracy,333205446,0.006800000000000028
classifier_expander,slowheat_classifier_expander,final_average_accuracy,130501536,-0.014399999999999968
classifier_expander,slowheat_classifier_expander,final_average_accuracy,492612040,-0.02909999999999996
classifier_expander,slowheat_classifier_expander,average_forgetting,2101606466,-0.09212500000000001
classifier_expander,slowheat_classifier_expander,average_forgetting,1872839281,-0.0809999999999999
classifier_expander,slowheat_classifier_expander,average_forgetting,637029796,-0.026124999999999954
classifier_expander,slowheat_classifier_expander,average_forgetting,1357204345,-0.025000000000000022
classifier_expander,slowheat_classifier_expander,average_forgetting,1758462037,0.015375
classifier_expander,slowheat_classifier_expander,average_forgetting,748737880,-0.026499999999999968
classifier_expander,slowheat_classifier_expander,average_forgetting,1611510062,-0.027500000000000024
classifier_expander,slowheat_classifier_expander,average_forgetting,333205446,-0.08349999999999996
classifier_expander,slowheat_classifier_expander,average_forgetting,130501536,-0.04987500000000003
classifier_expander,slowheat_classifier_expander,average_forgetting,492612040,-0.06824999999999998
classifier_expander,slowheat_classifier_expander,backward_transfer,2101606466,0.175375
classifier_expander,slowheat_classifier_expander,backward_transfer,1872839281,0.10500000000000001
classifier_expander,slowheat_classifier_expander,backward_transfer,637029796,0.049000000000000044
classifier_expander,slowheat_classifier_expander,backward_transfer,1357204345,0.04762500000000003
classifier_expander,slowheat_classifier_expander,backward_transfer,1758462037,0.07325000000000007
classifier_expander,slowheat_classifier_expander,backward_transfer,748737880,0.081125
classifier_expander,slowheat_classifier_expander,backward_transfer,1611510062,0.05537499999999998
classifier_expander,slowheat_classifier_expander,backward_transfer,333205446,0.17399999999999996
classifier_expander,slowheat_classifier_expander,backward_transfer,130501536,0.080625
classifier_expander,slowheat_classifier_expander,backward_transfer,492612040,0.09049999999999994
classifier_expander,slowheat_classifier_expander,forward_transfer,2101606466,-0.022250000000000006
classifier_expander,slowheat_classifier_expander,forward_transfer,1872839281,-0.010249999999999988
classifier_expander,slowheat_classifier_expander,forward_transfer,637029796,-0.004625000000000004
classifier_expander,slowheat_classifier_expander,forward_transfer,1357204345,-0.019999999999999987
classifier_expander,slowheat_classifier_expander,forward_transfer,1758462037,-0.04775
classifier_expander,slowheat_classifier_expander,forward_transfer,748737880,-0.061874999999999986
classifier_expander,slowheat_classifier_expander,forward_transfer,1611510062,0.0008749999999999591
classifier_expander,slowheat_classifier_expander,forward_transfer,333205446,0.0017500000000000016
classifier_expander,slowheat_classifier_expander,forward_transfer,130501536,-0.014374999999999999
classifier_expander,slowheat_classifier_expander,forward_transfer,492612040,-0.01887499999999999
classifier_expander,slowheat_classifier_expander,task_aware_final_accuracy,2101606466,-0.01859999999999995
classifier_expander,slowheat_classifier_expander,task_aware_final_accuracy,1872839281,-0.02520000000000011
classifier_expander,slowheat_classifier_expander,task_aware_final_accuracy,637029796,-0.020500000000000074
classifier_expander,slowheat_classifier_expander,task_aware_final_accuracy,1357204345,-0.019100000000000006
classifier_expander,slowheat_classifier_expander,task_aware_final_accuracy,1758462037,-0.023799999999999932
classifier_expander,slowheat_classifier_expander,task_aware_final_accuracy,748737880,-0.02059999999999995
classifier_expander,slowheat_classifier_expander,task_aware_final_accuracy,1611510062,-0.02090000000000003
classifier_expander,slowheat_classifier_expander,task_aware_final_accuracy,333205446,-0.023900000000000143
classifier_expander,slowheat_classifier_expander,task_aware_final_accuracy,130501536,-0.02220000000000011
classifier_expander,slowheat_classifier_expander,task_aware_final_accuracy,492612040,-0.02189999999999992
classifier_expander,slowheat_classifier_expander,task_aware_forgetting,2101606466,-0.004499999999999976
classifier_expander,slowheat_classifier_expander,task_aware_forgetting,1872839281,0.0013750000000000429
classifier_expander,slowheat_classifier_expander,task_aware_forgetting,637029796,0.008625000000000077
classifier_expander,slowheat_classifier_expander,task_aware_forgetting,1357204345,-0.0062500000000000056
classifier_expander,slowheat_classifier_expander,task_aware_forgetting,1758462037,0.00462499999999999
classifier_expander,slowheat_classifier_expander,task_aware_forgetting,748737880,0.007500000000000007
classifier_expander,slowheat_classifier_expander,task_aware_forgetting,1611510062,0.007374999999999993
classifier_expander,slowheat_classifier_expander,task_aware_forgetting,333205446,0.000500000000000056
classifier_expander,slowheat_classifier_expander,task_aware_forgetting,130501536,0.007624999999999993
classifier_expander,slowheat_classifier_expander,task_aware_forgetting,492612040,0.00025000000000005573
classifier_expander,slowheat_classifier_expander,classifier_gap,2101606466,-0.0381999999999999
classifier_expander,slowheat_classifier_expander,classifier_gap,1872839281,-0.011400000000000132
classifier_expander,slowheat_classifier_expander,classifier_gap,637029796,0.007999999999999952
classifier_expander,slowheat_classifier_expander,classifier_gap,1357204345,0.0016999999999999793
classifier_expander,slowheat_classifier_expander,classifier_gap,1758462037,-9.999999999998899e-05
classifier_expander,slowheat_classifier_expander,classifier_gap,748737880,0.0010000000000001674
classifier_expander,slowheat_classifier_expander,classifier_gap,1611510062,-0.020399999999999974
classifier_expander,slowheat_classifier_expander,classifier_gap,333205446,-0.03070000000000017
classifier_expander,slowheat_classifier_expander,classifier_gap,130501536,-0.00780000000000014
classifier_expander,slowheat_classifier_expander,classifier_gap,492612040,0.00720000000000004
classifier_expander,slowheat_classifier_expander,elapsed_seconds,2101606466,3.7107446150002943
classifier_expander,slowheat_classifier_expander,elapsed_seconds,1872839281,3.8599468439988414
classifier_expander,slowheat_classifier_expander,elapsed_seconds,637029796,3.4439073670000653
classifier_expander,slowheat_classifier_expander,elapsed_seconds,1357204345,4.011919640999622
classifier_expander,slowheat_classifier_expander,elapsed_seconds,1758462037,4.046866542998032
classifier_expander,slowheat_classifier_expander,elapsed_seconds,748737880,3.8126834030008467
classifier_expander,slowheat_classifier_expander,elapsed_seconds,1611510062,3.6346733779992064
classifier_expander,slowheat_classifier_expander,elapsed_seconds,333205446,3.9478537420018256
classifier_expander,slowheat_classifier_expander,elapsed_seconds,130501536,3.516863813998498
classifier_expander,slowheat_classifier_expander,elapsed_seconds,492612040,3.764690204003273
classifier_expander,slowheat_classifier_expander,learner_examples_processed,2101606466,0.0
classifier_expander,slowheat_classifier_expander,learner_examples_processed,1872839281,0.0
classifier_expander,slowheat_classifier_expander,learner_examples_processed,637029796,0.0
classifier_expander,slowheat_classifier_expander,learner_examples_processed,1357204345,0.0
classifier_expander,slowheat_classifier_expander,learner_examples_processed,1758462037,0.0
classifier_expander,slowheat_classifier_expander,learner_examples_processed,748737880,0.0
classifier_expander,slowheat_classifier_expander,learner_examples_processed,1611510062,0.0
classifier_expander,slowheat_classifier_expander,learner_examples_processed,333205446,0.0
classifier_expander,slowheat_classifier_expander,learner_examples_processed,130501536,0.0
classifier_expander,slowheat_classifier_expander,learner_examples_processed,492612040,0.0
classifier_expander,slowheat_classifier_expander,total_model_examples_processed,2101606466,0.0
classifier_expander,slowheat_classifier_expander,total_model_examples_processed,1872839281,0.0
classifier_expander,slowheat_classifier_expander,total_model_examples_processed,637029796,0.0
classifier_expander,slowheat_classifier_expander,total_model_examples_processed,1357204345,0.0
classifier_expander,slowheat_classifier_expander,total_model_examples_processed,1758462037,0.0
classifier_expander,slowheat_classifier_expander,total_model_examples_processed,748737880,0.0
classifier_expander,slowheat_classifier_expander,total_model_examples_processed,1611510062,0.0
classifier_expander,slowheat_classifier_expander,total_model_examples_processed,333205446,0.0
classifier_expander,slowheat_classifier_expander,total_model_examples_processed,130501536,0.0
classifier_expander,slowheat_classifier_expander,total_model_examples_processed,492612040,0.0
classifier_expander,slowheat_classifier_expander,estimated_total_flops,2101606466,138925280.0
classifier_expander,slowheat_classifier_expander,estimated_total_flops,1872839281,138925280.0
classifier_expander,slowheat_classifier_expander,estimated_total_flops,637029796,138925280.0
classifier_expander,slowheat_classifier_expander,estimated_total_flops,1357204345,138925280.0
classifier_expander,slowheat_classifier_expander,estimated_total_flops,1758462037,138925280.0
classifier_expander,slowheat_classifier_expander,estimated_total_flops,748737880,138925280.0
classifier_expander,slowheat_classifier_expander,estimated_total_flops,1611510062,138925280.0
classifier_expander,slowheat_classifier_expander,estimated_total_flops,333205446,138925280.0
classifier_expander,slowheat_classifier_expander,estimated_total_flops,130501536,138925280.0
classifier_expander,slowheat_classifier_expander,estimated_total_flops,492612040,138925280.0
classifier_expander,slowheat_classifier_expander,estimated_overhead_flops,2101606466,138925280.0
classifier_expander,slowheat_classifier_expander,estimated_overhead_flops,1872839281,138925280.0
classifier_expander,slowheat_classifier_expander,estimated_overhead_flops,637029796,138925280.0
classifier_expander,slowheat_classifier_expander,estimated_overhead_flops,1357204345,138925280.0
classifier_expander,slowheat_classifier_expander,estimated_overhead_flops,1758462037,138925280.0
classifier_expander,slowheat_classifier_expander,estimated_overhead_flops,748737880,138925280.0
classifier_expander,slowheat_classifier_expander,estimated_overhead_flops,1611510062,138925280.0
classifier_expander,slowheat_classifier_expander,estimated_overhead_flops,333205446,138925280.0
classifier_expander,slowheat_classifier_expander,estimated_overhead_flops,130501536,138925280.0
classifier_expander,slowheat_classifier_expander,estimated_overhead_flops,492612040,138925280.0
classifier_expander,slowheat_classifier_expander,replay_memory_bytes,2101606466,0.0
classifier_expander,slowheat_classifier_expander,replay_memory_bytes,1872839281,0.0
classifier_expander,slowheat_classifier_expander,replay_memory_bytes,637029796,0.0
classifier_expander,slowheat_classifier_expander,replay_memory_bytes,1357204345,0.0
classifier_expander,slowheat_classifier_expander,replay_memory_bytes,1758462037,0.0
classifier_expander,slowheat_classifier_expander,replay_memory_bytes,748737880,0.0
classifier_expander,slowheat_classifier_expander,replay_memory_bytes,1611510062,0.0
classifier_expander,slowheat_classifier_expander,replay_memory_bytes,333205446,0.0
classifier_expander,slowheat_classifier_expander,replay_memory_bytes,130501536,0.0
classifier_expander,slowheat_classifier_expander,replay_memory_bytes,492612040,0.0
classifier_expander,slowheat_classifier_expander,stored_logits_bytes,2101606466,0.0
classifier_expander,slowheat_classifier_expander,stored_logits_bytes,1872839281,0.0
classifier_expander,slowheat_classifier_expander,stored_logits_bytes,637029796,0.0
classifier_expander,slowheat_classifier_expander,stored_logits_bytes,1357204345,0.0
classifier_expander,slowheat_classifier_expander,stored_logits_bytes,1758462037,0.0
classifier_expander,slowheat_classifier_expander,stored_logits_bytes,748737880,0.0
classifier_expander,slowheat_classifier_expander,stored_logits_bytes,1611510062,0.0
classifier_expander,slowheat_classifier_expander,stored_logits_bytes,333205446,0.0
classifier_expander,slowheat_classifier_expander,stored_logits_bytes,130501536,0.0
classifier_expander,slowheat_classifier_expander,stored_logits_bytes,492612040,0.0
classifier_expander,scroll,final_average_accuracy,2101606466,0.0131
classifier_expander,scroll,final_average_accuracy,1872839281,0.009899999999999964
classifier_expander,scroll,final_average_accuracy,637029796,-0.04540000000000005
classifier_expander,scroll,final_average_accuracy,1357204345,-0.02529999999999999
classifier_expander,scroll,final_average_accuracy,1758462037,-0.03720000000000001
classifier_expander,scroll,final_average_accuracy,748737880,-0.027200000000000057
classifier_expander,scroll,final_average_accuracy,1611510062,-0.024500000000000022
classifier_expander,scroll,final_average_accuracy,333205446,-0.005499999999999949
classifier_expander,scroll,final_average_accuracy,130501536,-0.08170000000000005
classifier_expander,scroll,final_average_accuracy,492612040,-0.02909999999999996
classifier_expander,scroll,average_forgetting,2101606466,-0.14425000000000002
classifier_expander,scroll,average_forgetting,1872839281,-0.07887499999999992
classifier_expander,scroll,average_forgetting,637029796,-0.10799999999999998
classifier_expander,scroll,average_forgetting,1357204345,-0.08174999999999999
classifier_expander,scroll,average_forgetting,1758462037,0.049500000000000044
classifier_expander,scroll,average_forgetting,748737880,-0.011750000000000038
classifier_expander,scroll,average_forgetting,1611510062,-0.013000000000000012
classifier_expander,scroll,average_forgetting,333205446,-0.12
classifier_expander,scroll,average_forgetting,130501536,-0.074125
classifier_expander,scroll,average_forgetting,492612040,-0.07674999999999998
classifier_expander,scroll,backward_transfer,2101606466,0.08325000000000002
classifier_expander,scroll,backward_transfer,1872839281,0.1515
classifier_expander,scroll,backward_transfer,637029796,0.12762500000000002
classifier_expander,scroll,backward_transfer,1357204345,-0.06337499999999999
classifier_expander,scroll,backward_transfer,1758462037,-0.09399999999999992
classifier_expander,scroll,backward_transfer,748737880,-0.0027499999999999747
classifier_expander,scroll,backward_transfer,1611510062,-0.05474999999999994
classifier_expander,scroll,backward_transfer,333205446,0.20924999999999996
classifier_expander,scroll,backward_transfer,130501536,-0.0022500000000000298
classifier_expander,scroll,backward_transfer,492612040,-0.009250000000000036
classifier_expander,scroll,forward_transfer,2101606466,-0.18450000000000003
classifier_expander,scroll,forward_transfer,1872839281,-0.19599999999999998
classifier_expander,scroll,forward_transfer,637029796,-0.17325000000000002
classifier_expander,scroll,forward_transfer,1357204345,-0.10025
classifier_expander,scroll,forward_transfer,1758462037,-0.193
classifier_expander,scroll,forward_transfer,748737880,-0.24424999999999997
classifier_expander,scroll,forward_transfer,1611510062,-0.012875000000000025
classifier_expander,scroll,forward_transfer,333205446,-0.11975
classifier_expander,scroll,forward_transfer,130501536,-0.084625
classifier_expander,scroll,forward_transfer,492612040,-0.13524999999999998
classifier_expander,scroll,task_aware_final_accuracy,2101606466,-0.10609999999999986
classifier_expander,scroll,task_aware_final_accuracy,1872839281,-0.07929999999999993
classifier_expander,scroll,task_aware_final_accuracy,637029796,-0.10389999999999999
classifier_expander,scroll,task_aware_final_accuracy,1357204345,-0.07989999999999997
classifier_expander,scroll,task_aware_final_accuracy,1758462037,-0.07759999999999989
classifier_expander,scroll,task_aware_final_accuracy,748737880,-0.04689999999999983
classifier_expander,scroll,task_aware_final_accuracy,1611510062,-0.08610000000000018
classifier_expander,scroll,task_aware_final_accuracy,333205446,-0.10660000000000003
classifier_expander,scroll,task_aware_final_accuracy,130501536,-0.07750000000000001
classifier_expander,scroll,task_aware_final_accuracy,492612040,-0.08309999999999995
classifier_expander,scroll,task_aware_forgetting,2101606466,-0.0030000000000000027
classifier_expander,scroll,task_aware_forgetting,1872839281,-0.0325
classifier_expander,scroll,task_aware_forgetting,637029796,0.01325000000000004
classifier_expander,scroll,task_aware_forgetting,1357204345,-0.014499999999999985
classifier_expander,scroll,task_aware_forgetting,1758462037,-0.04000000000000001
classifier_expander,scroll,task_aware_forgetting,748737880,-0.035999999999999976
classifier_expander,scroll,task_aware_forgetting,1611510062,-0.032875000000000015
classifier_expander,scroll,task_aware_forgetting,333205446,0.03650000000000003
classifier_expander,scroll,task_aware_forgetting,130501536,-0.04837500000000003
classifier_expander,scroll,task_aware_forgetting,492612040,-0.033875000000000016
classifier_expander,scroll,classifier_gap,2101606466,-0.1191999999999998
classifier_expander,scroll,classifier_gap,1872839281,-0.08919999999999989
classifier_expander,scroll,classifier_gap,637029796,-0.05849999999999994
classifier_expander,scroll,classifier_gap,1357204345,-0.05459999999999998
classifier_expander,scroll,classifier_gap,1758462037,-0.04039999999999988
classifier_expander,scroll,classifier_gap,748737880,-0.019699999999999773
classifier_expander,scroll,classifier_gap,1611510062,-0.061600000000000155
classifier_expander,scroll,classifier_gap,333205446,-0.10110000000000008
classifier_expander,scroll,classifier_gap,130501536,0.004200000000000037
classifier_expander,scroll,classifier_gap,492612040,-0.05399999999999999
classifier_expander,scroll,elapsed_seconds,2101606466,-9.166888399000527
classifier_expander,scroll,elapsed_seconds,1872839281,-9.1933130360012
classifier_expander,scroll,elapsed_seconds,637029796,-9.117492430999846
classifier_expander,scroll,elapsed_seconds,1357204345,-8.994207862000621
classifier_expander,scroll,elapsed_seconds,1758462037,-9.190272188001472
classifier_expander,scroll,elapsed_seconds,748737880,-9.151021221998235
classifier_expander,scroll,elapsed_seconds,1611510062,-9.21415662400068
classifier_expander,scroll,elapsed_seconds,333205446,-9.25142536399835
classifier_expander,scroll,elapsed_seconds,130501536,-8.82286306199967
classifier_expander,scroll,elapsed_seconds,492612040,-9.218527277997055
classifier_expander,scroll,learner_examples_processed,2101606466,-241856.0
classifier_expander,scroll,learner_examples_processed,1872839281,-241856.0
classifier_expander,scroll,learner_examples_processed,637029796,-241856.0
classifier_expander,scroll,learner_examples_processed,1357204345,-241856.0
classifier_expander,scroll,learner_examples_processed,1758462037,-241856.0
classifier_expander,scroll,learner_examples_processed,748737880,-241856.0
classifier_expander,scroll,learner_examples_processed,1611510062,-241856.0
classifier_expander,scroll,learner_examples_processed,333205446,-241856.0
classifier_expander,scroll,learner_examples_processed,130501536,-241856.0
classifier_expander,scroll,learner_examples_processed,492612040,-241856.0
classifier_expander,scroll,total_model_examples_processed,2101606466,-282496.0
classifier_expander,scroll,total_model_examples_processed,1872839281,-282496.0
classifier_expander,scroll,total_model_examples_processed,637029796,-282496.0
classifier_expander,scroll,total_model_examples_processed,1357204345,-282496.0
classifier_expander,scroll,total_model_examples_processed,1758462037,-282496.0
classifier_expander,scroll,total_model_examples_processed,748737880,-282496.0
classifier_expander,scroll,total_model_examples_processed,1611510062,-282496.0
classifier_expander,scroll,total_model_examples_processed,333205446,-282496.0
classifier_expander,scroll,total_model_examples_processed,130501536,-282496.0
classifier_expander,scroll,total_model_examples_processed,492612040,-282496.0
classifier_expander,scroll,estimated_total_flops,2101606466,-8585183672443.0
classifier_expander,scroll,estimated_total_flops,1872839281,-8585183672443.0
classifier_expander,scroll,estimated_total_flops,637029796,-8585183672443.0
classifier_expander,scroll,estimated_total_flops,1357204345,-8585183672443.0
classifier_expander,scroll,estimated_total_flops,1758462037,-8585183672443.0
classifier_expander,scroll,estimated_total_flops,748737880,-8585183672443.0
classifier_expander,scroll,estimated_total_flops,1611510062,-8585183672443.0
classifier_expander,scroll,estimated_total_flops,333205446,-8585183672443.0
classifier_expander,scroll,estimated_total_flops,130501536,-8585183672443.0
classifier_expander,scroll,estimated_total_flops,492612040,-8585183672443.0
classifier_expander,scroll,estimated_overhead_flops,2101606466,5368792965.0
classifier_expander,scroll,estimated_overhead_flops,1872839281,5368792965.0
classifier_expander,scroll,estimated_overhead_flops,637029796,5368792965.0
classifier_expander,scroll,estimated_overhead_flops,1357204345,5368792965.0
classifier_expander,scroll,estimated_overhead_flops,1758462037,5368792965.0
classifier_expander,scroll,estimated_overhead_flops,748737880,5368792965.0
classifier_expander,scroll,estimated_overhead_flops,1611510062,5368792965.0
classifier_expander,scroll,estimated_overhead_flops,333205446,5368792965.0
classifier_expander,scroll,estimated_overhead_flops,130501536,5368792965.0
classifier_expander,scroll,estimated_overhead_flops,492612040,5368792965.0
classifier_expander,scroll,replay_memory_bytes,2101606466,0.0
classifier_expander,scroll,replay_memory_bytes,1872839281,0.0
classifier_expander,scroll,replay_memory_bytes,637029796,0.0
classifier_expander,scroll,replay_memory_bytes,1357204345,0.0
classifier_expander,scroll,replay_memory_bytes,1758462037,0.0
classifier_expander,scroll,replay_memory_bytes,748737880,0.0
classifier_expander,scroll,replay_memory_bytes,1611510062,0.0
classifier_expander,scroll,replay_memory_bytes,333205446,0.0
classifier_expander,scroll,replay_memory_bytes,130501536,0.0
classifier_expander,scroll,replay_memory_bytes,492612040,0.0
classifier_expander,scroll,stored_logits_bytes,2101606466,0.0
classifier_expander,scroll,stored_logits_bytes,1872839281,0.0
classifier_expander,scroll,stored_logits_bytes,637029796,0.0
classifier_expander,scroll,stored_logits_bytes,1357204345,0.0
classifier_expander,scroll,stored_logits_bytes,1758462037,0.0
classifier_expander,scroll,stored_logits_bytes,748737880,0.0
classifier_expander,scroll,stored_logits_bytes,1611510062,0.0
classifier_expander,scroll,stored_logits_bytes,333205446,0.0
classifier_expander,scroll,stored_logits_bytes,130501536,0.0
classifier_expander,scroll,stored_logits_bytes,492612040,0.0
classifier_expander,slowheat_scroll,final_average_accuracy,2101606466,0.0852
classifier_expander,slowheat_scroll,final_average_accuracy,1872839281,0.07480000000000009
classifier_expander,slowheat_scroll,final_average_accuracy,637029796,0.022899999999999976
classifier_expander,slowheat_scroll,final_average_accuracy,1357204345,0.029899999999999982
classifier_expander,slowheat_scroll,final_average_accuracy,1758462037,0.004100000000000048
classifier_expander,slowheat_scroll,final_average_accuracy,748737880,0.04539999999999994
classifier_expander,slowheat_scroll,final_average_accuracy,1611510062,-0.0025000000000000022
classifier_expander,slowheat_scroll,final_average_accuracy,333205446,0.04820000000000002
classifier_expander,slowheat_scroll,final_average_accuracy,130501536,-0.025300000000000045
classifier_expander,slowheat_scroll,final_average_accuracy,492612040,0.06769999999999993
classifier_expander,slowheat_scroll,average_forgetting,2101606466,-0.14525
classifier_expander,slowheat_scroll,average_forgetting,1872839281,-0.12424999999999992
classifier_expander,slowheat_scroll,average_forgetting,637029796,-0.028874999999999984
classifier_expander,slowheat_scroll,average_forgetting,1357204345,-0.15087499999999998
classifier_expander,slowheat_scroll,average_forgetting,1758462037,0.05537500000000001
classifier_expander,slowheat_scroll,average_forgetting,748737880,-0.0006249999999999867
classifier_expander,slowheat_scroll,average_forgetting,1611510062,-0.08550000000000002
classifier_expander,slowheat_scroll,average_forgetting,333205446,-0.14462499999999995
classifier_expander,slowheat_scroll,average_forgetting,130501536,-0.09350000000000003
classifier_expander,slowheat_scroll,average_forgetting,492612040,-0.11124999999999996
classifier_expander,slowheat_scroll,backward_transfer,2101606466,0.13087500000000002
classifier_expander,slowheat_scroll,backward_transfer,1872839281,0.09512499999999996
classifier_expander,slowheat_scroll,backward_transfer,637029796,-0.05949999999999997
classifier_expander,slowheat_scroll,backward_transfer,1357204345,0.01800000000000003
classifier_expander,slowheat_scroll,backward_transfer,1758462037,-0.1193749999999999
classifier_expander,slowheat_scroll,backward_transfer,748737880,-0.06962499999999999
classifier_expander,slowheat_scroll,backward_transfer,1611510062,-0.073375
classifier_expander,slowheat_scroll,backward_transfer,333205446,0.10249999999999992
classifier_expander,slowheat_scroll,backward_transfer,130501536,-0.015250000000000014
classifier_expander,slowheat_scroll,backward_transfer,492612040,0.02999999999999997
classifier_expander,slowheat_scroll,forward_transfer,2101606466,-0.18450000000000003
classifier_expander,slowheat_scroll,forward_transfer,1872839281,-0.19599999999999998
classifier_expander,slowheat_scroll,forward_transfer,637029796,-0.17325000000000002
classifier_expander,slowheat_scroll,forward_transfer,1357204345,-0.10025
classifier_expander,slowheat_scroll,forward_transfer,1758462037,-0.193
classifier_expander,slowheat_scroll,forward_transfer,748737880,-0.24424999999999997
classifier_expander,slowheat_scroll,forward_transfer,1611510062,-0.012875000000000025
classifier_expander,slowheat_scroll,forward_transfer,333205446,-0.11975
classifier_expander,slowheat_scroll,forward_transfer,130501536,-0.084625
classifier_expander,slowheat_scroll,forward_transfer,492612040,-0.13524999999999998
classifier_expander,slowheat_scroll,task_aware_final_accuracy,2101606466,-0.03289999999999982
classifier_expander,slowheat_scroll,task_aware_final_accuracy,1872839281,-0.036800000000000055
classifier_expander,slowheat_scroll,task_aware_final_accuracy,637029796,-0.0707000000000001
classifier_expander,slowheat_scroll,task_aware_final_accuracy,1357204345,-0.04620000000000002
classifier_expander,slowheat_scroll,task_aware_final_accuracy,1758462037,-0.05159999999999998
classifier_expander,slowheat_scroll,task_aware_final_accuracy,748737880,-0.019399999999999862
classifier_expander,slowheat_scroll,task_aware_final_accuracy,1611510062,-0.051100000000000256
classifier_expander,slowheat_scroll,task_aware_final_accuracy,333205446,-0.08319999999999994
classifier_expander,slowheat_scroll,task_aware_final_accuracy,130501536,-0.03430000000000011
classifier_expander,slowheat_scroll,task_aware_final_accuracy,492612040,-0.026399999999999868
classifier_expander,slowheat_scroll,task_aware_forgetting,2101606466,-0.004750000000000032
classifier_expander,slowheat_scroll,task_aware_forgetting,1872839281,-0.02612500000000001
classifier_expander,slowheat_scroll,task_aware_forgetting,637029796,-0.0044999999999999485
classifier_expander,slowheat_scroll,task_aware_forgetting,1357204345,0.0002500000000000002
classifier_expander,slowheat_scroll,task_aware_forgetting,1758462037,0.0038749999999999896
classifier_expander,slowheat_scroll,task_aware_forgetting,748737880,-0.014624999999999971
classifier_expander,slowheat_scroll,task_aware_forgetting,1611510062,-0.021375000000000005
classifier_expander,slowheat_scroll,task_aware_forgetting,333205446,0.04375000000000004
classifier_expander,slowheat_scroll,task_aware_forgetting,130501536,-0.0010000000000000564
classifier_expander,slowheat_scroll,task_aware_forgetting,492612040,-0.014875
classifier_expander,slowheat_scroll,classifier_gap,2101606466,-0.11809999999999976
classifier_expander,slowheat_scroll,classifier_gap,1872839281,-0.11160000000000014
classifier_expander,slowheat_scroll,classifier_gap,637029796,-0.09360000000000007
classifier_expander,slowheat_scroll,classifier_gap,1357204345,-0.0761
classifier_expander,slowheat_scroll,classifier_gap,1758462037,-0.05570000000000003
classifier_expander,slowheat_scroll,classifier_gap,748737880,-0.0647999999999998
classifier_expander,slowheat_scroll,classifier_gap,1611510062,-0.048600000000000254
classifier_expander,slowheat_scroll,classifier_gap,333205446,-0.13139999999999996
classifier_expander,slowheat_scroll,classifier_gap,130501536,-0.009000000000000064
classifier_expander,slowheat_scroll,classifier_gap,492612040,-0.0940999999999998
classifier_expander,slowheat_scroll,elapsed_seconds,2101606466,-8.432864868998877
classifier_expander,slowheat_scroll,elapsed_seconds,1872839281,-8.462955435001277
classifier_expander,slowheat_scroll,elapsed_seconds,637029796,-8.41540623400033
classifier_expander,slowheat_scroll,elapsed_seconds,1357204345,-8.255591458000708
classifier_expander,slowheat_scroll,elapsed_seconds,1758462037,-8.408033044001058
classifier_expander,slowheat_scroll,elapsed_seconds,748737880,-8.433925242998157
classifier_expander,slowheat_scroll,elapsed_seconds,1611510062,-8.541912181000953
classifier_expander,slowheat_scroll,elapsed_seconds,333205446,-8.48762105899732
classifier_expander,slowheat_scroll,elapsed_seconds,130501536,-8.102218664000247
classifier_expander,slowheat_scroll,elapsed_seconds,492612040,-8.482772948995262
classifier_expander,slowheat_scroll,learner_examples_processed,2101606466,-241856.0
classifier_expander,slowheat_scroll,learner_examples_processed,1872839281,-241856.0
classifier_expander,slowheat_scroll,learner_examples_processed,637029796,-241856.0
classifier_expander,slowheat_scroll,learner_examples_processed,1357204345,-241856.0
classifier_expander,slowheat_scroll,learner_examples_processed,1758462037,-241856.0
classifier_expander,slowheat_scroll,learner_examples_processed,748737880,-241856.0
classifier_expander,slowheat_scroll,learner_examples_processed,1611510062,-241856.0
classifier_expander,slowheat_scroll,learner_examples_processed,333205446,-241856.0
classifier_expander,slowheat_scroll,learner_examples_processed,130501536,-241856.0
classifier_expander,slowheat_scroll,learner_examples_processed,492612040,-241856.0
classifier_expander,slowheat_scroll,total_model_examples_processed,2101606466,-282496.0
classifier_expander,slowheat_scroll,total_model_examples_processed,1872839281,-282496.0
classifier_expander,slowheat_scroll,total_model_examples_processed,637029796,-282496.0
classifier_expander,slowheat_scroll,total_model_examples_processed,1357204345,-282496.0
classifier_expander,slowheat_scroll,total_model_examples_processed,1758462037,-282496.0
classifier_expander,slowheat_scroll,total_model_examples_processed,748737880,-282496.0
classifier_expander,slowheat_scroll,total_model_examples_processed,1611510062,-282496.0
classifier_expander,slowheat_scroll,total_model_examples_processed,333205446,-282496.0
classifier_expander,slowheat_scroll,total_model_examples_processed,130501536,-282496.0
classifier_expander,slowheat_scroll,total_model_examples_processed,492612040,-282496.0
classifier_expander,slowheat_scroll,estimated_total_flops,2101606466,-8585162078363.0
classifier_expander,slowheat_scroll,estimated_total_flops,1872839281,-8585162078363.0
classifier_expander,slowheat_scroll,estimated_total_flops,637029796,-8585162078363.0
classifier_expander,slowheat_scroll,estimated_total_flops,1357204345,-8585162078363.0
classifier_expander,slowheat_scroll,estimated_total_flops,1758462037,-8585162078363.0
classifier_expander,slowheat_scroll,estimated_total_flops,748737880,-8585162078363.0
classifier_expander,slowheat_scroll,estimated_total_flops,1611510062,-8585162078363.0
classifier_expander,slowheat_scroll,estimated_total_flops,333205446,-8585162078363.0
classifier_expander,slowheat_scroll,estimated_total_flops,130501536,-8585162078363.0
classifier_expander,slowheat_scroll,estimated_total_flops,492612040,-8585162078363.0
classifier_expander,slowheat_scroll,estimated_overhead_flops,2101606466,5390387045.0
classifier_expander,slowheat_scroll,estimated_overhead_flops,1872839281,5390387045.0
classifier_expander,slowheat_scroll,estimated_overhead_flops,637029796,5390387045.0
classifier_expander,slowheat_scroll,estimated_overhead_flops,1357204345,5390387045.0
classifier_expander,slowheat_scroll,estimated_overhead_flops,1758462037,5390387045.0
classifier_expander,slowheat_scroll,estimated_overhead_flops,748737880,5390387045.0
classifier_expander,slowheat_scroll,estimated_overhead_flops,1611510062,5390387045.0
classifier_expander,slowheat_scroll,estimated_overhead_flops,333205446,5390387045.0
classifier_expander,slowheat_scroll,estimated_overhead_flops,130501536,5390387045.0
classifier_expander,slowheat_scroll,estimated_overhead_flops,492612040,5390387045.0
classifier_expander,slowheat_scroll,replay_memory_bytes,2101606466,0.0
classifier_expander,slowheat_scroll,replay_memory_bytes,1872839281,0.0
classifier_expander,slowheat_scroll,replay_memory_bytes,637029796,0.0
classifier_expander,slowheat_scroll,replay_memory_bytes,1357204345,0.0
classifier_expander,slowheat_scroll,replay_memory_bytes,1758462037,0.0
classifier_expander,slowheat_scroll,replay_memory_bytes,748737880,0.0
classifier_expander,slowheat_scroll,replay_memory_bytes,1611510062,0.0
classifier_expander,slowheat_scroll,replay_memory_bytes,333205446,0.0
classifier_expander,slowheat_scroll,replay_memory_bytes,130501536,0.0
classifier_expander,slowheat_scroll,replay_memory_bytes,492612040,0.0
classifier_expander,slowheat_scroll,stored_logits_bytes,2101606466,0.0
classifier_expander,slowheat_scroll,stored_logits_bytes,1872839281,0.0
classifier_expander,slowheat_scroll,stored_logits_bytes,637029796,0.0
classifier_expander,slowheat_scroll,stored_logits_bytes,1357204345,0.0
classifier_expander,slowheat_scroll,stored_logits_bytes,1758462037,0.0
classifier_expander,slowheat_scroll,stored_logits_bytes,748737880,0.0
classifier_expander,slowheat_scroll,stored_logits_bytes,1611510062,0.0
classifier_expander,slowheat_scroll,stored_logits_bytes,333205446,0.0
classifier_expander,slowheat_scroll,stored_logits_bytes,130501536,0.0
classifier_expander,slowheat_scroll,stored_logits_bytes,492612040,0.0
scroll,vanilla,final_average_accuracy,2101606466,-0.15649999999999997
scroll,vanilla,final_average_accuracy,1872839281,-0.14739999999999995
scroll,vanilla,final_average_accuracy,637029796,-0.13359999999999997
scroll,vanilla,final_average_accuracy,1357204345,-0.15040000000000003
scroll,vanilla,final_average_accuracy,1758462037,-0.13099999999999995
scroll,vanilla,final_average_accuracy,748737880,-0.1443
scroll,vanilla,final_average_accuracy,1611510062,-0.1287
scroll,vanilla,final_average_accuracy,333205446,-0.13820000000000005
scroll,vanilla,final_average_accuracy,130501536,-0.10159999999999997
scroll,vanilla,final_average_accuracy,492612040,-0.15350000000000003
scroll,vanilla,average_forgetting,2101606466,0.688875
scroll,vanilla,average_forgetting,1872839281,0.5685
scroll,vanilla,average_forgetting,637029796,0.6669999999999999
scroll,vanilla,average_forgetting,1357204345,0.6061249999999999
scroll,vanilla,average_forgetting,1758462037,0.5827499999999999
scroll,vanilla,average_forgetting,748737880,0.564875
scroll,vanilla,average_forgetting,1611510062,0.55325
scroll,vanilla,average_forgetting,333205446,0.655125
scroll,vanilla,average_forgetting,130501536,0.66825
scroll,vanilla,average_forgetting,492612040,0.6184999999999999
scroll,vanilla,backward_transfer,2101606466,-0.688875
scroll,vanilla,backward_transfer,1872839281,-0.6855
scroll,vanilla,backward_transfer,637029796,-0.8122499999999999
scroll,vanilla,backward_transfer,1357204345,-0.6292499999999999
scroll,vanilla,backward_transfer,1758462037,-0.6145
scroll,vanilla,backward_transfer,748737880,-0.620625
scroll,vanilla,backward_transfer,1611510062,-0.6458750000000001
scroll,vanilla,backward_transfer,333205446,-0.834125
scroll,vanilla,backward_transfer,130501536,-0.709625
scroll,vanilla,backward_transfer,492612040,-0.6786249999999999
scroll,vanilla,forward_transfer,2101606466,0.078625
scroll,vanilla,forward_transfer,1872839281,0.062
scroll,vanilla,forward_transfer,637029796,0.044499999999999984
scroll,vanilla,forward_transfer,1357204345,0.000125000000000014
scroll,vanilla,forward_transfer,1758462037,0.07950000000000003
scroll,vanilla,forward_transfer,748737880,0.1015
scroll,vanilla,forward_transfer,1611510062,0.006125000000000019
scroll,vanilla,forward_transfer,333205446,0.11574999999999999
scroll,vanilla,forward_transfer,130501536,0.0
scroll,vanilla,forward_transfer,492612040,0.089
scroll,vanilla,task_aware_final_accuracy,2101606466,-0.1666000000000002
scroll,vanilla,task_aware_final_accuracy,1872839281,-0.11599999999999999
scroll,vanilla,task_aware_final_accuracy,637029796,-0.0626000000000001
scroll,vanilla,task_aware_final_accuracy,1357204345,-0.1461
scroll,vanilla,task_aware_final_accuracy,1758462037,-0.09320000000000006
scroll,vanilla,task_aware_final_accuracy,748737880,-0.1532
scroll,vanilla,task_aware_final_accuracy,1611510062,-0.0814999999999999
scroll,vanilla,task_aware_final_accuracy,333205446,-0.12780000000000002
scroll,vanilla,task_aware_final_accuracy,130501536,-0.1534000000000001
scroll,vanilla,task_aware_final_accuracy,492612040,-0.1469999999999999
scroll,vanilla,task_aware_forgetting,2101606466,0.34324999999999994
scroll,vanilla,task_aware_forgetting,1872839281,0.27712500000000007
scroll,vanilla,task_aware_forgetting,637029796,0.21537499999999998
scroll,vanilla,task_aware_forgetting,1357204345,0.283875
scroll,vanilla,task_aware_forgetting,1758462037,0.255
scroll,vanilla,task_aware_forgetting,748737880,0.2976249999999999
scroll,vanilla,task_aware_forgetting,1611510062,0.25112499999999993
scroll,vanilla,task_aware_forgetting,333205446,0.266125
scroll,vanilla,task_aware_forgetting,130501536,0.335125
scroll,vanilla,task_aware_forgetting,492612040,0.3195
scroll,vanilla,classifier_gap,2101606466,-0.01010000000000022
scroll,vanilla,classifier_gap,1872839281,0.031399999999999983
scroll,vanilla,classifier_gap,637029796,0.0709999999999999
scroll,vanilla,classifier_gap,1357204345,0.004300000000000026
scroll,vanilla,classifier_gap,1758462037,0.03779999999999989
scroll,vanilla,classifier_gap,748737880,-0.008900000000000019
scroll,vanilla,classifier_gap,1611510062,0.047200000000000075
scroll,vanilla,classifier_gap,333205446,0.01040000000000002
scroll,vanilla,classifier_gap,130501536,-0.051800000000000124
scroll,vanilla,classifier_gap,492612040,0.006500000000000117
scroll,vanilla,elapsed_seconds,2101606466,5.446573360000912
scroll,vanilla,elapsed_seconds,1872839281,5.31113518300117
scroll,vanilla,elapsed_seconds,637029796,5.364074035000158
scroll,vanilla,elapsed_seconds,1357204345,5.191496614999778
scroll,vanilla,elapsed_seconds,1758462037,5.3186257900015335
scroll,vanilla,elapsed_seconds,748737880,5.3196633250008745
scroll,vanilla,elapsed_seconds,1611510062,5.2806929830003355
scroll,vanilla,elapsed_seconds,333205446,5.134923017998517
scroll,vanilla,elapsed_seconds,130501536,5.432909474999178
scroll,vanilla,elapsed_seconds,492612040,5.36855130800177
scroll,vanilla,learner_examples_processed,2101606466,160512.0
scroll,vanilla,learner_examples_processed,1872839281,160512.0
scroll,vanilla,learner_examples_processed,637029796,160512.0
scroll,vanilla,learner_examples_processed,1357204345,160512.0
scroll,vanilla,learner_examples_processed,1758462037,160512.0
scroll,vanilla,learner_examples_processed,748737880,160512.0
scroll,vanilla,learner_examples_processed,1611510062,160512.0
scroll,vanilla,learner_examples_processed,333205446,160512.0
scroll,vanilla,learner_examples_processed,130501536,160512.0
scroll,vanilla,learner_examples_processed,492612040,160512.0
scroll,vanilla,total_model_examples_processed,2101606466,120512.0
scroll,vanilla,total_model_examples_processed,1872839281,120512.0
scroll,vanilla,total_model_examples_processed,637029796,120512.0
scroll,vanilla,total_model_examples_processed,1357204345,120512.0
scroll,vanilla,total_model_examples_processed,1758462037,120512.0
scroll,vanilla,total_model_examples_processed,748737880,120512.0
scroll,vanilla,total_model_examples_processed,1611510062,120512.0
scroll,vanilla,total_model_examples_processed,333205446,120512.0
scroll,vanilla,total_model_examples_processed,130501536,120512.0
scroll,vanilla,total_model_examples_processed,492612040,120512.0
scroll,vanilla,estimated_total_flops,2101606466,4945033934971.0
scroll,vanilla,estimated_total_flops,1872839281,4945033934971.0
scroll,vanilla,estimated_total_flops,637029796,4945033934971.0
scroll,vanilla,estimated_total_flops,1357204345,4945033934971.0
scroll,vanilla,estimated_total_flops,1758462037,4945033934971.0
scroll,vanilla,estimated_total_flops,748737880,4945033934971.0
scroll,vanilla,estimated_total_flops,1611510062,4945033934971.0
scroll,vanilla,estimated_total_flops,333205446,4945033934971.0
scroll,vanilla,estimated_total_flops,130501536,4945033934971.0
scroll,vanilla,estimated_total_flops,492612040,4945033934971.0
scroll,vanilla,estimated_overhead_flops,2101606466,-5368792965.0
scroll,vanilla,estimated_overhead_flops,1872839281,-5368792965.0
scroll,vanilla,estimated_overhead_flops,637029796,-5368792965.0
scroll,vanilla,estimated_overhead_flops,1357204345,-5368792965.0
scroll,vanilla,estimated_overhead_flops,1758462037,-5368792965.0
scroll,vanilla,estimated_overhead_flops,748737880,-5368792965.0
scroll,vanilla,estimated_overhead_flops,1611510062,-5368792965.0
scroll,vanilla,estimated_overhead_flops,333205446,-5368792965.0
scroll,vanilla,estimated_overhead_flops,130501536,-5368792965.0
scroll,vanilla,estimated_overhead_flops,492612040,-5368792965.0
scroll,vanilla,replay_memory_bytes,2101606466,-2459200.0
scroll,vanilla,replay_memory_bytes,1872839281,-2459200.0
scroll,vanilla,replay_memory_bytes,637029796,-2459200.0
scroll,vanilla,replay_memory_bytes,1357204345,-2459200.0
scroll,vanilla,replay_memory_bytes,1758462037,-2459200.0
scroll,vanilla,replay_memory_bytes,748737880,-2459200.0
scroll,vanilla,replay_memory_bytes,1611510062,-2459200.0
scroll,vanilla,replay_memory_bytes,333205446,-2459200.0
scroll,vanilla,replay_memory_bytes,130501536,-2459200.0
scroll,vanilla,replay_memory_bytes,492612040,-2459200.0
scroll,vanilla,stored_logits_bytes,2101606466,0.0
scroll,vanilla,stored_logits_bytes,1872839281,0.0
scroll,vanilla,stored_logits_bytes,637029796,0.0
scroll,vanilla,stored_logits_bytes,1357204345,0.0
scroll,vanilla,stored_logits_bytes,1758462037,0.0
scroll,vanilla,stored_logits_bytes,748737880,0.0
scroll,vanilla,stored_logits_bytes,1611510062,0.0
scroll,vanilla,stored_logits_bytes,333205446,0.0
scroll,vanilla,stored_logits_bytes,130501536,0.0
scroll,vanilla,stored_logits_bytes,492612040,0.0
scroll,slowheat_none,final_average_accuracy,2101606466,-0.15209999999999999
scroll,slowheat_none,final_average_accuracy,1872839281,-0.14389999999999994
scroll,slowheat_none,final_average_accuracy,637029796,-0.1341
scroll,slowheat_none,final_average_accuracy,1357204345,-0.15090000000000003
scroll,slowheat_none,final_average_accuracy,1758462037,-0.12979999999999997
scroll,slowheat_none,final_average_accuracy,748737880,-0.14800000000000002
scroll,slowheat_none,final_average_accuracy,1611510062,-0.1287
scroll,slowheat_none,final_average_accuracy,333205446,-0.14160000000000003
scroll,slowheat_none,final_average_accuracy,130501536,-0.09959999999999997
scroll,slowheat_none,final_average_accuracy,492612040,-0.15240000000000004
scroll,slowheat_none,average_forgetting,2101606466,0.6887500000000001
scroll,slowheat_none,average_forgetting,1872839281,0.569125
scroll,slowheat_none,average_forgetting,637029796,0.6689999999999999
scroll,slowheat_none,average_forgetting,1357204345,0.60975
scroll,slowheat_none,average_forgetting,1758462037,0.5862499999999999
scroll,slowheat_none,average_forgetting,748737880,0.5630000000000001
scroll,slowheat_none,average_forgetting,1611510062,0.55375
scroll,slowheat_none,average_forgetting,333205446,0.6548750000000001
scroll,slowheat_none,average_forgetting,130501536,0.6672499999999999
scroll,slowheat_none,average_forgetting,492612040,0.616875
scroll,slowheat_none,backward_transfer,2101606466,-0.6887500000000001
scroll,slowheat_none,backward_transfer,1872839281,-0.686125
scroll,slowheat_none,backward_transfer,637029796,-0.8142499999999999
scroll,slowheat_none,backward_transfer,1357204345,-0.6328750000000001
scroll,slowheat_none,backward_transfer,1758462037,-0.6180000000000001
scroll,slowheat_none,backward_transfer,748737880,-0.61875
scroll,slowheat_none,backward_transfer,1611510062,-0.646375
scroll,slowheat_none,backward_transfer,333205446,-0.833875
scroll,slowheat_none,backward_transfer,130501536,-0.708625
scroll,slowheat_none,backward_transfer,492612040,-0.6769999999999999
scroll,slowheat_none,forward_transfer,2101606466,0.078625
scroll,slowheat_none,forward_transfer,1872839281,0.0625
scroll,slowheat_none,forward_transfer,637029796,0.042499999999999996
scroll,slowheat_none,forward_transfer,1357204345,0.000125000000000014
scroll,slowheat_none,forward_transfer,1758462037,0.08037500000000002
scroll,slowheat_none,forward_transfer,748737880,0.10274999999999998
scroll,slowheat_none,forward_transfer,1611510062,0.005875000000000019
scroll,slowheat_none,forward_transfer,333205446,0.11587499999999999
scroll,slowheat_none,forward_transfer,130501536,0.0
scroll,slowheat_none,forward_transfer,492612040,0.08912500000000001
scroll,slowheat_none,task_aware_final_accuracy,2101606466,-0.08340000000000003
scroll,slowheat_none,task_aware_final_accuracy,1872839281,-0.0929000000000001
scroll,slowheat_none,task_aware_final_accuracy,637029796,-0.09830000000000017
scroll,slowheat_none,task_aware_final_accuracy,1357204345,-0.08620000000000005
scroll,slowheat_none,task_aware_final_accuracy,1758462037,-0.1373000000000001
scroll,slowheat_none,task_aware_final_accuracy,748737880,-0.20490000000000008
scroll,slowheat_none,task_aware_final_accuracy,1611510062,-0.0784999999999999
scroll,slowheat_none,task_aware_final_accuracy,333205446,-0.09429999999999994
scroll,slowheat_none,task_aware_final_accuracy,130501536,-0.15239999999999998
scroll,slowheat_none,task_aware_final_accuracy,492612040,-0.08120000000000005
scroll,slowheat_none,task_aware_forgetting,2101606466,0.244625
scroll,slowheat_none,task_aware_forgetting,1872839281,0.25325
scroll,slowheat_none,task_aware_forgetting,637029796,0.26137499999999997
scroll,slowheat_none,task_aware_forgetting,1357204345,0.212
scroll,slowheat_none,task_aware_forgetting,1758462037,0.315125
scroll,slowheat_none,task_aware_forgetting,748737880,0.35574999999999996
scroll,slowheat_none,task_aware_forgetting,1611510062,0.24787499999999998
scroll,slowheat_none,task_aware_forgetting,333205446,0.21975
scroll,slowheat_none,task_aware_forgetting,130501536,0.335375
scroll,slowheat_none,task_aware_forgetting,492612040,0.23700000000000002
scroll,slowheat_none,classifier_gap,2101606466,0.06869999999999993
scroll,slowheat_none,classifier_gap,1872839281,0.05099999999999982
scroll,slowheat_none,classifier_gap,637029796,0.03579999999999983
scroll,slowheat_none,classifier_gap,1357204345,0.06469999999999998
scroll,slowheat_none,classifier_gap,1758462037,-0.007500000000000118
scroll,slowheat_none,classifier_gap,748737880,-0.05690000000000006
scroll,slowheat_none,classifier_gap,1611510062,0.05020000000000008
scroll,slowheat_none,classifier_gap,333205446,0.04730000000000012
scroll,slowheat_none,classifier_gap,130501536,-0.052800000000000014
scroll,slowheat_none,classifier_gap,492612040,0.07119999999999999
scroll,slowheat_none,elapsed_seconds,2101606466,10.398612889001015
scroll,slowheat_none,elapsed_seconds,1872839281,10.28459402199951
scroll,slowheat_none,elapsed_seconds,637029796,10.287412162000692
scroll,slowheat_none,elapsed_seconds,1357204345,10.205950034000125
scroll,slowheat_none,elapsed_seconds,1758462037,10.227125879000596
scroll,slowheat_none,elapsed_seconds,748737880,10.334455844998956
scroll,slowheat_none,elapsed_seconds,1611510062,10.322626326000318
scroll,slowheat_none,elapsed_seconds,333205446,10.282734065998739
scroll,slowheat_none,elapsed_seconds,130501536,10.449349597001856
scroll,slowheat_none,elapsed_seconds,492612040,10.410465388999
scroll,slowheat_none,learner_examples_processed,2101606466,160512.0
scroll,slowheat_none,learner_examples_processed,1872839281,160512.0
scroll,slowheat_none,learner_examples_processed,637029796,160512.0
scroll,slowheat_none,learner_examples_processed,1357204345,160512.0
scroll,slowheat_none,learner_examples_processed,1758462037,160512.0
scroll,slowheat_none,learner_examples_processed,748737880,160512.0
scroll,slowheat_none,learner_examples_processed,1611510062,160512.0
scroll,slowheat_none,learner_examples_processed,333205446,160512.0
scroll,slowheat_none,learner_examples_processed,130501536,160512.0
scroll,slowheat_none,learner_examples_processed,492612040,160512.0
scroll,slowheat_none,total_model_examples_processed,2101606466,120512.0
scroll,slowheat_none,total_model_examples_processed,1872839281,120512.0
scroll,slowheat_none,total_model_examples_processed,637029796,120512.0
scroll,slowheat_none,total_model_examples_processed,1357204345,120512.0
scroll,slowheat_none,total_model_examples_processed,1758462037,120512.0
scroll,slowheat_none,total_model_examples_processed,748737880,120512.0
scroll,slowheat_none,total_model_examples_processed,1611510062,120512.0
scroll,slowheat_none,total_model_examples_processed,333205446,120512.0
scroll,slowheat_none,total_model_examples_processed,130501536,120512.0
scroll,slowheat_none,total_model_examples_processed,492612040,120512.0
scroll,slowheat_none,estimated_total_flops,2101606466,4945154003521.0
scroll,slowheat_none,estimated_total_flops,1872839281,4945154003521.0
scroll,slowheat_none,estimated_total_flops,637029796,4945154003521.0
scroll,slowheat_none,estimated_total_flops,1357204345,4945154003521.0
scroll,slowheat_none,estimated_total_flops,1758462037,4945154003521.0
scroll,slowheat_none,estimated_total_flops,748737880,4945154003521.0
scroll,slowheat_none,estimated_total_flops,1611510062,4945154003521.0
scroll,slowheat_none,estimated_total_flops,333205446,4945154003521.0
scroll,slowheat_none,estimated_total_flops,130501536,4945154003521.0
scroll,slowheat_none,estimated_total_flops,492612040,4945154003521.0
scroll,slowheat_none,estimated_overhead_flops,2101606466,-5248724415.0
scroll,slowheat_none,estimated_overhead_flops,1872839281,-5248724415.0
scroll,slowheat_none,estimated_overhead_flops,637029796,-5248724415.0
scroll,slowheat_none,estimated_overhead_flops,1357204345,-5248724415.0
scroll,slowheat_none,estimated_overhead_flops,1758462037,-5248724415.0
scroll,slowheat_none,estimated_overhead_flops,748737880,-5248724415.0
scroll,slowheat_none,estimated_overhead_flops,1611510062,-5248724415.0
scroll,slowheat_none,estimated_overhead_flops,333205446,-5248724415.0
scroll,slowheat_none,estimated_overhead_flops,130501536,-5248724415.0
scroll,slowheat_none,estimated_overhead_flops,492612040,-5248724415.0
scroll,slowheat_none,replay_memory_bytes,2101606466,-2459200.0
scroll,slowheat_none,replay_memory_bytes,1872839281,-2459200.0
scroll,slowheat_none,replay_memory_bytes,637029796,-2459200.0
scroll,slowheat_none,replay_memory_bytes,1357204345,-2459200.0
scroll,slowheat_none,replay_memory_bytes,1758462037,-2459200.0
scroll,slowheat_none,replay_memory_bytes,748737880,-2459200.0
scroll,slowheat_none,replay_memory_bytes,1611510062,-2459200.0
scroll,slowheat_none,replay_memory_bytes,333205446,-2459200.0
scroll,slowheat_none,replay_memory_bytes,130501536,-2459200.0
scroll,slowheat_none,replay_memory_bytes,492612040,-2459200.0
scroll,slowheat_none,stored_logits_bytes,2101606466,0.0
scroll,slowheat_none,stored_logits_bytes,1872839281,0.0
scroll,slowheat_none,stored_logits_bytes,637029796,0.0
scroll,slowheat_none,stored_logits_bytes,1357204345,0.0
scroll,slowheat_none,stored_logits_bytes,1758462037,0.0
scroll,slowheat_none,stored_logits_bytes,748737880,0.0
scroll,slowheat_none,stored_logits_bytes,1611510062,0.0
scroll,slowheat_none,stored_logits_bytes,333205446,0.0
scroll,slowheat_none,stored_logits_bytes,130501536,0.0
scroll,slowheat_none,stored_logits_bytes,492612040,0.0
scroll,slowheat_unidirectional,final_average_accuracy,2101606466,-0.15779999999999997
scroll,slowheat_unidirectional,final_average_accuracy,1872839281,-0.15239999999999995
scroll,slowheat_unidirectional,final_average_accuracy,637029796,-0.14079999999999998
scroll,slowheat_unidirectional,final_average_accuracy,1357204345,-0.15250000000000005
scroll,slowheat_unidirectional,final_average_accuracy,1758462037,-0.13609999999999997
scroll,slowheat_unidirectional,final_average_accuracy,748737880,-0.1496
scroll,slowheat_unidirectional,final_average_accuracy,1611510062,-0.1363
scroll,slowheat_unidirectional,final_average_accuracy,333205446,-0.13830000000000003
scroll,slowheat_unidirectional,final_average_accuracy,130501536,-0.10079999999999997
scroll,slowheat_unidirectional,final_average_accuracy,492612040,-0.15530000000000002
scroll,slowheat_unidirectional,average_forgetting,2101606466,0.666625
scroll,slowheat_unidirectional,average_forgetting,1872839281,0.53775
scroll,slowheat_unidirectional,average_forgetting,637029796,0.6397499999999999
scroll,slowheat_unidirectional,average_forgetting,1357204345,0.5851249999999999
scroll,slowheat_unidirectional,average_forgetting,1758462037,0.569625
scroll,slowheat_unidirectional,average_forgetting,748737880,0.5322500000000001
scroll,slowheat_unidirectional,average_forgetting,1611510062,0.5385
scroll,slowheat_unidirectional,average_forgetting,333205446,0.629
scroll,slowheat_unidirectional,average_forgetting,130501536,0.6447499999999999
scroll,slowheat_unidirectional,average_forgetting,492612040,0.5942500000000001
scroll,slowheat_unidirectional,backward_transfer,2101606466,-0.666625
scroll,slowheat_unidirectional,backward_transfer,1872839281,-0.6547499999999999
scroll,slowheat_unidirectional,backward_transfer,637029796,-0.7849999999999999
scroll,slowheat_unidirectional,backward_transfer,1357204345,-0.60825
scroll,slowheat_unidirectional,backward_transfer,1758462037,-0.601375
scroll,slowheat_unidirectional,backward_transfer,748737880,-0.5880000000000001
scroll,slowheat_unidirectional,backward_transfer,1611510062,-0.631125
scroll,slowheat_unidirectional,backward_transfer,333205446,-0.8079999999999999
scroll,slowheat_unidirectional,backward_transfer,130501536,-0.686125
scroll,slowheat_unidirectional,backward_transfer,492612040,-0.654375
scroll,slowheat_unidirectional,forward_transfer,2101606466,0.078125
scroll,slowheat_unidirectional,forward_transfer,1872839281,0.062375000000000014
scroll,slowheat_unidirectional,forward_transfer,637029796,0.042624999999999996
scroll,slowheat_unidirectional,forward_transfer,1357204345,0.000125000000000014
scroll,slowheat_unidirectional,forward_transfer,1758462037,0.07887500000000001
scroll,slowheat_unidirectional,forward_transfer,748737880,0.102875
scroll,slowheat_unidirectional,forward_transfer,1611510062,0.006000000000000005
scroll,slowheat_unidirectional,forward_transfer,333205446,0.11574999999999999
scroll,slowheat_unidirectional,forward_transfer,130501536,0.0
scroll,slowheat_unidirectional,forward_transfer,492612040,0.08912500000000001
scroll,slowheat_unidirectional,task_aware_final_accuracy,2101606466,-0.1130000000000001
scroll,slowheat_unidirectional,task_aware_final_accuracy,1872839281,-0.17420000000000013
scroll,slowheat_unidirectional,task_aware_final_accuracy,637029796,-0.12640000000000007
scroll,slowheat_unidirectional,task_aware_final_accuracy,1357204345,-0.09299999999999997
scroll,slowheat_unidirectional,task_aware_final_accuracy,1758462037,-0.12320000000000009
scroll,slowheat_unidirectional,task_aware_final_accuracy,748737880,-0.16830000000000012
scroll,slowheat_unidirectional,task_aware_final_accuracy,1611510062,-0.16910000000000003
scroll,slowheat_unidirectional,task_aware_final_accuracy,333205446,-0.07930000000000004
scroll,slowheat_unidirectional,task_aware_final_accuracy,130501536,-0.08440000000000003
scroll,slowheat_unidirectional,task_aware_final_accuracy,492612040,-0.08360000000000001
scroll,slowheat_unidirectional,task_aware_forgetting,2101606466,0.252375
scroll,slowheat_unidirectional,task_aware_forgetting,1872839281,0.312875
scroll,slowheat_unidirectional,task_aware_forgetting,637029796,0.258875
scroll,slowheat_unidirectional,task_aware_forgetting,1357204345,0.19387499999999994
scroll,slowheat_unidirectional,task_aware_forgetting,1758462037,0.273
scroll,slowheat_unidirectional,task_aware_forgetting,748737880,0.27725
scroll,slowheat_unidirectional,task_aware_forgetting,1611510062,0.336375
scroll,slowheat_unidirectional,task_aware_forgetting,333205446,0.17925000000000002
scroll,slowheat_unidirectional,task_aware_forgetting,130501536,0.22637500000000002
scroll,slowheat_unidirectional,task_aware_forgetting,492612040,0.21375
scroll,slowheat_unidirectional,classifier_gap,2101606466,0.044799999999999895
scroll,slowheat_unidirectional,classifier_gap,1872839281,-0.021800000000000153
scroll,slowheat_unidirectional,classifier_gap,637029796,0.014399999999999913
scroll,slowheat_unidirectional,classifier_gap,1357204345,0.05950000000000005
scroll,slowheat_unidirectional,classifier_gap,1758462037,0.012899999999999912
scroll,slowheat_unidirectional,classifier_gap,748737880,-0.018700000000000105
scroll,slowheat_unidirectional,classifier_gap,1611510062,-0.032799999999999996
scroll,slowheat_unidirectional,classifier_gap,333205446,0.059
scroll,slowheat_unidirectional,classifier_gap,130501536,0.016399999999999915
scroll,slowheat_unidirectional,classifier_gap,492612040,0.07170000000000004
scroll,slowheat_unidirectional,elapsed_seconds,2101606466,9.85550405200047
scroll,slowheat_unidirectional,elapsed_seconds,1872839281,9.96102849899944
scroll,slowheat_unidirectional,elapsed_seconds,637029796,9.830474328000491
scroll,slowheat_unidirectional,elapsed_seconds,1357204345,9.961164100999667
scroll,slowheat_unidirectional,elapsed_seconds,1758462037,9.808788034000827
scroll,slowheat_unidirectional,elapsed_seconds,748737880,9.890647599000658
scroll,slowheat_unidirectional,elapsed_seconds,1611510062,9.751953924998816
scroll,slowheat_unidirectional,elapsed_seconds,333205446,9.64559092699892
scroll,slowheat_unidirectional,elapsed_seconds,130501536,9.978250825999567
scroll,slowheat_unidirectional,elapsed_seconds,492612040,10.027389357001084
scroll,slowheat_unidirectional,learner_examples_processed,2101606466,160512.0
scroll,slowheat_unidirectional,learner_examples_processed,1872839281,160512.0
scroll,slowheat_unidirectional,learner_examples_processed,637029796,160512.0
scroll,slowheat_unidirectional,learner_examples_processed,1357204345,160512.0
scroll,slowheat_unidirectional,learner_examples_processed,1758462037,160512.0
scroll,slowheat_unidirectional,learner_examples_processed,748737880,160512.0
scroll,slowheat_unidirectional,learner_examples_processed,1611510062,160512.0
scroll,slowheat_unidirectional,learner_examples_processed,333205446,160512.0
scroll,slowheat_unidirectional,learner_examples_processed,130501536,160512.0
scroll,slowheat_unidirectional,learner_examples_processed,492612040,160512.0
scroll,slowheat_unidirectional,total_model_examples_processed,2101606466,120512.0
scroll,slowheat_unidirectional,total_model_examples_processed,1872839281,120512.0
scroll,slowheat_unidirectional,total_model_examples_processed,637029796,120512.0
scroll,slowheat_unidirectional,total_model_examples_processed,1357204345,120512.0
scroll,slowheat_unidirectional,total_model_examples_processed,1758462037,120512.0
scroll,slowheat_unidirectional,total_model_examples_processed,748737880,120512.0
scroll,slowheat_unidirectional,total_model_examples_processed,1611510062,120512.0
scroll,slowheat_unidirectional,total_model_examples_processed,333205446,120512.0
scroll,slowheat_unidirectional,total_model_examples_processed,130501536,120512.0
scroll,slowheat_unidirectional,total_model_examples_processed,492612040,120512.0
scroll,slowheat_unidirectional,estimated_total_flops,2101606466,4945154006441.0
scroll,slowheat_unidirectional,estimated_total_flops,1872839281,4945154006441.0
scroll,slowheat_unidirectional,estimated_total_flops,637029796,4945154006441.0
scroll,slowheat_unidirectional,estimated_total_flops,1357204345,4945154006441.0
scroll,slowheat_unidirectional,estimated_total_flops,1758462037,4945154006441.0
scroll,slowheat_unidirectional,estimated_total_flops,748737880,4945154006441.0
scroll,slowheat_unidirectional,estimated_total_flops,1611510062,4945154006441.0
scroll,slowheat_unidirectional,estimated_total_flops,333205446,4945154006441.0
scroll,slowheat_unidirectional,estimated_total_flops,130501536,4945154006441.0
scroll,slowheat_unidirectional,estimated_total_flops,492612040,4945154006441.0
scroll,slowheat_unidirectional,estimated_overhead_flops,2101606466,-5248721495.0
scroll,slowheat_unidirectional,estimated_overhead_flops,1872839281,-5248721495.0
scroll,slowheat_unidirectional,estimated_overhead_flops,637029796,-5248721495.0
scroll,slowheat_unidirectional,estimated_overhead_flops,1357204345,-5248721495.0
scroll,slowheat_unidirectional,estimated_overhead_flops,1758462037,-5248721495.0
scroll,slowheat_unidirectional,estimated_overhead_flops,748737880,-5248721495.0
scroll,slowheat_unidirectional,estimated_overhead_flops,1611510062,-5248721495.0
scroll,slowheat_unidirectional,estimated_overhead_flops,333205446,-5248721495.0
scroll,slowheat_unidirectional,estimated_overhead_flops,130501536,-5248721495.0
scroll,slowheat_unidirectional,estimated_overhead_flops,492612040,-5248721495.0
scroll,slowheat_unidirectional,replay_memory_bytes,2101606466,-2459200.0
scroll,slowheat_unidirectional,replay_memory_bytes,1872839281,-2459200.0
scroll,slowheat_unidirectional,replay_memory_bytes,637029796,-2459200.0
scroll,slowheat_unidirectional,replay_memory_bytes,1357204345,-2459200.0
scroll,slowheat_unidirectional,replay_memory_bytes,1758462037,-2459200.0
scroll,slowheat_unidirectional,replay_memory_bytes,748737880,-2459200.0
scroll,slowheat_unidirectional,replay_memory_bytes,1611510062,-2459200.0
scroll,slowheat_unidirectional,replay_memory_bytes,333205446,-2459200.0
scroll,slowheat_unidirectional,replay_memory_bytes,130501536,-2459200.0
scroll,slowheat_unidirectional,replay_memory_bytes,492612040,-2459200.0
scroll,slowheat_unidirectional,stored_logits_bytes,2101606466,0.0
scroll,slowheat_unidirectional,stored_logits_bytes,1872839281,0.0
scroll,slowheat_unidirectional,stored_logits_bytes,637029796,0.0
scroll,slowheat_unidirectional,stored_logits_bytes,1357204345,0.0
scroll,slowheat_unidirectional,stored_logits_bytes,1758462037,0.0
scroll,slowheat_unidirectional,stored_logits_bytes,748737880,0.0
scroll,slowheat_unidirectional,stored_logits_bytes,1611510062,0.0
scroll,slowheat_unidirectional,stored_logits_bytes,333205446,0.0
scroll,slowheat_unidirectional,stored_logits_bytes,130501536,0.0
scroll,slowheat_unidirectional,stored_logits_bytes,492612040,0.0
scroll,slowheat,final_average_accuracy,2101606466,-0.17079999999999998
scroll,slowheat,final_average_accuracy,1872839281,-0.15679999999999994
scroll,slowheat,final_average_accuracy,637029796,-0.15549999999999997
scroll,slowheat,final_average_accuracy,1357204345,-0.16780000000000006
scroll,slowheat,final_average_accuracy,1758462037,-0.14689999999999998
scroll,slowheat,final_average_accuracy,748737880,-0.1558
scroll,slowheat,final_average_accuracy,1611510062,-0.15810000000000002
scroll,slowheat,final_average_accuracy,333205446,-0.17930000000000004
scroll,slowheat,final_average_accuracy,130501536,-0.1238
scroll,slowheat,final_average_accuracy,492612040,-0.17310000000000003
scroll,slowheat,average_forgetting,2101606466,0.6231250000000002
scroll,slowheat,average_forgetting,1872839281,0.5148750000000001
scroll,slowheat,average_forgetting,637029796,0.5902499999999999
scroll,slowheat,average_forgetting,1357204345,0.55475
scroll,slowheat,average_forgetting,1758462037,0.53975
scroll,slowheat,average_forgetting,748737880,0.5125000000000001
scroll,slowheat,average_forgetting,1611510062,0.49812499999999993
scroll,slowheat,average_forgetting,333205446,0.6079999999999999
scroll,slowheat,average_forgetting,130501536,0.6036249999999999
scroll,slowheat,average_forgetting,492612040,0.5565
scroll,slowheat,backward_transfer,2101606466,-0.6231250000000002
scroll,slowheat,backward_transfer,1872839281,-0.6318750000000001
scroll,slowheat,backward_transfer,637029796,-0.7354999999999999
scroll,slowheat,backward_transfer,1357204345,-0.5778749999999999
scroll,slowheat,backward_transfer,1758462037,-0.5715000000000001
scroll,slowheat,backward_transfer,748737880,-0.56825
scroll,slowheat,backward_transfer,1611510062,-0.59075
scroll,slowheat,backward_transfer,333205446,-0.7869999999999999
scroll,slowheat,backward_transfer,130501536,-0.6449999999999999
scroll,slowheat,backward_transfer,492612040,-0.616625
scroll,slowheat,forward_transfer,2101606466,0.078125
scroll,slowheat,forward_transfer,1872839281,0.061
scroll,slowheat,forward_transfer,637029796,0.040374999999999994
scroll,slowheat,forward_transfer,1357204345,0.000125000000000014
scroll,slowheat,forward_transfer,1758462037,0.08012500000000002
scroll,slowheat,forward_transfer,748737880,0.10299999999999998
scroll,slowheat,forward_transfer,1611510062,0.005875000000000019
scroll,slowheat,forward_transfer,333205446,0.11574999999999999
scroll,slowheat,forward_transfer,130501536,0.0
scroll,slowheat,forward_transfer,492612040,0.08887500000000001
scroll,slowheat,task_aware_final_accuracy,2101606466,-0.15150000000000008
scroll,slowheat,task_aware_final_accuracy,1872839281,-0.1482000000000001
scroll,slowheat,task_aware_final_accuracy,637029796,-0.14180000000000015
scroll,slowheat,task_aware_final_accuracy,1357204345,-0.16720000000000013
scroll,slowheat,task_aware_final_accuracy,1758462037,-0.16370000000000007
scroll,slowheat,task_aware_final_accuracy,748737880,-0.17910000000000015
scroll,slowheat,task_aware_final_accuracy,1611510062,-0.18519999999999992
scroll,slowheat,task_aware_final_accuracy,333205446,-0.1655000000000001
scroll,slowheat,task_aware_final_accuracy,130501536,-0.1616000000000002
scroll,slowheat,task_aware_final_accuracy,492612040,-0.19410000000000005
scroll,slowheat,task_aware_forgetting,2101606466,0.24075000000000005
scroll,slowheat,task_aware_forgetting,1872839281,0.252
scroll,slowheat,task_aware_forgetting,637029796,0.21025
scroll,slowheat,task_aware_forgetting,1357204345,0.237125
scroll,slowheat,task_aware_forgetting,1758462037,0.28025
scroll,slowheat,task_aware_forgetting,748737880,0.26324999999999993
scroll,slowheat,task_aware_forgetting,1611510062,0.288875
scroll,slowheat,task_aware_forgetting,333205446,0.21475
scroll,slowheat,task_aware_forgetting,130501536,0.253
scroll,slowheat,task_aware_forgetting,492612040,0.291875
scroll,slowheat,classifier_gap,2101606466,0.01929999999999993
scroll,slowheat,classifier_gap,1872839281,0.00859999999999983
scroll,slowheat,classifier_gap,637029796,0.013699999999999823
scroll,slowheat,classifier_gap,1357204345,0.0005999999999999339
scroll,slowheat,classifier_gap,1758462037,-0.016800000000000093
scroll,slowheat,classifier_gap,748737880,-0.023300000000000154
scroll,slowheat,classifier_gap,1611510062,-0.027099999999999902
scroll,slowheat,classifier_gap,333205446,0.013799999999999923
scroll,slowheat,classifier_gap,130501536,-0.03780000000000022
scroll,slowheat,classifier_gap,492612040,-0.02100000000000002
scroll,slowheat,elapsed_seconds,2101606466,10.318294433001938
scroll,slowheat,elapsed_seconds,1872839281,10.425457490000554
scroll,slowheat,elapsed_seconds,637029796,10.381962773999476
scroll,slowheat,elapsed_seconds,1357204345,10.341436947999682
scroll,slowheat,elapsed_seconds,1758462037,10.379987984000763
scroll,slowheat,elapsed_seconds,748737880,10.39221050100059
scroll,slowheat,elapsed_seconds,1611510062,10.452550207999593
scroll,slowheat,elapsed_seconds,333205446,10.33394842999951
scroll,slowheat,elapsed_seconds,130501536,10.39472959500199
scroll,slowheat,elapsed_seconds,492612040,10.436825752000004
scroll,slowheat,learner_examples_processed,2101606466,160512.0
scroll,slowheat,learner_examples_processed,1872839281,160512.0
scroll,slowheat,learner_examples_processed,637029796,160512.0
scroll,slowheat,learner_examples_processed,1357204345,160512.0
scroll,slowheat,learner_examples_processed,1758462037,160512.0
scroll,slowheat,learner_examples_processed,748737880,160512.0
scroll,slowheat,learner_examples_processed,1611510062,160512.0
scroll,slowheat,learner_examples_processed,333205446,160512.0
scroll,slowheat,learner_examples_processed,130501536,160512.0
scroll,slowheat,learner_examples_processed,492612040,160512.0
scroll,slowheat,total_model_examples_processed,2101606466,120512.0
scroll,slowheat,total_model_examples_processed,1872839281,120512.0
scroll,slowheat,total_model_examples_processed,637029796,120512.0
scroll,slowheat,total_model_examples_processed,1357204345,120512.0
scroll,slowheat,total_model_examples_processed,1758462037,120512.0
scroll,slowheat,total_model_examples_processed,748737880,120512.0
scroll,slowheat,total_model_examples_processed,1611510062,120512.0
scroll,slowheat,total_model_examples_processed,333205446,120512.0
scroll,slowheat,total_model_examples_processed,130501536,120512.0
scroll,slowheat,total_model_examples_processed,492612040,120512.0
scroll,slowheat,estimated_total_flops,2101606466,4945154006441.0
scroll,slowheat,estimated_total_flops,1872839281,4945154006441.0
scroll,slowheat,estimated_total_flops,637029796,4945154006441.0
scroll,slowheat,estimated_total_flops,1357204345,4945154006441.0
scroll,slowheat,estimated_total_flops,1758462037,4945154006441.0
scroll,slowheat,estimated_total_flops,748737880,4945154006441.0
scroll,slowheat,estimated_total_flops,1611510062,4945154006441.0
scroll,slowheat,estimated_total_flops,333205446,4945154006441.0
scroll,slowheat,estimated_total_flops,130501536,4945154006441.0
scroll,slowheat,estimated_total_flops,492612040,4945154006441.0
scroll,slowheat,estimated_overhead_flops,2101606466,-5248721495.0
scroll,slowheat,estimated_overhead_flops,1872839281,-5248721495.0
scroll,slowheat,estimated_overhead_flops,637029796,-5248721495.0
scroll,slowheat,estimated_overhead_flops,1357204345,-5248721495.0
scroll,slowheat,estimated_overhead_flops,1758462037,-5248721495.0
scroll,slowheat,estimated_overhead_flops,748737880,-5248721495.0
scroll,slowheat,estimated_overhead_flops,1611510062,-5248721495.0
scroll,slowheat,estimated_overhead_flops,333205446,-5248721495.0
scroll,slowheat,estimated_overhead_flops,130501536,-5248721495.0
scroll,slowheat,estimated_overhead_flops,492612040,-5248721495.0
scroll,slowheat,replay_memory_bytes,2101606466,-2459200.0
scroll,slowheat,replay_memory_bytes,1872839281,-2459200.0
scroll,slowheat,replay_memory_bytes,637029796,-2459200.0
scroll,slowheat,replay_memory_bytes,1357204345,-2459200.0
scroll,slowheat,replay_memory_bytes,1758462037,-2459200.0
scroll,slowheat,replay_memory_bytes,748737880,-2459200.0
scroll,slowheat,replay_memory_bytes,1611510062,-2459200.0
scroll,slowheat,replay_memory_bytes,333205446,-2459200.0
scroll,slowheat,replay_memory_bytes,130501536,-2459200.0
scroll,slowheat,replay_memory_bytes,492612040,-2459200.0
scroll,slowheat,stored_logits_bytes,2101606466,0.0
scroll,slowheat,stored_logits_bytes,1872839281,0.0
scroll,slowheat,stored_logits_bytes,637029796,0.0
scroll,slowheat,stored_logits_bytes,1357204345,0.0
scroll,slowheat,stored_logits_bytes,1758462037,0.0
scroll,slowheat,stored_logits_bytes,748737880,0.0
scroll,slowheat,stored_logits_bytes,1611510062,0.0
scroll,slowheat,stored_logits_bytes,333205446,0.0
scroll,slowheat,stored_logits_bytes,130501536,0.0
scroll,slowheat,stored_logits_bytes,492612040,0.0
scroll,hard_freeze,final_average_accuracy,2101606466,-0.17559999999999998
scroll,hard_freeze,final_average_accuracy,1872839281,-0.16339999999999993
scroll,hard_freeze,final_average_accuracy,637029796,-0.15549999999999997
scroll,hard_freeze,final_average_accuracy,1357204345,-0.17830000000000004
scroll,hard_freeze,final_average_accuracy,1758462037,-0.15749999999999997
scroll,hard_freeze,final_average_accuracy,748737880,-0.17020000000000002
scroll,hard_freeze,final_average_accuracy,1611510062,-0.1519
scroll,hard_freeze,final_average_accuracy,333205446,-0.17280000000000004
scroll,hard_freeze,final_average_accuracy,130501536,-0.1036
scroll,hard_freeze,final_average_accuracy,492612040,-0.17620000000000002
scroll,hard_freeze,average_forgetting,2101606466,0.628875
scroll,hard_freeze,average_forgetting,1872839281,0.510375
scroll,hard_freeze,average_forgetting,637029796,0.591625
scroll,hard_freeze,average_forgetting,1357204345,0.541125
scroll,hard_freeze,average_forgetting,1758462037,0.524375
scroll,hard_freeze,average_forgetting,748737880,0.503375
scroll,hard_freeze,average_forgetting,1611510062,0.4902500000000001
scroll,hard_freeze,average_forgetting,333205446,0.59175
scroll,hard_freeze,average_forgetting,130501536,0.544875
scroll,hard_freeze,average_forgetting,492612040,0.554625
scroll,hard_freeze,backward_transfer,2101606466,-0.628875
scroll,hard_freeze,backward_transfer,1872839281,-0.627375
scroll,hard_freeze,backward_transfer,637029796,-0.736875
scroll,hard_freeze,backward_transfer,1357204345,-0.5642499999999999
scroll,hard_freeze,backward_transfer,1758462037,-0.556125
scroll,hard_freeze,backward_transfer,748737880,-0.559125
scroll,hard_freeze,backward_transfer,1611510062,-0.5828750000000001
scroll,hard_freeze,backward_transfer,333205446,-0.7707499999999999
scroll,hard_freeze,backward_transfer,130501536,-0.5862499999999999
scroll,hard_freeze,backward_transfer,492612040,-0.61475
scroll,hard_freeze,forward_transfer,2101606466,0.07900000000000001
scroll,hard_freeze,forward_transfer,1872839281,0.062375000000000014
scroll,hard_freeze,forward_transfer,637029796,0.03737499999999999
scroll,hard_freeze,forward_transfer,1357204345,0.000125000000000014
scroll,hard_freeze,forward_transfer,1758462037,0.07987500000000002
scroll,hard_freeze,forward_transfer,748737880,0.102875
scroll,hard_freeze,forward_transfer,1611510062,0.005750000000000033
scroll,hard_freeze,forward_transfer,333205446,0.11574999999999999
scroll,hard_freeze,forward_transfer,130501536,0.0
scroll,hard_freeze,forward_transfer,492612040,0.08962500000000001
scroll,hard_freeze,task_aware_final_accuracy,2101606466,-0.12019999999999997
scroll,hard_freeze,task_aware_final_accuracy,1872839281,-0.16270000000000007
scroll,hard_freeze,task_aware_final_accuracy,637029796,-0.1259
scroll,hard_freeze,task_aware_final_accuracy,1357204345,-0.14770000000000005
scroll,hard_freeze,task_aware_final_accuracy,1758462037,-0.1494000000000001
scroll,hard_freeze,task_aware_final_accuracy,748737880,-0.16680000000000006
scroll,hard_freeze,task_aware_final_accuracy,1611510062,-0.17679999999999985
scroll,hard_freeze,task_aware_final_accuracy,333205446,-0.16000000000000003
scroll,hard_freeze,task_aware_final_accuracy,130501536,-0.19069999999999998
scroll,hard_freeze,task_aware_final_accuracy,492612040,-0.1705000000000001
scroll,hard_freeze,task_aware_forgetting,2101606466,0.20137500000000003
scroll,hard_freeze,task_aware_forgetting,1872839281,0.257375
scroll,hard_freeze,task_aware_forgetting,637029796,0.19175000000000003
scroll,hard_freeze,task_aware_forgetting,1357204345,0.188875
scroll,hard_freeze,task_aware_forgetting,1758462037,0.23374999999999999
scroll,hard_freeze,task_aware_forgetting,748737880,0.22074999999999997
scroll,hard_freeze,task_aware_forgetting,1611510062,0.2785000000000001
scroll,hard_freeze,task_aware_forgetting,333205446,0.19974999999999998
scroll,hard_freeze,task_aware_forgetting,130501536,0.259625
scroll,hard_freeze,task_aware_forgetting,492612040,0.25675000000000003
scroll,hard_freeze,classifier_gap,2101606466,0.055400000000000005
scroll,hard_freeze,classifier_gap,1872839281,0.0006999999999998674
scroll,hard_freeze,classifier_gap,637029796,0.02959999999999996
scroll,hard_freeze,classifier_gap,1357204345,0.030600000000000016
scroll,hard_freeze,classifier_gap,1758462037,0.008099999999999885
scroll,hard_freeze,classifier_gap,748737880,0.0033999999999999586
scroll,hard_freeze,classifier_gap,1611510062,-0.024899999999999867
scroll,hard_freeze,classifier_gap,333205446,0.012800000000000034
scroll,hard_freeze,classifier_gap,130501536,-0.08710000000000001
scroll,hard_freeze,classifier_gap,492612040,0.005699999999999927
scroll,hard_freeze,elapsed_seconds,2101606466,10.094695768002566
scroll,hard_freeze,elapsed_seconds,1872839281,10.317289345000972
scroll,hard_freeze,elapsed_seconds,637029796,10.152710712000044
scroll,hard_freeze,elapsed_seconds,1357204345,10.219473040000594
scroll,hard_freeze,elapsed_seconds,1758462037,10.265653382999517
scroll,hard_freeze,elapsed_seconds,748737880,10.26767098900018
scroll,hard_freeze,elapsed_seconds,1611510062,10.270435291000467
scroll,hard_freeze,elapsed_seconds,333205446,10.139524845000778
scroll,hard_freeze,elapsed_seconds,130501536,10.336892598999839
scroll,hard_freeze,elapsed_seconds,492612040,10.290810348000377
scroll,hard_freeze,learner_examples_processed,2101606466,160512.0
scroll,hard_freeze,learner_examples_processed,1872839281,160512.0
scroll,hard_freeze,learner_examples_processed,637029796,160512.0
scroll,hard_freeze,learner_examples_processed,1357204345,160512.0
scroll,hard_freeze,learner_examples_processed,1758462037,160512.0
scroll,hard_freeze,learner_examples_processed,748737880,160512.0
scroll,hard_freeze,learner_examples_processed,1611510062,160512.0
scroll,hard_freeze,learner_examples_processed,333205446,160512.0
scroll,hard_freeze,learner_examples_processed,130501536,160512.0
scroll,hard_freeze,learner_examples_processed,492612040,160512.0
scroll,hard_freeze,total_model_examples_processed,2101606466,120512.0
scroll,hard_freeze,total_model_examples_processed,1872839281,120512.0
scroll,hard_freeze,total_model_examples_processed,637029796,120512.0
scroll,hard_freeze,total_model_examples_processed,1357204345,120512.0
scroll,hard_freeze,total_model_examples_processed,1758462037,120512.0
scroll,hard_freeze,total_model_examples_processed,748737880,120512.0
scroll,hard_freeze,total_model_examples_processed,1611510062,120512.0
scroll,hard_freeze,total_model_examples_processed,333205446,120512.0
scroll,hard_freeze,total_model_examples_processed,130501536,120512.0
scroll,hard_freeze,total_model_examples_processed,492612040,120512.0
scroll,hard_freeze,estimated_total_flops,2101606466,4945154006441.0
scroll,hard_freeze,estimated_total_flops,1872839281,4945154006441.0
scroll,hard_freeze,estimated_total_flops,637029796,4945154006441.0
scroll,hard_freeze,estimated_total_flops,1357204345,4945154006441.0
scroll,hard_freeze,estimated_total_flops,1758462037,4945154006441.0
scroll,hard_freeze,estimated_total_flops,748737880,4945154006441.0
scroll,hard_freeze,estimated_total_flops,1611510062,4945154006441.0
scroll,hard_freeze,estimated_total_flops,333205446,4945154006441.0
scroll,hard_freeze,estimated_total_flops,130501536,4945154006441.0
scroll,hard_freeze,estimated_total_flops,492612040,4945154006441.0
scroll,hard_freeze,estimated_overhead_flops,2101606466,-5248721495.0
scroll,hard_freeze,estimated_overhead_flops,1872839281,-5248721495.0
scroll,hard_freeze,estimated_overhead_flops,637029796,-5248721495.0
scroll,hard_freeze,estimated_overhead_flops,1357204345,-5248721495.0
scroll,hard_freeze,estimated_overhead_flops,1758462037,-5248721495.0
scroll,hard_freeze,estimated_overhead_flops,748737880,-5248721495.0
scroll,hard_freeze,estimated_overhead_flops,1611510062,-5248721495.0
scroll,hard_freeze,estimated_overhead_flops,333205446,-5248721495.0
scroll,hard_freeze,estimated_overhead_flops,130501536,-5248721495.0
scroll,hard_freeze,estimated_overhead_flops,492612040,-5248721495.0
scroll,hard_freeze,replay_memory_bytes,2101606466,-2459200.0
scroll,hard_freeze,replay_memory_bytes,1872839281,-2459200.0
scroll,hard_freeze,replay_memory_bytes,637029796,-2459200.0
scroll,hard_freeze,replay_memory_bytes,1357204345,-2459200.0
scroll,hard_freeze,replay_memory_bytes,1758462037,-2459200.0
scroll,hard_freeze,replay_memory_bytes,748737880,-2459200.0
scroll,hard_freeze,replay_memory_bytes,1611510062,-2459200.0
scroll,hard_freeze,replay_memory_bytes,333205446,-2459200.0
scroll,hard_freeze,replay_memory_bytes,130501536,-2459200.0
scroll,hard_freeze,replay_memory_bytes,492612040,-2459200.0
scroll,hard_freeze,stored_logits_bytes,2101606466,0.0
scroll,hard_freeze,stored_logits_bytes,1872839281,0.0
scroll,hard_freeze,stored_logits_bytes,637029796,0.0
scroll,hard_freeze,stored_logits_bytes,1357204345,0.0
scroll,hard_freeze,stored_logits_bytes,1758462037,0.0
scroll,hard_freeze,stored_logits_bytes,748737880,0.0
scroll,hard_freeze,stored_logits_bytes,1611510062,0.0
scroll,hard_freeze,stored_logits_bytes,333205446,0.0
scroll,hard_freeze,stored_logits_bytes,130501536,0.0
scroll,hard_freeze,stored_logits_bytes,492612040,0.0
scroll,lpr,final_average_accuracy,2101606466,0.03750000000000003
scroll,lpr,final_average_accuracy,1872839281,0.049500000000000044
scroll,lpr,final_average_accuracy,637029796,0.0393
scroll,lpr,final_average_accuracy,1357204345,0.03279999999999994
scroll,lpr,final_average_accuracy,1758462037,0.05700000000000005
scroll,lpr,final_average_accuracy,748737880,0.04360000000000003
scroll,lpr,final_average_accuracy,1611510062,0.0791
scroll,lpr,final_average_accuracy,333205446,0.047699999999999965
scroll,lpr,final_average_accuracy,130501536,0.08490000000000003
scroll,lpr,final_average_accuracy,492612040,0.04689999999999994
scroll,lpr,average_forgetting,2101606466,0.45525000000000004
scroll,lpr,average_forgetting,1872839281,0.33437499999999987
scroll,lpr,average_forgetting,637029796,0.44474999999999987
scroll,lpr,average_forgetting,1357204345,0.3929999999999999
scroll,lpr,average_forgetting,1758462037,0.360125
scroll,lpr,average_forgetting,748737880,0.33062500000000006
scroll,lpr,average_forgetting,1611510062,0.297875
scroll,lpr,average_forgetting,333205446,0.425
scroll,lpr,average_forgetting,130501536,0.438
scroll,lpr,average_forgetting,492612040,0.37912500000000005
scroll,lpr,backward_transfer,2101606466,-0.45525000000000004
scroll,lpr,backward_transfer,1872839281,-0.45137499999999986
scroll,lpr,backward_transfer,637029796,-0.5899999999999999
scroll,lpr,backward_transfer,1357204345,-0.4161249999999999
scroll,lpr,backward_transfer,1758462037,-0.39187500000000003
scroll,lpr,backward_transfer,748737880,-0.386375
scroll,lpr,backward_transfer,1611510062,-0.39050000000000007
scroll,lpr,backward_transfer,333205446,-0.604
scroll,lpr,backward_transfer,130501536,-0.479375
scroll,lpr,backward_transfer,492612040,-0.43925000000000003
scroll,lpr,forward_transfer,2101606466,0.145125
scroll,lpr,forward_transfer,1872839281,0.12624999999999997
scroll,lpr,forward_transfer,637029796,0.22025
scroll,lpr,forward_transfer,1357204345,0.08712500000000001
scroll,lpr,forward_transfer,1758462037,0.21500000000000002
scroll,lpr,forward_transfer,748737880,0.266125
scroll,lpr,forward_transfer,1611510062,0.01999999999999999
scroll,lpr,forward_transfer,333205446,0.219
scroll,lpr,forward_transfer,130501536,0.059625000000000004
scroll,lpr,forward_transfer,492612040,0.147875
scroll,lpr,task_aware_final_accuracy,2101606466,0.1237999999999998
scroll,lpr,task_aware_final_accuracy,1872839281,0.09339999999999993
scroll,lpr,task_aware_final_accuracy,637029796,0.1199
scroll,lpr,task_aware_final_accuracy,1357204345,0.0935999999999999
scroll,lpr,task_aware_final_accuracy,1758462037,0.09970000000000001
scroll,lpr,task_aware_final_accuracy,748737880,0.07299999999999995
scroll,lpr,task_aware_final_accuracy,1611510062,0.09580000000000011
scroll,lpr,task_aware_final_accuracy,333205446,0.122
scroll,lpr,task_aware_final_accuracy,130501536,0.06920000000000004
scroll,lpr,task_aware_final_accuracy,492612040,0.09320000000000006
scroll,lpr,task_aware_forgetting,2101606466,0.008875000000000022
scroll,lpr,task_aware_forgetting,1872839281,0.045125
scroll,lpr,task_aware_forgetting,637029796,-0.0040000000000000036
scroll,lpr,task_aware_forgetting,1357204345,0.01799999999999996
scroll,lpr,task_aware_forgetting,1758462037,0.04575000000000001
scroll,lpr,task_aware_forgetting,748737880,0.03362499999999996
scroll,lpr,task_aware_forgetting,1611510062,0.051375000000000004
scroll,lpr,task_aware_forgetting,333205446,-0.023875000000000007
scroll,lpr,task_aware_forgetting,130501536,0.078875
scroll,lpr,task_aware_forgetting,492612040,0.04712499999999997
scroll,lpr,classifier_gap,2101606466,0.08629999999999977
scroll,lpr,classifier_gap,1872839281,0.043899999999999884
scroll,lpr,classifier_gap,637029796,0.0806
scroll,lpr,classifier_gap,1357204345,0.060799999999999965
scroll,lpr,classifier_gap,1758462037,0.04269999999999996
scroll,lpr,classifier_gap,748737880,0.029399999999999926
scroll,lpr,classifier_gap,1611510062,0.016700000000000104
scroll,lpr,classifier_gap,333205446,0.07430000000000003
scroll,lpr,classifier_gap,130501536,-0.015699999999999992
scroll,lpr,classifier_gap,492612040,0.04630000000000012
scroll,lpr,elapsed_seconds,2101606466,8.609151935001137
scroll,lpr,elapsed_seconds,1872839281,8.551768407000054
scroll,lpr,elapsed_seconds,637029796,8.492190558999937
scroll,lpr,elapsed_seconds,1357204345,8.486367510000491
scroll,lpr,elapsed_seconds,1758462037,8.581478520001838
scroll,lpr,elapsed_seconds,748737880,8.506267525001022
scroll,lpr,elapsed_seconds,1611510062,8.597334297000998
scroll,lpr,elapsed_seconds,333205446,8.44382436199885
scroll,lpr,elapsed_seconds,130501536,8.618453692000912
scroll,lpr,elapsed_seconds,492612040,8.56946281099954
scroll,lpr,learner_examples_processed,2101606466,241152.0
scroll,lpr,learner_examples_processed,1872839281,241152.0
scroll,lpr,learner_examples_processed,637029796,241152.0
scroll,lpr,learner_examples_processed,1357204345,241152.0
scroll,lpr,learner_examples_processed,1758462037,241152.0
scroll,lpr,learner_examples_processed,748737880,241152.0
scroll,lpr,learner_examples_processed,1611510062,241152.0
scroll,lpr,learner_examples_processed,333205446,241152.0
scroll,lpr,learner_examples_processed,130501536,241152.0
scroll,lpr,learner_examples_processed,492612040,241152.0
scroll,lpr,total_model_examples_processed,2101606466,205432.0
scroll,lpr,total_model_examples_processed,1872839281,205432.0
scroll,lpr,total_model_examples_processed,637029796,205432.0
scroll,lpr,total_model_examples_processed,1357204345,205432.0
scroll,lpr,total_model_examples_processed,1758462037,205432.0
scroll,lpr,total_model_examples_processed,748737880,205432.0
scroll,lpr,total_model_examples_processed,1611510062,205432.0
scroll,lpr,total_model_examples_processed,333205446,205432.0
scroll,lpr,total_model_examples_processed,130501536,205432.0
scroll,lpr,total_model_examples_processed,492612040,205432.0
scroll,lpr,estimated_total_flops,2101606466,7722983391633.0
scroll,lpr,estimated_total_flops,1872839281,7722983391633.0
scroll,lpr,estimated_total_flops,637029796,7722983391633.0
scroll,lpr,estimated_total_flops,1357204345,7722983391633.0
scroll,lpr,estimated_total_flops,1758462037,7722983391633.0
scroll,lpr,estimated_total_flops,748737880,7722983391633.0
scroll,lpr,estimated_total_flops,1611510062,7722983391633.0
scroll,lpr,estimated_total_flops,333205446,7722983391633.0
scroll,lpr,estimated_total_flops,130501536,7722983391633.0
scroll,lpr,estimated_total_flops,492612040,7722983391633.0
scroll,lpr,estimated_overhead_flops,2101606466,12241412497.0
scroll,lpr,estimated_overhead_flops,1872839281,12241412497.0
scroll,lpr,estimated_overhead_flops,637029796,12241412497.0
scroll,lpr,estimated_overhead_flops,1357204345,12241412497.0
scroll,lpr,estimated_overhead_flops,1758462037,12241412497.0
scroll,lpr,estimated_overhead_flops,748737880,12241412497.0
scroll,lpr,estimated_overhead_flops,1611510062,12241412497.0
scroll,lpr,estimated_overhead_flops,333205446,12241412497.0
scroll,lpr,estimated_overhead_flops,130501536,12241412497.0
scroll,lpr,estimated_overhead_flops,492612040,12241412497.0
scroll,lpr,replay_memory_bytes,2101606466,0.0
scroll,lpr,replay_memory_bytes,1872839281,0.0
scroll,lpr,replay_memory_bytes,637029796,0.0
scroll,lpr,replay_memory_bytes,1357204345,0.0
scroll,lpr,replay_memory_bytes,1758462037,0.0
scroll,lpr,replay_memory_bytes,748737880,0.0
scroll,lpr,replay_memory_bytes,1611510062,0.0
scroll,lpr,replay_memory_bytes,333205446,0.0
scroll,lpr,replay_memory_bytes,130501536,0.0
scroll,lpr,replay_memory_bytes,492612040,0.0
scroll,lpr,stored_logits_bytes,2101606466,0.0
scroll,lpr,stored_logits_bytes,1872839281,0.0
scroll,lpr,stored_logits_bytes,637029796,0.0
scroll,lpr,stored_logits_bytes,1357204345,0.0
scroll,lpr,stored_logits_bytes,1758462037,0.0
scroll,lpr,stored_logits_bytes,748737880,0.0
scroll,lpr,stored_logits_bytes,1611510062,0.0
scroll,lpr,stored_logits_bytes,333205446,0.0
scroll,lpr,stored_logits_bytes,130501536,0.0
scroll,lpr,stored_logits_bytes,492612040,0.0
scroll,slowheat_lpr,final_average_accuracy,2101606466,0.0398
scroll,slowheat_lpr,final_average_accuracy,1872839281,0.05580000000000007
scroll,slowheat_lpr,final_average_accuracy,637029796,0.04760000000000003
scroll,slowheat_lpr,final_average_accuracy,1357204345,0.03599999999999992
scroll,slowheat_lpr,final_average_accuracy,1758462037,0.06459999999999999
scroll,slowheat_lpr,final_average_accuracy,748737880,0.06369999999999998
scroll,slowheat_lpr,final_average_accuracy,1611510062,0.0842
scroll,slowheat_lpr,final_average_accuracy,333205446,0.05249999999999999
scroll,slowheat_lpr,final_average_accuracy,130501536,0.0963
scroll,slowheat_lpr,final_average_accuracy,492612040,0.07240000000000002
scroll,slowheat_lpr,average_forgetting,2101606466,0.40137500000000004
scroll,slowheat_lpr,average_forgetting,1872839281,0.2908749999999999
scroll,slowheat_lpr,average_forgetting,637029796,0.40349999999999997
scroll,slowheat_lpr,average_forgetting,1357204345,0.36512500000000003
scroll,slowheat_lpr,average_forgetting,1758462037,0.316625
scroll,slowheat_lpr,average_forgetting,748737880,0.281
scroll,slowheat_lpr,average_forgetting,1611510062,0.24112500000000003
scroll,slowheat_lpr,average_forgetting,333205446,0.38125000000000003
scroll,slowheat_lpr,average_forgetting,130501536,0.38975
scroll,slowheat_lpr,average_forgetting,492612040,0.30900000000000005
scroll,slowheat_lpr,backward_transfer,2101606466,-0.40137500000000004
scroll,slowheat_lpr,backward_transfer,1872839281,-0.4078749999999999
scroll,slowheat_lpr,backward_transfer,637029796,-0.54875
scroll,slowheat_lpr,backward_transfer,1357204345,-0.38825000000000004
scroll,slowheat_lpr,backward_transfer,1758462037,-0.34837500000000005
scroll,slowheat_lpr,backward_transfer,748737880,-0.33675
scroll,slowheat_lpr,backward_transfer,1611510062,-0.3337500000000001
scroll,slowheat_lpr,backward_transfer,333205446,-0.56025
scroll,slowheat_lpr,backward_transfer,130501536,-0.431125
scroll,slowheat_lpr,backward_transfer,492612040,-0.36912500000000004
scroll,slowheat_lpr,forward_transfer,2101606466,0.303875
scroll,slowheat_lpr,forward_transfer,1872839281,0.118125
scroll,slowheat_lpr,forward_transfer,637029796,0.230375
scroll,slowheat_lpr,forward_transfer,1357204345,0.146875
scroll,slowheat_lpr,forward_transfer,1758462037,0.24025000000000002
scroll,slowheat_lpr,forward_transfer,748737880,0.18687499999999999
scroll,slowheat_lpr,forward_transfer,1611510062,0.03487500000000002
scroll,slowheat_lpr,forward_transfer,333205446,0.28612499999999996
scroll,slowheat_lpr,forward_transfer,130501536,0.094375
scroll,slowheat_lpr,forward_transfer,492612040,0.111375
scroll,slowheat_lpr,task_aware_final_accuracy,2101606466,0.11320000000000008
scroll,slowheat_lpr,task_aware_final_accuracy,1872839281,0.08040000000000003
scroll,slowheat_lpr,task_aware_final_accuracy,637029796,0.10859999999999981
scroll,slowheat_lpr,task_aware_final_accuracy,1357204345,0.07789999999999986
scroll,slowheat_lpr,task_aware_final_accuracy,1758462037,0.09089999999999987
scroll,slowheat_lpr,task_aware_final_accuracy,748737880,0.05679999999999985
scroll,slowheat_lpr,task_aware_final_accuracy,1611510062,0.09119999999999995
scroll,slowheat_lpr,task_aware_final_accuracy,333205446,0.10899999999999999
scroll,slowheat_lpr,task_aware_final_accuracy,130501536,0.07110000000000005
scroll,slowheat_lpr,task_aware_final_accuracy,492612040,0.07889999999999997
scroll,slowheat_lpr,task_aware_forgetting,2101606466,-0.004874999999999963
scroll,slowheat_lpr,task_aware_forgetting,1872839281,0.04374999999999998
scroll,slowheat_lpr,task_aware_forgetting,637029796,-0.005624999999999963
scroll,slowheat_lpr,task_aware_forgetting,1357204345,0.028874999999999984
scroll,slowheat_lpr,task_aware_forgetting,1758462037,0.04275000000000001
scroll,slowheat_lpr,task_aware_forgetting,748737880,0.043749999999999956
scroll,slowheat_lpr,task_aware_forgetting,1611510062,0.028374999999999984
scroll,slowheat_lpr,task_aware_forgetting,333205446,-0.031125000000000014
scroll,slowheat_lpr,task_aware_forgetting,130501536,0.06025
scroll,slowheat_lpr,task_aware_forgetting,492612040,0.03962500000000002
scroll,slowheat_lpr,classifier_gap,2101606466,0.07340000000000008
scroll,slowheat_lpr,classifier_gap,1872839281,0.024599999999999955
scroll,slowheat_lpr,classifier_gap,637029796,0.06099999999999978
scroll,slowheat_lpr,classifier_gap,1357204345,0.04189999999999994
scroll,slowheat_lpr,classifier_gap,1758462037,0.02629999999999988
scroll,slowheat_lpr,classifier_gap,748737880,-0.006900000000000128
scroll,slowheat_lpr,classifier_gap,1611510062,0.006999999999999951
scroll,slowheat_lpr,classifier_gap,333205446,0.056499999999999995
scroll,slowheat_lpr,classifier_gap,130501536,-0.025199999999999945
scroll,slowheat_lpr,classifier_gap,492612040,0.00649999999999995
scroll,slowheat_lpr,elapsed_seconds,2101606466,12.309087737001391
scroll,slowheat_lpr,elapsed_seconds,1872839281,12.352967756001817
scroll,slowheat_lpr,elapsed_seconds,637029796,12.302881464000166
scroll,slowheat_lpr,elapsed_seconds,1357204345,12.314563439000267
scroll,slowheat_lpr,elapsed_seconds,1758462037,12.395477063000726
scroll,slowheat_lpr,elapsed_seconds,748737880,12.42155954699956
scroll,slowheat_lpr,elapsed_seconds,1611510062,12.470016135999686
scroll,slowheat_lpr,elapsed_seconds,333205446,12.393389378999927
scroll,slowheat_lpr,elapsed_seconds,130501536,12.2486779940009
scroll,slowheat_lpr,elapsed_seconds,492612040,12.392691551998723
scroll,slowheat_lpr,learner_examples_processed,2101606466,241152.0
scroll,slowheat_lpr,learner_examples_processed,1872839281,241152.0
scroll,slowheat_lpr,learner_examples_processed,637029796,241152.0
scroll,slowheat_lpr,learner_examples_processed,1357204345,241152.0
scroll,slowheat_lpr,learner_examples_processed,1758462037,241152.0
scroll,slowheat_lpr,learner_examples_processed,748737880,241152.0
scroll,slowheat_lpr,learner_examples_processed,1611510062,241152.0
scroll,slowheat_lpr,learner_examples_processed,333205446,241152.0
scroll,slowheat_lpr,learner_examples_processed,130501536,241152.0
scroll,slowheat_lpr,learner_examples_processed,492612040,241152.0
scroll,slowheat_lpr,total_model_examples_processed,2101606466,205432.0
scroll,slowheat_lpr,total_model_examples_processed,1872839281,205432.0
scroll,slowheat_lpr,total_model_examples_processed,637029796,205432.0
scroll,slowheat_lpr,total_model_examples_processed,1357204345,205432.0
scroll,slowheat_lpr,total_model_examples_processed,1758462037,205432.0
scroll,slowheat_lpr,total_model_examples_processed,748737880,205432.0
scroll,slowheat_lpr,total_model_examples_processed,1611510062,205432.0
scroll,slowheat_lpr,total_model_examples_processed,333205446,205432.0
scroll,slowheat_lpr,total_model_examples_processed,130501536,205432.0
scroll,slowheat_lpr,total_model_examples_processed,492612040,205432.0
scroll,slowheat_lpr,estimated_total_flops,2101606466,7723122316913.0
scroll,slowheat_lpr,estimated_total_flops,1872839281,7723122316913.0
scroll,slowheat_lpr,estimated_total_flops,637029796,7723122316913.0
scroll,slowheat_lpr,estimated_total_flops,1357204345,7723122316913.0
scroll,slowheat_lpr,estimated_total_flops,1758462037,7723122316913.0
scroll,slowheat_lpr,estimated_total_flops,748737880,7723122316913.0
scroll,slowheat_lpr,estimated_total_flops,1611510062,7723122316913.0
scroll,slowheat_lpr,estimated_total_flops,333205446,7723122316913.0
scroll,slowheat_lpr,estimated_total_flops,130501536,7723122316913.0
scroll,slowheat_lpr,estimated_total_flops,492612040,7723122316913.0
scroll,slowheat_lpr,estimated_overhead_flops,2101606466,12380337777.0
scroll,slowheat_lpr,estimated_overhead_flops,1872839281,12380337777.0
scroll,slowheat_lpr,estimated_overhead_flops,637029796,12380337777.0
scroll,slowheat_lpr,estimated_overhead_flops,1357204345,12380337777.0
scroll,slowheat_lpr,estimated_overhead_flops,1758462037,12380337777.0
scroll,slowheat_lpr,estimated_overhead_flops,748737880,12380337777.0
scroll,slowheat_lpr,estimated_overhead_flops,1611510062,12380337777.0
scroll,slowheat_lpr,estimated_overhead_flops,333205446,12380337777.0
scroll,slowheat_lpr,estimated_overhead_flops,130501536,12380337777.0
scroll,slowheat_lpr,estimated_overhead_flops,492612040,12380337777.0
scroll,slowheat_lpr,replay_memory_bytes,2101606466,0.0
scroll,slowheat_lpr,replay_memory_bytes,1872839281,0.0
scroll,slowheat_lpr,replay_memory_bytes,637029796,0.0
scroll,slowheat_lpr,replay_memory_bytes,1357204345,0.0
scroll,slowheat_lpr,replay_memory_bytes,1758462037,0.0
scroll,slowheat_lpr,replay_memory_bytes,748737880,0.0
scroll,slowheat_lpr,replay_memory_bytes,1611510062,0.0
scroll,slowheat_lpr,replay_memory_bytes,333205446,0.0
scroll,slowheat_lpr,replay_memory_bytes,130501536,0.0
scroll,slowheat_lpr,replay_memory_bytes,492612040,0.0
scroll,slowheat_lpr,stored_logits_bytes,2101606466,0.0
scroll,slowheat_lpr,stored_logits_bytes,1872839281,0.0
scroll,slowheat_lpr,stored_logits_bytes,637029796,0.0
scroll,slowheat_lpr,stored_logits_bytes,1357204345,0.0
scroll,slowheat_lpr,stored_logits_bytes,1758462037,0.0
scroll,slowheat_lpr,stored_logits_bytes,748737880,0.0
scroll,slowheat_lpr,stored_logits_bytes,1611510062,0.0
scroll,slowheat_lpr,stored_logits_bytes,333205446,0.0
scroll,slowheat_lpr,stored_logits_bytes,130501536,0.0
scroll,slowheat_lpr,stored_logits_bytes,492612040,0.0
scroll,classifier_expander,final_average_accuracy,2101606466,-0.0131
scroll,classifier_expander,final_average_accuracy,1872839281,-0.009899999999999964
scroll,classifier_expander,final_average_accuracy,637029796,0.04540000000000005
scroll,classifier_expander,final_average_accuracy,1357204345,0.02529999999999999
scroll,classifier_expander,final_average_accuracy,1758462037,0.03720000000000001
scroll,classifier_expander,final_average_accuracy,748737880,0.027200000000000057
scroll,classifier_expander,final_average_accuracy,1611510062,0.024500000000000022
scroll,classifier_expander,final_average_accuracy,333205446,0.005499999999999949
scroll,classifier_expander,final_average_accuracy,130501536,0.08170000000000005
scroll,classifier_expander,final_average_accuracy,492612040,0.02909999999999996
scroll,classifier_expander,average_forgetting,2101606466,0.14425000000000002
scroll,classifier_expander,average_forgetting,1872839281,0.07887499999999992
scroll,classifier_expander,average_forgetting,637029796,0.10799999999999998
scroll,classifier_expander,average_forgetting,1357204345,0.08174999999999999
scroll,classifier_expander,average_forgetting,1758462037,-0.049500000000000044
scroll,classifier_expander,average_forgetting,748737880,0.011750000000000038
scroll,classifier_expander,average_forgetting,1611510062,0.013000000000000012
scroll,classifier_expander,average_forgetting,333205446,0.12
scroll,classifier_expander,average_forgetting,130501536,0.074125
scroll,classifier_expander,average_forgetting,492612040,0.07674999999999998
scroll,classifier_expander,backward_transfer,2101606466,-0.08325000000000002
scroll,classifier_expander,backward_transfer,1872839281,-0.1515
scroll,classifier_expander,backward_transfer,637029796,-0.12762500000000002
scroll,classifier_expander,backward_transfer,1357204345,0.06337499999999999
scroll,classifier_expander,backward_transfer,1758462037,0.09399999999999992
scroll,classifier_expander,backward_transfer,748737880,0.0027499999999999747
scroll,classifier_expander,backward_transfer,1611510062,0.05474999999999994
scroll,classifier_expander,backward_transfer,333205446,-0.20924999999999996
scroll,classifier_expander,backward_transfer,130501536,0.0022500000000000298
scroll,classifier_expander,backward_transfer,492612040,0.009250000000000036
scroll,classifier_expander,forward_transfer,2101606466,0.18450000000000003
scroll,classifier_expander,forward_transfer,1872839281,0.19599999999999998
scroll,classifier_expander,forward_transfer,637029796,0.17325000000000002
scroll,classifier_expander,forward_transfer,1357204345,0.10025
scroll,classifier_expander,forward_transfer,1758462037,0.193
scroll,classifier_expander,forward_transfer,748737880,0.24424999999999997
scroll,classifier_expander,forward_transfer,1611510062,0.012875000000000025
scroll,classifier_expander,forward_transfer,333205446,0.11975
scroll,classifier_expander,forward_transfer,130501536,0.084625
scroll,classifier_expander,forward_transfer,492612040,0.13524999999999998
scroll,classifier_expander,task_aware_final_accuracy,2101606466,0.10609999999999986
scroll,classifier_expander,task_aware_final_accuracy,1872839281,0.07929999999999993
scroll,classifier_expander,task_aware_final_accuracy,637029796,0.10389999999999999
scroll,classifier_expander,task_aware_final_accuracy,1357204345,0.07989999999999997
scroll,classifier_expander,task_aware_final_accuracy,1758462037,0.07759999999999989
scroll,classifier_expander,task_aware_final_accuracy,748737880,0.04689999999999983
scroll,classifier_expander,task_aware_final_accuracy,1611510062,0.08610000000000018
scroll,classifier_expander,task_aware_final_accuracy,333205446,0.10660000000000003
scroll,classifier_expander,task_aware_final_accuracy,130501536,0.07750000000000001
scroll,classifier_expander,task_aware_final_accuracy,492612040,0.08309999999999995
scroll,classifier_expander,task_aware_forgetting,2101606466,0.0030000000000000027
scroll,classifier_expander,task_aware_forgetting,1872839281,0.0325
scroll,classifier_expander,task_aware_forgetting,637029796,-0.01325000000000004
scroll,classifier_expander,task_aware_forgetting,1357204345,0.014499999999999985
scroll,classifier_expander,task_aware_forgetting,1758462037,0.04000000000000001
scroll,classifier_expander,task_aware_forgetting,748737880,0.035999999999999976
scroll,classifier_expander,task_aware_forgetting,1611510062,0.032875000000000015
scroll,classifier_expander,task_aware_forgetting,333205446,-0.03650000000000003
scroll,classifier_expander,task_aware_forgetting,130501536,0.04837500000000003
scroll,classifier_expander,task_aware_forgetting,492612040,0.033875000000000016
scroll,classifier_expander,classifier_gap,2101606466,0.1191999999999998
scroll,classifier_expander,classifier_gap,1872839281,0.08919999999999989
scroll,classifier_expander,classifier_gap,637029796,0.05849999999999994
scroll,classifier_expander,classifier_gap,1357204345,0.05459999999999998
scroll,classifier_expander,classifier_gap,1758462037,0.04039999999999988
scroll,classifier_expander,classifier_gap,748737880,0.019699999999999773
scroll,classifier_expander,classifier_gap,1611510062,0.061600000000000155
scroll,classifier_expander,classifier_gap,333205446,0.10110000000000008
scroll,classifier_expander,classifier_gap,130501536,-0.004200000000000037
scroll,classifier_expander,classifier_gap,492612040,0.05399999999999999
scroll,classifier_expander,elapsed_seconds,2101606466,9.166888399000527
scroll,classifier_expander,elapsed_seconds,1872839281,9.1933130360012
scroll,classifier_expander,elapsed_seconds,637029796,9.117492430999846
scroll,classifier_expander,elapsed_seconds,1357204345,8.994207862000621
scroll,classifier_expander,elapsed_seconds,1758462037,9.190272188001472
scroll,classifier_expander,elapsed_seconds,748737880,9.151021221998235
scroll,classifier_expander,elapsed_seconds,1611510062,9.21415662400068
scroll,classifier_expander,elapsed_seconds,333205446,9.25142536399835
scroll,classifier_expander,elapsed_seconds,130501536,8.82286306199967
scroll,classifier_expander,elapsed_seconds,492612040,9.218527277997055
scroll,classifier_expander,learner_examples_processed,2101606466,241856.0
scroll,classifier_expander,learner_examples_processed,1872839281,241856.0
scroll,classifier_expander,learner_examples_processed,637029796,241856.0
scroll,classifier_expander,learner_examples_processed,1357204345,241856.0
scroll,classifier_expander,learner_examples_processed,1758462037,241856.0
scroll,classifier_expander,learner_examples_processed,748737880,241856.0
scroll,classifier_expander,learner_examples_processed,1611510062,241856.0
scroll,classifier_expander,learner_examples_processed,333205446,241856.0
scroll,classifier_expander,learner_examples_processed,130501536,241856.0
scroll,classifier_expander,learner_examples_processed,492612040,241856.0
scroll,classifier_expander,total_model_examples_processed,2101606466,282496.0
scroll,classifier_expander,total_model_examples_processed,1872839281,282496.0
scroll,classifier_expander,total_model_examples_processed,637029796,282496.0
scroll,classifier_expander,total_model_examples_processed,1357204345,282496.0
scroll,classifier_expander,total_model_examples_processed,1758462037,282496.0
scroll,classifier_expander,total_model_examples_processed,748737880,282496.0
scroll,classifier_expander,total_model_examples_processed,1611510062,282496.0
scroll,classifier_expander,total_model_examples_processed,333205446,282496.0
scroll,classifier_expander,total_model_examples_processed,130501536,282496.0
scroll,classifier_expander,total_model_examples_processed,492612040,282496.0
scroll,classifier_expander,estimated_total_flops,2101606466,8585183672443.0
scroll,classifier_expander,estimated_total_flops,1872839281,8585183672443.0
scroll,classifier_expander,estimated_total_flops,637029796,8585183672443.0
scroll,classifier_expander,estimated_total_flops,1357204345,8585183672443.0
scroll,classifier_expander,estimated_total_flops,1758462037,8585183672443.0
scroll,classifier_expander,estimated_total_flops,748737880,8585183672443.0
scroll,classifier_expander,estimated_total_flops,1611510062,8585183672443.0
scroll,classifier_expander,estimated_total_flops,333205446,8585183672443.0
scroll,classifier_expander,estimated_total_flops,130501536,8585183672443.0
scroll,classifier_expander,estimated_total_flops,492612040,8585183672443.0
scroll,classifier_expander,estimated_overhead_flops,2101606466,-5368792965.0
scroll,classifier_expander,estimated_overhead_flops,1872839281,-5368792965.0
scroll,classifier_expander,estimated_overhead_flops,637029796,-5368792965.0
scroll,classifier_expander,estimated_overhead_flops,1357204345,-5368792965.0
scroll,classifier_expander,estimated_overhead_flops,1758462037,-5368792965.0
scroll,classifier_expander,estimated_overhead_flops,748737880,-5368792965.0
scroll,classifier_expander,estimated_overhead_flops,1611510062,-5368792965.0
scroll,classifier_expander,estimated_overhead_flops,333205446,-5368792965.0
scroll,classifier_expander,estimated_overhead_flops,130501536,-5368792965.0
scroll,classifier_expander,estimated_overhead_flops,492612040,-5368792965.0
scroll,classifier_expander,replay_memory_bytes,2101606466,0.0
scroll,classifier_expander,replay_memory_bytes,1872839281,0.0
scroll,classifier_expander,replay_memory_bytes,637029796,0.0
scroll,classifier_expander,replay_memory_bytes,1357204345,0.0
scroll,classifier_expander,replay_memory_bytes,1758462037,0.0
scroll,classifier_expander,replay_memory_bytes,748737880,0.0
scroll,classifier_expander,replay_memory_bytes,1611510062,0.0
scroll,classifier_expander,replay_memory_bytes,333205446,0.0
scroll,classifier_expander,replay_memory_bytes,130501536,0.0
scroll,classifier_expander,replay_memory_bytes,492612040,0.0
scroll,classifier_expander,stored_logits_bytes,2101606466,0.0
scroll,classifier_expander,stored_logits_bytes,1872839281,0.0
scroll,classifier_expander,stored_logits_bytes,637029796,0.0
scroll,classifier_expander,stored_logits_bytes,1357204345,0.0
scroll,classifier_expander,stored_logits_bytes,1758462037,0.0
scroll,classifier_expander,stored_logits_bytes,748737880,0.0
scroll,classifier_expander,stored_logits_bytes,1611510062,0.0
scroll,classifier_expander,stored_logits_bytes,333205446,0.0
scroll,classifier_expander,stored_logits_bytes,130501536,0.0
scroll,classifier_expander,stored_logits_bytes,492612040,0.0
scroll,slowheat_classifier_expander,final_average_accuracy,2101606466,0.006500000000000006
scroll,slowheat_classifier_expander,final_average_accuracy,1872839281,-0.023699999999999943
scroll,slowheat_classifier_expander,final_average_accuracy,637029796,0.016900000000000026
scroll,slowheat_classifier_expander,final_average_accuracy,1357204345,0.004500000000000004
scroll,slowheat_classifier_expander,final_average_accuracy,1758462037,0.013500000000000068
scroll,slowheat_classifier_expander,final_average_accuracy,748737880,0.005599999999999938
scroll,slowheat_classifier_expander,final_average_accuracy,1611510062,0.023999999999999966
scroll,slowheat_classifier_expander,final_average_accuracy,333205446,0.012299999999999978
scroll,slowheat_classifier_expander,final_average_accuracy,130501536,0.06730000000000008
scroll,slowheat_classifier_expander,final_average_accuracy,492612040,0.0
scroll,slowheat_classifier_expander,average_forgetting,2101606466,0.052125000000000005
scroll,slowheat_classifier_expander,average_forgetting,1872839281,-0.002124999999999988
scroll,slowheat_classifier_expander,average_forgetting,637029796,0.08187500000000003
scroll,slowheat_classifier_expander,average_forgetting,1357204345,0.05674999999999997
scroll,slowheat_classifier_expander,average_forgetting,1758462037,-0.034125000000000044
scroll,slowheat_classifier_expander,average_forgetting,748737880,-0.01474999999999993
scroll,slowheat_classifier_expander,average_forgetting,1611510062,-0.014500000000000013
scroll,slowheat_classifier_expander,average_forgetting,333205446,0.03650000000000003
scroll,slowheat_classifier_expander,average_forgetting,130501536,0.024249999999999966
scroll,slowheat_classifier_expander,average_forgetting,492612040,0.008500000000000008
scroll,slowheat_classifier_expander,backward_transfer,2101606466,0.09212499999999998
scroll,slowheat_classifier_expander,backward_transfer,1872839281,-0.046499999999999986
scroll,slowheat_classifier_expander,backward_transfer,637029796,-0.07862499999999997
scroll,slowheat_classifier_expander,backward_transfer,1357204345,0.11100000000000002
scroll,slowheat_classifier_expander,backward_transfer,1758462037,0.16724999999999998
scroll,slowheat_classifier_expander,backward_transfer,748737880,0.08387499999999998
scroll,slowheat_classifier_expander,backward_transfer,1611510062,0.11012499999999992
scroll,slowheat_classifier_expander,backward_transfer,333205446,-0.035250000000000004
scroll,slowheat_classifier_expander,backward_transfer,130501536,0.08287500000000003
scroll,slowheat_classifier_expander,backward_transfer,492612040,0.09974999999999998
scroll,slowheat_classifier_expander,forward_transfer,2101606466,0.16225
scroll,slowheat_classifier_expander,forward_transfer,1872839281,0.18575
scroll,slowheat_classifier_expander,forward_transfer,637029796,0.168625
scroll,slowheat_classifier_expander,forward_transfer,1357204345,0.08025000000000002
scroll,slowheat_classifier_expander,forward_transfer,1758462037,0.14525000000000002
scroll,slowheat_classifier_expander,forward_transfer,748737880,0.182375
scroll,slowheat_classifier_expander,forward_transfer,1611510062,0.013749999999999984
scroll,slowheat_classifier_expander,forward_transfer,333205446,0.1215
scroll,slowheat_classifier_expander,forward_transfer,130501536,0.07025
scroll,slowheat_classifier_expander,forward_transfer,492612040,0.116375
scroll,slowheat_classifier_expander,task_aware_final_accuracy,2101606466,0.08749999999999991
scroll,slowheat_classifier_expander,task_aware_final_accuracy,1872839281,0.054099999999999815
scroll,slowheat_classifier_expander,task_aware_final_accuracy,637029796,0.08339999999999992
scroll,slowheat_classifier_expander,task_aware_final_accuracy,1357204345,0.060799999999999965
scroll,slowheat_classifier_expander,task_aware_final_accuracy,1758462037,0.05379999999999996
scroll,slowheat_classifier_expander,task_aware_final_accuracy,748737880,0.02629999999999988
scroll,slowheat_classifier_expander,task_aware_final_accuracy,1611510062,0.06520000000000015
scroll,slowheat_classifier_expander,task_aware_final_accuracy,333205446,0.08269999999999988
scroll,slowheat_classifier_expander,task_aware_final_accuracy,130501536,0.055299999999999905
scroll,slowheat_classifier_expander,task_aware_final_accuracy,492612040,0.06120000000000003
scroll,slowheat_classifier_expander,task_aware_forgetting,2101606466,-0.0014999999999999736
scroll,slowheat_classifier_expander,task_aware_forgetting,1872839281,0.033875000000000044
scroll,slowheat_classifier_expander,task_aware_forgetting,637029796,-0.0046249999999999625
scroll,slowheat_classifier_expander,task_aware_forgetting,1357204345,0.00824999999999998
scroll,slowheat_classifier_expander,task_aware_forgetting,1758462037,0.044625
scroll,slowheat_classifier_expander,task_aware_forgetting,748737880,0.04349999999999998
scroll,slowheat_classifier_expander,task_aware_forgetting,1611510062,0.04025000000000001
scroll,slowheat_classifier_expander,task_aware_forgetting,333205446,-0.035999999999999976
scroll,slowheat_classifier_expander,task_aware_forgetting,130501536,0.05600000000000002
scroll,slowheat_classifier_expander,task_aware_forgetting,492612040,0.03412500000000007
scroll,slowheat_classifier_expander,classifier_gap,2101606466,0.0809999999999999
scroll,slowheat_classifier_expander,classifier_gap,1872839281,0.07779999999999976
scroll,slowheat_classifier_expander,classifier_gap,637029796,0.06649999999999989
scroll,slowheat_classifier_expander,classifier_gap,1357204345,0.05629999999999996
scroll,slowheat_classifier_expander,classifier_gap,1758462037,0.04029999999999989
scroll,slowheat_classifier_expander,classifier_gap,748737880,0.02069999999999994
scroll,slowheat_classifier_expander,classifier_gap,1611510062,0.04120000000000018
scroll,slowheat_classifier_expander,classifier_gap,333205446,0.07039999999999991
scroll,slowheat_classifier_expander,classifier_gap,130501536,-0.012000000000000177
scroll,slowheat_classifier_expander,classifier_gap,492612040,0.06120000000000003
scroll,slowheat_classifier_expander,elapsed_seconds,2101606466,12.877633014000821
scroll,slowheat_classifier_expander,elapsed_seconds,1872839281,13.053259880000041
scroll,slowheat_classifier_expander,elapsed_seconds,637029796,12.561399797999911
scroll,slowheat_classifier_expander,elapsed_seconds,1357204345,13.006127503000243
scroll,slowheat_classifier_expander,elapsed_seconds,1758462037,13.237138730999504
scroll,slowheat_classifier_expander,elapsed_seconds,748737880,12.963704624999082
scroll,slowheat_classifier_expander,elapsed_seconds,1611510062,12.848830001999886
scroll,slowheat_classifier_expander,elapsed_seconds,333205446,13.199279106000176
scroll,slowheat_classifier_expander,elapsed_seconds,130501536,12.339726875998167
scroll,slowheat_classifier_expander,elapsed_seconds,492612040,12.983217482000327
scroll,slowheat_classifier_expander,learner_examples_processed,2101606466,241856.0
scroll,slowheat_classifier_expander,learner_examples_processed,1872839281,241856.0
scroll,slowheat_classifier_expander,learner_examples_processed,637029796,241856.0
scroll,slowheat_classifier_expander,learner_examples_processed,1357204345,241856.0
scroll,slowheat_classifier_expander,learner_examples_processed,1758462037,241856.0
scroll,slowheat_classifier_expander,learner_examples_processed,748737880,241856.0
scroll,slowheat_classifier_expander,learner_examples_processed,1611510062,241856.0
scroll,slowheat_classifier_expander,learner_examples_processed,333205446,241856.0
scroll,slowheat_classifier_expander,learner_examples_processed,130501536,241856.0
scroll,slowheat_classifier_expander,learner_examples_processed,492612040,241856.0
scroll,slowheat_classifier_expander,total_model_examples_processed,2101606466,282496.0
scroll,slowheat_classifier_expander,total_model_examples_processed,1872839281,282496.0
scroll,slowheat_classifier_expander,total_model_examples_processed,637029796,282496.0
scroll,slowheat_classifier_expander,total_model_examples_processed,1357204345,282496.0
scroll,slowheat_classifier_expander,total_model_examples_processed,1758462037,282496.0
scroll,slowheat_classifier_expander,total_model_examples_processed,748737880,282496.0
scroll,slowheat_classifier_expander,total_model_examples_processed,1611510062,282496.0
scroll,slowheat_classifier_expander,total_model_examples_processed,333205446,282496.0
scroll,slowheat_classifier_expander,total_model_examples_processed,130501536,282496.0
scroll,slowheat_classifier_expander,total_model_examples_processed,492612040,282496.0
scroll,slowheat_classifier_expander,estimated_total_flops,2101606466,8585322597723.0
scroll,slowheat_classifier_expander,estimated_total_flops,1872839281,8585322597723.0
scroll,slowheat_classifier_expander,estimated_total_flops,637029796,8585322597723.0
scroll,slowheat_classifier_expander,estimated_total_flops,1357204345,8585322597723.0
scroll,slowheat_classifier_expander,estimated_total_flops,1758462037,8585322597723.0
scroll,slowheat_classifier_expander,estimated_total_flops,748737880,8585322597723.0
scroll,slowheat_classifier_expander,estimated_total_flops,1611510062,8585322597723.0
scroll,slowheat_classifier_expander,estimated_total_flops,333205446,8585322597723.0
scroll,slowheat_classifier_expander,estimated_total_flops,130501536,8585322597723.0
scroll,slowheat_classifier_expander,estimated_total_flops,492612040,8585322597723.0
scroll,slowheat_classifier_expander,estimated_overhead_flops,2101606466,-5229867685.0
scroll,slowheat_classifier_expander,estimated_overhead_flops,1872839281,-5229867685.0
scroll,slowheat_classifier_expander,estimated_overhead_flops,637029796,-5229867685.0
scroll,slowheat_classifier_expander,estimated_overhead_flops,1357204345,-5229867685.0
scroll,slowheat_classifier_expander,estimated_overhead_flops,1758462037,-5229867685.0
scroll,slowheat_classifier_expander,estimated_overhead_flops,748737880,-5229867685.0
scroll,slowheat_classifier_expander,estimated_overhead_flops,1611510062,-5229867685.0
scroll,slowheat_classifier_expander,estimated_overhead_flops,333205446,-5229867685.0
scroll,slowheat_classifier_expander,estimated_overhead_flops,130501536,-5229867685.0
scroll,slowheat_classifier_expander,estimated_overhead_flops,492612040,-5229867685.0
scroll,slowheat_classifier_expander,replay_memory_bytes,2101606466,0.0
scroll,slowheat_classifier_expander,replay_memory_bytes,1872839281,0.0
scroll,slowheat_classifier_expander,replay_memory_bytes,637029796,0.0
scroll,slowheat_classifier_expander,replay_memory_bytes,1357204345,0.0
scroll,slowheat_classifier_expander,replay_memory_bytes,1758462037,0.0
scroll,slowheat_classifier_expander,replay_memory_bytes,748737880,0.0
scroll,slowheat_classifier_expander,replay_memory_bytes,1611510062,0.0
scroll,slowheat_classifier_expander,replay_memory_bytes,333205446,0.0
scroll,slowheat_classifier_expander,replay_memory_bytes,130501536,0.0
scroll,slowheat_classifier_expander,replay_memory_bytes,492612040,0.0
scroll,slowheat_classifier_expander,stored_logits_bytes,2101606466,0.0
scroll,slowheat_classifier_expander,stored_logits_bytes,1872839281,0.0
scroll,slowheat_classifier_expander,stored_logits_bytes,637029796,0.0
scroll,slowheat_classifier_expander,stored_logits_bytes,1357204345,0.0
scroll,slowheat_classifier_expander,stored_logits_bytes,1758462037,0.0
scroll,slowheat_classifier_expander,stored_logits_bytes,748737880,0.0
scroll,slowheat_classifier_expander,stored_logits_bytes,1611510062,0.0
scroll,slowheat_classifier_expander,stored_logits_bytes,333205446,0.0
scroll,slowheat_classifier_expander,stored_logits_bytes,130501536,0.0
scroll,slowheat_classifier_expander,stored_logits_bytes,492612040,0.0
scroll,slowheat_scroll,final_average_accuracy,2101606466,0.0721
scroll,slowheat_scroll,final_average_accuracy,1872839281,0.06490000000000012
scroll,slowheat_scroll,final_average_accuracy,637029796,0.06830000000000003
scroll,slowheat_scroll,final_average_accuracy,1357204345,0.05519999999999997
scroll,slowheat_scroll,final_average_accuracy,1758462037,0.04130000000000006
scroll,slowheat_scroll,final_average_accuracy,748737880,0.0726
scroll,slowheat_scroll,final_average_accuracy,1611510062,0.02200000000000002
scroll,slowheat_scroll,final_average_accuracy,333205446,0.05369999999999997
scroll,slowheat_scroll,final_average_accuracy,130501536,0.056400000000000006
scroll,slowheat_scroll,final_average_accuracy,492612040,0.09679999999999989
scroll,slowheat_scroll,average_forgetting,2101606466,-0.0009999999999999731
scroll,slowheat_scroll,average_forgetting,1872839281,-0.045375
scroll,slowheat_scroll,average_forgetting,637029796,0.079125
scroll,slowheat_scroll,average_forgetting,1357204345,-0.06912499999999999
scroll,slowheat_scroll,average_forgetting,1758462037,0.005874999999999964
scroll,slowheat_scroll,average_forgetting,748737880,0.011125000000000052
scroll,slowheat_scroll,average_forgetting,1611510062,-0.07250000000000001
scroll,slowheat_scroll,average_forgetting,333205446,-0.024624999999999952
scroll,slowheat_scroll,average_forgetting,130501536,-0.01937500000000003
scroll,slowheat_scroll,average_forgetting,492612040,-0.034499999999999975
scroll,slowheat_scroll,backward_transfer,2101606466,0.04762499999999999
scroll,slowheat_scroll,backward_transfer,1872839281,-0.056375000000000036
scroll,slowheat_scroll,backward_transfer,637029796,-0.18712499999999999
scroll,slowheat_scroll,backward_transfer,1357204345,0.08137500000000002
scroll,slowheat_scroll,backward_transfer,1758462037,-0.02537499999999998
scroll,slowheat_scroll,backward_transfer,748737880,-0.06687500000000002
scroll,slowheat_scroll,backward_transfer,1611510062,-0.018625000000000058
scroll,slowheat_scroll,backward_transfer,333205446,-0.10675000000000004
scroll,slowheat_scroll,backward_transfer,130501536,-0.012999999999999984
scroll,slowheat_scroll,backward_transfer,492612040,0.03925000000000001
scroll,slowheat_scroll,forward_transfer,2101606466,0.0
scroll,slowheat_scroll,forward_transfer,1872839281,0.0
scroll,slowheat_scroll,forward_transfer,637029796,0.0
scroll,slowheat_scroll,forward_transfer,1357204345,0.0
scroll,slowheat_scroll,forward_transfer,1758462037,0.0
scroll,slowheat_scroll,forward_transfer,748737880,0.0
scroll,slowheat_scroll,forward_transfer,1611510062,0.0
scroll,slowheat_scroll,forward_transfer,333205446,0.0
scroll,slowheat_scroll,forward_transfer,130501536,0.0
scroll,slowheat_scroll,forward_transfer,492612040,0.0
scroll,slowheat_scroll,task_aware_final_accuracy,2101606466,0.07320000000000004
scroll,slowheat_scroll,task_aware_final_accuracy,1872839281,0.04249999999999987
scroll,slowheat_scroll,task_aware_final_accuracy,637029796,0.033199999999999896
scroll,slowheat_scroll,task_aware_final_accuracy,1357204345,0.03369999999999995
scroll,slowheat_scroll,task_aware_final_accuracy,1758462037,0.025999999999999912
scroll,slowheat_scroll,task_aware_final_accuracy,748737880,0.02749999999999997
scroll,slowheat_scroll,task_aware_final_accuracy,1611510062,0.03499999999999992
scroll,slowheat_scroll,task_aware_final_accuracy,333205446,0.023400000000000087
scroll,slowheat_scroll,task_aware_final_accuracy,130501536,0.043199999999999905
scroll,slowheat_scroll,task_aware_final_accuracy,492612040,0.056700000000000084
scroll,slowheat_scroll,task_aware_forgetting,2101606466,-0.0017500000000000293
scroll,slowheat_scroll,task_aware_forgetting,1872839281,0.006374999999999992
scroll,slowheat_scroll,task_aware_forgetting,637029796,-0.017749999999999988
scroll,slowheat_scroll,task_aware_forgetting,1357204345,0.014749999999999985
scroll,slowheat_scroll,task_aware_forgetting,1758462037,0.043875
scroll,slowheat_scroll,task_aware_forgetting,748737880,0.021375000000000005
scroll,slowheat_scroll,task_aware_forgetting,1611510062,0.01150000000000001
scroll,slowheat_scroll,task_aware_forgetting,333205446,0.0072500000000000064
scroll,slowheat_scroll,task_aware_forgetting,130501536,0.04737499999999997
scroll,slowheat_scroll,task_aware_forgetting,492612040,0.019000000000000017
scroll,slowheat_scroll,classifier_gap,2101606466,0.0011000000000000454
scroll,slowheat_scroll,classifier_gap,1872839281,-0.022400000000000253
scroll,slowheat_scroll,classifier_gap,637029796,-0.03510000000000013
scroll,slowheat_scroll,classifier_gap,1357204345,-0.02150000000000002
scroll,slowheat_scroll,classifier_gap,1758462037,-0.015300000000000147
scroll,slowheat_scroll,classifier_gap,748737880,-0.04510000000000003
scroll,slowheat_scroll,classifier_gap,1611510062,0.0129999999999999
scroll,slowheat_scroll,classifier_gap,333205446,-0.030299999999999883
scroll,slowheat_scroll,classifier_gap,130501536,-0.0132000000000001
scroll,slowheat_scroll,classifier_gap,492612040,-0.0400999999999998
scroll,slowheat_scroll,elapsed_seconds,2101606466,0.7340235300016502
scroll,slowheat_scroll,elapsed_seconds,1872839281,0.7303576009999233
scroll,slowheat_scroll,elapsed_seconds,637029796,0.7020861969995167
scroll,slowheat_scroll,elapsed_seconds,1357204345,0.738616403999913
scroll,slowheat_scroll,elapsed_seconds,1758462037,0.7822391440004139
scroll,slowheat_scroll,elapsed_seconds,748737880,0.7170959790000779
scroll,slowheat_scroll,elapsed_seconds,1611510062,0.6722444429997267
scroll,slowheat_scroll,elapsed_seconds,333205446,0.763804305001031
scroll,slowheat_scroll,elapsed_seconds,130501536,0.7206443979994219
scroll,slowheat_scroll,elapsed_seconds,492612040,0.7357543290017929
scroll,slowheat_scroll,learner_examples_processed,2101606466,0.0
scroll,slowheat_scroll,learner_examples_processed,1872839281,0.0
scroll,slowheat_scroll,learner_examples_processed,637029796,0.0
scroll,slowheat_scroll,learner_examples_processed,1357204345,0.0
scroll,slowheat_scroll,learner_examples_processed,1758462037,0.0
scroll,slowheat_scroll,learner_examples_processed,748737880,0.0
scroll,slowheat_scroll,learner_examples_processed,1611510062,0.0
scroll,slowheat_scroll,learner_examples_processed,333205446,0.0
scroll,slowheat_scroll,learner_examples_processed,130501536,0.0
scroll,slowheat_scroll,learner_examples_processed,492612040,0.0
scroll,slowheat_scroll,total_model_examples_processed,2101606466,0.0
scroll,slowheat_scroll,total_model_examples_processed,1872839281,0.0
scroll,slowheat_scroll,total_model_examples_processed,637029796,0.0
scroll,slowheat_scroll,total_model_examples_processed,1357204345,0.0
scroll,slowheat_scroll,total_model_examples_processed,1758462037,0.0
scroll,slowheat_scroll,total_model_examples_processed,748737880,0.0
scroll,slowheat_scroll,total_model_examples_processed,1611510062,0.0
scroll,slowheat_scroll,total_model_examples_processed,333205446,0.0
scroll,slowheat_scroll,total_model_examples_processed,130501536,0.0
scroll,slowheat_scroll,total_model_examples_processed,492612040,0.0
scroll,slowheat_scroll,estimated_total_flops,2101606466,21594080.0
scroll,slowheat_scroll,estimated_total_flops,1872839281,21594080.0
scroll,slowheat_scroll,estimated_total_flops,637029796,21594080.0
scroll,slowheat_scroll,estimated_total_flops,1357204345,21594080.0
scroll,slowheat_scroll,estimated_total_flops,1758462037,21594080.0
scroll,slowheat_scroll,estimated_total_flops,748737880,21594080.0
scroll,slowheat_scroll,estimated_total_flops,1611510062,21594080.0
scroll,slowheat_scroll,estimated_total_flops,333205446,21594080.0
scroll,slowheat_scroll,estimated_total_flops,130501536,21594080.0
scroll,slowheat_scroll,estimated_total_flops,492612040,21594080.0
scroll,slowheat_scroll,estimated_overhead_flops,2101606466,21594080.0
scroll,slowheat_scroll,estimated_overhead_flops,1872839281,21594080.0
scroll,slowheat_scroll,estimated_overhead_flops,637029796,21594080.0
scroll,slowheat_scroll,estimated_overhead_flops,1357204345,21594080.0
scroll,slowheat_scroll,estimated_overhead_flops,1758462037,21594080.0
scroll,slowheat_scroll,estimated_overhead_flops,748737880,21594080.0
scroll,slowheat_scroll,estimated_overhead_flops,1611510062,21594080.0
scroll,slowheat_scroll,estimated_overhead_flops,333205446,21594080.0
scroll,slowheat_scroll,estimated_overhead_flops,130501536,21594080.0
scroll,slowheat_scroll,estimated_overhead_flops,492612040,21594080.0
scroll,slowheat_scroll,replay_memory_bytes,2101606466,0.0
scroll,slowheat_scroll,replay_memory_bytes,1872839281,0.0
scroll,slowheat_scroll,replay_memory_bytes,637029796,0.0
scroll,slowheat_scroll,replay_memory_bytes,1357204345,0.0
scroll,slowheat_scroll,replay_memory_bytes,1758462037,0.0
scroll,slowheat_scroll,replay_memory_bytes,748737880,0.0
scroll,slowheat_scroll,replay_memory_bytes,1611510062,0.0
scroll,slowheat_scroll,replay_memory_bytes,333205446,0.0
scroll,slowheat_scroll,replay_memory_bytes,130501536,0.0
scroll,slowheat_scroll,replay_memory_bytes,492612040,0.0
scroll,slowheat_scroll,stored_logits_bytes,2101606466,0.0
scroll,slowheat_scroll,stored_logits_bytes,1872839281,0.0
scroll,slowheat_scroll,stored_logits_bytes,637029796,0.0
scroll,slowheat_scroll,stored_logits_bytes,1357204345,0.0
scroll,slowheat_scroll,stored_logits_bytes,1758462037,0.0
scroll,slowheat_scroll,stored_logits_bytes,748737880,0.0
scroll,slowheat_scroll,stored_logits_bytes,1611510062,0.0
scroll,slowheat_scroll,stored_logits_bytes,333205446,0.0
scroll,slowheat_scroll,stored_logits_bytes,130501536,0.0
scroll,slowheat_scroll,stored_logits_bytes,492612040,0.0
