reference,method,metric,seed,difference
vanilla,slowheat_none,final_average_accuracy,2101606466,0.00010000000000001674
vanilla,slowheat_none,final_average_accuracy,1872839281,-0.0025000000000000022
vanilla,slowheat_none,final_average_accuracy,637029796,0.011200000000000015
vanilla,slowheat_none,final_average_accuracy,1357204345,-0.0066000000000000225
vanilla,slowheat_none,final_average_accuracy,1758462037,0.0050000000000000044
vanilla,slowheat_none,final_average_accuracy,748737880,0.005799999999999972
vanilla,slowheat_none,final_average_accuracy,1611510062,0.0116
vanilla,slowheat_none,final_average_accuracy,333205446,0.0006999999999999784
vanilla,slowheat_none,final_average_accuracy,130501536,-0.002600000000000019
vanilla,slowheat_none,final_average_accuracy,492612040,-0.004399999999999987
vanilla,slowheat_none,average_forgetting,2101606466,-0.01287500000000008
vanilla,slowheat_none,average_forgetting,1872839281,-0.012375000000000025
vanilla,slowheat_none,average_forgetting,637029796,0.0009999999999998899
vanilla,slowheat_none,average_forgetting,1357204345,0.0016249999999999876
vanilla,slowheat_none,average_forgetting,1758462037,1.1102230246251565e-16
vanilla,slowheat_none,average_forgetting,748737880,0.00275000000000003
vanilla,slowheat_none,average_forgetting,1611510062,0.007499999999999951
vanilla,slowheat_none,average_forgetting,333205446,0.0068749999999999645
vanilla,slowheat_none,average_forgetting,130501536,-0.005375000000000019
vanilla,slowheat_none,average_forgetting,492612040,-0.01762499999999989
vanilla,slowheat_none,backward_transfer,2101606466,0.01287500000000008
vanilla,slowheat_none,backward_transfer,1872839281,0.012375000000000025
vanilla,slowheat_none,backward_transfer,637029796,-0.0009999999999998899
vanilla,slowheat_none,backward_transfer,1357204345,-0.0016249999999999876
vanilla,slowheat_none,backward_transfer,1758462037,-1.1102230246251565e-16
vanilla,slowheat_none,backward_transfer,748737880,-0.00275000000000003
vanilla,slowheat_none,backward_transfer,1611510062,-0.007499999999999951
vanilla,slowheat_none,backward_transfer,333205446,-0.0068749999999999645
vanilla,slowheat_none,backward_transfer,130501536,0.005375000000000019
vanilla,slowheat_none,backward_transfer,492612040,0.01762499999999989
vanilla,slowheat_none,forward_transfer,2101606466,0.005250000000000001
vanilla,slowheat_none,forward_transfer,1872839281,-0.0006249999999999867
vanilla,slowheat_none,forward_transfer,637029796,-0.01137500000000001
vanilla,slowheat_none,forward_transfer,1357204345,0.0
vanilla,slowheat_none,forward_transfer,1758462037,0.0
vanilla,slowheat_none,forward_transfer,748737880,0.0
vanilla,slowheat_none,forward_transfer,1611510062,0.0
vanilla,slowheat_none,forward_transfer,333205446,-0.0040000000000000036
vanilla,slowheat_none,forward_transfer,130501536,-0.0008750000000000008
vanilla,slowheat_none,forward_transfer,492612040,0.0
vanilla,slowheat_none,task_aware_final_accuracy,2101606466,-0.01629999999999998
vanilla,slowheat_none,task_aware_final_accuracy,1872839281,-0.0008000000000000229
vanilla,slowheat_none,task_aware_final_accuracy,637029796,-0.006000000000000005
vanilla,slowheat_none,task_aware_final_accuracy,1357204345,-0.006599999999999939
vanilla,slowheat_none,task_aware_final_accuracy,1758462037,0.005199999999999982
vanilla,slowheat_none,task_aware_final_accuracy,748737880,0.010599999999999943
vanilla,slowheat_none,task_aware_final_accuracy,1611510062,-0.016100000000000003
vanilla,slowheat_none,task_aware_final_accuracy,333205446,0.0007000000000000339
vanilla,slowheat_none,task_aware_final_accuracy,130501536,-0.019399999999999973
vanilla,slowheat_none,task_aware_final_accuracy,492612040,0.0044000000000000705
vanilla,slowheat_none,task_aware_forgetting,2101606466,0.007624999999999993
vanilla,slowheat_none,task_aware_forgetting,1872839281,-0.014500000000000068
vanilla,slowheat_none,task_aware_forgetting,637029796,0.022499999999999964
vanilla,slowheat_none,task_aware_forgetting,1357204345,0.001625000000000043
vanilla,slowheat_none,task_aware_forgetting,1758462037,-0.00024999999999997247
vanilla,slowheat_none,task_aware_forgetting,748737880,-0.0032500000000000306
vanilla,slowheat_none,task_aware_forgetting,1611510062,0.042125000000000024
vanilla,slowheat_none,task_aware_forgetting,333205446,0.00687500000000002
vanilla,slowheat_none,task_aware_forgetting,130501536,0.015625
vanilla,slowheat_none,task_aware_forgetting,492612040,-0.028625000000000067
vanilla,slowheat_none,classifier_gap,2101606466,-0.016400000000000026
vanilla,slowheat_none,classifier_gap,1872839281,0.0016999999999999238
vanilla,slowheat_none,classifier_gap,637029796,-0.017199999999999993
vanilla,slowheat_none,classifier_gap,1357204345,5.551115123125783e-17
vanilla,slowheat_none,classifier_gap,1758462037,0.00019999999999997797
vanilla,slowheat_none,classifier_gap,748737880,0.0047999999999999154
vanilla,slowheat_none,classifier_gap,1611510062,-0.027700000000000002
vanilla,slowheat_none,classifier_gap,333205446,5.551115123125783e-17
vanilla,slowheat_none,classifier_gap,130501536,-0.01679999999999998
vanilla,slowheat_none,classifier_gap,492612040,0.008800000000000086
vanilla,slowheat_none,elapsed_seconds,2101606466,76.61222014401574
vanilla,slowheat_none,elapsed_seconds,1872839281,87.23678795900196
vanilla,slowheat_none,elapsed_seconds,637029796,91.59414994297549
vanilla,slowheat_none,elapsed_seconds,1357204345,84.33661647400004
vanilla,slowheat_none,elapsed_seconds,1758462037,46.539671109989285
vanilla,slowheat_none,elapsed_seconds,748737880,46.00509063396021
vanilla,slowheat_none,elapsed_seconds,1611510062,45.88619962299708
vanilla,slowheat_none,elapsed_seconds,333205446,46.14759485897957
vanilla,slowheat_none,elapsed_seconds,130501536,46.54901533998782
vanilla,slowheat_none,elapsed_seconds,492612040,45.80929329598439
vanilla,slowheat_none,learner_examples_processed,2101606466,0.0
vanilla,slowheat_none,learner_examples_processed,1872839281,0.0
vanilla,slowheat_none,learner_examples_processed,637029796,0.0
vanilla,slowheat_none,learner_examples_processed,1357204345,0.0
vanilla,slowheat_none,learner_examples_processed,1758462037,0.0
vanilla,slowheat_none,learner_examples_processed,748737880,0.0
vanilla,slowheat_none,learner_examples_processed,1611510062,0.0
vanilla,slowheat_none,learner_examples_processed,333205446,0.0
vanilla,slowheat_none,learner_examples_processed,130501536,0.0
vanilla,slowheat_none,learner_examples_processed,492612040,0.0
vanilla,slowheat_none,total_model_examples_processed,2101606466,0.0
vanilla,slowheat_none,total_model_examples_processed,1872839281,0.0
vanilla,slowheat_none,total_model_examples_processed,637029796,0.0
vanilla,slowheat_none,total_model_examples_processed,1357204345,0.0
vanilla,slowheat_none,total_model_examples_processed,1758462037,0.0
vanilla,slowheat_none,total_model_examples_processed,748737880,0.0
vanilla,slowheat_none,total_model_examples_processed,1611510062,0.0
vanilla,slowheat_none,total_model_examples_processed,333205446,0.0
vanilla,slowheat_none,total_model_examples_processed,130501536,0.0
vanilla,slowheat_none,total_model_examples_processed,492612040,0.0
vanilla,slowheat_none,estimated_total_flops,2101606466,23062551750.0
vanilla,slowheat_none,estimated_total_flops,1872839281,23062551750.0
vanilla,slowheat_none,estimated_total_flops,637029796,23062551750.0
vanilla,slowheat_none,estimated_total_flops,1357204345,23062551750.0
vanilla,slowheat_none,estimated_total_flops,1758462037,23062551750.0
vanilla,slowheat_none,estimated_total_flops,748737880,23062551750.0
vanilla,slowheat_none,estimated_total_flops,1611510062,23062551750.0
vanilla,slowheat_none,estimated_total_flops,333205446,23062551750.0
vanilla,slowheat_none,estimated_total_flops,130501536,23062551750.0
vanilla,slowheat_none,estimated_total_flops,492612040,23062551750.0
vanilla,slowheat_none,estimated_overhead_flops,2101606466,23062551750.0
vanilla,slowheat_none,estimated_overhead_flops,1872839281,23062551750.0
vanilla,slowheat_none,estimated_overhead_flops,637029796,23062551750.0
vanilla,slowheat_none,estimated_overhead_flops,1357204345,23062551750.0
vanilla,slowheat_none,estimated_overhead_flops,1758462037,23062551750.0
vanilla,slowheat_none,estimated_overhead_flops,748737880,23062551750.0
vanilla,slowheat_none,estimated_overhead_flops,1611510062,23062551750.0
vanilla,slowheat_none,estimated_overhead_flops,333205446,23062551750.0
vanilla,slowheat_none,estimated_overhead_flops,130501536,23062551750.0
vanilla,slowheat_none,estimated_overhead_flops,492612040,23062551750.0
vanilla,slowheat_none,replay_memory_bytes,2101606466,0.0
vanilla,slowheat_none,replay_memory_bytes,1872839281,0.0
vanilla,slowheat_none,replay_memory_bytes,637029796,0.0
vanilla,slowheat_none,replay_memory_bytes,1357204345,0.0
vanilla,slowheat_none,replay_memory_bytes,1758462037,0.0
vanilla,slowheat_none,replay_memory_bytes,748737880,0.0
vanilla,slowheat_none,replay_memory_bytes,1611510062,0.0
vanilla,slowheat_none,replay_memory_bytes,333205446,0.0
vanilla,slowheat_none,replay_memory_bytes,130501536,0.0
vanilla,slowheat_none,replay_memory_bytes,492612040,0.0
vanilla,slowheat_none,stored_logits_bytes,2101606466,0.0
vanilla,slowheat_none,stored_logits_bytes,1872839281,0.0
vanilla,slowheat_none,stored_logits_bytes,637029796,0.0
vanilla,slowheat_none,stored_logits_bytes,1357204345,0.0
vanilla,slowheat_none,stored_logits_bytes,1758462037,0.0
vanilla,slowheat_none,stored_logits_bytes,748737880,0.0
vanilla,slowheat_none,stored_logits_bytes,1611510062,0.0
vanilla,slowheat_none,stored_logits_bytes,333205446,0.0
vanilla,slowheat_none,stored_logits_bytes,130501536,0.0
vanilla,slowheat_none,stored_logits_bytes,492612040,0.0
vanilla,slowheat_none,replay_metadata_bytes,2101606466,0.0
vanilla,slowheat_none,replay_metadata_bytes,1872839281,0.0
vanilla,slowheat_none,replay_metadata_bytes,637029796,0.0
vanilla,slowheat_none,replay_metadata_bytes,1357204345,0.0
vanilla,slowheat_none,replay_metadata_bytes,1758462037,0.0
vanilla,slowheat_none,replay_metadata_bytes,748737880,0.0
vanilla,slowheat_none,replay_metadata_bytes,1611510062,0.0
vanilla,slowheat_none,replay_metadata_bytes,333205446,0.0
vanilla,slowheat_none,replay_metadata_bytes,130501536,0.0
vanilla,slowheat_none,replay_metadata_bytes,492612040,0.0
vanilla,slowheat_none,selector_forward_examples,2101606466,0.0
vanilla,slowheat_none,selector_forward_examples,1872839281,0.0
vanilla,slowheat_none,selector_forward_examples,637029796,0.0
vanilla,slowheat_none,selector_forward_examples,1357204345,0.0
vanilla,slowheat_none,selector_forward_examples,1758462037,0.0
vanilla,slowheat_none,selector_forward_examples,748737880,0.0
vanilla,slowheat_none,selector_forward_examples,1611510062,0.0
vanilla,slowheat_none,selector_forward_examples,333205446,0.0
vanilla,slowheat_none,selector_forward_examples,130501536,0.0
vanilla,slowheat_none,selector_forward_examples,492612040,0.0
vanilla,slowheat_none,selection_seconds,2101606466,0.0
vanilla,slowheat_none,selection_seconds,1872839281,0.0
vanilla,slowheat_none,selection_seconds,637029796,0.0
vanilla,slowheat_none,selection_seconds,1357204345,0.0
vanilla,slowheat_none,selection_seconds,1758462037,0.0
vanilla,slowheat_none,selection_seconds,748737880,0.0
vanilla,slowheat_none,selection_seconds,1611510062,0.0
vanilla,slowheat_none,selection_seconds,333205446,0.0
vanilla,slowheat_none,selection_seconds,130501536,0.0
vanilla,slowheat_none,selection_seconds,492612040,0.0
vanilla,slowheat_unidirectional,final_average_accuracy,2101606466,0.00020000000000000573
vanilla,slowheat_unidirectional,final_average_accuracy,1872839281,0.0011000000000000176
vanilla,slowheat_unidirectional,final_average_accuracy,637029796,0.0029000000000000137
vanilla,slowheat_unidirectional,final_average_accuracy,1357204345,-0.008400000000000019
vanilla,slowheat_unidirectional,final_average_accuracy,1758462037,0.0020999999999999908
vanilla,slowheat_unidirectional,final_average_accuracy,748737880,-0.005900000000000016
vanilla,slowheat_unidirectional,final_average_accuracy,1611510062,0.0018000000000000238
vanilla,slowheat_unidirectional,final_average_accuracy,333205446,-0.010699999999999987
vanilla,slowheat_unidirectional,final_average_accuracy,130501536,-0.009099999999999997
vanilla,slowheat_unidirectional,final_average_accuracy,492612040,-0.0068000000000000005
vanilla,slowheat_unidirectional,average_forgetting,2101606466,-0.02487499999999998
vanilla,slowheat_unidirectional,average_forgetting,1872839281,0.005874999999999964
vanilla,slowheat_unidirectional,average_forgetting,637029796,-0.014875000000000194
vanilla,slowheat_unidirectional,average_forgetting,1357204345,0.01387499999999997
vanilla,slowheat_unidirectional,average_forgetting,1758462037,0.005500000000000171
vanilla,slowheat_unidirectional,average_forgetting,748737880,-0.01849999999999996
vanilla,slowheat_unidirectional,average_forgetting,1611510062,-0.003750000000000031
vanilla,slowheat_unidirectional,average_forgetting,333205446,-0.008875000000000077
vanilla,slowheat_unidirectional,average_forgetting,130501536,-0.007249999999999979
vanilla,slowheat_unidirectional,average_forgetting,492612040,-0.041874999999999996
vanilla,slowheat_unidirectional,backward_transfer,2101606466,0.02487499999999998
vanilla,slowheat_unidirectional,backward_transfer,1872839281,-0.005874999999999964
vanilla,slowheat_unidirectional,backward_transfer,637029796,0.014875000000000194
vanilla,slowheat_unidirectional,backward_transfer,1357204345,-0.01387499999999997
vanilla,slowheat_unidirectional,backward_transfer,1758462037,-0.005500000000000171
vanilla,slowheat_unidirectional,backward_transfer,748737880,0.01849999999999996
vanilla,slowheat_unidirectional,backward_transfer,1611510062,0.003750000000000031
vanilla,slowheat_unidirectional,backward_transfer,333205446,0.008875000000000077
vanilla,slowheat_unidirectional,backward_transfer,130501536,0.007249999999999979
vanilla,slowheat_unidirectional,backward_transfer,492612040,0.041874999999999996
vanilla,slowheat_unidirectional,forward_transfer,2101606466,0.005750000000000002
vanilla,slowheat_unidirectional,forward_transfer,1872839281,0.0010000000000000009
vanilla,slowheat_unidirectional,forward_transfer,637029796,-0.008500000000000008
vanilla,slowheat_unidirectional,forward_transfer,1357204345,0.0
vanilla,slowheat_unidirectional,forward_transfer,1758462037,0.0
vanilla,slowheat_unidirectional,forward_transfer,748737880,0.0
vanilla,slowheat_unidirectional,forward_transfer,1611510062,0.0
vanilla,slowheat_unidirectional,forward_transfer,333205446,0.004374999999999997
vanilla,slowheat_unidirectional,forward_transfer,130501536,0.00037500000000000033
vanilla,slowheat_unidirectional,forward_transfer,492612040,-0.0014999999999999875
vanilla,slowheat_unidirectional,task_aware_final_accuracy,2101606466,0.0050000000000001155
vanilla,slowheat_unidirectional,task_aware_final_accuracy,1872839281,-0.0046000000000000485
vanilla,slowheat_unidirectional,task_aware_final_accuracy,637029796,-0.011599999999999944
vanilla,slowheat_unidirectional,task_aware_final_accuracy,1357204345,-0.008399999999999963
vanilla,slowheat_unidirectional,task_aware_final_accuracy,1758462037,-0.01739999999999997
vanilla,slowheat_unidirectional,task_aware_final_accuracy,748737880,-0.005900000000000016
vanilla,slowheat_unidirectional,task_aware_final_accuracy,1611510062,-0.014700000000000046
vanilla,slowheat_unidirectional,task_aware_final_accuracy,333205446,-0.010700000000000043
vanilla,slowheat_unidirectional,task_aware_final_accuracy,130501536,-0.006599999999999939
vanilla,slowheat_unidirectional,task_aware_final_accuracy,492612040,0.0025000000000000577
vanilla,slowheat_unidirectional,task_aware_forgetting,2101606466,-0.030874999999999986
vanilla,slowheat_unidirectional,task_aware_forgetting,1872839281,0.013000000000000012
vanilla,slowheat_unidirectional,task_aware_forgetting,637029796,0.003249999999999975
vanilla,slowheat_unidirectional,task_aware_forgetting,1357204345,0.013875000000000026
vanilla,slowheat_unidirectional,task_aware_forgetting,1758462037,0.02987500000000004
vanilla,slowheat_unidirectional,task_aware_forgetting,748737880,-0.018500000000000016
vanilla,slowheat_unidirectional,task_aware_forgetting,1611510062,0.016874999999999973
vanilla,slowheat_unidirectional,task_aware_forgetting,333205446,-0.008875000000000022
vanilla,slowheat_unidirectional,task_aware_forgetting,130501536,-0.010375000000000023
vanilla,slowheat_unidirectional,task_aware_forgetting,492612040,-0.0535000000000001
vanilla,slowheat_unidirectional,classifier_gap,2101606466,0.004800000000000082
vanilla,slowheat_unidirectional,classifier_gap,1872839281,-0.005700000000000094
vanilla,slowheat_unidirectional,classifier_gap,637029796,-0.014499999999999957
vanilla,slowheat_unidirectional,classifier_gap,1357204345,5.551115123125783e-17
vanilla,slowheat_unidirectional,classifier_gap,1758462037,-0.019499999999999962
vanilla,slowheat_unidirectional,classifier_gap,748737880,0.0
vanilla,slowheat_unidirectional,classifier_gap,1611510062,-0.01650000000000007
vanilla,slowheat_unidirectional,classifier_gap,333205446,-5.551115123125783e-17
vanilla,slowheat_unidirectional,classifier_gap,130501536,0.0025000000000000577
vanilla,slowheat_unidirectional,classifier_gap,492612040,0.009300000000000086
vanilla,slowheat_unidirectional,elapsed_seconds,2101606466,49.84111877702526
vanilla,slowheat_unidirectional,elapsed_seconds,1872839281,47.772654939995846
vanilla,slowheat_unidirectional,elapsed_seconds,637029796,55.851246417994844
vanilla,slowheat_unidirectional,elapsed_seconds,1357204345,56.50606553599937
vanilla,slowheat_unidirectional,elapsed_seconds,1758462037,27.74397991699516
vanilla,slowheat_unidirectional,elapsed_seconds,748737880,27.31975241395412
vanilla,slowheat_unidirectional,elapsed_seconds,1611510062,27.388355835020775
vanilla,slowheat_unidirectional,elapsed_seconds,333205446,27.157204373012064
vanilla,slowheat_unidirectional,elapsed_seconds,130501536,27.369222934998106
vanilla,slowheat_unidirectional,elapsed_seconds,492612040,27.088553153997054
vanilla,slowheat_unidirectional,learner_examples_processed,2101606466,0.0
vanilla,slowheat_unidirectional,learner_examples_processed,1872839281,0.0
vanilla,slowheat_unidirectional,learner_examples_processed,637029796,0.0
vanilla,slowheat_unidirectional,learner_examples_processed,1357204345,0.0
vanilla,slowheat_unidirectional,learner_examples_processed,1758462037,0.0
vanilla,slowheat_unidirectional,learner_examples_processed,748737880,0.0
vanilla,slowheat_unidirectional,learner_examples_processed,1611510062,0.0
vanilla,slowheat_unidirectional,learner_examples_processed,333205446,0.0
vanilla,slowheat_unidirectional,learner_examples_processed,130501536,0.0
vanilla,slowheat_unidirectional,learner_examples_processed,492612040,0.0
vanilla,slowheat_unidirectional,total_model_examples_processed,2101606466,0.0
vanilla,slowheat_unidirectional,total_model_examples_processed,1872839281,0.0
vanilla,slowheat_unidirectional,total_model_examples_processed,637029796,0.0
vanilla,slowheat_unidirectional,total_model_examples_processed,1357204345,0.0
vanilla,slowheat_unidirectional,total_model_examples_processed,1758462037,0.0
vanilla,slowheat_unidirectional,total_model_examples_processed,748737880,0.0
vanilla,slowheat_unidirectional,total_model_examples_processed,1611510062,0.0
vanilla,slowheat_unidirectional,total_model_examples_processed,333205446,0.0
vanilla,slowheat_unidirectional,total_model_examples_processed,130501536,0.0
vanilla,slowheat_unidirectional,total_model_examples_processed,492612040,0.0
vanilla,slowheat_unidirectional,estimated_total_flops,2101606466,23062831630.0
vanilla,slowheat_unidirectional,estimated_total_flops,1872839281,23062831630.0
vanilla,slowheat_unidirectional,estimated_total_flops,637029796,23062831630.0
vanilla,slowheat_unidirectional,estimated_total_flops,1357204345,23062831630.0
vanilla,slowheat_unidirectional,estimated_total_flops,1758462037,23062831630.0
vanilla,slowheat_unidirectional,estimated_total_flops,748737880,23062831630.0
vanilla,slowheat_unidirectional,estimated_total_flops,1611510062,23062831630.0
vanilla,slowheat_unidirectional,estimated_total_flops,333205446,23062831630.0
vanilla,slowheat_unidirectional,estimated_total_flops,130501536,23062831630.0
vanilla,slowheat_unidirectional,estimated_total_flops,492612040,23062831630.0
vanilla,slowheat_unidirectional,estimated_overhead_flops,2101606466,23062831630.0
vanilla,slowheat_unidirectional,estimated_overhead_flops,1872839281,23062831630.0
vanilla,slowheat_unidirectional,estimated_overhead_flops,637029796,23062831630.0
vanilla,slowheat_unidirectional,estimated_overhead_flops,1357204345,23062831630.0
vanilla,slowheat_unidirectional,estimated_overhead_flops,1758462037,23062831630.0
vanilla,slowheat_unidirectional,estimated_overhead_flops,748737880,23062831630.0
vanilla,slowheat_unidirectional,estimated_overhead_flops,1611510062,23062831630.0
vanilla,slowheat_unidirectional,estimated_overhead_flops,333205446,23062831630.0
vanilla,slowheat_unidirectional,estimated_overhead_flops,130501536,23062831630.0
vanilla,slowheat_unidirectional,estimated_overhead_flops,492612040,23062831630.0
vanilla,slowheat_unidirectional,replay_memory_bytes,2101606466,0.0
vanilla,slowheat_unidirectional,replay_memory_bytes,1872839281,0.0
vanilla,slowheat_unidirectional,replay_memory_bytes,637029796,0.0
vanilla,slowheat_unidirectional,replay_memory_bytes,1357204345,0.0
vanilla,slowheat_unidirectional,replay_memory_bytes,1758462037,0.0
vanilla,slowheat_unidirectional,replay_memory_bytes,748737880,0.0
vanilla,slowheat_unidirectional,replay_memory_bytes,1611510062,0.0
vanilla,slowheat_unidirectional,replay_memory_bytes,333205446,0.0
vanilla,slowheat_unidirectional,replay_memory_bytes,130501536,0.0
vanilla,slowheat_unidirectional,replay_memory_bytes,492612040,0.0
vanilla,slowheat_unidirectional,stored_logits_bytes,2101606466,0.0
vanilla,slowheat_unidirectional,stored_logits_bytes,1872839281,0.0
vanilla,slowheat_unidirectional,stored_logits_bytes,637029796,0.0
vanilla,slowheat_unidirectional,stored_logits_bytes,1357204345,0.0
vanilla,slowheat_unidirectional,stored_logits_bytes,1758462037,0.0
vanilla,slowheat_unidirectional,stored_logits_bytes,748737880,0.0
vanilla,slowheat_unidirectional,stored_logits_bytes,1611510062,0.0
vanilla,slowheat_unidirectional,stored_logits_bytes,333205446,0.0
vanilla,slowheat_unidirectional,stored_logits_bytes,130501536,0.0
vanilla,slowheat_unidirectional,stored_logits_bytes,492612040,0.0
vanilla,slowheat_unidirectional,replay_metadata_bytes,2101606466,0.0
vanilla,slowheat_unidirectional,replay_metadata_bytes,1872839281,0.0
vanilla,slowheat_unidirectional,replay_metadata_bytes,637029796,0.0
vanilla,slowheat_unidirectional,replay_metadata_bytes,1357204345,0.0
vanilla,slowheat_unidirectional,replay_metadata_bytes,1758462037,0.0
vanilla,slowheat_unidirectional,replay_metadata_bytes,748737880,0.0
vanilla,slowheat_unidirectional,replay_metadata_bytes,1611510062,0.0
vanilla,slowheat_unidirectional,replay_metadata_bytes,333205446,0.0
vanilla,slowheat_unidirectional,replay_metadata_bytes,130501536,0.0
vanilla,slowheat_unidirectional,replay_metadata_bytes,492612040,0.0
vanilla,slowheat_unidirectional,selector_forward_examples,2101606466,0.0
vanilla,slowheat_unidirectional,selector_forward_examples,1872839281,0.0
vanilla,slowheat_unidirectional,selector_forward_examples,637029796,0.0
vanilla,slowheat_unidirectional,selector_forward_examples,1357204345,0.0
vanilla,slowheat_unidirectional,selector_forward_examples,1758462037,0.0
vanilla,slowheat_unidirectional,selector_forward_examples,748737880,0.0
vanilla,slowheat_unidirectional,selector_forward_examples,1611510062,0.0
vanilla,slowheat_unidirectional,selector_forward_examples,333205446,0.0
vanilla,slowheat_unidirectional,selector_forward_examples,130501536,0.0
vanilla,slowheat_unidirectional,selector_forward_examples,492612040,0.0
vanilla,slowheat_unidirectional,selection_seconds,2101606466,0.0
vanilla,slowheat_unidirectional,selection_seconds,1872839281,0.0
vanilla,slowheat_unidirectional,selection_seconds,637029796,0.0
vanilla,slowheat_unidirectional,selection_seconds,1357204345,0.0
vanilla,slowheat_unidirectional,selection_seconds,1758462037,0.0
vanilla,slowheat_unidirectional,selection_seconds,748737880,0.0
vanilla,slowheat_unidirectional,selection_seconds,1611510062,0.0
vanilla,slowheat_unidirectional,selection_seconds,333205446,0.0
vanilla,slowheat_unidirectional,selection_seconds,130501536,0.0
vanilla,slowheat_unidirectional,selection_seconds,492612040,0.0
vanilla,slowheat,final_average_accuracy,2101606466,-0.04379999999999998
vanilla,slowheat,final_average_accuracy,1872839281,-0.033
vanilla,slowheat,final_average_accuracy,637029796,-0.030299999999999994
vanilla,slowheat,final_average_accuracy,1357204345,-0.01670000000000002
vanilla,slowheat,final_average_accuracy,1758462037,-0.04500000000000001
vanilla,slowheat,final_average_accuracy,748737880,-0.04440000000000002
vanilla,slowheat,final_average_accuracy,1611510062,-0.021199999999999997
vanilla,slowheat,final_average_accuracy,333205446,-0.05349999999999999
vanilla,slowheat,final_average_accuracy,130501536,-0.05130000000000001
vanilla,slowheat,final_average_accuracy,492612040,-0.0441
vanilla,slowheat,average_forgetting,2101606466,-0.048249999999999904
vanilla,slowheat,average_forgetting,1872839281,-0.08437500000000009
vanilla,slowheat,average_forgetting,637029796,-0.03825000000000012
vanilla,slowheat,average_forgetting,1357204345,-0.02387499999999998
vanilla,slowheat,average_forgetting,1758462037,-0.03374999999999995
vanilla,slowheat,average_forgetting,748737880,-0.03412499999999996
vanilla,slowheat,average_forgetting,1611510062,-0.04937500000000017
vanilla,slowheat,average_forgetting,333205446,-0.04500000000000004
vanilla,slowheat,average_forgetting,130501536,-0.07562499999999994
vanilla,slowheat,average_forgetting,492612040,-0.042874999999999996
vanilla,slowheat,backward_transfer,2101606466,0.048249999999999904
vanilla,slowheat,backward_transfer,1872839281,0.08437500000000009
vanilla,slowheat,backward_transfer,637029796,0.03825000000000012
vanilla,slowheat,backward_transfer,1357204345,0.02387499999999998
vanilla,slowheat,backward_transfer,1758462037,0.03374999999999995
vanilla,slowheat,backward_transfer,748737880,0.03412499999999996
vanilla,slowheat,backward_transfer,1611510062,0.04937500000000017
vanilla,slowheat,backward_transfer,333205446,0.04500000000000004
vanilla,slowheat,backward_transfer,130501536,0.07562499999999994
vanilla,slowheat,backward_transfer,492612040,0.042874999999999996
vanilla,slowheat,forward_transfer,2101606466,-0.0006249999999999988
vanilla,slowheat,forward_transfer,1872839281,-0.0003750000000000142
vanilla,slowheat,forward_transfer,637029796,-0.012625000000000011
vanilla,slowheat,forward_transfer,1357204345,0.0
vanilla,slowheat,forward_transfer,1758462037,0.0
vanilla,slowheat,forward_transfer,748737880,0.0
vanilla,slowheat,forward_transfer,1611510062,0.0
vanilla,slowheat,forward_transfer,333205446,0.0020000000000000018
vanilla,slowheat,forward_transfer,130501536,-0.00462499999999999
vanilla,slowheat,forward_transfer,492612040,-0.0002500000000000002
vanilla,slowheat,task_aware_final_accuracy,2101606466,-0.06019999999999992
vanilla,slowheat,task_aware_final_accuracy,1872839281,-0.03870000000000007
vanilla,slowheat,task_aware_final_accuracy,637029796,-0.04479999999999995
vanilla,slowheat,task_aware_final_accuracy,1357204345,-0.016699999999999937
vanilla,slowheat,task_aware_final_accuracy,1758462037,-0.04480000000000006
vanilla,slowheat,task_aware_final_accuracy,748737880,-0.044399999999999995
vanilla,slowheat,task_aware_final_accuracy,1611510062,-0.025700000000000056
vanilla,slowheat,task_aware_final_accuracy,333205446,-0.05349999999999999
vanilla,slowheat,task_aware_final_accuracy,130501536,-0.04859999999999998
vanilla,slowheat,task_aware_final_accuracy,492612040,-0.03479999999999994
vanilla,slowheat,task_aware_forgetting,2101606466,-0.027749999999999997
vanilla,slowheat,task_aware_forgetting,1872839281,-0.07725000000000004
vanilla,slowheat,task_aware_forgetting,637029796,-0.02012500000000006
vanilla,slowheat,task_aware_forgetting,1357204345,-0.02387499999999998
vanilla,slowheat,task_aware_forgetting,1758462037,-0.03400000000000003
vanilla,slowheat,task_aware_forgetting,748737880,-0.034125000000000016
vanilla,slowheat,task_aware_forgetting,1611510062,-0.04375000000000001
vanilla,slowheat,task_aware_forgetting,333205446,-0.044999999999999984
vanilla,slowheat,task_aware_forgetting,130501536,-0.07899999999999996
vanilla,slowheat,task_aware_forgetting,492612040,-0.05449999999999999
vanilla,slowheat,classifier_gap,2101606466,-0.016399999999999915
vanilla,slowheat,classifier_gap,1872839281,-0.005700000000000094
vanilla,slowheat,classifier_gap,637029796,-0.014499999999999957
vanilla,slowheat,classifier_gap,1357204345,5.551115123125783e-17
vanilla,slowheat,classifier_gap,1758462037,0.00019999999999992246
vanilla,slowheat,classifier_gap,748737880,0.0
vanilla,slowheat,classifier_gap,1611510062,-0.0045000000000000595
vanilla,slowheat,classifier_gap,333205446,0.0
vanilla,slowheat,classifier_gap,130501536,0.0027000000000000357
vanilla,slowheat,classifier_gap,492612040,0.009300000000000086
vanilla,slowheat,elapsed_seconds,2101606466,94.78649076298461
vanilla,slowheat,elapsed_seconds,1872839281,93.4976799779979
vanilla,slowheat,elapsed_seconds,637029796,127.52655594999669
vanilla,slowheat,elapsed_seconds,1357204345,99.95572200699826
vanilla,slowheat,elapsed_seconds,1758462037,58.587928879016545
vanilla,slowheat,elapsed_seconds,748737880,59.114712301961845
vanilla,slowheat,elapsed_seconds,1611510062,58.82412227700115
vanilla,slowheat,elapsed_seconds,333205446,58.88818042300409
vanilla,slowheat,elapsed_seconds,130501536,59.24754699200275
vanilla,slowheat,elapsed_seconds,492612040,58.44266961197718
vanilla,slowheat,learner_examples_processed,2101606466,0.0
vanilla,slowheat,learner_examples_processed,1872839281,0.0
vanilla,slowheat,learner_examples_processed,637029796,0.0
vanilla,slowheat,learner_examples_processed,1357204345,0.0
vanilla,slowheat,learner_examples_processed,1758462037,0.0
vanilla,slowheat,learner_examples_processed,748737880,0.0
vanilla,slowheat,learner_examples_processed,1611510062,0.0
vanilla,slowheat,learner_examples_processed,333205446,0.0
vanilla,slowheat,learner_examples_processed,130501536,0.0
vanilla,slowheat,learner_examples_processed,492612040,0.0
vanilla,slowheat,total_model_examples_processed,2101606466,0.0
vanilla,slowheat,total_model_examples_processed,1872839281,0.0
vanilla,slowheat,total_model_examples_processed,637029796,0.0
vanilla,slowheat,total_model_examples_processed,1357204345,0.0
vanilla,slowheat,total_model_examples_processed,1758462037,0.0
vanilla,slowheat,total_model_examples_processed,748737880,0.0
vanilla,slowheat,total_model_examples_processed,1611510062,0.0
vanilla,slowheat,total_model_examples_processed,333205446,0.0
vanilla,slowheat,total_model_examples_processed,130501536,0.0
vanilla,slowheat,total_model_examples_processed,492612040,0.0
vanilla,slowheat,estimated_total_flops,2101606466,23062831630.0
vanilla,slowheat,estimated_total_flops,1872839281,23062831630.0
vanilla,slowheat,estimated_total_flops,637029796,23062831630.0
vanilla,slowheat,estimated_total_flops,1357204345,23062831630.0
vanilla,slowheat,estimated_total_flops,1758462037,23062831630.0
vanilla,slowheat,estimated_total_flops,748737880,23062831630.0
vanilla,slowheat,estimated_total_flops,1611510062,23062831630.0
vanilla,slowheat,estimated_total_flops,333205446,23062831630.0
vanilla,slowheat,estimated_total_flops,130501536,23062831630.0
vanilla,slowheat,estimated_total_flops,492612040,23062831630.0
vanilla,slowheat,estimated_overhead_flops,2101606466,23062831630.0
vanilla,slowheat,estimated_overhead_flops,1872839281,23062831630.0
vanilla,slowheat,estimated_overhead_flops,637029796,23062831630.0
vanilla,slowheat,estimated_overhead_flops,1357204345,23062831630.0
vanilla,slowheat,estimated_overhead_flops,1758462037,23062831630.0
vanilla,slowheat,estimated_overhead_flops,748737880,23062831630.0
vanilla,slowheat,estimated_overhead_flops,1611510062,23062831630.0
vanilla,slowheat,estimated_overhead_flops,333205446,23062831630.0
vanilla,slowheat,estimated_overhead_flops,130501536,23062831630.0
vanilla,slowheat,estimated_overhead_flops,492612040,23062831630.0
vanilla,slowheat,replay_memory_bytes,2101606466,0.0
vanilla,slowheat,replay_memory_bytes,1872839281,0.0
vanilla,slowheat,replay_memory_bytes,637029796,0.0
vanilla,slowheat,replay_memory_bytes,1357204345,0.0
vanilla,slowheat,replay_memory_bytes,1758462037,0.0
vanilla,slowheat,replay_memory_bytes,748737880,0.0
vanilla,slowheat,replay_memory_bytes,1611510062,0.0
vanilla,slowheat,replay_memory_bytes,333205446,0.0
vanilla,slowheat,replay_memory_bytes,130501536,0.0
vanilla,slowheat,replay_memory_bytes,492612040,0.0
vanilla,slowheat,stored_logits_bytes,2101606466,0.0
vanilla,slowheat,stored_logits_bytes,1872839281,0.0
vanilla,slowheat,stored_logits_bytes,637029796,0.0
vanilla,slowheat,stored_logits_bytes,1357204345,0.0
vanilla,slowheat,stored_logits_bytes,1758462037,0.0
vanilla,slowheat,stored_logits_bytes,748737880,0.0
vanilla,slowheat,stored_logits_bytes,1611510062,0.0
vanilla,slowheat,stored_logits_bytes,333205446,0.0
vanilla,slowheat,stored_logits_bytes,130501536,0.0
vanilla,slowheat,stored_logits_bytes,492612040,0.0
vanilla,slowheat,replay_metadata_bytes,2101606466,0.0
vanilla,slowheat,replay_metadata_bytes,1872839281,0.0
vanilla,slowheat,replay_metadata_bytes,637029796,0.0
vanilla,slowheat,replay_metadata_bytes,1357204345,0.0
vanilla,slowheat,replay_metadata_bytes,1758462037,0.0
vanilla,slowheat,replay_metadata_bytes,748737880,0.0
vanilla,slowheat,replay_metadata_bytes,1611510062,0.0
vanilla,slowheat,replay_metadata_bytes,333205446,0.0
vanilla,slowheat,replay_metadata_bytes,130501536,0.0
vanilla,slowheat,replay_metadata_bytes,492612040,0.0
vanilla,slowheat,selector_forward_examples,2101606466,0.0
vanilla,slowheat,selector_forward_examples,1872839281,0.0
vanilla,slowheat,selector_forward_examples,637029796,0.0
vanilla,slowheat,selector_forward_examples,1357204345,0.0
vanilla,slowheat,selector_forward_examples,1758462037,0.0
vanilla,slowheat,selector_forward_examples,748737880,0.0
vanilla,slowheat,selector_forward_examples,1611510062,0.0
vanilla,slowheat,selector_forward_examples,333205446,0.0
vanilla,slowheat,selector_forward_examples,130501536,0.0
vanilla,slowheat,selector_forward_examples,492612040,0.0
vanilla,slowheat,selection_seconds,2101606466,0.0
vanilla,slowheat,selection_seconds,1872839281,0.0
vanilla,slowheat,selection_seconds,637029796,0.0
vanilla,slowheat,selection_seconds,1357204345,0.0
vanilla,slowheat,selection_seconds,1758462037,0.0
vanilla,slowheat,selection_seconds,748737880,0.0
vanilla,slowheat,selection_seconds,1611510062,0.0
vanilla,slowheat,selection_seconds,333205446,0.0
vanilla,slowheat,selection_seconds,130501536,0.0
vanilla,slowheat,selection_seconds,492612040,0.0
vanilla,hard_freeze,final_average_accuracy,2101606466,-0.031899999999999984
vanilla,hard_freeze,final_average_accuracy,1872839281,-0.026499999999999996
vanilla,hard_freeze,final_average_accuracy,637029796,-0.022199999999999998
vanilla,hard_freeze,final_average_accuracy,1357204345,-0.0247
vanilla,hard_freeze,final_average_accuracy,1758462037,-0.022800000000000015
vanilla,hard_freeze,final_average_accuracy,748737880,-0.04570000000000002
vanilla,hard_freeze,final_average_accuracy,1611510062,-0.01899999999999999
vanilla,hard_freeze,final_average_accuracy,333205446,-0.0373
vanilla,hard_freeze,final_average_accuracy,130501536,-0.03510000000000002
vanilla,hard_freeze,final_average_accuracy,492612040,-0.03840000000000002
vanilla,hard_freeze,average_forgetting,2101606466,-0.12412499999999993
vanilla,hard_freeze,average_forgetting,1872839281,-0.09899999999999998
vanilla,hard_freeze,average_forgetting,637029796,-0.06725000000000014
vanilla,hard_freeze,average_forgetting,1357204345,-0.06087500000000001
vanilla,hard_freeze,average_forgetting,1758462037,-0.08324999999999994
vanilla,hard_freeze,average_forgetting,748737880,-0.138
vanilla,hard_freeze,average_forgetting,1611510062,-0.10825000000000007
vanilla,hard_freeze,average_forgetting,333205446,-0.06575000000000009
vanilla,hard_freeze,average_forgetting,130501536,-0.06999999999999995
vanilla,hard_freeze,average_forgetting,492612040,-0.0625
vanilla,hard_freeze,backward_transfer,2101606466,0.12412499999999993
vanilla,hard_freeze,backward_transfer,1872839281,0.09899999999999998
vanilla,hard_freeze,backward_transfer,637029796,0.06725000000000014
vanilla,hard_freeze,backward_transfer,1357204345,0.06087500000000001
vanilla,hard_freeze,backward_transfer,1758462037,0.08324999999999994
vanilla,hard_freeze,backward_transfer,748737880,0.138
vanilla,hard_freeze,backward_transfer,1611510062,0.10825000000000007
vanilla,hard_freeze,backward_transfer,333205446,0.06575000000000009
vanilla,hard_freeze,backward_transfer,130501536,0.06999999999999995
vanilla,hard_freeze,backward_transfer,492612040,0.0625
vanilla,hard_freeze,forward_transfer,2101606466,0.005000000000000001
vanilla,hard_freeze,forward_transfer,1872839281,-0.0003750000000000142
vanilla,hard_freeze,forward_transfer,637029796,-0.01050000000000001
vanilla,hard_freeze,forward_transfer,1357204345,0.0
vanilla,hard_freeze,forward_transfer,1758462037,0.0
vanilla,hard_freeze,forward_transfer,748737880,0.0
vanilla,hard_freeze,forward_transfer,1611510062,0.0
vanilla,hard_freeze,forward_transfer,333205446,0.0
vanilla,hard_freeze,forward_transfer,130501536,-0.0026250000000000023
vanilla,hard_freeze,forward_transfer,492612040,-0.001999999999999988
vanilla,hard_freeze,task_aware_final_accuracy,2101606466,-0.0482999999999999
vanilla,hard_freeze,task_aware_final_accuracy,1872839281,-0.032200000000000006
vanilla,hard_freeze,task_aware_final_accuracy,637029796,-0.02210000000000001
vanilla,hard_freeze,task_aware_final_accuracy,1357204345,-0.027999999999999914
vanilla,hard_freeze,task_aware_final_accuracy,1758462037,-0.022599999999999953
vanilla,hard_freeze,task_aware_final_accuracy,748737880,-0.04569999999999996
vanilla,hard_freeze,task_aware_final_accuracy,1611510062,-0.023499999999999965
vanilla,hard_freeze,task_aware_final_accuracy,333205446,-0.03630000000000011
vanilla,hard_freeze,task_aware_final_accuracy,130501536,-0.02839999999999998
vanilla,hard_freeze,task_aware_final_accuracy,492612040,-0.03090000000000004
vanilla,hard_freeze,task_aware_forgetting,2101606466,-0.103625
vanilla,hard_freeze,task_aware_forgetting,1872839281,-0.09187500000000004
vanilla,hard_freeze,task_aware_forgetting,637029796,-0.06737500000000007
vanilla,hard_freeze,task_aware_forgetting,1357204345,-0.05675000000000002
vanilla,hard_freeze,task_aware_forgetting,1758462037,-0.08350000000000002
vanilla,hard_freeze,task_aware_forgetting,748737880,-0.13800000000000004
vanilla,hard_freeze,task_aware_forgetting,1611510062,-0.10262500000000002
vanilla,hard_freeze,task_aware_forgetting,333205446,-0.067
vanilla,hard_freeze,task_aware_forgetting,130501536,-0.07837500000000008
vanilla,hard_freeze,task_aware_forgetting,492612040,-0.07187500000000002
vanilla,hard_freeze,classifier_gap,2101606466,-0.016399999999999915
vanilla,hard_freeze,classifier_gap,1872839281,-0.005700000000000038
vanilla,hard_freeze,classifier_gap,637029796,9.999999999998899e-05
vanilla,hard_freeze,classifier_gap,1357204345,-0.003299999999999914
vanilla,hard_freeze,classifier_gap,1758462037,0.00020000000000003348
vanilla,hard_freeze,classifier_gap,748737880,0.0
vanilla,hard_freeze,classifier_gap,1611510062,-0.004500000000000004
vanilla,hard_freeze,classifier_gap,333205446,0.0009999999999998899
vanilla,hard_freeze,classifier_gap,130501536,0.006700000000000039
vanilla,hard_freeze,classifier_gap,492612040,0.007500000000000007
vanilla,hard_freeze,elapsed_seconds,2101606466,90.98371037899051
vanilla,hard_freeze,elapsed_seconds,1872839281,90.03029987300397
vanilla,hard_freeze,elapsed_seconds,637029796,124.4234828070039
vanilla,hard_freeze,elapsed_seconds,1357204345,102.73056173199438
vanilla,hard_freeze,elapsed_seconds,1758462037,56.2857819069759
vanilla,hard_freeze,elapsed_seconds,748737880,56.385794788977364
vanilla,hard_freeze,elapsed_seconds,1611510062,56.79695671299123
vanilla,hard_freeze,elapsed_seconds,333205446,56.86848714799271
vanilla,hard_freeze,elapsed_seconds,130501536,56.73368801100878
vanilla,hard_freeze,elapsed_seconds,492612040,55.73662314898684
vanilla,hard_freeze,learner_examples_processed,2101606466,0.0
vanilla,hard_freeze,learner_examples_processed,1872839281,0.0
vanilla,hard_freeze,learner_examples_processed,637029796,0.0
vanilla,hard_freeze,learner_examples_processed,1357204345,0.0
vanilla,hard_freeze,learner_examples_processed,1758462037,0.0
vanilla,hard_freeze,learner_examples_processed,748737880,0.0
vanilla,hard_freeze,learner_examples_processed,1611510062,0.0
vanilla,hard_freeze,learner_examples_processed,333205446,0.0
vanilla,hard_freeze,learner_examples_processed,130501536,0.0
vanilla,hard_freeze,learner_examples_processed,492612040,0.0
vanilla,hard_freeze,total_model_examples_processed,2101606466,0.0
vanilla,hard_freeze,total_model_examples_processed,1872839281,0.0
vanilla,hard_freeze,total_model_examples_processed,637029796,0.0
vanilla,hard_freeze,total_model_examples_processed,1357204345,0.0
vanilla,hard_freeze,total_model_examples_processed,1758462037,0.0
vanilla,hard_freeze,total_model_examples_processed,748737880,0.0
vanilla,hard_freeze,total_model_examples_processed,1611510062,0.0
vanilla,hard_freeze,total_model_examples_processed,333205446,0.0
vanilla,hard_freeze,total_model_examples_processed,130501536,0.0
vanilla,hard_freeze,total_model_examples_processed,492612040,0.0
vanilla,hard_freeze,estimated_total_flops,2101606466,23062831630.0
vanilla,hard_freeze,estimated_total_flops,1872839281,23062831630.0
vanilla,hard_freeze,estimated_total_flops,637029796,23062831630.0
vanilla,hard_freeze,estimated_total_flops,1357204345,23062831630.0
vanilla,hard_freeze,estimated_total_flops,1758462037,23062831630.0
vanilla,hard_freeze,estimated_total_flops,748737880,23062831630.0
vanilla,hard_freeze,estimated_total_flops,1611510062,23062831630.0
vanilla,hard_freeze,estimated_total_flops,333205446,23062831630.0
vanilla,hard_freeze,estimated_total_flops,130501536,23062831630.0
vanilla,hard_freeze,estimated_total_flops,492612040,23062831630.0
vanilla,hard_freeze,estimated_overhead_flops,2101606466,23062831630.0
vanilla,hard_freeze,estimated_overhead_flops,1872839281,23062831630.0
vanilla,hard_freeze,estimated_overhead_flops,637029796,23062831630.0
vanilla,hard_freeze,estimated_overhead_flops,1357204345,23062831630.0
vanilla,hard_freeze,estimated_overhead_flops,1758462037,23062831630.0
vanilla,hard_freeze,estimated_overhead_flops,748737880,23062831630.0
vanilla,hard_freeze,estimated_overhead_flops,1611510062,23062831630.0
vanilla,hard_freeze,estimated_overhead_flops,333205446,23062831630.0
vanilla,hard_freeze,estimated_overhead_flops,130501536,23062831630.0
vanilla,hard_freeze,estimated_overhead_flops,492612040,23062831630.0
vanilla,hard_freeze,replay_memory_bytes,2101606466,0.0
vanilla,hard_freeze,replay_memory_bytes,1872839281,0.0
vanilla,hard_freeze,replay_memory_bytes,637029796,0.0
vanilla,hard_freeze,replay_memory_bytes,1357204345,0.0
vanilla,hard_freeze,replay_memory_bytes,1758462037,0.0
vanilla,hard_freeze,replay_memory_bytes,748737880,0.0
vanilla,hard_freeze,replay_memory_bytes,1611510062,0.0
vanilla,hard_freeze,replay_memory_bytes,333205446,0.0
vanilla,hard_freeze,replay_memory_bytes,130501536,0.0
vanilla,hard_freeze,replay_memory_bytes,492612040,0.0
vanilla,hard_freeze,stored_logits_bytes,2101606466,0.0
vanilla,hard_freeze,stored_logits_bytes,1872839281,0.0
vanilla,hard_freeze,stored_logits_bytes,637029796,0.0
vanilla,hard_freeze,stored_logits_bytes,1357204345,0.0
vanilla,hard_freeze,stored_logits_bytes,1758462037,0.0
vanilla,hard_freeze,stored_logits_bytes,748737880,0.0
vanilla,hard_freeze,stored_logits_bytes,1611510062,0.0
vanilla,hard_freeze,stored_logits_bytes,333205446,0.0
vanilla,hard_freeze,stored_logits_bytes,130501536,0.0
vanilla,hard_freeze,stored_logits_bytes,492612040,0.0
vanilla,hard_freeze,replay_metadata_bytes,2101606466,0.0
vanilla,hard_freeze,replay_metadata_bytes,1872839281,0.0
vanilla,hard_freeze,replay_metadata_bytes,637029796,0.0
vanilla,hard_freeze,replay_metadata_bytes,1357204345,0.0
vanilla,hard_freeze,replay_metadata_bytes,1758462037,0.0
vanilla,hard_freeze,replay_metadata_bytes,748737880,0.0
vanilla,hard_freeze,replay_metadata_bytes,1611510062,0.0
vanilla,hard_freeze,replay_metadata_bytes,333205446,0.0
vanilla,hard_freeze,replay_metadata_bytes,130501536,0.0
vanilla,hard_freeze,replay_metadata_bytes,492612040,0.0
vanilla,hard_freeze,selector_forward_examples,2101606466,0.0
vanilla,hard_freeze,selector_forward_examples,1872839281,0.0
vanilla,hard_freeze,selector_forward_examples,637029796,0.0
vanilla,hard_freeze,selector_forward_examples,1357204345,0.0
vanilla,hard_freeze,selector_forward_examples,1758462037,0.0
vanilla,hard_freeze,selector_forward_examples,748737880,0.0
vanilla,hard_freeze,selector_forward_examples,1611510062,0.0
vanilla,hard_freeze,selector_forward_examples,333205446,0.0
vanilla,hard_freeze,selector_forward_examples,130501536,0.0
vanilla,hard_freeze,selector_forward_examples,492612040,0.0
vanilla,hard_freeze,selection_seconds,2101606466,0.0
vanilla,hard_freeze,selection_seconds,1872839281,0.0
vanilla,hard_freeze,selection_seconds,637029796,0.0
vanilla,hard_freeze,selection_seconds,1357204345,0.0
vanilla,hard_freeze,selection_seconds,1758462037,0.0
vanilla,hard_freeze,selection_seconds,748737880,0.0
vanilla,hard_freeze,selection_seconds,1611510062,0.0
vanilla,hard_freeze,selection_seconds,333205446,0.0
vanilla,hard_freeze,selection_seconds,130501536,0.0
vanilla,hard_freeze,selection_seconds,492612040,0.0
vanilla,lpr,final_average_accuracy,2101606466,0.05380000000000004
vanilla,lpr,final_average_accuracy,1872839281,0.094
vanilla,lpr,final_average_accuracy,637029796,0.07
vanilla,lpr,final_average_accuracy,1357204345,0.08790000000000003
vanilla,lpr,final_average_accuracy,1758462037,0.10369999999999996
vanilla,lpr,final_average_accuracy,748737880,0.06589999999999999
vanilla,lpr,final_average_accuracy,1611510062,0.0988
vanilla,lpr,final_average_accuracy,333205446,0.0562
vanilla,lpr,final_average_accuracy,130501536,0.066
vanilla,lpr,final_average_accuracy,492612040,0.0975
vanilla,lpr,average_forgetting,2101606466,-0.05249999999999999
vanilla,lpr,average_forgetting,1872839281,-0.08925000000000005
vanilla,lpr,average_forgetting,637029796,-0.06262500000000004
vanilla,lpr,average_forgetting,1357204345,-0.06987500000000002
vanilla,lpr,average_forgetting,1758462037,-0.079125
vanilla,lpr,average_forgetting,748737880,-0.050000000000000044
vanilla,lpr,average_forgetting,1611510062,-0.09362500000000007
vanilla,lpr,average_forgetting,333205446,-0.05787500000000012
vanilla,lpr,average_forgetting,130501536,-0.0714999999999999
vanilla,lpr,average_forgetting,492612040,-0.10524999999999995
vanilla,lpr,backward_transfer,2101606466,0.05249999999999999
vanilla,lpr,backward_transfer,1872839281,0.08925000000000005
vanilla,lpr,backward_transfer,637029796,0.06262500000000004
vanilla,lpr,backward_transfer,1357204345,0.06987500000000002
vanilla,lpr,backward_transfer,1758462037,0.079125
vanilla,lpr,backward_transfer,748737880,0.050000000000000044
vanilla,lpr,backward_transfer,1611510062,0.09362500000000007
vanilla,lpr,backward_transfer,333205446,0.05787500000000012
vanilla,lpr,backward_transfer,130501536,0.0714999999999999
vanilla,lpr,backward_transfer,492612040,0.10524999999999995
vanilla,lpr,forward_transfer,2101606466,0.004375
vanilla,lpr,forward_transfer,1872839281,-0.0005000000000000004
vanilla,lpr,forward_transfer,637029796,-0.0010000000000000009
vanilla,lpr,forward_transfer,1357204345,0.0
vanilla,lpr,forward_transfer,1758462037,0.0
vanilla,lpr,forward_transfer,748737880,0.0
vanilla,lpr,forward_transfer,1611510062,0.0
vanilla,lpr,forward_transfer,333205446,0.005874999999999998
vanilla,lpr,forward_transfer,130501536,-0.0036249999999999893
vanilla,lpr,forward_transfer,492612040,-0.002999999999999989
vanilla,lpr,task_aware_final_accuracy,2101606466,0.1976
vanilla,lpr,task_aware_final_accuracy,1872839281,0.20709999999999995
vanilla,lpr,task_aware_final_accuracy,637029796,0.19399999999999995
vanilla,lpr,task_aware_final_accuracy,1357204345,0.2349
vanilla,lpr,task_aware_final_accuracy,1758462037,0.2116999999999999
vanilla,lpr,task_aware_final_accuracy,748737880,0.2209000000000001
vanilla,lpr,task_aware_final_accuracy,1611510062,0.22729999999999995
vanilla,lpr,task_aware_final_accuracy,333205446,0.18199999999999994
vanilla,lpr,task_aware_final_accuracy,130501536,0.20250000000000012
vanilla,lpr,task_aware_final_accuracy,492612040,0.24630000000000007
vanilla,lpr,task_aware_forgetting,2101606466,-0.22912500000000002
vanilla,lpr,task_aware_forgetting,1872839281,-0.2285
vanilla,lpr,task_aware_forgetting,637029796,-0.21550000000000005
vanilla,lpr,task_aware_forgetting,1357204345,-0.25225
vanilla,lpr,task_aware_forgetting,1758462037,-0.21275
vanilla,lpr,task_aware_forgetting,748737880,-0.24275000000000005
vanilla,lpr,task_aware_forgetting,1611510062,-0.25225
vanilla,lpr,task_aware_forgetting,333205446,-0.21275000000000005
vanilla,lpr,task_aware_forgetting,130501536,-0.24112500000000006
vanilla,lpr,task_aware_forgetting,492612040,-0.28975000000000006
vanilla,lpr,classifier_gap,2101606466,0.14379999999999998
vanilla,lpr,classifier_gap,1872839281,0.11309999999999987
vanilla,lpr,classifier_gap,637029796,0.124
vanilla,lpr,classifier_gap,1357204345,0.14699999999999996
vanilla,lpr,classifier_gap,1758462037,0.10799999999999993
vanilla,lpr,classifier_gap,748737880,0.15500000000000014
vanilla,lpr,classifier_gap,1611510062,0.1284999999999999
vanilla,lpr,classifier_gap,333205446,0.1257999999999999
vanilla,lpr,classifier_gap,130501536,0.13650000000000012
vanilla,lpr,classifier_gap,492612040,0.14880000000000015
vanilla,lpr,elapsed_seconds,2101606466,74.01284964501974
vanilla,lpr,elapsed_seconds,1872839281,80.43083218499669
vanilla,lpr,elapsed_seconds,637029796,102.22046947199851
vanilla,lpr,elapsed_seconds,1357204345,90.21032699299394
vanilla,lpr,elapsed_seconds,1758462037,65.30703222198645
vanilla,lpr,elapsed_seconds,748737880,65.47718286296003
vanilla,lpr,elapsed_seconds,1611510062,65.5614357739978
vanilla,lpr,elapsed_seconds,333205446,65.50231364599313
vanilla,lpr,elapsed_seconds,130501536,65.56011737597873
vanilla,lpr,elapsed_seconds,492612040,65.38491282300674
vanilla,lpr,learner_examples_processed,2101606466,80640.0
vanilla,lpr,learner_examples_processed,1872839281,80640.0
vanilla,lpr,learner_examples_processed,637029796,80640.0
vanilla,lpr,learner_examples_processed,1357204345,80640.0
vanilla,lpr,learner_examples_processed,1758462037,80640.0
vanilla,lpr,learner_examples_processed,748737880,80640.0
vanilla,lpr,learner_examples_processed,1611510062,80640.0
vanilla,lpr,learner_examples_processed,333205446,80640.0
vanilla,lpr,learner_examples_processed,130501536,80640.0
vanilla,lpr,learner_examples_processed,492612040,80640.0
vanilla,lpr,total_model_examples_processed,2101606466,81080.0
vanilla,lpr,total_model_examples_processed,1872839281,81080.0
vanilla,lpr,total_model_examples_processed,637029796,81080.0
vanilla,lpr,total_model_examples_processed,1357204345,81080.0
vanilla,lpr,total_model_examples_processed,1758462037,81080.0
vanilla,lpr,total_model_examples_processed,748737880,81080.0
vanilla,lpr,total_model_examples_processed,1611510062,81080.0
vanilla,lpr,total_model_examples_processed,333205446,81080.0
vanilla,lpr,total_model_examples_processed,130501536,81080.0
vanilla,lpr,total_model_examples_processed,492612040,81080.0
vanilla,lpr,estimated_total_flops,2101606466,372890497535380.0
vanilla,lpr,estimated_total_flops,1872839281,372890497535380.0
vanilla,lpr,estimated_total_flops,637029796,372890497535380.0
vanilla,lpr,estimated_total_flops,1357204345,372890497535380.0
vanilla,lpr,estimated_total_flops,1758462037,372890497535380.0
vanilla,lpr,estimated_total_flops,748737880,372890497535380.0
vanilla,lpr,estimated_total_flops,1611510062,372890497535380.0
vanilla,lpr,estimated_total_flops,333205446,372890497535380.0
vanilla,lpr,estimated_total_flops,130501536,372890497535380.0
vanilla,lpr,estimated_total_flops,492612040,372890497535380.0
vanilla,lpr,estimated_overhead_flops,2101606466,103665996696980.0
vanilla,lpr,estimated_overhead_flops,1872839281,103665996696980.0
vanilla,lpr,estimated_overhead_flops,637029796,103665996696980.0
vanilla,lpr,estimated_overhead_flops,1357204345,103665996696980.0
vanilla,lpr,estimated_overhead_flops,1758462037,103665996696980.0
vanilla,lpr,estimated_overhead_flops,748737880,103665996696980.0
vanilla,lpr,estimated_overhead_flops,1611510062,103665996696980.0
vanilla,lpr,estimated_overhead_flops,333205446,103665996696980.0
vanilla,lpr,estimated_overhead_flops,130501536,103665996696980.0
vanilla,lpr,estimated_overhead_flops,492612040,103665996696980.0
vanilla,lpr,replay_memory_bytes,2101606466,2459200.0
vanilla,lpr,replay_memory_bytes,1872839281,2459200.0
vanilla,lpr,replay_memory_bytes,637029796,2459200.0
vanilla,lpr,replay_memory_bytes,1357204345,2459200.0
vanilla,lpr,replay_memory_bytes,1758462037,2459200.0
vanilla,lpr,replay_memory_bytes,748737880,2459200.0
vanilla,lpr,replay_memory_bytes,1611510062,2459200.0
vanilla,lpr,replay_memory_bytes,333205446,2459200.0
vanilla,lpr,replay_memory_bytes,130501536,2459200.0
vanilla,lpr,replay_memory_bytes,492612040,2459200.0
vanilla,lpr,stored_logits_bytes,2101606466,0.0
vanilla,lpr,stored_logits_bytes,1872839281,0.0
vanilla,lpr,stored_logits_bytes,637029796,0.0
vanilla,lpr,stored_logits_bytes,1357204345,0.0
vanilla,lpr,stored_logits_bytes,1758462037,0.0
vanilla,lpr,stored_logits_bytes,748737880,0.0
vanilla,lpr,stored_logits_bytes,1611510062,0.0
vanilla,lpr,stored_logits_bytes,333205446,0.0
vanilla,lpr,stored_logits_bytes,130501536,0.0
vanilla,lpr,stored_logits_bytes,492612040,0.0
vanilla,lpr,replay_metadata_bytes,2101606466,6400.0
vanilla,lpr,replay_metadata_bytes,1872839281,6400.0
vanilla,lpr,replay_metadata_bytes,637029796,6400.0
vanilla,lpr,replay_metadata_bytes,1357204345,6400.0
vanilla,lpr,replay_metadata_bytes,1758462037,6400.0
vanilla,lpr,replay_metadata_bytes,748737880,6400.0
vanilla,lpr,replay_metadata_bytes,1611510062,6400.0
vanilla,lpr,replay_metadata_bytes,333205446,6400.0
vanilla,lpr,replay_metadata_bytes,130501536,6400.0
vanilla,lpr,replay_metadata_bytes,492612040,6400.0
vanilla,lpr,selector_forward_examples,2101606466,0.0
vanilla,lpr,selector_forward_examples,1872839281,0.0
vanilla,lpr,selector_forward_examples,637029796,0.0
vanilla,lpr,selector_forward_examples,1357204345,0.0
vanilla,lpr,selector_forward_examples,1758462037,0.0
vanilla,lpr,selector_forward_examples,748737880,0.0
vanilla,lpr,selector_forward_examples,1611510062,0.0
vanilla,lpr,selector_forward_examples,333205446,0.0
vanilla,lpr,selector_forward_examples,130501536,0.0
vanilla,lpr,selector_forward_examples,492612040,0.0
vanilla,lpr,selection_seconds,2101606466,0.013516899984097108
vanilla,lpr,selection_seconds,1872839281,0.012809374020434916
vanilla,lpr,selection_seconds,637029796,0.014135355973849073
vanilla,lpr,selection_seconds,1357204345,0.013441000017337501
vanilla,lpr,selection_seconds,1758462037,0.012675289966864511
vanilla,lpr,selection_seconds,748737880,0.012466117972508073
vanilla,lpr,selection_seconds,1611510062,0.012912355974549428
vanilla,lpr,selection_seconds,333205446,0.012987392983632162
vanilla,lpr,selection_seconds,130501536,0.012941971013788134
vanilla,lpr,selection_seconds,492612040,0.013017484976444393
vanilla,slowheat_lpr,final_average_accuracy,2101606466,0.06230000000000002
vanilla,slowheat_lpr,final_average_accuracy,1872839281,0.07240000000000002
vanilla,slowheat_lpr,final_average_accuracy,637029796,0.06079999999999999
vanilla,slowheat_lpr,final_average_accuracy,1357204345,0.055499999999999994
vanilla,slowheat_lpr,final_average_accuracy,1758462037,0.07649999999999996
vanilla,slowheat_lpr,final_average_accuracy,748737880,0.058099999999999985
vanilla,slowheat_lpr,final_average_accuracy,1611510062,0.0683
vanilla,slowheat_lpr,final_average_accuracy,333205446,0.0648
vanilla,slowheat_lpr,final_average_accuracy,130501536,0.06920000000000001
vanilla,slowheat_lpr,final_average_accuracy,492612040,0.08319999999999997
vanilla,slowheat_lpr,average_forgetting,2101606466,-0.09775
vanilla,slowheat_lpr,average_forgetting,1872839281,-0.06887500000000002
vanilla,slowheat_lpr,average_forgetting,637029796,-0.0641250000000001
vanilla,slowheat_lpr,average_forgetting,1357204345,-0.05987500000000001
vanilla,slowheat_lpr,average_forgetting,1758462037,-0.08112499999999989
vanilla,slowheat_lpr,average_forgetting,748737880,-0.06074999999999986
vanilla,slowheat_lpr,average_forgetting,1611510062,-0.07874999999999999
vanilla,slowheat_lpr,average_forgetting,333205446,-0.08387500000000014
vanilla,slowheat_lpr,average_forgetting,130501536,-0.08487500000000003
vanilla,slowheat_lpr,average_forgetting,492612040,-0.10049999999999992
vanilla,slowheat_lpr,backward_transfer,2101606466,0.09775
vanilla,slowheat_lpr,backward_transfer,1872839281,0.06887500000000002
vanilla,slowheat_lpr,backward_transfer,637029796,0.0641250000000001
vanilla,slowheat_lpr,backward_transfer,1357204345,0.05987500000000001
vanilla,slowheat_lpr,backward_transfer,1758462037,0.08112499999999989
vanilla,slowheat_lpr,backward_transfer,748737880,0.06074999999999986
vanilla,slowheat_lpr,backward_transfer,1611510062,0.07874999999999999
vanilla,slowheat_lpr,backward_transfer,333205446,0.08387500000000014
vanilla,slowheat_lpr,backward_transfer,130501536,0.08487500000000003
vanilla,slowheat_lpr,backward_transfer,492612040,0.10049999999999992
vanilla,slowheat_lpr,forward_transfer,2101606466,0.004750000000000001
vanilla,slowheat_lpr,forward_transfer,1872839281,-0.0007500000000000284
vanilla,slowheat_lpr,forward_transfer,637029796,-0.014500000000000013
vanilla,slowheat_lpr,forward_transfer,1357204345,0.0
vanilla,slowheat_lpr,forward_transfer,1758462037,0.0
vanilla,slowheat_lpr,forward_transfer,748737880,0.0
vanilla,slowheat_lpr,forward_transfer,1611510062,0.0
vanilla,slowheat_lpr,forward_transfer,333205446,-0.0037500000000000033
vanilla,slowheat_lpr,forward_transfer,130501536,-0.0007500000000000007
vanilla,slowheat_lpr,forward_transfer,492612040,-0.000999999999999987
vanilla,slowheat_lpr,task_aware_final_accuracy,2101606466,0.19820000000000015
vanilla,slowheat_lpr,task_aware_final_accuracy,1872839281,0.21610000000000007
vanilla,slowheat_lpr,task_aware_final_accuracy,637029796,0.19629999999999992
vanilla,slowheat_lpr,task_aware_final_accuracy,1357204345,0.19679999999999997
vanilla,slowheat_lpr,task_aware_final_accuracy,1758462037,0.1915
vanilla,slowheat_lpr,task_aware_final_accuracy,748737880,0.19979999999999998
vanilla,slowheat_lpr,task_aware_final_accuracy,1611510062,0.1884
vanilla,slowheat_lpr,task_aware_final_accuracy,333205446,0.1802999999999999
vanilla,slowheat_lpr,task_aware_final_accuracy,130501536,0.19020000000000015
vanilla,slowheat_lpr,task_aware_final_accuracy,492612040,0.20789999999999997
vanilla,slowheat_lpr,task_aware_forgetting,2101606466,-0.26325
vanilla,slowheat_lpr,task_aware_forgetting,1872839281,-0.24700000000000005
vanilla,slowheat_lpr,task_aware_forgetting,637029796,-0.23087500000000002
vanilla,slowheat_lpr,task_aware_forgetting,1357204345,-0.23550000000000001
vanilla,slowheat_lpr,task_aware_forgetting,1758462037,-0.22225
vanilla,slowheat_lpr,task_aware_forgetting,748737880,-0.235375
vanilla,slowheat_lpr,task_aware_forgetting,1611510062,-0.22562500000000002
vanilla,slowheat_lpr,task_aware_forgetting,333205446,-0.22525000000000006
vanilla,slowheat_lpr,task_aware_forgetting,130501536,-0.23337500000000003
vanilla,slowheat_lpr,task_aware_forgetting,492612040,-0.25450000000000006
vanilla,slowheat_lpr,classifier_gap,2101606466,0.13590000000000008
vanilla,slowheat_lpr,classifier_gap,1872839281,0.14370000000000005
vanilla,slowheat_lpr,classifier_gap,637029796,0.13549999999999995
vanilla,slowheat_lpr,classifier_gap,1357204345,0.14129999999999993
vanilla,slowheat_lpr,classifier_gap,1758462037,0.11500000000000005
vanilla,slowheat_lpr,classifier_gap,748737880,0.14169999999999994
vanilla,slowheat_lpr,classifier_gap,1611510062,0.12010000000000004
vanilla,slowheat_lpr,classifier_gap,333205446,0.11549999999999994
vanilla,slowheat_lpr,classifier_gap,130501536,0.12100000000000016
vanilla,slowheat_lpr,classifier_gap,492612040,0.12470000000000003
vanilla,slowheat_lpr,elapsed_seconds,2101606466,206.98048823801219
vanilla,slowheat_lpr,elapsed_seconds,1872839281,179.41541911597596
vanilla,slowheat_lpr,elapsed_seconds,637029796,248.69458685599966
vanilla,slowheat_lpr,elapsed_seconds,1357204345,192.8691665630031
vanilla,slowheat_lpr,elapsed_seconds,1758462037,124.61561144399457
vanilla,slowheat_lpr,elapsed_seconds,748737880,124.4043981579598
vanilla,slowheat_lpr,elapsed_seconds,1611510062,124.9607315339963
vanilla,slowheat_lpr,elapsed_seconds,333205446,124.8583644409955
vanilla,slowheat_lpr,elapsed_seconds,130501536,125.09744839300402
vanilla,slowheat_lpr,elapsed_seconds,492612040,124.19293293898227
vanilla,slowheat_lpr,learner_examples_processed,2101606466,80640.0
vanilla,slowheat_lpr,learner_examples_processed,1872839281,80640.0
vanilla,slowheat_lpr,learner_examples_processed,637029796,80640.0
vanilla,slowheat_lpr,learner_examples_processed,1357204345,80640.0
vanilla,slowheat_lpr,learner_examples_processed,1758462037,80640.0
vanilla,slowheat_lpr,learner_examples_processed,748737880,80640.0
vanilla,slowheat_lpr,learner_examples_processed,1611510062,80640.0
vanilla,slowheat_lpr,learner_examples_processed,333205446,80640.0
vanilla,slowheat_lpr,learner_examples_processed,130501536,80640.0
vanilla,slowheat_lpr,learner_examples_processed,492612040,80640.0
vanilla,slowheat_lpr,total_model_examples_processed,2101606466,81080.0
vanilla,slowheat_lpr,total_model_examples_processed,1872839281,81080.0
vanilla,slowheat_lpr,total_model_examples_processed,637029796,81080.0
vanilla,slowheat_lpr,total_model_examples_processed,1357204345,81080.0
vanilla,slowheat_lpr,total_model_examples_processed,1758462037,81080.0
vanilla,slowheat_lpr,total_model_examples_processed,748737880,81080.0
vanilla,slowheat_lpr,total_model_examples_processed,1611510062,81080.0
vanilla,slowheat_lpr,total_model_examples_processed,333205446,81080.0
vanilla,slowheat_lpr,total_model_examples_processed,130501536,81080.0
vanilla,slowheat_lpr,total_model_examples_processed,492612040,81080.0
vanilla,slowheat_lpr,estimated_total_flops,2101606466,372915732470100.0
vanilla,slowheat_lpr,estimated_total_flops,1872839281,372915732470100.0
vanilla,slowheat_lpr,estimated_total_flops,637029796,372915732470100.0
vanilla,slowheat_lpr,estimated_total_flops,1357204345,372915732470100.0
vanilla,slowheat_lpr,estimated_total_flops,1758462037,372915732470100.0
vanilla,slowheat_lpr,estimated_total_flops,748737880,372915732470100.0
vanilla,slowheat_lpr,estimated_total_flops,1611510062,372915732470100.0
vanilla,slowheat_lpr,estimated_total_flops,333205446,372915732470100.0
vanilla,slowheat_lpr,estimated_total_flops,130501536,372915732470100.0
vanilla,slowheat_lpr,estimated_total_flops,492612040,372915732470100.0
vanilla,slowheat_lpr,estimated_overhead_flops,2101606466,103691231631700.0
vanilla,slowheat_lpr,estimated_overhead_flops,1872839281,103691231631700.0
vanilla,slowheat_lpr,estimated_overhead_flops,637029796,103691231631700.0
vanilla,slowheat_lpr,estimated_overhead_flops,1357204345,103691231631700.0
vanilla,slowheat_lpr,estimated_overhead_flops,1758462037,103691231631700.0
vanilla,slowheat_lpr,estimated_overhead_flops,748737880,103691231631700.0
vanilla,slowheat_lpr,estimated_overhead_flops,1611510062,103691231631700.0
vanilla,slowheat_lpr,estimated_overhead_flops,333205446,103691231631700.0
vanilla,slowheat_lpr,estimated_overhead_flops,130501536,103691231631700.0
vanilla,slowheat_lpr,estimated_overhead_flops,492612040,103691231631700.0
vanilla,slowheat_lpr,replay_memory_bytes,2101606466,2459200.0
vanilla,slowheat_lpr,replay_memory_bytes,1872839281,2459200.0
vanilla,slowheat_lpr,replay_memory_bytes,637029796,2459200.0
vanilla,slowheat_lpr,replay_memory_bytes,1357204345,2459200.0
vanilla,slowheat_lpr,replay_memory_bytes,1758462037,2459200.0
vanilla,slowheat_lpr,replay_memory_bytes,748737880,2459200.0
vanilla,slowheat_lpr,replay_memory_bytes,1611510062,2459200.0
vanilla,slowheat_lpr,replay_memory_bytes,333205446,2459200.0
vanilla,slowheat_lpr,replay_memory_bytes,130501536,2459200.0
vanilla,slowheat_lpr,replay_memory_bytes,492612040,2459200.0
vanilla,slowheat_lpr,stored_logits_bytes,2101606466,0.0
vanilla,slowheat_lpr,stored_logits_bytes,1872839281,0.0
vanilla,slowheat_lpr,stored_logits_bytes,637029796,0.0
vanilla,slowheat_lpr,stored_logits_bytes,1357204345,0.0
vanilla,slowheat_lpr,stored_logits_bytes,1758462037,0.0
vanilla,slowheat_lpr,stored_logits_bytes,748737880,0.0
vanilla,slowheat_lpr,stored_logits_bytes,1611510062,0.0
vanilla,slowheat_lpr,stored_logits_bytes,333205446,0.0
vanilla,slowheat_lpr,stored_logits_bytes,130501536,0.0
vanilla,slowheat_lpr,stored_logits_bytes,492612040,0.0
vanilla,slowheat_lpr,replay_metadata_bytes,2101606466,6400.0
vanilla,slowheat_lpr,replay_metadata_bytes,1872839281,6400.0
vanilla,slowheat_lpr,replay_metadata_bytes,637029796,6400.0
vanilla,slowheat_lpr,replay_metadata_bytes,1357204345,6400.0
vanilla,slowheat_lpr,replay_metadata_bytes,1758462037,6400.0
vanilla,slowheat_lpr,replay_metadata_bytes,748737880,6400.0
vanilla,slowheat_lpr,replay_metadata_bytes,1611510062,6400.0
vanilla,slowheat_lpr,replay_metadata_bytes,333205446,6400.0
vanilla,slowheat_lpr,replay_metadata_bytes,130501536,6400.0
vanilla,slowheat_lpr,replay_metadata_bytes,492612040,6400.0
vanilla,slowheat_lpr,selector_forward_examples,2101606466,0.0
vanilla,slowheat_lpr,selector_forward_examples,1872839281,0.0
vanilla,slowheat_lpr,selector_forward_examples,637029796,0.0
vanilla,slowheat_lpr,selector_forward_examples,1357204345,0.0
vanilla,slowheat_lpr,selector_forward_examples,1758462037,0.0
vanilla,slowheat_lpr,selector_forward_examples,748737880,0.0
vanilla,slowheat_lpr,selector_forward_examples,1611510062,0.0
vanilla,slowheat_lpr,selector_forward_examples,333205446,0.0
vanilla,slowheat_lpr,selector_forward_examples,130501536,0.0
vanilla,slowheat_lpr,selector_forward_examples,492612040,0.0
vanilla,slowheat_lpr,selection_seconds,2101606466,0.013271892996272072
vanilla,slowheat_lpr,selection_seconds,1872839281,0.012795432994607836
vanilla,slowheat_lpr,selection_seconds,637029796,0.01561586998286657
vanilla,slowheat_lpr,selection_seconds,1357204345,0.012785741011612117
vanilla,slowheat_lpr,selection_seconds,1758462037,0.0130613099609036
vanilla,slowheat_lpr,selection_seconds,748737880,0.01315147799323313
vanilla,slowheat_lpr,selection_seconds,1611510062,0.012957904022186995
vanilla,slowheat_lpr,selection_seconds,333205446,0.013000682054553181
vanilla,slowheat_lpr,selection_seconds,130501536,0.012908542004879564
vanilla,slowheat_lpr,selection_seconds,492612040,0.012784964957972988
vanilla,classifier_expander,final_average_accuracy,2101606466,0.17820000000000003
vanilla,classifier_expander,final_average_accuracy,1872839281,0.1989
vanilla,classifier_expander,final_average_accuracy,637029796,0.19990000000000002
vanilla,classifier_expander,final_average_accuracy,1357204345,0.197
vanilla,classifier_expander,final_average_accuracy,1758462037,0.1921
vanilla,classifier_expander,final_average_accuracy,748737880,0.2196
vanilla,classifier_expander,final_average_accuracy,1611510062,0.1951
vanilla,classifier_expander,final_average_accuracy,333205446,0.18080000000000002
vanilla,classifier_expander,final_average_accuracy,130501536,0.21340000000000003
vanilla,classifier_expander,final_average_accuracy,492612040,0.22
vanilla,classifier_expander,average_forgetting,2101606466,-0.518
vanilla,classifier_expander,average_forgetting,1872839281,-0.5370000000000001
vanilla,classifier_expander,average_forgetting,637029796,-0.5220000000000001
vanilla,classifier_expander,average_forgetting,1357204345,-0.526375
vanilla,classifier_expander,average_forgetting,1758462037,-0.47987499999999994
vanilla,classifier_expander,average_forgetting,748737880,-0.550875
vanilla,classifier_expander,average_forgetting,1611510062,-0.500125
vanilla,classifier_expander,average_forgetting,333205446,-0.5338750000000001
vanilla,classifier_expander,average_forgetting,130501536,-0.569375
vanilla,classifier_expander,average_forgetting,492612040,-0.5525
vanilla,classifier_expander,backward_transfer,2101606466,0.6051249999999999
vanilla,classifier_expander,backward_transfer,1872839281,0.5731250000000001
vanilla,classifier_expander,backward_transfer,637029796,0.5906250000000001
vanilla,classifier_expander,backward_transfer,1357204345,0.5478750000000001
vanilla,classifier_expander,backward_transfer,1758462037,0.5584999999999999
vanilla,classifier_expander,backward_transfer,748737880,0.611875
vanilla,classifier_expander,backward_transfer,1611510062,0.57425
vanilla,classifier_expander,backward_transfer,333205446,0.5922500000000002
vanilla,classifier_expander,backward_transfer,130501536,0.645875
vanilla,classifier_expander,backward_transfer,492612040,0.5882499999999999
vanilla,classifier_expander,forward_transfer,2101606466,0.010625000000000002
vanilla,classifier_expander,forward_transfer,1872839281,0.010624999999999996
vanilla,classifier_expander,forward_transfer,637029796,-0.005250000000000005
vanilla,classifier_expander,forward_transfer,1357204345,0.010000000000000009
vanilla,classifier_expander,forward_transfer,1758462037,0.0
vanilla,classifier_expander,forward_transfer,748737880,0.0
vanilla,classifier_expander,forward_transfer,1611510062,0.020875000000000005
vanilla,classifier_expander,forward_transfer,333205446,0.030374999999999992
vanilla,classifier_expander,forward_transfer,130501536,0.002250000000000016
vanilla,classifier_expander,forward_transfer,492612040,-0.008999999999999994
vanilla,classifier_expander,task_aware_final_accuracy,2101606466,0.2279000000000002
vanilla,classifier_expander,task_aware_final_accuracy,1872839281,0.23849999999999993
vanilla,classifier_expander,task_aware_final_accuracy,637029796,0.24950000000000006
vanilla,classifier_expander,task_aware_final_accuracy,1357204345,0.23930000000000007
vanilla,classifier_expander,task_aware_final_accuracy,1758462037,0.23520000000000008
vanilla,classifier_expander,task_aware_final_accuracy,748737880,0.2509999999999999
vanilla,classifier_expander,task_aware_final_accuracy,1611510062,0.252
vanilla,classifier_expander,task_aware_final_accuracy,333205446,0.23260000000000014
vanilla,classifier_expander,task_aware_final_accuracy,130501536,0.22940000000000005
vanilla,classifier_expander,task_aware_final_accuracy,492612040,0.25439999999999996
vanilla,classifier_expander,task_aware_forgetting,2101606466,-0.288875
vanilla,classifier_expander,task_aware_forgetting,1872839281,-0.27937500000000004
vanilla,classifier_expander,task_aware_forgetting,637029796,-0.30350000000000005
vanilla,classifier_expander,task_aware_forgetting,1357204345,-0.27837500000000004
vanilla,classifier_expander,task_aware_forgetting,1758462037,-0.2665
vanilla,classifier_expander,task_aware_forgetting,748737880,-0.294875
vanilla,classifier_expander,task_aware_forgetting,1611510062,-0.287125
vanilla,classifier_expander,task_aware_forgetting,333205446,-0.28900000000000003
vanilla,classifier_expander,task_aware_forgetting,130501536,-0.2845
vanilla,classifier_expander,task_aware_forgetting,492612040,-0.31975000000000003
vanilla,classifier_expander,classifier_gap,2101606466,0.04970000000000019
vanilla,classifier_expander,classifier_gap,1872839281,0.03959999999999991
vanilla,classifier_expander,classifier_gap,637029796,0.04960000000000003
vanilla,classifier_expander,classifier_gap,1357204345,0.04230000000000006
vanilla,classifier_expander,classifier_gap,1758462037,0.04310000000000008
vanilla,classifier_expander,classifier_gap,748737880,0.03139999999999987
vanilla,classifier_expander,classifier_gap,1611510062,0.056900000000000006
vanilla,classifier_expander,classifier_gap,333205446,0.051800000000000124
vanilla,classifier_expander,classifier_gap,130501536,0.016000000000000014
vanilla,classifier_expander,classifier_gap,492612040,0.034399999999999986
vanilla,classifier_expander,elapsed_seconds,2101606466,91.85046190602588
vanilla,classifier_expander,elapsed_seconds,1872839281,85.58399688897771
vanilla,classifier_expander,elapsed_seconds,637029796,94.70195332399453
vanilla,classifier_expander,elapsed_seconds,1357204345,32.09299302301952
vanilla,classifier_expander,elapsed_seconds,1758462037,69.5542152239941
vanilla,classifier_expander,elapsed_seconds,748737880,69.37423815997317
vanilla,classifier_expander,elapsed_seconds,1611510062,69.88705130902235
vanilla,classifier_expander,elapsed_seconds,333205446,69.6089333910204
vanilla,classifier_expander,elapsed_seconds,130501536,69.9397663139971
vanilla,classifier_expander,elapsed_seconds,492612040,69.56000036696787
vanilla,classifier_expander,learner_examples_processed,2101606466,81344.0
vanilla,classifier_expander,learner_examples_processed,1872839281,81344.0
vanilla,classifier_expander,learner_examples_processed,637029796,81344.0
vanilla,classifier_expander,learner_examples_processed,1357204345,81344.0
vanilla,classifier_expander,learner_examples_processed,1758462037,81344.0
vanilla,classifier_expander,learner_examples_processed,748737880,81344.0
vanilla,classifier_expander,learner_examples_processed,1611510062,81344.0
vanilla,classifier_expander,learner_examples_processed,333205446,81344.0
vanilla,classifier_expander,learner_examples_processed,130501536,81344.0
vanilla,classifier_expander,learner_examples_processed,492612040,81344.0
vanilla,classifier_expander,total_model_examples_processed,2101606466,161984.0
vanilla,classifier_expander,total_model_examples_processed,1872839281,161984.0
vanilla,classifier_expander,total_model_examples_processed,637029796,161984.0
vanilla,classifier_expander,total_model_examples_processed,1357204345,161984.0
vanilla,classifier_expander,total_model_examples_processed,1758462037,161984.0
vanilla,classifier_expander,total_model_examples_processed,748737880,161984.0
vanilla,classifier_expander,total_model_examples_processed,1611510062,161984.0
vanilla,classifier_expander,total_model_examples_processed,333205446,161984.0
vanilla,classifier_expander,total_model_examples_processed,130501536,161984.0
vanilla,classifier_expander,total_model_examples_processed,492612040,161984.0
vanilla,classifier_expander,estimated_total_flops,2101606466,360660410695680.0
vanilla,classifier_expander,estimated_total_flops,1872839281,360660410695680.0
vanilla,classifier_expander,estimated_total_flops,637029796,360660410695680.0
vanilla,classifier_expander,estimated_total_flops,1357204345,360660410695680.0
vanilla,classifier_expander,estimated_total_flops,1758462037,360660410695680.0
vanilla,classifier_expander,estimated_total_flops,748737880,360660410695680.0
vanilla,classifier_expander,estimated_total_flops,1611510062,360660410695680.0
vanilla,classifier_expander,estimated_total_flops,333205446,360660410695680.0
vanilla,classifier_expander,estimated_total_flops,130501536,360660410695680.0
vanilla,classifier_expander,estimated_total_flops,492612040,360660410695680.0
vanilla,classifier_expander,estimated_overhead_flops,2101606466,0.0
vanilla,classifier_expander,estimated_overhead_flops,1872839281,0.0
vanilla,classifier_expander,estimated_overhead_flops,637029796,0.0
vanilla,classifier_expander,estimated_overhead_flops,1357204345,0.0
vanilla,classifier_expander,estimated_overhead_flops,1758462037,0.0
vanilla,classifier_expander,estimated_overhead_flops,748737880,0.0
vanilla,classifier_expander,estimated_overhead_flops,1611510062,0.0
vanilla,classifier_expander,estimated_overhead_flops,333205446,0.0
vanilla,classifier_expander,estimated_overhead_flops,130501536,0.0
vanilla,classifier_expander,estimated_overhead_flops,492612040,0.0
vanilla,classifier_expander,replay_memory_bytes,2101606466,2459200.0
vanilla,classifier_expander,replay_memory_bytes,1872839281,2459200.0
vanilla,classifier_expander,replay_memory_bytes,637029796,2459200.0
vanilla,classifier_expander,replay_memory_bytes,1357204345,2459200.0
vanilla,classifier_expander,replay_memory_bytes,1758462037,2459200.0
vanilla,classifier_expander,replay_memory_bytes,748737880,2459200.0
vanilla,classifier_expander,replay_memory_bytes,1611510062,2459200.0
vanilla,classifier_expander,replay_memory_bytes,333205446,2459200.0
vanilla,classifier_expander,replay_memory_bytes,130501536,2459200.0
vanilla,classifier_expander,replay_memory_bytes,492612040,2459200.0
vanilla,classifier_expander,stored_logits_bytes,2101606466,0.0
vanilla,classifier_expander,stored_logits_bytes,1872839281,0.0
vanilla,classifier_expander,stored_logits_bytes,637029796,0.0
vanilla,classifier_expander,stored_logits_bytes,1357204345,0.0
vanilla,classifier_expander,stored_logits_bytes,1758462037,0.0
vanilla,classifier_expander,stored_logits_bytes,748737880,0.0
vanilla,classifier_expander,stored_logits_bytes,1611510062,0.0
vanilla,classifier_expander,stored_logits_bytes,333205446,0.0
vanilla,classifier_expander,stored_logits_bytes,130501536,0.0
vanilla,classifier_expander,stored_logits_bytes,492612040,0.0
vanilla,classifier_expander,replay_metadata_bytes,2101606466,6400.0
vanilla,classifier_expander,replay_metadata_bytes,1872839281,6400.0
vanilla,classifier_expander,replay_metadata_bytes,637029796,6400.0
vanilla,classifier_expander,replay_metadata_bytes,1357204345,6400.0
vanilla,classifier_expander,replay_metadata_bytes,1758462037,6400.0
vanilla,classifier_expander,replay_metadata_bytes,748737880,6400.0
vanilla,classifier_expander,replay_metadata_bytes,1611510062,6400.0
vanilla,classifier_expander,replay_metadata_bytes,333205446,6400.0
vanilla,classifier_expander,replay_metadata_bytes,130501536,6400.0
vanilla,classifier_expander,replay_metadata_bytes,492612040,6400.0
vanilla,classifier_expander,selector_forward_examples,2101606466,0.0
vanilla,classifier_expander,selector_forward_examples,1872839281,0.0
vanilla,classifier_expander,selector_forward_examples,637029796,0.0
vanilla,classifier_expander,selector_forward_examples,1357204345,0.0
vanilla,classifier_expander,selector_forward_examples,1758462037,0.0
vanilla,classifier_expander,selector_forward_examples,748737880,0.0
vanilla,classifier_expander,selector_forward_examples,1611510062,0.0
vanilla,classifier_expander,selector_forward_examples,333205446,0.0
vanilla,classifier_expander,selector_forward_examples,130501536,0.0
vanilla,classifier_expander,selector_forward_examples,492612040,0.0
vanilla,classifier_expander,selection_seconds,2101606466,0.013576878962339833
vanilla,classifier_expander,selection_seconds,1872839281,0.014418715989449993
vanilla,classifier_expander,selection_seconds,637029796,0.013267820962937549
vanilla,classifier_expander,selection_seconds,1357204345,0.012643801979720592
vanilla,classifier_expander,selection_seconds,1758462037,0.012738228979287669
vanilla,classifier_expander,selection_seconds,748737880,0.013167509983759373
vanilla,classifier_expander,selection_seconds,1611510062,0.013666665996424854
vanilla,classifier_expander,selection_seconds,333205446,0.013195390987675637
vanilla,classifier_expander,selection_seconds,130501536,0.013199694018112496
vanilla,classifier_expander,selection_seconds,492612040,0.013879373000236228
vanilla,slowheat_classifier_expander,final_average_accuracy,2101606466,0.14380000000000004
vanilla,slowheat_classifier_expander,final_average_accuracy,1872839281,0.1898
vanilla,slowheat_classifier_expander,final_average_accuracy,637029796,0.1815
vanilla,slowheat_classifier_expander,final_average_accuracy,1357204345,0.1931
vanilla,slowheat_classifier_expander,final_average_accuracy,1758462037,0.16899999999999998
vanilla,slowheat_classifier_expander,final_average_accuracy,748737880,0.21709999999999993
vanilla,slowheat_classifier_expander,final_average_accuracy,1611510062,0.19069999999999998
vanilla,slowheat_classifier_expander,final_average_accuracy,333205446,0.1981
vanilla,slowheat_classifier_expander,final_average_accuracy,130501536,0.21760000000000002
vanilla,slowheat_classifier_expander,final_average_accuracy,492612040,0.20570000000000002
vanilla,slowheat_classifier_expander,average_forgetting,2101606466,-0.48625
vanilla,slowheat_classifier_expander,average_forgetting,1872839281,-0.5697500000000001
vanilla,slowheat_classifier_expander,average_forgetting,637029796,-0.5040000000000001
vanilla,slowheat_classifier_expander,average_forgetting,1357204345,-0.50175
vanilla,slowheat_classifier_expander,average_forgetting,1758462037,-0.4897499999999999
vanilla,slowheat_classifier_expander,average_forgetting,748737880,-0.553875
vanilla,slowheat_classifier_expander,average_forgetting,1611510062,-0.5235000000000001
vanilla,slowheat_classifier_expander,average_forgetting,333205446,-0.5511250000000001
vanilla,slowheat_classifier_expander,average_forgetting,130501536,-0.5278750000000001
vanilla,slowheat_classifier_expander,average_forgetting,492612040,-0.5266249999999999
vanilla,slowheat_classifier_expander,backward_transfer,2101606466,0.597375
vanilla,slowheat_classifier_expander,backward_transfer,1872839281,0.6356250000000001
vanilla,slowheat_classifier_expander,backward_transfer,637029796,0.5378750000000001
vanilla,slowheat_classifier_expander,backward_transfer,1357204345,0.54725
vanilla,slowheat_classifier_expander,backward_transfer,1758462037,0.581625
vanilla,slowheat_classifier_expander,backward_transfer,748737880,0.5984999999999999
vanilla,slowheat_classifier_expander,backward_transfer,1611510062,0.602125
vanilla,slowheat_classifier_expander,backward_transfer,333205446,0.6063750000000001
vanilla,slowheat_classifier_expander,backward_transfer,130501536,0.5525
vanilla,slowheat_classifier_expander,backward_transfer,492612040,0.5266249999999999
vanilla,slowheat_classifier_expander,forward_transfer,2101606466,0.023625
vanilla,slowheat_classifier_expander,forward_transfer,1872839281,0.01050000000000001
vanilla,slowheat_classifier_expander,forward_transfer,637029796,0.0012500000000000011
vanilla,slowheat_classifier_expander,forward_transfer,1357204345,0.008750000000000008
vanilla,slowheat_classifier_expander,forward_transfer,1758462037,0.0
vanilla,slowheat_classifier_expander,forward_transfer,748737880,0.0001250000000000001
vanilla,slowheat_classifier_expander,forward_transfer,1611510062,0.046624999999999986
vanilla,slowheat_classifier_expander,forward_transfer,333205446,0.0365
vanilla,slowheat_classifier_expander,forward_transfer,130501536,0.01187500000000001
vanilla,slowheat_classifier_expander,forward_transfer,492612040,0.0006250000000000144
vanilla,slowheat_classifier_expander,task_aware_final_accuracy,2101606466,0.2320000000000002
vanilla,slowheat_classifier_expander,task_aware_final_accuracy,1872839281,0.2438999999999999
vanilla,slowheat_classifier_expander,task_aware_final_accuracy,637029796,0.2528
vanilla,slowheat_classifier_expander,task_aware_final_accuracy,1357204345,0.25770000000000004
vanilla,slowheat_classifier_expander,task_aware_final_accuracy,1758462037,0.25039999999999996
vanilla,slowheat_classifier_expander,task_aware_final_accuracy,748737880,0.26569999999999994
vanilla,slowheat_classifier_expander,task_aware_final_accuracy,1611510062,0.26060000000000005
vanilla,slowheat_classifier_expander,task_aware_final_accuracy,333205446,0.24829999999999997
vanilla,slowheat_classifier_expander,task_aware_final_accuracy,130501536,0.2629
vanilla,slowheat_classifier_expander,task_aware_final_accuracy,492612040,0.2822
vanilla,slowheat_classifier_expander,task_aware_forgetting,2101606466,-0.30300000000000005
vanilla,slowheat_classifier_expander,task_aware_forgetting,1872839281,-0.30962500000000004
vanilla,slowheat_classifier_expander,task_aware_forgetting,637029796,-0.32025000000000003
vanilla,slowheat_classifier_expander,task_aware_forgetting,1357204345,-0.31662499999999993
vanilla,slowheat_classifier_expander,task_aware_forgetting,1758462037,-0.2985
vanilla,slowheat_classifier_expander,task_aware_forgetting,748737880,-0.32275
vanilla,slowheat_classifier_expander,task_aware_forgetting,1611510062,-0.301875
vanilla,slowheat_classifier_expander,task_aware_forgetting,333205446,-0.327
vanilla,slowheat_classifier_expander,task_aware_forgetting,130501536,-0.33187500000000003
vanilla,slowheat_classifier_expander,task_aware_forgetting,492612040,-0.3566250000000001
vanilla,slowheat_classifier_expander,classifier_gap,2101606466,0.08820000000000022
vanilla,slowheat_classifier_expander,classifier_gap,1872839281,0.05409999999999987
vanilla,slowheat_classifier_expander,classifier_gap,637029796,0.07130000000000003
vanilla,slowheat_classifier_expander,classifier_gap,1357204345,0.06460000000000005
vanilla,slowheat_classifier_expander,classifier_gap,1758462037,0.08139999999999997
vanilla,slowheat_classifier_expander,classifier_gap,748737880,0.04859999999999998
vanilla,slowheat_classifier_expander,classifier_gap,1611510062,0.06990000000000007
vanilla,slowheat_classifier_expander,classifier_gap,333205446,0.05019999999999997
vanilla,slowheat_classifier_expander,classifier_gap,130501536,0.04530000000000001
vanilla,slowheat_classifier_expander,classifier_gap,492612040,0.07650000000000001
vanilla,slowheat_classifier_expander,elapsed_seconds,2101606466,237.00170992102358
vanilla,slowheat_classifier_expander,elapsed_seconds,1872839281,189.6806628869963
vanilla,slowheat_classifier_expander,elapsed_seconds,637029796,194.36853622400668
vanilla,slowheat_classifier_expander,elapsed_seconds,1357204345,81.71858106198488
vanilla,slowheat_classifier_expander,elapsed_seconds,1758462037,129.17243127396796
vanilla,slowheat_classifier_expander,elapsed_seconds,748737880,128.68225070898188
vanilla,slowheat_classifier_expander,elapsed_seconds,1611510062,129.57639159300015
vanilla,slowheat_classifier_expander,elapsed_seconds,333205446,129.0185529619921
vanilla,slowheat_classifier_expander,elapsed_seconds,130501536,129.39271372399526
vanilla,slowheat_classifier_expander,elapsed_seconds,492612040,129.16696928197052
vanilla,slowheat_classifier_expander,learner_examples_processed,2101606466,81344.0
vanilla,slowheat_classifier_expander,learner_examples_processed,1872839281,81344.0
vanilla,slowheat_classifier_expander,learner_examples_processed,637029796,81344.0
vanilla,slowheat_classifier_expander,learner_examples_processed,1357204345,81344.0
vanilla,slowheat_classifier_expander,learner_examples_processed,1758462037,81344.0
vanilla,slowheat_classifier_expander,learner_examples_processed,748737880,81344.0
vanilla,slowheat_classifier_expander,learner_examples_processed,1611510062,81344.0
vanilla,slowheat_classifier_expander,learner_examples_processed,333205446,81344.0
vanilla,slowheat_classifier_expander,learner_examples_processed,130501536,81344.0
vanilla,slowheat_classifier_expander,learner_examples_processed,492612040,81344.0
vanilla,slowheat_classifier_expander,total_model_examples_processed,2101606466,161984.0
vanilla,slowheat_classifier_expander,total_model_examples_processed,1872839281,161984.0
vanilla,slowheat_classifier_expander,total_model_examples_processed,637029796,161984.0
vanilla,slowheat_classifier_expander,total_model_examples_processed,1357204345,161984.0
vanilla,slowheat_classifier_expander,total_model_examples_processed,1758462037,161984.0
vanilla,slowheat_classifier_expander,total_model_examples_processed,748737880,161984.0
vanilla,slowheat_classifier_expander,total_model_examples_processed,1611510062,161984.0
vanilla,slowheat_classifier_expander,total_model_examples_processed,333205446,161984.0
vanilla,slowheat_classifier_expander,total_model_examples_processed,130501536,161984.0
vanilla,slowheat_classifier_expander,total_model_examples_processed,492612040,161984.0
vanilla,slowheat_classifier_expander,estimated_total_flops,2101606466,360685645630400.0
vanilla,slowheat_classifier_expander,estimated_total_flops,1872839281,360685645630400.0
vanilla,slowheat_classifier_expander,estimated_total_flops,637029796,360685645630400.0
vanilla,slowheat_classifier_expander,estimated_total_flops,1357204345,360685645630400.0
vanilla,slowheat_classifier_expander,estimated_total_flops,1758462037,360685645630400.0
vanilla,slowheat_classifier_expander,estimated_total_flops,748737880,360685645630400.0
vanilla,slowheat_classifier_expander,estimated_total_flops,1611510062,360685645630400.0
vanilla,slowheat_classifier_expander,estimated_total_flops,333205446,360685645630400.0
vanilla,slowheat_classifier_expander,estimated_total_flops,130501536,360685645630400.0
vanilla,slowheat_classifier_expander,estimated_total_flops,492612040,360685645630400.0
vanilla,slowheat_classifier_expander,estimated_overhead_flops,2101606466,25234934720.0
vanilla,slowheat_classifier_expander,estimated_overhead_flops,1872839281,25234934720.0
vanilla,slowheat_classifier_expander,estimated_overhead_flops,637029796,25234934720.0
vanilla,slowheat_classifier_expander,estimated_overhead_flops,1357204345,25234934720.0
vanilla,slowheat_classifier_expander,estimated_overhead_flops,1758462037,25234934720.0
vanilla,slowheat_classifier_expander,estimated_overhead_flops,748737880,25234934720.0
vanilla,slowheat_classifier_expander,estimated_overhead_flops,1611510062,25234934720.0
vanilla,slowheat_classifier_expander,estimated_overhead_flops,333205446,25234934720.0
vanilla,slowheat_classifier_expander,estimated_overhead_flops,130501536,25234934720.0
vanilla,slowheat_classifier_expander,estimated_overhead_flops,492612040,25234934720.0
vanilla,slowheat_classifier_expander,replay_memory_bytes,2101606466,2459200.0
vanilla,slowheat_classifier_expander,replay_memory_bytes,1872839281,2459200.0
vanilla,slowheat_classifier_expander,replay_memory_bytes,637029796,2459200.0
vanilla,slowheat_classifier_expander,replay_memory_bytes,1357204345,2459200.0
vanilla,slowheat_classifier_expander,replay_memory_bytes,1758462037,2459200.0
vanilla,slowheat_classifier_expander,replay_memory_bytes,748737880,2459200.0
vanilla,slowheat_classifier_expander,replay_memory_bytes,1611510062,2459200.0
vanilla,slowheat_classifier_expander,replay_memory_bytes,333205446,2459200.0
vanilla,slowheat_classifier_expander,replay_memory_bytes,130501536,2459200.0
vanilla,slowheat_classifier_expander,replay_memory_bytes,492612040,2459200.0
vanilla,slowheat_classifier_expander,stored_logits_bytes,2101606466,0.0
vanilla,slowheat_classifier_expander,stored_logits_bytes,1872839281,0.0
vanilla,slowheat_classifier_expander,stored_logits_bytes,637029796,0.0
vanilla,slowheat_classifier_expander,stored_logits_bytes,1357204345,0.0
vanilla,slowheat_classifier_expander,stored_logits_bytes,1758462037,0.0
vanilla,slowheat_classifier_expander,stored_logits_bytes,748737880,0.0
vanilla,slowheat_classifier_expander,stored_logits_bytes,1611510062,0.0
vanilla,slowheat_classifier_expander,stored_logits_bytes,333205446,0.0
vanilla,slowheat_classifier_expander,stored_logits_bytes,130501536,0.0
vanilla,slowheat_classifier_expander,stored_logits_bytes,492612040,0.0
vanilla,slowheat_classifier_expander,replay_metadata_bytes,2101606466,6400.0
vanilla,slowheat_classifier_expander,replay_metadata_bytes,1872839281,6400.0
vanilla,slowheat_classifier_expander,replay_metadata_bytes,637029796,6400.0
vanilla,slowheat_classifier_expander,replay_metadata_bytes,1357204345,6400.0
vanilla,slowheat_classifier_expander,replay_metadata_bytes,1758462037,6400.0
vanilla,slowheat_classifier_expander,replay_metadata_bytes,748737880,6400.0
vanilla,slowheat_classifier_expander,replay_metadata_bytes,1611510062,6400.0
vanilla,slowheat_classifier_expander,replay_metadata_bytes,333205446,6400.0
vanilla,slowheat_classifier_expander,replay_metadata_bytes,130501536,6400.0
vanilla,slowheat_classifier_expander,replay_metadata_bytes,492612040,6400.0
vanilla,slowheat_classifier_expander,selector_forward_examples,2101606466,0.0
vanilla,slowheat_classifier_expander,selector_forward_examples,1872839281,0.0
vanilla,slowheat_classifier_expander,selector_forward_examples,637029796,0.0
vanilla,slowheat_classifier_expander,selector_forward_examples,1357204345,0.0
vanilla,slowheat_classifier_expander,selector_forward_examples,1758462037,0.0
vanilla,slowheat_classifier_expander,selector_forward_examples,748737880,0.0
vanilla,slowheat_classifier_expander,selector_forward_examples,1611510062,0.0
vanilla,slowheat_classifier_expander,selector_forward_examples,333205446,0.0
vanilla,slowheat_classifier_expander,selector_forward_examples,130501536,0.0
vanilla,slowheat_classifier_expander,selector_forward_examples,492612040,0.0
vanilla,slowheat_classifier_expander,selection_seconds,2101606466,0.013605225016362965
vanilla,slowheat_classifier_expander,selection_seconds,1872839281,0.014782811020268127
vanilla,slowheat_classifier_expander,selection_seconds,637029796,0.013467437966028228
vanilla,slowheat_classifier_expander,selection_seconds,1357204345,0.013264816981973127
vanilla,slowheat_classifier_expander,selection_seconds,1758462037,0.013181818998418748
vanilla,slowheat_classifier_expander,selection_seconds,748737880,0.013183672970626503
vanilla,slowheat_classifier_expander,selection_seconds,1611510062,0.013323319057235494
vanilla,slowheat_classifier_expander,selection_seconds,333205446,0.013230126991402358
vanilla,slowheat_classifier_expander,selection_seconds,130501536,0.01349539402872324
vanilla,slowheat_classifier_expander,selection_seconds,492612040,0.013089616986690089
vanilla,scroll,final_average_accuracy,2101606466,-0.07849999999999999
vanilla,scroll,final_average_accuracy,1872839281,-0.0726
vanilla,scroll,final_average_accuracy,637029796,-0.06449999999999999
vanilla,scroll,final_average_accuracy,1357204345,-0.0799
vanilla,scroll,final_average_accuracy,1758462037,-0.026600000000000013
vanilla,scroll,final_average_accuracy,748737880,-0.03880000000000003
vanilla,scroll,final_average_accuracy,1611510062,-0.0656
vanilla,scroll,final_average_accuracy,333205446,-0.0784
vanilla,scroll,final_average_accuracy,130501536,-0.0779
vanilla,scroll,final_average_accuracy,492612040,-0.05150000000000002
vanilla,scroll,average_forgetting,2101606466,-0.427
vanilla,scroll,average_forgetting,1872839281,-0.38800000000000007
vanilla,scroll,average_forgetting,637029796,-0.534375
vanilla,scroll,average_forgetting,1357204345,-0.43650000000000005
vanilla,scroll,average_forgetting,1758462037,-0.4766249999999999
vanilla,scroll,average_forgetting,748737880,-0.48337499999999994
vanilla,scroll,average_forgetting,1611510062,-0.5441250000000001
vanilla,scroll,average_forgetting,333205446,-0.4368750000000001
vanilla,scroll,average_forgetting,130501536,-0.44899999999999995
vanilla,scroll,average_forgetting,492612040,-0.49749999999999994
vanilla,scroll,backward_transfer,2101606466,0.427
vanilla,scroll,backward_transfer,1872839281,0.38800000000000007
vanilla,scroll,backward_transfer,637029796,0.5368750000000001
vanilla,scroll,backward_transfer,1357204345,0.43650000000000005
vanilla,scroll,backward_transfer,1758462037,0.5332499999999999
vanilla,scroll,backward_transfer,748737880,0.5618749999999999
vanilla,scroll,backward_transfer,1611510062,0.6707500000000001
vanilla,scroll,backward_transfer,333205446,0.5618750000000001
vanilla,scroll,backward_transfer,130501536,0.44899999999999995
vanilla,scroll,backward_transfer,492612040,0.49749999999999994
vanilla,scroll,forward_transfer,2101606466,-0.01475
vanilla,scroll,forward_transfer,1872839281,-0.0011249999999999871
vanilla,scroll,forward_transfer,637029796,-0.057374999999999995
vanilla,scroll,forward_transfer,1357204345,0.0
vanilla,scroll,forward_transfer,1758462037,0.0
vanilla,scroll,forward_transfer,748737880,0.0
vanilla,scroll,forward_transfer,1611510062,0.0
vanilla,scroll,forward_transfer,333205446,-0.054875
vanilla,scroll,forward_transfer,130501536,-0.010749999999999996
vanilla,scroll,forward_transfer,492612040,-0.07062499999999998
vanilla,scroll,task_aware_final_accuracy,2101606466,-0.09029999999999982
vanilla,scroll,task_aware_final_accuracy,1872839281,-0.0716
vanilla,scroll,task_aware_final_accuracy,637029796,-0.07199999999999995
vanilla,scroll,task_aware_final_accuracy,1357204345,-0.07279999999999998
vanilla,scroll,task_aware_final_accuracy,1758462037,-0.0595
vanilla,scroll,task_aware_final_accuracy,748737880,-0.07750000000000001
vanilla,scroll,task_aware_final_accuracy,1611510062,-0.07140000000000002
vanilla,scroll,task_aware_final_accuracy,333205446,-0.05149999999999999
vanilla,scroll,task_aware_final_accuracy,130501536,-0.07539999999999991
vanilla,scroll,task_aware_final_accuracy,492612040,-0.05809999999999993
vanilla,scroll,task_aware_forgetting,2101606466,-0.28575
vanilla,scroll,task_aware_forgetting,1872839281,-0.24287500000000004
vanilla,scroll,task_aware_forgetting,637029796,-0.26200000000000007
vanilla,scroll,task_aware_forgetting,1357204345,-0.3005
vanilla,scroll,task_aware_forgetting,1758462037,-0.283625
vanilla,scroll,task_aware_forgetting,748737880,-0.26125
vanilla,scroll,task_aware_forgetting,1611510062,-0.288875
vanilla,scroll,task_aware_forgetting,333205446,-0.2815000000000001
vanilla,scroll,task_aware_forgetting,130501536,-0.327125
vanilla,scroll,task_aware_forgetting,492612040,-0.27487500000000004
vanilla,scroll,classifier_gap,2101606466,-0.011799999999999866
vanilla,scroll,classifier_gap,1872839281,0.0010000000000000009
vanilla,scroll,classifier_gap,637029796,-0.007499999999999951
vanilla,scroll,classifier_gap,1357204345,0.007100000000000051
vanilla,scroll,classifier_gap,1758462037,-0.032899999999999985
vanilla,scroll,classifier_gap,748737880,-0.03870000000000001
vanilla,scroll,classifier_gap,1611510062,-0.005800000000000027
vanilla,scroll,classifier_gap,333205446,0.026900000000000035
vanilla,scroll,classifier_gap,130501536,0.0025000000000001132
vanilla,scroll,classifier_gap,492612040,-0.006599999999999884
vanilla,scroll,elapsed_seconds,2101606466,-134.39492690499173
vanilla,scroll,elapsed_seconds,1872839281,-129.4659252690035
vanilla,scroll,elapsed_seconds,637029796,-121.06623630100512
vanilla,scroll,elapsed_seconds,1357204345,-135.583352518006
vanilla,scroll,elapsed_seconds,1758462037,-87.39643475099001
vanilla,scroll,elapsed_seconds,748737880,-87.51365301202168
vanilla,scroll,elapsed_seconds,1611510062,-87.33021488797385
vanilla,scroll,elapsed_seconds,333205446,-87.58677761198487
vanilla,scroll,elapsed_seconds,130501536,-87.42736889401567
vanilla,scroll,elapsed_seconds,492612040,-87.5194474789896
vanilla,scroll,learner_examples_processed,2101606466,-160512.0
vanilla,scroll,learner_examples_processed,1872839281,-160512.0
vanilla,scroll,learner_examples_processed,637029796,-160512.0
vanilla,scroll,learner_examples_processed,1357204345,-160512.0
vanilla,scroll,learner_examples_processed,1758462037,-160512.0
vanilla,scroll,learner_examples_processed,748737880,-160512.0
vanilla,scroll,learner_examples_processed,1611510062,-160512.0
vanilla,scroll,learner_examples_processed,333205446,-160512.0
vanilla,scroll,learner_examples_processed,130501536,-160512.0
vanilla,scroll,learner_examples_processed,492612040,-160512.0
vanilla,scroll,total_model_examples_processed,2101606466,-120512.0
vanilla,scroll,total_model_examples_processed,1872839281,-120512.0
vanilla,scroll,total_model_examples_processed,637029796,-120512.0
vanilla,scroll,total_model_examples_processed,1357204345,-120512.0
vanilla,scroll,total_model_examples_processed,1758462037,-120512.0
vanilla,scroll,total_model_examples_processed,748737880,-120512.0
vanilla,scroll,total_model_examples_processed,1611510062,-120512.0
vanilla,scroll,total_model_examples_processed,333205446,-120512.0
vanilla,scroll,total_model_examples_processed,130501536,-120512.0
vanilla,scroll,total_model_examples_processed,492612040,-120512.0
vanilla,scroll,estimated_total_flops,2101606466,-490456523647355.0
vanilla,scroll,estimated_total_flops,1872839281,-490456523647355.0
vanilla,scroll,estimated_total_flops,637029796,-490456523647355.0
vanilla,scroll,estimated_total_flops,1357204345,-490456523647355.0
vanilla,scroll,estimated_total_flops,1758462037,-490456523647355.0
vanilla,scroll,estimated_total_flops,748737880,-490456523647355.0
vanilla,scroll,estimated_total_flops,1611510062,-490456523647355.0
vanilla,scroll,estimated_total_flops,333205446,-490456523647355.0
vanilla,scroll,estimated_total_flops,130501536,-490456523647355.0
vanilla,scroll,estimated_total_flops,492612040,-490456523647355.0
vanilla,scroll,estimated_overhead_flops,2101606466,21728548485.0
vanilla,scroll,estimated_overhead_flops,1872839281,21728548485.0
vanilla,scroll,estimated_overhead_flops,637029796,21728548485.0
vanilla,scroll,estimated_overhead_flops,1357204345,21728548485.0
vanilla,scroll,estimated_overhead_flops,1758462037,21728548485.0
vanilla,scroll,estimated_overhead_flops,748737880,21728548485.0
vanilla,scroll,estimated_overhead_flops,1611510062,21728548485.0
vanilla,scroll,estimated_overhead_flops,333205446,21728548485.0
vanilla,scroll,estimated_overhead_flops,130501536,21728548485.0
vanilla,scroll,estimated_overhead_flops,492612040,21728548485.0
vanilla,scroll,replay_memory_bytes,2101606466,2459200.0
vanilla,scroll,replay_memory_bytes,1872839281,2459200.0
vanilla,scroll,replay_memory_bytes,637029796,2459200.0
vanilla,scroll,replay_memory_bytes,1357204345,2459200.0
vanilla,scroll,replay_memory_bytes,1758462037,2459200.0
vanilla,scroll,replay_memory_bytes,748737880,2459200.0
vanilla,scroll,replay_memory_bytes,1611510062,2459200.0
vanilla,scroll,replay_memory_bytes,333205446,2459200.0
vanilla,scroll,replay_memory_bytes,130501536,2459200.0
vanilla,scroll,replay_memory_bytes,492612040,2459200.0
vanilla,scroll,stored_logits_bytes,2101606466,0.0
vanilla,scroll,stored_logits_bytes,1872839281,0.0
vanilla,scroll,stored_logits_bytes,637029796,0.0
vanilla,scroll,stored_logits_bytes,1357204345,0.0
vanilla,scroll,stored_logits_bytes,1758462037,0.0
vanilla,scroll,stored_logits_bytes,748737880,0.0
vanilla,scroll,stored_logits_bytes,1611510062,0.0
vanilla,scroll,stored_logits_bytes,333205446,0.0
vanilla,scroll,stored_logits_bytes,130501536,0.0
vanilla,scroll,stored_logits_bytes,492612040,0.0
vanilla,scroll,replay_metadata_bytes,2101606466,6400.0
vanilla,scroll,replay_metadata_bytes,1872839281,6400.0
vanilla,scroll,replay_metadata_bytes,637029796,6400.0
vanilla,scroll,replay_metadata_bytes,1357204345,6400.0
vanilla,scroll,replay_metadata_bytes,1758462037,6400.0
vanilla,scroll,replay_metadata_bytes,748737880,6400.0
vanilla,scroll,replay_metadata_bytes,1611510062,6400.0
vanilla,scroll,replay_metadata_bytes,333205446,6400.0
vanilla,scroll,replay_metadata_bytes,130501536,6400.0
vanilla,scroll,replay_metadata_bytes,492612040,6400.0
vanilla,scroll,selector_forward_examples,2101606466,0.0
vanilla,scroll,selector_forward_examples,1872839281,0.0
vanilla,scroll,selector_forward_examples,637029796,0.0
vanilla,scroll,selector_forward_examples,1357204345,0.0
vanilla,scroll,selector_forward_examples,1758462037,0.0
vanilla,scroll,selector_forward_examples,748737880,0.0
vanilla,scroll,selector_forward_examples,1611510062,0.0
vanilla,scroll,selector_forward_examples,333205446,0.0
vanilla,scroll,selector_forward_examples,130501536,0.0
vanilla,scroll,selector_forward_examples,492612040,0.0
vanilla,scroll,selection_seconds,2101606466,0.01264656096464023
vanilla,scroll,selection_seconds,1872839281,0.013874012045562267
vanilla,scroll,selection_seconds,637029796,0.013702744035981596
vanilla,scroll,selection_seconds,1357204345,0.012563089985633269
vanilla,scroll,selection_seconds,1758462037,0.01318473502760753
vanilla,scroll,selection_seconds,748737880,0.013927699968917295
vanilla,scroll,selection_seconds,1611510062,0.012866433011367917
vanilla,scroll,selection_seconds,333205446,0.012772513000527397
vanilla,scroll,selection_seconds,130501536,0.012780546996509656
vanilla,scroll,selection_seconds,492612040,0.012834434019168839
vanilla,slowheat_scroll,final_average_accuracy,2101606466,0.038400000000000045
vanilla,slowheat_scroll,final_average_accuracy,1872839281,0.07699999999999999
vanilla,slowheat_scroll,final_average_accuracy,637029796,0.08860000000000001
vanilla,slowheat_scroll,final_average_accuracy,1357204345,0.11459999999999998
vanilla,slowheat_scroll,final_average_accuracy,1758462037,0.06440000000000001
vanilla,slowheat_scroll,final_average_accuracy,748737880,0.09569999999999998
vanilla,slowheat_scroll,final_average_accuracy,1611510062,0.08130000000000004
vanilla,slowheat_scroll,final_average_accuracy,333205446,0.023099999999999954
vanilla,slowheat_scroll,final_average_accuracy,130501536,0.08050000000000002
vanilla,slowheat_scroll,final_average_accuracy,492612040,0.08879999999999996
vanilla,slowheat_scroll,average_forgetting,2101606466,-0.6789999999999999
vanilla,slowheat_scroll,average_forgetting,1872839281,-0.5875000000000001
vanilla,slowheat_scroll,average_forgetting,637029796,-0.7041250000000001
vanilla,slowheat_scroll,average_forgetting,1357204345,-0.693875
vanilla,slowheat_scroll,average_forgetting,1758462037,-0.6489999999999999
vanilla,slowheat_scroll,average_forgetting,748737880,-0.6592499999999999
vanilla,slowheat_scroll,average_forgetting,1611510062,-0.726875
vanilla,slowheat_scroll,average_forgetting,333205446,-0.542
vanilla,slowheat_scroll,average_forgetting,130501536,-0.7511249999999999
vanilla,slowheat_scroll,average_forgetting,492612040,-0.6799999999999999
vanilla,slowheat_scroll,backward_transfer,2101606466,0.707625
vanilla,slowheat_scroll,backward_transfer,1872839281,0.681875
vanilla,slowheat_scroll,backward_transfer,637029796,0.7393750000000001
vanilla,slowheat_scroll,backward_transfer,1357204345,0.7997500000000001
vanilla,slowheat_scroll,backward_transfer,1758462037,0.677875
vanilla,slowheat_scroll,backward_transfer,748737880,0.899125
vanilla,slowheat_scroll,backward_transfer,1611510062,0.7398750000000001
vanilla,slowheat_scroll,backward_transfer,333205446,0.5831250000000001
vanilla,slowheat_scroll,backward_transfer,130501536,0.83675
vanilla,slowheat_scroll,backward_transfer,492612040,0.742875
vanilla,slowheat_scroll,forward_transfer,2101606466,-0.01475
vanilla,slowheat_scroll,forward_transfer,1872839281,-0.0011249999999999871
vanilla,slowheat_scroll,forward_transfer,637029796,-0.057374999999999995
vanilla,slowheat_scroll,forward_transfer,1357204345,0.0
vanilla,slowheat_scroll,forward_transfer,1758462037,0.0
vanilla,slowheat_scroll,forward_transfer,748737880,0.0
vanilla,slowheat_scroll,forward_transfer,1611510062,0.0
vanilla,slowheat_scroll,forward_transfer,333205446,-0.054875
vanilla,slowheat_scroll,forward_transfer,130501536,-0.010749999999999996
vanilla,slowheat_scroll,forward_transfer,492612040,-0.07062499999999998
vanilla,slowheat_scroll,task_aware_final_accuracy,2101606466,0.07830000000000015
vanilla,slowheat_scroll,task_aware_final_accuracy,1872839281,0.0927
vanilla,slowheat_scroll,task_aware_final_accuracy,637029796,0.11870000000000003
vanilla,slowheat_scroll,task_aware_final_accuracy,1357204345,0.14150000000000007
vanilla,slowheat_scroll,task_aware_final_accuracy,1758462037,0.0917
vanilla,slowheat_scroll,task_aware_final_accuracy,748737880,0.13360000000000005
vanilla,slowheat_scroll,task_aware_final_accuracy,1611510062,0.11370000000000002
vanilla,slowheat_scroll,task_aware_final_accuracy,333205446,0.10919999999999996
vanilla,slowheat_scroll,task_aware_final_accuracy,130501536,0.10670000000000002
vanilla,slowheat_scroll,task_aware_final_accuracy,492612040,0.13529999999999986
vanilla,slowheat_scroll,task_aware_forgetting,2101606466,-0.340125
vanilla,slowheat_scroll,task_aware_forgetting,1872839281,-0.30000000000000004
vanilla,slowheat_scroll,task_aware_forgetting,637029796,-0.325875
vanilla,slowheat_scroll,task_aware_forgetting,1357204345,-0.344625
vanilla,slowheat_scroll,task_aware_forgetting,1758462037,-0.31275
vanilla,slowheat_scroll,task_aware_forgetting,748737880,-0.374625
vanilla,slowheat_scroll,task_aware_forgetting,1611510062,-0.336625
vanilla,slowheat_scroll,task_aware_forgetting,333205446,-0.36150000000000004
vanilla,slowheat_scroll,task_aware_forgetting,130501536,-0.358375
vanilla,slowheat_scroll,task_aware_forgetting,492612040,-0.3848750000000001
vanilla,slowheat_scroll,classifier_gap,2101606466,0.0399000000000001
vanilla,slowheat_scroll,classifier_gap,1872839281,0.015699999999999992
vanilla,slowheat_scroll,classifier_gap,637029796,0.030100000000000016
vanilla,slowheat_scroll,classifier_gap,1357204345,0.02690000000000009
vanilla,slowheat_scroll,classifier_gap,1758462037,0.02729999999999999
vanilla,slowheat_scroll,classifier_gap,748737880,0.037900000000000045
vanilla,slowheat_scroll,classifier_gap,1611510062,0.032399999999999984
vanilla,slowheat_scroll,classifier_gap,333205446,0.08610000000000001
vanilla,slowheat_scroll,classifier_gap,130501536,0.0262
vanilla,slowheat_scroll,classifier_gap,492612040,0.04649999999999993
vanilla,slowheat_scroll,elapsed_seconds,2101606466,-113.82421595198684
vanilla,slowheat_scroll,elapsed_seconds,1872839281,-110.88883979301318
vanilla,slowheat_scroll,elapsed_seconds,637029796,-102.49800464897999
vanilla,slowheat_scroll,elapsed_seconds,1357204345,-125.96837548201438
vanilla,slowheat_scroll,elapsed_seconds,1758462037,-77.84426951399655
vanilla,slowheat_scroll,elapsed_seconds,748737880,-77.88601399501204
vanilla,slowheat_scroll,elapsed_seconds,1611510062,-77.78523328201845
vanilla,slowheat_scroll,elapsed_seconds,333205446,-78.12253835899173
vanilla,slowheat_scroll,elapsed_seconds,130501536,-77.79404540598625
vanilla,slowheat_scroll,elapsed_seconds,492612040,-77.98101089100237
vanilla,slowheat_scroll,learner_examples_processed,2101606466,-160512.0
vanilla,slowheat_scroll,learner_examples_processed,1872839281,-160512.0
vanilla,slowheat_scroll,learner_examples_processed,637029796,-160512.0
vanilla,slowheat_scroll,learner_examples_processed,1357204345,-160512.0
vanilla,slowheat_scroll,learner_examples_processed,1758462037,-160512.0
vanilla,slowheat_scroll,learner_examples_processed,748737880,-160512.0
vanilla,slowheat_scroll,learner_examples_processed,1611510062,-160512.0
vanilla,slowheat_scroll,learner_examples_processed,333205446,-160512.0
vanilla,slowheat_scroll,learner_examples_processed,130501536,-160512.0
vanilla,slowheat_scroll,learner_examples_processed,492612040,-160512.0
vanilla,slowheat_scroll,total_model_examples_processed,2101606466,-120512.0
vanilla,slowheat_scroll,total_model_examples_processed,1872839281,-120512.0
vanilla,slowheat_scroll,total_model_examples_processed,637029796,-120512.0
vanilla,slowheat_scroll,total_model_examples_processed,1357204345,-120512.0
vanilla,slowheat_scroll,total_model_examples_processed,1758462037,-120512.0
vanilla,slowheat_scroll,total_model_examples_processed,748737880,-120512.0
vanilla,slowheat_scroll,total_model_examples_processed,1611510062,-120512.0
vanilla,slowheat_scroll,total_model_examples_processed,333205446,-120512.0
vanilla,slowheat_scroll,total_model_examples_processed,130501536,-120512.0
vanilla,slowheat_scroll,total_model_examples_processed,492612040,-120512.0
vanilla,slowheat_scroll,estimated_total_flops,2101606466,-490451914086075.0
vanilla,slowheat_scroll,estimated_total_flops,1872839281,-490451914086075.0
vanilla,slowheat_scroll,estimated_total_flops,637029796,-490451914086075.0
vanilla,slowheat_scroll,estimated_total_flops,1357204345,-490451914086075.0
vanilla,slowheat_scroll,estimated_total_flops,1758462037,-490451914086075.0
vanilla,slowheat_scroll,estimated_total_flops,748737880,-490451914086075.0
vanilla,slowheat_scroll,estimated_total_flops,1611510062,-490451914086075.0
vanilla,slowheat_scroll,estimated_total_flops,333205446,-490451914086075.0
vanilla,slowheat_scroll,estimated_total_flops,130501536,-490451914086075.0
vanilla,slowheat_scroll,estimated_total_flops,492612040,-490451914086075.0
vanilla,slowheat_scroll,estimated_overhead_flops,2101606466,26338109765.0
vanilla,slowheat_scroll,estimated_overhead_flops,1872839281,26338109765.0
vanilla,slowheat_scroll,estimated_overhead_flops,637029796,26338109765.0
vanilla,slowheat_scroll,estimated_overhead_flops,1357204345,26338109765.0
vanilla,slowheat_scroll,estimated_overhead_flops,1758462037,26338109765.0
vanilla,slowheat_scroll,estimated_overhead_flops,748737880,26338109765.0
vanilla,slowheat_scroll,estimated_overhead_flops,1611510062,26338109765.0
vanilla,slowheat_scroll,estimated_overhead_flops,333205446,26338109765.0
vanilla,slowheat_scroll,estimated_overhead_flops,130501536,26338109765.0
vanilla,slowheat_scroll,estimated_overhead_flops,492612040,26338109765.0
vanilla,slowheat_scroll,replay_memory_bytes,2101606466,2459200.0
vanilla,slowheat_scroll,replay_memory_bytes,1872839281,2459200.0
vanilla,slowheat_scroll,replay_memory_bytes,637029796,2459200.0
vanilla,slowheat_scroll,replay_memory_bytes,1357204345,2459200.0
vanilla,slowheat_scroll,replay_memory_bytes,1758462037,2459200.0
vanilla,slowheat_scroll,replay_memory_bytes,748737880,2459200.0
vanilla,slowheat_scroll,replay_memory_bytes,1611510062,2459200.0
vanilla,slowheat_scroll,replay_memory_bytes,333205446,2459200.0
vanilla,slowheat_scroll,replay_memory_bytes,130501536,2459200.0
vanilla,slowheat_scroll,replay_memory_bytes,492612040,2459200.0
vanilla,slowheat_scroll,stored_logits_bytes,2101606466,0.0
vanilla,slowheat_scroll,stored_logits_bytes,1872839281,0.0
vanilla,slowheat_scroll,stored_logits_bytes,637029796,0.0
vanilla,slowheat_scroll,stored_logits_bytes,1357204345,0.0
vanilla,slowheat_scroll,stored_logits_bytes,1758462037,0.0
vanilla,slowheat_scroll,stored_logits_bytes,748737880,0.0
vanilla,slowheat_scroll,stored_logits_bytes,1611510062,0.0
vanilla,slowheat_scroll,stored_logits_bytes,333205446,0.0
vanilla,slowheat_scroll,stored_logits_bytes,130501536,0.0
vanilla,slowheat_scroll,stored_logits_bytes,492612040,0.0
vanilla,slowheat_scroll,replay_metadata_bytes,2101606466,6400.0
vanilla,slowheat_scroll,replay_metadata_bytes,1872839281,6400.0
vanilla,slowheat_scroll,replay_metadata_bytes,637029796,6400.0
vanilla,slowheat_scroll,replay_metadata_bytes,1357204345,6400.0
vanilla,slowheat_scroll,replay_metadata_bytes,1758462037,6400.0
vanilla,slowheat_scroll,replay_metadata_bytes,748737880,6400.0
vanilla,slowheat_scroll,replay_metadata_bytes,1611510062,6400.0
vanilla,slowheat_scroll,replay_metadata_bytes,333205446,6400.0
vanilla,slowheat_scroll,replay_metadata_bytes,130501536,6400.0
vanilla,slowheat_scroll,replay_metadata_bytes,492612040,6400.0
vanilla,slowheat_scroll,selector_forward_examples,2101606466,0.0
vanilla,slowheat_scroll,selector_forward_examples,1872839281,0.0
vanilla,slowheat_scroll,selector_forward_examples,637029796,0.0
vanilla,slowheat_scroll,selector_forward_examples,1357204345,0.0
vanilla,slowheat_scroll,selector_forward_examples,1758462037,0.0
vanilla,slowheat_scroll,selector_forward_examples,748737880,0.0
vanilla,slowheat_scroll,selector_forward_examples,1611510062,0.0
vanilla,slowheat_scroll,selector_forward_examples,333205446,0.0
vanilla,slowheat_scroll,selector_forward_examples,130501536,0.0
vanilla,slowheat_scroll,selector_forward_examples,492612040,0.0
vanilla,slowheat_scroll,selection_seconds,2101606466,0.014844807970803231
vanilla,slowheat_scroll,selection_seconds,1872839281,0.013456630986183882
vanilla,slowheat_scroll,selection_seconds,637029796,0.013628873013658449
vanilla,slowheat_scroll,selection_seconds,1357204345,0.01285269804066047
vanilla,slowheat_scroll,selection_seconds,1758462037,0.012729362992104143
vanilla,slowheat_scroll,selection_seconds,748737880,0.012906930031022057
vanilla,slowheat_scroll,selection_seconds,1611510062,0.013835004006978124
vanilla,slowheat_scroll,selection_seconds,333205446,0.012707921996479854
vanilla,slowheat_scroll,selection_seconds,130501536,0.013001551938941702
vanilla,slowheat_scroll,selection_seconds,492612040,0.01271507897763513
lpr,vanilla,final_average_accuracy,2101606466,-0.05380000000000004
lpr,vanilla,final_average_accuracy,1872839281,-0.094
lpr,vanilla,final_average_accuracy,637029796,-0.07
lpr,vanilla,final_average_accuracy,1357204345,-0.08790000000000003
lpr,vanilla,final_average_accuracy,1758462037,-0.10369999999999996
lpr,vanilla,final_average_accuracy,748737880,-0.06589999999999999
lpr,vanilla,final_average_accuracy,1611510062,-0.0988
lpr,vanilla,final_average_accuracy,333205446,-0.0562
lpr,vanilla,final_average_accuracy,130501536,-0.066
lpr,vanilla,final_average_accuracy,492612040,-0.0975
lpr,vanilla,average_forgetting,2101606466,0.05249999999999999
lpr,vanilla,average_forgetting,1872839281,0.08925000000000005
lpr,vanilla,average_forgetting,637029796,0.06262500000000004
lpr,vanilla,average_forgetting,1357204345,0.06987500000000002
lpr,vanilla,average_forgetting,1758462037,0.079125
lpr,vanilla,average_forgetting,748737880,0.050000000000000044
lpr,vanilla,average_forgetting,1611510062,0.09362500000000007
lpr,vanilla,average_forgetting,333205446,0.05787500000000012
lpr,vanilla,average_forgetting,130501536,0.0714999999999999
lpr,vanilla,average_forgetting,492612040,0.10524999999999995
lpr,vanilla,backward_transfer,2101606466,-0.05249999999999999
lpr,vanilla,backward_transfer,1872839281,-0.08925000000000005
lpr,vanilla,backward_transfer,637029796,-0.06262500000000004
lpr,vanilla,backward_transfer,1357204345,-0.06987500000000002
lpr,vanilla,backward_transfer,1758462037,-0.079125
lpr,vanilla,backward_transfer,748737880,-0.050000000000000044
lpr,vanilla,backward_transfer,1611510062,-0.09362500000000007
lpr,vanilla,backward_transfer,333205446,-0.05787500000000012
lpr,vanilla,backward_transfer,130501536,-0.0714999999999999
lpr,vanilla,backward_transfer,492612040,-0.10524999999999995
lpr,vanilla,forward_transfer,2101606466,-0.004375
lpr,vanilla,forward_transfer,1872839281,0.0005000000000000004
lpr,vanilla,forward_transfer,637029796,0.0010000000000000009
lpr,vanilla,forward_transfer,1357204345,0.0
lpr,vanilla,forward_transfer,1758462037,0.0
lpr,vanilla,forward_transfer,748737880,0.0
lpr,vanilla,forward_transfer,1611510062,0.0
lpr,vanilla,forward_transfer,333205446,-0.005874999999999998
lpr,vanilla,forward_transfer,130501536,0.0036249999999999893
lpr,vanilla,forward_transfer,492612040,0.002999999999999989
lpr,vanilla,task_aware_final_accuracy,2101606466,-0.1976
lpr,vanilla,task_aware_final_accuracy,1872839281,-0.20709999999999995
lpr,vanilla,task_aware_final_accuracy,637029796,-0.19399999999999995
lpr,vanilla,task_aware_final_accuracy,1357204345,-0.2349
lpr,vanilla,task_aware_final_accuracy,1758462037,-0.2116999999999999
lpr,vanilla,task_aware_final_accuracy,748737880,-0.2209000000000001
lpr,vanilla,task_aware_final_accuracy,1611510062,-0.22729999999999995
lpr,vanilla,task_aware_final_accuracy,333205446,-0.18199999999999994
lpr,vanilla,task_aware_final_accuracy,130501536,-0.20250000000000012
lpr,vanilla,task_aware_final_accuracy,492612040,-0.24630000000000007
lpr,vanilla,task_aware_forgetting,2101606466,0.22912500000000002
lpr,vanilla,task_aware_forgetting,1872839281,0.2285
lpr,vanilla,task_aware_forgetting,637029796,0.21550000000000005
lpr,vanilla,task_aware_forgetting,1357204345,0.25225
lpr,vanilla,task_aware_forgetting,1758462037,0.21275
lpr,vanilla,task_aware_forgetting,748737880,0.24275000000000005
lpr,vanilla,task_aware_forgetting,1611510062,0.25225
lpr,vanilla,task_aware_forgetting,333205446,0.21275000000000005
lpr,vanilla,task_aware_forgetting,130501536,0.24112500000000006
lpr,vanilla,task_aware_forgetting,492612040,0.28975000000000006
lpr,vanilla,classifier_gap,2101606466,-0.14379999999999998
lpr,vanilla,classifier_gap,1872839281,-0.11309999999999987
lpr,vanilla,classifier_gap,637029796,-0.124
lpr,vanilla,classifier_gap,1357204345,-0.14699999999999996
lpr,vanilla,classifier_gap,1758462037,-0.10799999999999993
lpr,vanilla,classifier_gap,748737880,-0.15500000000000014
lpr,vanilla,classifier_gap,1611510062,-0.1284999999999999
lpr,vanilla,classifier_gap,333205446,-0.1257999999999999
lpr,vanilla,classifier_gap,130501536,-0.13650000000000012
lpr,vanilla,classifier_gap,492612040,-0.14880000000000015
lpr,vanilla,elapsed_seconds,2101606466,-74.01284964501974
lpr,vanilla,elapsed_seconds,1872839281,-80.43083218499669
lpr,vanilla,elapsed_seconds,637029796,-102.22046947199851
lpr,vanilla,elapsed_seconds,1357204345,-90.21032699299394
lpr,vanilla,elapsed_seconds,1758462037,-65.30703222198645
lpr,vanilla,elapsed_seconds,748737880,-65.47718286296003
lpr,vanilla,elapsed_seconds,1611510062,-65.5614357739978
lpr,vanilla,elapsed_seconds,333205446,-65.50231364599313
lpr,vanilla,elapsed_seconds,130501536,-65.56011737597873
lpr,vanilla,elapsed_seconds,492612040,-65.38491282300674
lpr,vanilla,learner_examples_processed,2101606466,-80640.0
lpr,vanilla,learner_examples_processed,1872839281,-80640.0
lpr,vanilla,learner_examples_processed,637029796,-80640.0
lpr,vanilla,learner_examples_processed,1357204345,-80640.0
lpr,vanilla,learner_examples_processed,1758462037,-80640.0
lpr,vanilla,learner_examples_processed,748737880,-80640.0
lpr,vanilla,learner_examples_processed,1611510062,-80640.0
lpr,vanilla,learner_examples_processed,333205446,-80640.0
lpr,vanilla,learner_examples_processed,130501536,-80640.0
lpr,vanilla,learner_examples_processed,492612040,-80640.0
lpr,vanilla,total_model_examples_processed,2101606466,-81080.0
lpr,vanilla,total_model_examples_processed,1872839281,-81080.0
lpr,vanilla,total_model_examples_processed,637029796,-81080.0
lpr,vanilla,total_model_examples_processed,1357204345,-81080.0
lpr,vanilla,total_model_examples_processed,1758462037,-81080.0
lpr,vanilla,total_model_examples_processed,748737880,-81080.0
lpr,vanilla,total_model_examples_processed,1611510062,-81080.0
lpr,vanilla,total_model_examples_processed,333205446,-81080.0
lpr,vanilla,total_model_examples_processed,130501536,-81080.0
lpr,vanilla,total_model_examples_processed,492612040,-81080.0
lpr,vanilla,estimated_total_flops,2101606466,-372890497535380.0
lpr,vanilla,estimated_total_flops,1872839281,-372890497535380.0
lpr,vanilla,estimated_total_flops,637029796,-372890497535380.0
lpr,vanilla,estimated_total_flops,1357204345,-372890497535380.0
lpr,vanilla,estimated_total_flops,1758462037,-372890497535380.0
lpr,vanilla,estimated_total_flops,748737880,-372890497535380.0
lpr,vanilla,estimated_total_flops,1611510062,-372890497535380.0
lpr,vanilla,estimated_total_flops,333205446,-372890497535380.0
lpr,vanilla,estimated_total_flops,130501536,-372890497535380.0
lpr,vanilla,estimated_total_flops,492612040,-372890497535380.0
lpr,vanilla,estimated_overhead_flops,2101606466,-103665996696980.0
lpr,vanilla,estimated_overhead_flops,1872839281,-103665996696980.0
lpr,vanilla,estimated_overhead_flops,637029796,-103665996696980.0
lpr,vanilla,estimated_overhead_flops,1357204345,-103665996696980.0
lpr,vanilla,estimated_overhead_flops,1758462037,-103665996696980.0
lpr,vanilla,estimated_overhead_flops,748737880,-103665996696980.0
lpr,vanilla,estimated_overhead_flops,1611510062,-103665996696980.0
lpr,vanilla,estimated_overhead_flops,333205446,-103665996696980.0
lpr,vanilla,estimated_overhead_flops,130501536,-103665996696980.0
lpr,vanilla,estimated_overhead_flops,492612040,-103665996696980.0
lpr,vanilla,replay_memory_bytes,2101606466,-2459200.0
lpr,vanilla,replay_memory_bytes,1872839281,-2459200.0
lpr,vanilla,replay_memory_bytes,637029796,-2459200.0
lpr,vanilla,replay_memory_bytes,1357204345,-2459200.0
lpr,vanilla,replay_memory_bytes,1758462037,-2459200.0
lpr,vanilla,replay_memory_bytes,748737880,-2459200.0
lpr,vanilla,replay_memory_bytes,1611510062,-2459200.0
lpr,vanilla,replay_memory_bytes,333205446,-2459200.0
lpr,vanilla,replay_memory_bytes,130501536,-2459200.0
lpr,vanilla,replay_memory_bytes,492612040,-2459200.0
lpr,vanilla,stored_logits_bytes,2101606466,0.0
lpr,vanilla,stored_logits_bytes,1872839281,0.0
lpr,vanilla,stored_logits_bytes,637029796,0.0
lpr,vanilla,stored_logits_bytes,1357204345,0.0
lpr,vanilla,stored_logits_bytes,1758462037,0.0
lpr,vanilla,stored_logits_bytes,748737880,0.0
lpr,vanilla,stored_logits_bytes,1611510062,0.0
lpr,vanilla,stored_logits_bytes,333205446,0.0
lpr,vanilla,stored_logits_bytes,130501536,0.0
lpr,vanilla,stored_logits_bytes,492612040,0.0
lpr,vanilla,replay_metadata_bytes,2101606466,-6400.0
lpr,vanilla,replay_metadata_bytes,1872839281,-6400.0
lpr,vanilla,replay_metadata_bytes,637029796,-6400.0
lpr,vanilla,replay_metadata_bytes,1357204345,-6400.0
lpr,vanilla,replay_metadata_bytes,1758462037,-6400.0
lpr,vanilla,replay_metadata_bytes,748737880,-6400.0
lpr,vanilla,replay_metadata_bytes,1611510062,-6400.0
lpr,vanilla,replay_metadata_bytes,333205446,-6400.0
lpr,vanilla,replay_metadata_bytes,130501536,-6400.0
lpr,vanilla,replay_metadata_bytes,492612040,-6400.0
lpr,vanilla,selector_forward_examples,2101606466,0.0
lpr,vanilla,selector_forward_examples,1872839281,0.0
lpr,vanilla,selector_forward_examples,637029796,0.0
lpr,vanilla,selector_forward_examples,1357204345,0.0
lpr,vanilla,selector_forward_examples,1758462037,0.0
lpr,vanilla,selector_forward_examples,748737880,0.0
lpr,vanilla,selector_forward_examples,1611510062,0.0
lpr,vanilla,selector_forward_examples,333205446,0.0
lpr,vanilla,selector_forward_examples,130501536,0.0
lpr,vanilla,selector_forward_examples,492612040,0.0
lpr,vanilla,selection_seconds,2101606466,-0.013516899984097108
lpr,vanilla,selection_seconds,1872839281,-0.012809374020434916
lpr,vanilla,selection_seconds,637029796,-0.014135355973849073
lpr,vanilla,selection_seconds,1357204345,-0.013441000017337501
lpr,vanilla,selection_seconds,1758462037,-0.012675289966864511
lpr,vanilla,selection_seconds,748737880,-0.012466117972508073
lpr,vanilla,selection_seconds,1611510062,-0.012912355974549428
lpr,vanilla,selection_seconds,333205446,-0.012987392983632162
lpr,vanilla,selection_seconds,130501536,-0.012941971013788134
lpr,vanilla,selection_seconds,492612040,-0.013017484976444393
lpr,slowheat_none,final_average_accuracy,2101606466,-0.053700000000000025
lpr,slowheat_none,final_average_accuracy,1872839281,-0.0965
lpr,slowheat_none,final_average_accuracy,637029796,-0.05879999999999999
lpr,slowheat_none,final_average_accuracy,1357204345,-0.09450000000000006
lpr,slowheat_none,final_average_accuracy,1758462037,-0.09869999999999995
lpr,slowheat_none,final_average_accuracy,748737880,-0.060100000000000015
lpr,slowheat_none,final_average_accuracy,1611510062,-0.0872
lpr,slowheat_none,final_average_accuracy,333205446,-0.05550000000000002
lpr,slowheat_none,final_average_accuracy,130501536,-0.06860000000000002
lpr,slowheat_none,final_average_accuracy,492612040,-0.10189999999999999
lpr,slowheat_none,average_forgetting,2101606466,0.03962499999999991
lpr,slowheat_none,average_forgetting,1872839281,0.07687500000000003
lpr,slowheat_none,average_forgetting,637029796,0.06362499999999993
lpr,slowheat_none,average_forgetting,1357204345,0.07150000000000001
lpr,slowheat_none,average_forgetting,1758462037,0.07912500000000011
lpr,slowheat_none,average_forgetting,748737880,0.052750000000000075
lpr,slowheat_none,average_forgetting,1611510062,0.10112500000000002
lpr,slowheat_none,average_forgetting,333205446,0.06475000000000009
lpr,slowheat_none,average_forgetting,130501536,0.06612499999999988
lpr,slowheat_none,average_forgetting,492612040,0.08762500000000006
lpr,slowheat_none,backward_transfer,2101606466,-0.03962499999999991
lpr,slowheat_none,backward_transfer,1872839281,-0.07687500000000003
lpr,slowheat_none,backward_transfer,637029796,-0.06362499999999993
lpr,slowheat_none,backward_transfer,1357204345,-0.07150000000000001
lpr,slowheat_none,backward_transfer,1758462037,-0.07912500000000011
lpr,slowheat_none,backward_transfer,748737880,-0.052750000000000075
lpr,slowheat_none,backward_transfer,1611510062,-0.10112500000000002
lpr,slowheat_none,backward_transfer,333205446,-0.06475000000000009
lpr,slowheat_none,backward_transfer,130501536,-0.06612499999999988
lpr,slowheat_none,backward_transfer,492612040,-0.08762500000000006
lpr,slowheat_none,forward_transfer,2101606466,0.0008750000000000008
lpr,slowheat_none,forward_transfer,1872839281,-0.00012499999999998623
lpr,slowheat_none,forward_transfer,637029796,-0.01037500000000001
lpr,slowheat_none,forward_transfer,1357204345,0.0
lpr,slowheat_none,forward_transfer,1758462037,0.0
lpr,slowheat_none,forward_transfer,748737880,0.0
lpr,slowheat_none,forward_transfer,1611510062,0.0
lpr,slowheat_none,forward_transfer,333205446,-0.009875000000000002
lpr,slowheat_none,forward_transfer,130501536,0.0027499999999999886
lpr,slowheat_none,forward_transfer,492612040,0.002999999999999989
lpr,slowheat_none,task_aware_final_accuracy,2101606466,-0.21389999999999998
lpr,slowheat_none,task_aware_final_accuracy,1872839281,-0.20789999999999997
lpr,slowheat_none,task_aware_final_accuracy,637029796,-0.19999999999999996
lpr,slowheat_none,task_aware_final_accuracy,1357204345,-0.24149999999999994
lpr,slowheat_none,task_aware_final_accuracy,1758462037,-0.2064999999999999
lpr,slowheat_none,task_aware_final_accuracy,748737880,-0.21030000000000015
lpr,slowheat_none,task_aware_final_accuracy,1611510062,-0.24339999999999995
lpr,slowheat_none,task_aware_final_accuracy,333205446,-0.1812999999999999
lpr,slowheat_none,task_aware_final_accuracy,130501536,-0.2219000000000001
lpr,slowheat_none,task_aware_final_accuracy,492612040,-0.2419
lpr,slowheat_none,task_aware_forgetting,2101606466,0.23675000000000002
lpr,slowheat_none,task_aware_forgetting,1872839281,0.21399999999999994
lpr,slowheat_none,task_aware_forgetting,637029796,0.23800000000000002
lpr,slowheat_none,task_aware_forgetting,1357204345,0.2538750000000001
lpr,slowheat_none,task_aware_forgetting,1758462037,0.21250000000000002
lpr,slowheat_none,task_aware_forgetting,748737880,0.23950000000000002
lpr,slowheat_none,task_aware_forgetting,1611510062,0.294375
lpr,slowheat_none,task_aware_forgetting,333205446,0.21962500000000007
lpr,slowheat_none,task_aware_forgetting,130501536,0.25675000000000003
lpr,slowheat_none,task_aware_forgetting,492612040,0.26112500000000005
lpr,slowheat_none,classifier_gap,2101606466,-0.1602
lpr,slowheat_none,classifier_gap,1872839281,-0.11139999999999994
lpr,slowheat_none,classifier_gap,637029796,-0.1412
lpr,slowheat_none,classifier_gap,1357204345,-0.1469999999999999
lpr,slowheat_none,classifier_gap,1758462037,-0.10779999999999995
lpr,slowheat_none,classifier_gap,748737880,-0.15020000000000022
lpr,slowheat_none,classifier_gap,1611510062,-0.1561999999999999
lpr,slowheat_none,classifier_gap,333205446,-0.12579999999999986
lpr,slowheat_none,classifier_gap,130501536,-0.1533000000000001
lpr,slowheat_none,classifier_gap,492612040,-0.14000000000000007
lpr,slowheat_none,elapsed_seconds,2101606466,2.599370498995995
lpr,slowheat_none,elapsed_seconds,1872839281,6.80595577400527
lpr,slowheat_none,elapsed_seconds,637029796,-10.626319529023021
lpr,slowheat_none,elapsed_seconds,1357204345,-5.873710518993903
lpr,slowheat_none,elapsed_seconds,1758462037,-18.76736111199716
lpr,slowheat_none,elapsed_seconds,748737880,-19.472092228999827
lpr,slowheat_none,elapsed_seconds,1611510062,-19.675236151000718
lpr,slowheat_none,elapsed_seconds,333205446,-19.354718787013553
lpr,slowheat_none,elapsed_seconds,130501536,-19.011102035990916
lpr,slowheat_none,elapsed_seconds,492612040,-19.575619527022354
lpr,slowheat_none,learner_examples_processed,2101606466,-80640.0
lpr,slowheat_none,learner_examples_processed,1872839281,-80640.0
lpr,slowheat_none,learner_examples_processed,637029796,-80640.0
lpr,slowheat_none,learner_examples_processed,1357204345,-80640.0
lpr,slowheat_none,learner_examples_processed,1758462037,-80640.0
lpr,slowheat_none,learner_examples_processed,748737880,-80640.0
lpr,slowheat_none,learner_examples_processed,1611510062,-80640.0
lpr,slowheat_none,learner_examples_processed,333205446,-80640.0
lpr,slowheat_none,learner_examples_processed,130501536,-80640.0
lpr,slowheat_none,learner_examples_processed,492612040,-80640.0
lpr,slowheat_none,total_model_examples_processed,2101606466,-81080.0
lpr,slowheat_none,total_model_examples_processed,1872839281,-81080.0
lpr,slowheat_none,total_model_examples_processed,637029796,-81080.0
lpr,slowheat_none,total_model_examples_processed,1357204345,-81080.0
lpr,slowheat_none,total_model_examples_processed,1758462037,-81080.0
lpr,slowheat_none,total_model_examples_processed,748737880,-81080.0
lpr,slowheat_none,total_model_examples_processed,1611510062,-81080.0
lpr,slowheat_none,total_model_examples_processed,333205446,-81080.0
lpr,slowheat_none,total_model_examples_processed,130501536,-81080.0
lpr,slowheat_none,total_model_examples_processed,492612040,-81080.0
lpr,slowheat_none,estimated_total_flops,2101606466,-372867434983630.0
lpr,slowheat_none,estimated_total_flops,1872839281,-372867434983630.0
lpr,slowheat_none,estimated_total_flops,637029796,-372867434983630.0
lpr,slowheat_none,estimated_total_flops,1357204345,-372867434983630.0
lpr,slowheat_none,estimated_total_flops,1758462037,-372867434983630.0
lpr,slowheat_none,estimated_total_flops,748737880,-372867434983630.0
lpr,slowheat_none,estimated_total_flops,1611510062,-372867434983630.0
lpr,slowheat_none,estimated_total_flops,333205446,-372867434983630.0
lpr,slowheat_none,estimated_total_flops,130501536,-372867434983630.0
lpr,slowheat_none,estimated_total_flops,492612040,-372867434983630.0
lpr,slowheat_none,estimated_overhead_flops,2101606466,-103642934145230.0
lpr,slowheat_none,estimated_overhead_flops,1872839281,-103642934145230.0
lpr,slowheat_none,estimated_overhead_flops,637029796,-103642934145230.0
lpr,slowheat_none,estimated_overhead_flops,1357204345,-103642934145230.0
lpr,slowheat_none,estimated_overhead_flops,1758462037,-103642934145230.0
lpr,slowheat_none,estimated_overhead_flops,748737880,-103642934145230.0
lpr,slowheat_none,estimated_overhead_flops,1611510062,-103642934145230.0
lpr,slowheat_none,estimated_overhead_flops,333205446,-103642934145230.0
lpr,slowheat_none,estimated_overhead_flops,130501536,-103642934145230.0
lpr,slowheat_none,estimated_overhead_flops,492612040,-103642934145230.0
lpr,slowheat_none,replay_memory_bytes,2101606466,-2459200.0
lpr,slowheat_none,replay_memory_bytes,1872839281,-2459200.0
lpr,slowheat_none,replay_memory_bytes,637029796,-2459200.0
lpr,slowheat_none,replay_memory_bytes,1357204345,-2459200.0
lpr,slowheat_none,replay_memory_bytes,1758462037,-2459200.0
lpr,slowheat_none,replay_memory_bytes,748737880,-2459200.0
lpr,slowheat_none,replay_memory_bytes,1611510062,-2459200.0
lpr,slowheat_none,replay_memory_bytes,333205446,-2459200.0
lpr,slowheat_none,replay_memory_bytes,130501536,-2459200.0
lpr,slowheat_none,replay_memory_bytes,492612040,-2459200.0
lpr,slowheat_none,stored_logits_bytes,2101606466,0.0
lpr,slowheat_none,stored_logits_bytes,1872839281,0.0
lpr,slowheat_none,stored_logits_bytes,637029796,0.0
lpr,slowheat_none,stored_logits_bytes,1357204345,0.0
lpr,slowheat_none,stored_logits_bytes,1758462037,0.0
lpr,slowheat_none,stored_logits_bytes,748737880,0.0
lpr,slowheat_none,stored_logits_bytes,1611510062,0.0
lpr,slowheat_none,stored_logits_bytes,333205446,0.0
lpr,slowheat_none,stored_logits_bytes,130501536,0.0
lpr,slowheat_none,stored_logits_bytes,492612040,0.0
lpr,slowheat_none,replay_metadata_bytes,2101606466,-6400.0
lpr,slowheat_none,replay_metadata_bytes,1872839281,-6400.0
lpr,slowheat_none,replay_metadata_bytes,637029796,-6400.0
lpr,slowheat_none,replay_metadata_bytes,1357204345,-6400.0
lpr,slowheat_none,replay_metadata_bytes,1758462037,-6400.0
lpr,slowheat_none,replay_metadata_bytes,748737880,-6400.0
lpr,slowheat_none,replay_metadata_bytes,1611510062,-6400.0
lpr,slowheat_none,replay_metadata_bytes,333205446,-6400.0
lpr,slowheat_none,replay_metadata_bytes,130501536,-6400.0
lpr,slowheat_none,replay_metadata_bytes,492612040,-6400.0
lpr,slowheat_none,selector_forward_examples,2101606466,0.0
lpr,slowheat_none,selector_forward_examples,1872839281,0.0
lpr,slowheat_none,selector_forward_examples,637029796,0.0
lpr,slowheat_none,selector_forward_examples,1357204345,0.0
lpr,slowheat_none,selector_forward_examples,1758462037,0.0
lpr,slowheat_none,selector_forward_examples,748737880,0.0
lpr,slowheat_none,selector_forward_examples,1611510062,0.0
lpr,slowheat_none,selector_forward_examples,333205446,0.0
lpr,slowheat_none,selector_forward_examples,130501536,0.0
lpr,slowheat_none,selector_forward_examples,492612040,0.0
lpr,slowheat_none,selection_seconds,2101606466,-0.013516899984097108
lpr,slowheat_none,selection_seconds,1872839281,-0.012809374020434916
lpr,slowheat_none,selection_seconds,637029796,-0.014135355973849073
lpr,slowheat_none,selection_seconds,1357204345,-0.013441000017337501
lpr,slowheat_none,selection_seconds,1758462037,-0.012675289966864511
lpr,slowheat_none,selection_seconds,748737880,-0.012466117972508073
lpr,slowheat_none,selection_seconds,1611510062,-0.012912355974549428
lpr,slowheat_none,selection_seconds,333205446,-0.012987392983632162
lpr,slowheat_none,selection_seconds,130501536,-0.012941971013788134
lpr,slowheat_none,selection_seconds,492612040,-0.013017484976444393
lpr,slowheat_unidirectional,final_average_accuracy,2101606466,-0.053600000000000037
lpr,slowheat_unidirectional,final_average_accuracy,1872839281,-0.09289999999999998
lpr,slowheat_unidirectional,final_average_accuracy,637029796,-0.06709999999999999
lpr,slowheat_unidirectional,final_average_accuracy,1357204345,-0.09630000000000005
lpr,slowheat_unidirectional,final_average_accuracy,1758462037,-0.10159999999999997
lpr,slowheat_unidirectional,final_average_accuracy,748737880,-0.0718
lpr,slowheat_unidirectional,final_average_accuracy,1611510062,-0.09699999999999998
lpr,slowheat_unidirectional,final_average_accuracy,333205446,-0.06689999999999999
lpr,slowheat_unidirectional,final_average_accuracy,130501536,-0.0751
lpr,slowheat_unidirectional,final_average_accuracy,492612040,-0.1043
lpr,slowheat_unidirectional,average_forgetting,2101606466,0.02762500000000001
lpr,slowheat_unidirectional,average_forgetting,1872839281,0.09512500000000002
lpr,slowheat_unidirectional,average_forgetting,637029796,0.04774999999999985
lpr,slowheat_unidirectional,average_forgetting,1357204345,0.08374999999999999
lpr,slowheat_unidirectional,average_forgetting,1758462037,0.08462500000000017
lpr,slowheat_unidirectional,average_forgetting,748737880,0.031500000000000083
lpr,slowheat_unidirectional,average_forgetting,1611510062,0.08987500000000004
lpr,slowheat_unidirectional,average_forgetting,333205446,0.049000000000000044
lpr,slowheat_unidirectional,average_forgetting,130501536,0.06424999999999992
lpr,slowheat_unidirectional,average_forgetting,492612040,0.06337499999999996
lpr,slowheat_unidirectional,backward_transfer,2101606466,-0.02762500000000001
lpr,slowheat_unidirectional,backward_transfer,1872839281,-0.09512500000000002
lpr,slowheat_unidirectional,backward_transfer,637029796,-0.04774999999999985
lpr,slowheat_unidirectional,backward_transfer,1357204345,-0.08374999999999999
lpr,slowheat_unidirectional,backward_transfer,1758462037,-0.08462500000000017
lpr,slowheat_unidirectional,backward_transfer,748737880,-0.031500000000000083
lpr,slowheat_unidirectional,backward_transfer,1611510062,-0.08987500000000004
lpr,slowheat_unidirectional,backward_transfer,333205446,-0.049000000000000044
lpr,slowheat_unidirectional,backward_transfer,130501536,-0.06424999999999992
lpr,slowheat_unidirectional,backward_transfer,492612040,-0.06337499999999996
lpr,slowheat_unidirectional,forward_transfer,2101606466,0.0013750000000000012
lpr,slowheat_unidirectional,forward_transfer,1872839281,0.0015000000000000013
lpr,slowheat_unidirectional,forward_transfer,637029796,-0.007500000000000007
lpr,slowheat_unidirectional,forward_transfer,1357204345,0.0
lpr,slowheat_unidirectional,forward_transfer,1758462037,0.0
lpr,slowheat_unidirectional,forward_transfer,748737880,0.0
lpr,slowheat_unidirectional,forward_transfer,1611510062,0.0
lpr,slowheat_unidirectional,forward_transfer,333205446,-0.0015000000000000013
lpr,slowheat_unidirectional,forward_transfer,130501536,0.00399999999999999
lpr,slowheat_unidirectional,forward_transfer,492612040,0.0015000000000000013
lpr,slowheat_unidirectional,task_aware_final_accuracy,2101606466,-0.19259999999999988
lpr,slowheat_unidirectional,task_aware_final_accuracy,1872839281,-0.2117
lpr,slowheat_unidirectional,task_aware_final_accuracy,637029796,-0.2055999999999999
lpr,slowheat_unidirectional,task_aware_final_accuracy,1357204345,-0.24329999999999996
lpr,slowheat_unidirectional,task_aware_final_accuracy,1758462037,-0.22909999999999986
lpr,slowheat_unidirectional,task_aware_final_accuracy,748737880,-0.2268000000000001
lpr,slowheat_unidirectional,task_aware_final_accuracy,1611510062,-0.242
lpr,slowheat_unidirectional,task_aware_final_accuracy,333205446,-0.19269999999999998
lpr,slowheat_unidirectional,task_aware_final_accuracy,130501536,-0.20910000000000006
lpr,slowheat_unidirectional,task_aware_final_accuracy,492612040,-0.24380000000000002
lpr,slowheat_unidirectional,task_aware_forgetting,2101606466,0.19825000000000004
lpr,slowheat_unidirectional,task_aware_forgetting,1872839281,0.24150000000000002
lpr,slowheat_unidirectional,task_aware_forgetting,637029796,0.21875000000000003
lpr,slowheat_unidirectional,task_aware_forgetting,1357204345,0.26612500000000006
lpr,slowheat_unidirectional,task_aware_forgetting,1758462037,0.24262500000000004
lpr,slowheat_unidirectional,task_aware_forgetting,748737880,0.22425000000000003
lpr,slowheat_unidirectional,task_aware_forgetting,1611510062,0.26912499999999995
lpr,slowheat_unidirectional,task_aware_forgetting,333205446,0.20387500000000003
lpr,slowheat_unidirectional,task_aware_forgetting,130501536,0.23075000000000004
lpr,slowheat_unidirectional,task_aware_forgetting,492612040,0.23625
lpr,slowheat_unidirectional,classifier_gap,2101606466,-0.1389999999999999
lpr,slowheat_unidirectional,classifier_gap,1872839281,-0.11879999999999996
lpr,slowheat_unidirectional,classifier_gap,637029796,-0.13849999999999996
lpr,slowheat_unidirectional,classifier_gap,1357204345,-0.1469999999999999
lpr,slowheat_unidirectional,classifier_gap,1758462037,-0.1274999999999999
lpr,slowheat_unidirectional,classifier_gap,748737880,-0.15500000000000014
lpr,slowheat_unidirectional,classifier_gap,1611510062,-0.14499999999999996
lpr,slowheat_unidirectional,classifier_gap,333205446,-0.12579999999999997
lpr,slowheat_unidirectional,classifier_gap,130501536,-0.13400000000000006
lpr,slowheat_unidirectional,classifier_gap,492612040,-0.13950000000000007
lpr,slowheat_unidirectional,elapsed_seconds,2101606466,-24.171730867994484
lpr,slowheat_unidirectional,elapsed_seconds,1872839281,-32.65817724500084
lpr,slowheat_unidirectional,elapsed_seconds,637029796,-46.36922305400367
lpr,slowheat_unidirectional,elapsed_seconds,1357204345,-33.70426145699457
lpr,slowheat_unidirectional,elapsed_seconds,1758462037,-37.56305230499129
lpr,slowheat_unidirectional,elapsed_seconds,748737880,-38.157430449005915
lpr,slowheat_unidirectional,elapsed_seconds,1611510062,-38.173079938977025
lpr,slowheat_unidirectional,elapsed_seconds,333205446,-38.34510927298106
lpr,slowheat_unidirectional,elapsed_seconds,130501536,-38.19089444098063
lpr,slowheat_unidirectional,elapsed_seconds,492612040,-38.29635966900969
lpr,slowheat_unidirectional,learner_examples_processed,2101606466,-80640.0
lpr,slowheat_unidirectional,learner_examples_processed,1872839281,-80640.0
lpr,slowheat_unidirectional,learner_examples_processed,637029796,-80640.0
lpr,slowheat_unidirectional,learner_examples_processed,1357204345,-80640.0
lpr,slowheat_unidirectional,learner_examples_processed,1758462037,-80640.0
lpr,slowheat_unidirectional,learner_examples_processed,748737880,-80640.0
lpr,slowheat_unidirectional,learner_examples_processed,1611510062,-80640.0
lpr,slowheat_unidirectional,learner_examples_processed,333205446,-80640.0
lpr,slowheat_unidirectional,learner_examples_processed,130501536,-80640.0
lpr,slowheat_unidirectional,learner_examples_processed,492612040,-80640.0
lpr,slowheat_unidirectional,total_model_examples_processed,2101606466,-81080.0
lpr,slowheat_unidirectional,total_model_examples_processed,1872839281,-81080.0
lpr,slowheat_unidirectional,total_model_examples_processed,637029796,-81080.0
lpr,slowheat_unidirectional,total_model_examples_processed,1357204345,-81080.0
lpr,slowheat_unidirectional,total_model_examples_processed,1758462037,-81080.0
lpr,slowheat_unidirectional,total_model_examples_processed,748737880,-81080.0
lpr,slowheat_unidirectional,total_model_examples_processed,1611510062,-81080.0
lpr,slowheat_unidirectional,total_model_examples_processed,333205446,-81080.0
lpr,slowheat_unidirectional,total_model_examples_processed,130501536,-81080.0
lpr,slowheat_unidirectional,total_model_examples_processed,492612040,-81080.0
lpr,slowheat_unidirectional,estimated_total_flops,2101606466,-372867434703750.0
lpr,slowheat_unidirectional,estimated_total_flops,1872839281,-372867434703750.0
lpr,slowheat_unidirectional,estimated_total_flops,637029796,-372867434703750.0
lpr,slowheat_unidirectional,estimated_total_flops,1357204345,-372867434703750.0
lpr,slowheat_unidirectional,estimated_total_flops,1758462037,-372867434703750.0
lpr,slowheat_unidirectional,estimated_total_flops,748737880,-372867434703750.0
lpr,slowheat_unidirectional,estimated_total_flops,1611510062,-372867434703750.0
lpr,slowheat_unidirectional,estimated_total_flops,333205446,-372867434703750.0
lpr,slowheat_unidirectional,estimated_total_flops,130501536,-372867434703750.0
lpr,slowheat_unidirectional,estimated_total_flops,492612040,-372867434703750.0
lpr,slowheat_unidirectional,estimated_overhead_flops,2101606466,-103642933865350.0
lpr,slowheat_unidirectional,estimated_overhead_flops,1872839281,-103642933865350.0
lpr,slowheat_unidirectional,estimated_overhead_flops,637029796,-103642933865350.0
lpr,slowheat_unidirectional,estimated_overhead_flops,1357204345,-103642933865350.0
lpr,slowheat_unidirectional,estimated_overhead_flops,1758462037,-103642933865350.0
lpr,slowheat_unidirectional,estimated_overhead_flops,748737880,-103642933865350.0
lpr,slowheat_unidirectional,estimated_overhead_flops,1611510062,-103642933865350.0
lpr,slowheat_unidirectional,estimated_overhead_flops,333205446,-103642933865350.0
lpr,slowheat_unidirectional,estimated_overhead_flops,130501536,-103642933865350.0
lpr,slowheat_unidirectional,estimated_overhead_flops,492612040,-103642933865350.0
lpr,slowheat_unidirectional,replay_memory_bytes,2101606466,-2459200.0
lpr,slowheat_unidirectional,replay_memory_bytes,1872839281,-2459200.0
lpr,slowheat_unidirectional,replay_memory_bytes,637029796,-2459200.0
lpr,slowheat_unidirectional,replay_memory_bytes,1357204345,-2459200.0
lpr,slowheat_unidirectional,replay_memory_bytes,1758462037,-2459200.0
lpr,slowheat_unidirectional,replay_memory_bytes,748737880,-2459200.0
lpr,slowheat_unidirectional,replay_memory_bytes,1611510062,-2459200.0
lpr,slowheat_unidirectional,replay_memory_bytes,333205446,-2459200.0
lpr,slowheat_unidirectional,replay_memory_bytes,130501536,-2459200.0
lpr,slowheat_unidirectional,replay_memory_bytes,492612040,-2459200.0
lpr,slowheat_unidirectional,stored_logits_bytes,2101606466,0.0
lpr,slowheat_unidirectional,stored_logits_bytes,1872839281,0.0
lpr,slowheat_unidirectional,stored_logits_bytes,637029796,0.0
lpr,slowheat_unidirectional,stored_logits_bytes,1357204345,0.0
lpr,slowheat_unidirectional,stored_logits_bytes,1758462037,0.0
lpr,slowheat_unidirectional,stored_logits_bytes,748737880,0.0
lpr,slowheat_unidirectional,stored_logits_bytes,1611510062,0.0
lpr,slowheat_unidirectional,stored_logits_bytes,333205446,0.0
lpr,slowheat_unidirectional,stored_logits_bytes,130501536,0.0
lpr,slowheat_unidirectional,stored_logits_bytes,492612040,0.0
lpr,slowheat_unidirectional,replay_metadata_bytes,2101606466,-6400.0
lpr,slowheat_unidirectional,replay_metadata_bytes,1872839281,-6400.0
lpr,slowheat_unidirectional,replay_metadata_bytes,637029796,-6400.0
lpr,slowheat_unidirectional,replay_metadata_bytes,1357204345,-6400.0
lpr,slowheat_unidirectional,replay_metadata_bytes,1758462037,-6400.0
lpr,slowheat_unidirectional,replay_metadata_bytes,748737880,-6400.0
lpr,slowheat_unidirectional,replay_metadata_bytes,1611510062,-6400.0
lpr,slowheat_unidirectional,replay_metadata_bytes,333205446,-6400.0
lpr,slowheat_unidirectional,replay_metadata_bytes,130501536,-6400.0
lpr,slowheat_unidirectional,replay_metadata_bytes,492612040,-6400.0
lpr,slowheat_unidirectional,selector_forward_examples,2101606466,0.0
lpr,slowheat_unidirectional,selector_forward_examples,1872839281,0.0
lpr,slowheat_unidirectional,selector_forward_examples,637029796,0.0
lpr,slowheat_unidirectional,selector_forward_examples,1357204345,0.0
lpr,slowheat_unidirectional,selector_forward_examples,1758462037,0.0
lpr,slowheat_unidirectional,selector_forward_examples,748737880,0.0
lpr,slowheat_unidirectional,selector_forward_examples,1611510062,0.0
lpr,slowheat_unidirectional,selector_forward_examples,333205446,0.0
lpr,slowheat_unidirectional,selector_forward_examples,130501536,0.0
lpr,slowheat_unidirectional,selector_forward_examples,492612040,0.0
lpr,slowheat_unidirectional,selection_seconds,2101606466,-0.013516899984097108
lpr,slowheat_unidirectional,selection_seconds,1872839281,-0.012809374020434916
lpr,slowheat_unidirectional,selection_seconds,637029796,-0.014135355973849073
lpr,slowheat_unidirectional,selection_seconds,1357204345,-0.013441000017337501
lpr,slowheat_unidirectional,selection_seconds,1758462037,-0.012675289966864511
lpr,slowheat_unidirectional,selection_seconds,748737880,-0.012466117972508073
lpr,slowheat_unidirectional,selection_seconds,1611510062,-0.012912355974549428
lpr,slowheat_unidirectional,selection_seconds,333205446,-0.012987392983632162
lpr,slowheat_unidirectional,selection_seconds,130501536,-0.012941971013788134
lpr,slowheat_unidirectional,selection_seconds,492612040,-0.013017484976444393
lpr,slowheat,final_average_accuracy,2101606466,-0.09760000000000002
lpr,slowheat,final_average_accuracy,1872839281,-0.127
lpr,slowheat,final_average_accuracy,637029796,-0.1003
lpr,slowheat,final_average_accuracy,1357204345,-0.10460000000000005
lpr,slowheat,final_average_accuracy,1758462037,-0.14869999999999997
lpr,slowheat,final_average_accuracy,748737880,-0.11030000000000001
lpr,slowheat,final_average_accuracy,1611510062,-0.12
lpr,slowheat,final_average_accuracy,333205446,-0.10969999999999999
lpr,slowheat,final_average_accuracy,130501536,-0.11730000000000002
lpr,slowheat,final_average_accuracy,492612040,-0.1416
lpr,slowheat,average_forgetting,2101606466,0.004250000000000087
lpr,slowheat,average_forgetting,1872839281,0.004874999999999963
lpr,slowheat,average_forgetting,637029796,0.024374999999999925
lpr,slowheat,average_forgetting,1357204345,0.04600000000000004
lpr,slowheat,average_forgetting,1758462037,0.045375000000000054
lpr,slowheat,average_forgetting,748737880,0.015875000000000083
lpr,slowheat,average_forgetting,1611510062,0.0442499999999999
lpr,slowheat,average_forgetting,333205446,0.01287500000000008
lpr,slowheat,average_forgetting,130501536,-0.004125000000000045
lpr,slowheat,average_forgetting,492612040,0.06237499999999996
lpr,slowheat,backward_transfer,2101606466,-0.004250000000000087
lpr,slowheat,backward_transfer,1872839281,-0.004874999999999963
lpr,slowheat,backward_transfer,637029796,-0.024374999999999925
lpr,slowheat,backward_transfer,1357204345,-0.04600000000000004
lpr,slowheat,backward_transfer,1758462037,-0.045375000000000054
lpr,slowheat,backward_transfer,748737880,-0.015875000000000083
lpr,slowheat,backward_transfer,1611510062,-0.0442499999999999
lpr,slowheat,backward_transfer,333205446,-0.01287500000000008
lpr,slowheat,backward_transfer,130501536,0.004125000000000045
lpr,slowheat,backward_transfer,492612040,-0.06237499999999996
lpr,slowheat,forward_transfer,2101606466,-0.004999999999999999
lpr,slowheat,forward_transfer,1872839281,0.00012499999999998623
lpr,slowheat,forward_transfer,637029796,-0.01162500000000001
lpr,slowheat,forward_transfer,1357204345,0.0
lpr,slowheat,forward_transfer,1758462037,0.0
lpr,slowheat,forward_transfer,748737880,0.0
lpr,slowheat,forward_transfer,1611510062,0.0
lpr,slowheat,forward_transfer,333205446,-0.0038749999999999965
lpr,slowheat,forward_transfer,130501536,-0.0010000000000000009
lpr,slowheat,forward_transfer,492612040,0.0027499999999999886
lpr,slowheat,task_aware_final_accuracy,2101606466,-0.2577999999999999
lpr,slowheat,task_aware_final_accuracy,1872839281,-0.24580000000000002
lpr,slowheat,task_aware_final_accuracy,637029796,-0.2387999999999999
lpr,slowheat,task_aware_final_accuracy,1357204345,-0.25159999999999993
lpr,slowheat,task_aware_final_accuracy,1758462037,-0.25649999999999995
lpr,slowheat,task_aware_final_accuracy,748737880,-0.2653000000000001
lpr,slowheat,task_aware_final_accuracy,1611510062,-0.253
lpr,slowheat,task_aware_final_accuracy,333205446,-0.23549999999999993
lpr,slowheat,task_aware_final_accuracy,130501536,-0.2511000000000001
lpr,slowheat,task_aware_final_accuracy,492612040,-0.2811
lpr,slowheat,task_aware_forgetting,2101606466,0.20137500000000003
lpr,slowheat,task_aware_forgetting,1872839281,0.15124999999999997
lpr,slowheat,task_aware_forgetting,637029796,0.195375
lpr,slowheat,task_aware_forgetting,1357204345,0.22837500000000002
lpr,slowheat,task_aware_forgetting,1758462037,0.17874999999999996
lpr,slowheat,task_aware_forgetting,748737880,0.20862500000000003
lpr,slowheat,task_aware_forgetting,1611510062,0.20849999999999996
lpr,slowheat,task_aware_forgetting,333205446,0.16775000000000007
lpr,slowheat,task_aware_forgetting,130501536,0.1621250000000001
lpr,slowheat,task_aware_forgetting,492612040,0.2352500000000001
lpr,slowheat,classifier_gap,2101606466,-0.1601999999999999
lpr,slowheat,classifier_gap,1872839281,-0.11879999999999996
lpr,slowheat,classifier_gap,637029796,-0.13849999999999996
lpr,slowheat,classifier_gap,1357204345,-0.1469999999999999
lpr,slowheat,classifier_gap,1758462037,-0.1078
lpr,slowheat,classifier_gap,748737880,-0.15500000000000014
lpr,slowheat,classifier_gap,1611510062,-0.13299999999999995
lpr,slowheat,classifier_gap,333205446,-0.1257999999999999
lpr,slowheat,classifier_gap,130501536,-0.13380000000000009
lpr,slowheat,classifier_gap,492612040,-0.13950000000000007
lpr,slowheat,elapsed_seconds,2101606466,20.77364111796487
lpr,slowheat,elapsed_seconds,1872839281,13.066847793001216
lpr,slowheat,elapsed_seconds,637029796,25.30608647799818
lpr,slowheat,elapsed_seconds,1357204345,9.745395014004316
lpr,slowheat,elapsed_seconds,1758462037,-6.719103342969902
lpr,slowheat,elapsed_seconds,748737880,-6.36247056099819
lpr,slowheat,elapsed_seconds,1611510062,-6.737313496996649
lpr,slowheat,elapsed_seconds,333205446,-6.6141332229890395
lpr,slowheat,elapsed_seconds,130501536,-6.312570383975981
lpr,slowheat,elapsed_seconds,492612040,-6.942243211029563
lpr,slowheat,learner_examples_processed,2101606466,-80640.0
lpr,slowheat,learner_examples_processed,1872839281,-80640.0
lpr,slowheat,learner_examples_processed,637029796,-80640.0
lpr,slowheat,learner_examples_processed,1357204345,-80640.0
lpr,slowheat,learner_examples_processed,1758462037,-80640.0
lpr,slowheat,learner_examples_processed,748737880,-80640.0
lpr,slowheat,learner_examples_processed,1611510062,-80640.0
lpr,slowheat,learner_examples_processed,333205446,-80640.0
lpr,slowheat,learner_examples_processed,130501536,-80640.0
lpr,slowheat,learner_examples_processed,492612040,-80640.0
lpr,slowheat,total_model_examples_processed,2101606466,-81080.0
lpr,slowheat,total_model_examples_processed,1872839281,-81080.0
lpr,slowheat,total_model_examples_processed,637029796,-81080.0
lpr,slowheat,total_model_examples_processed,1357204345,-81080.0
lpr,slowheat,total_model_examples_processed,1758462037,-81080.0
lpr,slowheat,total_model_examples_processed,748737880,-81080.0
lpr,slowheat,total_model_examples_processed,1611510062,-81080.0
lpr,slowheat,total_model_examples_processed,333205446,-81080.0
lpr,slowheat,total_model_examples_processed,130501536,-81080.0
lpr,slowheat,total_model_examples_processed,492612040,-81080.0
lpr,slowheat,estimated_total_flops,2101606466,-372867434703750.0
lpr,slowheat,estimated_total_flops,1872839281,-372867434703750.0
lpr,slowheat,estimated_total_flops,637029796,-372867434703750.0
lpr,slowheat,estimated_total_flops,1357204345,-372867434703750.0
lpr,slowheat,estimated_total_flops,1758462037,-372867434703750.0
lpr,slowheat,estimated_total_flops,748737880,-372867434703750.0
lpr,slowheat,estimated_total_flops,1611510062,-372867434703750.0
lpr,slowheat,estimated_total_flops,333205446,-372867434703750.0
lpr,slowheat,estimated_total_flops,130501536,-372867434703750.0
lpr,slowheat,estimated_total_flops,492612040,-372867434703750.0
lpr,slowheat,estimated_overhead_flops,2101606466,-103642933865350.0
lpr,slowheat,estimated_overhead_flops,1872839281,-103642933865350.0
lpr,slowheat,estimated_overhead_flops,637029796,-103642933865350.0
lpr,slowheat,estimated_overhead_flops,1357204345,-103642933865350.0
lpr,slowheat,estimated_overhead_flops,1758462037,-103642933865350.0
lpr,slowheat,estimated_overhead_flops,748737880,-103642933865350.0
lpr,slowheat,estimated_overhead_flops,1611510062,-103642933865350.0
lpr,slowheat,estimated_overhead_flops,333205446,-103642933865350.0
lpr,slowheat,estimated_overhead_flops,130501536,-103642933865350.0
lpr,slowheat,estimated_overhead_flops,492612040,-103642933865350.0
lpr,slowheat,replay_memory_bytes,2101606466,-2459200.0
lpr,slowheat,replay_memory_bytes,1872839281,-2459200.0
lpr,slowheat,replay_memory_bytes,637029796,-2459200.0
lpr,slowheat,replay_memory_bytes,1357204345,-2459200.0
lpr,slowheat,replay_memory_bytes,1758462037,-2459200.0
lpr,slowheat,replay_memory_bytes,748737880,-2459200.0
lpr,slowheat,replay_memory_bytes,1611510062,-2459200.0
lpr,slowheat,replay_memory_bytes,333205446,-2459200.0
lpr,slowheat,replay_memory_bytes,130501536,-2459200.0
lpr,slowheat,replay_memory_bytes,492612040,-2459200.0
lpr,slowheat,stored_logits_bytes,2101606466,0.0
lpr,slowheat,stored_logits_bytes,1872839281,0.0
lpr,slowheat,stored_logits_bytes,637029796,0.0
lpr,slowheat,stored_logits_bytes,1357204345,0.0
lpr,slowheat,stored_logits_bytes,1758462037,0.0
lpr,slowheat,stored_logits_bytes,748737880,0.0
lpr,slowheat,stored_logits_bytes,1611510062,0.0
lpr,slowheat,stored_logits_bytes,333205446,0.0
lpr,slowheat,stored_logits_bytes,130501536,0.0
lpr,slowheat,stored_logits_bytes,492612040,0.0
lpr,slowheat,replay_metadata_bytes,2101606466,-6400.0
lpr,slowheat,replay_metadata_bytes,1872839281,-6400.0
lpr,slowheat,replay_metadata_bytes,637029796,-6400.0
lpr,slowheat,replay_metadata_bytes,1357204345,-6400.0
lpr,slowheat,replay_metadata_bytes,1758462037,-6400.0
lpr,slowheat,replay_metadata_bytes,748737880,-6400.0
lpr,slowheat,replay_metadata_bytes,1611510062,-6400.0
lpr,slowheat,replay_metadata_bytes,333205446,-6400.0
lpr,slowheat,replay_metadata_bytes,130501536,-6400.0
lpr,slowheat,replay_metadata_bytes,492612040,-6400.0
lpr,slowheat,selector_forward_examples,2101606466,0.0
lpr,slowheat,selector_forward_examples,1872839281,0.0
lpr,slowheat,selector_forward_examples,637029796,0.0
lpr,slowheat,selector_forward_examples,1357204345,0.0
lpr,slowheat,selector_forward_examples,1758462037,0.0
lpr,slowheat,selector_forward_examples,748737880,0.0
lpr,slowheat,selector_forward_examples,1611510062,0.0
lpr,slowheat,selector_forward_examples,333205446,0.0
lpr,slowheat,selector_forward_examples,130501536,0.0
lpr,slowheat,selector_forward_examples,492612040,0.0
lpr,slowheat,selection_seconds,2101606466,-0.013516899984097108
lpr,slowheat,selection_seconds,1872839281,-0.012809374020434916
lpr,slowheat,selection_seconds,637029796,-0.014135355973849073
lpr,slowheat,selection_seconds,1357204345,-0.013441000017337501
lpr,slowheat,selection_seconds,1758462037,-0.012675289966864511
lpr,slowheat,selection_seconds,748737880,-0.012466117972508073
lpr,slowheat,selection_seconds,1611510062,-0.012912355974549428
lpr,slowheat,selection_seconds,333205446,-0.012987392983632162
lpr,slowheat,selection_seconds,130501536,-0.012941971013788134
lpr,slowheat,selection_seconds,492612040,-0.013017484976444393
lpr,hard_freeze,final_average_accuracy,2101606466,-0.08570000000000003
lpr,hard_freeze,final_average_accuracy,1872839281,-0.1205
lpr,hard_freeze,final_average_accuracy,637029796,-0.0922
lpr,hard_freeze,final_average_accuracy,1357204345,-0.11260000000000003
lpr,hard_freeze,final_average_accuracy,1758462037,-0.12649999999999997
lpr,hard_freeze,final_average_accuracy,748737880,-0.1116
lpr,hard_freeze,final_average_accuracy,1611510062,-0.11779999999999999
lpr,hard_freeze,final_average_accuracy,333205446,-0.0935
lpr,hard_freeze,final_average_accuracy,130501536,-0.10110000000000002
lpr,hard_freeze,final_average_accuracy,492612040,-0.13590000000000002
lpr,hard_freeze,average_forgetting,2101606466,-0.07162499999999994
lpr,hard_freeze,average_forgetting,1872839281,-0.009749999999999925
lpr,hard_freeze,average_forgetting,637029796,-0.004625000000000101
lpr,hard_freeze,average_forgetting,1357204345,0.009000000000000008
lpr,hard_freeze,average_forgetting,1758462037,-0.004124999999999934
lpr,hard_freeze,average_forgetting,748737880,-0.08799999999999997
lpr,hard_freeze,average_forgetting,1611510062,-0.014624999999999999
lpr,hard_freeze,average_forgetting,333205446,-0.007874999999999965
lpr,hard_freeze,average_forgetting,130501536,0.0014999999999999458
lpr,hard_freeze,average_forgetting,492612040,0.042749999999999955
lpr,hard_freeze,backward_transfer,2101606466,0.07162499999999994
lpr,hard_freeze,backward_transfer,1872839281,0.009749999999999925
lpr,hard_freeze,backward_transfer,637029796,0.004625000000000101
lpr,hard_freeze,backward_transfer,1357204345,-0.009000000000000008
lpr,hard_freeze,backward_transfer,1758462037,0.004124999999999934
lpr,hard_freeze,backward_transfer,748737880,0.08799999999999997
lpr,hard_freeze,backward_transfer,1611510062,0.014624999999999999
lpr,hard_freeze,backward_transfer,333205446,0.007874999999999965
lpr,hard_freeze,backward_transfer,130501536,-0.0014999999999999458
lpr,hard_freeze,backward_transfer,492612040,-0.042749999999999955
lpr,hard_freeze,forward_transfer,2101606466,0.0006250000000000006
lpr,hard_freeze,forward_transfer,1872839281,0.00012499999999998623
lpr,hard_freeze,forward_transfer,637029796,-0.009500000000000008
lpr,hard_freeze,forward_transfer,1357204345,0.0
lpr,hard_freeze,forward_transfer,1758462037,0.0
lpr,hard_freeze,forward_transfer,748737880,0.0
lpr,hard_freeze,forward_transfer,1611510062,0.0
lpr,hard_freeze,forward_transfer,333205446,-0.005874999999999998
lpr,hard_freeze,forward_transfer,130501536,0.000999999999999987
lpr,hard_freeze,forward_transfer,492612040,0.0010000000000000009
lpr,hard_freeze,task_aware_final_accuracy,2101606466,-0.2458999999999999
lpr,hard_freeze,task_aware_final_accuracy,1872839281,-0.23929999999999996
lpr,hard_freeze,task_aware_final_accuracy,637029796,-0.21609999999999996
lpr,hard_freeze,task_aware_final_accuracy,1357204345,-0.2628999999999999
lpr,hard_freeze,task_aware_final_accuracy,1758462037,-0.23429999999999984
lpr,hard_freeze,task_aware_final_accuracy,748737880,-0.26660000000000006
lpr,hard_freeze,task_aware_final_accuracy,1611510062,-0.2507999999999999
lpr,hard_freeze,task_aware_final_accuracy,333205446,-0.21830000000000005
lpr,hard_freeze,task_aware_final_accuracy,130501536,-0.2309000000000001
lpr,hard_freeze,task_aware_final_accuracy,492612040,-0.2772000000000001
lpr,hard_freeze,task_aware_forgetting,2101606466,0.12550000000000003
lpr,hard_freeze,task_aware_forgetting,1872839281,0.13662499999999997
lpr,hard_freeze,task_aware_forgetting,637029796,0.14812499999999998
lpr,hard_freeze,task_aware_forgetting,1357204345,0.19549999999999998
lpr,hard_freeze,task_aware_forgetting,1758462037,0.12924999999999998
lpr,hard_freeze,task_aware_forgetting,748737880,0.10475000000000001
lpr,hard_freeze,task_aware_forgetting,1611510062,0.14962499999999995
lpr,hard_freeze,task_aware_forgetting,333205446,0.14575000000000005
lpr,hard_freeze,task_aware_forgetting,130501536,0.16274999999999998
lpr,hard_freeze,task_aware_forgetting,492612040,0.21787500000000007
lpr,hard_freeze,classifier_gap,2101606466,-0.1601999999999999
lpr,hard_freeze,classifier_gap,1872839281,-0.1187999999999999
lpr,hard_freeze,classifier_gap,637029796,-0.12390000000000001
lpr,hard_freeze,classifier_gap,1357204345,-0.15029999999999988
lpr,hard_freeze,classifier_gap,1758462037,-0.1077999999999999
lpr,hard_freeze,classifier_gap,748737880,-0.15500000000000014
lpr,hard_freeze,classifier_gap,1611510062,-0.1329999999999999
lpr,hard_freeze,classifier_gap,333205446,-0.12480000000000002
lpr,hard_freeze,classifier_gap,130501536,-0.12980000000000008
lpr,hard_freeze,classifier_gap,492612040,-0.14130000000000015
lpr,hard_freeze,elapsed_seconds,2101606466,16.970860733970767
lpr,hard_freeze,elapsed_seconds,1872839281,9.59946768800728
lpr,hard_freeze,elapsed_seconds,637029796,22.20301333500538
lpr,hard_freeze,elapsed_seconds,1357204345,12.520234739000443
lpr,hard_freeze,elapsed_seconds,1758462037,-9.021250315010548
lpr,hard_freeze,elapsed_seconds,748737880,-9.091388073982671
lpr,hard_freeze,elapsed_seconds,1611510062,-8.764479061006568
lpr,hard_freeze,elapsed_seconds,333205446,-8.633826498000417
lpr,hard_freeze,elapsed_seconds,130501536,-8.826429364969954
lpr,hard_freeze,elapsed_seconds,492612040,-9.648289674019907
lpr,hard_freeze,learner_examples_processed,2101606466,-80640.0
lpr,hard_freeze,learner_examples_processed,1872839281,-80640.0
lpr,hard_freeze,learner_examples_processed,637029796,-80640.0
lpr,hard_freeze,learner_examples_processed,1357204345,-80640.0
lpr,hard_freeze,learner_examples_processed,1758462037,-80640.0
lpr,hard_freeze,learner_examples_processed,748737880,-80640.0
lpr,hard_freeze,learner_examples_processed,1611510062,-80640.0
lpr,hard_freeze,learner_examples_processed,333205446,-80640.0
lpr,hard_freeze,learner_examples_processed,130501536,-80640.0
lpr,hard_freeze,learner_examples_processed,492612040,-80640.0
lpr,hard_freeze,total_model_examples_processed,2101606466,-81080.0
lpr,hard_freeze,total_model_examples_processed,1872839281,-81080.0
lpr,hard_freeze,total_model_examples_processed,637029796,-81080.0
lpr,hard_freeze,total_model_examples_processed,1357204345,-81080.0
lpr,hard_freeze,total_model_examples_processed,1758462037,-81080.0
lpr,hard_freeze,total_model_examples_processed,748737880,-81080.0
lpr,hard_freeze,total_model_examples_processed,1611510062,-81080.0
lpr,hard_freeze,total_model_examples_processed,333205446,-81080.0
lpr,hard_freeze,total_model_examples_processed,130501536,-81080.0
lpr,hard_freeze,total_model_examples_processed,492612040,-81080.0
lpr,hard_freeze,estimated_total_flops,2101606466,-372867434703750.0
lpr,hard_freeze,estimated_total_flops,1872839281,-372867434703750.0
lpr,hard_freeze,estimated_total_flops,637029796,-372867434703750.0
lpr,hard_freeze,estimated_total_flops,1357204345,-372867434703750.0
lpr,hard_freeze,estimated_total_flops,1758462037,-372867434703750.0
lpr,hard_freeze,estimated_total_flops,748737880,-372867434703750.0
lpr,hard_freeze,estimated_total_flops,1611510062,-372867434703750.0
lpr,hard_freeze,estimated_total_flops,333205446,-372867434703750.0
lpr,hard_freeze,estimated_total_flops,130501536,-372867434703750.0
lpr,hard_freeze,estimated_total_flops,492612040,-372867434703750.0
lpr,hard_freeze,estimated_overhead_flops,2101606466,-103642933865350.0
lpr,hard_freeze,estimated_overhead_flops,1872839281,-103642933865350.0
lpr,hard_freeze,estimated_overhead_flops,637029796,-103642933865350.0
lpr,hard_freeze,estimated_overhead_flops,1357204345,-103642933865350.0
lpr,hard_freeze,estimated_overhead_flops,1758462037,-103642933865350.0
lpr,hard_freeze,estimated_overhead_flops,748737880,-103642933865350.0
lpr,hard_freeze,estimated_overhead_flops,1611510062,-103642933865350.0
lpr,hard_freeze,estimated_overhead_flops,333205446,-103642933865350.0
lpr,hard_freeze,estimated_overhead_flops,130501536,-103642933865350.0
lpr,hard_freeze,estimated_overhead_flops,492612040,-103642933865350.0
lpr,hard_freeze,replay_memory_bytes,2101606466,-2459200.0
lpr,hard_freeze,replay_memory_bytes,1872839281,-2459200.0
lpr,hard_freeze,replay_memory_bytes,637029796,-2459200.0
lpr,hard_freeze,replay_memory_bytes,1357204345,-2459200.0
lpr,hard_freeze,replay_memory_bytes,1758462037,-2459200.0
lpr,hard_freeze,replay_memory_bytes,748737880,-2459200.0
lpr,hard_freeze,replay_memory_bytes,1611510062,-2459200.0
lpr,hard_freeze,replay_memory_bytes,333205446,-2459200.0
lpr,hard_freeze,replay_memory_bytes,130501536,-2459200.0
lpr,hard_freeze,replay_memory_bytes,492612040,-2459200.0
lpr,hard_freeze,stored_logits_bytes,2101606466,0.0
lpr,hard_freeze,stored_logits_bytes,1872839281,0.0
lpr,hard_freeze,stored_logits_bytes,637029796,0.0
lpr,hard_freeze,stored_logits_bytes,1357204345,0.0
lpr,hard_freeze,stored_logits_bytes,1758462037,0.0
lpr,hard_freeze,stored_logits_bytes,748737880,0.0
lpr,hard_freeze,stored_logits_bytes,1611510062,0.0
lpr,hard_freeze,stored_logits_bytes,333205446,0.0
lpr,hard_freeze,stored_logits_bytes,130501536,0.0
lpr,hard_freeze,stored_logits_bytes,492612040,0.0
lpr,hard_freeze,replay_metadata_bytes,2101606466,-6400.0
lpr,hard_freeze,replay_metadata_bytes,1872839281,-6400.0
lpr,hard_freeze,replay_metadata_bytes,637029796,-6400.0
lpr,hard_freeze,replay_metadata_bytes,1357204345,-6400.0
lpr,hard_freeze,replay_metadata_bytes,1758462037,-6400.0
lpr,hard_freeze,replay_metadata_bytes,748737880,-6400.0
lpr,hard_freeze,replay_metadata_bytes,1611510062,-6400.0
lpr,hard_freeze,replay_metadata_bytes,333205446,-6400.0
lpr,hard_freeze,replay_metadata_bytes,130501536,-6400.0
lpr,hard_freeze,replay_metadata_bytes,492612040,-6400.0
lpr,hard_freeze,selector_forward_examples,2101606466,0.0
lpr,hard_freeze,selector_forward_examples,1872839281,0.0
lpr,hard_freeze,selector_forward_examples,637029796,0.0
lpr,hard_freeze,selector_forward_examples,1357204345,0.0
lpr,hard_freeze,selector_forward_examples,1758462037,0.0
lpr,hard_freeze,selector_forward_examples,748737880,0.0
lpr,hard_freeze,selector_forward_examples,1611510062,0.0
lpr,hard_freeze,selector_forward_examples,333205446,0.0
lpr,hard_freeze,selector_forward_examples,130501536,0.0
lpr,hard_freeze,selector_forward_examples,492612040,0.0
lpr,hard_freeze,selection_seconds,2101606466,-0.013516899984097108
lpr,hard_freeze,selection_seconds,1872839281,-0.012809374020434916
lpr,hard_freeze,selection_seconds,637029796,-0.014135355973849073
lpr,hard_freeze,selection_seconds,1357204345,-0.013441000017337501
lpr,hard_freeze,selection_seconds,1758462037,-0.012675289966864511
lpr,hard_freeze,selection_seconds,748737880,-0.012466117972508073
lpr,hard_freeze,selection_seconds,1611510062,-0.012912355974549428
lpr,hard_freeze,selection_seconds,333205446,-0.012987392983632162
lpr,hard_freeze,selection_seconds,130501536,-0.012941971013788134
lpr,hard_freeze,selection_seconds,492612040,-0.013017484976444393
lpr,slowheat_lpr,final_average_accuracy,2101606466,0.00849999999999998
lpr,slowheat_lpr,final_average_accuracy,1872839281,-0.02159999999999998
lpr,slowheat_lpr,final_average_accuracy,637029796,-0.009200000000000014
lpr,slowheat_lpr,final_average_accuracy,1357204345,-0.03240000000000004
lpr,slowheat_lpr,final_average_accuracy,1758462037,-0.027200000000000002
lpr,slowheat_lpr,final_average_accuracy,748737880,-0.007800000000000001
lpr,slowheat_lpr,final_average_accuracy,1611510062,-0.0305
lpr,slowheat_lpr,final_average_accuracy,333205446,0.008599999999999997
lpr,slowheat_lpr,final_average_accuracy,130501536,0.0032000000000000084
lpr,slowheat_lpr,final_average_accuracy,492612040,-0.014300000000000035
lpr,slowheat_lpr,average_forgetting,2101606466,-0.04525000000000001
lpr,slowheat_lpr,average_forgetting,1872839281,0.020375000000000032
lpr,slowheat_lpr,average_forgetting,637029796,-0.0015000000000000568
lpr,slowheat_lpr,average_forgetting,1357204345,0.010000000000000009
lpr,slowheat_lpr,average_forgetting,1758462037,-0.0019999999999998908
lpr,slowheat_lpr,average_forgetting,748737880,-0.010749999999999815
lpr,slowheat_lpr,average_forgetting,1611510062,0.014875000000000083
lpr,slowheat_lpr,average_forgetting,333205446,-0.026000000000000023
lpr,slowheat_lpr,average_forgetting,130501536,-0.013375000000000137
lpr,slowheat_lpr,average_forgetting,492612040,0.004750000000000032
lpr,slowheat_lpr,backward_transfer,2101606466,0.04525000000000001
lpr,slowheat_lpr,backward_transfer,1872839281,-0.020375000000000032
lpr,slowheat_lpr,backward_transfer,637029796,0.0015000000000000568
lpr,slowheat_lpr,backward_transfer,1357204345,-0.010000000000000009
lpr,slowheat_lpr,backward_transfer,1758462037,0.0019999999999998908
lpr,slowheat_lpr,backward_transfer,748737880,0.010749999999999815
lpr,slowheat_lpr,backward_transfer,1611510062,-0.014875000000000083
lpr,slowheat_lpr,backward_transfer,333205446,0.026000000000000023
lpr,slowheat_lpr,backward_transfer,130501536,0.013375000000000137
lpr,slowheat_lpr,backward_transfer,492612040,-0.004750000000000032
lpr,slowheat_lpr,forward_transfer,2101606466,0.00037500000000000033
lpr,slowheat_lpr,forward_transfer,1872839281,-0.000250000000000028
lpr,slowheat_lpr,forward_transfer,637029796,-0.013500000000000012
lpr,slowheat_lpr,forward_transfer,1357204345,0.0
lpr,slowheat_lpr,forward_transfer,1758462037,0.0
lpr,slowheat_lpr,forward_transfer,748737880,0.0
lpr,slowheat_lpr,forward_transfer,1611510062,0.0
lpr,slowheat_lpr,forward_transfer,333205446,-0.009625000000000002
lpr,slowheat_lpr,forward_transfer,130501536,0.0028749999999999887
lpr,slowheat_lpr,forward_transfer,492612040,0.0020000000000000018
lpr,slowheat_lpr,task_aware_final_accuracy,2101606466,0.000600000000000156
lpr,slowheat_lpr,task_aware_final_accuracy,1872839281,0.009000000000000119
lpr,slowheat_lpr,task_aware_final_accuracy,637029796,0.0022999999999999687
lpr,slowheat_lpr,task_aware_final_accuracy,1357204345,-0.03810000000000002
lpr,slowheat_lpr,task_aware_final_accuracy,1758462037,-0.020199999999999885
lpr,slowheat_lpr,task_aware_final_accuracy,748737880,-0.02110000000000012
lpr,slowheat_lpr,task_aware_final_accuracy,1611510062,-0.038899999999999935
lpr,slowheat_lpr,task_aware_final_accuracy,333205446,-0.0017000000000000348
lpr,slowheat_lpr,task_aware_final_accuracy,130501536,-0.012299999999999978
lpr,slowheat_lpr,task_aware_final_accuracy,492612040,-0.0384000000000001
lpr,slowheat_lpr,task_aware_forgetting,2101606466,-0.03412499999999999
lpr,slowheat_lpr,task_aware_forgetting,1872839281,-0.018500000000000044
lpr,slowheat_lpr,task_aware_forgetting,637029796,-0.015374999999999972
lpr,slowheat_lpr,task_aware_forgetting,1357204345,0.016749999999999987
lpr,slowheat_lpr,task_aware_forgetting,1758462037,-0.009500000000000008
lpr,slowheat_lpr,task_aware_forgetting,748737880,0.007375000000000048
lpr,slowheat_lpr,task_aware_forgetting,1611510062,0.026624999999999954
lpr,slowheat_lpr,task_aware_forgetting,333205446,-0.012500000000000011
lpr,slowheat_lpr,task_aware_forgetting,130501536,0.007750000000000035
lpr,slowheat_lpr,task_aware_forgetting,492612040,0.03525000000000003
lpr,slowheat_lpr,classifier_gap,2101606466,-0.007899999999999907
lpr,slowheat_lpr,classifier_gap,1872839281,0.030600000000000183
lpr,slowheat_lpr,classifier_gap,637029796,0.011499999999999955
lpr,slowheat_lpr,classifier_gap,1357204345,-0.005700000000000038
lpr,slowheat_lpr,classifier_gap,1758462037,0.007000000000000117
lpr,slowheat_lpr,classifier_gap,748737880,-0.0133000000000002
lpr,slowheat_lpr,classifier_gap,1611510062,-0.008399999999999852
lpr,slowheat_lpr,classifier_gap,333205446,-0.010299999999999976
lpr,slowheat_lpr,classifier_gap,130501536,-0.015499999999999958
lpr,slowheat_lpr,classifier_gap,492612040,-0.02410000000000012
lpr,slowheat_lpr,elapsed_seconds,2101606466,132.96763859299244
lpr,slowheat_lpr,elapsed_seconds,1872839281,98.98458693097928
lpr,slowheat_lpr,elapsed_seconds,637029796,146.47411738400115
lpr,slowheat_lpr,elapsed_seconds,1357204345,102.65883957000915
lpr,slowheat_lpr,elapsed_seconds,1758462037,59.30857922200812
lpr,slowheat_lpr,elapsed_seconds,748737880,58.92721529499977
lpr,slowheat_lpr,elapsed_seconds,1611510062,59.399295759998495
lpr,slowheat_lpr,elapsed_seconds,333205446,59.356050795002375
lpr,slowheat_lpr,elapsed_seconds,130501536,59.53733101702528
lpr,slowheat_lpr,elapsed_seconds,492612040,58.80802011597552
lpr,slowheat_lpr,learner_examples_processed,2101606466,0.0
lpr,slowheat_lpr,learner_examples_processed,1872839281,0.0
lpr,slowheat_lpr,learner_examples_processed,637029796,0.0
lpr,slowheat_lpr,learner_examples_processed,1357204345,0.0
lpr,slowheat_lpr,learner_examples_processed,1758462037,0.0
lpr,slowheat_lpr,learner_examples_processed,748737880,0.0
lpr,slowheat_lpr,learner_examples_processed,1611510062,0.0
lpr,slowheat_lpr,learner_examples_processed,333205446,0.0
lpr,slowheat_lpr,learner_examples_processed,130501536,0.0
lpr,slowheat_lpr,learner_examples_processed,492612040,0.0
lpr,slowheat_lpr,total_model_examples_processed,2101606466,0.0
lpr,slowheat_lpr,total_model_examples_processed,1872839281,0.0
lpr,slowheat_lpr,total_model_examples_processed,637029796,0.0
lpr,slowheat_lpr,total_model_examples_processed,1357204345,0.0
lpr,slowheat_lpr,total_model_examples_processed,1758462037,0.0
lpr,slowheat_lpr,total_model_examples_processed,748737880,0.0
lpr,slowheat_lpr,total_model_examples_processed,1611510062,0.0
lpr,slowheat_lpr,total_model_examples_processed,333205446,0.0
lpr,slowheat_lpr,total_model_examples_processed,130501536,0.0
lpr,slowheat_lpr,total_model_examples_processed,492612040,0.0
lpr,slowheat_lpr,estimated_total_flops,2101606466,25234934720.0
lpr,slowheat_lpr,estimated_total_flops,1872839281,25234934720.0
lpr,slowheat_lpr,estimated_total_flops,637029796,25234934720.0
lpr,slowheat_lpr,estimated_total_flops,1357204345,25234934720.0
lpr,slowheat_lpr,estimated_total_flops,1758462037,25234934720.0
lpr,slowheat_lpr,estimated_total_flops,748737880,25234934720.0
lpr,slowheat_lpr,estimated_total_flops,1611510062,25234934720.0
lpr,slowheat_lpr,estimated_total_flops,333205446,25234934720.0
lpr,slowheat_lpr,estimated_total_flops,130501536,25234934720.0
lpr,slowheat_lpr,estimated_total_flops,492612040,25234934720.0
lpr,slowheat_lpr,estimated_overhead_flops,2101606466,25234934720.0
lpr,slowheat_lpr,estimated_overhead_flops,1872839281,25234934720.0
lpr,slowheat_lpr,estimated_overhead_flops,637029796,25234934720.0
lpr,slowheat_lpr,estimated_overhead_flops,1357204345,25234934720.0
lpr,slowheat_lpr,estimated_overhead_flops,1758462037,25234934720.0
lpr,slowheat_lpr,estimated_overhead_flops,748737880,25234934720.0
lpr,slowheat_lpr,estimated_overhead_flops,1611510062,25234934720.0
lpr,slowheat_lpr,estimated_overhead_flops,333205446,25234934720.0
lpr,slowheat_lpr,estimated_overhead_flops,130501536,25234934720.0
lpr,slowheat_lpr,estimated_overhead_flops,492612040,25234934720.0
lpr,slowheat_lpr,replay_memory_bytes,2101606466,0.0
lpr,slowheat_lpr,replay_memory_bytes,1872839281,0.0
lpr,slowheat_lpr,replay_memory_bytes,637029796,0.0
lpr,slowheat_lpr,replay_memory_bytes,1357204345,0.0
lpr,slowheat_lpr,replay_memory_bytes,1758462037,0.0
lpr,slowheat_lpr,replay_memory_bytes,748737880,0.0
lpr,slowheat_lpr,replay_memory_bytes,1611510062,0.0
lpr,slowheat_lpr,replay_memory_bytes,333205446,0.0
lpr,slowheat_lpr,replay_memory_bytes,130501536,0.0
lpr,slowheat_lpr,replay_memory_bytes,492612040,0.0
lpr,slowheat_lpr,stored_logits_bytes,2101606466,0.0
lpr,slowheat_lpr,stored_logits_bytes,1872839281,0.0
lpr,slowheat_lpr,stored_logits_bytes,637029796,0.0
lpr,slowheat_lpr,stored_logits_bytes,1357204345,0.0
lpr,slowheat_lpr,stored_logits_bytes,1758462037,0.0
lpr,slowheat_lpr,stored_logits_bytes,748737880,0.0
lpr,slowheat_lpr,stored_logits_bytes,1611510062,0.0
lpr,slowheat_lpr,stored_logits_bytes,333205446,0.0
lpr,slowheat_lpr,stored_logits_bytes,130501536,0.0
lpr,slowheat_lpr,stored_logits_bytes,492612040,0.0
lpr,slowheat_lpr,replay_metadata_bytes,2101606466,0.0
lpr,slowheat_lpr,replay_metadata_bytes,1872839281,0.0
lpr,slowheat_lpr,replay_metadata_bytes,637029796,0.0
lpr,slowheat_lpr,replay_metadata_bytes,1357204345,0.0
lpr,slowheat_lpr,replay_metadata_bytes,1758462037,0.0
lpr,slowheat_lpr,replay_metadata_bytes,748737880,0.0
lpr,slowheat_lpr,replay_metadata_bytes,1611510062,0.0
lpr,slowheat_lpr,replay_metadata_bytes,333205446,0.0
lpr,slowheat_lpr,replay_metadata_bytes,130501536,0.0
lpr,slowheat_lpr,replay_metadata_bytes,492612040,0.0
lpr,slowheat_lpr,selector_forward_examples,2101606466,0.0
lpr,slowheat_lpr,selector_forward_examples,1872839281,0.0
lpr,slowheat_lpr,selector_forward_examples,637029796,0.0
lpr,slowheat_lpr,selector_forward_examples,1357204345,0.0
lpr,slowheat_lpr,selector_forward_examples,1758462037,0.0
lpr,slowheat_lpr,selector_forward_examples,748737880,0.0
lpr,slowheat_lpr,selector_forward_examples,1611510062,0.0
lpr,slowheat_lpr,selector_forward_examples,333205446,0.0
lpr,slowheat_lpr,selector_forward_examples,130501536,0.0
lpr,slowheat_lpr,selector_forward_examples,492612040,0.0
lpr,slowheat_lpr,selection_seconds,2101606466,-0.00024500698782503605
lpr,slowheat_lpr,selection_seconds,1872839281,-1.3941025827080011e-05
lpr,slowheat_lpr,selection_seconds,637029796,0.0014805140090174973
lpr,slowheat_lpr,selection_seconds,1357204345,-0.0006552590057253838
lpr,slowheat_lpr,selection_seconds,1758462037,0.0003860199940390885
lpr,slowheat_lpr,selection_seconds,748737880,0.0006853600207250565
lpr,slowheat_lpr,selection_seconds,1611510062,4.5548047637566924e-05
lpr,slowheat_lpr,selection_seconds,333205446,1.328907092101872e-05
lpr,slowheat_lpr,selection_seconds,130501536,-3.342900890856981e-05
lpr,slowheat_lpr,selection_seconds,492612040,-0.0002325200184714049
lpr,classifier_expander,final_average_accuracy,2101606466,0.12439999999999998
lpr,classifier_expander,final_average_accuracy,1872839281,0.1049
lpr,classifier_expander,final_average_accuracy,637029796,0.12990000000000002
lpr,classifier_expander,final_average_accuracy,1357204345,0.10909999999999997
lpr,classifier_expander,final_average_accuracy,1758462037,0.08840000000000003
lpr,classifier_expander,final_average_accuracy,748737880,0.1537
lpr,classifier_expander,final_average_accuracy,1611510062,0.0963
lpr,classifier_expander,final_average_accuracy,333205446,0.12460000000000002
lpr,classifier_expander,final_average_accuracy,130501536,0.14740000000000003
lpr,classifier_expander,final_average_accuracy,492612040,0.1225
lpr,classifier_expander,average_forgetting,2101606466,-0.46549999999999997
lpr,classifier_expander,average_forgetting,1872839281,-0.44775000000000004
lpr,classifier_expander,average_forgetting,637029796,-0.4593750000000001
lpr,classifier_expander,average_forgetting,1357204345,-0.4565
lpr,classifier_expander,average_forgetting,1758462037,-0.40074999999999994
lpr,classifier_expander,average_forgetting,748737880,-0.500875
lpr,classifier_expander,average_forgetting,1611510062,-0.4065
lpr,classifier_expander,average_forgetting,333205446,-0.4759999999999999
lpr,classifier_expander,average_forgetting,130501536,-0.49787500000000007
lpr,classifier_expander,average_forgetting,492612040,-0.44725000000000004
lpr,classifier_expander,backward_transfer,2101606466,0.5526249999999999
lpr,classifier_expander,backward_transfer,1872839281,0.48387500000000006
lpr,classifier_expander,backward_transfer,637029796,0.528
lpr,classifier_expander,backward_transfer,1357204345,0.47800000000000004
lpr,classifier_expander,backward_transfer,1758462037,0.4793749999999999
lpr,classifier_expander,backward_transfer,748737880,0.5618749999999999
lpr,classifier_expander,backward_transfer,1611510062,0.48062499999999997
lpr,classifier_expander,backward_transfer,333205446,0.534375
lpr,classifier_expander,backward_transfer,130501536,0.5743750000000001
lpr,classifier_expander,backward_transfer,492612040,0.483
lpr,classifier_expander,forward_transfer,2101606466,0.006250000000000002
lpr,classifier_expander,forward_transfer,1872839281,0.011124999999999996
lpr,classifier_expander,forward_transfer,637029796,-0.004250000000000004
lpr,classifier_expander,forward_transfer,1357204345,0.010000000000000009
lpr,classifier_expander,forward_transfer,1758462037,0.0
lpr,classifier_expander,forward_transfer,748737880,0.0
lpr,classifier_expander,forward_transfer,1611510062,0.020875000000000005
lpr,classifier_expander,forward_transfer,333205446,0.024499999999999994
lpr,classifier_expander,forward_transfer,130501536,0.005875000000000005
lpr,classifier_expander,forward_transfer,492612040,-0.006000000000000005
lpr,classifier_expander,task_aware_final_accuracy,2101606466,0.030300000000000216
lpr,classifier_expander,task_aware_final_accuracy,1872839281,0.031399999999999983
lpr,classifier_expander,task_aware_final_accuracy,637029796,0.055500000000000105
lpr,classifier_expander,task_aware_final_accuracy,1357204345,0.0044000000000000705
lpr,classifier_expander,task_aware_final_accuracy,1758462037,0.023500000000000187
lpr,classifier_expander,task_aware_final_accuracy,748737880,0.030099999999999794
lpr,classifier_expander,task_aware_final_accuracy,1611510062,0.024700000000000055
lpr,classifier_expander,task_aware_final_accuracy,333205446,0.0506000000000002
lpr,classifier_expander,task_aware_final_accuracy,130501536,0.026899999999999924
lpr,classifier_expander,task_aware_final_accuracy,492612040,0.008099999999999885
lpr,classifier_expander,task_aware_forgetting,2101606466,-0.05975
lpr,classifier_expander,task_aware_forgetting,1872839281,-0.050875000000000004
lpr,classifier_expander,task_aware_forgetting,637029796,-0.088
lpr,classifier_expander,task_aware_forgetting,1357204345,-0.02612500000000001
lpr,classifier_expander,task_aware_forgetting,1758462037,-0.05375000000000002
lpr,classifier_expander,task_aware_forgetting,748737880,-0.05212499999999995
lpr,classifier_expander,task_aware_forgetting,1611510062,-0.034875000000000045
lpr,classifier_expander,task_aware_forgetting,333205446,-0.07624999999999998
lpr,classifier_expander,task_aware_forgetting,130501536,-0.043374999999999914
lpr,classifier_expander,task_aware_forgetting,492612040,-0.029999999999999943
lpr,classifier_expander,classifier_gap,2101606466,-0.0940999999999998
lpr,classifier_expander,classifier_gap,1872839281,-0.07349999999999995
lpr,classifier_expander,classifier_gap,637029796,-0.07439999999999997
lpr,classifier_expander,classifier_gap,1357204345,-0.1046999999999999
lpr,classifier_expander,classifier_gap,1758462037,-0.06489999999999985
lpr,classifier_expander,classifier_gap,748737880,-0.12360000000000027
lpr,classifier_expander,classifier_gap,1611510062,-0.07159999999999989
lpr,classifier_expander,classifier_gap,333205446,-0.07399999999999979
lpr,classifier_expander,classifier_gap,130501536,-0.12050000000000011
lpr,classifier_expander,classifier_gap,492612040,-0.11440000000000017
lpr,classifier_expander,elapsed_seconds,2101606466,17.837612261006143
lpr,classifier_expander,elapsed_seconds,1872839281,5.15316470398102
lpr,classifier_expander,elapsed_seconds,637029796,-7.518516148003982
lpr,classifier_expander,elapsed_seconds,1357204345,-58.117333969974425
lpr,classifier_expander,elapsed_seconds,1758462037,4.2471830020076595
lpr,classifier_expander,elapsed_seconds,748737880,3.8970552970131394
lpr,classifier_expander,elapsed_seconds,1611510062,4.3256155350245535
lpr,classifier_expander,elapsed_seconds,333205446,4.106619745027274
lpr,classifier_expander,elapsed_seconds,130501536,4.379648938018363
lpr,classifier_expander,elapsed_seconds,492612040,4.175087543961126
lpr,classifier_expander,learner_examples_processed,2101606466,704.0
lpr,classifier_expander,learner_examples_processed,1872839281,704.0
lpr,classifier_expander,learner_examples_processed,637029796,704.0
lpr,classifier_expander,learner_examples_processed,1357204345,704.0
lpr,classifier_expander,learner_examples_processed,1758462037,704.0
lpr,classifier_expander,learner_examples_processed,748737880,704.0
lpr,classifier_expander,learner_examples_processed,1611510062,704.0
lpr,classifier_expander,learner_examples_processed,333205446,704.0
lpr,classifier_expander,learner_examples_processed,130501536,704.0
lpr,classifier_expander,learner_examples_processed,492612040,704.0
lpr,classifier_expander,total_model_examples_processed,2101606466,80904.0
lpr,classifier_expander,total_model_examples_processed,1872839281,80904.0
lpr,classifier_expander,total_model_examples_processed,637029796,80904.0
lpr,classifier_expander,total_model_examples_processed,1357204345,80904.0
lpr,classifier_expander,total_model_examples_processed,1758462037,80904.0
lpr,classifier_expander,total_model_examples_processed,748737880,80904.0
lpr,classifier_expander,total_model_examples_processed,1611510062,80904.0
lpr,classifier_expander,total_model_examples_processed,333205446,80904.0
lpr,classifier_expander,total_model_examples_processed,130501536,80904.0
lpr,classifier_expander,total_model_examples_processed,492612040,80904.0
lpr,classifier_expander,estimated_total_flops,2101606466,-12230086839700.0
lpr,classifier_expander,estimated_total_flops,1872839281,-12230086839700.0
lpr,classifier_expander,estimated_total_flops,637029796,-12230086839700.0
lpr,classifier_expander,estimated_total_flops,1357204345,-12230086839700.0
lpr,classifier_expander,estimated_total_flops,1758462037,-12230086839700.0
lpr,classifier_expander,estimated_total_flops,748737880,-12230086839700.0
lpr,classifier_expander,estimated_total_flops,1611510062,-12230086839700.0
lpr,classifier_expander,estimated_total_flops,333205446,-12230086839700.0
lpr,classifier_expander,estimated_total_flops,130501536,-12230086839700.0
lpr,classifier_expander,estimated_total_flops,492612040,-12230086839700.0
lpr,classifier_expander,estimated_overhead_flops,2101606466,-103665996696980.0
lpr,classifier_expander,estimated_overhead_flops,1872839281,-103665996696980.0
lpr,classifier_expander,estimated_overhead_flops,637029796,-103665996696980.0
lpr,classifier_expander,estimated_overhead_flops,1357204345,-103665996696980.0
lpr,classifier_expander,estimated_overhead_flops,1758462037,-103665996696980.0
lpr,classifier_expander,estimated_overhead_flops,748737880,-103665996696980.0
lpr,classifier_expander,estimated_overhead_flops,1611510062,-103665996696980.0
lpr,classifier_expander,estimated_overhead_flops,333205446,-103665996696980.0
lpr,classifier_expander,estimated_overhead_flops,130501536,-103665996696980.0
lpr,classifier_expander,estimated_overhead_flops,492612040,-103665996696980.0
lpr,classifier_expander,replay_memory_bytes,2101606466,0.0
lpr,classifier_expander,replay_memory_bytes,1872839281,0.0
lpr,classifier_expander,replay_memory_bytes,637029796,0.0
lpr,classifier_expander,replay_memory_bytes,1357204345,0.0
lpr,classifier_expander,replay_memory_bytes,1758462037,0.0
lpr,classifier_expander,replay_memory_bytes,748737880,0.0
lpr,classifier_expander,replay_memory_bytes,1611510062,0.0
lpr,classifier_expander,replay_memory_bytes,333205446,0.0
lpr,classifier_expander,replay_memory_bytes,130501536,0.0
lpr,classifier_expander,replay_memory_bytes,492612040,0.0
lpr,classifier_expander,stored_logits_bytes,2101606466,0.0
lpr,classifier_expander,stored_logits_bytes,1872839281,0.0
lpr,classifier_expander,stored_logits_bytes,637029796,0.0
lpr,classifier_expander,stored_logits_bytes,1357204345,0.0
lpr,classifier_expander,stored_logits_bytes,1758462037,0.0
lpr,classifier_expander,stored_logits_bytes,748737880,0.0
lpr,classifier_expander,stored_logits_bytes,1611510062,0.0
lpr,classifier_expander,stored_logits_bytes,333205446,0.0
lpr,classifier_expander,stored_logits_bytes,130501536,0.0
lpr,classifier_expander,stored_logits_bytes,492612040,0.0
lpr,classifier_expander,replay_metadata_bytes,2101606466,0.0
lpr,classifier_expander,replay_metadata_bytes,1872839281,0.0
lpr,classifier_expander,replay_metadata_bytes,637029796,0.0
lpr,classifier_expander,replay_metadata_bytes,1357204345,0.0
lpr,classifier_expander,replay_metadata_bytes,1758462037,0.0
lpr,classifier_expander,replay_metadata_bytes,748737880,0.0
lpr,classifier_expander,replay_metadata_bytes,1611510062,0.0
lpr,classifier_expander,replay_metadata_bytes,333205446,0.0
lpr,classifier_expander,replay_metadata_bytes,130501536,0.0
lpr,classifier_expander,replay_metadata_bytes,492612040,0.0
lpr,classifier_expander,selector_forward_examples,2101606466,0.0
lpr,classifier_expander,selector_forward_examples,1872839281,0.0
lpr,classifier_expander,selector_forward_examples,637029796,0.0
lpr,classifier_expander,selector_forward_examples,1357204345,0.0
lpr,classifier_expander,selector_forward_examples,1758462037,0.0
lpr,classifier_expander,selector_forward_examples,748737880,0.0
lpr,classifier_expander,selector_forward_examples,1611510062,0.0
lpr,classifier_expander,selector_forward_examples,333205446,0.0
lpr,classifier_expander,selector_forward_examples,130501536,0.0
lpr,classifier_expander,selector_forward_examples,492612040,0.0
lpr,classifier_expander,selection_seconds,2101606466,5.9978978242725134e-05
lpr,classifier_expander,selection_seconds,1872839281,0.0016093419690150768
lpr,classifier_expander,selection_seconds,637029796,-0.0008675350109115243
lpr,classifier_expander,selection_seconds,1357204345,-0.0007971980376169086
lpr,classifier_expander,selection_seconds,1758462037,6.293901242315769e-05
lpr,classifier_expander,selection_seconds,748737880,0.0007013920112513006
lpr,classifier_expander,selection_seconds,1611510062,0.0007543100218754262
lpr,classifier_expander,selection_seconds,333205446,0.0002079980040434748
lpr,classifier_expander,selection_seconds,130501536,0.0002577230043243617
lpr,classifier_expander,selection_seconds,492612040,0.0008618880237918347
lpr,slowheat_classifier_expander,final_average_accuracy,2101606466,0.09
lpr,slowheat_classifier_expander,final_average_accuracy,1872839281,0.0958
lpr,slowheat_classifier_expander,final_average_accuracy,637029796,0.11149999999999999
lpr,slowheat_classifier_expander,final_average_accuracy,1357204345,0.10519999999999996
lpr,slowheat_classifier_expander,final_average_accuracy,1758462037,0.06530000000000002
lpr,slowheat_classifier_expander,final_average_accuracy,748737880,0.15119999999999995
lpr,slowheat_classifier_expander,final_average_accuracy,1611510062,0.09189999999999998
lpr,slowheat_classifier_expander,final_average_accuracy,333205446,0.1419
lpr,slowheat_classifier_expander,final_average_accuracy,130501536,0.1516
lpr,slowheat_classifier_expander,final_average_accuracy,492612040,0.10820000000000002
lpr,slowheat_classifier_expander,average_forgetting,2101606466,-0.43375
lpr,slowheat_classifier_expander,average_forgetting,1872839281,-0.48050000000000004
lpr,slowheat_classifier_expander,average_forgetting,637029796,-0.4413750000000001
lpr,slowheat_classifier_expander,average_forgetting,1357204345,-0.431875
lpr,slowheat_classifier_expander,average_forgetting,1758462037,-0.4106249999999999
lpr,slowheat_classifier_expander,average_forgetting,748737880,-0.503875
lpr,slowheat_classifier_expander,average_forgetting,1611510062,-0.42987499999999995
lpr,slowheat_classifier_expander,average_forgetting,333205446,-0.49324999999999997
lpr,slowheat_classifier_expander,average_forgetting,130501536,-0.45637500000000014
lpr,slowheat_classifier_expander,average_forgetting,492612040,-0.421375
lpr,slowheat_classifier_expander,backward_transfer,2101606466,0.544875
lpr,slowheat_classifier_expander,backward_transfer,1872839281,0.546375
lpr,slowheat_classifier_expander,backward_transfer,637029796,0.47525000000000006
lpr,slowheat_classifier_expander,backward_transfer,1357204345,0.477375
lpr,slowheat_classifier_expander,backward_transfer,1758462037,0.5025
lpr,slowheat_classifier_expander,backward_transfer,748737880,0.5484999999999999
lpr,slowheat_classifier_expander,backward_transfer,1611510062,0.5085
lpr,slowheat_classifier_expander,backward_transfer,333205446,0.5485
lpr,slowheat_classifier_expander,backward_transfer,130501536,0.4810000000000001
lpr,slowheat_classifier_expander,backward_transfer,492612040,0.421375
lpr,slowheat_classifier_expander,forward_transfer,2101606466,0.01925
lpr,slowheat_classifier_expander,forward_transfer,1872839281,0.01100000000000001
lpr,slowheat_classifier_expander,forward_transfer,637029796,0.002250000000000002
lpr,slowheat_classifier_expander,forward_transfer,1357204345,0.008750000000000008
lpr,slowheat_classifier_expander,forward_transfer,1758462037,0.0
lpr,slowheat_classifier_expander,forward_transfer,748737880,0.0001250000000000001
lpr,slowheat_classifier_expander,forward_transfer,1611510062,0.046624999999999986
lpr,slowheat_classifier_expander,forward_transfer,333205446,0.030625
lpr,slowheat_classifier_expander,forward_transfer,130501536,0.0155
lpr,slowheat_classifier_expander,forward_transfer,492612040,0.0036250000000000032
lpr,slowheat_classifier_expander,task_aware_final_accuracy,2101606466,0.03440000000000021
lpr,slowheat_classifier_expander,task_aware_final_accuracy,1872839281,0.036799999999999944
lpr,slowheat_classifier_expander,task_aware_final_accuracy,637029796,0.058800000000000074
lpr,slowheat_classifier_expander,task_aware_final_accuracy,1357204345,0.022800000000000042
lpr,slowheat_classifier_expander,task_aware_final_accuracy,1758462037,0.03870000000000007
lpr,slowheat_classifier_expander,task_aware_final_accuracy,748737880,0.04479999999999984
lpr,slowheat_classifier_expander,task_aware_final_accuracy,1611510062,0.03330000000000011
lpr,slowheat_classifier_expander,task_aware_final_accuracy,333205446,0.06630000000000003
lpr,slowheat_classifier_expander,task_aware_final_accuracy,130501536,0.0603999999999999
lpr,slowheat_classifier_expander,task_aware_final_accuracy,492612040,0.03589999999999993
lpr,slowheat_classifier_expander,task_aware_forgetting,2101606466,-0.073875
lpr,slowheat_classifier_expander,task_aware_forgetting,1872839281,-0.081125
lpr,slowheat_classifier_expander,task_aware_forgetting,637029796,-0.10474999999999998
lpr,slowheat_classifier_expander,task_aware_forgetting,1357204345,-0.06437499999999993
lpr,slowheat_classifier_expander,task_aware_forgetting,1758462037,-0.08575000000000002
lpr,slowheat_classifier_expander,task_aware_forgetting,748737880,-0.07999999999999993
lpr,slowheat_classifier_expander,task_aware_forgetting,1611510062,-0.04962500000000006
lpr,slowheat_classifier_expander,task_aware_forgetting,333205446,-0.11424999999999996
lpr,slowheat_classifier_expander,task_aware_forgetting,130501536,-0.09074999999999997
lpr,slowheat_classifier_expander,task_aware_forgetting,492612040,-0.06687499999999996
lpr,slowheat_classifier_expander,classifier_gap,2101606466,-0.05559999999999976
lpr,slowheat_classifier_expander,classifier_gap,1872839281,-0.059
lpr,slowheat_classifier_expander,classifier_gap,637029796,-0.05269999999999997
lpr,slowheat_classifier_expander,classifier_gap,1357204345,-0.08239999999999992
lpr,slowheat_classifier_expander,classifier_gap,1758462037,-0.026599999999999957
lpr,slowheat_classifier_expander,classifier_gap,748737880,-0.10640000000000016
lpr,slowheat_classifier_expander,classifier_gap,1611510062,-0.05859999999999982
lpr,slowheat_classifier_expander,classifier_gap,333205446,-0.07559999999999995
lpr,slowheat_classifier_expander,classifier_gap,130501536,-0.09120000000000011
lpr,slowheat_classifier_expander,classifier_gap,492612040,-0.07230000000000014
lpr,slowheat_classifier_expander,elapsed_seconds,2101606466,162.98886027600383
lpr,slowheat_classifier_expander,elapsed_seconds,1872839281,109.2498307019996
lpr,slowheat_classifier_expander,elapsed_seconds,637029796,92.14806675200816
lpr,slowheat_classifier_expander,elapsed_seconds,1357204345,-8.491745931009063
lpr,slowheat_classifier_expander,elapsed_seconds,1758462037,63.86539905198151
lpr,slowheat_classifier_expander,elapsed_seconds,748737880,63.20506784602185
lpr,slowheat_classifier_expander,elapsed_seconds,1611510062,64.01495581900235
lpr,slowheat_classifier_expander,elapsed_seconds,333205446,63.51623931599897
lpr,slowheat_classifier_expander,elapsed_seconds,130501536,63.83259634801652
lpr,slowheat_classifier_expander,elapsed_seconds,492612040,63.78205645896378
lpr,slowheat_classifier_expander,learner_examples_processed,2101606466,704.0
lpr,slowheat_classifier_expander,learner_examples_processed,1872839281,704.0
lpr,slowheat_classifier_expander,learner_examples_processed,637029796,704.0
lpr,slowheat_classifier_expander,learner_examples_processed,1357204345,704.0
lpr,slowheat_classifier_expander,learner_examples_processed,1758462037,704.0
lpr,slowheat_classifier_expander,learner_examples_processed,748737880,704.0
lpr,slowheat_classifier_expander,learner_examples_processed,1611510062,704.0
lpr,slowheat_classifier_expander,learner_examples_processed,333205446,704.0
lpr,slowheat_classifier_expander,learner_examples_processed,130501536,704.0
lpr,slowheat_classifier_expander,learner_examples_processed,492612040,704.0
lpr,slowheat_classifier_expander,total_model_examples_processed,2101606466,80904.0
lpr,slowheat_classifier_expander,total_model_examples_processed,1872839281,80904.0
lpr,slowheat_classifier_expander,total_model_examples_processed,637029796,80904.0
lpr,slowheat_classifier_expander,total_model_examples_processed,1357204345,80904.0
lpr,slowheat_classifier_expander,total_model_examples_processed,1758462037,80904.0
lpr,slowheat_classifier_expander,total_model_examples_processed,748737880,80904.0
lpr,slowheat_classifier_expander,total_model_examples_processed,1611510062,80904.0
lpr,slowheat_classifier_expander,total_model_examples_processed,333205446,80904.0
lpr,slowheat_classifier_expander,total_model_examples_processed,130501536,80904.0
lpr,slowheat_classifier_expander,total_model_examples_processed,492612040,80904.0
lpr,slowheat_classifier_expander,estimated_total_flops,2101606466,-12204851904980.0
lpr,slowheat_classifier_expander,estimated_total_flops,1872839281,-12204851904980.0
lpr,slowheat_classifier_expander,estimated_total_flops,637029796,-12204851904980.0
lpr,slowheat_classifier_expander,estimated_total_flops,1357204345,-12204851904980.0
lpr,slowheat_classifier_expander,estimated_total_flops,1758462037,-12204851904980.0
lpr,slowheat_classifier_expander,estimated_total_flops,748737880,-12204851904980.0
lpr,slowheat_classifier_expander,estimated_total_flops,1611510062,-12204851904980.0
lpr,slowheat_classifier_expander,estimated_total_flops,333205446,-12204851904980.0
lpr,slowheat_classifier_expander,estimated_total_flops,130501536,-12204851904980.0
lpr,slowheat_classifier_expander,estimated_total_flops,492612040,-12204851904980.0
lpr,slowheat_classifier_expander,estimated_overhead_flops,2101606466,-103640761762260.0
lpr,slowheat_classifier_expander,estimated_overhead_flops,1872839281,-103640761762260.0
lpr,slowheat_classifier_expander,estimated_overhead_flops,637029796,-103640761762260.0
lpr,slowheat_classifier_expander,estimated_overhead_flops,1357204345,-103640761762260.0
lpr,slowheat_classifier_expander,estimated_overhead_flops,1758462037,-103640761762260.0
lpr,slowheat_classifier_expander,estimated_overhead_flops,748737880,-103640761762260.0
lpr,slowheat_classifier_expander,estimated_overhead_flops,1611510062,-103640761762260.0
lpr,slowheat_classifier_expander,estimated_overhead_flops,333205446,-103640761762260.0
lpr,slowheat_classifier_expander,estimated_overhead_flops,130501536,-103640761762260.0
lpr,slowheat_classifier_expander,estimated_overhead_flops,492612040,-103640761762260.0
lpr,slowheat_classifier_expander,replay_memory_bytes,2101606466,0.0
lpr,slowheat_classifier_expander,replay_memory_bytes,1872839281,0.0
lpr,slowheat_classifier_expander,replay_memory_bytes,637029796,0.0
lpr,slowheat_classifier_expander,replay_memory_bytes,1357204345,0.0
lpr,slowheat_classifier_expander,replay_memory_bytes,1758462037,0.0
lpr,slowheat_classifier_expander,replay_memory_bytes,748737880,0.0
lpr,slowheat_classifier_expander,replay_memory_bytes,1611510062,0.0
lpr,slowheat_classifier_expander,replay_memory_bytes,333205446,0.0
lpr,slowheat_classifier_expander,replay_memory_bytes,130501536,0.0
lpr,slowheat_classifier_expander,replay_memory_bytes,492612040,0.0
lpr,slowheat_classifier_expander,stored_logits_bytes,2101606466,0.0
lpr,slowheat_classifier_expander,stored_logits_bytes,1872839281,0.0
lpr,slowheat_classifier_expander,stored_logits_bytes,637029796,0.0
lpr,slowheat_classifier_expander,stored_logits_bytes,1357204345,0.0
lpr,slowheat_classifier_expander,stored_logits_bytes,1758462037,0.0
lpr,slowheat_classifier_expander,stored_logits_bytes,748737880,0.0
lpr,slowheat_classifier_expander,stored_logits_bytes,1611510062,0.0
lpr,slowheat_classifier_expander,stored_logits_bytes,333205446,0.0
lpr,slowheat_classifier_expander,stored_logits_bytes,130501536,0.0
lpr,slowheat_classifier_expander,stored_logits_bytes,492612040,0.0
lpr,slowheat_classifier_expander,replay_metadata_bytes,2101606466,0.0
lpr,slowheat_classifier_expander,replay_metadata_bytes,1872839281,0.0
lpr,slowheat_classifier_expander,replay_metadata_bytes,637029796,0.0
lpr,slowheat_classifier_expander,replay_metadata_bytes,1357204345,0.0
lpr,slowheat_classifier_expander,replay_metadata_bytes,1758462037,0.0
lpr,slowheat_classifier_expander,replay_metadata_bytes,748737880,0.0
lpr,slowheat_classifier_expander,replay_metadata_bytes,1611510062,0.0
lpr,slowheat_classifier_expander,replay_metadata_bytes,333205446,0.0
lpr,slowheat_classifier_expander,replay_metadata_bytes,130501536,0.0
lpr,slowheat_classifier_expander,replay_metadata_bytes,492612040,0.0
lpr,slowheat_classifier_expander,selector_forward_examples,2101606466,0.0
lpr,slowheat_classifier_expander,selector_forward_examples,1872839281,0.0
lpr,slowheat_classifier_expander,selector_forward_examples,637029796,0.0
lpr,slowheat_classifier_expander,selector_forward_examples,1357204345,0.0
lpr,slowheat_classifier_expander,selector_forward_examples,1758462037,0.0
lpr,slowheat_classifier_expander,selector_forward_examples,748737880,0.0
lpr,slowheat_classifier_expander,selector_forward_examples,1611510062,0.0
lpr,slowheat_classifier_expander,selector_forward_examples,333205446,0.0
lpr,slowheat_classifier_expander,selector_forward_examples,130501536,0.0
lpr,slowheat_classifier_expander,selector_forward_examples,492612040,0.0
lpr,slowheat_classifier_expander,selection_seconds,2101606466,8.832503226585686e-05
lpr,slowheat_classifier_expander,selection_seconds,1872839281,0.0019734369998332113
lpr,slowheat_classifier_expander,selection_seconds,637029796,-0.0006679180078208447
lpr,slowheat_classifier_expander,selection_seconds,1357204345,-0.00017618303536437452
lpr,slowheat_classifier_expander,selection_seconds,1758462037,0.000506529031554237
lpr,slowheat_classifier_expander,selection_seconds,748737880,0.0007175549981184304
lpr,slowheat_classifier_expander,selection_seconds,1611510062,0.00041096308268606663
lpr,slowheat_classifier_expander,selection_seconds,333205446,0.0002427340077701956
lpr,slowheat_classifier_expander,selection_seconds,130501536,0.000553423014935106
lpr,slowheat_classifier_expander,selection_seconds,492612040,7.213201024569571e-05
lpr,scroll,final_average_accuracy,2101606466,-0.13230000000000003
lpr,scroll,final_average_accuracy,1872839281,-0.1666
lpr,scroll,final_average_accuracy,637029796,-0.1345
lpr,scroll,final_average_accuracy,1357204345,-0.16780000000000003
lpr,scroll,final_average_accuracy,1758462037,-0.13029999999999997
lpr,scroll,final_average_accuracy,748737880,-0.10470000000000002
lpr,scroll,final_average_accuracy,1611510062,-0.1644
lpr,scroll,final_average_accuracy,333205446,-0.1346
lpr,scroll,final_average_accuracy,130501536,-0.1439
lpr,scroll,final_average_accuracy,492612040,-0.14900000000000002
lpr,scroll,average_forgetting,2101606466,-0.3745
lpr,scroll,average_forgetting,1872839281,-0.29875
lpr,scroll,average_forgetting,637029796,-0.47175000000000006
lpr,scroll,average_forgetting,1357204345,-0.36662500000000003
lpr,scroll,average_forgetting,1758462037,-0.3974999999999999
lpr,scroll,average_forgetting,748737880,-0.4333749999999999
lpr,scroll,average_forgetting,1611510062,-0.4505
lpr,scroll,average_forgetting,333205446,-0.379
lpr,scroll,average_forgetting,130501536,-0.37750000000000006
lpr,scroll,average_forgetting,492612040,-0.39225
lpr,scroll,backward_transfer,2101606466,0.3745
lpr,scroll,backward_transfer,1872839281,0.29875
lpr,scroll,backward_transfer,637029796,0.47425000000000006
lpr,scroll,backward_transfer,1357204345,0.36662500000000003
lpr,scroll,backward_transfer,1758462037,0.4541249999999999
lpr,scroll,backward_transfer,748737880,0.5118749999999999
lpr,scroll,backward_transfer,1611510062,0.577125
lpr,scroll,backward_transfer,333205446,0.504
lpr,scroll,backward_transfer,130501536,0.37750000000000006
lpr,scroll,backward_transfer,492612040,0.39225
lpr,scroll,forward_transfer,2101606466,-0.019125
lpr,scroll,forward_transfer,1872839281,-0.0006249999999999867
lpr,scroll,forward_transfer,637029796,-0.056374999999999995
lpr,scroll,forward_transfer,1357204345,0.0
lpr,scroll,forward_transfer,1758462037,0.0
lpr,scroll,forward_transfer,748737880,0.0
lpr,scroll,forward_transfer,1611510062,0.0
lpr,scroll,forward_transfer,333205446,-0.06075
lpr,scroll,forward_transfer,130501536,-0.007125000000000006
lpr,scroll,forward_transfer,492612040,-0.06762499999999999
lpr,scroll,task_aware_final_accuracy,2101606466,-0.2878999999999998
lpr,scroll,task_aware_final_accuracy,1872839281,-0.27869999999999995
lpr,scroll,task_aware_final_accuracy,637029796,-0.2659999999999999
lpr,scroll,task_aware_final_accuracy,1357204345,-0.3077
lpr,scroll,task_aware_final_accuracy,1758462037,-0.2711999999999999
lpr,scroll,task_aware_final_accuracy,748737880,-0.2984000000000001
lpr,scroll,task_aware_final_accuracy,1611510062,-0.29869999999999997
lpr,scroll,task_aware_final_accuracy,333205446,-0.23349999999999993
lpr,scroll,task_aware_final_accuracy,130501536,-0.27790000000000004
lpr,scroll,task_aware_final_accuracy,492612040,-0.3044
lpr,scroll,task_aware_forgetting,2101606466,-0.05662499999999998
lpr,scroll,task_aware_forgetting,1872839281,-0.014375000000000027
lpr,scroll,task_aware_forgetting,637029796,-0.046500000000000014
lpr,scroll,task_aware_forgetting,1357204345,-0.04824999999999999
lpr,scroll,task_aware_forgetting,1758462037,-0.07087500000000002
lpr,scroll,task_aware_forgetting,748737880,-0.01849999999999996
lpr,scroll,task_aware_forgetting,1611510062,-0.036625000000000046
lpr,scroll,task_aware_forgetting,333205446,-0.06875
lpr,scroll,task_aware_forgetting,130501536,-0.08599999999999994
lpr,scroll,task_aware_forgetting,492612040,0.014875000000000041
lpr,scroll,classifier_gap,2101606466,-0.15559999999999985
lpr,scroll,classifier_gap,1872839281,-0.11209999999999987
lpr,scroll,classifier_gap,637029796,-0.13149999999999995
lpr,scroll,classifier_gap,1357204345,-0.1398999999999999
lpr,scroll,classifier_gap,1758462037,-0.14089999999999991
lpr,scroll,classifier_gap,748737880,-0.19370000000000015
lpr,scroll,classifier_gap,1611510062,-0.13429999999999992
lpr,scroll,classifier_gap,333205446,-0.09889999999999988
lpr,scroll,classifier_gap,130501536,-0.134
lpr,scroll,classifier_gap,492612040,-0.15540000000000004
lpr,scroll,elapsed_seconds,2101606466,-208.40777655001148
lpr,scroll,elapsed_seconds,1872839281,-209.89675745400018
lpr,scroll,elapsed_seconds,637029796,-223.28670577300363
lpr,scroll,elapsed_seconds,1357204345,-225.79367951099994
lpr,scroll,elapsed_seconds,1758462037,-152.70346697297646
lpr,scroll,elapsed_seconds,748737880,-152.9908358749817
lpr,scroll,elapsed_seconds,1611510062,-152.89165066197165
lpr,scroll,elapsed_seconds,333205446,-153.089091257978
lpr,scroll,elapsed_seconds,130501536,-152.9874862699944
lpr,scroll,elapsed_seconds,492612040,-152.90436030199635
lpr,scroll,learner_examples_processed,2101606466,-241152.0
lpr,scroll,learner_examples_processed,1872839281,-241152.0
lpr,scroll,learner_examples_processed,637029796,-241152.0
lpr,scroll,learner_examples_processed,1357204345,-241152.0
lpr,scroll,learner_examples_processed,1758462037,-241152.0
lpr,scroll,learner_examples_processed,748737880,-241152.0
lpr,scroll,learner_examples_processed,1611510062,-241152.0
lpr,scroll,learner_examples_processed,333205446,-241152.0
lpr,scroll,learner_examples_processed,130501536,-241152.0
lpr,scroll,learner_examples_processed,492612040,-241152.0
lpr,scroll,total_model_examples_processed,2101606466,-201592.0
lpr,scroll,total_model_examples_processed,1872839281,-201592.0
lpr,scroll,total_model_examples_processed,637029796,-201592.0
lpr,scroll,total_model_examples_processed,1357204345,-201592.0
lpr,scroll,total_model_examples_processed,1758462037,-201592.0
lpr,scroll,total_model_examples_processed,748737880,-201592.0
lpr,scroll,total_model_examples_processed,1611510062,-201592.0
lpr,scroll,total_model_examples_processed,333205446,-201592.0
lpr,scroll,total_model_examples_processed,130501536,-201592.0
lpr,scroll,total_model_examples_processed,492612040,-201592.0
lpr,scroll,estimated_total_flops,2101606466,-863347021182735.0
lpr,scroll,estimated_total_flops,1872839281,-863347021182735.0
lpr,scroll,estimated_total_flops,637029796,-863347021182735.0
lpr,scroll,estimated_total_flops,1357204345,-863347021182735.0
lpr,scroll,estimated_total_flops,1758462037,-863347021182735.0
lpr,scroll,estimated_total_flops,748737880,-863347021182735.0
lpr,scroll,estimated_total_flops,1611510062,-863347021182735.0
lpr,scroll,estimated_total_flops,333205446,-863347021182735.0
lpr,scroll,estimated_total_flops,130501536,-863347021182735.0
lpr,scroll,estimated_total_flops,492612040,-863347021182735.0
lpr,scroll,estimated_overhead_flops,2101606466,-103644268148495.0
lpr,scroll,estimated_overhead_flops,1872839281,-103644268148495.0
lpr,scroll,estimated_overhead_flops,637029796,-103644268148495.0
lpr,scroll,estimated_overhead_flops,1357204345,-103644268148495.0
lpr,scroll,estimated_overhead_flops,1758462037,-103644268148495.0
lpr,scroll,estimated_overhead_flops,748737880,-103644268148495.0
lpr,scroll,estimated_overhead_flops,1611510062,-103644268148495.0
lpr,scroll,estimated_overhead_flops,333205446,-103644268148495.0
lpr,scroll,estimated_overhead_flops,130501536,-103644268148495.0
lpr,scroll,estimated_overhead_flops,492612040,-103644268148495.0
lpr,scroll,replay_memory_bytes,2101606466,0.0
lpr,scroll,replay_memory_bytes,1872839281,0.0
lpr,scroll,replay_memory_bytes,637029796,0.0
lpr,scroll,replay_memory_bytes,1357204345,0.0
lpr,scroll,replay_memory_bytes,1758462037,0.0
lpr,scroll,replay_memory_bytes,748737880,0.0
lpr,scroll,replay_memory_bytes,1611510062,0.0
lpr,scroll,replay_memory_bytes,333205446,0.0
lpr,scroll,replay_memory_bytes,130501536,0.0
lpr,scroll,replay_memory_bytes,492612040,0.0
lpr,scroll,stored_logits_bytes,2101606466,0.0
lpr,scroll,stored_logits_bytes,1872839281,0.0
lpr,scroll,stored_logits_bytes,637029796,0.0
lpr,scroll,stored_logits_bytes,1357204345,0.0
lpr,scroll,stored_logits_bytes,1758462037,0.0
lpr,scroll,stored_logits_bytes,748737880,0.0
lpr,scroll,stored_logits_bytes,1611510062,0.0
lpr,scroll,stored_logits_bytes,333205446,0.0
lpr,scroll,stored_logits_bytes,130501536,0.0
lpr,scroll,stored_logits_bytes,492612040,0.0
lpr,scroll,replay_metadata_bytes,2101606466,0.0
lpr,scroll,replay_metadata_bytes,1872839281,0.0
lpr,scroll,replay_metadata_bytes,637029796,0.0
lpr,scroll,replay_metadata_bytes,1357204345,0.0
lpr,scroll,replay_metadata_bytes,1758462037,0.0
lpr,scroll,replay_metadata_bytes,748737880,0.0
lpr,scroll,replay_metadata_bytes,1611510062,0.0
lpr,scroll,replay_metadata_bytes,333205446,0.0
lpr,scroll,replay_metadata_bytes,130501536,0.0
lpr,scroll,replay_metadata_bytes,492612040,0.0
lpr,scroll,selector_forward_examples,2101606466,0.0
lpr,scroll,selector_forward_examples,1872839281,0.0
lpr,scroll,selector_forward_examples,637029796,0.0
lpr,scroll,selector_forward_examples,1357204345,0.0
lpr,scroll,selector_forward_examples,1758462037,0.0
lpr,scroll,selector_forward_examples,748737880,0.0
lpr,scroll,selector_forward_examples,1611510062,0.0
lpr,scroll,selector_forward_examples,333205446,0.0
lpr,scroll,selector_forward_examples,130501536,0.0
lpr,scroll,selector_forward_examples,492612040,0.0
lpr,scroll,selection_seconds,2101606466,-0.0008703390194568783
lpr,scroll,selection_seconds,1872839281,0.0010646380251273513
lpr,scroll,selection_seconds,637029796,-0.00043261193786747754
lpr,scroll,selection_seconds,1357204345,-0.0008779100317042321
lpr,scroll,selection_seconds,1758462037,0.000509445060743019
lpr,scroll,selection_seconds,748737880,0.0014615819964092225
lpr,scroll,selection_seconds,1611510062,-4.592296318151057e-05
lpr,scroll,selection_seconds,333205446,-0.00021487998310476542
lpr,scroll,selection_seconds,130501536,-0.00016142401727847755
lpr,scroll,selection_seconds,492612040,-0.00018305095727555454
lpr,slowheat_scroll,final_average_accuracy,2101606466,-0.015399999999999997
lpr,slowheat_scroll,final_average_accuracy,1872839281,-0.017000000000000015
lpr,slowheat_scroll,final_average_accuracy,637029796,0.018600000000000005
lpr,slowheat_scroll,final_average_accuracy,1357204345,0.026699999999999946
lpr,slowheat_scroll,final_average_accuracy,1758462037,-0.039299999999999946
lpr,slowheat_scroll,final_average_accuracy,748737880,0.029799999999999993
lpr,slowheat_scroll,final_average_accuracy,1611510062,-0.01749999999999996
lpr,slowheat_scroll,final_average_accuracy,333205446,-0.033100000000000046
lpr,slowheat_scroll,final_average_accuracy,130501536,0.014500000000000013
lpr,slowheat_scroll,final_average_accuracy,492612040,-0.008700000000000041
lpr,slowheat_scroll,average_forgetting,2101606466,-0.6265
lpr,slowheat_scroll,average_forgetting,1872839281,-0.49825
lpr,slowheat_scroll,average_forgetting,637029796,-0.6415000000000001
lpr,slowheat_scroll,average_forgetting,1357204345,-0.624
lpr,slowheat_scroll,average_forgetting,1758462037,-0.5698749999999999
lpr,slowheat_scroll,average_forgetting,748737880,-0.6092499999999998
lpr,slowheat_scroll,average_forgetting,1611510062,-0.63325
lpr,slowheat_scroll,average_forgetting,333205446,-0.48412499999999997
lpr,slowheat_scroll,average_forgetting,130501536,-0.679625
lpr,slowheat_scroll,average_forgetting,492612040,-0.57475
lpr,slowheat_scroll,backward_transfer,2101606466,0.655125
lpr,slowheat_scroll,backward_transfer,1872839281,0.592625
lpr,slowheat_scroll,backward_transfer,637029796,0.6767500000000001
lpr,slowheat_scroll,backward_transfer,1357204345,0.729875
lpr,slowheat_scroll,backward_transfer,1758462037,0.5987499999999999
lpr,slowheat_scroll,backward_transfer,748737880,0.8491249999999999
lpr,slowheat_scroll,backward_transfer,1611510062,0.64625
lpr,slowheat_scroll,backward_transfer,333205446,0.52525
lpr,slowheat_scroll,backward_transfer,130501536,0.7652500000000001
lpr,slowheat_scroll,backward_transfer,492612040,0.637625
lpr,slowheat_scroll,forward_transfer,2101606466,-0.019125
lpr,slowheat_scroll,forward_transfer,1872839281,-0.0006249999999999867
lpr,slowheat_scroll,forward_transfer,637029796,-0.056374999999999995
lpr,slowheat_scroll,forward_transfer,1357204345,0.0
lpr,slowheat_scroll,forward_transfer,1758462037,0.0
lpr,slowheat_scroll,forward_transfer,748737880,0.0
lpr,slowheat_scroll,forward_transfer,1611510062,0.0
lpr,slowheat_scroll,forward_transfer,333205446,-0.06075
lpr,slowheat_scroll,forward_transfer,130501536,-0.007125000000000006
lpr,slowheat_scroll,forward_transfer,492612040,-0.06762499999999999
lpr,slowheat_scroll,task_aware_final_accuracy,2101606466,-0.11929999999999985
lpr,slowheat_scroll,task_aware_final_accuracy,1872839281,-0.11439999999999995
lpr,slowheat_scroll,task_aware_final_accuracy,637029796,-0.07529999999999992
lpr,slowheat_scroll,task_aware_final_accuracy,1357204345,-0.09339999999999993
lpr,slowheat_scroll,task_aware_final_accuracy,1758462037,-0.11999999999999988
lpr,slowheat_scroll,task_aware_final_accuracy,748737880,-0.08730000000000004
lpr,slowheat_scroll,task_aware_final_accuracy,1611510062,-0.11359999999999992
lpr,slowheat_scroll,task_aware_final_accuracy,333205446,-0.07279999999999998
lpr,slowheat_scroll,task_aware_final_accuracy,130501536,-0.09580000000000011
lpr,slowheat_scroll,task_aware_final_accuracy,492612040,-0.11100000000000021
lpr,slowheat_scroll,task_aware_forgetting,2101606466,-0.11099999999999999
lpr,slowheat_scroll,task_aware_forgetting,1872839281,-0.07150000000000001
lpr,slowheat_scroll,task_aware_forgetting,637029796,-0.110375
lpr,slowheat_scroll,task_aware_forgetting,1357204345,-0.09237500000000001
lpr,slowheat_scroll,task_aware_forgetting,1758462037,-0.1
lpr,slowheat_scroll,task_aware_forgetting,748737880,-0.13187499999999996
lpr,slowheat_scroll,task_aware_forgetting,1611510062,-0.08437500000000003
lpr,slowheat_scroll,task_aware_forgetting,333205446,-0.14874999999999997
lpr,slowheat_scroll,task_aware_forgetting,130501536,-0.11724999999999997
lpr,slowheat_scroll,task_aware_forgetting,492612040,-0.09512499999999999
lpr,slowheat_scroll,classifier_gap,2101606466,-0.10389999999999988
lpr,slowheat_scroll,classifier_gap,1872839281,-0.09739999999999988
lpr,slowheat_scroll,classifier_gap,637029796,-0.09389999999999998
lpr,slowheat_scroll,classifier_gap,1357204345,-0.12009999999999987
lpr,slowheat_scroll,classifier_gap,1758462037,-0.08069999999999994
lpr,slowheat_scroll,classifier_gap,748737880,-0.11710000000000009
lpr,slowheat_scroll,classifier_gap,1611510062,-0.09609999999999991
lpr,slowheat_scroll,classifier_gap,333205446,-0.0396999999999999
lpr,slowheat_scroll,classifier_gap,130501536,-0.11030000000000012
lpr,slowheat_scroll,classifier_gap,492612040,-0.10230000000000022
lpr,slowheat_scroll,elapsed_seconds,2101606466,-187.83706559700659
lpr,slowheat_scroll,elapsed_seconds,1872839281,-191.31967197800986
lpr,slowheat_scroll,elapsed_seconds,637029796,-204.7184741209785
lpr,slowheat_scroll,elapsed_seconds,1357204345,-216.17870247500832
lpr,slowheat_scroll,elapsed_seconds,1758462037,-143.151301735983
lpr,slowheat_scroll,elapsed_seconds,748737880,-143.36319685797207
lpr,slowheat_scroll,elapsed_seconds,1611510062,-143.34666905601625
lpr,slowheat_scroll,elapsed_seconds,333205446,-143.62485200498486
lpr,slowheat_scroll,elapsed_seconds,130501536,-143.354162781965
lpr,slowheat_scroll,elapsed_seconds,492612040,-143.3659237140091
lpr,slowheat_scroll,learner_examples_processed,2101606466,-241152.0
lpr,slowheat_scroll,learner_examples_processed,1872839281,-241152.0
lpr,slowheat_scroll,learner_examples_processed,637029796,-241152.0
lpr,slowheat_scroll,learner_examples_processed,1357204345,-241152.0
lpr,slowheat_scroll,learner_examples_processed,1758462037,-241152.0
lpr,slowheat_scroll,learner_examples_processed,748737880,-241152.0
lpr,slowheat_scroll,learner_examples_processed,1611510062,-241152.0
lpr,slowheat_scroll,learner_examples_processed,333205446,-241152.0
lpr,slowheat_scroll,learner_examples_processed,130501536,-241152.0
lpr,slowheat_scroll,learner_examples_processed,492612040,-241152.0
lpr,slowheat_scroll,total_model_examples_processed,2101606466,-201592.0
lpr,slowheat_scroll,total_model_examples_processed,1872839281,-201592.0
lpr,slowheat_scroll,total_model_examples_processed,637029796,-201592.0
lpr,slowheat_scroll,total_model_examples_processed,1357204345,-201592.0
lpr,slowheat_scroll,total_model_examples_processed,1758462037,-201592.0
lpr,slowheat_scroll,total_model_examples_processed,748737880,-201592.0
lpr,slowheat_scroll,total_model_examples_processed,1611510062,-201592.0
lpr,slowheat_scroll,total_model_examples_processed,333205446,-201592.0
lpr,slowheat_scroll,total_model_examples_processed,130501536,-201592.0
lpr,slowheat_scroll,total_model_examples_processed,492612040,-201592.0
lpr,slowheat_scroll,estimated_total_flops,2101606466,-863342411621455.0
lpr,slowheat_scroll,estimated_total_flops,1872839281,-863342411621455.0
lpr,slowheat_scroll,estimated_total_flops,637029796,-863342411621455.0
lpr,slowheat_scroll,estimated_total_flops,1357204345,-863342411621455.0
lpr,slowheat_scroll,estimated_total_flops,1758462037,-863342411621455.0
lpr,slowheat_scroll,estimated_total_flops,748737880,-863342411621455.0
lpr,slowheat_scroll,estimated_total_flops,1611510062,-863342411621455.0
lpr,slowheat_scroll,estimated_total_flops,333205446,-863342411621455.0
lpr,slowheat_scroll,estimated_total_flops,130501536,-863342411621455.0
lpr,slowheat_scroll,estimated_total_flops,492612040,-863342411621455.0
lpr,slowheat_scroll,estimated_overhead_flops,2101606466,-103639658587215.0
lpr,slowheat_scroll,estimated_overhead_flops,1872839281,-103639658587215.0
lpr,slowheat_scroll,estimated_overhead_flops,637029796,-103639658587215.0
lpr,slowheat_scroll,estimated_overhead_flops,1357204345,-103639658587215.0
lpr,slowheat_scroll,estimated_overhead_flops,1758462037,-103639658587215.0
lpr,slowheat_scroll,estimated_overhead_flops,748737880,-103639658587215.0
lpr,slowheat_scroll,estimated_overhead_flops,1611510062,-103639658587215.0
lpr,slowheat_scroll,estimated_overhead_flops,333205446,-103639658587215.0
lpr,slowheat_scroll,estimated_overhead_flops,130501536,-103639658587215.0
lpr,slowheat_scroll,estimated_overhead_flops,492612040,-103639658587215.0
lpr,slowheat_scroll,replay_memory_bytes,2101606466,0.0
lpr,slowheat_scroll,replay_memory_bytes,1872839281,0.0
lpr,slowheat_scroll,replay_memory_bytes,637029796,0.0
lpr,slowheat_scroll,replay_memory_bytes,1357204345,0.0
lpr,slowheat_scroll,replay_memory_bytes,1758462037,0.0
lpr,slowheat_scroll,replay_memory_bytes,748737880,0.0
lpr,slowheat_scroll,replay_memory_bytes,1611510062,0.0
lpr,slowheat_scroll,replay_memory_bytes,333205446,0.0
lpr,slowheat_scroll,replay_memory_bytes,130501536,0.0
lpr,slowheat_scroll,replay_memory_bytes,492612040,0.0
lpr,slowheat_scroll,stored_logits_bytes,2101606466,0.0
lpr,slowheat_scroll,stored_logits_bytes,1872839281,0.0
lpr,slowheat_scroll,stored_logits_bytes,637029796,0.0
lpr,slowheat_scroll,stored_logits_bytes,1357204345,0.0
lpr,slowheat_scroll,stored_logits_bytes,1758462037,0.0
lpr,slowheat_scroll,stored_logits_bytes,748737880,0.0
lpr,slowheat_scroll,stored_logits_bytes,1611510062,0.0
lpr,slowheat_scroll,stored_logits_bytes,333205446,0.0
lpr,slowheat_scroll,stored_logits_bytes,130501536,0.0
lpr,slowheat_scroll,stored_logits_bytes,492612040,0.0
lpr,slowheat_scroll,replay_metadata_bytes,2101606466,0.0
lpr,slowheat_scroll,replay_metadata_bytes,1872839281,0.0
lpr,slowheat_scroll,replay_metadata_bytes,637029796,0.0
lpr,slowheat_scroll,replay_metadata_bytes,1357204345,0.0
lpr,slowheat_scroll,replay_metadata_bytes,1758462037,0.0
lpr,slowheat_scroll,replay_metadata_bytes,748737880,0.0
lpr,slowheat_scroll,replay_metadata_bytes,1611510062,0.0
lpr,slowheat_scroll,replay_metadata_bytes,333205446,0.0
lpr,slowheat_scroll,replay_metadata_bytes,130501536,0.0
lpr,slowheat_scroll,replay_metadata_bytes,492612040,0.0
lpr,slowheat_scroll,selector_forward_examples,2101606466,0.0
lpr,slowheat_scroll,selector_forward_examples,1872839281,0.0
lpr,slowheat_scroll,selector_forward_examples,637029796,0.0
lpr,slowheat_scroll,selector_forward_examples,1357204345,0.0
lpr,slowheat_scroll,selector_forward_examples,1758462037,0.0
lpr,slowheat_scroll,selector_forward_examples,748737880,0.0
lpr,slowheat_scroll,selector_forward_examples,1611510062,0.0
lpr,slowheat_scroll,selector_forward_examples,333205446,0.0
lpr,slowheat_scroll,selector_forward_examples,130501536,0.0
lpr,slowheat_scroll,selector_forward_examples,492612040,0.0
lpr,slowheat_scroll,selection_seconds,2101606466,0.0013279079867061228
lpr,slowheat_scroll,selection_seconds,1872839281,0.0006472569657489657
lpr,slowheat_scroll,selection_seconds,637029796,-0.000506482960190624
lpr,slowheat_scroll,selection_seconds,1357204345,-0.0005883019766770303
lpr,slowheat_scroll,selection_seconds,1758462037,5.4073025239631534e-05
lpr,slowheat_scroll,selection_seconds,748737880,0.0004408120585139841
lpr,slowheat_scroll,selection_seconds,1611510062,0.0009226480324286968
lpr,slowheat_scroll,selection_seconds,333205446,-0.0002794709871523082
lpr,slowheat_scroll,selection_seconds,130501536,5.958092515356839e-05
lpr,slowheat_scroll,selection_seconds,492612040,-0.0003024059988092631
classifier_expander,vanilla,final_average_accuracy,2101606466,-0.17820000000000003
classifier_expander,vanilla,final_average_accuracy,1872839281,-0.1989
classifier_expander,vanilla,final_average_accuracy,637029796,-0.19990000000000002
classifier_expander,vanilla,final_average_accuracy,1357204345,-0.197
classifier_expander,vanilla,final_average_accuracy,1758462037,-0.1921
classifier_expander,vanilla,final_average_accuracy,748737880,-0.2196
classifier_expander,vanilla,final_average_accuracy,1611510062,-0.1951
classifier_expander,vanilla,final_average_accuracy,333205446,-0.18080000000000002
classifier_expander,vanilla,final_average_accuracy,130501536,-0.21340000000000003
classifier_expander,vanilla,final_average_accuracy,492612040,-0.22
classifier_expander,vanilla,average_forgetting,2101606466,0.518
classifier_expander,vanilla,average_forgetting,1872839281,0.5370000000000001
classifier_expander,vanilla,average_forgetting,637029796,0.5220000000000001
classifier_expander,vanilla,average_forgetting,1357204345,0.526375
classifier_expander,vanilla,average_forgetting,1758462037,0.47987499999999994
classifier_expander,vanilla,average_forgetting,748737880,0.550875
classifier_expander,vanilla,average_forgetting,1611510062,0.500125
classifier_expander,vanilla,average_forgetting,333205446,0.5338750000000001
classifier_expander,vanilla,average_forgetting,130501536,0.569375
classifier_expander,vanilla,average_forgetting,492612040,0.5525
classifier_expander,vanilla,backward_transfer,2101606466,-0.6051249999999999
classifier_expander,vanilla,backward_transfer,1872839281,-0.5731250000000001
classifier_expander,vanilla,backward_transfer,637029796,-0.5906250000000001
classifier_expander,vanilla,backward_transfer,1357204345,-0.5478750000000001
classifier_expander,vanilla,backward_transfer,1758462037,-0.5584999999999999
classifier_expander,vanilla,backward_transfer,748737880,-0.611875
classifier_expander,vanilla,backward_transfer,1611510062,-0.57425
classifier_expander,vanilla,backward_transfer,333205446,-0.5922500000000002
classifier_expander,vanilla,backward_transfer,130501536,-0.645875
classifier_expander,vanilla,backward_transfer,492612040,-0.5882499999999999
classifier_expander,vanilla,forward_transfer,2101606466,-0.010625000000000002
classifier_expander,vanilla,forward_transfer,1872839281,-0.010624999999999996
classifier_expander,vanilla,forward_transfer,637029796,0.005250000000000005
classifier_expander,vanilla,forward_transfer,1357204345,-0.010000000000000009
classifier_expander,vanilla,forward_transfer,1758462037,0.0
classifier_expander,vanilla,forward_transfer,748737880,0.0
classifier_expander,vanilla,forward_transfer,1611510062,-0.020875000000000005
classifier_expander,vanilla,forward_transfer,333205446,-0.030374999999999992
classifier_expander,vanilla,forward_transfer,130501536,-0.002250000000000016
classifier_expander,vanilla,forward_transfer,492612040,0.008999999999999994
classifier_expander,vanilla,task_aware_final_accuracy,2101606466,-0.2279000000000002
classifier_expander,vanilla,task_aware_final_accuracy,1872839281,-0.23849999999999993
classifier_expander,vanilla,task_aware_final_accuracy,637029796,-0.24950000000000006
classifier_expander,vanilla,task_aware_final_accuracy,1357204345,-0.23930000000000007
classifier_expander,vanilla,task_aware_final_accuracy,1758462037,-0.23520000000000008
classifier_expander,vanilla,task_aware_final_accuracy,748737880,-0.2509999999999999
classifier_expander,vanilla,task_aware_final_accuracy,1611510062,-0.252
classifier_expander,vanilla,task_aware_final_accuracy,333205446,-0.23260000000000014
classifier_expander,vanilla,task_aware_final_accuracy,130501536,-0.22940000000000005
classifier_expander,vanilla,task_aware_final_accuracy,492612040,-0.25439999999999996
classifier_expander,vanilla,task_aware_forgetting,2101606466,0.288875
classifier_expander,vanilla,task_aware_forgetting,1872839281,0.27937500000000004
classifier_expander,vanilla,task_aware_forgetting,637029796,0.30350000000000005
classifier_expander,vanilla,task_aware_forgetting,1357204345,0.27837500000000004
classifier_expander,vanilla,task_aware_forgetting,1758462037,0.2665
classifier_expander,vanilla,task_aware_forgetting,748737880,0.294875
classifier_expander,vanilla,task_aware_forgetting,1611510062,0.287125
classifier_expander,vanilla,task_aware_forgetting,333205446,0.28900000000000003
classifier_expander,vanilla,task_aware_forgetting,130501536,0.2845
classifier_expander,vanilla,task_aware_forgetting,492612040,0.31975000000000003
classifier_expander,vanilla,classifier_gap,2101606466,-0.04970000000000019
classifier_expander,vanilla,classifier_gap,1872839281,-0.03959999999999991
classifier_expander,vanilla,classifier_gap,637029796,-0.04960000000000003
classifier_expander,vanilla,classifier_gap,1357204345,-0.04230000000000006
classifier_expander,vanilla,classifier_gap,1758462037,-0.04310000000000008
classifier_expander,vanilla,classifier_gap,748737880,-0.03139999999999987
classifier_expander,vanilla,classifier_gap,1611510062,-0.056900000000000006
classifier_expander,vanilla,classifier_gap,333205446,-0.051800000000000124
classifier_expander,vanilla,classifier_gap,130501536,-0.016000000000000014
classifier_expander,vanilla,classifier_gap,492612040,-0.034399999999999986
classifier_expander,vanilla,elapsed_seconds,2101606466,-91.85046190602588
classifier_expander,vanilla,elapsed_seconds,1872839281,-85.58399688897771
classifier_expander,vanilla,elapsed_seconds,637029796,-94.70195332399453
classifier_expander,vanilla,elapsed_seconds,1357204345,-32.09299302301952
classifier_expander,vanilla,elapsed_seconds,1758462037,-69.5542152239941
classifier_expander,vanilla,elapsed_seconds,748737880,-69.37423815997317
classifier_expander,vanilla,elapsed_seconds,1611510062,-69.88705130902235
classifier_expander,vanilla,elapsed_seconds,333205446,-69.6089333910204
classifier_expander,vanilla,elapsed_seconds,130501536,-69.9397663139971
classifier_expander,vanilla,elapsed_seconds,492612040,-69.56000036696787
classifier_expander,vanilla,learner_examples_processed,2101606466,-81344.0
classifier_expander,vanilla,learner_examples_processed,1872839281,-81344.0
classifier_expander,vanilla,learner_examples_processed,637029796,-81344.0
classifier_expander,vanilla,learner_examples_processed,1357204345,-81344.0
classifier_expander,vanilla,learner_examples_processed,1758462037,-81344.0
classifier_expander,vanilla,learner_examples_processed,748737880,-81344.0
classifier_expander,vanilla,learner_examples_processed,1611510062,-81344.0
classifier_expander,vanilla,learner_examples_processed,333205446,-81344.0
classifier_expander,vanilla,learner_examples_processed,130501536,-81344.0
classifier_expander,vanilla,learner_examples_processed,492612040,-81344.0
classifier_expander,vanilla,total_model_examples_processed,2101606466,-161984.0
classifier_expander,vanilla,total_model_examples_processed,1872839281,-161984.0
classifier_expander,vanilla,total_model_examples_processed,637029796,-161984.0
classifier_expander,vanilla,total_model_examples_processed,1357204345,-161984.0
classifier_expander,vanilla,total_model_examples_processed,1758462037,-161984.0
classifier_expander,vanilla,total_model_examples_processed,748737880,-161984.0
classifier_expander,vanilla,total_model_examples_processed,1611510062,-161984.0
classifier_expander,vanilla,total_model_examples_processed,333205446,-161984.0
classifier_expander,vanilla,total_model_examples_processed,130501536,-161984.0
classifier_expander,vanilla,total_model_examples_processed,492612040,-161984.0
classifier_expander,vanilla,estimated_total_flops,2101606466,-360660410695680.0
classifier_expander,vanilla,estimated_total_flops,1872839281,-360660410695680.0
classifier_expander,vanilla,estimated_total_flops,637029796,-360660410695680.0
classifier_expander,vanilla,estimated_total_flops,1357204345,-360660410695680.0
classifier_expander,vanilla,estimated_total_flops,1758462037,-360660410695680.0
classifier_expander,vanilla,estimated_total_flops,748737880,-360660410695680.0
classifier_expander,vanilla,estimated_total_flops,1611510062,-360660410695680.0
classifier_expander,vanilla,estimated_total_flops,333205446,-360660410695680.0
classifier_expander,vanilla,estimated_total_flops,130501536,-360660410695680.0
classifier_expander,vanilla,estimated_total_flops,492612040,-360660410695680.0
classifier_expander,vanilla,estimated_overhead_flops,2101606466,0.0
classifier_expander,vanilla,estimated_overhead_flops,1872839281,0.0
classifier_expander,vanilla,estimated_overhead_flops,637029796,0.0
classifier_expander,vanilla,estimated_overhead_flops,1357204345,0.0
classifier_expander,vanilla,estimated_overhead_flops,1758462037,0.0
classifier_expander,vanilla,estimated_overhead_flops,748737880,0.0
classifier_expander,vanilla,estimated_overhead_flops,1611510062,0.0
classifier_expander,vanilla,estimated_overhead_flops,333205446,0.0
classifier_expander,vanilla,estimated_overhead_flops,130501536,0.0
classifier_expander,vanilla,estimated_overhead_flops,492612040,0.0
classifier_expander,vanilla,replay_memory_bytes,2101606466,-2459200.0
classifier_expander,vanilla,replay_memory_bytes,1872839281,-2459200.0
classifier_expander,vanilla,replay_memory_bytes,637029796,-2459200.0
classifier_expander,vanilla,replay_memory_bytes,1357204345,-2459200.0
classifier_expander,vanilla,replay_memory_bytes,1758462037,-2459200.0
classifier_expander,vanilla,replay_memory_bytes,748737880,-2459200.0
classifier_expander,vanilla,replay_memory_bytes,1611510062,-2459200.0
classifier_expander,vanilla,replay_memory_bytes,333205446,-2459200.0
classifier_expander,vanilla,replay_memory_bytes,130501536,-2459200.0
classifier_expander,vanilla,replay_memory_bytes,492612040,-2459200.0
classifier_expander,vanilla,stored_logits_bytes,2101606466,0.0
classifier_expander,vanilla,stored_logits_bytes,1872839281,0.0
classifier_expander,vanilla,stored_logits_bytes,637029796,0.0
classifier_expander,vanilla,stored_logits_bytes,1357204345,0.0
classifier_expander,vanilla,stored_logits_bytes,1758462037,0.0
classifier_expander,vanilla,stored_logits_bytes,748737880,0.0
classifier_expander,vanilla,stored_logits_bytes,1611510062,0.0
classifier_expander,vanilla,stored_logits_bytes,333205446,0.0
classifier_expander,vanilla,stored_logits_bytes,130501536,0.0
classifier_expander,vanilla,stored_logits_bytes,492612040,0.0
classifier_expander,vanilla,replay_metadata_bytes,2101606466,-6400.0
classifier_expander,vanilla,replay_metadata_bytes,1872839281,-6400.0
classifier_expander,vanilla,replay_metadata_bytes,637029796,-6400.0
classifier_expander,vanilla,replay_metadata_bytes,1357204345,-6400.0
classifier_expander,vanilla,replay_metadata_bytes,1758462037,-6400.0
classifier_expander,vanilla,replay_metadata_bytes,748737880,-6400.0
classifier_expander,vanilla,replay_metadata_bytes,1611510062,-6400.0
classifier_expander,vanilla,replay_metadata_bytes,333205446,-6400.0
classifier_expander,vanilla,replay_metadata_bytes,130501536,-6400.0
classifier_expander,vanilla,replay_metadata_bytes,492612040,-6400.0
classifier_expander,vanilla,selector_forward_examples,2101606466,0.0
classifier_expander,vanilla,selector_forward_examples,1872839281,0.0
classifier_expander,vanilla,selector_forward_examples,637029796,0.0
classifier_expander,vanilla,selector_forward_examples,1357204345,0.0
classifier_expander,vanilla,selector_forward_examples,1758462037,0.0
classifier_expander,vanilla,selector_forward_examples,748737880,0.0
classifier_expander,vanilla,selector_forward_examples,1611510062,0.0
classifier_expander,vanilla,selector_forward_examples,333205446,0.0
classifier_expander,vanilla,selector_forward_examples,130501536,0.0
classifier_expander,vanilla,selector_forward_examples,492612040,0.0
classifier_expander,vanilla,selection_seconds,2101606466,-0.013576878962339833
classifier_expander,vanilla,selection_seconds,1872839281,-0.014418715989449993
classifier_expander,vanilla,selection_seconds,637029796,-0.013267820962937549
classifier_expander,vanilla,selection_seconds,1357204345,-0.012643801979720592
classifier_expander,vanilla,selection_seconds,1758462037,-0.012738228979287669
classifier_expander,vanilla,selection_seconds,748737880,-0.013167509983759373
classifier_expander,vanilla,selection_seconds,1611510062,-0.013666665996424854
classifier_expander,vanilla,selection_seconds,333205446,-0.013195390987675637
classifier_expander,vanilla,selection_seconds,130501536,-0.013199694018112496
classifier_expander,vanilla,selection_seconds,492612040,-0.013879373000236228
classifier_expander,slowheat_none,final_average_accuracy,2101606466,-0.1781
classifier_expander,slowheat_none,final_average_accuracy,1872839281,-0.2014
classifier_expander,slowheat_none,final_average_accuracy,637029796,-0.1887
classifier_expander,slowheat_none,final_average_accuracy,1357204345,-0.20360000000000003
classifier_expander,slowheat_none,final_average_accuracy,1758462037,-0.1871
classifier_expander,slowheat_none,final_average_accuracy,748737880,-0.21380000000000002
classifier_expander,slowheat_none,final_average_accuracy,1611510062,-0.1835
classifier_expander,slowheat_none,final_average_accuracy,333205446,-0.18010000000000004
classifier_expander,slowheat_none,final_average_accuracy,130501536,-0.21600000000000005
classifier_expander,slowheat_none,final_average_accuracy,492612040,-0.2244
classifier_expander,slowheat_none,average_forgetting,2101606466,0.5051249999999998
classifier_expander,slowheat_none,average_forgetting,1872839281,0.5246250000000001
classifier_expander,slowheat_none,average_forgetting,637029796,0.523
classifier_expander,slowheat_none,average_forgetting,1357204345,0.528
classifier_expander,slowheat_none,average_forgetting,1758462037,0.47987500000000005
classifier_expander,slowheat_none,average_forgetting,748737880,0.553625
classifier_expander,slowheat_none,average_forgetting,1611510062,0.507625
classifier_expander,slowheat_none,average_forgetting,333205446,0.5407500000000001
classifier_expander,slowheat_none,average_forgetting,130501536,0.564
classifier_expander,slowheat_none,average_forgetting,492612040,0.5348750000000001
classifier_expander,slowheat_none,backward_transfer,2101606466,-0.5922499999999999
classifier_expander,slowheat_none,backward_transfer,1872839281,-0.5607500000000001
classifier_expander,slowheat_none,backward_transfer,637029796,-0.591625
classifier_expander,slowheat_none,backward_transfer,1357204345,-0.5495000000000001
classifier_expander,slowheat_none,backward_transfer,1758462037,-0.5585
classifier_expander,slowheat_none,backward_transfer,748737880,-0.614625
classifier_expander,slowheat_none,backward_transfer,1611510062,-0.58175
classifier_expander,slowheat_none,backward_transfer,333205446,-0.5991250000000001
classifier_expander,slowheat_none,backward_transfer,130501536,-0.6405
classifier_expander,slowheat_none,backward_transfer,492612040,-0.570625
classifier_expander,slowheat_none,forward_transfer,2101606466,-0.005375000000000001
classifier_expander,slowheat_none,forward_transfer,1872839281,-0.011249999999999982
classifier_expander,slowheat_none,forward_transfer,637029796,-0.0061250000000000054
classifier_expander,slowheat_none,forward_transfer,1357204345,-0.010000000000000009
classifier_expander,slowheat_none,forward_transfer,1758462037,0.0
classifier_expander,slowheat_none,forward_transfer,748737880,0.0
classifier_expander,slowheat_none,forward_transfer,1611510062,-0.020875000000000005
classifier_expander,slowheat_none,forward_transfer,333205446,-0.034374999999999996
classifier_expander,slowheat_none,forward_transfer,130501536,-0.0031250000000000167
classifier_expander,slowheat_none,forward_transfer,492612040,0.008999999999999994
classifier_expander,slowheat_none,task_aware_final_accuracy,2101606466,-0.2442000000000002
classifier_expander,slowheat_none,task_aware_final_accuracy,1872839281,-0.23929999999999996
classifier_expander,slowheat_none,task_aware_final_accuracy,637029796,-0.25550000000000006
classifier_expander,slowheat_none,task_aware_final_accuracy,1357204345,-0.2459
classifier_expander,slowheat_none,task_aware_final_accuracy,1758462037,-0.2300000000000001
classifier_expander,slowheat_none,task_aware_final_accuracy,748737880,-0.24039999999999995
classifier_expander,slowheat_none,task_aware_final_accuracy,1611510062,-0.2681
classifier_expander,slowheat_none,task_aware_final_accuracy,333205446,-0.2319000000000001
classifier_expander,slowheat_none,task_aware_final_accuracy,130501536,-0.24880000000000002
classifier_expander,slowheat_none,task_aware_final_accuracy,492612040,-0.2499999999999999
classifier_expander,slowheat_none,task_aware_forgetting,2101606466,0.2965
classifier_expander,slowheat_none,task_aware_forgetting,1872839281,0.26487499999999997
classifier_expander,slowheat_none,task_aware_forgetting,637029796,0.326
classifier_expander,slowheat_none,task_aware_forgetting,1357204345,0.28
classifier_expander,slowheat_none,task_aware_forgetting,1758462037,0.26625000000000004
classifier_expander,slowheat_none,task_aware_forgetting,748737880,0.29162499999999997
classifier_expander,slowheat_none,task_aware_forgetting,1611510062,0.32925000000000004
classifier_expander,slowheat_none,task_aware_forgetting,333205446,0.29587500000000005
classifier_expander,slowheat_none,task_aware_forgetting,130501536,0.300125
classifier_expander,slowheat_none,task_aware_forgetting,492612040,0.29112499999999997
classifier_expander,slowheat_none,classifier_gap,2101606466,-0.06610000000000021
classifier_expander,slowheat_none,classifier_gap,1872839281,-0.03789999999999999
classifier_expander,slowheat_none,classifier_gap,637029796,-0.06680000000000003
classifier_expander,slowheat_none,classifier_gap,1357204345,-0.042300000000000004
classifier_expander,slowheat_none,classifier_gap,1758462037,-0.042900000000000105
classifier_expander,slowheat_none,classifier_gap,748737880,-0.026599999999999957
classifier_expander,slowheat_none,classifier_gap,1611510062,-0.08460000000000001
classifier_expander,slowheat_none,classifier_gap,333205446,-0.05180000000000007
classifier_expander,slowheat_none,classifier_gap,130501536,-0.032799999999999996
classifier_expander,slowheat_none,classifier_gap,492612040,-0.0255999999999999
classifier_expander,slowheat_none,elapsed_seconds,2101606466,-15.238241762010148
classifier_expander,slowheat_none,elapsed_seconds,1872839281,1.65279107002425
classifier_expander,slowheat_none,elapsed_seconds,637029796,-3.107803381019039
classifier_expander,slowheat_none,elapsed_seconds,1357204345,52.24362345098052
classifier_expander,slowheat_none,elapsed_seconds,1758462037,-23.01454411400482
classifier_expander,slowheat_none,elapsed_seconds,748737880,-23.369147526012966
classifier_expander,slowheat_none,elapsed_seconds,1611510062,-24.00085168602527
classifier_expander,slowheat_none,elapsed_seconds,333205446,-23.461338532040827
classifier_expander,slowheat_none,elapsed_seconds,130501536,-23.39075097400928
classifier_expander,slowheat_none,elapsed_seconds,492612040,-23.75070707098348
classifier_expander,slowheat_none,learner_examples_processed,2101606466,-81344.0
classifier_expander,slowheat_none,learner_examples_processed,1872839281,-81344.0
classifier_expander,slowheat_none,learner_examples_processed,637029796,-81344.0
classifier_expander,slowheat_none,learner_examples_processed,1357204345,-81344.0
classifier_expander,slowheat_none,learner_examples_processed,1758462037,-81344.0
classifier_expander,slowheat_none,learner_examples_processed,748737880,-81344.0
classifier_expander,slowheat_none,learner_examples_processed,1611510062,-81344.0
classifier_expander,slowheat_none,learner_examples_processed,333205446,-81344.0
classifier_expander,slowheat_none,learner_examples_processed,130501536,-81344.0
classifier_expander,slowheat_none,learner_examples_processed,492612040,-81344.0
classifier_expander,slowheat_none,total_model_examples_processed,2101606466,-161984.0
classifier_expander,slowheat_none,total_model_examples_processed,1872839281,-161984.0
classifier_expander,slowheat_none,total_model_examples_processed,637029796,-161984.0
classifier_expander,slowheat_none,total_model_examples_processed,1357204345,-161984.0
classifier_expander,slowheat_none,total_model_examples_processed,1758462037,-161984.0
classifier_expander,slowheat_none,total_model_examples_processed,748737880,-161984.0
classifier_expander,slowheat_none,total_model_examples_processed,1611510062,-161984.0
classifier_expander,slowheat_none,total_model_examples_processed,333205446,-161984.0
classifier_expander,slowheat_none,total_model_examples_processed,130501536,-161984.0
classifier_expander,slowheat_none,total_model_examples_processed,492612040,-161984.0
classifier_expander,slowheat_none,estimated_total_flops,2101606466,-360637348143930.0
classifier_expander,slowheat_none,estimated_total_flops,1872839281,-360637348143930.0
classifier_expander,slowheat_none,estimated_total_flops,637029796,-360637348143930.0
classifier_expander,slowheat_none,estimated_total_flops,1357204345,-360637348143930.0
classifier_expander,slowheat_none,estimated_total_flops,1758462037,-360637348143930.0
classifier_expander,slowheat_none,estimated_total_flops,748737880,-360637348143930.0
classifier_expander,slowheat_none,estimated_total_flops,1611510062,-360637348143930.0
classifier_expander,slowheat_none,estimated_total_flops,333205446,-360637348143930.0
classifier_expander,slowheat_none,estimated_total_flops,130501536,-360637348143930.0
classifier_expander,slowheat_none,estimated_total_flops,492612040,-360637348143930.0
classifier_expander,slowheat_none,estimated_overhead_flops,2101606466,23062551750.0
classifier_expander,slowheat_none,estimated_overhead_flops,1872839281,23062551750.0
classifier_expander,slowheat_none,estimated_overhead_flops,637029796,23062551750.0
classifier_expander,slowheat_none,estimated_overhead_flops,1357204345,23062551750.0
classifier_expander,slowheat_none,estimated_overhead_flops,1758462037,23062551750.0
classifier_expander,slowheat_none,estimated_overhead_flops,748737880,23062551750.0
classifier_expander,slowheat_none,estimated_overhead_flops,1611510062,23062551750.0
classifier_expander,slowheat_none,estimated_overhead_flops,333205446,23062551750.0
classifier_expander,slowheat_none,estimated_overhead_flops,130501536,23062551750.0
classifier_expander,slowheat_none,estimated_overhead_flops,492612040,23062551750.0
classifier_expander,slowheat_none,replay_memory_bytes,2101606466,-2459200.0
classifier_expander,slowheat_none,replay_memory_bytes,1872839281,-2459200.0
classifier_expander,slowheat_none,replay_memory_bytes,637029796,-2459200.0
classifier_expander,slowheat_none,replay_memory_bytes,1357204345,-2459200.0
classifier_expander,slowheat_none,replay_memory_bytes,1758462037,-2459200.0
classifier_expander,slowheat_none,replay_memory_bytes,748737880,-2459200.0
classifier_expander,slowheat_none,replay_memory_bytes,1611510062,-2459200.0
classifier_expander,slowheat_none,replay_memory_bytes,333205446,-2459200.0
classifier_expander,slowheat_none,replay_memory_bytes,130501536,-2459200.0
classifier_expander,slowheat_none,replay_memory_bytes,492612040,-2459200.0
classifier_expander,slowheat_none,stored_logits_bytes,2101606466,0.0
classifier_expander,slowheat_none,stored_logits_bytes,1872839281,0.0
classifier_expander,slowheat_none,stored_logits_bytes,637029796,0.0
classifier_expander,slowheat_none,stored_logits_bytes,1357204345,0.0
classifier_expander,slowheat_none,stored_logits_bytes,1758462037,0.0
classifier_expander,slowheat_none,stored_logits_bytes,748737880,0.0
classifier_expander,slowheat_none,stored_logits_bytes,1611510062,0.0
classifier_expander,slowheat_none,stored_logits_bytes,333205446,0.0
classifier_expander,slowheat_none,stored_logits_bytes,130501536,0.0
classifier_expander,slowheat_none,stored_logits_bytes,492612040,0.0
classifier_expander,slowheat_none,replay_metadata_bytes,2101606466,-6400.0
classifier_expander,slowheat_none,replay_metadata_bytes,1872839281,-6400.0
classifier_expander,slowheat_none,replay_metadata_bytes,637029796,-6400.0
classifier_expander,slowheat_none,replay_metadata_bytes,1357204345,-6400.0
classifier_expander,slowheat_none,replay_metadata_bytes,1758462037,-6400.0
classifier_expander,slowheat_none,replay_metadata_bytes,748737880,-6400.0
classifier_expander,slowheat_none,replay_metadata_bytes,1611510062,-6400.0
classifier_expander,slowheat_none,replay_metadata_bytes,333205446,-6400.0
classifier_expander,slowheat_none,replay_metadata_bytes,130501536,-6400.0
classifier_expander,slowheat_none,replay_metadata_bytes,492612040,-6400.0
classifier_expander,slowheat_none,selector_forward_examples,2101606466,0.0
classifier_expander,slowheat_none,selector_forward_examples,1872839281,0.0
classifier_expander,slowheat_none,selector_forward_examples,637029796,0.0
classifier_expander,slowheat_none,selector_forward_examples,1357204345,0.0
classifier_expander,slowheat_none,selector_forward_examples,1758462037,0.0
classifier_expander,slowheat_none,selector_forward_examples,748737880,0.0
classifier_expander,slowheat_none,selector_forward_examples,1611510062,0.0
classifier_expander,slowheat_none,selector_forward_examples,333205446,0.0
classifier_expander,slowheat_none,selector_forward_examples,130501536,0.0
classifier_expander,slowheat_none,selector_forward_examples,492612040,0.0
classifier_expander,slowheat_none,selection_seconds,2101606466,-0.013576878962339833
classifier_expander,slowheat_none,selection_seconds,1872839281,-0.014418715989449993
classifier_expander,slowheat_none,selection_seconds,637029796,-0.013267820962937549
classifier_expander,slowheat_none,selection_seconds,1357204345,-0.012643801979720592
classifier_expander,slowheat_none,selection_seconds,1758462037,-0.012738228979287669
classifier_expander,slowheat_none,selection_seconds,748737880,-0.013167509983759373
classifier_expander,slowheat_none,selection_seconds,1611510062,-0.013666665996424854
classifier_expander,slowheat_none,selection_seconds,333205446,-0.013195390987675637
classifier_expander,slowheat_none,selection_seconds,130501536,-0.013199694018112496
classifier_expander,slowheat_none,selection_seconds,492612040,-0.013879373000236228
classifier_expander,slowheat_unidirectional,final_average_accuracy,2101606466,-0.17800000000000002
classifier_expander,slowheat_unidirectional,final_average_accuracy,1872839281,-0.19779999999999998
classifier_expander,slowheat_unidirectional,final_average_accuracy,637029796,-0.197
classifier_expander,slowheat_unidirectional,final_average_accuracy,1357204345,-0.20540000000000003
classifier_expander,slowheat_unidirectional,final_average_accuracy,1758462037,-0.19
classifier_expander,slowheat_unidirectional,final_average_accuracy,748737880,-0.2255
classifier_expander,slowheat_unidirectional,final_average_accuracy,1611510062,-0.19329999999999997
classifier_expander,slowheat_unidirectional,final_average_accuracy,333205446,-0.1915
classifier_expander,slowheat_unidirectional,final_average_accuracy,130501536,-0.22250000000000003
classifier_expander,slowheat_unidirectional,final_average_accuracy,492612040,-0.2268
classifier_expander,slowheat_unidirectional,average_forgetting,2101606466,0.493125
classifier_expander,slowheat_unidirectional,average_forgetting,1872839281,0.542875
classifier_expander,slowheat_unidirectional,average_forgetting,637029796,0.5071249999999999
classifier_expander,slowheat_unidirectional,average_forgetting,1357204345,0.54025
classifier_expander,slowheat_unidirectional,average_forgetting,1758462037,0.4853750000000001
classifier_expander,slowheat_unidirectional,average_forgetting,748737880,0.532375
classifier_expander,slowheat_unidirectional,average_forgetting,1611510062,0.496375
classifier_expander,slowheat_unidirectional,average_forgetting,333205446,0.5249999999999999
classifier_expander,slowheat_unidirectional,average_forgetting,130501536,0.562125
classifier_expander,slowheat_unidirectional,average_forgetting,492612040,0.510625
classifier_expander,slowheat_unidirectional,backward_transfer,2101606466,-0.5802499999999999
classifier_expander,slowheat_unidirectional,backward_transfer,1872839281,-0.5790000000000001
classifier_expander,slowheat_unidirectional,backward_transfer,637029796,-0.5757499999999999
classifier_expander,slowheat_unidirectional,backward_transfer,1357204345,-0.56175
classifier_expander,slowheat_unidirectional,backward_transfer,1758462037,-0.5640000000000001
classifier_expander,slowheat_unidirectional,backward_transfer,748737880,-0.593375
classifier_expander,slowheat_unidirectional,backward_transfer,1611510062,-0.5705
classifier_expander,slowheat_unidirectional,backward_transfer,333205446,-0.583375
classifier_expander,slowheat_unidirectional,backward_transfer,130501536,-0.638625
classifier_expander,slowheat_unidirectional,backward_transfer,492612040,-0.5463749999999999
classifier_expander,slowheat_unidirectional,forward_transfer,2101606466,-0.004875000000000001
classifier_expander,slowheat_unidirectional,forward_transfer,1872839281,-0.009624999999999995
classifier_expander,slowheat_unidirectional,forward_transfer,637029796,-0.003250000000000003
classifier_expander,slowheat_unidirectional,forward_transfer,1357204345,-0.010000000000000009
classifier_expander,slowheat_unidirectional,forward_transfer,1758462037,0.0
classifier_expander,slowheat_unidirectional,forward_transfer,748737880,0.0
classifier_expander,slowheat_unidirectional,forward_transfer,1611510062,-0.020875000000000005
classifier_expander,slowheat_unidirectional,forward_transfer,333205446,-0.025999999999999995
classifier_expander,slowheat_unidirectional,forward_transfer,130501536,-0.0018750000000000155
classifier_expander,slowheat_unidirectional,forward_transfer,492612040,0.007500000000000007
classifier_expander,slowheat_unidirectional,task_aware_final_accuracy,2101606466,-0.2229000000000001
classifier_expander,slowheat_unidirectional,task_aware_final_accuracy,1872839281,-0.24309999999999998
classifier_expander,slowheat_unidirectional,task_aware_final_accuracy,637029796,-0.2611
classifier_expander,slowheat_unidirectional,task_aware_final_accuracy,1357204345,-0.24770000000000003
classifier_expander,slowheat_unidirectional,task_aware_final_accuracy,1758462037,-0.25260000000000005
classifier_expander,slowheat_unidirectional,task_aware_final_accuracy,748737880,-0.2568999999999999
classifier_expander,slowheat_unidirectional,task_aware_final_accuracy,1611510062,-0.26670000000000005
classifier_expander,slowheat_unidirectional,task_aware_final_accuracy,333205446,-0.24330000000000018
classifier_expander,slowheat_unidirectional,task_aware_final_accuracy,130501536,-0.236
classifier_expander,slowheat_unidirectional,task_aware_final_accuracy,492612040,-0.2518999999999999
classifier_expander,slowheat_unidirectional,task_aware_forgetting,2101606466,0.258
classifier_expander,slowheat_unidirectional,task_aware_forgetting,1872839281,0.29237500000000005
classifier_expander,slowheat_unidirectional,task_aware_forgetting,637029796,0.30675
classifier_expander,slowheat_unidirectional,task_aware_forgetting,1357204345,0.29225
classifier_expander,slowheat_unidirectional,task_aware_forgetting,1758462037,0.29637500000000006
classifier_expander,slowheat_unidirectional,task_aware_forgetting,748737880,0.276375
classifier_expander,slowheat_unidirectional,task_aware_forgetting,1611510062,0.304
classifier_expander,slowheat_unidirectional,task_aware_forgetting,333205446,0.280125
classifier_expander,slowheat_unidirectional,task_aware_forgetting,130501536,0.27412499999999995
classifier_expander,slowheat_unidirectional,task_aware_forgetting,492612040,0.26624999999999993
classifier_expander,slowheat_unidirectional,classifier_gap,2101606466,-0.044900000000000106
classifier_expander,slowheat_unidirectional,classifier_gap,1872839281,-0.04530000000000001
classifier_expander,slowheat_unidirectional,classifier_gap,637029796,-0.06409999999999999
classifier_expander,slowheat_unidirectional,classifier_gap,1357204345,-0.042300000000000004
classifier_expander,slowheat_unidirectional,classifier_gap,1758462037,-0.06260000000000004
classifier_expander,slowheat_unidirectional,classifier_gap,748737880,-0.03139999999999987
classifier_expander,slowheat_unidirectional,classifier_gap,1611510062,-0.07340000000000008
classifier_expander,slowheat_unidirectional,classifier_gap,333205446,-0.05180000000000018
classifier_expander,slowheat_unidirectional,classifier_gap,130501536,-0.013499999999999956
classifier_expander,slowheat_unidirectional,classifier_gap,492612040,-0.0250999999999999
classifier_expander,slowheat_unidirectional,elapsed_seconds,2101606466,-42.00934312900063
classifier_expander,slowheat_unidirectional,elapsed_seconds,1872839281,-37.81134194898186
classifier_expander,slowheat_unidirectional,elapsed_seconds,637029796,-38.85070690599969
classifier_expander,slowheat_unidirectional,elapsed_seconds,1357204345,24.413072512979852
classifier_expander,slowheat_unidirectional,elapsed_seconds,1758462037,-41.81023530699895
classifier_expander,slowheat_unidirectional,elapsed_seconds,748737880,-42.054485746019054
classifier_expander,slowheat_unidirectional,elapsed_seconds,1611510062,-42.49869547400158
classifier_expander,slowheat_unidirectional,elapsed_seconds,333205446,-42.451729018008336
classifier_expander,slowheat_unidirectional,elapsed_seconds,130501536,-42.57054337899899
classifier_expander,slowheat_unidirectional,elapsed_seconds,492612040,-42.471447212970816
classifier_expander,slowheat_unidirectional,learner_examples_processed,2101606466,-81344.0
classifier_expander,slowheat_unidirectional,learner_examples_processed,1872839281,-81344.0
classifier_expander,slowheat_unidirectional,learner_examples_processed,637029796,-81344.0
classifier_expander,slowheat_unidirectional,learner_examples_processed,1357204345,-81344.0
classifier_expander,slowheat_unidirectional,learner_examples_processed,1758462037,-81344.0
classifier_expander,slowheat_unidirectional,learner_examples_processed,748737880,-81344.0
classifier_expander,slowheat_unidirectional,learner_examples_processed,1611510062,-81344.0
classifier_expander,slowheat_unidirectional,learner_examples_processed,333205446,-81344.0
classifier_expander,slowheat_unidirectional,learner_examples_processed,130501536,-81344.0
classifier_expander,slowheat_unidirectional,learner_examples_processed,492612040,-81344.0
classifier_expander,slowheat_unidirectional,total_model_examples_processed,2101606466,-161984.0
classifier_expander,slowheat_unidirectional,total_model_examples_processed,1872839281,-161984.0
classifier_expander,slowheat_unidirectional,total_model_examples_processed,637029796,-161984.0
classifier_expander,slowheat_unidirectional,total_model_examples_processed,1357204345,-161984.0
classifier_expander,slowheat_unidirectional,total_model_examples_processed,1758462037,-161984.0
classifier_expander,slowheat_unidirectional,total_model_examples_processed,748737880,-161984.0
classifier_expander,slowheat_unidirectional,total_model_examples_processed,1611510062,-161984.0
classifier_expander,slowheat_unidirectional,total_model_examples_processed,333205446,-161984.0
classifier_expander,slowheat_unidirectional,total_model_examples_processed,130501536,-161984.0
classifier_expander,slowheat_unidirectional,total_model_examples_processed,492612040,-161984.0
classifier_expander,slowheat_unidirectional,estimated_total_flops,2101606466,-360637347864050.0
classifier_expander,slowheat_unidirectional,estimated_total_flops,1872839281,-360637347864050.0
classifier_expander,slowheat_unidirectional,estimated_total_flops,637029796,-360637347864050.0
classifier_expander,slowheat_unidirectional,estimated_total_flops,1357204345,-360637347864050.0
classifier_expander,slowheat_unidirectional,estimated_total_flops,1758462037,-360637347864050.0
classifier_expander,slowheat_unidirectional,estimated_total_flops,748737880,-360637347864050.0
classifier_expander,slowheat_unidirectional,estimated_total_flops,1611510062,-360637347864050.0
classifier_expander,slowheat_unidirectional,estimated_total_flops,333205446,-360637347864050.0
classifier_expander,slowheat_unidirectional,estimated_total_flops,130501536,-360637347864050.0
classifier_expander,slowheat_unidirectional,estimated_total_flops,492612040,-360637347864050.0
classifier_expander,slowheat_unidirectional,estimated_overhead_flops,2101606466,23062831630.0
classifier_expander,slowheat_unidirectional,estimated_overhead_flops,1872839281,23062831630.0
classifier_expander,slowheat_unidirectional,estimated_overhead_flops,637029796,23062831630.0
classifier_expander,slowheat_unidirectional,estimated_overhead_flops,1357204345,23062831630.0
classifier_expander,slowheat_unidirectional,estimated_overhead_flops,1758462037,23062831630.0
classifier_expander,slowheat_unidirectional,estimated_overhead_flops,748737880,23062831630.0
classifier_expander,slowheat_unidirectional,estimated_overhead_flops,1611510062,23062831630.0
classifier_expander,slowheat_unidirectional,estimated_overhead_flops,333205446,23062831630.0
classifier_expander,slowheat_unidirectional,estimated_overhead_flops,130501536,23062831630.0
classifier_expander,slowheat_unidirectional,estimated_overhead_flops,492612040,23062831630.0
classifier_expander,slowheat_unidirectional,replay_memory_bytes,2101606466,-2459200.0
classifier_expander,slowheat_unidirectional,replay_memory_bytes,1872839281,-2459200.0
classifier_expander,slowheat_unidirectional,replay_memory_bytes,637029796,-2459200.0
classifier_expander,slowheat_unidirectional,replay_memory_bytes,1357204345,-2459200.0
classifier_expander,slowheat_unidirectional,replay_memory_bytes,1758462037,-2459200.0
classifier_expander,slowheat_unidirectional,replay_memory_bytes,748737880,-2459200.0
classifier_expander,slowheat_unidirectional,replay_memory_bytes,1611510062,-2459200.0
classifier_expander,slowheat_unidirectional,replay_memory_bytes,333205446,-2459200.0
classifier_expander,slowheat_unidirectional,replay_memory_bytes,130501536,-2459200.0
classifier_expander,slowheat_unidirectional,replay_memory_bytes,492612040,-2459200.0
classifier_expander,slowheat_unidirectional,stored_logits_bytes,2101606466,0.0
classifier_expander,slowheat_unidirectional,stored_logits_bytes,1872839281,0.0
classifier_expander,slowheat_unidirectional,stored_logits_bytes,637029796,0.0
classifier_expander,slowheat_unidirectional,stored_logits_bytes,1357204345,0.0
classifier_expander,slowheat_unidirectional,stored_logits_bytes,1758462037,0.0
classifier_expander,slowheat_unidirectional,stored_logits_bytes,748737880,0.0
classifier_expander,slowheat_unidirectional,stored_logits_bytes,1611510062,0.0
classifier_expander,slowheat_unidirectional,stored_logits_bytes,333205446,0.0
classifier_expander,slowheat_unidirectional,stored_logits_bytes,130501536,0.0
classifier_expander,slowheat_unidirectional,stored_logits_bytes,492612040,0.0
classifier_expander,slowheat_unidirectional,replay_metadata_bytes,2101606466,-6400.0
classifier_expander,slowheat_unidirectional,replay_metadata_bytes,1872839281,-6400.0
classifier_expander,slowheat_unidirectional,replay_metadata_bytes,637029796,-6400.0
classifier_expander,slowheat_unidirectional,replay_metadata_bytes,1357204345,-6400.0
classifier_expander,slowheat_unidirectional,replay_metadata_bytes,1758462037,-6400.0
classifier_expander,slowheat_unidirectional,replay_metadata_bytes,748737880,-6400.0
classifier_expander,slowheat_unidirectional,replay_metadata_bytes,1611510062,-6400.0
classifier_expander,slowheat_unidirectional,replay_metadata_bytes,333205446,-6400.0
classifier_expander,slowheat_unidirectional,replay_metadata_bytes,130501536,-6400.0
classifier_expander,slowheat_unidirectional,replay_metadata_bytes,492612040,-6400.0
classifier_expander,slowheat_unidirectional,selector_forward_examples,2101606466,0.0
classifier_expander,slowheat_unidirectional,selector_forward_examples,1872839281,0.0
classifier_expander,slowheat_unidirectional,selector_forward_examples,637029796,0.0
classifier_expander,slowheat_unidirectional,selector_forward_examples,1357204345,0.0
classifier_expander,slowheat_unidirectional,selector_forward_examples,1758462037,0.0
classifier_expander,slowheat_unidirectional,selector_forward_examples,748737880,0.0
classifier_expander,slowheat_unidirectional,selector_forward_examples,1611510062,0.0
classifier_expander,slowheat_unidirectional,selector_forward_examples,333205446,0.0
classifier_expander,slowheat_unidirectional,selector_forward_examples,130501536,0.0
classifier_expander,slowheat_unidirectional,selector_forward_examples,492612040,0.0
classifier_expander,slowheat_unidirectional,selection_seconds,2101606466,-0.013576878962339833
classifier_expander,slowheat_unidirectional,selection_seconds,1872839281,-0.014418715989449993
classifier_expander,slowheat_unidirectional,selection_seconds,637029796,-0.013267820962937549
classifier_expander,slowheat_unidirectional,selection_seconds,1357204345,-0.012643801979720592
classifier_expander,slowheat_unidirectional,selection_seconds,1758462037,-0.012738228979287669
classifier_expander,slowheat_unidirectional,selection_seconds,748737880,-0.013167509983759373
classifier_expander,slowheat_unidirectional,selection_seconds,1611510062,-0.013666665996424854
classifier_expander,slowheat_unidirectional,selection_seconds,333205446,-0.013195390987675637
classifier_expander,slowheat_unidirectional,selection_seconds,130501536,-0.013199694018112496
classifier_expander,slowheat_unidirectional,selection_seconds,492612040,-0.013879373000236228
classifier_expander,slowheat,final_average_accuracy,2101606466,-0.222
classifier_expander,slowheat,final_average_accuracy,1872839281,-0.2319
classifier_expander,slowheat,final_average_accuracy,637029796,-0.23020000000000002
classifier_expander,slowheat,final_average_accuracy,1357204345,-0.21370000000000003
classifier_expander,slowheat,final_average_accuracy,1758462037,-0.2371
classifier_expander,slowheat,final_average_accuracy,748737880,-0.264
classifier_expander,slowheat,final_average_accuracy,1611510062,-0.2163
classifier_expander,slowheat,final_average_accuracy,333205446,-0.2343
classifier_expander,slowheat,final_average_accuracy,130501536,-0.26470000000000005
classifier_expander,slowheat,final_average_accuracy,492612040,-0.2641
classifier_expander,slowheat,average_forgetting,2101606466,0.46975000000000006
classifier_expander,slowheat,average_forgetting,1872839281,0.452625
classifier_expander,slowheat,average_forgetting,637029796,0.48375
classifier_expander,slowheat,average_forgetting,1357204345,0.5025000000000001
classifier_expander,slowheat,average_forgetting,1758462037,0.446125
classifier_expander,slowheat,average_forgetting,748737880,0.51675
classifier_expander,slowheat,average_forgetting,1611510062,0.4507499999999999
classifier_expander,slowheat,average_forgetting,333205446,0.488875
classifier_expander,slowheat,average_forgetting,130501536,0.49375
classifier_expander,slowheat,average_forgetting,492612040,0.509625
classifier_expander,slowheat,backward_transfer,2101606466,-0.556875
classifier_expander,slowheat,backward_transfer,1872839281,-0.48875
classifier_expander,slowheat,backward_transfer,637029796,-0.552375
classifier_expander,slowheat,backward_transfer,1357204345,-0.524
classifier_expander,slowheat,backward_transfer,1758462037,-0.5247499999999999
classifier_expander,slowheat,backward_transfer,748737880,-0.57775
classifier_expander,slowheat,backward_transfer,1611510062,-0.5248749999999999
classifier_expander,slowheat,backward_transfer,333205446,-0.54725
classifier_expander,slowheat,backward_transfer,130501536,-0.57025
classifier_expander,slowheat,backward_transfer,492612040,-0.5453749999999999
classifier_expander,slowheat,forward_transfer,2101606466,-0.011250000000000001
classifier_expander,slowheat,forward_transfer,1872839281,-0.01100000000000001
classifier_expander,slowheat,forward_transfer,637029796,-0.0073750000000000066
classifier_expander,slowheat,forward_transfer,1357204345,-0.010000000000000009
classifier_expander,slowheat,forward_transfer,1758462037,0.0
classifier_expander,slowheat,forward_transfer,748737880,0.0
classifier_expander,slowheat,forward_transfer,1611510062,-0.020875000000000005
classifier_expander,slowheat,forward_transfer,333205446,-0.02837499999999999
classifier_expander,slowheat,forward_transfer,130501536,-0.006875000000000006
classifier_expander,slowheat,forward_transfer,492612040,0.008749999999999994
classifier_expander,slowheat,task_aware_final_accuracy,2101606466,-0.28810000000000013
classifier_expander,slowheat,task_aware_final_accuracy,1872839281,-0.2772
classifier_expander,slowheat,task_aware_final_accuracy,637029796,-0.2943
classifier_expander,slowheat,task_aware_final_accuracy,1357204345,-0.256
classifier_expander,slowheat,task_aware_final_accuracy,1758462037,-0.28000000000000014
classifier_expander,slowheat,task_aware_final_accuracy,748737880,-0.2953999999999999
classifier_expander,slowheat,task_aware_final_accuracy,1611510062,-0.27770000000000006
classifier_expander,slowheat,task_aware_final_accuracy,333205446,-0.28610000000000013
classifier_expander,slowheat,task_aware_final_accuracy,130501536,-0.278
classifier_expander,slowheat,task_aware_final_accuracy,492612040,-0.2891999999999999
classifier_expander,slowheat,task_aware_forgetting,2101606466,0.26112500000000005
classifier_expander,slowheat,task_aware_forgetting,1872839281,0.20212499999999997
classifier_expander,slowheat,task_aware_forgetting,637029796,0.283375
classifier_expander,slowheat,task_aware_forgetting,1357204345,0.25450000000000006
classifier_expander,slowheat,task_aware_forgetting,1758462037,0.23249999999999998
classifier_expander,slowheat,task_aware_forgetting,748737880,0.26075
classifier_expander,slowheat,task_aware_forgetting,1611510062,0.243375
classifier_expander,slowheat,task_aware_forgetting,333205446,0.24400000000000005
classifier_expander,slowheat,task_aware_forgetting,130501536,0.20550000000000002
classifier_expander,slowheat,task_aware_forgetting,492612040,0.26525000000000004
classifier_expander,slowheat,classifier_gap,2101606466,-0.0661000000000001
classifier_expander,slowheat,classifier_gap,1872839281,-0.04530000000000001
classifier_expander,slowheat,classifier_gap,637029796,-0.06409999999999999
classifier_expander,slowheat,classifier_gap,1357204345,-0.042300000000000004
classifier_expander,slowheat,classifier_gap,1758462037,-0.04290000000000016
classifier_expander,slowheat,classifier_gap,748737880,-0.03139999999999987
classifier_expander,slowheat,classifier_gap,1611510062,-0.061400000000000066
classifier_expander,slowheat,classifier_gap,333205446,-0.051800000000000124
classifier_expander,slowheat,classifier_gap,130501536,-0.013299999999999979
classifier_expander,slowheat,classifier_gap,492612040,-0.0250999999999999
classifier_expander,slowheat,elapsed_seconds,2101606466,2.9360288569587283
classifier_expander,slowheat,elapsed_seconds,1872839281,7.913683089020196
classifier_expander,slowheat,elapsed_seconds,637029796,32.82460262600216
classifier_expander,slowheat,elapsed_seconds,1357204345,67.86272898397874
classifier_expander,slowheat,elapsed_seconds,1758462037,-10.966286344977561
classifier_expander,slowheat,elapsed_seconds,748737880,-10.25952585801133
classifier_expander,slowheat,elapsed_seconds,1611510062,-11.062929032021202
classifier_expander,slowheat,elapsed_seconds,333205446,-10.720752968016313
classifier_expander,slowheat,elapsed_seconds,130501536,-10.692219321994344
classifier_expander,slowheat,elapsed_seconds,492612040,-11.11733075499069
classifier_expander,slowheat,learner_examples_processed,2101606466,-81344.0
classifier_expander,slowheat,learner_examples_processed,1872839281,-81344.0
classifier_expander,slowheat,learner_examples_processed,637029796,-81344.0
classifier_expander,slowheat,learner_examples_processed,1357204345,-81344.0
classifier_expander,slowheat,learner_examples_processed,1758462037,-81344.0
classifier_expander,slowheat,learner_examples_processed,748737880,-81344.0
classifier_expander,slowheat,learner_examples_processed,1611510062,-81344.0
classifier_expander,slowheat,learner_examples_processed,333205446,-81344.0
classifier_expander,slowheat,learner_examples_processed,130501536,-81344.0
classifier_expander,slowheat,learner_examples_processed,492612040,-81344.0
classifier_expander,slowheat,total_model_examples_processed,2101606466,-161984.0
classifier_expander,slowheat,total_model_examples_processed,1872839281,-161984.0
classifier_expander,slowheat,total_model_examples_processed,637029796,-161984.0
classifier_expander,slowheat,total_model_examples_processed,1357204345,-161984.0
classifier_expander,slowheat,total_model_examples_processed,1758462037,-161984.0
classifier_expander,slowheat,total_model_examples_processed,748737880,-161984.0
classifier_expander,slowheat,total_model_examples_processed,1611510062,-161984.0
classifier_expander,slowheat,total_model_examples_processed,333205446,-161984.0
classifier_expander,slowheat,total_model_examples_processed,130501536,-161984.0
classifier_expander,slowheat,total_model_examples_processed,492612040,-161984.0
classifier_expander,slowheat,estimated_total_flops,2101606466,-360637347864050.0
classifier_expander,slowheat,estimated_total_flops,1872839281,-360637347864050.0
classifier_expander,slowheat,estimated_total_flops,637029796,-360637347864050.0
classifier_expander,slowheat,estimated_total_flops,1357204345,-360637347864050.0
classifier_expander,slowheat,estimated_total_flops,1758462037,-360637347864050.0
classifier_expander,slowheat,estimated_total_flops,748737880,-360637347864050.0
classifier_expander,slowheat,estimated_total_flops,1611510062,-360637347864050.0
classifier_expander,slowheat,estimated_total_flops,333205446,-360637347864050.0
classifier_expander,slowheat,estimated_total_flops,130501536,-360637347864050.0
classifier_expander,slowheat,estimated_total_flops,492612040,-360637347864050.0
classifier_expander,slowheat,estimated_overhead_flops,2101606466,23062831630.0
classifier_expander,slowheat,estimated_overhead_flops,1872839281,23062831630.0
classifier_expander,slowheat,estimated_overhead_flops,637029796,23062831630.0
classifier_expander,slowheat,estimated_overhead_flops,1357204345,23062831630.0
classifier_expander,slowheat,estimated_overhead_flops,1758462037,23062831630.0
classifier_expander,slowheat,estimated_overhead_flops,748737880,23062831630.0
classifier_expander,slowheat,estimated_overhead_flops,1611510062,23062831630.0
classifier_expander,slowheat,estimated_overhead_flops,333205446,23062831630.0
classifier_expander,slowheat,estimated_overhead_flops,130501536,23062831630.0
classifier_expander,slowheat,estimated_overhead_flops,492612040,23062831630.0
classifier_expander,slowheat,replay_memory_bytes,2101606466,-2459200.0
classifier_expander,slowheat,replay_memory_bytes,1872839281,-2459200.0
classifier_expander,slowheat,replay_memory_bytes,637029796,-2459200.0
classifier_expander,slowheat,replay_memory_bytes,1357204345,-2459200.0
classifier_expander,slowheat,replay_memory_bytes,1758462037,-2459200.0
classifier_expander,slowheat,replay_memory_bytes,748737880,-2459200.0
classifier_expander,slowheat,replay_memory_bytes,1611510062,-2459200.0
classifier_expander,slowheat,replay_memory_bytes,333205446,-2459200.0
classifier_expander,slowheat,replay_memory_bytes,130501536,-2459200.0
classifier_expander,slowheat,replay_memory_bytes,492612040,-2459200.0
classifier_expander,slowheat,stored_logits_bytes,2101606466,0.0
classifier_expander,slowheat,stored_logits_bytes,1872839281,0.0
classifier_expander,slowheat,stored_logits_bytes,637029796,0.0
classifier_expander,slowheat,stored_logits_bytes,1357204345,0.0
classifier_expander,slowheat,stored_logits_bytes,1758462037,0.0
classifier_expander,slowheat,stored_logits_bytes,748737880,0.0
classifier_expander,slowheat,stored_logits_bytes,1611510062,0.0
classifier_expander,slowheat,stored_logits_bytes,333205446,0.0
classifier_expander,slowheat,stored_logits_bytes,130501536,0.0
classifier_expander,slowheat,stored_logits_bytes,492612040,0.0
classifier_expander,slowheat,replay_metadata_bytes,2101606466,-6400.0
classifier_expander,slowheat,replay_metadata_bytes,1872839281,-6400.0
classifier_expander,slowheat,replay_metadata_bytes,637029796,-6400.0
classifier_expander,slowheat,replay_metadata_bytes,1357204345,-6400.0
classifier_expander,slowheat,replay_metadata_bytes,1758462037,-6400.0
classifier_expander,slowheat,replay_metadata_bytes,748737880,-6400.0
classifier_expander,slowheat,replay_metadata_bytes,1611510062,-6400.0
classifier_expander,slowheat,replay_metadata_bytes,333205446,-6400.0
classifier_expander,slowheat,replay_metadata_bytes,130501536,-6400.0
classifier_expander,slowheat,replay_metadata_bytes,492612040,-6400.0
classifier_expander,slowheat,selector_forward_examples,2101606466,0.0
classifier_expander,slowheat,selector_forward_examples,1872839281,0.0
classifier_expander,slowheat,selector_forward_examples,637029796,0.0
classifier_expander,slowheat,selector_forward_examples,1357204345,0.0
classifier_expander,slowheat,selector_forward_examples,1758462037,0.0
classifier_expander,slowheat,selector_forward_examples,748737880,0.0
classifier_expander,slowheat,selector_forward_examples,1611510062,0.0
classifier_expander,slowheat,selector_forward_examples,333205446,0.0
classifier_expander,slowheat,selector_forward_examples,130501536,0.0
classifier_expander,slowheat,selector_forward_examples,492612040,0.0
classifier_expander,slowheat,selection_seconds,2101606466,-0.013576878962339833
classifier_expander,slowheat,selection_seconds,1872839281,-0.014418715989449993
classifier_expander,slowheat,selection_seconds,637029796,-0.013267820962937549
classifier_expander,slowheat,selection_seconds,1357204345,-0.012643801979720592
classifier_expander,slowheat,selection_seconds,1758462037,-0.012738228979287669
classifier_expander,slowheat,selection_seconds,748737880,-0.013167509983759373
classifier_expander,slowheat,selection_seconds,1611510062,-0.013666665996424854
classifier_expander,slowheat,selection_seconds,333205446,-0.013195390987675637
classifier_expander,slowheat,selection_seconds,130501536,-0.013199694018112496
classifier_expander,slowheat,selection_seconds,492612040,-0.013879373000236228
classifier_expander,hard_freeze,final_average_accuracy,2101606466,-0.2101
classifier_expander,hard_freeze,final_average_accuracy,1872839281,-0.2254
classifier_expander,hard_freeze,final_average_accuracy,637029796,-0.22210000000000002
classifier_expander,hard_freeze,final_average_accuracy,1357204345,-0.2217
classifier_expander,hard_freeze,final_average_accuracy,1758462037,-0.2149
classifier_expander,hard_freeze,final_average_accuracy,748737880,-0.2653
classifier_expander,hard_freeze,final_average_accuracy,1611510062,-0.21409999999999998
classifier_expander,hard_freeze,final_average_accuracy,333205446,-0.21810000000000002
classifier_expander,hard_freeze,final_average_accuracy,130501536,-0.24850000000000005
classifier_expander,hard_freeze,final_average_accuracy,492612040,-0.2584
classifier_expander,hard_freeze,average_forgetting,2101606466,0.39387500000000003
classifier_expander,hard_freeze,average_forgetting,1872839281,0.4380000000000001
classifier_expander,hard_freeze,average_forgetting,637029796,0.45475
classifier_expander,hard_freeze,average_forgetting,1357204345,0.4655
classifier_expander,hard_freeze,average_forgetting,1758462037,0.396625
classifier_expander,hard_freeze,average_forgetting,748737880,0.412875
classifier_expander,hard_freeze,average_forgetting,1611510062,0.391875
classifier_expander,hard_freeze,average_forgetting,333205446,0.46812499999999996
classifier_expander,hard_freeze,average_forgetting,130501536,0.499375
classifier_expander,hard_freeze,average_forgetting,492612040,0.49
classifier_expander,hard_freeze,backward_transfer,2101606466,-0.48100000000000004
classifier_expander,hard_freeze,backward_transfer,1872839281,-0.47412500000000013
classifier_expander,hard_freeze,backward_transfer,637029796,-0.5233749999999999
classifier_expander,hard_freeze,backward_transfer,1357204345,-0.48700000000000004
classifier_expander,hard_freeze,backward_transfer,1758462037,-0.47524999999999995
classifier_expander,hard_freeze,backward_transfer,748737880,-0.47387499999999994
classifier_expander,hard_freeze,backward_transfer,1611510062,-0.46599999999999997
classifier_expander,hard_freeze,backward_transfer,333205446,-0.5265
classifier_expander,hard_freeze,backward_transfer,130501536,-0.575875
classifier_expander,hard_freeze,backward_transfer,492612040,-0.5257499999999999
classifier_expander,hard_freeze,forward_transfer,2101606466,-0.0056250000000000015
classifier_expander,hard_freeze,forward_transfer,1872839281,-0.01100000000000001
classifier_expander,hard_freeze,forward_transfer,637029796,-0.005250000000000005
classifier_expander,hard_freeze,forward_transfer,1357204345,-0.010000000000000009
classifier_expander,hard_freeze,forward_transfer,1758462037,0.0
classifier_expander,hard_freeze,forward_transfer,748737880,0.0
classifier_expander,hard_freeze,forward_transfer,1611510062,-0.020875000000000005
classifier_expander,hard_freeze,forward_transfer,333205446,-0.030374999999999992
classifier_expander,hard_freeze,forward_transfer,130501536,-0.004875000000000018
classifier_expander,hard_freeze,forward_transfer,492612040,0.007000000000000006
classifier_expander,hard_freeze,task_aware_final_accuracy,2101606466,-0.2762000000000001
classifier_expander,hard_freeze,task_aware_final_accuracy,1872839281,-0.27069999999999994
classifier_expander,hard_freeze,task_aware_final_accuracy,637029796,-0.27160000000000006
classifier_expander,hard_freeze,task_aware_final_accuracy,1357204345,-0.2673
classifier_expander,hard_freeze,task_aware_final_accuracy,1758462037,-0.25780000000000003
classifier_expander,hard_freeze,task_aware_final_accuracy,748737880,-0.29669999999999985
classifier_expander,hard_freeze,task_aware_final_accuracy,1611510062,-0.27549999999999997
classifier_expander,hard_freeze,task_aware_final_accuracy,333205446,-0.26890000000000025
classifier_expander,hard_freeze,task_aware_final_accuracy,130501536,-0.25780000000000003
classifier_expander,hard_freeze,task_aware_final_accuracy,492612040,-0.2853
classifier_expander,hard_freeze,task_aware_forgetting,2101606466,0.18525000000000003
classifier_expander,hard_freeze,task_aware_forgetting,1872839281,0.18749999999999997
classifier_expander,hard_freeze,task_aware_forgetting,637029796,0.23612499999999997
classifier_expander,hard_freeze,task_aware_forgetting,1357204345,0.221625
classifier_expander,hard_freeze,task_aware_forgetting,1758462037,0.183
classifier_expander,hard_freeze,task_aware_forgetting,748737880,0.15687499999999996
classifier_expander,hard_freeze,task_aware_forgetting,1611510062,0.1845
classifier_expander,hard_freeze,task_aware_forgetting,333205446,0.22200000000000003
classifier_expander,hard_freeze,task_aware_forgetting,130501536,0.2061249999999999
classifier_expander,hard_freeze,task_aware_forgetting,492612040,0.247875
classifier_expander,hard_freeze,classifier_gap,2101606466,-0.0661000000000001
classifier_expander,hard_freeze,classifier_gap,1872839281,-0.04529999999999995
classifier_expander,hard_freeze,classifier_gap,637029796,-0.049500000000000044
classifier_expander,hard_freeze,classifier_gap,1357204345,-0.045599999999999974
classifier_expander,hard_freeze,classifier_gap,1758462037,-0.04290000000000005
classifier_expander,hard_freeze,classifier_gap,748737880,-0.03139999999999987
classifier_expander,hard_freeze,classifier_gap,1611510062,-0.06140000000000001
classifier_expander,hard_freeze,classifier_gap,333205446,-0.050800000000000234
classifier_expander,hard_freeze,classifier_gap,130501536,-0.009299999999999975
classifier_expander,hard_freeze,classifier_gap,492612040,-0.02689999999999998
classifier_expander,hard_freeze,elapsed_seconds,2101606466,-0.8667515270353761
classifier_expander,hard_freeze,elapsed_seconds,1872839281,4.446302984026261
classifier_expander,hard_freeze,elapsed_seconds,637029796,29.721529483009363
classifier_expander,hard_freeze,elapsed_seconds,1357204345,70.63756870897487
classifier_expander,hard_freeze,elapsed_seconds,1758462037,-13.268433317018207
classifier_expander,hard_freeze,elapsed_seconds,748737880,-12.98844337099581
classifier_expander,hard_freeze,elapsed_seconds,1611510062,-13.090094596031122
classifier_expander,hard_freeze,elapsed_seconds,333205446,-12.74044624302769
classifier_expander,hard_freeze,elapsed_seconds,130501536,-13.206078302988317
classifier_expander,hard_freeze,elapsed_seconds,492612040,-13.823377217981033
classifier_expander,hard_freeze,learner_examples_processed,2101606466,-81344.0
classifier_expander,hard_freeze,learner_examples_processed,1872839281,-81344.0
classifier_expander,hard_freeze,learner_examples_processed,637029796,-81344.0
classifier_expander,hard_freeze,learner_examples_processed,1357204345,-81344.0
classifier_expander,hard_freeze,learner_examples_processed,1758462037,-81344.0
classifier_expander,hard_freeze,learner_examples_processed,748737880,-81344.0
classifier_expander,hard_freeze,learner_examples_processed,1611510062,-81344.0
classifier_expander,hard_freeze,learner_examples_processed,333205446,-81344.0
classifier_expander,hard_freeze,learner_examples_processed,130501536,-81344.0
classifier_expander,hard_freeze,learner_examples_processed,492612040,-81344.0
classifier_expander,hard_freeze,total_model_examples_processed,2101606466,-161984.0
classifier_expander,hard_freeze,total_model_examples_processed,1872839281,-161984.0
classifier_expander,hard_freeze,total_model_examples_processed,637029796,-161984.0
classifier_expander,hard_freeze,total_model_examples_processed,1357204345,-161984.0
classifier_expander,hard_freeze,total_model_examples_processed,1758462037,-161984.0
classifier_expander,hard_freeze,total_model_examples_processed,748737880,-161984.0
classifier_expander,hard_freeze,total_model_examples_processed,1611510062,-161984.0
classifier_expander,hard_freeze,total_model_examples_processed,333205446,-161984.0
classifier_expander,hard_freeze,total_model_examples_processed,130501536,-161984.0
classifier_expander,hard_freeze,total_model_examples_processed,492612040,-161984.0
classifier_expander,hard_freeze,estimated_total_flops,2101606466,-360637347864050.0
classifier_expander,hard_freeze,estimated_total_flops,1872839281,-360637347864050.0
classifier_expander,hard_freeze,estimated_total_flops,637029796,-360637347864050.0
classifier_expander,hard_freeze,estimated_total_flops,1357204345,-360637347864050.0
classifier_expander,hard_freeze,estimated_total_flops,1758462037,-360637347864050.0
classifier_expander,hard_freeze,estimated_total_flops,748737880,-360637347864050.0
classifier_expander,hard_freeze,estimated_total_flops,1611510062,-360637347864050.0
classifier_expander,hard_freeze,estimated_total_flops,333205446,-360637347864050.0
classifier_expander,hard_freeze,estimated_total_flops,130501536,-360637347864050.0
classifier_expander,hard_freeze,estimated_total_flops,492612040,-360637347864050.0
classifier_expander,hard_freeze,estimated_overhead_flops,2101606466,23062831630.0
classifier_expander,hard_freeze,estimated_overhead_flops,1872839281,23062831630.0
classifier_expander,hard_freeze,estimated_overhead_flops,637029796,23062831630.0
classifier_expander,hard_freeze,estimated_overhead_flops,1357204345,23062831630.0
classifier_expander,hard_freeze,estimated_overhead_flops,1758462037,23062831630.0
classifier_expander,hard_freeze,estimated_overhead_flops,748737880,23062831630.0
classifier_expander,hard_freeze,estimated_overhead_flops,1611510062,23062831630.0
classifier_expander,hard_freeze,estimated_overhead_flops,333205446,23062831630.0
classifier_expander,hard_freeze,estimated_overhead_flops,130501536,23062831630.0
classifier_expander,hard_freeze,estimated_overhead_flops,492612040,23062831630.0
classifier_expander,hard_freeze,replay_memory_bytes,2101606466,-2459200.0
classifier_expander,hard_freeze,replay_memory_bytes,1872839281,-2459200.0
classifier_expander,hard_freeze,replay_memory_bytes,637029796,-2459200.0
classifier_expander,hard_freeze,replay_memory_bytes,1357204345,-2459200.0
classifier_expander,hard_freeze,replay_memory_bytes,1758462037,-2459200.0
classifier_expander,hard_freeze,replay_memory_bytes,748737880,-2459200.0
classifier_expander,hard_freeze,replay_memory_bytes,1611510062,-2459200.0
classifier_expander,hard_freeze,replay_memory_bytes,333205446,-2459200.0
classifier_expander,hard_freeze,replay_memory_bytes,130501536,-2459200.0
classifier_expander,hard_freeze,replay_memory_bytes,492612040,-2459200.0
classifier_expander,hard_freeze,stored_logits_bytes,2101606466,0.0
classifier_expander,hard_freeze,stored_logits_bytes,1872839281,0.0
classifier_expander,hard_freeze,stored_logits_bytes,637029796,0.0
classifier_expander,hard_freeze,stored_logits_bytes,1357204345,0.0
classifier_expander,hard_freeze,stored_logits_bytes,1758462037,0.0
classifier_expander,hard_freeze,stored_logits_bytes,748737880,0.0
classifier_expander,hard_freeze,stored_logits_bytes,1611510062,0.0
classifier_expander,hard_freeze,stored_logits_bytes,333205446,0.0
classifier_expander,hard_freeze,stored_logits_bytes,130501536,0.0
classifier_expander,hard_freeze,stored_logits_bytes,492612040,0.0
classifier_expander,hard_freeze,replay_metadata_bytes,2101606466,-6400.0
classifier_expander,hard_freeze,replay_metadata_bytes,1872839281,-6400.0
classifier_expander,hard_freeze,replay_metadata_bytes,637029796,-6400.0
classifier_expander,hard_freeze,replay_metadata_bytes,1357204345,-6400.0
classifier_expander,hard_freeze,replay_metadata_bytes,1758462037,-6400.0
classifier_expander,hard_freeze,replay_metadata_bytes,748737880,-6400.0
classifier_expander,hard_freeze,replay_metadata_bytes,1611510062,-6400.0
classifier_expander,hard_freeze,replay_metadata_bytes,333205446,-6400.0
classifier_expander,hard_freeze,replay_metadata_bytes,130501536,-6400.0
classifier_expander,hard_freeze,replay_metadata_bytes,492612040,-6400.0
classifier_expander,hard_freeze,selector_forward_examples,2101606466,0.0
classifier_expander,hard_freeze,selector_forward_examples,1872839281,0.0
classifier_expander,hard_freeze,selector_forward_examples,637029796,0.0
classifier_expander,hard_freeze,selector_forward_examples,1357204345,0.0
classifier_expander,hard_freeze,selector_forward_examples,1758462037,0.0
classifier_expander,hard_freeze,selector_forward_examples,748737880,0.0
classifier_expander,hard_freeze,selector_forward_examples,1611510062,0.0
classifier_expander,hard_freeze,selector_forward_examples,333205446,0.0
classifier_expander,hard_freeze,selector_forward_examples,130501536,0.0
classifier_expander,hard_freeze,selector_forward_examples,492612040,0.0
classifier_expander,hard_freeze,selection_seconds,2101606466,-0.013576878962339833
classifier_expander,hard_freeze,selection_seconds,1872839281,-0.014418715989449993
classifier_expander,hard_freeze,selection_seconds,637029796,-0.013267820962937549
classifier_expander,hard_freeze,selection_seconds,1357204345,-0.012643801979720592
classifier_expander,hard_freeze,selection_seconds,1758462037,-0.012738228979287669
classifier_expander,hard_freeze,selection_seconds,748737880,-0.013167509983759373
classifier_expander,hard_freeze,selection_seconds,1611510062,-0.013666665996424854
classifier_expander,hard_freeze,selection_seconds,333205446,-0.013195390987675637
classifier_expander,hard_freeze,selection_seconds,130501536,-0.013199694018112496
classifier_expander,hard_freeze,selection_seconds,492612040,-0.013879373000236228
classifier_expander,lpr,final_average_accuracy,2101606466,-0.12439999999999998
classifier_expander,lpr,final_average_accuracy,1872839281,-0.1049
classifier_expander,lpr,final_average_accuracy,637029796,-0.12990000000000002
classifier_expander,lpr,final_average_accuracy,1357204345,-0.10909999999999997
classifier_expander,lpr,final_average_accuracy,1758462037,-0.08840000000000003
classifier_expander,lpr,final_average_accuracy,748737880,-0.1537
classifier_expander,lpr,final_average_accuracy,1611510062,-0.0963
classifier_expander,lpr,final_average_accuracy,333205446,-0.12460000000000002
classifier_expander,lpr,final_average_accuracy,130501536,-0.14740000000000003
classifier_expander,lpr,final_average_accuracy,492612040,-0.1225
classifier_expander,lpr,average_forgetting,2101606466,0.46549999999999997
classifier_expander,lpr,average_forgetting,1872839281,0.44775000000000004
classifier_expander,lpr,average_forgetting,637029796,0.4593750000000001
classifier_expander,lpr,average_forgetting,1357204345,0.4565
classifier_expander,lpr,average_forgetting,1758462037,0.40074999999999994
classifier_expander,lpr,average_forgetting,748737880,0.500875
classifier_expander,lpr,average_forgetting,1611510062,0.4065
classifier_expander,lpr,average_forgetting,333205446,0.4759999999999999
classifier_expander,lpr,average_forgetting,130501536,0.49787500000000007
classifier_expander,lpr,average_forgetting,492612040,0.44725000000000004
classifier_expander,lpr,backward_transfer,2101606466,-0.5526249999999999
classifier_expander,lpr,backward_transfer,1872839281,-0.48387500000000006
classifier_expander,lpr,backward_transfer,637029796,-0.528
classifier_expander,lpr,backward_transfer,1357204345,-0.47800000000000004
classifier_expander,lpr,backward_transfer,1758462037,-0.4793749999999999
classifier_expander,lpr,backward_transfer,748737880,-0.5618749999999999
classifier_expander,lpr,backward_transfer,1611510062,-0.48062499999999997
classifier_expander,lpr,backward_transfer,333205446,-0.534375
classifier_expander,lpr,backward_transfer,130501536,-0.5743750000000001
classifier_expander,lpr,backward_transfer,492612040,-0.483
classifier_expander,lpr,forward_transfer,2101606466,-0.006250000000000002
classifier_expander,lpr,forward_transfer,1872839281,-0.011124999999999996
classifier_expander,lpr,forward_transfer,637029796,0.004250000000000004
classifier_expander,lpr,forward_transfer,1357204345,-0.010000000000000009
classifier_expander,lpr,forward_transfer,1758462037,0.0
classifier_expander,lpr,forward_transfer,748737880,0.0
classifier_expander,lpr,forward_transfer,1611510062,-0.020875000000000005
classifier_expander,lpr,forward_transfer,333205446,-0.024499999999999994
classifier_expander,lpr,forward_transfer,130501536,-0.005875000000000005
classifier_expander,lpr,forward_transfer,492612040,0.006000000000000005
classifier_expander,lpr,task_aware_final_accuracy,2101606466,-0.030300000000000216
classifier_expander,lpr,task_aware_final_accuracy,1872839281,-0.031399999999999983
classifier_expander,lpr,task_aware_final_accuracy,637029796,-0.055500000000000105
classifier_expander,lpr,task_aware_final_accuracy,1357204345,-0.0044000000000000705
classifier_expander,lpr,task_aware_final_accuracy,1758462037,-0.023500000000000187
classifier_expander,lpr,task_aware_final_accuracy,748737880,-0.030099999999999794
classifier_expander,lpr,task_aware_final_accuracy,1611510062,-0.024700000000000055
classifier_expander,lpr,task_aware_final_accuracy,333205446,-0.0506000000000002
classifier_expander,lpr,task_aware_final_accuracy,130501536,-0.026899999999999924
classifier_expander,lpr,task_aware_final_accuracy,492612040,-0.008099999999999885
classifier_expander,lpr,task_aware_forgetting,2101606466,0.05975
classifier_expander,lpr,task_aware_forgetting,1872839281,0.050875000000000004
classifier_expander,lpr,task_aware_forgetting,637029796,0.088
classifier_expander,lpr,task_aware_forgetting,1357204345,0.02612500000000001
classifier_expander,lpr,task_aware_forgetting,1758462037,0.05375000000000002
classifier_expander,lpr,task_aware_forgetting,748737880,0.05212499999999995
classifier_expander,lpr,task_aware_forgetting,1611510062,0.034875000000000045
classifier_expander,lpr,task_aware_forgetting,333205446,0.07624999999999998
classifier_expander,lpr,task_aware_forgetting,130501536,0.043374999999999914
classifier_expander,lpr,task_aware_forgetting,492612040,0.029999999999999943
classifier_expander,lpr,classifier_gap,2101606466,0.0940999999999998
classifier_expander,lpr,classifier_gap,1872839281,0.07349999999999995
classifier_expander,lpr,classifier_gap,637029796,0.07439999999999997
classifier_expander,lpr,classifier_gap,1357204345,0.1046999999999999
classifier_expander,lpr,classifier_gap,1758462037,0.06489999999999985
classifier_expander,lpr,classifier_gap,748737880,0.12360000000000027
classifier_expander,lpr,classifier_gap,1611510062,0.07159999999999989
classifier_expander,lpr,classifier_gap,333205446,0.07399999999999979
classifier_expander,lpr,classifier_gap,130501536,0.12050000000000011
classifier_expander,lpr,classifier_gap,492612040,0.11440000000000017
classifier_expander,lpr,elapsed_seconds,2101606466,-17.837612261006143
classifier_expander,lpr,elapsed_seconds,1872839281,-5.15316470398102
classifier_expander,lpr,elapsed_seconds,637029796,7.518516148003982
classifier_expander,lpr,elapsed_seconds,1357204345,58.117333969974425
classifier_expander,lpr,elapsed_seconds,1758462037,-4.2471830020076595
classifier_expander,lpr,elapsed_seconds,748737880,-3.8970552970131394
classifier_expander,lpr,elapsed_seconds,1611510062,-4.3256155350245535
classifier_expander,lpr,elapsed_seconds,333205446,-4.106619745027274
classifier_expander,lpr,elapsed_seconds,130501536,-4.379648938018363
classifier_expander,lpr,elapsed_seconds,492612040,-4.175087543961126
classifier_expander,lpr,learner_examples_processed,2101606466,-704.0
classifier_expander,lpr,learner_examples_processed,1872839281,-704.0
classifier_expander,lpr,learner_examples_processed,637029796,-704.0
classifier_expander,lpr,learner_examples_processed,1357204345,-704.0
classifier_expander,lpr,learner_examples_processed,1758462037,-704.0
classifier_expander,lpr,learner_examples_processed,748737880,-704.0
classifier_expander,lpr,learner_examples_processed,1611510062,-704.0
classifier_expander,lpr,learner_examples_processed,333205446,-704.0
classifier_expander,lpr,learner_examples_processed,130501536,-704.0
classifier_expander,lpr,learner_examples_processed,492612040,-704.0
classifier_expander,lpr,total_model_examples_processed,2101606466,-80904.0
classifier_expander,lpr,total_model_examples_processed,1872839281,-80904.0
classifier_expander,lpr,total_model_examples_processed,637029796,-80904.0
classifier_expander,lpr,total_model_examples_processed,1357204345,-80904.0
classifier_expander,lpr,total_model_examples_processed,1758462037,-80904.0
classifier_expander,lpr,total_model_examples_processed,748737880,-80904.0
classifier_expander,lpr,total_model_examples_processed,1611510062,-80904.0
classifier_expander,lpr,total_model_examples_processed,333205446,-80904.0
classifier_expander,lpr,total_model_examples_processed,130501536,-80904.0
classifier_expander,lpr,total_model_examples_processed,492612040,-80904.0
classifier_expander,lpr,estimated_total_flops,2101606466,12230086839700.0
classifier_expander,lpr,estimated_total_flops,1872839281,12230086839700.0
classifier_expander,lpr,estimated_total_flops,637029796,12230086839700.0
classifier_expander,lpr,estimated_total_flops,1357204345,12230086839700.0
classifier_expander,lpr,estimated_total_flops,1758462037,12230086839700.0
classifier_expander,lpr,estimated_total_flops,748737880,12230086839700.0
classifier_expander,lpr,estimated_total_flops,1611510062,12230086839700.0
classifier_expander,lpr,estimated_total_flops,333205446,12230086839700.0
classifier_expander,lpr,estimated_total_flops,130501536,12230086839700.0
classifier_expander,lpr,estimated_total_flops,492612040,12230086839700.0
classifier_expander,lpr,estimated_overhead_flops,2101606466,103665996696980.0
classifier_expander,lpr,estimated_overhead_flops,1872839281,103665996696980.0
classifier_expander,lpr,estimated_overhead_flops,637029796,103665996696980.0
classifier_expander,lpr,estimated_overhead_flops,1357204345,103665996696980.0
classifier_expander,lpr,estimated_overhead_flops,1758462037,103665996696980.0
classifier_expander,lpr,estimated_overhead_flops,748737880,103665996696980.0
classifier_expander,lpr,estimated_overhead_flops,1611510062,103665996696980.0
classifier_expander,lpr,estimated_overhead_flops,333205446,103665996696980.0
classifier_expander,lpr,estimated_overhead_flops,130501536,103665996696980.0
classifier_expander,lpr,estimated_overhead_flops,492612040,103665996696980.0
classifier_expander,lpr,replay_memory_bytes,2101606466,0.0
classifier_expander,lpr,replay_memory_bytes,1872839281,0.0
classifier_expander,lpr,replay_memory_bytes,637029796,0.0
classifier_expander,lpr,replay_memory_bytes,1357204345,0.0
classifier_expander,lpr,replay_memory_bytes,1758462037,0.0
classifier_expander,lpr,replay_memory_bytes,748737880,0.0
classifier_expander,lpr,replay_memory_bytes,1611510062,0.0
classifier_expander,lpr,replay_memory_bytes,333205446,0.0
classifier_expander,lpr,replay_memory_bytes,130501536,0.0
classifier_expander,lpr,replay_memory_bytes,492612040,0.0
classifier_expander,lpr,stored_logits_bytes,2101606466,0.0
classifier_expander,lpr,stored_logits_bytes,1872839281,0.0
classifier_expander,lpr,stored_logits_bytes,637029796,0.0
classifier_expander,lpr,stored_logits_bytes,1357204345,0.0
classifier_expander,lpr,stored_logits_bytes,1758462037,0.0
classifier_expander,lpr,stored_logits_bytes,748737880,0.0
classifier_expander,lpr,stored_logits_bytes,1611510062,0.0
classifier_expander,lpr,stored_logits_bytes,333205446,0.0
classifier_expander,lpr,stored_logits_bytes,130501536,0.0
classifier_expander,lpr,stored_logits_bytes,492612040,0.0
classifier_expander,lpr,replay_metadata_bytes,2101606466,0.0
classifier_expander,lpr,replay_metadata_bytes,1872839281,0.0
classifier_expander,lpr,replay_metadata_bytes,637029796,0.0
classifier_expander,lpr,replay_metadata_bytes,1357204345,0.0
classifier_expander,lpr,replay_metadata_bytes,1758462037,0.0
classifier_expander,lpr,replay_metadata_bytes,748737880,0.0
classifier_expander,lpr,replay_metadata_bytes,1611510062,0.0
classifier_expander,lpr,replay_metadata_bytes,333205446,0.0
classifier_expander,lpr,replay_metadata_bytes,130501536,0.0
classifier_expander,lpr,replay_metadata_bytes,492612040,0.0
classifier_expander,lpr,selector_forward_examples,2101606466,0.0
classifier_expander,lpr,selector_forward_examples,1872839281,0.0
classifier_expander,lpr,selector_forward_examples,637029796,0.0
classifier_expander,lpr,selector_forward_examples,1357204345,0.0
classifier_expander,lpr,selector_forward_examples,1758462037,0.0
classifier_expander,lpr,selector_forward_examples,748737880,0.0
classifier_expander,lpr,selector_forward_examples,1611510062,0.0
classifier_expander,lpr,selector_forward_examples,333205446,0.0
classifier_expander,lpr,selector_forward_examples,130501536,0.0
classifier_expander,lpr,selector_forward_examples,492612040,0.0
classifier_expander,lpr,selection_seconds,2101606466,-5.9978978242725134e-05
classifier_expander,lpr,selection_seconds,1872839281,-0.0016093419690150768
classifier_expander,lpr,selection_seconds,637029796,0.0008675350109115243
classifier_expander,lpr,selection_seconds,1357204345,0.0007971980376169086
classifier_expander,lpr,selection_seconds,1758462037,-6.293901242315769e-05
classifier_expander,lpr,selection_seconds,748737880,-0.0007013920112513006
classifier_expander,lpr,selection_seconds,1611510062,-0.0007543100218754262
classifier_expander,lpr,selection_seconds,333205446,-0.0002079980040434748
classifier_expander,lpr,selection_seconds,130501536,-0.0002577230043243617
classifier_expander,lpr,selection_seconds,492612040,-0.0008618880237918347
classifier_expander,slowheat_lpr,final_average_accuracy,2101606466,-0.1159
classifier_expander,slowheat_lpr,final_average_accuracy,1872839281,-0.12649999999999997
classifier_expander,slowheat_lpr,final_average_accuracy,637029796,-0.13910000000000003
classifier_expander,slowheat_lpr,final_average_accuracy,1357204345,-0.14150000000000001
classifier_expander,slowheat_lpr,final_average_accuracy,1758462037,-0.11560000000000004
classifier_expander,slowheat_lpr,final_average_accuracy,748737880,-0.1615
classifier_expander,slowheat_lpr,final_average_accuracy,1611510062,-0.1268
classifier_expander,slowheat_lpr,final_average_accuracy,333205446,-0.11600000000000002
classifier_expander,slowheat_lpr,final_average_accuracy,130501536,-0.14420000000000002
classifier_expander,slowheat_lpr,final_average_accuracy,492612040,-0.13680000000000003
classifier_expander,slowheat_lpr,average_forgetting,2101606466,0.42024999999999996
classifier_expander,slowheat_lpr,average_forgetting,1872839281,0.46812500000000007
classifier_expander,slowheat_lpr,average_forgetting,637029796,0.45787500000000003
classifier_expander,slowheat_lpr,average_forgetting,1357204345,0.4665
classifier_expander,slowheat_lpr,average_forgetting,1758462037,0.39875000000000005
classifier_expander,slowheat_lpr,average_forgetting,748737880,0.49012500000000014
classifier_expander,slowheat_lpr,average_forgetting,1611510062,0.42137500000000006
classifier_expander,slowheat_lpr,average_forgetting,333205446,0.4499999999999999
classifier_expander,slowheat_lpr,average_forgetting,130501536,0.48449999999999993
classifier_expander,slowheat_lpr,average_forgetting,492612040,0.45200000000000007
classifier_expander,slowheat_lpr,backward_transfer,2101606466,-0.5073749999999999
classifier_expander,slowheat_lpr,backward_transfer,1872839281,-0.5042500000000001
classifier_expander,slowheat_lpr,backward_transfer,637029796,-0.5265
classifier_expander,slowheat_lpr,backward_transfer,1357204345,-0.48800000000000004
classifier_expander,slowheat_lpr,backward_transfer,1758462037,-0.477375
classifier_expander,slowheat_lpr,backward_transfer,748737880,-0.5511250000000001
classifier_expander,slowheat_lpr,backward_transfer,1611510062,-0.49550000000000005
classifier_expander,slowheat_lpr,backward_transfer,333205446,-0.508375
classifier_expander,slowheat_lpr,backward_transfer,130501536,-0.5609999999999999
classifier_expander,slowheat_lpr,backward_transfer,492612040,-0.48775
classifier_expander,slowheat_lpr,forward_transfer,2101606466,-0.005875000000000002
classifier_expander,slowheat_lpr,forward_transfer,1872839281,-0.011375000000000024
classifier_expander,slowheat_lpr,forward_transfer,637029796,-0.009250000000000008
classifier_expander,slowheat_lpr,forward_transfer,1357204345,-0.010000000000000009
classifier_expander,slowheat_lpr,forward_transfer,1758462037,0.0
classifier_expander,slowheat_lpr,forward_transfer,748737880,0.0
classifier_expander,slowheat_lpr,forward_transfer,1611510062,-0.020875000000000005
classifier_expander,slowheat_lpr,forward_transfer,333205446,-0.034124999999999996
classifier_expander,slowheat_lpr,forward_transfer,130501536,-0.0030000000000000165
classifier_expander,slowheat_lpr,forward_transfer,492612040,0.008000000000000007
classifier_expander,slowheat_lpr,task_aware_final_accuracy,2101606466,-0.02970000000000006
classifier_expander,slowheat_lpr,task_aware_final_accuracy,1872839281,-0.022399999999999864
classifier_expander,slowheat_lpr,task_aware_final_accuracy,637029796,-0.053200000000000136
classifier_expander,slowheat_lpr,task_aware_final_accuracy,1357204345,-0.04250000000000009
classifier_expander,slowheat_lpr,task_aware_final_accuracy,1758462037,-0.04370000000000007
classifier_expander,slowheat_lpr,task_aware_final_accuracy,748737880,-0.05119999999999991
classifier_expander,slowheat_lpr,task_aware_final_accuracy,1611510062,-0.06359999999999999
classifier_expander,slowheat_lpr,task_aware_final_accuracy,333205446,-0.052300000000000235
classifier_expander,slowheat_lpr,task_aware_final_accuracy,130501536,-0.0391999999999999
classifier_expander,slowheat_lpr,task_aware_final_accuracy,492612040,-0.046499999999999986
classifier_expander,slowheat_lpr,task_aware_forgetting,2101606466,0.02562500000000001
classifier_expander,slowheat_lpr,task_aware_forgetting,1872839281,0.03237499999999996
classifier_expander,slowheat_lpr,task_aware_forgetting,637029796,0.07262500000000002
classifier_expander,slowheat_lpr,task_aware_forgetting,1357204345,0.042874999999999996
classifier_expander,slowheat_lpr,task_aware_forgetting,1758462037,0.04425000000000001
classifier_expander,slowheat_lpr,task_aware_forgetting,748737880,0.0595
classifier_expander,slowheat_lpr,task_aware_forgetting,1611510062,0.0615
classifier_expander,slowheat_lpr,task_aware_forgetting,333205446,0.06374999999999997
classifier_expander,slowheat_lpr,task_aware_forgetting,130501536,0.05112499999999995
classifier_expander,slowheat_lpr,task_aware_forgetting,492612040,0.06524999999999997
classifier_expander,slowheat_lpr,classifier_gap,2101606466,0.08619999999999989
classifier_expander,slowheat_lpr,classifier_gap,1872839281,0.10410000000000014
classifier_expander,slowheat_lpr,classifier_gap,637029796,0.08589999999999992
classifier_expander,slowheat_lpr,classifier_gap,1357204345,0.09899999999999987
classifier_expander,slowheat_lpr,classifier_gap,1758462037,0.07189999999999996
classifier_expander,slowheat_lpr,classifier_gap,748737880,0.11030000000000006
classifier_expander,slowheat_lpr,classifier_gap,1611510062,0.06320000000000003
classifier_expander,slowheat_lpr,classifier_gap,333205446,0.06369999999999981
classifier_expander,slowheat_lpr,classifier_gap,130501536,0.10500000000000015
classifier_expander,slowheat_lpr,classifier_gap,492612040,0.09030000000000005
classifier_expander,slowheat_lpr,elapsed_seconds,2101606466,115.1300263319863
classifier_expander,slowheat_lpr,elapsed_seconds,1872839281,93.83142222699826
classifier_expander,slowheat_lpr,elapsed_seconds,637029796,153.99263353200513
classifier_expander,slowheat_lpr,elapsed_seconds,1357204345,160.77617353998357
classifier_expander,slowheat_lpr,elapsed_seconds,1758462037,55.06139622000046
classifier_expander,slowheat_lpr,elapsed_seconds,748737880,55.03015999798663
classifier_expander,slowheat_lpr,elapsed_seconds,1611510062,55.07368022497394
classifier_expander,slowheat_lpr,elapsed_seconds,333205446,55.2494310499751
classifier_expander,slowheat_lpr,elapsed_seconds,130501536,55.15768207900692
classifier_expander,slowheat_lpr,elapsed_seconds,492612040,54.6329325720144
classifier_expander,slowheat_lpr,learner_examples_processed,2101606466,-704.0
classifier_expander,slowheat_lpr,learner_examples_processed,1872839281,-704.0
classifier_expander,slowheat_lpr,learner_examples_processed,637029796,-704.0
classifier_expander,slowheat_lpr,learner_examples_processed,1357204345,-704.0
classifier_expander,slowheat_lpr,learner_examples_processed,1758462037,-704.0
classifier_expander,slowheat_lpr,learner_examples_processed,748737880,-704.0
classifier_expander,slowheat_lpr,learner_examples_processed,1611510062,-704.0
classifier_expander,slowheat_lpr,learner_examples_processed,333205446,-704.0
classifier_expander,slowheat_lpr,learner_examples_processed,130501536,-704.0
classifier_expander,slowheat_lpr,learner_examples_processed,492612040,-704.0
classifier_expander,slowheat_lpr,total_model_examples_processed,2101606466,-80904.0
classifier_expander,slowheat_lpr,total_model_examples_processed,1872839281,-80904.0
classifier_expander,slowheat_lpr,total_model_examples_processed,637029796,-80904.0
classifier_expander,slowheat_lpr,total_model_examples_processed,1357204345,-80904.0
classifier_expander,slowheat_lpr,total_model_examples_processed,1758462037,-80904.0
classifier_expander,slowheat_lpr,total_model_examples_processed,748737880,-80904.0
classifier_expander,slowheat_lpr,total_model_examples_processed,1611510062,-80904.0
classifier_expander,slowheat_lpr,total_model_examples_processed,333205446,-80904.0
classifier_expander,slowheat_lpr,total_model_examples_processed,130501536,-80904.0
classifier_expander,slowheat_lpr,total_model_examples_processed,492612040,-80904.0
classifier_expander,slowheat_lpr,estimated_total_flops,2101606466,12255321774420.0
classifier_expander,slowheat_lpr,estimated_total_flops,1872839281,12255321774420.0
classifier_expander,slowheat_lpr,estimated_total_flops,637029796,12255321774420.0
classifier_expander,slowheat_lpr,estimated_total_flops,1357204345,12255321774420.0
classifier_expander,slowheat_lpr,estimated_total_flops,1758462037,12255321774420.0
classifier_expander,slowheat_lpr,estimated_total_flops,748737880,12255321774420.0
classifier_expander,slowheat_lpr,estimated_total_flops,1611510062,12255321774420.0
classifier_expander,slowheat_lpr,estimated_total_flops,333205446,12255321774420.0
classifier_expander,slowheat_lpr,estimated_total_flops,130501536,12255321774420.0
classifier_expander,slowheat_lpr,estimated_total_flops,492612040,12255321774420.0
classifier_expander,slowheat_lpr,estimated_overhead_flops,2101606466,103691231631700.0
classifier_expander,slowheat_lpr,estimated_overhead_flops,1872839281,103691231631700.0
classifier_expander,slowheat_lpr,estimated_overhead_flops,637029796,103691231631700.0
classifier_expander,slowheat_lpr,estimated_overhead_flops,1357204345,103691231631700.0
classifier_expander,slowheat_lpr,estimated_overhead_flops,1758462037,103691231631700.0
classifier_expander,slowheat_lpr,estimated_overhead_flops,748737880,103691231631700.0
classifier_expander,slowheat_lpr,estimated_overhead_flops,1611510062,103691231631700.0
classifier_expander,slowheat_lpr,estimated_overhead_flops,333205446,103691231631700.0
classifier_expander,slowheat_lpr,estimated_overhead_flops,130501536,103691231631700.0
classifier_expander,slowheat_lpr,estimated_overhead_flops,492612040,103691231631700.0
classifier_expander,slowheat_lpr,replay_memory_bytes,2101606466,0.0
classifier_expander,slowheat_lpr,replay_memory_bytes,1872839281,0.0
classifier_expander,slowheat_lpr,replay_memory_bytes,637029796,0.0
classifier_expander,slowheat_lpr,replay_memory_bytes,1357204345,0.0
classifier_expander,slowheat_lpr,replay_memory_bytes,1758462037,0.0
classifier_expander,slowheat_lpr,replay_memory_bytes,748737880,0.0
classifier_expander,slowheat_lpr,replay_memory_bytes,1611510062,0.0
classifier_expander,slowheat_lpr,replay_memory_bytes,333205446,0.0
classifier_expander,slowheat_lpr,replay_memory_bytes,130501536,0.0
classifier_expander,slowheat_lpr,replay_memory_bytes,492612040,0.0
classifier_expander,slowheat_lpr,stored_logits_bytes,2101606466,0.0
classifier_expander,slowheat_lpr,stored_logits_bytes,1872839281,0.0
classifier_expander,slowheat_lpr,stored_logits_bytes,637029796,0.0
classifier_expander,slowheat_lpr,stored_logits_bytes,1357204345,0.0
classifier_expander,slowheat_lpr,stored_logits_bytes,1758462037,0.0
classifier_expander,slowheat_lpr,stored_logits_bytes,748737880,0.0
classifier_expander,slowheat_lpr,stored_logits_bytes,1611510062,0.0
classifier_expander,slowheat_lpr,stored_logits_bytes,333205446,0.0
classifier_expander,slowheat_lpr,stored_logits_bytes,130501536,0.0
classifier_expander,slowheat_lpr,stored_logits_bytes,492612040,0.0
classifier_expander,slowheat_lpr,replay_metadata_bytes,2101606466,0.0
classifier_expander,slowheat_lpr,replay_metadata_bytes,1872839281,0.0
classifier_expander,slowheat_lpr,replay_metadata_bytes,637029796,0.0
classifier_expander,slowheat_lpr,replay_metadata_bytes,1357204345,0.0
classifier_expander,slowheat_lpr,replay_metadata_bytes,1758462037,0.0
classifier_expander,slowheat_lpr,replay_metadata_bytes,748737880,0.0
classifier_expander,slowheat_lpr,replay_metadata_bytes,1611510062,0.0
classifier_expander,slowheat_lpr,replay_metadata_bytes,333205446,0.0
classifier_expander,slowheat_lpr,replay_metadata_bytes,130501536,0.0
classifier_expander,slowheat_lpr,replay_metadata_bytes,492612040,0.0
classifier_expander,slowheat_lpr,selector_forward_examples,2101606466,0.0
classifier_expander,slowheat_lpr,selector_forward_examples,1872839281,0.0
classifier_expander,slowheat_lpr,selector_forward_examples,637029796,0.0
classifier_expander,slowheat_lpr,selector_forward_examples,1357204345,0.0
classifier_expander,slowheat_lpr,selector_forward_examples,1758462037,0.0
classifier_expander,slowheat_lpr,selector_forward_examples,748737880,0.0
classifier_expander,slowheat_lpr,selector_forward_examples,1611510062,0.0
classifier_expander,slowheat_lpr,selector_forward_examples,333205446,0.0
classifier_expander,slowheat_lpr,selector_forward_examples,130501536,0.0
classifier_expander,slowheat_lpr,selector_forward_examples,492612040,0.0
classifier_expander,slowheat_lpr,selection_seconds,2101606466,-0.0003049859660677612
classifier_expander,slowheat_lpr,selection_seconds,1872839281,-0.0016232829948421568
classifier_expander,slowheat_lpr,selection_seconds,637029796,0.0023480490199290216
classifier_expander,slowheat_lpr,selection_seconds,1357204345,0.0001419390318915248
classifier_expander,slowheat_lpr,selection_seconds,1758462037,0.0003230809816159308
classifier_expander,slowheat_lpr,selection_seconds,748737880,-1.6031990526244044e-05
classifier_expander,slowheat_lpr,selection_seconds,1611510062,-0.0007087619742378592
classifier_expander,slowheat_lpr,selection_seconds,333205446,-0.00019470893312245607
classifier_expander,slowheat_lpr,selection_seconds,130501536,-0.0002911520132329315
classifier_expander,slowheat_lpr,selection_seconds,492612040,-0.0010944080422632396
classifier_expander,slowheat_classifier_expander,final_average_accuracy,2101606466,-0.034399999999999986
classifier_expander,slowheat_classifier_expander,final_average_accuracy,1872839281,-0.009099999999999997
classifier_expander,slowheat_classifier_expander,final_average_accuracy,637029796,-0.018400000000000027
classifier_expander,slowheat_classifier_expander,final_average_accuracy,1357204345,-0.0039000000000000146
classifier_expander,slowheat_classifier_expander,final_average_accuracy,1758462037,-0.02310000000000001
classifier_expander,slowheat_classifier_expander,final_average_accuracy,748737880,-0.0025000000000000577
classifier_expander,slowheat_classifier_expander,final_average_accuracy,1611510062,-0.004400000000000015
classifier_expander,slowheat_classifier_expander,final_average_accuracy,333205446,0.017299999999999982
classifier_expander,slowheat_classifier_expander,final_average_accuracy,130501536,0.0041999999999999815
classifier_expander,slowheat_classifier_expander,final_average_accuracy,492612040,-0.01429999999999998
classifier_expander,slowheat_classifier_expander,average_forgetting,2101606466,0.031749999999999945
classifier_expander,slowheat_classifier_expander,average_forgetting,1872839281,-0.03275
classifier_expander,slowheat_classifier_expander,average_forgetting,637029796,0.018000000000000016
classifier_expander,slowheat_classifier_expander,average_forgetting,1357204345,0.024625000000000008
classifier_expander,slowheat_classifier_expander,average_forgetting,1758462037,-0.009874999999999967
classifier_expander,slowheat_classifier_expander,average_forgetting,748737880,-0.0030000000000000027
classifier_expander,slowheat_classifier_expander,average_forgetting,1611510062,-0.02337499999999998
classifier_expander,slowheat_classifier_expander,average_forgetting,333205446,-0.017250000000000043
classifier_expander,slowheat_classifier_expander,average_forgetting,130501536,0.041499999999999926
classifier_expander,slowheat_classifier_expander,average_forgetting,492612040,0.025875000000000037
classifier_expander,slowheat_classifier_expander,backward_transfer,2101606466,-0.007749999999999979
classifier_expander,slowheat_classifier_expander,backward_transfer,1872839281,0.06249999999999997
classifier_expander,slowheat_classifier_expander,backward_transfer,637029796,-0.052749999999999964
classifier_expander,slowheat_classifier_expander,backward_transfer,1357204345,-0.0006250000000000422
classifier_expander,slowheat_classifier_expander,backward_transfer,1758462037,0.023125000000000062
classifier_expander,slowheat_classifier_expander,backward_transfer,748737880,-0.013375000000000026
classifier_expander,slowheat_classifier_expander,backward_transfer,1611510062,0.027874999999999983
classifier_expander,slowheat_classifier_expander,backward_transfer,333205446,0.014124999999999943
classifier_expander,slowheat_classifier_expander,backward_transfer,130501536,-0.09337499999999996
classifier_expander,slowheat_classifier_expander,backward_transfer,492612040,-0.061624999999999985
classifier_expander,slowheat_classifier_expander,forward_transfer,2101606466,0.012999999999999998
classifier_expander,slowheat_classifier_expander,forward_transfer,1872839281,-0.00012499999999998623
classifier_expander,slowheat_classifier_expander,forward_transfer,637029796,0.006500000000000006
classifier_expander,slowheat_classifier_expander,forward_transfer,1357204345,-0.0012500000000000011
classifier_expander,slowheat_classifier_expander,forward_transfer,1758462037,0.0
classifier_expander,slowheat_classifier_expander,forward_transfer,748737880,0.0001250000000000001
classifier_expander,slowheat_classifier_expander,forward_transfer,1611510062,0.02574999999999998
classifier_expander,slowheat_classifier_expander,forward_transfer,333205446,0.0061250000000000054
classifier_expander,slowheat_classifier_expander,forward_transfer,130501536,0.009624999999999995
classifier_expander,slowheat_classifier_expander,forward_transfer,492612040,0.009625000000000009
classifier_expander,slowheat_classifier_expander,task_aware_final_accuracy,2101606466,0.0040999999999999925
classifier_expander,slowheat_classifier_expander,task_aware_final_accuracy,1872839281,0.00539999999999996
classifier_expander,slowheat_classifier_expander,task_aware_final_accuracy,637029796,0.0032999999999999696
classifier_expander,slowheat_classifier_expander,task_aware_final_accuracy,1357204345,0.018399999999999972
classifier_expander,slowheat_classifier_expander,task_aware_final_accuracy,1758462037,0.01519999999999988
classifier_expander,slowheat_classifier_expander,task_aware_final_accuracy,748737880,0.014700000000000046
classifier_expander,slowheat_classifier_expander,task_aware_final_accuracy,1611510062,0.008600000000000052
classifier_expander,slowheat_classifier_expander,task_aware_final_accuracy,333205446,0.015699999999999825
classifier_expander,slowheat_classifier_expander,task_aware_final_accuracy,130501536,0.033499999999999974
classifier_expander,slowheat_classifier_expander,task_aware_final_accuracy,492612040,0.027800000000000047
classifier_expander,slowheat_classifier_expander,task_aware_forgetting,2101606466,-0.014124999999999999
classifier_expander,slowheat_classifier_expander,task_aware_forgetting,1872839281,-0.03025
classifier_expander,slowheat_classifier_expander,task_aware_forgetting,637029796,-0.016749999999999987
classifier_expander,slowheat_classifier_expander,task_aware_forgetting,1357204345,-0.03824999999999992
classifier_expander,slowheat_classifier_expander,task_aware_forgetting,1758462037,-0.032
classifier_expander,slowheat_classifier_expander,task_aware_forgetting,748737880,-0.027874999999999983
classifier_expander,slowheat_classifier_expander,task_aware_forgetting,1611510062,-0.014750000000000013
classifier_expander,slowheat_classifier_expander,task_aware_forgetting,333205446,-0.03799999999999998
classifier_expander,slowheat_classifier_expander,task_aware_forgetting,130501536,-0.047375000000000056
classifier_expander,slowheat_classifier_expander,task_aware_forgetting,492612040,-0.03687500000000002
classifier_expander,slowheat_classifier_expander,classifier_gap,2101606466,0.038500000000000034
classifier_expander,slowheat_classifier_expander,classifier_gap,1872839281,0.014499999999999957
classifier_expander,slowheat_classifier_expander,classifier_gap,637029796,0.021699999999999997
classifier_expander,slowheat_classifier_expander,classifier_gap,1357204345,0.022299999999999986
classifier_expander,slowheat_classifier_expander,classifier_gap,1758462037,0.03829999999999989
classifier_expander,slowheat_classifier_expander,classifier_gap,748737880,0.017200000000000104
classifier_expander,slowheat_classifier_expander,classifier_gap,1611510062,0.013000000000000067
classifier_expander,slowheat_classifier_expander,classifier_gap,333205446,-0.0016000000000001569
classifier_expander,slowheat_classifier_expander,classifier_gap,130501536,0.029299999999999993
classifier_expander,slowheat_classifier_expander,classifier_gap,492612040,0.042100000000000026
classifier_expander,slowheat_classifier_expander,elapsed_seconds,2101606466,145.1512480149977
classifier_expander,slowheat_classifier_expander,elapsed_seconds,1872839281,104.09666599801858
classifier_expander,slowheat_classifier_expander,elapsed_seconds,637029796,99.66658290001214
classifier_expander,slowheat_classifier_expander,elapsed_seconds,1357204345,49.62558803896536
classifier_expander,slowheat_classifier_expander,elapsed_seconds,1758462037,59.61821604997385
classifier_expander,slowheat_classifier_expander,elapsed_seconds,748737880,59.30801254900871
classifier_expander,slowheat_classifier_expander,elapsed_seconds,1611510062,59.6893402839778
classifier_expander,slowheat_classifier_expander,elapsed_seconds,333205446,59.4096195709717
classifier_expander,slowheat_classifier_expander,elapsed_seconds,130501536,59.45294740999816
classifier_expander,slowheat_classifier_expander,elapsed_seconds,492612040,59.60696891500265
classifier_expander,slowheat_classifier_expander,learner_examples_processed,2101606466,0.0
classifier_expander,slowheat_classifier_expander,learner_examples_processed,1872839281,0.0
classifier_expander,slowheat_classifier_expander,learner_examples_processed,637029796,0.0
classifier_expander,slowheat_classifier_expander,learner_examples_processed,1357204345,0.0
classifier_expander,slowheat_classifier_expander,learner_examples_processed,1758462037,0.0
classifier_expander,slowheat_classifier_expander,learner_examples_processed,748737880,0.0
classifier_expander,slowheat_classifier_expander,learner_examples_processed,1611510062,0.0
classifier_expander,slowheat_classifier_expander,learner_examples_processed,333205446,0.0
classifier_expander,slowheat_classifier_expander,learner_examples_processed,130501536,0.0
classifier_expander,slowheat_classifier_expander,learner_examples_processed,492612040,0.0
classifier_expander,slowheat_classifier_expander,total_model_examples_processed,2101606466,0.0
classifier_expander,slowheat_classifier_expander,total_model_examples_processed,1872839281,0.0
classifier_expander,slowheat_classifier_expander,total_model_examples_processed,637029796,0.0
classifier_expander,slowheat_classifier_expander,total_model_examples_processed,1357204345,0.0
classifier_expander,slowheat_classifier_expander,total_model_examples_processed,1758462037,0.0
classifier_expander,slowheat_classifier_expander,total_model_examples_processed,748737880,0.0
classifier_expander,slowheat_classifier_expander,total_model_examples_processed,1611510062,0.0
classifier_expander,slowheat_classifier_expander,total_model_examples_processed,333205446,0.0
classifier_expander,slowheat_classifier_expander,total_model_examples_processed,130501536,0.0
classifier_expander,slowheat_classifier_expander,total_model_examples_processed,492612040,0.0
classifier_expander,slowheat_classifier_expander,estimated_total_flops,2101606466,25234934720.0
classifier_expander,slowheat_classifier_expander,estimated_total_flops,1872839281,25234934720.0
classifier_expander,slowheat_classifier_expander,estimated_total_flops,637029796,25234934720.0
classifier_expander,slowheat_classifier_expander,estimated_total_flops,1357204345,25234934720.0
classifier_expander,slowheat_classifier_expander,estimated_total_flops,1758462037,25234934720.0
classifier_expander,slowheat_classifier_expander,estimated_total_flops,748737880,25234934720.0
classifier_expander,slowheat_classifier_expander,estimated_total_flops,1611510062,25234934720.0
classifier_expander,slowheat_classifier_expander,estimated_total_flops,333205446,25234934720.0
classifier_expander,slowheat_classifier_expander,estimated_total_flops,130501536,25234934720.0
classifier_expander,slowheat_classifier_expander,estimated_total_flops,492612040,25234934720.0
classifier_expander,slowheat_classifier_expander,estimated_overhead_flops,2101606466,25234934720.0
classifier_expander,slowheat_classifier_expander,estimated_overhead_flops,1872839281,25234934720.0
classifier_expander,slowheat_classifier_expander,estimated_overhead_flops,637029796,25234934720.0
classifier_expander,slowheat_classifier_expander,estimated_overhead_flops,1357204345,25234934720.0
classifier_expander,slowheat_classifier_expander,estimated_overhead_flops,1758462037,25234934720.0
classifier_expander,slowheat_classifier_expander,estimated_overhead_flops,748737880,25234934720.0
classifier_expander,slowheat_classifier_expander,estimated_overhead_flops,1611510062,25234934720.0
classifier_expander,slowheat_classifier_expander,estimated_overhead_flops,333205446,25234934720.0
classifier_expander,slowheat_classifier_expander,estimated_overhead_flops,130501536,25234934720.0
classifier_expander,slowheat_classifier_expander,estimated_overhead_flops,492612040,25234934720.0
classifier_expander,slowheat_classifier_expander,replay_memory_bytes,2101606466,0.0
classifier_expander,slowheat_classifier_expander,replay_memory_bytes,1872839281,0.0
classifier_expander,slowheat_classifier_expander,replay_memory_bytes,637029796,0.0
classifier_expander,slowheat_classifier_expander,replay_memory_bytes,1357204345,0.0
classifier_expander,slowheat_classifier_expander,replay_memory_bytes,1758462037,0.0
classifier_expander,slowheat_classifier_expander,replay_memory_bytes,748737880,0.0
classifier_expander,slowheat_classifier_expander,replay_memory_bytes,1611510062,0.0
classifier_expander,slowheat_classifier_expander,replay_memory_bytes,333205446,0.0
classifier_expander,slowheat_classifier_expander,replay_memory_bytes,130501536,0.0
classifier_expander,slowheat_classifier_expander,replay_memory_bytes,492612040,0.0
classifier_expander,slowheat_classifier_expander,stored_logits_bytes,2101606466,0.0
classifier_expander,slowheat_classifier_expander,stored_logits_bytes,1872839281,0.0
classifier_expander,slowheat_classifier_expander,stored_logits_bytes,637029796,0.0
classifier_expander,slowheat_classifier_expander,stored_logits_bytes,1357204345,0.0
classifier_expander,slowheat_classifier_expander,stored_logits_bytes,1758462037,0.0
classifier_expander,slowheat_classifier_expander,stored_logits_bytes,748737880,0.0
classifier_expander,slowheat_classifier_expander,stored_logits_bytes,1611510062,0.0
classifier_expander,slowheat_classifier_expander,stored_logits_bytes,333205446,0.0
classifier_expander,slowheat_classifier_expander,stored_logits_bytes,130501536,0.0
classifier_expander,slowheat_classifier_expander,stored_logits_bytes,492612040,0.0
classifier_expander,slowheat_classifier_expander,replay_metadata_bytes,2101606466,0.0
classifier_expander,slowheat_classifier_expander,replay_metadata_bytes,1872839281,0.0
classifier_expander,slowheat_classifier_expander,replay_metadata_bytes,637029796,0.0
classifier_expander,slowheat_classifier_expander,replay_metadata_bytes,1357204345,0.0
classifier_expander,slowheat_classifier_expander,replay_metadata_bytes,1758462037,0.0
classifier_expander,slowheat_classifier_expander,replay_metadata_bytes,748737880,0.0
classifier_expander,slowheat_classifier_expander,replay_metadata_bytes,1611510062,0.0
classifier_expander,slowheat_classifier_expander,replay_metadata_bytes,333205446,0.0
classifier_expander,slowheat_classifier_expander,replay_metadata_bytes,130501536,0.0
classifier_expander,slowheat_classifier_expander,replay_metadata_bytes,492612040,0.0
classifier_expander,slowheat_classifier_expander,selector_forward_examples,2101606466,0.0
classifier_expander,slowheat_classifier_expander,selector_forward_examples,1872839281,0.0
classifier_expander,slowheat_classifier_expander,selector_forward_examples,637029796,0.0
classifier_expander,slowheat_classifier_expander,selector_forward_examples,1357204345,0.0
classifier_expander,slowheat_classifier_expander,selector_forward_examples,1758462037,0.0
classifier_expander,slowheat_classifier_expander,selector_forward_examples,748737880,0.0
classifier_expander,slowheat_classifier_expander,selector_forward_examples,1611510062,0.0
classifier_expander,slowheat_classifier_expander,selector_forward_examples,333205446,0.0
classifier_expander,slowheat_classifier_expander,selector_forward_examples,130501536,0.0
classifier_expander,slowheat_classifier_expander,selector_forward_examples,492612040,0.0
classifier_expander,slowheat_classifier_expander,selection_seconds,2101606466,2.8346054023131728e-05
classifier_expander,slowheat_classifier_expander,selection_seconds,1872839281,0.00036409503081813455
classifier_expander,slowheat_classifier_expander,selection_seconds,637029796,0.00019961700309067965
classifier_expander,slowheat_classifier_expander,selection_seconds,1357204345,0.000621015002252534
classifier_expander,slowheat_classifier_expander,selection_seconds,1758462037,0.0004435900191310793
classifier_expander,slowheat_classifier_expander,selection_seconds,748737880,1.6162986867129803e-05
classifier_expander,slowheat_classifier_expander,selection_seconds,1611510062,-0.00034334693918935955
classifier_expander,slowheat_classifier_expander,selection_seconds,333205446,3.473600372672081e-05
classifier_expander,slowheat_classifier_expander,selection_seconds,130501536,0.00029570001061074436
classifier_expander,slowheat_classifier_expander,selection_seconds,492612040,-0.000789756013546139
classifier_expander,scroll,final_average_accuracy,2101606466,-0.25670000000000004
classifier_expander,scroll,final_average_accuracy,1872839281,-0.27149999999999996
classifier_expander,scroll,final_average_accuracy,637029796,-0.2644
classifier_expander,scroll,final_average_accuracy,1357204345,-0.27690000000000003
classifier_expander,scroll,final_average_accuracy,1758462037,-0.2187
classifier_expander,scroll,final_average_accuracy,748737880,-0.2584
classifier_expander,scroll,final_average_accuracy,1611510062,-0.2607
classifier_expander,scroll,final_average_accuracy,333205446,-0.2592
classifier_expander,scroll,final_average_accuracy,130501536,-0.2913
classifier_expander,scroll,final_average_accuracy,492612040,-0.2715
classifier_expander,scroll,average_forgetting,2101606466,0.09099999999999997
classifier_expander,scroll,average_forgetting,1872839281,0.14900000000000002
classifier_expander,scroll,average_forgetting,637029796,-0.01237499999999997
classifier_expander,scroll,average_forgetting,1357204345,0.08987499999999998
classifier_expander,scroll,average_forgetting,1758462037,0.0032500000000000306
classifier_expander,scroll,average_forgetting,748737880,0.06750000000000006
classifier_expander,scroll,average_forgetting,1611510062,-0.04400000000000004
classifier_expander,scroll,average_forgetting,333205446,0.09699999999999992
classifier_expander,scroll,average_forgetting,130501536,0.12037500000000001
classifier_expander,scroll,average_forgetting,492612040,0.05500000000000005
classifier_expander,scroll,backward_transfer,2101606466,-0.17812499999999998
classifier_expander,scroll,backward_transfer,1872839281,-0.18512500000000004
classifier_expander,scroll,backward_transfer,637029796,-0.053749999999999964
classifier_expander,scroll,backward_transfer,1357204345,-0.111375
classifier_expander,scroll,backward_transfer,1758462037,-0.025249999999999995
classifier_expander,scroll,backward_transfer,748737880,-0.04999999999999999
classifier_expander,scroll,backward_transfer,1611510062,0.09650000000000003
classifier_expander,scroll,backward_transfer,333205446,-0.030374999999999985
classifier_expander,scroll,backward_transfer,130501536,-0.196875
classifier_expander,scroll,backward_transfer,492612040,-0.09075
classifier_expander,scroll,forward_transfer,2101606466,-0.025375
classifier_expander,scroll,forward_transfer,1872839281,-0.011749999999999983
classifier_expander,scroll,forward_transfer,637029796,-0.05212499999999999
classifier_expander,scroll,forward_transfer,1357204345,-0.010000000000000009
classifier_expander,scroll,forward_transfer,1758462037,0.0
classifier_expander,scroll,forward_transfer,748737880,0.0
classifier_expander,scroll,forward_transfer,1611510062,-0.020875000000000005
classifier_expander,scroll,forward_transfer,333205446,-0.08524999999999999
classifier_expander,scroll,forward_transfer,130501536,-0.013000000000000012
classifier_expander,scroll,forward_transfer,492612040,-0.061624999999999985
classifier_expander,scroll,task_aware_final_accuracy,2101606466,-0.31820000000000004
classifier_expander,scroll,task_aware_final_accuracy,1872839281,-0.31009999999999993
classifier_expander,scroll,task_aware_final_accuracy,637029796,-0.3215
classifier_expander,scroll,task_aware_final_accuracy,1357204345,-0.31210000000000004
classifier_expander,scroll,task_aware_final_accuracy,1758462037,-0.2947000000000001
classifier_expander,scroll,task_aware_final_accuracy,748737880,-0.3284999999999999
classifier_expander,scroll,task_aware_final_accuracy,1611510062,-0.3234
classifier_expander,scroll,task_aware_final_accuracy,333205446,-0.28410000000000013
classifier_expander,scroll,task_aware_final_accuracy,130501536,-0.30479999999999996
classifier_expander,scroll,task_aware_final_accuracy,492612040,-0.3124999999999999
classifier_expander,scroll,task_aware_forgetting,2101606466,0.0031250000000000167
classifier_expander,scroll,task_aware_forgetting,1872839281,0.03649999999999998
classifier_expander,scroll,task_aware_forgetting,637029796,0.04149999999999998
classifier_expander,scroll,task_aware_forgetting,1357204345,-0.022124999999999978
classifier_expander,scroll,task_aware_forgetting,1758462037,-0.017125
classifier_expander,scroll,task_aware_forgetting,748737880,0.03362499999999999
classifier_expander,scroll,task_aware_forgetting,1611510062,-0.0017500000000000016
classifier_expander,scroll,task_aware_forgetting,333205446,0.007499999999999979
classifier_expander,scroll,task_aware_forgetting,130501536,-0.042625000000000024
classifier_expander,scroll,task_aware_forgetting,492612040,0.044874999999999984
classifier_expander,scroll,classifier_gap,2101606466,-0.061500000000000055
classifier_expander,scroll,classifier_gap,1872839281,-0.03859999999999991
classifier_expander,scroll,classifier_gap,637029796,-0.057099999999999984
classifier_expander,scroll,classifier_gap,1357204345,-0.03520000000000001
classifier_expander,scroll,classifier_gap,1758462037,-0.07600000000000007
classifier_expander,scroll,classifier_gap,748737880,-0.07009999999999988
classifier_expander,scroll,classifier_gap,1611510062,-0.06270000000000003
classifier_expander,scroll,classifier_gap,333205446,-0.02490000000000009
classifier_expander,scroll,classifier_gap,130501536,-0.013499999999999901
classifier_expander,scroll,classifier_gap,492612040,-0.04099999999999987
classifier_expander,scroll,elapsed_seconds,2101606466,-226.24538881101762
classifier_expander,scroll,elapsed_seconds,1872839281,-215.0499221579812
classifier_expander,scroll,elapsed_seconds,637029796,-215.76818962499965
classifier_expander,scroll,elapsed_seconds,1357204345,-167.6763455410255
classifier_expander,scroll,elapsed_seconds,1758462037,-156.95064997498412
classifier_expander,scroll,elapsed_seconds,748737880,-156.88789117199485
classifier_expander,scroll,elapsed_seconds,1611510062,-157.2172661969962
classifier_expander,scroll,elapsed_seconds,333205446,-157.19571100300527
classifier_expander,scroll,elapsed_seconds,130501536,-157.36713520801277
classifier_expander,scroll,elapsed_seconds,492612040,-157.07944784595747
classifier_expander,scroll,learner_examples_processed,2101606466,-241856.0
classifier_expander,scroll,learner_examples_processed,1872839281,-241856.0
classifier_expander,scroll,learner_examples_processed,637029796,-241856.0
classifier_expander,scroll,learner_examples_processed,1357204345,-241856.0
classifier_expander,scroll,learner_examples_processed,1758462037,-241856.0
classifier_expander,scroll,learner_examples_processed,748737880,-241856.0
classifier_expander,scroll,learner_examples_processed,1611510062,-241856.0
classifier_expander,scroll,learner_examples_processed,333205446,-241856.0
classifier_expander,scroll,learner_examples_processed,130501536,-241856.0
classifier_expander,scroll,learner_examples_processed,492612040,-241856.0
classifier_expander,scroll,total_model_examples_processed,2101606466,-282496.0
classifier_expander,scroll,total_model_examples_processed,1872839281,-282496.0
classifier_expander,scroll,total_model_examples_processed,637029796,-282496.0
classifier_expander,scroll,total_model_examples_processed,1357204345,-282496.0
classifier_expander,scroll,total_model_examples_processed,1758462037,-282496.0
classifier_expander,scroll,total_model_examples_processed,748737880,-282496.0
classifier_expander,scroll,total_model_examples_processed,1611510062,-282496.0
classifier_expander,scroll,total_model_examples_processed,333205446,-282496.0
classifier_expander,scroll,total_model_examples_processed,130501536,-282496.0
classifier_expander,scroll,total_model_examples_processed,492612040,-282496.0
classifier_expander,scroll,estimated_total_flops,2101606466,-851116934343035.0
classifier_expander,scroll,estimated_total_flops,1872839281,-851116934343035.0
classifier_expander,scroll,estimated_total_flops,637029796,-851116934343035.0
classifier_expander,scroll,estimated_total_flops,1357204345,-851116934343035.0
classifier_expander,scroll,estimated_total_flops,1758462037,-851116934343035.0
classifier_expander,scroll,estimated_total_flops,748737880,-851116934343035.0
classifier_expander,scroll,estimated_total_flops,1611510062,-851116934343035.0
classifier_expander,scroll,estimated_total_flops,333205446,-851116934343035.0
classifier_expander,scroll,estimated_total_flops,130501536,-851116934343035.0
classifier_expander,scroll,estimated_total_flops,492612040,-851116934343035.0
classifier_expander,scroll,estimated_overhead_flops,2101606466,21728548485.0
classifier_expander,scroll,estimated_overhead_flops,1872839281,21728548485.0
classifier_expander,scroll,estimated_overhead_flops,637029796,21728548485.0
classifier_expander,scroll,estimated_overhead_flops,1357204345,21728548485.0
classifier_expander,scroll,estimated_overhead_flops,1758462037,21728548485.0
classifier_expander,scroll,estimated_overhead_flops,748737880,21728548485.0
classifier_expander,scroll,estimated_overhead_flops,1611510062,21728548485.0
classifier_expander,scroll,estimated_overhead_flops,333205446,21728548485.0
classifier_expander,scroll,estimated_overhead_flops,130501536,21728548485.0
classifier_expander,scroll,estimated_overhead_flops,492612040,21728548485.0
classifier_expander,scroll,replay_memory_bytes,2101606466,0.0
classifier_expander,scroll,replay_memory_bytes,1872839281,0.0
classifier_expander,scroll,replay_memory_bytes,637029796,0.0
classifier_expander,scroll,replay_memory_bytes,1357204345,0.0
classifier_expander,scroll,replay_memory_bytes,1758462037,0.0
classifier_expander,scroll,replay_memory_bytes,748737880,0.0
classifier_expander,scroll,replay_memory_bytes,1611510062,0.0
classifier_expander,scroll,replay_memory_bytes,333205446,0.0
classifier_expander,scroll,replay_memory_bytes,130501536,0.0
classifier_expander,scroll,replay_memory_bytes,492612040,0.0
classifier_expander,scroll,stored_logits_bytes,2101606466,0.0
classifier_expander,scroll,stored_logits_bytes,1872839281,0.0
classifier_expander,scroll,stored_logits_bytes,637029796,0.0
classifier_expander,scroll,stored_logits_bytes,1357204345,0.0
classifier_expander,scroll,stored_logits_bytes,1758462037,0.0
classifier_expander,scroll,stored_logits_bytes,748737880,0.0
classifier_expander,scroll,stored_logits_bytes,1611510062,0.0
classifier_expander,scroll,stored_logits_bytes,333205446,0.0
classifier_expander,scroll,stored_logits_bytes,130501536,0.0
classifier_expander,scroll,stored_logits_bytes,492612040,0.0
classifier_expander,scroll,replay_metadata_bytes,2101606466,0.0
classifier_expander,scroll,replay_metadata_bytes,1872839281,0.0
classifier_expander,scroll,replay_metadata_bytes,637029796,0.0
classifier_expander,scroll,replay_metadata_bytes,1357204345,0.0
classifier_expander,scroll,replay_metadata_bytes,1758462037,0.0
classifier_expander,scroll,replay_metadata_bytes,748737880,0.0
classifier_expander,scroll,replay_metadata_bytes,1611510062,0.0
classifier_expander,scroll,replay_metadata_bytes,333205446,0.0
classifier_expander,scroll,replay_metadata_bytes,130501536,0.0
classifier_expander,scroll,replay_metadata_bytes,492612040,0.0
classifier_expander,scroll,selector_forward_examples,2101606466,0.0
classifier_expander,scroll,selector_forward_examples,1872839281,0.0
classifier_expander,scroll,selector_forward_examples,637029796,0.0
classifier_expander,scroll,selector_forward_examples,1357204345,0.0
classifier_expander,scroll,selector_forward_examples,1758462037,0.0
classifier_expander,scroll,selector_forward_examples,748737880,0.0
classifier_expander,scroll,selector_forward_examples,1611510062,0.0
classifier_expander,scroll,selector_forward_examples,333205446,0.0
classifier_expander,scroll,selector_forward_examples,130501536,0.0
classifier_expander,scroll,selector_forward_examples,492612040,0.0
classifier_expander,scroll,selection_seconds,2101606466,-0.0009303179976996034
classifier_expander,scroll,selection_seconds,1872839281,-0.0005447039438877255
classifier_expander,scroll,selection_seconds,637029796,0.00043492307304404676
classifier_expander,scroll,selection_seconds,1357204345,-8.071199408732355e-05
classifier_expander,scroll,selection_seconds,1758462037,0.0004465060483198613
classifier_expander,scroll,selection_seconds,748737880,0.0007601899851579219
classifier_expander,scroll,selection_seconds,1611510062,-0.0008002329850569367
classifier_expander,scroll,selection_seconds,333205446,-0.0004228779871482402
classifier_expander,scroll,selection_seconds,130501536,-0.00041914702160283923
classifier_expander,scroll,selection_seconds,492612040,-0.0010449389810673892
classifier_expander,slowheat_scroll,final_average_accuracy,2101606466,-0.13979999999999998
classifier_expander,slowheat_scroll,final_average_accuracy,1872839281,-0.12190000000000001
classifier_expander,slowheat_scroll,final_average_accuracy,637029796,-0.11130000000000001
classifier_expander,slowheat_scroll,final_average_accuracy,1357204345,-0.08240000000000003
classifier_expander,slowheat_scroll,final_average_accuracy,1758462037,-0.12769999999999998
classifier_expander,slowheat_scroll,final_average_accuracy,748737880,-0.12390000000000001
classifier_expander,slowheat_scroll,final_average_accuracy,1611510062,-0.11379999999999996
classifier_expander,slowheat_scroll,final_average_accuracy,333205446,-0.15770000000000006
classifier_expander,slowheat_scroll,final_average_accuracy,130501536,-0.13290000000000002
classifier_expander,slowheat_scroll,final_average_accuracy,492612040,-0.13120000000000004
classifier_expander,slowheat_scroll,average_forgetting,2101606466,-0.161
classifier_expander,slowheat_scroll,average_forgetting,1872839281,-0.05049999999999999
classifier_expander,slowheat_scroll,average_forgetting,637029796,-0.18212499999999998
classifier_expander,slowheat_scroll,average_forgetting,1357204345,-0.16749999999999998
classifier_expander,slowheat_scroll,average_forgetting,1758462037,-0.169125
classifier_expander,slowheat_scroll,average_forgetting,748737880,-0.10837499999999994
classifier_expander,slowheat_scroll,average_forgetting,1611510062,-0.22675
classifier_expander,slowheat_scroll,average_forgetting,333205446,-0.008125000000000049
classifier_expander,slowheat_scroll,average_forgetting,130501536,-0.18175000000000002
classifier_expander,slowheat_scroll,average_forgetting,492612040,-0.12749999999999995
classifier_expander,slowheat_scroll,backward_transfer,2101606466,0.10250000000000001
classifier_expander,slowheat_scroll,backward_transfer,1872839281,0.10874999999999996
classifier_expander,slowheat_scroll,backward_transfer,637029796,0.14875000000000002
classifier_expander,slowheat_scroll,backward_transfer,1357204345,0.25187499999999996
classifier_expander,slowheat_scroll,backward_transfer,1758462037,0.11937500000000006
classifier_expander,slowheat_scroll,backward_transfer,748737880,0.28725
classifier_expander,slowheat_scroll,backward_transfer,1611510062,0.16562500000000002
classifier_expander,slowheat_scroll,backward_transfer,333205446,-0.00912500000000005
classifier_expander,slowheat_scroll,backward_transfer,130501536,0.19087500000000002
classifier_expander,slowheat_scroll,backward_transfer,492612040,0.154625
classifier_expander,slowheat_scroll,forward_transfer,2101606466,-0.025375
classifier_expander,slowheat_scroll,forward_transfer,1872839281,-0.011749999999999983
classifier_expander,slowheat_scroll,forward_transfer,637029796,-0.05212499999999999
classifier_expander,slowheat_scroll,forward_transfer,1357204345,-0.010000000000000009
classifier_expander,slowheat_scroll,forward_transfer,1758462037,0.0
classifier_expander,slowheat_scroll,forward_transfer,748737880,0.0
classifier_expander,slowheat_scroll,forward_transfer,1611510062,-0.020875000000000005
classifier_expander,slowheat_scroll,forward_transfer,333205446,-0.08524999999999999
classifier_expander,slowheat_scroll,forward_transfer,130501536,-0.013000000000000012
classifier_expander,slowheat_scroll,forward_transfer,492612040,-0.061624999999999985
classifier_expander,slowheat_scroll,task_aware_final_accuracy,2101606466,-0.14960000000000007
classifier_expander,slowheat_scroll,task_aware_final_accuracy,1872839281,-0.14579999999999993
classifier_expander,slowheat_scroll,task_aware_final_accuracy,637029796,-0.13080000000000003
classifier_expander,slowheat_scroll,task_aware_final_accuracy,1357204345,-0.0978
classifier_expander,slowheat_scroll,task_aware_final_accuracy,1758462037,-0.14350000000000007
classifier_expander,slowheat_scroll,task_aware_final_accuracy,748737880,-0.11739999999999984
classifier_expander,slowheat_scroll,task_aware_final_accuracy,1611510062,-0.13829999999999998
classifier_expander,slowheat_scroll,task_aware_final_accuracy,333205446,-0.12340000000000018
classifier_expander,slowheat_scroll,task_aware_final_accuracy,130501536,-0.12270000000000003
classifier_expander,slowheat_scroll,task_aware_final_accuracy,492612040,-0.1191000000000001
classifier_expander,slowheat_scroll,task_aware_forgetting,2101606466,-0.05124999999999999
classifier_expander,slowheat_scroll,task_aware_forgetting,1872839281,-0.020625000000000004
classifier_expander,slowheat_scroll,task_aware_forgetting,637029796,-0.022375000000000006
classifier_expander,slowheat_scroll,task_aware_forgetting,1357204345,-0.06625
classifier_expander,slowheat_scroll,task_aware_forgetting,1758462037,-0.046249999999999986
classifier_expander,slowheat_scroll,task_aware_forgetting,748737880,-0.07975000000000002
classifier_expander,slowheat_scroll,task_aware_forgetting,1611510062,-0.04949999999999999
classifier_expander,slowheat_scroll,task_aware_forgetting,333205446,-0.07249999999999998
classifier_expander,slowheat_scroll,task_aware_forgetting,130501536,-0.07387500000000005
classifier_expander,slowheat_scroll,task_aware_forgetting,492612040,-0.06512500000000004
classifier_expander,slowheat_scroll,classifier_gap,2101606466,-0.009800000000000086
classifier_expander,slowheat_scroll,classifier_gap,1872839281,-0.02389999999999992
classifier_expander,slowheat_scroll,classifier_gap,637029796,-0.019500000000000017
classifier_expander,slowheat_scroll,classifier_gap,1357204345,-0.01539999999999997
classifier_expander,slowheat_scroll,classifier_gap,1758462037,-0.015800000000000092
classifier_expander,slowheat_scroll,classifier_gap,748737880,0.006500000000000172
classifier_expander,slowheat_scroll,classifier_gap,1611510062,-0.024500000000000022
classifier_expander,slowheat_scroll,classifier_gap,333205446,0.034299999999999886
classifier_expander,slowheat_scroll,classifier_gap,130501536,0.010199999999999987
classifier_expander,slowheat_scroll,classifier_gap,492612040,0.012099999999999944
classifier_expander,slowheat_scroll,elapsed_seconds,2101606466,-205.67467785801273
classifier_expander,slowheat_scroll,elapsed_seconds,1872839281,-196.47283668199088
classifier_expander,slowheat_scroll,elapsed_seconds,637029796,-197.19995797297452
classifier_expander,slowheat_scroll,elapsed_seconds,1357204345,-158.0613685050339
classifier_expander,slowheat_scroll,elapsed_seconds,1758462037,-147.39848473799066
classifier_expander,slowheat_scroll,elapsed_seconds,748737880,-147.2602521549852
classifier_expander,slowheat_scroll,elapsed_seconds,1611510062,-147.6722845910408
classifier_expander,slowheat_scroll,elapsed_seconds,333205446,-147.73147175001213
classifier_expander,slowheat_scroll,elapsed_seconds,130501536,-147.73381171998335
classifier_expander,slowheat_scroll,elapsed_seconds,492612040,-147.54101125797024
classifier_expander,slowheat_scroll,learner_examples_processed,2101606466,-241856.0
classifier_expander,slowheat_scroll,learner_examples_processed,1872839281,-241856.0
classifier_expander,slowheat_scroll,learner_examples_processed,637029796,-241856.0
classifier_expander,slowheat_scroll,learner_examples_processed,1357204345,-241856.0
classifier_expander,slowheat_scroll,learner_examples_processed,1758462037,-241856.0
classifier_expander,slowheat_scroll,learner_examples_processed,748737880,-241856.0
classifier_expander,slowheat_scroll,learner_examples_processed,1611510062,-241856.0
classifier_expander,slowheat_scroll,learner_examples_processed,333205446,-241856.0
classifier_expander,slowheat_scroll,learner_examples_processed,130501536,-241856.0
classifier_expander,slowheat_scroll,learner_examples_processed,492612040,-241856.0
classifier_expander,slowheat_scroll,total_model_examples_processed,2101606466,-282496.0
classifier_expander,slowheat_scroll,total_model_examples_processed,1872839281,-282496.0
classifier_expander,slowheat_scroll,total_model_examples_processed,637029796,-282496.0
classifier_expander,slowheat_scroll,total_model_examples_processed,1357204345,-282496.0
classifier_expander,slowheat_scroll,total_model_examples_processed,1758462037,-282496.0
classifier_expander,slowheat_scroll,total_model_examples_processed,748737880,-282496.0
classifier_expander,slowheat_scroll,total_model_examples_processed,1611510062,-282496.0
classifier_expander,slowheat_scroll,total_model_examples_processed,333205446,-282496.0
classifier_expander,slowheat_scroll,total_model_examples_processed,130501536,-282496.0
classifier_expander,slowheat_scroll,total_model_examples_processed,492612040,-282496.0
classifier_expander,slowheat_scroll,estimated_total_flops,2101606466,-851112324781755.0
classifier_expander,slowheat_scroll,estimated_total_flops,1872839281,-851112324781755.0
classifier_expander,slowheat_scroll,estimated_total_flops,637029796,-851112324781755.0
classifier_expander,slowheat_scroll,estimated_total_flops,1357204345,-851112324781755.0
classifier_expander,slowheat_scroll,estimated_total_flops,1758462037,-851112324781755.0
classifier_expander,slowheat_scroll,estimated_total_flops,748737880,-851112324781755.0
classifier_expander,slowheat_scroll,estimated_total_flops,1611510062,-851112324781755.0
classifier_expander,slowheat_scroll,estimated_total_flops,333205446,-851112324781755.0
classifier_expander,slowheat_scroll,estimated_total_flops,130501536,-851112324781755.0
classifier_expander,slowheat_scroll,estimated_total_flops,492612040,-851112324781755.0
classifier_expander,slowheat_scroll,estimated_overhead_flops,2101606466,26338109765.0
classifier_expander,slowheat_scroll,estimated_overhead_flops,1872839281,26338109765.0
classifier_expander,slowheat_scroll,estimated_overhead_flops,637029796,26338109765.0
classifier_expander,slowheat_scroll,estimated_overhead_flops,1357204345,26338109765.0
classifier_expander,slowheat_scroll,estimated_overhead_flops,1758462037,26338109765.0
classifier_expander,slowheat_scroll,estimated_overhead_flops,748737880,26338109765.0
classifier_expander,slowheat_scroll,estimated_overhead_flops,1611510062,26338109765.0
classifier_expander,slowheat_scroll,estimated_overhead_flops,333205446,26338109765.0
classifier_expander,slowheat_scroll,estimated_overhead_flops,130501536,26338109765.0
classifier_expander,slowheat_scroll,estimated_overhead_flops,492612040,26338109765.0
classifier_expander,slowheat_scroll,replay_memory_bytes,2101606466,0.0
classifier_expander,slowheat_scroll,replay_memory_bytes,1872839281,0.0
classifier_expander,slowheat_scroll,replay_memory_bytes,637029796,0.0
classifier_expander,slowheat_scroll,replay_memory_bytes,1357204345,0.0
classifier_expander,slowheat_scroll,replay_memory_bytes,1758462037,0.0
classifier_expander,slowheat_scroll,replay_memory_bytes,748737880,0.0
classifier_expander,slowheat_scroll,replay_memory_bytes,1611510062,0.0
classifier_expander,slowheat_scroll,replay_memory_bytes,333205446,0.0
classifier_expander,slowheat_scroll,replay_memory_bytes,130501536,0.0
classifier_expander,slowheat_scroll,replay_memory_bytes,492612040,0.0
classifier_expander,slowheat_scroll,stored_logits_bytes,2101606466,0.0
classifier_expander,slowheat_scroll,stored_logits_bytes,1872839281,0.0
classifier_expander,slowheat_scroll,stored_logits_bytes,637029796,0.0
classifier_expander,slowheat_scroll,stored_logits_bytes,1357204345,0.0
classifier_expander,slowheat_scroll,stored_logits_bytes,1758462037,0.0
classifier_expander,slowheat_scroll,stored_logits_bytes,748737880,0.0
classifier_expander,slowheat_scroll,stored_logits_bytes,1611510062,0.0
classifier_expander,slowheat_scroll,stored_logits_bytes,333205446,0.0
classifier_expander,slowheat_scroll,stored_logits_bytes,130501536,0.0
classifier_expander,slowheat_scroll,stored_logits_bytes,492612040,0.0
classifier_expander,slowheat_scroll,replay_metadata_bytes,2101606466,0.0
classifier_expander,slowheat_scroll,replay_metadata_bytes,1872839281,0.0
classifier_expander,slowheat_scroll,replay_metadata_bytes,637029796,0.0
classifier_expander,slowheat_scroll,replay_metadata_bytes,1357204345,0.0
classifier_expander,slowheat_scroll,replay_metadata_bytes,1758462037,0.0
classifier_expander,slowheat_scroll,replay_metadata_bytes,748737880,0.0
classifier_expander,slowheat_scroll,replay_metadata_bytes,1611510062,0.0
classifier_expander,slowheat_scroll,replay_metadata_bytes,333205446,0.0
classifier_expander,slowheat_scroll,replay_metadata_bytes,130501536,0.0
classifier_expander,slowheat_scroll,replay_metadata_bytes,492612040,0.0
classifier_expander,slowheat_scroll,selector_forward_examples,2101606466,0.0
classifier_expander,slowheat_scroll,selector_forward_examples,1872839281,0.0
classifier_expander,slowheat_scroll,selector_forward_examples,637029796,0.0
classifier_expander,slowheat_scroll,selector_forward_examples,1357204345,0.0
classifier_expander,slowheat_scroll,selector_forward_examples,1758462037,0.0
classifier_expander,slowheat_scroll,selector_forward_examples,748737880,0.0
classifier_expander,slowheat_scroll,selector_forward_examples,1611510062,0.0
classifier_expander,slowheat_scroll,selector_forward_examples,333205446,0.0
classifier_expander,slowheat_scroll,selector_forward_examples,130501536,0.0
classifier_expander,slowheat_scroll,selector_forward_examples,492612040,0.0
classifier_expander,slowheat_scroll,selection_seconds,2101606466,0.0012679290084633976
classifier_expander,slowheat_scroll,selection_seconds,1872839281,-0.000962085003266111
classifier_expander,slowheat_scroll,selection_seconds,637029796,0.0003610520507209003
classifier_expander,slowheat_scroll,selection_seconds,1357204345,0.00020889606093987823
classifier_expander,slowheat_scroll,selection_seconds,1758462037,-8.865987183526158e-06
classifier_expander,slowheat_scroll,selection_seconds,748737880,-0.0002605799527373165
classifier_expander,slowheat_scroll,selection_seconds,1611510062,0.00016833801055327058
classifier_expander,slowheat_scroll,selection_seconds,333205446,-0.000487468991195783
classifier_expander,slowheat_scroll,selection_seconds,130501536,-0.0001981420791707933
classifier_expander,slowheat_scroll,selection_seconds,492612040,-0.0011642940226010978
scroll,vanilla,final_average_accuracy,2101606466,0.07849999999999999
scroll,vanilla,final_average_accuracy,1872839281,0.0726
scroll,vanilla,final_average_accuracy,637029796,0.06449999999999999
scroll,vanilla,final_average_accuracy,1357204345,0.0799
scroll,vanilla,final_average_accuracy,1758462037,0.026600000000000013
scroll,vanilla,final_average_accuracy,748737880,0.03880000000000003
scroll,vanilla,final_average_accuracy,1611510062,0.0656
scroll,vanilla,final_average_accuracy,333205446,0.0784
scroll,vanilla,final_average_accuracy,130501536,0.0779
scroll,vanilla,final_average_accuracy,492612040,0.05150000000000002
scroll,vanilla,average_forgetting,2101606466,0.427
scroll,vanilla,average_forgetting,1872839281,0.38800000000000007
scroll,vanilla,average_forgetting,637029796,0.534375
scroll,vanilla,average_forgetting,1357204345,0.43650000000000005
scroll,vanilla,average_forgetting,1758462037,0.4766249999999999
scroll,vanilla,average_forgetting,748737880,0.48337499999999994
scroll,vanilla,average_forgetting,1611510062,0.5441250000000001
scroll,vanilla,average_forgetting,333205446,0.4368750000000001
scroll,vanilla,average_forgetting,130501536,0.44899999999999995
scroll,vanilla,average_forgetting,492612040,0.49749999999999994
scroll,vanilla,backward_transfer,2101606466,-0.427
scroll,vanilla,backward_transfer,1872839281,-0.38800000000000007
scroll,vanilla,backward_transfer,637029796,-0.5368750000000001
scroll,vanilla,backward_transfer,1357204345,-0.43650000000000005
scroll,vanilla,backward_transfer,1758462037,-0.5332499999999999
scroll,vanilla,backward_transfer,748737880,-0.5618749999999999
scroll,vanilla,backward_transfer,1611510062,-0.6707500000000001
scroll,vanilla,backward_transfer,333205446,-0.5618750000000001
scroll,vanilla,backward_transfer,130501536,-0.44899999999999995
scroll,vanilla,backward_transfer,492612040,-0.49749999999999994
scroll,vanilla,forward_transfer,2101606466,0.01475
scroll,vanilla,forward_transfer,1872839281,0.0011249999999999871
scroll,vanilla,forward_transfer,637029796,0.057374999999999995
scroll,vanilla,forward_transfer,1357204345,0.0
scroll,vanilla,forward_transfer,1758462037,0.0
scroll,vanilla,forward_transfer,748737880,0.0
scroll,vanilla,forward_transfer,1611510062,0.0
scroll,vanilla,forward_transfer,333205446,0.054875
scroll,vanilla,forward_transfer,130501536,0.010749999999999996
scroll,vanilla,forward_transfer,492612040,0.07062499999999998
scroll,vanilla,task_aware_final_accuracy,2101606466,0.09029999999999982
scroll,vanilla,task_aware_final_accuracy,1872839281,0.0716
scroll,vanilla,task_aware_final_accuracy,637029796,0.07199999999999995
scroll,vanilla,task_aware_final_accuracy,1357204345,0.07279999999999998
scroll,vanilla,task_aware_final_accuracy,1758462037,0.0595
scroll,vanilla,task_aware_final_accuracy,748737880,0.07750000000000001
scroll,vanilla,task_aware_final_accuracy,1611510062,0.07140000000000002
scroll,vanilla,task_aware_final_accuracy,333205446,0.05149999999999999
scroll,vanilla,task_aware_final_accuracy,130501536,0.07539999999999991
scroll,vanilla,task_aware_final_accuracy,492612040,0.05809999999999993
scroll,vanilla,task_aware_forgetting,2101606466,0.28575
scroll,vanilla,task_aware_forgetting,1872839281,0.24287500000000004
scroll,vanilla,task_aware_forgetting,637029796,0.26200000000000007
scroll,vanilla,task_aware_forgetting,1357204345,0.3005
scroll,vanilla,task_aware_forgetting,1758462037,0.283625
scroll,vanilla,task_aware_forgetting,748737880,0.26125
scroll,vanilla,task_aware_forgetting,1611510062,0.288875
scroll,vanilla,task_aware_forgetting,333205446,0.2815000000000001
scroll,vanilla,task_aware_forgetting,130501536,0.327125
scroll,vanilla,task_aware_forgetting,492612040,0.27487500000000004
scroll,vanilla,classifier_gap,2101606466,0.011799999999999866
scroll,vanilla,classifier_gap,1872839281,-0.0010000000000000009
scroll,vanilla,classifier_gap,637029796,0.007499999999999951
scroll,vanilla,classifier_gap,1357204345,-0.007100000000000051
scroll,vanilla,classifier_gap,1758462037,0.032899999999999985
scroll,vanilla,classifier_gap,748737880,0.03870000000000001
scroll,vanilla,classifier_gap,1611510062,0.005800000000000027
scroll,vanilla,classifier_gap,333205446,-0.026900000000000035
scroll,vanilla,classifier_gap,130501536,-0.0025000000000001132
scroll,vanilla,classifier_gap,492612040,0.006599999999999884
scroll,vanilla,elapsed_seconds,2101606466,134.39492690499173
scroll,vanilla,elapsed_seconds,1872839281,129.4659252690035
scroll,vanilla,elapsed_seconds,637029796,121.06623630100512
scroll,vanilla,elapsed_seconds,1357204345,135.583352518006
scroll,vanilla,elapsed_seconds,1758462037,87.39643475099001
scroll,vanilla,elapsed_seconds,748737880,87.51365301202168
scroll,vanilla,elapsed_seconds,1611510062,87.33021488797385
scroll,vanilla,elapsed_seconds,333205446,87.58677761198487
scroll,vanilla,elapsed_seconds,130501536,87.42736889401567
scroll,vanilla,elapsed_seconds,492612040,87.5194474789896
scroll,vanilla,learner_examples_processed,2101606466,160512.0
scroll,vanilla,learner_examples_processed,1872839281,160512.0
scroll,vanilla,learner_examples_processed,637029796,160512.0
scroll,vanilla,learner_examples_processed,1357204345,160512.0
scroll,vanilla,learner_examples_processed,1758462037,160512.0
scroll,vanilla,learner_examples_processed,748737880,160512.0
scroll,vanilla,learner_examples_processed,1611510062,160512.0
scroll,vanilla,learner_examples_processed,333205446,160512.0
scroll,vanilla,learner_examples_processed,130501536,160512.0
scroll,vanilla,learner_examples_processed,492612040,160512.0
scroll,vanilla,total_model_examples_processed,2101606466,120512.0
scroll,vanilla,total_model_examples_processed,1872839281,120512.0
scroll,vanilla,total_model_examples_processed,637029796,120512.0
scroll,vanilla,total_model_examples_processed,1357204345,120512.0
scroll,vanilla,total_model_examples_processed,1758462037,120512.0
scroll,vanilla,total_model_examples_processed,748737880,120512.0
scroll,vanilla,total_model_examples_processed,1611510062,120512.0
scroll,vanilla,total_model_examples_processed,333205446,120512.0
scroll,vanilla,total_model_examples_processed,130501536,120512.0
scroll,vanilla,total_model_examples_processed,492612040,120512.0
scroll,vanilla,estimated_total_flops,2101606466,490456523647355.0
scroll,vanilla,estimated_total_flops,1872839281,490456523647355.0
scroll,vanilla,estimated_total_flops,637029796,490456523647355.0
scroll,vanilla,estimated_total_flops,1357204345,490456523647355.0
scroll,vanilla,estimated_total_flops,1758462037,490456523647355.0
scroll,vanilla,estimated_total_flops,748737880,490456523647355.0
scroll,vanilla,estimated_total_flops,1611510062,490456523647355.0
scroll,vanilla,estimated_total_flops,333205446,490456523647355.0
scroll,vanilla,estimated_total_flops,130501536,490456523647355.0
scroll,vanilla,estimated_total_flops,492612040,490456523647355.0
scroll,vanilla,estimated_overhead_flops,2101606466,-21728548485.0
scroll,vanilla,estimated_overhead_flops,1872839281,-21728548485.0
scroll,vanilla,estimated_overhead_flops,637029796,-21728548485.0
scroll,vanilla,estimated_overhead_flops,1357204345,-21728548485.0
scroll,vanilla,estimated_overhead_flops,1758462037,-21728548485.0
scroll,vanilla,estimated_overhead_flops,748737880,-21728548485.0
scroll,vanilla,estimated_overhead_flops,1611510062,-21728548485.0
scroll,vanilla,estimated_overhead_flops,333205446,-21728548485.0
scroll,vanilla,estimated_overhead_flops,130501536,-21728548485.0
scroll,vanilla,estimated_overhead_flops,492612040,-21728548485.0
scroll,vanilla,replay_memory_bytes,2101606466,-2459200.0
scroll,vanilla,replay_memory_bytes,1872839281,-2459200.0
scroll,vanilla,replay_memory_bytes,637029796,-2459200.0
scroll,vanilla,replay_memory_bytes,1357204345,-2459200.0
scroll,vanilla,replay_memory_bytes,1758462037,-2459200.0
scroll,vanilla,replay_memory_bytes,748737880,-2459200.0
scroll,vanilla,replay_memory_bytes,1611510062,-2459200.0
scroll,vanilla,replay_memory_bytes,333205446,-2459200.0
scroll,vanilla,replay_memory_bytes,130501536,-2459200.0
scroll,vanilla,replay_memory_bytes,492612040,-2459200.0
scroll,vanilla,stored_logits_bytes,2101606466,0.0
scroll,vanilla,stored_logits_bytes,1872839281,0.0
scroll,vanilla,stored_logits_bytes,637029796,0.0
scroll,vanilla,stored_logits_bytes,1357204345,0.0
scroll,vanilla,stored_logits_bytes,1758462037,0.0
scroll,vanilla,stored_logits_bytes,748737880,0.0
scroll,vanilla,stored_logits_bytes,1611510062,0.0
scroll,vanilla,stored_logits_bytes,333205446,0.0
scroll,vanilla,stored_logits_bytes,130501536,0.0
scroll,vanilla,stored_logits_bytes,492612040,0.0
scroll,vanilla,replay_metadata_bytes,2101606466,-6400.0
scroll,vanilla,replay_metadata_bytes,1872839281,-6400.0
scroll,vanilla,replay_metadata_bytes,637029796,-6400.0
scroll,vanilla,replay_metadata_bytes,1357204345,-6400.0
scroll,vanilla,replay_metadata_bytes,1758462037,-6400.0
scroll,vanilla,replay_metadata_bytes,748737880,-6400.0
scroll,vanilla,replay_metadata_bytes,1611510062,-6400.0
scroll,vanilla,replay_metadata_bytes,333205446,-6400.0
scroll,vanilla,replay_metadata_bytes,130501536,-6400.0
scroll,vanilla,replay_metadata_bytes,492612040,-6400.0
scroll,vanilla,selector_forward_examples,2101606466,0.0
scroll,vanilla,selector_forward_examples,1872839281,0.0
scroll,vanilla,selector_forward_examples,637029796,0.0
scroll,vanilla,selector_forward_examples,1357204345,0.0
scroll,vanilla,selector_forward_examples,1758462037,0.0
scroll,vanilla,selector_forward_examples,748737880,0.0
scroll,vanilla,selector_forward_examples,1611510062,0.0
scroll,vanilla,selector_forward_examples,333205446,0.0
scroll,vanilla,selector_forward_examples,130501536,0.0
scroll,vanilla,selector_forward_examples,492612040,0.0
scroll,vanilla,selection_seconds,2101606466,-0.01264656096464023
scroll,vanilla,selection_seconds,1872839281,-0.013874012045562267
scroll,vanilla,selection_seconds,637029796,-0.013702744035981596
scroll,vanilla,selection_seconds,1357204345,-0.012563089985633269
scroll,vanilla,selection_seconds,1758462037,-0.01318473502760753
scroll,vanilla,selection_seconds,748737880,-0.013927699968917295
scroll,vanilla,selection_seconds,1611510062,-0.012866433011367917
scroll,vanilla,selection_seconds,333205446,-0.012772513000527397
scroll,vanilla,selection_seconds,130501536,-0.012780546996509656
scroll,vanilla,selection_seconds,492612040,-0.012834434019168839
scroll,slowheat_none,final_average_accuracy,2101606466,0.0786
scroll,slowheat_none,final_average_accuracy,1872839281,0.0701
scroll,slowheat_none,final_average_accuracy,637029796,0.0757
scroll,slowheat_none,final_average_accuracy,1357204345,0.07329999999999998
scroll,slowheat_none,final_average_accuracy,1758462037,0.03160000000000002
scroll,slowheat_none,final_average_accuracy,748737880,0.0446
scroll,slowheat_none,final_average_accuracy,1611510062,0.0772
scroll,slowheat_none,final_average_accuracy,333205446,0.07909999999999998
scroll,slowheat_none,final_average_accuracy,130501536,0.07529999999999998
scroll,slowheat_none,final_average_accuracy,492612040,0.04710000000000003
scroll,slowheat_none,average_forgetting,2101606466,0.4141249999999999
scroll,slowheat_none,average_forgetting,1872839281,0.37562500000000004
scroll,slowheat_none,average_forgetting,637029796,0.5353749999999999
scroll,slowheat_none,average_forgetting,1357204345,0.43812500000000004
scroll,slowheat_none,average_forgetting,1758462037,0.476625
scroll,slowheat_none,average_forgetting,748737880,0.486125
scroll,slowheat_none,average_forgetting,1611510062,0.551625
scroll,slowheat_none,average_forgetting,333205446,0.4437500000000001
scroll,slowheat_none,average_forgetting,130501536,0.44362499999999994
scroll,slowheat_none,average_forgetting,492612040,0.47987500000000005
scroll,slowheat_none,backward_transfer,2101606466,-0.4141249999999999
scroll,slowheat_none,backward_transfer,1872839281,-0.37562500000000004
scroll,slowheat_none,backward_transfer,637029796,-0.537875
scroll,slowheat_none,backward_transfer,1357204345,-0.43812500000000004
scroll,slowheat_none,backward_transfer,1758462037,-0.53325
scroll,slowheat_none,backward_transfer,748737880,-0.5646249999999999
scroll,slowheat_none,backward_transfer,1611510062,-0.67825
scroll,slowheat_none,backward_transfer,333205446,-0.5687500000000001
scroll,slowheat_none,backward_transfer,130501536,-0.44362499999999994
scroll,slowheat_none,backward_transfer,492612040,-0.47987500000000005
scroll,slowheat_none,forward_transfer,2101606466,0.02
scroll,slowheat_none,forward_transfer,1872839281,0.0005000000000000004
scroll,slowheat_none,forward_transfer,637029796,0.045999999999999985
scroll,slowheat_none,forward_transfer,1357204345,0.0
scroll,slowheat_none,forward_transfer,1758462037,0.0
scroll,slowheat_none,forward_transfer,748737880,0.0
scroll,slowheat_none,forward_transfer,1611510062,0.0
scroll,slowheat_none,forward_transfer,333205446,0.050875
scroll,slowheat_none,forward_transfer,130501536,0.009874999999999995
scroll,slowheat_none,forward_transfer,492612040,0.07062499999999998
scroll,slowheat_none,task_aware_final_accuracy,2101606466,0.07399999999999984
scroll,slowheat_none,task_aware_final_accuracy,1872839281,0.07079999999999997
scroll,slowheat_none,task_aware_final_accuracy,637029796,0.06599999999999995
scroll,slowheat_none,task_aware_final_accuracy,1357204345,0.06620000000000004
scroll,slowheat_none,task_aware_final_accuracy,1758462037,0.06469999999999998
scroll,slowheat_none,task_aware_final_accuracy,748737880,0.08809999999999996
scroll,slowheat_none,task_aware_final_accuracy,1611510062,0.055300000000000016
scroll,slowheat_none,task_aware_final_accuracy,333205446,0.052200000000000024
scroll,slowheat_none,task_aware_final_accuracy,130501536,0.05599999999999994
scroll,slowheat_none,task_aware_final_accuracy,492612040,0.0625
scroll,slowheat_none,task_aware_forgetting,2101606466,0.293375
scroll,slowheat_none,task_aware_forgetting,1872839281,0.22837499999999997
scroll,slowheat_none,task_aware_forgetting,637029796,0.28450000000000003
scroll,slowheat_none,task_aware_forgetting,1357204345,0.30212500000000003
scroll,slowheat_none,task_aware_forgetting,1758462037,0.28337500000000004
scroll,slowheat_none,task_aware_forgetting,748737880,0.258
scroll,slowheat_none,task_aware_forgetting,1611510062,0.33100000000000007
scroll,slowheat_none,task_aware_forgetting,333205446,0.28837500000000005
scroll,slowheat_none,task_aware_forgetting,130501536,0.34275
scroll,slowheat_none,task_aware_forgetting,492612040,0.24624999999999997
scroll,slowheat_none,classifier_gap,2101606466,-0.0046000000000001595
scroll,slowheat_none,classifier_gap,1872839281,0.0006999999999999229
scroll,slowheat_none,classifier_gap,637029796,-0.009700000000000042
scroll,slowheat_none,classifier_gap,1357204345,-0.007099999999999995
scroll,slowheat_none,classifier_gap,1758462037,0.03309999999999996
scroll,slowheat_none,classifier_gap,748737880,0.04349999999999993
scroll,slowheat_none,classifier_gap,1611510062,-0.021899999999999975
scroll,slowheat_none,classifier_gap,333205446,-0.02689999999999998
scroll,slowheat_none,classifier_gap,130501536,-0.019300000000000095
scroll,slowheat_none,classifier_gap,492612040,0.01539999999999997
scroll,slowheat_none,elapsed_seconds,2101606466,211.00714704900747
scroll,slowheat_none,elapsed_seconds,1872839281,216.70271322800545
scroll,slowheat_none,elapsed_seconds,637029796,212.6603862439806
scroll,slowheat_none,elapsed_seconds,1357204345,219.91996899200603
scroll,slowheat_none,elapsed_seconds,1758462037,133.9361058609793
scroll,slowheat_none,elapsed_seconds,748737880,133.51874364598189
scroll,slowheat_none,elapsed_seconds,1611510062,133.21641451097094
scroll,slowheat_none,elapsed_seconds,333205446,133.73437247096444
scroll,slowheat_none,elapsed_seconds,130501536,133.9763842340035
scroll,slowheat_none,elapsed_seconds,492612040,133.328740774974
scroll,slowheat_none,learner_examples_processed,2101606466,160512.0
scroll,slowheat_none,learner_examples_processed,1872839281,160512.0
scroll,slowheat_none,learner_examples_processed,637029796,160512.0
scroll,slowheat_none,learner_examples_processed,1357204345,160512.0
scroll,slowheat_none,learner_examples_processed,1758462037,160512.0
scroll,slowheat_none,learner_examples_processed,748737880,160512.0
scroll,slowheat_none,learner_examples_processed,1611510062,160512.0
scroll,slowheat_none,learner_examples_processed,333205446,160512.0
scroll,slowheat_none,learner_examples_processed,130501536,160512.0
scroll,slowheat_none,learner_examples_processed,492612040,160512.0
scroll,slowheat_none,total_model_examples_processed,2101606466,120512.0
scroll,slowheat_none,total_model_examples_processed,1872839281,120512.0
scroll,slowheat_none,total_model_examples_processed,637029796,120512.0
scroll,slowheat_none,total_model_examples_processed,1357204345,120512.0
scroll,slowheat_none,total_model_examples_processed,1758462037,120512.0
scroll,slowheat_none,total_model_examples_processed,748737880,120512.0
scroll,slowheat_none,total_model_examples_processed,1611510062,120512.0
scroll,slowheat_none,total_model_examples_processed,333205446,120512.0
scroll,slowheat_none,total_model_examples_processed,130501536,120512.0
scroll,slowheat_none,total_model_examples_processed,492612040,120512.0
scroll,slowheat_none,estimated_total_flops,2101606466,490479586199105.0
scroll,slowheat_none,estimated_total_flops,1872839281,490479586199105.0
scroll,slowheat_none,estimated_total_flops,637029796,490479586199105.0
scroll,slowheat_none,estimated_total_flops,1357204345,490479586199105.0
scroll,slowheat_none,estimated_total_flops,1758462037,490479586199105.0
scroll,slowheat_none,estimated_total_flops,748737880,490479586199105.0
scroll,slowheat_none,estimated_total_flops,1611510062,490479586199105.0
scroll,slowheat_none,estimated_total_flops,333205446,490479586199105.0
scroll,slowheat_none,estimated_total_flops,130501536,490479586199105.0
scroll,slowheat_none,estimated_total_flops,492612040,490479586199105.0
scroll,slowheat_none,estimated_overhead_flops,2101606466,1334003265.0
scroll,slowheat_none,estimated_overhead_flops,1872839281,1334003265.0
scroll,slowheat_none,estimated_overhead_flops,637029796,1334003265.0
scroll,slowheat_none,estimated_overhead_flops,1357204345,1334003265.0
scroll,slowheat_none,estimated_overhead_flops,1758462037,1334003265.0
scroll,slowheat_none,estimated_overhead_flops,748737880,1334003265.0
scroll,slowheat_none,estimated_overhead_flops,1611510062,1334003265.0
scroll,slowheat_none,estimated_overhead_flops,333205446,1334003265.0
scroll,slowheat_none,estimated_overhead_flops,130501536,1334003265.0
scroll,slowheat_none,estimated_overhead_flops,492612040,1334003265.0
scroll,slowheat_none,replay_memory_bytes,2101606466,-2459200.0
scroll,slowheat_none,replay_memory_bytes,1872839281,-2459200.0
scroll,slowheat_none,replay_memory_bytes,637029796,-2459200.0
scroll,slowheat_none,replay_memory_bytes,1357204345,-2459200.0
scroll,slowheat_none,replay_memory_bytes,1758462037,-2459200.0
scroll,slowheat_none,replay_memory_bytes,748737880,-2459200.0
scroll,slowheat_none,replay_memory_bytes,1611510062,-2459200.0
scroll,slowheat_none,replay_memory_bytes,333205446,-2459200.0
scroll,slowheat_none,replay_memory_bytes,130501536,-2459200.0
scroll,slowheat_none,replay_memory_bytes,492612040,-2459200.0
scroll,slowheat_none,stored_logits_bytes,2101606466,0.0
scroll,slowheat_none,stored_logits_bytes,1872839281,0.0
scroll,slowheat_none,stored_logits_bytes,637029796,0.0
scroll,slowheat_none,stored_logits_bytes,1357204345,0.0
scroll,slowheat_none,stored_logits_bytes,1758462037,0.0
scroll,slowheat_none,stored_logits_bytes,748737880,0.0
scroll,slowheat_none,stored_logits_bytes,1611510062,0.0
scroll,slowheat_none,stored_logits_bytes,333205446,0.0
scroll,slowheat_none,stored_logits_bytes,130501536,0.0
scroll,slowheat_none,stored_logits_bytes,492612040,0.0
scroll,slowheat_none,replay_metadata_bytes,2101606466,-6400.0
scroll,slowheat_none,replay_metadata_bytes,1872839281,-6400.0
scroll,slowheat_none,replay_metadata_bytes,637029796,-6400.0
scroll,slowheat_none,replay_metadata_bytes,1357204345,-6400.0
scroll,slowheat_none,replay_metadata_bytes,1758462037,-6400.0
scroll,slowheat_none,replay_metadata_bytes,748737880,-6400.0
scroll,slowheat_none,replay_metadata_bytes,1611510062,-6400.0
scroll,slowheat_none,replay_metadata_bytes,333205446,-6400.0
scroll,slowheat_none,replay_metadata_bytes,130501536,-6400.0
scroll,slowheat_none,replay_metadata_bytes,492612040,-6400.0
scroll,slowheat_none,selector_forward_examples,2101606466,0.0
scroll,slowheat_none,selector_forward_examples,1872839281,0.0
scroll,slowheat_none,selector_forward_examples,637029796,0.0
scroll,slowheat_none,selector_forward_examples,1357204345,0.0
scroll,slowheat_none,selector_forward_examples,1758462037,0.0
scroll,slowheat_none,selector_forward_examples,748737880,0.0
scroll,slowheat_none,selector_forward_examples,1611510062,0.0
scroll,slowheat_none,selector_forward_examples,333205446,0.0
scroll,slowheat_none,selector_forward_examples,130501536,0.0
scroll,slowheat_none,selector_forward_examples,492612040,0.0
scroll,slowheat_none,selection_seconds,2101606466,-0.01264656096464023
scroll,slowheat_none,selection_seconds,1872839281,-0.013874012045562267
scroll,slowheat_none,selection_seconds,637029796,-0.013702744035981596
scroll,slowheat_none,selection_seconds,1357204345,-0.012563089985633269
scroll,slowheat_none,selection_seconds,1758462037,-0.01318473502760753
scroll,slowheat_none,selection_seconds,748737880,-0.013927699968917295
scroll,slowheat_none,selection_seconds,1611510062,-0.012866433011367917
scroll,slowheat_none,selection_seconds,333205446,-0.012772513000527397
scroll,slowheat_none,selection_seconds,130501536,-0.012780546996509656
scroll,slowheat_none,selection_seconds,492612040,-0.012834434019168839
scroll,slowheat_unidirectional,final_average_accuracy,2101606466,0.07869999999999999
scroll,slowheat_unidirectional,final_average_accuracy,1872839281,0.07370000000000002
scroll,slowheat_unidirectional,final_average_accuracy,637029796,0.0674
scroll,slowheat_unidirectional,final_average_accuracy,1357204345,0.07149999999999998
scroll,slowheat_unidirectional,final_average_accuracy,1758462037,0.028700000000000003
scroll,slowheat_unidirectional,final_average_accuracy,748737880,0.03290000000000001
scroll,slowheat_unidirectional,final_average_accuracy,1611510062,0.06740000000000003
scroll,slowheat_unidirectional,final_average_accuracy,333205446,0.06770000000000001
scroll,slowheat_unidirectional,final_average_accuracy,130501536,0.0688
scroll,slowheat_unidirectional,final_average_accuracy,492612040,0.04470000000000002
scroll,slowheat_unidirectional,average_forgetting,2101606466,0.402125
scroll,slowheat_unidirectional,average_forgetting,1872839281,0.39387500000000003
scroll,slowheat_unidirectional,average_forgetting,637029796,0.5194999999999999
scroll,slowheat_unidirectional,average_forgetting,1357204345,0.450375
scroll,slowheat_unidirectional,average_forgetting,1758462037,0.4821250000000001
scroll,slowheat_unidirectional,average_forgetting,748737880,0.464875
scroll,slowheat_unidirectional,average_forgetting,1611510062,0.540375
scroll,slowheat_unidirectional,average_forgetting,333205446,0.42800000000000005
scroll,slowheat_unidirectional,average_forgetting,130501536,0.44175
scroll,slowheat_unidirectional,average_forgetting,492612040,0.45562499999999995
scroll,slowheat_unidirectional,backward_transfer,2101606466,-0.402125
scroll,slowheat_unidirectional,backward_transfer,1872839281,-0.39387500000000003
scroll,slowheat_unidirectional,backward_transfer,637029796,-0.5219999999999999
scroll,slowheat_unidirectional,backward_transfer,1357204345,-0.450375
scroll,slowheat_unidirectional,backward_transfer,1758462037,-0.5387500000000001
scroll,slowheat_unidirectional,backward_transfer,748737880,-0.5433749999999999
scroll,slowheat_unidirectional,backward_transfer,1611510062,-0.667
scroll,slowheat_unidirectional,backward_transfer,333205446,-0.553
scroll,slowheat_unidirectional,backward_transfer,130501536,-0.44175
scroll,slowheat_unidirectional,backward_transfer,492612040,-0.45562499999999995
scroll,slowheat_unidirectional,forward_transfer,2101606466,0.0205
scroll,slowheat_unidirectional,forward_transfer,1872839281,0.002124999999999988
scroll,slowheat_unidirectional,forward_transfer,637029796,0.04887499999999999
scroll,slowheat_unidirectional,forward_transfer,1357204345,0.0
scroll,slowheat_unidirectional,forward_transfer,1758462037,0.0
scroll,slowheat_unidirectional,forward_transfer,748737880,0.0
scroll,slowheat_unidirectional,forward_transfer,1611510062,0.0
scroll,slowheat_unidirectional,forward_transfer,333205446,0.05925
scroll,slowheat_unidirectional,forward_transfer,130501536,0.011124999999999996
scroll,slowheat_unidirectional,forward_transfer,492612040,0.06912499999999999
scroll,slowheat_unidirectional,task_aware_final_accuracy,2101606466,0.09529999999999994
scroll,slowheat_unidirectional,task_aware_final_accuracy,1872839281,0.06699999999999995
scroll,slowheat_unidirectional,task_aware_final_accuracy,637029796,0.06040000000000001
scroll,slowheat_unidirectional,task_aware_final_accuracy,1357204345,0.06440000000000001
scroll,slowheat_unidirectional,task_aware_final_accuracy,1758462037,0.042100000000000026
scroll,slowheat_unidirectional,task_aware_final_accuracy,748737880,0.0716
scroll,slowheat_unidirectional,task_aware_final_accuracy,1611510062,0.05669999999999997
scroll,slowheat_unidirectional,task_aware_final_accuracy,333205446,0.04079999999999995
scroll,slowheat_unidirectional,task_aware_final_accuracy,130501536,0.06879999999999997
scroll,slowheat_unidirectional,task_aware_final_accuracy,492612040,0.06059999999999999
scroll,slowheat_unidirectional,task_aware_forgetting,2101606466,0.254875
scroll,slowheat_unidirectional,task_aware_forgetting,1872839281,0.2558750000000001
scroll,slowheat_unidirectional,task_aware_forgetting,637029796,0.26525000000000004
scroll,slowheat_unidirectional,task_aware_forgetting,1357204345,0.314375
scroll,slowheat_unidirectional,task_aware_forgetting,1758462037,0.31350000000000006
scroll,slowheat_unidirectional,task_aware_forgetting,748737880,0.24275
scroll,slowheat_unidirectional,task_aware_forgetting,1611510062,0.30574999999999997
scroll,slowheat_unidirectional,task_aware_forgetting,333205446,0.272625
scroll,slowheat_unidirectional,task_aware_forgetting,130501536,0.31675
scroll,slowheat_unidirectional,task_aware_forgetting,492612040,0.22137499999999993
scroll,slowheat_unidirectional,classifier_gap,2101606466,0.016599999999999948
scroll,slowheat_unidirectional,classifier_gap,1872839281,-0.006700000000000095
scroll,slowheat_unidirectional,classifier_gap,637029796,-0.007000000000000006
scroll,slowheat_unidirectional,classifier_gap,1357204345,-0.007099999999999995
scroll,slowheat_unidirectional,classifier_gap,1758462037,0.013400000000000023
scroll,slowheat_unidirectional,classifier_gap,748737880,0.03870000000000001
scroll,slowheat_unidirectional,classifier_gap,1611510062,-0.010700000000000043
scroll,slowheat_unidirectional,classifier_gap,333205446,-0.02690000000000009
scroll,slowheat_unidirectional,classifier_gap,130501536,-5.551115123125783e-17
scroll,slowheat_unidirectional,classifier_gap,492612040,0.01589999999999997
scroll,slowheat_unidirectional,elapsed_seconds,2101606466,184.236045682017
scroll,slowheat_unidirectional,elapsed_seconds,1872839281,177.23858020899934
scroll,slowheat_unidirectional,elapsed_seconds,637029796,176.91748271899996
scroll,slowheat_unidirectional,elapsed_seconds,1357204345,192.08941805400536
scroll,slowheat_unidirectional,elapsed_seconds,1758462037,115.14041466798517
scroll,slowheat_unidirectional,elapsed_seconds,748737880,114.8334054259758
scroll,slowheat_unidirectional,elapsed_seconds,1611510062,114.71857072299463
scroll,slowheat_unidirectional,elapsed_seconds,333205446,114.74398198499694
scroll,slowheat_unidirectional,elapsed_seconds,130501536,114.79659182901378
scroll,slowheat_unidirectional,elapsed_seconds,492612040,114.60800063298666
scroll,slowheat_unidirectional,learner_examples_processed,2101606466,160512.0
scroll,slowheat_unidirectional,learner_examples_processed,1872839281,160512.0
scroll,slowheat_unidirectional,learner_examples_processed,637029796,160512.0
scroll,slowheat_unidirectional,learner_examples_processed,1357204345,160512.0
scroll,slowheat_unidirectional,learner_examples_processed,1758462037,160512.0
scroll,slowheat_unidirectional,learner_examples_processed,748737880,160512.0
scroll,slowheat_unidirectional,learner_examples_processed,1611510062,160512.0
scroll,slowheat_unidirectional,learner_examples_processed,333205446,160512.0
scroll,slowheat_unidirectional,learner_examples_processed,130501536,160512.0
scroll,slowheat_unidirectional,learner_examples_processed,492612040,160512.0
scroll,slowheat_unidirectional,total_model_examples_processed,2101606466,120512.0
scroll,slowheat_unidirectional,total_model_examples_processed,1872839281,120512.0
scroll,slowheat_unidirectional,total_model_examples_processed,637029796,120512.0
scroll,slowheat_unidirectional,total_model_examples_processed,1357204345,120512.0
scroll,slowheat_unidirectional,total_model_examples_processed,1758462037,120512.0
scroll,slowheat_unidirectional,total_model_examples_processed,748737880,120512.0
scroll,slowheat_unidirectional,total_model_examples_processed,1611510062,120512.0
scroll,slowheat_unidirectional,total_model_examples_processed,333205446,120512.0
scroll,slowheat_unidirectional,total_model_examples_processed,130501536,120512.0
scroll,slowheat_unidirectional,total_model_examples_processed,492612040,120512.0
scroll,slowheat_unidirectional,estimated_total_flops,2101606466,490479586478985.0
scroll,slowheat_unidirectional,estimated_total_flops,1872839281,490479586478985.0
scroll,slowheat_unidirectional,estimated_total_flops,637029796,490479586478985.0
scroll,slowheat_unidirectional,estimated_total_flops,1357204345,490479586478985.0
scroll,slowheat_unidirectional,estimated_total_flops,1758462037,490479586478985.0
scroll,slowheat_unidirectional,estimated_total_flops,748737880,490479586478985.0
scroll,slowheat_unidirectional,estimated_total_flops,1611510062,490479586478985.0
scroll,slowheat_unidirectional,estimated_total_flops,333205446,490479586478985.0
scroll,slowheat_unidirectional,estimated_total_flops,130501536,490479586478985.0
scroll,slowheat_unidirectional,estimated_total_flops,492612040,490479586478985.0
scroll,slowheat_unidirectional,estimated_overhead_flops,2101606466,1334283145.0
scroll,slowheat_unidirectional,estimated_overhead_flops,1872839281,1334283145.0
scroll,slowheat_unidirectional,estimated_overhead_flops,637029796,1334283145.0
scroll,slowheat_unidirectional,estimated_overhead_flops,1357204345,1334283145.0
scroll,slowheat_unidirectional,estimated_overhead_flops,1758462037,1334283145.0
scroll,slowheat_unidirectional,estimated_overhead_flops,748737880,1334283145.0
scroll,slowheat_unidirectional,estimated_overhead_flops,1611510062,1334283145.0
scroll,slowheat_unidirectional,estimated_overhead_flops,333205446,1334283145.0
scroll,slowheat_unidirectional,estimated_overhead_flops,130501536,1334283145.0
scroll,slowheat_unidirectional,estimated_overhead_flops,492612040,1334283145.0
scroll,slowheat_unidirectional,replay_memory_bytes,2101606466,-2459200.0
scroll,slowheat_unidirectional,replay_memory_bytes,1872839281,-2459200.0
scroll,slowheat_unidirectional,replay_memory_bytes,637029796,-2459200.0
scroll,slowheat_unidirectional,replay_memory_bytes,1357204345,-2459200.0
scroll,slowheat_unidirectional,replay_memory_bytes,1758462037,-2459200.0
scroll,slowheat_unidirectional,replay_memory_bytes,748737880,-2459200.0
scroll,slowheat_unidirectional,replay_memory_bytes,1611510062,-2459200.0
scroll,slowheat_unidirectional,replay_memory_bytes,333205446,-2459200.0
scroll,slowheat_unidirectional,replay_memory_bytes,130501536,-2459200.0
scroll,slowheat_unidirectional,replay_memory_bytes,492612040,-2459200.0
scroll,slowheat_unidirectional,stored_logits_bytes,2101606466,0.0
scroll,slowheat_unidirectional,stored_logits_bytes,1872839281,0.0
scroll,slowheat_unidirectional,stored_logits_bytes,637029796,0.0
scroll,slowheat_unidirectional,stored_logits_bytes,1357204345,0.0
scroll,slowheat_unidirectional,stored_logits_bytes,1758462037,0.0
scroll,slowheat_unidirectional,stored_logits_bytes,748737880,0.0
scroll,slowheat_unidirectional,stored_logits_bytes,1611510062,0.0
scroll,slowheat_unidirectional,stored_logits_bytes,333205446,0.0
scroll,slowheat_unidirectional,stored_logits_bytes,130501536,0.0
scroll,slowheat_unidirectional,stored_logits_bytes,492612040,0.0
scroll,slowheat_unidirectional,replay_metadata_bytes,2101606466,-6400.0
scroll,slowheat_unidirectional,replay_metadata_bytes,1872839281,-6400.0
scroll,slowheat_unidirectional,replay_metadata_bytes,637029796,-6400.0
scroll,slowheat_unidirectional,replay_metadata_bytes,1357204345,-6400.0
scroll,slowheat_unidirectional,replay_metadata_bytes,1758462037,-6400.0
scroll,slowheat_unidirectional,replay_metadata_bytes,748737880,-6400.0
scroll,slowheat_unidirectional,replay_metadata_bytes,1611510062,-6400.0
scroll,slowheat_unidirectional,replay_metadata_bytes,333205446,-6400.0
scroll,slowheat_unidirectional,replay_metadata_bytes,130501536,-6400.0
scroll,slowheat_unidirectional,replay_metadata_bytes,492612040,-6400.0
scroll,slowheat_unidirectional,selector_forward_examples,2101606466,0.0
scroll,slowheat_unidirectional,selector_forward_examples,1872839281,0.0
scroll,slowheat_unidirectional,selector_forward_examples,637029796,0.0
scroll,slowheat_unidirectional,selector_forward_examples,1357204345,0.0
scroll,slowheat_unidirectional,selector_forward_examples,1758462037,0.0
scroll,slowheat_unidirectional,selector_forward_examples,748737880,0.0
scroll,slowheat_unidirectional,selector_forward_examples,1611510062,0.0
scroll,slowheat_unidirectional,selector_forward_examples,333205446,0.0
scroll,slowheat_unidirectional,selector_forward_examples,130501536,0.0
scroll,slowheat_unidirectional,selector_forward_examples,492612040,0.0
scroll,slowheat_unidirectional,selection_seconds,2101606466,-0.01264656096464023
scroll,slowheat_unidirectional,selection_seconds,1872839281,-0.013874012045562267
scroll,slowheat_unidirectional,selection_seconds,637029796,-0.013702744035981596
scroll,slowheat_unidirectional,selection_seconds,1357204345,-0.012563089985633269
scroll,slowheat_unidirectional,selection_seconds,1758462037,-0.01318473502760753
scroll,slowheat_unidirectional,selection_seconds,748737880,-0.013927699968917295
scroll,slowheat_unidirectional,selection_seconds,1611510062,-0.012866433011367917
scroll,slowheat_unidirectional,selection_seconds,333205446,-0.012772513000527397
scroll,slowheat_unidirectional,selection_seconds,130501536,-0.012780546996509656
scroll,slowheat_unidirectional,selection_seconds,492612040,-0.012834434019168839
scroll,slowheat,final_average_accuracy,2101606466,0.03470000000000001
scroll,slowheat,final_average_accuracy,1872839281,0.039599999999999996
scroll,slowheat,final_average_accuracy,637029796,0.034199999999999994
scroll,slowheat,final_average_accuracy,1357204345,0.06319999999999998
scroll,slowheat,final_average_accuracy,1758462037,-0.0184
scroll,slowheat,final_average_accuracy,748737880,-0.005599999999999994
scroll,slowheat,final_average_accuracy,1611510062,0.04440000000000001
scroll,slowheat,final_average_accuracy,333205446,0.024900000000000005
scroll,slowheat,final_average_accuracy,130501536,0.026599999999999985
scroll,slowheat,final_average_accuracy,492612040,0.007400000000000018
scroll,slowheat,average_forgetting,2101606466,0.3787500000000001
scroll,slowheat,average_forgetting,1872839281,0.303625
scroll,slowheat,average_forgetting,637029796,0.496125
scroll,slowheat,average_forgetting,1357204345,0.4126250000000001
scroll,slowheat,average_forgetting,1758462037,0.44287499999999996
scroll,slowheat,average_forgetting,748737880,0.44925
scroll,slowheat,average_forgetting,1611510062,0.4947499999999999
scroll,slowheat,average_forgetting,333205446,0.3918750000000001
scroll,slowheat,average_forgetting,130501536,0.373375
scroll,slowheat,average_forgetting,492612040,0.45462499999999995
scroll,slowheat,backward_transfer,2101606466,-0.3787500000000001
scroll,slowheat,backward_transfer,1872839281,-0.303625
scroll,slowheat,backward_transfer,637029796,-0.498625
scroll,slowheat,backward_transfer,1357204345,-0.4126250000000001
scroll,slowheat,backward_transfer,1758462037,-0.49949999999999994
scroll,slowheat,backward_transfer,748737880,-0.5277499999999999
scroll,slowheat,backward_transfer,1611510062,-0.6213749999999999
scroll,slowheat,backward_transfer,333205446,-0.5168750000000001
scroll,slowheat,backward_transfer,130501536,-0.373375
scroll,slowheat,backward_transfer,492612040,-0.45462499999999995
scroll,slowheat,forward_transfer,2101606466,0.014125
scroll,slowheat,forward_transfer,1872839281,0.0007499999999999729
scroll,slowheat,forward_transfer,637029796,0.044749999999999984
scroll,slowheat,forward_transfer,1357204345,0.0
scroll,slowheat,forward_transfer,1758462037,0.0
scroll,slowheat,forward_transfer,748737880,0.0
scroll,slowheat,forward_transfer,1611510062,0.0
scroll,slowheat,forward_transfer,333205446,0.056875
scroll,slowheat,forward_transfer,130501536,0.0061250000000000054
scroll,slowheat,forward_transfer,492612040,0.07037499999999998
scroll,slowheat,task_aware_final_accuracy,2101606466,0.030099999999999905
scroll,slowheat,task_aware_final_accuracy,1872839281,0.03289999999999993
scroll,slowheat,task_aware_final_accuracy,637029796,0.027200000000000002
scroll,slowheat,task_aware_final_accuracy,1357204345,0.05610000000000004
scroll,slowheat,task_aware_final_accuracy,1758462037,0.014699999999999935
scroll,slowheat,task_aware_final_accuracy,748737880,0.03310000000000002
scroll,slowheat,task_aware_final_accuracy,1611510062,0.04569999999999996
scroll,slowheat,task_aware_final_accuracy,333205446,-0.0020000000000000018
scroll,slowheat,task_aware_final_accuracy,130501536,0.026799999999999935
scroll,slowheat,task_aware_final_accuracy,492612040,0.023299999999999987
scroll,slowheat,task_aware_forgetting,2101606466,0.258
scroll,slowheat,task_aware_forgetting,1872839281,0.165625
scroll,slowheat,task_aware_forgetting,637029796,0.241875
scroll,slowheat,task_aware_forgetting,1357204345,0.276625
scroll,slowheat,task_aware_forgetting,1758462037,0.24962499999999999
scroll,slowheat,task_aware_forgetting,748737880,0.227125
scroll,slowheat,task_aware_forgetting,1611510062,0.245125
scroll,slowheat,task_aware_forgetting,333205446,0.23650000000000007
scroll,slowheat,task_aware_forgetting,130501536,0.24812500000000004
scroll,slowheat,task_aware_forgetting,492612040,0.22037500000000004
scroll,slowheat,classifier_gap,2101606466,-0.0046000000000000485
scroll,slowheat,classifier_gap,1872839281,-0.006700000000000095
scroll,slowheat,classifier_gap,637029796,-0.007000000000000006
scroll,slowheat,classifier_gap,1357204345,-0.007099999999999995
scroll,slowheat,classifier_gap,1758462037,0.03309999999999991
scroll,slowheat,classifier_gap,748737880,0.03870000000000001
scroll,slowheat,classifier_gap,1611510062,0.0012999999999999678
scroll,slowheat,classifier_gap,333205446,-0.026900000000000035
scroll,slowheat,classifier_gap,130501536,0.00019999999999992246
scroll,slowheat,classifier_gap,492612040,0.01589999999999997
scroll,slowheat,elapsed_seconds,2101606466,229.18141766797635
scroll,slowheat,elapsed_seconds,1872839281,222.9636052470014
scroll,slowheat,elapsed_seconds,637029796,248.5927922510018
scroll,slowheat,elapsed_seconds,1357204345,235.53907452500425
scroll,slowheat,elapsed_seconds,1758462037,145.98436363000656
scroll,slowheat,elapsed_seconds,748737880,146.62836531398352
scroll,slowheat,elapsed_seconds,1611510062,146.154337164975
scroll,slowheat,elapsed_seconds,333205446,146.47495803498896
scroll,slowheat,elapsed_seconds,130501536,146.67491588601843
scroll,slowheat,elapsed_seconds,492612040,145.96211709096679
scroll,slowheat,learner_examples_processed,2101606466,160512.0
scroll,slowheat,learner_examples_processed,1872839281,160512.0
scroll,slowheat,learner_examples_processed,637029796,160512.0
scroll,slowheat,learner_examples_processed,1357204345,160512.0
scroll,slowheat,learner_examples_processed,1758462037,160512.0
scroll,slowheat,learner_examples_processed,748737880,160512.0
scroll,slowheat,learner_examples_processed,1611510062,160512.0
scroll,slowheat,learner_examples_processed,333205446,160512.0
scroll,slowheat,learner_examples_processed,130501536,160512.0
scroll,slowheat,learner_examples_processed,492612040,160512.0
scroll,slowheat,total_model_examples_processed,2101606466,120512.0
scroll,slowheat,total_model_examples_processed,1872839281,120512.0
scroll,slowheat,total_model_examples_processed,637029796,120512.0
scroll,slowheat,total_model_examples_processed,1357204345,120512.0
scroll,slowheat,total_model_examples_processed,1758462037,120512.0
scroll,slowheat,total_model_examples_processed,748737880,120512.0
scroll,slowheat,total_model_examples_processed,1611510062,120512.0
scroll,slowheat,total_model_examples_processed,333205446,120512.0
scroll,slowheat,total_model_examples_processed,130501536,120512.0
scroll,slowheat,total_model_examples_processed,492612040,120512.0
scroll,slowheat,estimated_total_flops,2101606466,490479586478985.0
scroll,slowheat,estimated_total_flops,1872839281,490479586478985.0
scroll,slowheat,estimated_total_flops,637029796,490479586478985.0
scroll,slowheat,estimated_total_flops,1357204345,490479586478985.0
scroll,slowheat,estimated_total_flops,1758462037,490479586478985.0
scroll,slowheat,estimated_total_flops,748737880,490479586478985.0
scroll,slowheat,estimated_total_flops,1611510062,490479586478985.0
scroll,slowheat,estimated_total_flops,333205446,490479586478985.0
scroll,slowheat,estimated_total_flops,130501536,490479586478985.0
scroll,slowheat,estimated_total_flops,492612040,490479586478985.0
scroll,slowheat,estimated_overhead_flops,2101606466,1334283145.0
scroll,slowheat,estimated_overhead_flops,1872839281,1334283145.0
scroll,slowheat,estimated_overhead_flops,637029796,1334283145.0
scroll,slowheat,estimated_overhead_flops,1357204345,1334283145.0
scroll,slowheat,estimated_overhead_flops,1758462037,1334283145.0
scroll,slowheat,estimated_overhead_flops,748737880,1334283145.0
scroll,slowheat,estimated_overhead_flops,1611510062,1334283145.0
scroll,slowheat,estimated_overhead_flops,333205446,1334283145.0
scroll,slowheat,estimated_overhead_flops,130501536,1334283145.0
scroll,slowheat,estimated_overhead_flops,492612040,1334283145.0
scroll,slowheat,replay_memory_bytes,2101606466,-2459200.0
scroll,slowheat,replay_memory_bytes,1872839281,-2459200.0
scroll,slowheat,replay_memory_bytes,637029796,-2459200.0
scroll,slowheat,replay_memory_bytes,1357204345,-2459200.0
scroll,slowheat,replay_memory_bytes,1758462037,-2459200.0
scroll,slowheat,replay_memory_bytes,748737880,-2459200.0
scroll,slowheat,replay_memory_bytes,1611510062,-2459200.0
scroll,slowheat,replay_memory_bytes,333205446,-2459200.0
scroll,slowheat,replay_memory_bytes,130501536,-2459200.0
scroll,slowheat,replay_memory_bytes,492612040,-2459200.0
scroll,slowheat,stored_logits_bytes,2101606466,0.0
scroll,slowheat,stored_logits_bytes,1872839281,0.0
scroll,slowheat,stored_logits_bytes,637029796,0.0
scroll,slowheat,stored_logits_bytes,1357204345,0.0
scroll,slowheat,stored_logits_bytes,1758462037,0.0
scroll,slowheat,stored_logits_bytes,748737880,0.0
scroll,slowheat,stored_logits_bytes,1611510062,0.0
scroll,slowheat,stored_logits_bytes,333205446,0.0
scroll,slowheat,stored_logits_bytes,130501536,0.0
scroll,slowheat,stored_logits_bytes,492612040,0.0
scroll,slowheat,replay_metadata_bytes,2101606466,-6400.0
scroll,slowheat,replay_metadata_bytes,1872839281,-6400.0
scroll,slowheat,replay_metadata_bytes,637029796,-6400.0
scroll,slowheat,replay_metadata_bytes,1357204345,-6400.0
scroll,slowheat,replay_metadata_bytes,1758462037,-6400.0
scroll,slowheat,replay_metadata_bytes,748737880,-6400.0
scroll,slowheat,replay_metadata_bytes,1611510062,-6400.0
scroll,slowheat,replay_metadata_bytes,333205446,-6400.0
scroll,slowheat,replay_metadata_bytes,130501536,-6400.0
scroll,slowheat,replay_metadata_bytes,492612040,-6400.0
scroll,slowheat,selector_forward_examples,2101606466,0.0
scroll,slowheat,selector_forward_examples,1872839281,0.0
scroll,slowheat,selector_forward_examples,637029796,0.0
scroll,slowheat,selector_forward_examples,1357204345,0.0
scroll,slowheat,selector_forward_examples,1758462037,0.0
scroll,slowheat,selector_forward_examples,748737880,0.0
scroll,slowheat,selector_forward_examples,1611510062,0.0
scroll,slowheat,selector_forward_examples,333205446,0.0
scroll,slowheat,selector_forward_examples,130501536,0.0
scroll,slowheat,selector_forward_examples,492612040,0.0
scroll,slowheat,selection_seconds,2101606466,-0.01264656096464023
scroll,slowheat,selection_seconds,1872839281,-0.013874012045562267
scroll,slowheat,selection_seconds,637029796,-0.013702744035981596
scroll,slowheat,selection_seconds,1357204345,-0.012563089985633269
scroll,slowheat,selection_seconds,1758462037,-0.01318473502760753
scroll,slowheat,selection_seconds,748737880,-0.013927699968917295
scroll,slowheat,selection_seconds,1611510062,-0.012866433011367917
scroll,slowheat,selection_seconds,333205446,-0.012772513000527397
scroll,slowheat,selection_seconds,130501536,-0.012780546996509656
scroll,slowheat,selection_seconds,492612040,-0.012834434019168839
scroll,hard_freeze,final_average_accuracy,2101606466,0.0466
scroll,hard_freeze,final_average_accuracy,1872839281,0.0461
scroll,hard_freeze,final_average_accuracy,637029796,0.04229999999999999
scroll,hard_freeze,final_average_accuracy,1357204345,0.0552
scroll,hard_freeze,final_average_accuracy,1758462037,0.003799999999999998
scroll,hard_freeze,final_average_accuracy,748737880,-0.0068999999999999895
scroll,hard_freeze,final_average_accuracy,1611510062,0.046600000000000016
scroll,hard_freeze,final_average_accuracy,333205446,0.0411
scroll,hard_freeze,final_average_accuracy,130501536,0.04279999999999998
scroll,hard_freeze,final_average_accuracy,492612040,0.0131
scroll,hard_freeze,average_forgetting,2101606466,0.30287500000000006
scroll,hard_freeze,average_forgetting,1872839281,0.2890000000000001
scroll,hard_freeze,average_forgetting,637029796,0.46712499999999996
scroll,hard_freeze,average_forgetting,1357204345,0.37562500000000004
scroll,hard_freeze,average_forgetting,1758462037,0.393375
scroll,hard_freeze,average_forgetting,748737880,0.34537499999999993
scroll,hard_freeze,average_forgetting,1611510062,0.435875
scroll,hard_freeze,average_forgetting,333205446,0.37112500000000004
scroll,hard_freeze,average_forgetting,130501536,0.379
scroll,hard_freeze,average_forgetting,492612040,0.43499999999999994
scroll,hard_freeze,backward_transfer,2101606466,-0.30287500000000006
scroll,hard_freeze,backward_transfer,1872839281,-0.2890000000000001
scroll,hard_freeze,backward_transfer,637029796,-0.46962499999999996
scroll,hard_freeze,backward_transfer,1357204345,-0.37562500000000004
scroll,hard_freeze,backward_transfer,1758462037,-0.44999999999999996
scroll,hard_freeze,backward_transfer,748737880,-0.42387499999999995
scroll,hard_freeze,backward_transfer,1611510062,-0.5625
scroll,hard_freeze,backward_transfer,333205446,-0.49612500000000004
scroll,hard_freeze,backward_transfer,130501536,-0.379
scroll,hard_freeze,backward_transfer,492612040,-0.43499999999999994
scroll,hard_freeze,forward_transfer,2101606466,0.01975
scroll,hard_freeze,forward_transfer,1872839281,0.0007499999999999729
scroll,hard_freeze,forward_transfer,637029796,0.046874999999999986
scroll,hard_freeze,forward_transfer,1357204345,0.0
scroll,hard_freeze,forward_transfer,1758462037,0.0
scroll,hard_freeze,forward_transfer,748737880,0.0
scroll,hard_freeze,forward_transfer,1611510062,0.0
scroll,hard_freeze,forward_transfer,333205446,0.054875
scroll,hard_freeze,forward_transfer,130501536,0.008124999999999993
scroll,hard_freeze,forward_transfer,492612040,0.06862499999999999
scroll,hard_freeze,task_aware_final_accuracy,2101606466,0.041999999999999926
scroll,hard_freeze,task_aware_final_accuracy,1872839281,0.03939999999999999
scroll,hard_freeze,task_aware_final_accuracy,637029796,0.049899999999999944
scroll,hard_freeze,task_aware_final_accuracy,1357204345,0.04480000000000006
scroll,hard_freeze,task_aware_final_accuracy,1758462037,0.036900000000000044
scroll,hard_freeze,task_aware_final_accuracy,748737880,0.03180000000000005
scroll,hard_freeze,task_aware_final_accuracy,1611510062,0.047900000000000054
scroll,hard_freeze,task_aware_final_accuracy,333205446,0.01519999999999988
scroll,hard_freeze,task_aware_final_accuracy,130501536,0.04699999999999993
scroll,hard_freeze,task_aware_final_accuracy,492612040,0.02719999999999989
scroll,hard_freeze,task_aware_forgetting,2101606466,0.182125
scroll,hard_freeze,task_aware_forgetting,1872839281,0.151
scroll,hard_freeze,task_aware_forgetting,637029796,0.194625
scroll,hard_freeze,task_aware_forgetting,1357204345,0.24374999999999997
scroll,hard_freeze,task_aware_forgetting,1758462037,0.200125
scroll,hard_freeze,task_aware_forgetting,748737880,0.12324999999999997
scroll,hard_freeze,task_aware_forgetting,1611510062,0.18625
scroll,hard_freeze,task_aware_forgetting,333205446,0.21450000000000005
scroll,hard_freeze,task_aware_forgetting,130501536,0.24874999999999992
scroll,hard_freeze,task_aware_forgetting,492612040,0.203
scroll,hard_freeze,classifier_gap,2101606466,-0.0046000000000000485
scroll,hard_freeze,classifier_gap,1872839281,-0.006700000000000039
scroll,hard_freeze,classifier_gap,637029796,0.00759999999999994
scroll,hard_freeze,classifier_gap,1357204345,-0.010399999999999965
scroll,hard_freeze,classifier_gap,1758462037,0.03310000000000002
scroll,hard_freeze,classifier_gap,748737880,0.03870000000000001
scroll,hard_freeze,classifier_gap,1611510062,0.0013000000000000234
scroll,hard_freeze,classifier_gap,333205446,-0.025900000000000145
scroll,hard_freeze,classifier_gap,130501536,0.004199999999999926
scroll,hard_freeze,classifier_gap,492612040,0.01409999999999989
scroll,hard_freeze,elapsed_seconds,2101606466,225.37863728398224
scroll,hard_freeze,elapsed_seconds,1872839281,219.49622514200746
scroll,hard_freeze,elapsed_seconds,637029796,245.489719108009
scroll,hard_freeze,elapsed_seconds,1357204345,238.31391425000038
scroll,hard_freeze,elapsed_seconds,1758462037,143.6822166579659
scroll,hard_freeze,elapsed_seconds,748737880,143.89944780099904
scroll,hard_freeze,elapsed_seconds,1611510062,144.12717160096508
scroll,hard_freeze,elapsed_seconds,333205446,144.45526475997758
scroll,hard_freeze,elapsed_seconds,130501536,144.16105690502445
scroll,hard_freeze,elapsed_seconds,492612040,143.25607062797644
scroll,hard_freeze,learner_examples_processed,2101606466,160512.0
scroll,hard_freeze,learner_examples_processed,1872839281,160512.0
scroll,hard_freeze,learner_examples_processed,637029796,160512.0
scroll,hard_freeze,learner_examples_processed,1357204345,160512.0
scroll,hard_freeze,learner_examples_processed,1758462037,160512.0
scroll,hard_freeze,learner_examples_processed,748737880,160512.0
scroll,hard_freeze,learner_examples_processed,1611510062,160512.0
scroll,hard_freeze,learner_examples_processed,333205446,160512.0
scroll,hard_freeze,learner_examples_processed,130501536,160512.0
scroll,hard_freeze,learner_examples_processed,492612040,160512.0
scroll,hard_freeze,total_model_examples_processed,2101606466,120512.0
scroll,hard_freeze,total_model_examples_processed,1872839281,120512.0
scroll,hard_freeze,total_model_examples_processed,637029796,120512.0
scroll,hard_freeze,total_model_examples_processed,1357204345,120512.0
scroll,hard_freeze,total_model_examples_processed,1758462037,120512.0
scroll,hard_freeze,total_model_examples_processed,748737880,120512.0
scroll,hard_freeze,total_model_examples_processed,1611510062,120512.0
scroll,hard_freeze,total_model_examples_processed,333205446,120512.0
scroll,hard_freeze,total_model_examples_processed,130501536,120512.0
scroll,hard_freeze,total_model_examples_processed,492612040,120512.0
scroll,hard_freeze,estimated_total_flops,2101606466,490479586478985.0
scroll,hard_freeze,estimated_total_flops,1872839281,490479586478985.0
scroll,hard_freeze,estimated_total_flops,637029796,490479586478985.0
scroll,hard_freeze,estimated_total_flops,1357204345,490479586478985.0
scroll,hard_freeze,estimated_total_flops,1758462037,490479586478985.0
scroll,hard_freeze,estimated_total_flops,748737880,490479586478985.0
scroll,hard_freeze,estimated_total_flops,1611510062,490479586478985.0
scroll,hard_freeze,estimated_total_flops,333205446,490479586478985.0
scroll,hard_freeze,estimated_total_flops,130501536,490479586478985.0
scroll,hard_freeze,estimated_total_flops,492612040,490479586478985.0
scroll,hard_freeze,estimated_overhead_flops,2101606466,1334283145.0
scroll,hard_freeze,estimated_overhead_flops,1872839281,1334283145.0
scroll,hard_freeze,estimated_overhead_flops,637029796,1334283145.0
scroll,hard_freeze,estimated_overhead_flops,1357204345,1334283145.0
scroll,hard_freeze,estimated_overhead_flops,1758462037,1334283145.0
scroll,hard_freeze,estimated_overhead_flops,748737880,1334283145.0
scroll,hard_freeze,estimated_overhead_flops,1611510062,1334283145.0
scroll,hard_freeze,estimated_overhead_flops,333205446,1334283145.0
scroll,hard_freeze,estimated_overhead_flops,130501536,1334283145.0
scroll,hard_freeze,estimated_overhead_flops,492612040,1334283145.0
scroll,hard_freeze,replay_memory_bytes,2101606466,-2459200.0
scroll,hard_freeze,replay_memory_bytes,1872839281,-2459200.0
scroll,hard_freeze,replay_memory_bytes,637029796,-2459200.0
scroll,hard_freeze,replay_memory_bytes,1357204345,-2459200.0
scroll,hard_freeze,replay_memory_bytes,1758462037,-2459200.0
scroll,hard_freeze,replay_memory_bytes,748737880,-2459200.0
scroll,hard_freeze,replay_memory_bytes,1611510062,-2459200.0
scroll,hard_freeze,replay_memory_bytes,333205446,-2459200.0
scroll,hard_freeze,replay_memory_bytes,130501536,-2459200.0
scroll,hard_freeze,replay_memory_bytes,492612040,-2459200.0
scroll,hard_freeze,stored_logits_bytes,2101606466,0.0
scroll,hard_freeze,stored_logits_bytes,1872839281,0.0
scroll,hard_freeze,stored_logits_bytes,637029796,0.0
scroll,hard_freeze,stored_logits_bytes,1357204345,0.0
scroll,hard_freeze,stored_logits_bytes,1758462037,0.0
scroll,hard_freeze,stored_logits_bytes,748737880,0.0
scroll,hard_freeze,stored_logits_bytes,1611510062,0.0
scroll,hard_freeze,stored_logits_bytes,333205446,0.0
scroll,hard_freeze,stored_logits_bytes,130501536,0.0
scroll,hard_freeze,stored_logits_bytes,492612040,0.0
scroll,hard_freeze,replay_metadata_bytes,2101606466,-6400.0
scroll,hard_freeze,replay_metadata_bytes,1872839281,-6400.0
scroll,hard_freeze,replay_metadata_bytes,637029796,-6400.0
scroll,hard_freeze,replay_metadata_bytes,1357204345,-6400.0
scroll,hard_freeze,replay_metadata_bytes,1758462037,-6400.0
scroll,hard_freeze,replay_metadata_bytes,748737880,-6400.0
scroll,hard_freeze,replay_metadata_bytes,1611510062,-6400.0
scroll,hard_freeze,replay_metadata_bytes,333205446,-6400.0
scroll,hard_freeze,replay_metadata_bytes,130501536,-6400.0
scroll,hard_freeze,replay_metadata_bytes,492612040,-6400.0
scroll,hard_freeze,selector_forward_examples,2101606466,0.0
scroll,hard_freeze,selector_forward_examples,1872839281,0.0
scroll,hard_freeze,selector_forward_examples,637029796,0.0
scroll,hard_freeze,selector_forward_examples,1357204345,0.0
scroll,hard_freeze,selector_forward_examples,1758462037,0.0
scroll,hard_freeze,selector_forward_examples,748737880,0.0
scroll,hard_freeze,selector_forward_examples,1611510062,0.0
scroll,hard_freeze,selector_forward_examples,333205446,0.0
scroll,hard_freeze,selector_forward_examples,130501536,0.0
scroll,hard_freeze,selector_forward_examples,492612040,0.0
scroll,hard_freeze,selection_seconds,2101606466,-0.01264656096464023
scroll,hard_freeze,selection_seconds,1872839281,-0.013874012045562267
scroll,hard_freeze,selection_seconds,637029796,-0.013702744035981596
scroll,hard_freeze,selection_seconds,1357204345,-0.012563089985633269
scroll,hard_freeze,selection_seconds,1758462037,-0.01318473502760753
scroll,hard_freeze,selection_seconds,748737880,-0.013927699968917295
scroll,hard_freeze,selection_seconds,1611510062,-0.012866433011367917
scroll,hard_freeze,selection_seconds,333205446,-0.012772513000527397
scroll,hard_freeze,selection_seconds,130501536,-0.012780546996509656
scroll,hard_freeze,selection_seconds,492612040,-0.012834434019168839
scroll,lpr,final_average_accuracy,2101606466,0.13230000000000003
scroll,lpr,final_average_accuracy,1872839281,0.1666
scroll,lpr,final_average_accuracy,637029796,0.1345
scroll,lpr,final_average_accuracy,1357204345,0.16780000000000003
scroll,lpr,final_average_accuracy,1758462037,0.13029999999999997
scroll,lpr,final_average_accuracy,748737880,0.10470000000000002
scroll,lpr,final_average_accuracy,1611510062,0.1644
scroll,lpr,final_average_accuracy,333205446,0.1346
scroll,lpr,final_average_accuracy,130501536,0.1439
scroll,lpr,final_average_accuracy,492612040,0.14900000000000002
scroll,lpr,average_forgetting,2101606466,0.3745
scroll,lpr,average_forgetting,1872839281,0.29875
scroll,lpr,average_forgetting,637029796,0.47175000000000006
scroll,lpr,average_forgetting,1357204345,0.36662500000000003
scroll,lpr,average_forgetting,1758462037,0.3974999999999999
scroll,lpr,average_forgetting,748737880,0.4333749999999999
scroll,lpr,average_forgetting,1611510062,0.4505
scroll,lpr,average_forgetting,333205446,0.379
scroll,lpr,average_forgetting,130501536,0.37750000000000006
scroll,lpr,average_forgetting,492612040,0.39225
scroll,lpr,backward_transfer,2101606466,-0.3745
scroll,lpr,backward_transfer,1872839281,-0.29875
scroll,lpr,backward_transfer,637029796,-0.47425000000000006
scroll,lpr,backward_transfer,1357204345,-0.36662500000000003
scroll,lpr,backward_transfer,1758462037,-0.4541249999999999
scroll,lpr,backward_transfer,748737880,-0.5118749999999999
scroll,lpr,backward_transfer,1611510062,-0.577125
scroll,lpr,backward_transfer,333205446,-0.504
scroll,lpr,backward_transfer,130501536,-0.37750000000000006
scroll,lpr,backward_transfer,492612040,-0.39225
scroll,lpr,forward_transfer,2101606466,0.019125
scroll,lpr,forward_transfer,1872839281,0.0006249999999999867
scroll,lpr,forward_transfer,637029796,0.056374999999999995
scroll,lpr,forward_transfer,1357204345,0.0
scroll,lpr,forward_transfer,1758462037,0.0
scroll,lpr,forward_transfer,748737880,0.0
scroll,lpr,forward_transfer,1611510062,0.0
scroll,lpr,forward_transfer,333205446,0.06075
scroll,lpr,forward_transfer,130501536,0.007125000000000006
scroll,lpr,forward_transfer,492612040,0.06762499999999999
scroll,lpr,task_aware_final_accuracy,2101606466,0.2878999999999998
scroll,lpr,task_aware_final_accuracy,1872839281,0.27869999999999995
scroll,lpr,task_aware_final_accuracy,637029796,0.2659999999999999
scroll,lpr,task_aware_final_accuracy,1357204345,0.3077
scroll,lpr,task_aware_final_accuracy,1758462037,0.2711999999999999
scroll,lpr,task_aware_final_accuracy,748737880,0.2984000000000001
scroll,lpr,task_aware_final_accuracy,1611510062,0.29869999999999997
scroll,lpr,task_aware_final_accuracy,333205446,0.23349999999999993
scroll,lpr,task_aware_final_accuracy,130501536,0.27790000000000004
scroll,lpr,task_aware_final_accuracy,492612040,0.3044
scroll,lpr,task_aware_forgetting,2101606466,0.05662499999999998
scroll,lpr,task_aware_forgetting,1872839281,0.014375000000000027
scroll,lpr,task_aware_forgetting,637029796,0.046500000000000014
scroll,lpr,task_aware_forgetting,1357204345,0.04824999999999999
scroll,lpr,task_aware_forgetting,1758462037,0.07087500000000002
scroll,lpr,task_aware_forgetting,748737880,0.01849999999999996
scroll,lpr,task_aware_forgetting,1611510062,0.036625000000000046
scroll,lpr,task_aware_forgetting,333205446,0.06875
scroll,lpr,task_aware_forgetting,130501536,0.08599999999999994
scroll,lpr,task_aware_forgetting,492612040,-0.014875000000000041
scroll,lpr,classifier_gap,2101606466,0.15559999999999985
scroll,lpr,classifier_gap,1872839281,0.11209999999999987
scroll,lpr,classifier_gap,637029796,0.13149999999999995
scroll,lpr,classifier_gap,1357204345,0.1398999999999999
scroll,lpr,classifier_gap,1758462037,0.14089999999999991
scroll,lpr,classifier_gap,748737880,0.19370000000000015
scroll,lpr,classifier_gap,1611510062,0.13429999999999992
scroll,lpr,classifier_gap,333205446,0.09889999999999988
scroll,lpr,classifier_gap,130501536,0.134
scroll,lpr,classifier_gap,492612040,0.15540000000000004
scroll,lpr,elapsed_seconds,2101606466,208.40777655001148
scroll,lpr,elapsed_seconds,1872839281,209.89675745400018
scroll,lpr,elapsed_seconds,637029796,223.28670577300363
scroll,lpr,elapsed_seconds,1357204345,225.79367951099994
scroll,lpr,elapsed_seconds,1758462037,152.70346697297646
scroll,lpr,elapsed_seconds,748737880,152.9908358749817
scroll,lpr,elapsed_seconds,1611510062,152.89165066197165
scroll,lpr,elapsed_seconds,333205446,153.089091257978
scroll,lpr,elapsed_seconds,130501536,152.9874862699944
scroll,lpr,elapsed_seconds,492612040,152.90436030199635
scroll,lpr,learner_examples_processed,2101606466,241152.0
scroll,lpr,learner_examples_processed,1872839281,241152.0
scroll,lpr,learner_examples_processed,637029796,241152.0
scroll,lpr,learner_examples_processed,1357204345,241152.0
scroll,lpr,learner_examples_processed,1758462037,241152.0
scroll,lpr,learner_examples_processed,748737880,241152.0
scroll,lpr,learner_examples_processed,1611510062,241152.0
scroll,lpr,learner_examples_processed,333205446,241152.0
scroll,lpr,learner_examples_processed,130501536,241152.0
scroll,lpr,learner_examples_processed,492612040,241152.0
scroll,lpr,total_model_examples_processed,2101606466,201592.0
scroll,lpr,total_model_examples_processed,1872839281,201592.0
scroll,lpr,total_model_examples_processed,637029796,201592.0
scroll,lpr,total_model_examples_processed,1357204345,201592.0
scroll,lpr,total_model_examples_processed,1758462037,201592.0
scroll,lpr,total_model_examples_processed,748737880,201592.0
scroll,lpr,total_model_examples_processed,1611510062,201592.0
scroll,lpr,total_model_examples_processed,333205446,201592.0
scroll,lpr,total_model_examples_processed,130501536,201592.0
scroll,lpr,total_model_examples_processed,492612040,201592.0
scroll,lpr,estimated_total_flops,2101606466,863347021182735.0
scroll,lpr,estimated_total_flops,1872839281,863347021182735.0
scroll,lpr,estimated_total_flops,637029796,863347021182735.0
scroll,lpr,estimated_total_flops,1357204345,863347021182735.0
scroll,lpr,estimated_total_flops,1758462037,863347021182735.0
scroll,lpr,estimated_total_flops,748737880,863347021182735.0
scroll,lpr,estimated_total_flops,1611510062,863347021182735.0
scroll,lpr,estimated_total_flops,333205446,863347021182735.0
scroll,lpr,estimated_total_flops,130501536,863347021182735.0
scroll,lpr,estimated_total_flops,492612040,863347021182735.0
scroll,lpr,estimated_overhead_flops,2101606466,103644268148495.0
scroll,lpr,estimated_overhead_flops,1872839281,103644268148495.0
scroll,lpr,estimated_overhead_flops,637029796,103644268148495.0
scroll,lpr,estimated_overhead_flops,1357204345,103644268148495.0
scroll,lpr,estimated_overhead_flops,1758462037,103644268148495.0
scroll,lpr,estimated_overhead_flops,748737880,103644268148495.0
scroll,lpr,estimated_overhead_flops,1611510062,103644268148495.0
scroll,lpr,estimated_overhead_flops,333205446,103644268148495.0
scroll,lpr,estimated_overhead_flops,130501536,103644268148495.0
scroll,lpr,estimated_overhead_flops,492612040,103644268148495.0
scroll,lpr,replay_memory_bytes,2101606466,0.0
scroll,lpr,replay_memory_bytes,1872839281,0.0
scroll,lpr,replay_memory_bytes,637029796,0.0
scroll,lpr,replay_memory_bytes,1357204345,0.0
scroll,lpr,replay_memory_bytes,1758462037,0.0
scroll,lpr,replay_memory_bytes,748737880,0.0
scroll,lpr,replay_memory_bytes,1611510062,0.0
scroll,lpr,replay_memory_bytes,333205446,0.0
scroll,lpr,replay_memory_bytes,130501536,0.0
scroll,lpr,replay_memory_bytes,492612040,0.0
scroll,lpr,stored_logits_bytes,2101606466,0.0
scroll,lpr,stored_logits_bytes,1872839281,0.0
scroll,lpr,stored_logits_bytes,637029796,0.0
scroll,lpr,stored_logits_bytes,1357204345,0.0
scroll,lpr,stored_logits_bytes,1758462037,0.0
scroll,lpr,stored_logits_bytes,748737880,0.0
scroll,lpr,stored_logits_bytes,1611510062,0.0
scroll,lpr,stored_logits_bytes,333205446,0.0
scroll,lpr,stored_logits_bytes,130501536,0.0
scroll,lpr,stored_logits_bytes,492612040,0.0
scroll,lpr,replay_metadata_bytes,2101606466,0.0
scroll,lpr,replay_metadata_bytes,1872839281,0.0
scroll,lpr,replay_metadata_bytes,637029796,0.0
scroll,lpr,replay_metadata_bytes,1357204345,0.0
scroll,lpr,replay_metadata_bytes,1758462037,0.0
scroll,lpr,replay_metadata_bytes,748737880,0.0
scroll,lpr,replay_metadata_bytes,1611510062,0.0
scroll,lpr,replay_metadata_bytes,333205446,0.0
scroll,lpr,replay_metadata_bytes,130501536,0.0
scroll,lpr,replay_metadata_bytes,492612040,0.0
scroll,lpr,selector_forward_examples,2101606466,0.0
scroll,lpr,selector_forward_examples,1872839281,0.0
scroll,lpr,selector_forward_examples,637029796,0.0
scroll,lpr,selector_forward_examples,1357204345,0.0
scroll,lpr,selector_forward_examples,1758462037,0.0
scroll,lpr,selector_forward_examples,748737880,0.0
scroll,lpr,selector_forward_examples,1611510062,0.0
scroll,lpr,selector_forward_examples,333205446,0.0
scroll,lpr,selector_forward_examples,130501536,0.0
scroll,lpr,selector_forward_examples,492612040,0.0
scroll,lpr,selection_seconds,2101606466,0.0008703390194568783
scroll,lpr,selection_seconds,1872839281,-0.0010646380251273513
scroll,lpr,selection_seconds,637029796,0.00043261193786747754
scroll,lpr,selection_seconds,1357204345,0.0008779100317042321
scroll,lpr,selection_seconds,1758462037,-0.000509445060743019
scroll,lpr,selection_seconds,748737880,-0.0014615819964092225
scroll,lpr,selection_seconds,1611510062,4.592296318151057e-05
scroll,lpr,selection_seconds,333205446,0.00021487998310476542
scroll,lpr,selection_seconds,130501536,0.00016142401727847755
scroll,lpr,selection_seconds,492612040,0.00018305095727555454
scroll,slowheat_lpr,final_average_accuracy,2101606466,0.1408
scroll,slowheat_lpr,final_average_accuracy,1872839281,0.14500000000000002
scroll,slowheat_lpr,final_average_accuracy,637029796,0.12529999999999997
scroll,slowheat_lpr,final_average_accuracy,1357204345,0.1354
scroll,slowheat_lpr,final_average_accuracy,1758462037,0.10309999999999997
scroll,slowheat_lpr,final_average_accuracy,748737880,0.09690000000000001
scroll,slowheat_lpr,final_average_accuracy,1611510062,0.13390000000000002
scroll,slowheat_lpr,final_average_accuracy,333205446,0.1432
scroll,slowheat_lpr,final_average_accuracy,130501536,0.1471
scroll,slowheat_lpr,final_average_accuracy,492612040,0.1347
scroll,slowheat_lpr,average_forgetting,2101606466,0.32925
scroll,slowheat_lpr,average_forgetting,1872839281,0.31912500000000005
scroll,slowheat_lpr,average_forgetting,637029796,0.47025
scroll,slowheat_lpr,average_forgetting,1357204345,0.37662500000000004
scroll,slowheat_lpr,average_forgetting,1758462037,0.3955
scroll,slowheat_lpr,average_forgetting,748737880,0.4226250000000001
scroll,slowheat_lpr,average_forgetting,1611510062,0.4653750000000001
scroll,slowheat_lpr,average_forgetting,333205446,0.353
scroll,slowheat_lpr,average_forgetting,130501536,0.3641249999999999
scroll,slowheat_lpr,average_forgetting,492612040,0.397
scroll,slowheat_lpr,backward_transfer,2101606466,-0.32925
scroll,slowheat_lpr,backward_transfer,1872839281,-0.31912500000000005
scroll,slowheat_lpr,backward_transfer,637029796,-0.47275
scroll,slowheat_lpr,backward_transfer,1357204345,-0.37662500000000004
scroll,slowheat_lpr,backward_transfer,1758462037,-0.452125
scroll,slowheat_lpr,backward_transfer,748737880,-0.501125
scroll,slowheat_lpr,backward_transfer,1611510062,-0.5920000000000001
scroll,slowheat_lpr,backward_transfer,333205446,-0.478
scroll,slowheat_lpr,backward_transfer,130501536,-0.3641249999999999
scroll,slowheat_lpr,backward_transfer,492612040,-0.397
scroll,slowheat_lpr,forward_transfer,2101606466,0.0195
scroll,slowheat_lpr,forward_transfer,1872839281,0.0003749999999999587
scroll,slowheat_lpr,forward_transfer,637029796,0.04287499999999998
scroll,slowheat_lpr,forward_transfer,1357204345,0.0
scroll,slowheat_lpr,forward_transfer,1758462037,0.0
scroll,slowheat_lpr,forward_transfer,748737880,0.0
scroll,slowheat_lpr,forward_transfer,1611510062,0.0
scroll,slowheat_lpr,forward_transfer,333205446,0.051125
scroll,slowheat_lpr,forward_transfer,130501536,0.009999999999999995
scroll,slowheat_lpr,forward_transfer,492612040,0.06962499999999999
scroll,slowheat_lpr,task_aware_final_accuracy,2101606466,0.2885
scroll,slowheat_lpr,task_aware_final_accuracy,1872839281,0.28770000000000007
scroll,slowheat_lpr,task_aware_final_accuracy,637029796,0.26829999999999987
scroll,slowheat_lpr,task_aware_final_accuracy,1357204345,0.26959999999999995
scroll,slowheat_lpr,task_aware_final_accuracy,1758462037,0.251
scroll,slowheat_lpr,task_aware_final_accuracy,748737880,0.2773
scroll,slowheat_lpr,task_aware_final_accuracy,1611510062,0.25980000000000003
scroll,slowheat_lpr,task_aware_final_accuracy,333205446,0.2317999999999999
scroll,slowheat_lpr,task_aware_final_accuracy,130501536,0.26560000000000006
scroll,slowheat_lpr,task_aware_final_accuracy,492612040,0.2659999999999999
scroll,slowheat_lpr,task_aware_forgetting,2101606466,0.022499999999999992
scroll,slowheat_lpr,task_aware_forgetting,1872839281,-0.0041250000000000175
scroll,slowheat_lpr,task_aware_forgetting,637029796,0.03112500000000004
scroll,slowheat_lpr,task_aware_forgetting,1357204345,0.06499999999999997
scroll,slowheat_lpr,task_aware_forgetting,1758462037,0.06137500000000001
scroll,slowheat_lpr,task_aware_forgetting,748737880,0.02587500000000001
scroll,slowheat_lpr,task_aware_forgetting,1611510062,0.06325
scroll,slowheat_lpr,task_aware_forgetting,333205446,0.056249999999999994
scroll,slowheat_lpr,task_aware_forgetting,130501536,0.09374999999999997
scroll,slowheat_lpr,task_aware_forgetting,492612040,0.02037499999999999
scroll,slowheat_lpr,classifier_gap,2101606466,0.14769999999999994
scroll,slowheat_lpr,classifier_gap,1872839281,0.14270000000000005
scroll,slowheat_lpr,classifier_gap,637029796,0.1429999999999999
scroll,slowheat_lpr,classifier_gap,1357204345,0.13419999999999987
scroll,slowheat_lpr,classifier_gap,1758462037,0.14790000000000003
scroll,slowheat_lpr,classifier_gap,748737880,0.18039999999999995
scroll,slowheat_lpr,classifier_gap,1611510062,0.12590000000000007
scroll,slowheat_lpr,classifier_gap,333205446,0.0885999999999999
scroll,slowheat_lpr,classifier_gap,130501536,0.11850000000000005
scroll,slowheat_lpr,classifier_gap,492612040,0.13129999999999992
scroll,slowheat_lpr,elapsed_seconds,2101606466,341.3754151430039
scroll,slowheat_lpr,elapsed_seconds,1872839281,308.88134438497946
scroll,slowheat_lpr,elapsed_seconds,637029796,369.7608231570048
scroll,slowheat_lpr,elapsed_seconds,1357204345,328.4525190810091
scroll,slowheat_lpr,elapsed_seconds,1758462037,212.01204619498458
scroll,slowheat_lpr,elapsed_seconds,748737880,211.91805116998148
scroll,slowheat_lpr,elapsed_seconds,1611510062,212.29094642197015
scroll,slowheat_lpr,elapsed_seconds,333205446,212.44514205298037
scroll,slowheat_lpr,elapsed_seconds,130501536,212.5248172870197
scroll,slowheat_lpr,elapsed_seconds,492612040,211.71238041797187
scroll,slowheat_lpr,learner_examples_processed,2101606466,241152.0
scroll,slowheat_lpr,learner_examples_processed,1872839281,241152.0
scroll,slowheat_lpr,learner_examples_processed,637029796,241152.0
scroll,slowheat_lpr,learner_examples_processed,1357204345,241152.0
scroll,slowheat_lpr,learner_examples_processed,1758462037,241152.0
scroll,slowheat_lpr,learner_examples_processed,748737880,241152.0
scroll,slowheat_lpr,learner_examples_processed,1611510062,241152.0
scroll,slowheat_lpr,learner_examples_processed,333205446,241152.0
scroll,slowheat_lpr,learner_examples_processed,130501536,241152.0
scroll,slowheat_lpr,learner_examples_processed,492612040,241152.0
scroll,slowheat_lpr,total_model_examples_processed,2101606466,201592.0
scroll,slowheat_lpr,total_model_examples_processed,1872839281,201592.0
scroll,slowheat_lpr,total_model_examples_processed,637029796,201592.0
scroll,slowheat_lpr,total_model_examples_processed,1357204345,201592.0
scroll,slowheat_lpr,total_model_examples_processed,1758462037,201592.0
scroll,slowheat_lpr,total_model_examples_processed,748737880,201592.0
scroll,slowheat_lpr,total_model_examples_processed,1611510062,201592.0
scroll,slowheat_lpr,total_model_examples_processed,333205446,201592.0
scroll,slowheat_lpr,total_model_examples_processed,130501536,201592.0
scroll,slowheat_lpr,total_model_examples_processed,492612040,201592.0
scroll,slowheat_lpr,estimated_total_flops,2101606466,863372256117455.0
scroll,slowheat_lpr,estimated_total_flops,1872839281,863372256117455.0
scroll,slowheat_lpr,estimated_total_flops,637029796,863372256117455.0
scroll,slowheat_lpr,estimated_total_flops,1357204345,863372256117455.0
scroll,slowheat_lpr,estimated_total_flops,1758462037,863372256117455.0
scroll,slowheat_lpr,estimated_total_flops,748737880,863372256117455.0
scroll,slowheat_lpr,estimated_total_flops,1611510062,863372256117455.0
scroll,slowheat_lpr,estimated_total_flops,333205446,863372256117455.0
scroll,slowheat_lpr,estimated_total_flops,130501536,863372256117455.0
scroll,slowheat_lpr,estimated_total_flops,492612040,863372256117455.0
scroll,slowheat_lpr,estimated_overhead_flops,2101606466,103669503083215.0
scroll,slowheat_lpr,estimated_overhead_flops,1872839281,103669503083215.0
scroll,slowheat_lpr,estimated_overhead_flops,637029796,103669503083215.0
scroll,slowheat_lpr,estimated_overhead_flops,1357204345,103669503083215.0
scroll,slowheat_lpr,estimated_overhead_flops,1758462037,103669503083215.0
scroll,slowheat_lpr,estimated_overhead_flops,748737880,103669503083215.0
scroll,slowheat_lpr,estimated_overhead_flops,1611510062,103669503083215.0
scroll,slowheat_lpr,estimated_overhead_flops,333205446,103669503083215.0
scroll,slowheat_lpr,estimated_overhead_flops,130501536,103669503083215.0
scroll,slowheat_lpr,estimated_overhead_flops,492612040,103669503083215.0
scroll,slowheat_lpr,replay_memory_bytes,2101606466,0.0
scroll,slowheat_lpr,replay_memory_bytes,1872839281,0.0
scroll,slowheat_lpr,replay_memory_bytes,637029796,0.0
scroll,slowheat_lpr,replay_memory_bytes,1357204345,0.0
scroll,slowheat_lpr,replay_memory_bytes,1758462037,0.0
scroll,slowheat_lpr,replay_memory_bytes,748737880,0.0
scroll,slowheat_lpr,replay_memory_bytes,1611510062,0.0
scroll,slowheat_lpr,replay_memory_bytes,333205446,0.0
scroll,slowheat_lpr,replay_memory_bytes,130501536,0.0
scroll,slowheat_lpr,replay_memory_bytes,492612040,0.0
scroll,slowheat_lpr,stored_logits_bytes,2101606466,0.0
scroll,slowheat_lpr,stored_logits_bytes,1872839281,0.0
scroll,slowheat_lpr,stored_logits_bytes,637029796,0.0
scroll,slowheat_lpr,stored_logits_bytes,1357204345,0.0
scroll,slowheat_lpr,stored_logits_bytes,1758462037,0.0
scroll,slowheat_lpr,stored_logits_bytes,748737880,0.0
scroll,slowheat_lpr,stored_logits_bytes,1611510062,0.0
scroll,slowheat_lpr,stored_logits_bytes,333205446,0.0
scroll,slowheat_lpr,stored_logits_bytes,130501536,0.0
scroll,slowheat_lpr,stored_logits_bytes,492612040,0.0
scroll,slowheat_lpr,replay_metadata_bytes,2101606466,0.0
scroll,slowheat_lpr,replay_metadata_bytes,1872839281,0.0
scroll,slowheat_lpr,replay_metadata_bytes,637029796,0.0
scroll,slowheat_lpr,replay_metadata_bytes,1357204345,0.0
scroll,slowheat_lpr,replay_metadata_bytes,1758462037,0.0
scroll,slowheat_lpr,replay_metadata_bytes,748737880,0.0
scroll,slowheat_lpr,replay_metadata_bytes,1611510062,0.0
scroll,slowheat_lpr,replay_metadata_bytes,333205446,0.0
scroll,slowheat_lpr,replay_metadata_bytes,130501536,0.0
scroll,slowheat_lpr,replay_metadata_bytes,492612040,0.0
scroll,slowheat_lpr,selector_forward_examples,2101606466,0.0
scroll,slowheat_lpr,selector_forward_examples,1872839281,0.0
scroll,slowheat_lpr,selector_forward_examples,637029796,0.0
scroll,slowheat_lpr,selector_forward_examples,1357204345,0.0
scroll,slowheat_lpr,selector_forward_examples,1758462037,0.0
scroll,slowheat_lpr,selector_forward_examples,748737880,0.0
scroll,slowheat_lpr,selector_forward_examples,1611510062,0.0
scroll,slowheat_lpr,selector_forward_examples,333205446,0.0
scroll,slowheat_lpr,selector_forward_examples,130501536,0.0
scroll,slowheat_lpr,selector_forward_examples,492612040,0.0
scroll,slowheat_lpr,selection_seconds,2101606466,0.0006253320316318423
scroll,slowheat_lpr,selection_seconds,1872839281,-0.0010785790509544313
scroll,slowheat_lpr,selection_seconds,637029796,0.0019131259468849748
scroll,slowheat_lpr,selection_seconds,1357204345,0.00022265102597884834
scroll,slowheat_lpr,selection_seconds,1758462037,-0.0001234250667039305
scroll,slowheat_lpr,selection_seconds,748737880,-0.000776221975684166
scroll,slowheat_lpr,selection_seconds,1611510062,9.147101081907749e-05
scroll,slowheat_lpr,selection_seconds,333205446,0.00022816905402578413
scroll,slowheat_lpr,selection_seconds,130501536,0.00012799500836990774
scroll,slowheat_lpr,selection_seconds,492612040,-4.946906119585037e-05
scroll,classifier_expander,final_average_accuracy,2101606466,0.25670000000000004
scroll,classifier_expander,final_average_accuracy,1872839281,0.27149999999999996
scroll,classifier_expander,final_average_accuracy,637029796,0.2644
scroll,classifier_expander,final_average_accuracy,1357204345,0.27690000000000003
scroll,classifier_expander,final_average_accuracy,1758462037,0.2187
scroll,classifier_expander,final_average_accuracy,748737880,0.2584
scroll,classifier_expander,final_average_accuracy,1611510062,0.2607
scroll,classifier_expander,final_average_accuracy,333205446,0.2592
scroll,classifier_expander,final_average_accuracy,130501536,0.2913
scroll,classifier_expander,final_average_accuracy,492612040,0.2715
scroll,classifier_expander,average_forgetting,2101606466,-0.09099999999999997
scroll,classifier_expander,average_forgetting,1872839281,-0.14900000000000002
scroll,classifier_expander,average_forgetting,637029796,0.01237499999999997
scroll,classifier_expander,average_forgetting,1357204345,-0.08987499999999998
scroll,classifier_expander,average_forgetting,1758462037,-0.0032500000000000306
scroll,classifier_expander,average_forgetting,748737880,-0.06750000000000006
scroll,classifier_expander,average_forgetting,1611510062,0.04400000000000004
scroll,classifier_expander,average_forgetting,333205446,-0.09699999999999992
scroll,classifier_expander,average_forgetting,130501536,-0.12037500000000001
scroll,classifier_expander,average_forgetting,492612040,-0.05500000000000005
scroll,classifier_expander,backward_transfer,2101606466,0.17812499999999998
scroll,classifier_expander,backward_transfer,1872839281,0.18512500000000004
scroll,classifier_expander,backward_transfer,637029796,0.053749999999999964
scroll,classifier_expander,backward_transfer,1357204345,0.111375
scroll,classifier_expander,backward_transfer,1758462037,0.025249999999999995
scroll,classifier_expander,backward_transfer,748737880,0.04999999999999999
scroll,classifier_expander,backward_transfer,1611510062,-0.09650000000000003
scroll,classifier_expander,backward_transfer,333205446,0.030374999999999985
scroll,classifier_expander,backward_transfer,130501536,0.196875
scroll,classifier_expander,backward_transfer,492612040,0.09075
scroll,classifier_expander,forward_transfer,2101606466,0.025375
scroll,classifier_expander,forward_transfer,1872839281,0.011749999999999983
scroll,classifier_expander,forward_transfer,637029796,0.05212499999999999
scroll,classifier_expander,forward_transfer,1357204345,0.010000000000000009
scroll,classifier_expander,forward_transfer,1758462037,0.0
scroll,classifier_expander,forward_transfer,748737880,0.0
scroll,classifier_expander,forward_transfer,1611510062,0.020875000000000005
scroll,classifier_expander,forward_transfer,333205446,0.08524999999999999
scroll,classifier_expander,forward_transfer,130501536,0.013000000000000012
scroll,classifier_expander,forward_transfer,492612040,0.061624999999999985
scroll,classifier_expander,task_aware_final_accuracy,2101606466,0.31820000000000004
scroll,classifier_expander,task_aware_final_accuracy,1872839281,0.31009999999999993
scroll,classifier_expander,task_aware_final_accuracy,637029796,0.3215
scroll,classifier_expander,task_aware_final_accuracy,1357204345,0.31210000000000004
scroll,classifier_expander,task_aware_final_accuracy,1758462037,0.2947000000000001
scroll,classifier_expander,task_aware_final_accuracy,748737880,0.3284999999999999
scroll,classifier_expander,task_aware_final_accuracy,1611510062,0.3234
scroll,classifier_expander,task_aware_final_accuracy,333205446,0.28410000000000013
scroll,classifier_expander,task_aware_final_accuracy,130501536,0.30479999999999996
scroll,classifier_expander,task_aware_final_accuracy,492612040,0.3124999999999999
scroll,classifier_expander,task_aware_forgetting,2101606466,-0.0031250000000000167
scroll,classifier_expander,task_aware_forgetting,1872839281,-0.03649999999999998
scroll,classifier_expander,task_aware_forgetting,637029796,-0.04149999999999998
scroll,classifier_expander,task_aware_forgetting,1357204345,0.022124999999999978
scroll,classifier_expander,task_aware_forgetting,1758462037,0.017125
scroll,classifier_expander,task_aware_forgetting,748737880,-0.03362499999999999
scroll,classifier_expander,task_aware_forgetting,1611510062,0.0017500000000000016
scroll,classifier_expander,task_aware_forgetting,333205446,-0.007499999999999979
scroll,classifier_expander,task_aware_forgetting,130501536,0.042625000000000024
scroll,classifier_expander,task_aware_forgetting,492612040,-0.044874999999999984
scroll,classifier_expander,classifier_gap,2101606466,0.061500000000000055
scroll,classifier_expander,classifier_gap,1872839281,0.03859999999999991
scroll,classifier_expander,classifier_gap,637029796,0.057099999999999984
scroll,classifier_expander,classifier_gap,1357204345,0.03520000000000001
scroll,classifier_expander,classifier_gap,1758462037,0.07600000000000007
scroll,classifier_expander,classifier_gap,748737880,0.07009999999999988
scroll,classifier_expander,classifier_gap,1611510062,0.06270000000000003
scroll,classifier_expander,classifier_gap,333205446,0.02490000000000009
scroll,classifier_expander,classifier_gap,130501536,0.013499999999999901
scroll,classifier_expander,classifier_gap,492612040,0.04099999999999987
scroll,classifier_expander,elapsed_seconds,2101606466,226.24538881101762
scroll,classifier_expander,elapsed_seconds,1872839281,215.0499221579812
scroll,classifier_expander,elapsed_seconds,637029796,215.76818962499965
scroll,classifier_expander,elapsed_seconds,1357204345,167.6763455410255
scroll,classifier_expander,elapsed_seconds,1758462037,156.95064997498412
scroll,classifier_expander,elapsed_seconds,748737880,156.88789117199485
scroll,classifier_expander,elapsed_seconds,1611510062,157.2172661969962
scroll,classifier_expander,elapsed_seconds,333205446,157.19571100300527
scroll,classifier_expander,elapsed_seconds,130501536,157.36713520801277
scroll,classifier_expander,elapsed_seconds,492612040,157.07944784595747
scroll,classifier_expander,learner_examples_processed,2101606466,241856.0
scroll,classifier_expander,learner_examples_processed,1872839281,241856.0
scroll,classifier_expander,learner_examples_processed,637029796,241856.0
scroll,classifier_expander,learner_examples_processed,1357204345,241856.0
scroll,classifier_expander,learner_examples_processed,1758462037,241856.0
scroll,classifier_expander,learner_examples_processed,748737880,241856.0
scroll,classifier_expander,learner_examples_processed,1611510062,241856.0
scroll,classifier_expander,learner_examples_processed,333205446,241856.0
scroll,classifier_expander,learner_examples_processed,130501536,241856.0
scroll,classifier_expander,learner_examples_processed,492612040,241856.0
scroll,classifier_expander,total_model_examples_processed,2101606466,282496.0
scroll,classifier_expander,total_model_examples_processed,1872839281,282496.0
scroll,classifier_expander,total_model_examples_processed,637029796,282496.0
scroll,classifier_expander,total_model_examples_processed,1357204345,282496.0
scroll,classifier_expander,total_model_examples_processed,1758462037,282496.0
scroll,classifier_expander,total_model_examples_processed,748737880,282496.0
scroll,classifier_expander,total_model_examples_processed,1611510062,282496.0
scroll,classifier_expander,total_model_examples_processed,333205446,282496.0
scroll,classifier_expander,total_model_examples_processed,130501536,282496.0
scroll,classifier_expander,total_model_examples_processed,492612040,282496.0
scroll,classifier_expander,estimated_total_flops,2101606466,851116934343035.0
scroll,classifier_expander,estimated_total_flops,1872839281,851116934343035.0
scroll,classifier_expander,estimated_total_flops,637029796,851116934343035.0
scroll,classifier_expander,estimated_total_flops,1357204345,851116934343035.0
scroll,classifier_expander,estimated_total_flops,1758462037,851116934343035.0
scroll,classifier_expander,estimated_total_flops,748737880,851116934343035.0
scroll,classifier_expander,estimated_total_flops,1611510062,851116934343035.0
scroll,classifier_expander,estimated_total_flops,333205446,851116934343035.0
scroll,classifier_expander,estimated_total_flops,130501536,851116934343035.0
scroll,classifier_expander,estimated_total_flops,492612040,851116934343035.0
scroll,classifier_expander,estimated_overhead_flops,2101606466,-21728548485.0
scroll,classifier_expander,estimated_overhead_flops,1872839281,-21728548485.0
scroll,classifier_expander,estimated_overhead_flops,637029796,-21728548485.0
scroll,classifier_expander,estimated_overhead_flops,1357204345,-21728548485.0
scroll,classifier_expander,estimated_overhead_flops,1758462037,-21728548485.0
scroll,classifier_expander,estimated_overhead_flops,748737880,-21728548485.0
scroll,classifier_expander,estimated_overhead_flops,1611510062,-21728548485.0
scroll,classifier_expander,estimated_overhead_flops,333205446,-21728548485.0
scroll,classifier_expander,estimated_overhead_flops,130501536,-21728548485.0
scroll,classifier_expander,estimated_overhead_flops,492612040,-21728548485.0
scroll,classifier_expander,replay_memory_bytes,2101606466,0.0
scroll,classifier_expander,replay_memory_bytes,1872839281,0.0
scroll,classifier_expander,replay_memory_bytes,637029796,0.0
scroll,classifier_expander,replay_memory_bytes,1357204345,0.0
scroll,classifier_expander,replay_memory_bytes,1758462037,0.0
scroll,classifier_expander,replay_memory_bytes,748737880,0.0
scroll,classifier_expander,replay_memory_bytes,1611510062,0.0
scroll,classifier_expander,replay_memory_bytes,333205446,0.0
scroll,classifier_expander,replay_memory_bytes,130501536,0.0
scroll,classifier_expander,replay_memory_bytes,492612040,0.0
scroll,classifier_expander,stored_logits_bytes,2101606466,0.0
scroll,classifier_expander,stored_logits_bytes,1872839281,0.0
scroll,classifier_expander,stored_logits_bytes,637029796,0.0
scroll,classifier_expander,stored_logits_bytes,1357204345,0.0
scroll,classifier_expander,stored_logits_bytes,1758462037,0.0
scroll,classifier_expander,stored_logits_bytes,748737880,0.0
scroll,classifier_expander,stored_logits_bytes,1611510062,0.0
scroll,classifier_expander,stored_logits_bytes,333205446,0.0
scroll,classifier_expander,stored_logits_bytes,130501536,0.0
scroll,classifier_expander,stored_logits_bytes,492612040,0.0
scroll,classifier_expander,replay_metadata_bytes,2101606466,0.0
scroll,classifier_expander,replay_metadata_bytes,1872839281,0.0
scroll,classifier_expander,replay_metadata_bytes,637029796,0.0
scroll,classifier_expander,replay_metadata_bytes,1357204345,0.0
scroll,classifier_expander,replay_metadata_bytes,1758462037,0.0
scroll,classifier_expander,replay_metadata_bytes,748737880,0.0
scroll,classifier_expander,replay_metadata_bytes,1611510062,0.0
scroll,classifier_expander,replay_metadata_bytes,333205446,0.0
scroll,classifier_expander,replay_metadata_bytes,130501536,0.0
scroll,classifier_expander,replay_metadata_bytes,492612040,0.0
scroll,classifier_expander,selector_forward_examples,2101606466,0.0
scroll,classifier_expander,selector_forward_examples,1872839281,0.0
scroll,classifier_expander,selector_forward_examples,637029796,0.0
scroll,classifier_expander,selector_forward_examples,1357204345,0.0
scroll,classifier_expander,selector_forward_examples,1758462037,0.0
scroll,classifier_expander,selector_forward_examples,748737880,0.0
scroll,classifier_expander,selector_forward_examples,1611510062,0.0
scroll,classifier_expander,selector_forward_examples,333205446,0.0
scroll,classifier_expander,selector_forward_examples,130501536,0.0
scroll,classifier_expander,selector_forward_examples,492612040,0.0
scroll,classifier_expander,selection_seconds,2101606466,0.0009303179976996034
scroll,classifier_expander,selection_seconds,1872839281,0.0005447039438877255
scroll,classifier_expander,selection_seconds,637029796,-0.00043492307304404676
scroll,classifier_expander,selection_seconds,1357204345,8.071199408732355e-05
scroll,classifier_expander,selection_seconds,1758462037,-0.0004465060483198613
scroll,classifier_expander,selection_seconds,748737880,-0.0007601899851579219
scroll,classifier_expander,selection_seconds,1611510062,0.0008002329850569367
scroll,classifier_expander,selection_seconds,333205446,0.0004228779871482402
scroll,classifier_expander,selection_seconds,130501536,0.00041914702160283923
scroll,classifier_expander,selection_seconds,492612040,0.0010449389810673892
scroll,slowheat_classifier_expander,final_average_accuracy,2101606466,0.22230000000000003
scroll,slowheat_classifier_expander,final_average_accuracy,1872839281,0.26239999999999997
scroll,slowheat_classifier_expander,final_average_accuracy,637029796,0.246
scroll,slowheat_classifier_expander,final_average_accuracy,1357204345,0.273
scroll,slowheat_classifier_expander,final_average_accuracy,1758462037,0.1956
scroll,slowheat_classifier_expander,final_average_accuracy,748737880,0.25589999999999996
scroll,slowheat_classifier_expander,final_average_accuracy,1611510062,0.2563
scroll,slowheat_classifier_expander,final_average_accuracy,333205446,0.27649999999999997
scroll,slowheat_classifier_expander,final_average_accuracy,130501536,0.2955
scroll,slowheat_classifier_expander,final_average_accuracy,492612040,0.25720000000000004
scroll,slowheat_classifier_expander,average_forgetting,2101606466,-0.059250000000000025
scroll,slowheat_classifier_expander,average_forgetting,1872839281,-0.18175000000000002
scroll,slowheat_classifier_expander,average_forgetting,637029796,0.030374999999999985
scroll,slowheat_classifier_expander,average_forgetting,1357204345,-0.06524999999999997
scroll,slowheat_classifier_expander,average_forgetting,1758462037,-0.013124999999999998
scroll,slowheat_classifier_expander,average_forgetting,748737880,-0.07050000000000006
scroll,slowheat_classifier_expander,average_forgetting,1611510062,0.02062500000000006
scroll,slowheat_classifier_expander,average_forgetting,333205446,-0.11424999999999996
scroll,slowheat_classifier_expander,average_forgetting,130501536,-0.07887500000000008
scroll,slowheat_classifier_expander,average_forgetting,492612040,-0.029125000000000012
scroll,slowheat_classifier_expander,backward_transfer,2101606466,0.170375
scroll,slowheat_classifier_expander,backward_transfer,1872839281,0.247625
scroll,slowheat_classifier_expander,backward_transfer,637029796,0.0010000000000000009
scroll,slowheat_classifier_expander,backward_transfer,1357204345,0.11074999999999996
scroll,slowheat_classifier_expander,backward_transfer,1758462037,0.04837500000000006
scroll,slowheat_classifier_expander,backward_transfer,748737880,0.03662499999999996
scroll,slowheat_classifier_expander,backward_transfer,1611510062,-0.06862500000000005
scroll,slowheat_classifier_expander,backward_transfer,333205446,0.04449999999999993
scroll,slowheat_classifier_expander,backward_transfer,130501536,0.10350000000000004
scroll,slowheat_classifier_expander,backward_transfer,492612040,0.029125000000000012
scroll,slowheat_classifier_expander,forward_transfer,2101606466,0.038375
scroll,slowheat_classifier_expander,forward_transfer,1872839281,0.011624999999999996
scroll,slowheat_classifier_expander,forward_transfer,637029796,0.058625
scroll,slowheat_classifier_expander,forward_transfer,1357204345,0.008750000000000008
scroll,slowheat_classifier_expander,forward_transfer,1758462037,0.0
scroll,slowheat_classifier_expander,forward_transfer,748737880,0.0001250000000000001
scroll,slowheat_classifier_expander,forward_transfer,1611510062,0.046624999999999986
scroll,slowheat_classifier_expander,forward_transfer,333205446,0.091375
scroll,slowheat_classifier_expander,forward_transfer,130501536,0.022625000000000006
scroll,slowheat_classifier_expander,forward_transfer,492612040,0.07125
scroll,slowheat_classifier_expander,task_aware_final_accuracy,2101606466,0.32230000000000003
scroll,slowheat_classifier_expander,task_aware_final_accuracy,1872839281,0.3154999999999999
scroll,slowheat_classifier_expander,task_aware_final_accuracy,637029796,0.3248
scroll,slowheat_classifier_expander,task_aware_final_accuracy,1357204345,0.3305
scroll,slowheat_classifier_expander,task_aware_final_accuracy,1758462037,0.30989999999999995
scroll,slowheat_classifier_expander,task_aware_final_accuracy,748737880,0.34319999999999995
scroll,slowheat_classifier_expander,task_aware_final_accuracy,1611510062,0.3320000000000001
scroll,slowheat_classifier_expander,task_aware_final_accuracy,333205446,0.29979999999999996
scroll,slowheat_classifier_expander,task_aware_final_accuracy,130501536,0.33829999999999993
scroll,slowheat_classifier_expander,task_aware_final_accuracy,492612040,0.34029999999999994
scroll,slowheat_classifier_expander,task_aware_forgetting,2101606466,-0.017250000000000015
scroll,slowheat_classifier_expander,task_aware_forgetting,1872839281,-0.06674999999999998
scroll,slowheat_classifier_expander,task_aware_forgetting,637029796,-0.05824999999999997
scroll,slowheat_classifier_expander,task_aware_forgetting,1357204345,-0.016124999999999945
scroll,slowheat_classifier_expander,task_aware_forgetting,1758462037,-0.014875
scroll,slowheat_classifier_expander,task_aware_forgetting,748737880,-0.06149999999999997
scroll,slowheat_classifier_expander,task_aware_forgetting,1611510062,-0.013000000000000012
scroll,slowheat_classifier_expander,task_aware_forgetting,333205446,-0.04549999999999996
scroll,slowheat_classifier_expander,task_aware_forgetting,130501536,-0.004750000000000032
scroll,slowheat_classifier_expander,task_aware_forgetting,492612040,-0.08175
scroll,slowheat_classifier_expander,classifier_gap,2101606466,0.10000000000000009
scroll,slowheat_classifier_expander,classifier_gap,1872839281,0.05309999999999987
scroll,slowheat_classifier_expander,classifier_gap,637029796,0.07879999999999998
scroll,slowheat_classifier_expander,classifier_gap,1357204345,0.057499999999999996
scroll,slowheat_classifier_expander,classifier_gap,1758462037,0.11429999999999996
scroll,slowheat_classifier_expander,classifier_gap,748737880,0.08729999999999999
scroll,slowheat_classifier_expander,classifier_gap,1611510062,0.0757000000000001
scroll,slowheat_classifier_expander,classifier_gap,333205446,0.023299999999999932
scroll,slowheat_classifier_expander,classifier_gap,130501536,0.042799999999999894
scroll,slowheat_classifier_expander,classifier_gap,492612040,0.0830999999999999
scroll,slowheat_classifier_expander,elapsed_seconds,2101606466,371.3966368260153
scroll,slowheat_classifier_expander,elapsed_seconds,1872839281,319.1465881559998
scroll,slowheat_classifier_expander,elapsed_seconds,637029796,315.4347725250118
scroll,slowheat_classifier_expander,elapsed_seconds,1357204345,217.30193357999087
scroll,slowheat_classifier_expander,elapsed_seconds,1758462037,216.56886602495797
scroll,slowheat_classifier_expander,elapsed_seconds,748737880,216.19590372100356
scroll,slowheat_classifier_expander,elapsed_seconds,1611510062,216.906606480974
scroll,slowheat_classifier_expander,elapsed_seconds,333205446,216.60533057397697
scroll,slowheat_classifier_expander,elapsed_seconds,130501536,216.82008261801093
scroll,slowheat_classifier_expander,elapsed_seconds,492612040,216.68641676096013
scroll,slowheat_classifier_expander,learner_examples_processed,2101606466,241856.0
scroll,slowheat_classifier_expander,learner_examples_processed,1872839281,241856.0
scroll,slowheat_classifier_expander,learner_examples_processed,637029796,241856.0
scroll,slowheat_classifier_expander,learner_examples_processed,1357204345,241856.0
scroll,slowheat_classifier_expander,learner_examples_processed,1758462037,241856.0
scroll,slowheat_classifier_expander,learner_examples_processed,748737880,241856.0
scroll,slowheat_classifier_expander,learner_examples_processed,1611510062,241856.0
scroll,slowheat_classifier_expander,learner_examples_processed,333205446,241856.0
scroll,slowheat_classifier_expander,learner_examples_processed,130501536,241856.0
scroll,slowheat_classifier_expander,learner_examples_processed,492612040,241856.0
scroll,slowheat_classifier_expander,total_model_examples_processed,2101606466,282496.0
scroll,slowheat_classifier_expander,total_model_examples_processed,1872839281,282496.0
scroll,slowheat_classifier_expander,total_model_examples_processed,637029796,282496.0
scroll,slowheat_classifier_expander,total_model_examples_processed,1357204345,282496.0
scroll,slowheat_classifier_expander,total_model_examples_processed,1758462037,282496.0
scroll,slowheat_classifier_expander,total_model_examples_processed,748737880,282496.0
scroll,slowheat_classifier_expander,total_model_examples_processed,1611510062,282496.0
scroll,slowheat_classifier_expander,total_model_examples_processed,333205446,282496.0
scroll,slowheat_classifier_expander,total_model_examples_processed,130501536,282496.0
scroll,slowheat_classifier_expander,total_model_examples_processed,492612040,282496.0
scroll,slowheat_classifier_expander,estimated_total_flops,2101606466,851142169277755.0
scroll,slowheat_classifier_expander,estimated_total_flops,1872839281,851142169277755.0
scroll,slowheat_classifier_expander,estimated_total_flops,637029796,851142169277755.0
scroll,slowheat_classifier_expander,estimated_total_flops,1357204345,851142169277755.0
scroll,slowheat_classifier_expander,estimated_total_flops,1758462037,851142169277755.0
scroll,slowheat_classifier_expander,estimated_total_flops,748737880,851142169277755.0
scroll,slowheat_classifier_expander,estimated_total_flops,1611510062,851142169277755.0
scroll,slowheat_classifier_expander,estimated_total_flops,333205446,851142169277755.0
scroll,slowheat_classifier_expander,estimated_total_flops,130501536,851142169277755.0
scroll,slowheat_classifier_expander,estimated_total_flops,492612040,851142169277755.0
scroll,slowheat_classifier_expander,estimated_overhead_flops,2101606466,3506386235.0
scroll,slowheat_classifier_expander,estimated_overhead_flops,1872839281,3506386235.0
scroll,slowheat_classifier_expander,estimated_overhead_flops,637029796,3506386235.0
scroll,slowheat_classifier_expander,estimated_overhead_flops,1357204345,3506386235.0
scroll,slowheat_classifier_expander,estimated_overhead_flops,1758462037,3506386235.0
scroll,slowheat_classifier_expander,estimated_overhead_flops,748737880,3506386235.0
scroll,slowheat_classifier_expander,estimated_overhead_flops,1611510062,3506386235.0
scroll,slowheat_classifier_expander,estimated_overhead_flops,333205446,3506386235.0
scroll,slowheat_classifier_expander,estimated_overhead_flops,130501536,3506386235.0
scroll,slowheat_classifier_expander,estimated_overhead_flops,492612040,3506386235.0
scroll,slowheat_classifier_expander,replay_memory_bytes,2101606466,0.0
scroll,slowheat_classifier_expander,replay_memory_bytes,1872839281,0.0
scroll,slowheat_classifier_expander,replay_memory_bytes,637029796,0.0
scroll,slowheat_classifier_expander,replay_memory_bytes,1357204345,0.0
scroll,slowheat_classifier_expander,replay_memory_bytes,1758462037,0.0
scroll,slowheat_classifier_expander,replay_memory_bytes,748737880,0.0
scroll,slowheat_classifier_expander,replay_memory_bytes,1611510062,0.0
scroll,slowheat_classifier_expander,replay_memory_bytes,333205446,0.0
scroll,slowheat_classifier_expander,replay_memory_bytes,130501536,0.0
scroll,slowheat_classifier_expander,replay_memory_bytes,492612040,0.0
scroll,slowheat_classifier_expander,stored_logits_bytes,2101606466,0.0
scroll,slowheat_classifier_expander,stored_logits_bytes,1872839281,0.0
scroll,slowheat_classifier_expander,stored_logits_bytes,637029796,0.0
scroll,slowheat_classifier_expander,stored_logits_bytes,1357204345,0.0
scroll,slowheat_classifier_expander,stored_logits_bytes,1758462037,0.0
scroll,slowheat_classifier_expander,stored_logits_bytes,748737880,0.0
scroll,slowheat_classifier_expander,stored_logits_bytes,1611510062,0.0
scroll,slowheat_classifier_expander,stored_logits_bytes,333205446,0.0
scroll,slowheat_classifier_expander,stored_logits_bytes,130501536,0.0
scroll,slowheat_classifier_expander,stored_logits_bytes,492612040,0.0
scroll,slowheat_classifier_expander,replay_metadata_bytes,2101606466,0.0
scroll,slowheat_classifier_expander,replay_metadata_bytes,1872839281,0.0
scroll,slowheat_classifier_expander,replay_metadata_bytes,637029796,0.0
scroll,slowheat_classifier_expander,replay_metadata_bytes,1357204345,0.0
scroll,slowheat_classifier_expander,replay_metadata_bytes,1758462037,0.0
scroll,slowheat_classifier_expander,replay_metadata_bytes,748737880,0.0
scroll,slowheat_classifier_expander,replay_metadata_bytes,1611510062,0.0
scroll,slowheat_classifier_expander,replay_metadata_bytes,333205446,0.0
scroll,slowheat_classifier_expander,replay_metadata_bytes,130501536,0.0
scroll,slowheat_classifier_expander,replay_metadata_bytes,492612040,0.0
scroll,slowheat_classifier_expander,selector_forward_examples,2101606466,0.0
scroll,slowheat_classifier_expander,selector_forward_examples,1872839281,0.0
scroll,slowheat_classifier_expander,selector_forward_examples,637029796,0.0
scroll,slowheat_classifier_expander,selector_forward_examples,1357204345,0.0
scroll,slowheat_classifier_expander,selector_forward_examples,1758462037,0.0
scroll,slowheat_classifier_expander,selector_forward_examples,748737880,0.0
scroll,slowheat_classifier_expander,selector_forward_examples,1611510062,0.0
scroll,slowheat_classifier_expander,selector_forward_examples,333205446,0.0
scroll,slowheat_classifier_expander,selector_forward_examples,130501536,0.0
scroll,slowheat_classifier_expander,selector_forward_examples,492612040,0.0
scroll,slowheat_classifier_expander,selection_seconds,2101606466,0.0009586640517227352
scroll,slowheat_classifier_expander,selection_seconds,1872839281,0.00090879897470586
scroll,slowheat_classifier_expander,selection_seconds,637029796,-0.00023530606995336711
scroll,slowheat_classifier_expander,selection_seconds,1357204345,0.0007017269963398576
scroll,slowheat_classifier_expander,selection_seconds,1758462037,-2.9160291887819767e-06
scroll,slowheat_classifier_expander,selection_seconds,748737880,-0.0007440269982907921
scroll,slowheat_classifier_expander,selection_seconds,1611510062,0.0004568860458675772
scroll,slowheat_classifier_expander,selection_seconds,333205446,0.000457613990874961
scroll,slowheat_classifier_expander,selection_seconds,130501536,0.0007148470322135836
scroll,slowheat_classifier_expander,selection_seconds,492612040,0.00025518296752125025
scroll,slowheat_scroll,final_average_accuracy,2101606466,0.11690000000000003
scroll,slowheat_scroll,final_average_accuracy,1872839281,0.14959999999999998
scroll,slowheat_scroll,final_average_accuracy,637029796,0.1531
scroll,slowheat_scroll,final_average_accuracy,1357204345,0.19449999999999998
scroll,slowheat_scroll,final_average_accuracy,1758462037,0.09100000000000003
scroll,slowheat_scroll,final_average_accuracy,748737880,0.1345
scroll,slowheat_scroll,final_average_accuracy,1611510062,0.14690000000000003
scroll,slowheat_scroll,final_average_accuracy,333205446,0.10149999999999995
scroll,slowheat_scroll,final_average_accuracy,130501536,0.1584
scroll,slowheat_scroll,final_average_accuracy,492612040,0.14029999999999998
scroll,slowheat_scroll,average_forgetting,2101606466,-0.252
scroll,slowheat_scroll,average_forgetting,1872839281,-0.1995
scroll,slowheat_scroll,average_forgetting,637029796,-0.16975
scroll,slowheat_scroll,average_forgetting,1357204345,-0.25737499999999996
scroll,slowheat_scroll,average_forgetting,1758462037,-0.17237500000000003
scroll,slowheat_scroll,average_forgetting,748737880,-0.175875
scroll,slowheat_scroll,average_forgetting,1611510062,-0.18274999999999997
scroll,slowheat_scroll,average_forgetting,333205446,-0.10512499999999997
scroll,slowheat_scroll,average_forgetting,130501536,-0.30212500000000003
scroll,slowheat_scroll,average_forgetting,492612040,-0.1825
scroll,slowheat_scroll,backward_transfer,2101606466,0.280625
scroll,slowheat_scroll,backward_transfer,1872839281,0.293875
scroll,slowheat_scroll,backward_transfer,637029796,0.20249999999999999
scroll,slowheat_scroll,backward_transfer,1357204345,0.36324999999999996
scroll,slowheat_scroll,backward_transfer,1758462037,0.14462500000000006
scroll,slowheat_scroll,backward_transfer,748737880,0.33725
scroll,slowheat_scroll,backward_transfer,1611510062,0.06912499999999998
scroll,slowheat_scroll,backward_transfer,333205446,0.021249999999999936
scroll,slowheat_scroll,backward_transfer,130501536,0.38775
scroll,slowheat_scroll,backward_transfer,492612040,0.245375
scroll,slowheat_scroll,forward_transfer,2101606466,0.0
scroll,slowheat_scroll,forward_transfer,1872839281,0.0
scroll,slowheat_scroll,forward_transfer,637029796,0.0
scroll,slowheat_scroll,forward_transfer,1357204345,0.0
scroll,slowheat_scroll,forward_transfer,1758462037,0.0
scroll,slowheat_scroll,forward_transfer,748737880,0.0
scroll,slowheat_scroll,forward_transfer,1611510062,0.0
scroll,slowheat_scroll,forward_transfer,333205446,0.0
scroll,slowheat_scroll,forward_transfer,130501536,0.0
scroll,slowheat_scroll,forward_transfer,492612040,0.0
scroll,slowheat_scroll,task_aware_final_accuracy,2101606466,0.16859999999999997
scroll,slowheat_scroll,task_aware_final_accuracy,1872839281,0.1643
scroll,slowheat_scroll,task_aware_final_accuracy,637029796,0.19069999999999998
scroll,slowheat_scroll,task_aware_final_accuracy,1357204345,0.21430000000000005
scroll,slowheat_scroll,task_aware_final_accuracy,1758462037,0.1512
scroll,slowheat_scroll,task_aware_final_accuracy,748737880,0.21110000000000007
scroll,slowheat_scroll,task_aware_final_accuracy,1611510062,0.18510000000000004
scroll,slowheat_scroll,task_aware_final_accuracy,333205446,0.16069999999999995
scroll,slowheat_scroll,task_aware_final_accuracy,130501536,0.18209999999999993
scroll,slowheat_scroll,task_aware_final_accuracy,492612040,0.1933999999999998
scroll,slowheat_scroll,task_aware_forgetting,2101606466,-0.05437500000000001
scroll,slowheat_scroll,task_aware_forgetting,1872839281,-0.05712499999999998
scroll,slowheat_scroll,task_aware_forgetting,637029796,-0.06387499999999999
scroll,slowheat_scroll,task_aware_forgetting,1357204345,-0.044125000000000025
scroll,slowheat_scroll,task_aware_forgetting,1758462037,-0.029124999999999984
scroll,slowheat_scroll,task_aware_forgetting,748737880,-0.113375
scroll,slowheat_scroll,task_aware_forgetting,1611510062,-0.04774999999999999
scroll,slowheat_scroll,task_aware_forgetting,333205446,-0.07999999999999996
scroll,slowheat_scroll,task_aware_forgetting,130501536,-0.03125000000000003
scroll,slowheat_scroll,task_aware_forgetting,492612040,-0.11000000000000003
scroll,slowheat_scroll,classifier_gap,2101606466,0.05169999999999997
scroll,slowheat_scroll,classifier_gap,1872839281,0.01469999999999999
scroll,slowheat_scroll,classifier_gap,637029796,0.03759999999999997
scroll,slowheat_scroll,classifier_gap,1357204345,0.01980000000000004
scroll,slowheat_scroll,classifier_gap,1758462037,0.060199999999999976
scroll,slowheat_scroll,classifier_gap,748737880,0.07660000000000006
scroll,slowheat_scroll,classifier_gap,1611510062,0.03820000000000001
scroll,slowheat_scroll,classifier_gap,333205446,0.059199999999999975
scroll,slowheat_scroll,classifier_gap,130501536,0.023699999999999888
scroll,slowheat_scroll,classifier_gap,492612040,0.053099999999999814
scroll,slowheat_scroll,elapsed_seconds,2101606466,20.57071095300489
scroll,slowheat_scroll,elapsed_seconds,1872839281,18.577085475990316
scroll,slowheat_scroll,elapsed_seconds,637029796,18.568231652025133
scroll,slowheat_scroll,elapsed_seconds,1357204345,9.614977035991615
scroll,slowheat_scroll,elapsed_seconds,1758462037,9.55216523699346
scroll,slowheat_scroll,elapsed_seconds,748737880,9.627639017009642
scroll,slowheat_scroll,elapsed_seconds,1611510062,9.5449816059554
scroll,slowheat_scroll,elapsed_seconds,333205446,9.464239252993139
scroll,slowheat_scroll,elapsed_seconds,130501536,9.633323488029419
scroll,slowheat_scroll,elapsed_seconds,492612040,9.538436587987235
scroll,slowheat_scroll,learner_examples_processed,2101606466,0.0
scroll,slowheat_scroll,learner_examples_processed,1872839281,0.0
scroll,slowheat_scroll,learner_examples_processed,637029796,0.0
scroll,slowheat_scroll,learner_examples_processed,1357204345,0.0
scroll,slowheat_scroll,learner_examples_processed,1758462037,0.0
scroll,slowheat_scroll,learner_examples_processed,748737880,0.0
scroll,slowheat_scroll,learner_examples_processed,1611510062,0.0
scroll,slowheat_scroll,learner_examples_processed,333205446,0.0
scroll,slowheat_scroll,learner_examples_processed,130501536,0.0
scroll,slowheat_scroll,learner_examples_processed,492612040,0.0
scroll,slowheat_scroll,total_model_examples_processed,2101606466,0.0
scroll,slowheat_scroll,total_model_examples_processed,1872839281,0.0
scroll,slowheat_scroll,total_model_examples_processed,637029796,0.0
scroll,slowheat_scroll,total_model_examples_processed,1357204345,0.0
scroll,slowheat_scroll,total_model_examples_processed,1758462037,0.0
scroll,slowheat_scroll,total_model_examples_processed,748737880,0.0
scroll,slowheat_scroll,total_model_examples_processed,1611510062,0.0
scroll,slowheat_scroll,total_model_examples_processed,333205446,0.0
scroll,slowheat_scroll,total_model_examples_processed,130501536,0.0
scroll,slowheat_scroll,total_model_examples_processed,492612040,0.0
scroll,slowheat_scroll,estimated_total_flops,2101606466,4609561280.0
scroll,slowheat_scroll,estimated_total_flops,1872839281,4609561280.0
scroll,slowheat_scroll,estimated_total_flops,637029796,4609561280.0
scroll,slowheat_scroll,estimated_total_flops,1357204345,4609561280.0
scroll,slowheat_scroll,estimated_total_flops,1758462037,4609561280.0
scroll,slowheat_scroll,estimated_total_flops,748737880,4609561280.0
scroll,slowheat_scroll,estimated_total_flops,1611510062,4609561280.0
scroll,slowheat_scroll,estimated_total_flops,333205446,4609561280.0
scroll,slowheat_scroll,estimated_total_flops,130501536,4609561280.0
scroll,slowheat_scroll,estimated_total_flops,492612040,4609561280.0
scroll,slowheat_scroll,estimated_overhead_flops,2101606466,4609561280.0
scroll,slowheat_scroll,estimated_overhead_flops,1872839281,4609561280.0
scroll,slowheat_scroll,estimated_overhead_flops,637029796,4609561280.0
scroll,slowheat_scroll,estimated_overhead_flops,1357204345,4609561280.0
scroll,slowheat_scroll,estimated_overhead_flops,1758462037,4609561280.0
scroll,slowheat_scroll,estimated_overhead_flops,748737880,4609561280.0
scroll,slowheat_scroll,estimated_overhead_flops,1611510062,4609561280.0
scroll,slowheat_scroll,estimated_overhead_flops,333205446,4609561280.0
scroll,slowheat_scroll,estimated_overhead_flops,130501536,4609561280.0
scroll,slowheat_scroll,estimated_overhead_flops,492612040,4609561280.0
scroll,slowheat_scroll,replay_memory_bytes,2101606466,0.0
scroll,slowheat_scroll,replay_memory_bytes,1872839281,0.0
scroll,slowheat_scroll,replay_memory_bytes,637029796,0.0
scroll,slowheat_scroll,replay_memory_bytes,1357204345,0.0
scroll,slowheat_scroll,replay_memory_bytes,1758462037,0.0
scroll,slowheat_scroll,replay_memory_bytes,748737880,0.0
scroll,slowheat_scroll,replay_memory_bytes,1611510062,0.0
scroll,slowheat_scroll,replay_memory_bytes,333205446,0.0
scroll,slowheat_scroll,replay_memory_bytes,130501536,0.0
scroll,slowheat_scroll,replay_memory_bytes,492612040,0.0
scroll,slowheat_scroll,stored_logits_bytes,2101606466,0.0
scroll,slowheat_scroll,stored_logits_bytes,1872839281,0.0
scroll,slowheat_scroll,stored_logits_bytes,637029796,0.0
scroll,slowheat_scroll,stored_logits_bytes,1357204345,0.0
scroll,slowheat_scroll,stored_logits_bytes,1758462037,0.0
scroll,slowheat_scroll,stored_logits_bytes,748737880,0.0
scroll,slowheat_scroll,stored_logits_bytes,1611510062,0.0
scroll,slowheat_scroll,stored_logits_bytes,333205446,0.0
scroll,slowheat_scroll,stored_logits_bytes,130501536,0.0
scroll,slowheat_scroll,stored_logits_bytes,492612040,0.0
scroll,slowheat_scroll,replay_metadata_bytes,2101606466,0.0
scroll,slowheat_scroll,replay_metadata_bytes,1872839281,0.0
scroll,slowheat_scroll,replay_metadata_bytes,637029796,0.0
scroll,slowheat_scroll,replay_metadata_bytes,1357204345,0.0
scroll,slowheat_scroll,replay_metadata_bytes,1758462037,0.0
scroll,slowheat_scroll,replay_metadata_bytes,748737880,0.0
scroll,slowheat_scroll,replay_metadata_bytes,1611510062,0.0
scroll,slowheat_scroll,replay_metadata_bytes,333205446,0.0
scroll,slowheat_scroll,replay_metadata_bytes,130501536,0.0
scroll,slowheat_scroll,replay_metadata_bytes,492612040,0.0
scroll,slowheat_scroll,selector_forward_examples,2101606466,0.0
scroll,slowheat_scroll,selector_forward_examples,1872839281,0.0
scroll,slowheat_scroll,selector_forward_examples,637029796,0.0
scroll,slowheat_scroll,selector_forward_examples,1357204345,0.0
scroll,slowheat_scroll,selector_forward_examples,1758462037,0.0
scroll,slowheat_scroll,selector_forward_examples,748737880,0.0
scroll,slowheat_scroll,selector_forward_examples,1611510062,0.0
scroll,slowheat_scroll,selector_forward_examples,333205446,0.0
scroll,slowheat_scroll,selector_forward_examples,130501536,0.0
scroll,slowheat_scroll,selector_forward_examples,492612040,0.0
scroll,slowheat_scroll,selection_seconds,2101606466,0.002198247006163001
scroll,slowheat_scroll,selection_seconds,1872839281,-0.00041738105937838554
scroll,slowheat_scroll,selection_seconds,637029796,-7.387102232314646e-05
scroll,slowheat_scroll,selection_seconds,1357204345,0.00028960805502720177
scroll,slowheat_scroll,selection_seconds,1758462037,-0.00045537203550338745
scroll,slowheat_scroll,selection_seconds,748737880,-0.0010207699378952384
scroll,slowheat_scroll,selection_seconds,1611510062,0.0009685709956102073
scroll,slowheat_scroll,selection_seconds,333205446,-6.459100404754281e-05
scroll,slowheat_scroll,selection_seconds,130501536,0.00022100494243204594
scroll,slowheat_scroll,selection_seconds,492612040,-0.00011935504153370857
