reference,method,metric,seed,difference
vanilla,slowheat_none,final_average_accuracy,2101606466,0.0030000000000000027
vanilla,slowheat_none,final_average_accuracy,1872839281,-0.0008000000000000229
vanilla,slowheat_none,final_average_accuracy,637029796,-0.0025000000000000022
vanilla,slowheat_none,final_average_accuracy,1357204345,0.001600000000000018
vanilla,slowheat_none,final_average_accuracy,1758462037,-0.0031000000000000194
vanilla,slowheat_none,final_average_accuracy,748737880,-0.00520000000000001
vanilla,slowheat_none,final_average_accuracy,1611510062,0.0007999999999999952
vanilla,slowheat_none,final_average_accuracy,333205446,-0.0010999999999999899
vanilla,slowheat_none,final_average_accuracy,130501536,-0.0006999999999999784
vanilla,slowheat_none,final_average_accuracy,492612040,0.00040000000000001146
vanilla,slowheat_none,average_forgetting,2101606466,0.0007500000000001394
vanilla,slowheat_none,average_forgetting,1872839281,0.0015000000000000568
vanilla,slowheat_none,average_forgetting,637029796,-0.005375000000000019
vanilla,slowheat_none,average_forgetting,1357204345,0.0026249999999999885
vanilla,slowheat_none,average_forgetting,1758462037,0.009624999999999995
vanilla,slowheat_none,average_forgetting,748737880,-1.1102230246251565e-16
vanilla,slowheat_none,average_forgetting,1611510062,-0.0003750000000000142
vanilla,slowheat_none,average_forgetting,333205446,-0.0031250000000000444
vanilla,slowheat_none,average_forgetting,130501536,0.0022499999999998632
vanilla,slowheat_none,average_forgetting,492612040,-0.0008749999999999591
vanilla,slowheat_none,backward_transfer,2101606466,-0.0007500000000001394
vanilla,slowheat_none,backward_transfer,1872839281,-0.0015000000000000568
vanilla,slowheat_none,backward_transfer,637029796,0.005375000000000019
vanilla,slowheat_none,backward_transfer,1357204345,-0.0026249999999999885
vanilla,slowheat_none,backward_transfer,1758462037,-0.009624999999999995
vanilla,slowheat_none,backward_transfer,748737880,1.1102230246251565e-16
vanilla,slowheat_none,backward_transfer,1611510062,0.0003750000000000142
vanilla,slowheat_none,backward_transfer,333205446,0.0031250000000000444
vanilla,slowheat_none,backward_transfer,130501536,-0.0022499999999998632
vanilla,slowheat_none,backward_transfer,492612040,0.0008749999999999591
vanilla,slowheat_none,forward_transfer,2101606466,-0.000125000000000014
vanilla,slowheat_none,forward_transfer,1872839281,-0.0010000000000000009
vanilla,slowheat_none,forward_transfer,637029796,-0.0017500000000000016
vanilla,slowheat_none,forward_transfer,1357204345,-0.000125000000000014
vanilla,slowheat_none,forward_transfer,1758462037,-0.0005000000000000004
vanilla,slowheat_none,forward_transfer,748737880,-0.0002500000000000002
vanilla,slowheat_none,forward_transfer,1611510062,0.000125000000000014
vanilla,slowheat_none,forward_transfer,333205446,-0.0001250000000000001
vanilla,slowheat_none,forward_transfer,130501536,0.0
vanilla,slowheat_none,forward_transfer,492612040,0.0
vanilla,slowheat_none,task_aware_final_accuracy,2101606466,0.04679999999999995
vanilla,slowheat_none,task_aware_final_accuracy,1872839281,-0.023399999999999976
vanilla,slowheat_none,task_aware_final_accuracy,637029796,-0.015099999999999891
vanilla,slowheat_none,task_aware_final_accuracy,1357204345,0.06869999999999987
vanilla,slowheat_none,task_aware_final_accuracy,1758462037,-0.00019999999999997797
vanilla,slowheat_none,task_aware_final_accuracy,748737880,-0.05449999999999999
vanilla,slowheat_none,task_aware_final_accuracy,1611510062,-0.059499999999999886
vanilla,slowheat_none,task_aware_final_accuracy,333205446,-0.008999999999999897
vanilla,slowheat_none,task_aware_final_accuracy,130501536,0.00979999999999992
vanilla,slowheat_none,task_aware_final_accuracy,492612040,-0.000500000000000056
vanilla,slowheat_none,task_aware_forgetting,2101606466,-0.05400000000000005
vanilla,slowheat_none,task_aware_forgetting,1872839281,0.02975
vanilla,slowheat_none,task_aware_forgetting,637029796,0.010374999999999968
vanilla,slowheat_none,task_aware_forgetting,1357204345,-0.08124999999999993
vanilla,slowheat_none,task_aware_forgetting,1758462037,0.00599999999999995
vanilla,slowheat_none,task_aware_forgetting,748737880,0.06162500000000004
vanilla,slowheat_none,task_aware_forgetting,1611510062,0.07500000000000001
vanilla,slowheat_none,task_aware_forgetting,333205446,0.006749999999999978
vanilla,slowheat_none,task_aware_forgetting,130501536,-0.010874999999999968
vanilla,slowheat_none,task_aware_forgetting,492612040,0.00024999999999997247
vanilla,slowheat_none,classifier_gap,2101606466,0.04379999999999995
vanilla,slowheat_none,classifier_gap,1872839281,-0.022599999999999953
vanilla,slowheat_none,classifier_gap,637029796,-0.012599999999999945
vanilla,slowheat_none,classifier_gap,1357204345,0.06709999999999988
vanilla,slowheat_none,classifier_gap,1758462037,0.002900000000000069
vanilla,slowheat_none,classifier_gap,748737880,-0.04930000000000001
vanilla,slowheat_none,classifier_gap,1611510062,-0.06029999999999991
vanilla,slowheat_none,classifier_gap,333205446,-0.007899999999999907
vanilla,slowheat_none,classifier_gap,130501536,0.010499999999999898
vanilla,slowheat_none,classifier_gap,492612040,-0.0009000000000000674
vanilla,slowheat_none,elapsed_seconds,2101606466,4.93906669900025
vanilla,slowheat_none,elapsed_seconds,1872839281,5.062773512003332
vanilla,slowheat_none,elapsed_seconds,637029796,5.082485793998785
vanilla,slowheat_none,elapsed_seconds,1357204345,5.021524007002881
vanilla,slowheat_none,elapsed_seconds,1758462037,5.039683181999862
vanilla,slowheat_none,elapsed_seconds,748737880,5.093213224001374
vanilla,slowheat_none,elapsed_seconds,1611510062,62.07885795699622
vanilla,slowheat_none,elapsed_seconds,333205446,5.097769923002488
vanilla,slowheat_none,elapsed_seconds,130501536,4.9550644200026
vanilla,slowheat_none,elapsed_seconds,492612040,5.0916723890004505
vanilla,slowheat_none,learner_examples_processed,2101606466,0.0
vanilla,slowheat_none,learner_examples_processed,1872839281,0.0
vanilla,slowheat_none,learner_examples_processed,637029796,0.0
vanilla,slowheat_none,learner_examples_processed,1357204345,0.0
vanilla,slowheat_none,learner_examples_processed,1758462037,0.0
vanilla,slowheat_none,learner_examples_processed,748737880,0.0
vanilla,slowheat_none,learner_examples_processed,1611510062,0.0
vanilla,slowheat_none,learner_examples_processed,333205446,0.0
vanilla,slowheat_none,learner_examples_processed,130501536,0.0
vanilla,slowheat_none,learner_examples_processed,492612040,0.0
vanilla,slowheat_none,total_model_examples_processed,2101606466,0.0
vanilla,slowheat_none,total_model_examples_processed,1872839281,0.0
vanilla,slowheat_none,total_model_examples_processed,637029796,0.0
vanilla,slowheat_none,total_model_examples_processed,1357204345,0.0
vanilla,slowheat_none,total_model_examples_processed,1758462037,0.0
vanilla,slowheat_none,total_model_examples_processed,748737880,0.0
vanilla,slowheat_none,total_model_examples_processed,1611510062,0.0
vanilla,slowheat_none,total_model_examples_processed,333205446,0.0
vanilla,slowheat_none,total_model_examples_processed,130501536,0.0
vanilla,slowheat_none,total_model_examples_processed,492612040,0.0
vanilla,slowheat_none,estimated_total_flops,2101606466,120068550.0
vanilla,slowheat_none,estimated_total_flops,1872839281,120068550.0
vanilla,slowheat_none,estimated_total_flops,637029796,120068550.0
vanilla,slowheat_none,estimated_total_flops,1357204345,120068550.0
vanilla,slowheat_none,estimated_total_flops,1758462037,120068550.0
vanilla,slowheat_none,estimated_total_flops,748737880,120068550.0
vanilla,slowheat_none,estimated_total_flops,1611510062,120068550.0
vanilla,slowheat_none,estimated_total_flops,333205446,120068550.0
vanilla,slowheat_none,estimated_total_flops,130501536,120068550.0
vanilla,slowheat_none,estimated_total_flops,492612040,120068550.0
vanilla,slowheat_none,estimated_overhead_flops,2101606466,120068550.0
vanilla,slowheat_none,estimated_overhead_flops,1872839281,120068550.0
vanilla,slowheat_none,estimated_overhead_flops,637029796,120068550.0
vanilla,slowheat_none,estimated_overhead_flops,1357204345,120068550.0
vanilla,slowheat_none,estimated_overhead_flops,1758462037,120068550.0
vanilla,slowheat_none,estimated_overhead_flops,748737880,120068550.0
vanilla,slowheat_none,estimated_overhead_flops,1611510062,120068550.0
vanilla,slowheat_none,estimated_overhead_flops,333205446,120068550.0
vanilla,slowheat_none,estimated_overhead_flops,130501536,120068550.0
vanilla,slowheat_none,estimated_overhead_flops,492612040,120068550.0
vanilla,slowheat_none,replay_memory_bytes,2101606466,0.0
vanilla,slowheat_none,replay_memory_bytes,1872839281,0.0
vanilla,slowheat_none,replay_memory_bytes,637029796,0.0
vanilla,slowheat_none,replay_memory_bytes,1357204345,0.0
vanilla,slowheat_none,replay_memory_bytes,1758462037,0.0
vanilla,slowheat_none,replay_memory_bytes,748737880,0.0
vanilla,slowheat_none,replay_memory_bytes,1611510062,0.0
vanilla,slowheat_none,replay_memory_bytes,333205446,0.0
vanilla,slowheat_none,replay_memory_bytes,130501536,0.0
vanilla,slowheat_none,replay_memory_bytes,492612040,0.0
vanilla,slowheat_none,stored_logits_bytes,2101606466,0.0
vanilla,slowheat_none,stored_logits_bytes,1872839281,0.0
vanilla,slowheat_none,stored_logits_bytes,637029796,0.0
vanilla,slowheat_none,stored_logits_bytes,1357204345,0.0
vanilla,slowheat_none,stored_logits_bytes,1758462037,0.0
vanilla,slowheat_none,stored_logits_bytes,748737880,0.0
vanilla,slowheat_none,stored_logits_bytes,1611510062,0.0
vanilla,slowheat_none,stored_logits_bytes,333205446,0.0
vanilla,slowheat_none,stored_logits_bytes,130501536,0.0
vanilla,slowheat_none,stored_logits_bytes,492612040,0.0
vanilla,slowheat_unidirectional_beta_3_budget_0.50,final_average_accuracy,2101606466,0.0022999999999999965
vanilla,slowheat_unidirectional_beta_3_budget_0.50,final_average_accuracy,1872839281,-0.0031000000000000194
vanilla,slowheat_unidirectional_beta_3_budget_0.50,final_average_accuracy,637029796,-0.001799999999999996
vanilla,slowheat_unidirectional_beta_3_budget_0.50,final_average_accuracy,1357204345,0.0009000000000000119
vanilla,slowheat_unidirectional_beta_3_budget_0.50,final_average_accuracy,1758462037,-0.005900000000000016
vanilla,slowheat_unidirectional_beta_3_budget_0.50,final_average_accuracy,748737880,-0.0029000000000000137
vanilla,slowheat_unidirectional_beta_3_budget_0.50,final_average_accuracy,1611510062,-0.0014000000000000123
vanilla,slowheat_unidirectional_beta_3_budget_0.50,final_average_accuracy,333205446,0.0041999999999999815
vanilla,slowheat_unidirectional_beta_3_budget_0.50,final_average_accuracy,130501536,0.0002999999999999947
vanilla,slowheat_unidirectional_beta_3_budget_0.50,final_average_accuracy,492612040,0.002799999999999969
vanilla,slowheat_unidirectional_beta_3_budget_0.50,average_forgetting,2101606466,-0.014124999999999943
vanilla,slowheat_unidirectional_beta_3_budget_0.50,average_forgetting,1872839281,-0.015249999999999986
vanilla,slowheat_unidirectional_beta_3_budget_0.50,average_forgetting,637029796,-0.017874999999999974
vanilla,slowheat_unidirectional_beta_3_budget_0.50,average_forgetting,1357204345,-0.017625000000000002
vanilla,slowheat_unidirectional_beta_3_budget_0.50,average_forgetting,1758462037,0.00187499999999996
vanilla,slowheat_unidirectional_beta_3_budget_0.50,average_forgetting,748737880,-0.007875000000000076
vanilla,slowheat_unidirectional_beta_3_budget_0.50,average_forgetting,1611510062,-0.0007500000000000284
vanilla,slowheat_unidirectional_beta_3_budget_0.50,average_forgetting,333205446,-0.018750000000000044
vanilla,slowheat_unidirectional_beta_3_budget_0.50,average_forgetting,130501536,-0.004250000000000087
vanilla,slowheat_unidirectional_beta_3_budget_0.50,average_forgetting,492612040,-0.00824999999999998
vanilla,slowheat_unidirectional_beta_3_budget_0.50,backward_transfer,2101606466,0.014124999999999943
vanilla,slowheat_unidirectional_beta_3_budget_0.50,backward_transfer,1872839281,0.015249999999999986
vanilla,slowheat_unidirectional_beta_3_budget_0.50,backward_transfer,637029796,0.017874999999999974
vanilla,slowheat_unidirectional_beta_3_budget_0.50,backward_transfer,1357204345,0.017625000000000002
vanilla,slowheat_unidirectional_beta_3_budget_0.50,backward_transfer,1758462037,-0.00187499999999996
vanilla,slowheat_unidirectional_beta_3_budget_0.50,backward_transfer,748737880,0.007875000000000076
vanilla,slowheat_unidirectional_beta_3_budget_0.50,backward_transfer,1611510062,0.0007500000000000284
vanilla,slowheat_unidirectional_beta_3_budget_0.50,backward_transfer,333205446,0.018750000000000044
vanilla,slowheat_unidirectional_beta_3_budget_0.50,backward_transfer,130501536,0.004250000000000087
vanilla,slowheat_unidirectional_beta_3_budget_0.50,backward_transfer,492612040,0.00824999999999998
vanilla,slowheat_unidirectional_beta_3_budget_0.50,forward_transfer,2101606466,0.0002500000000000002
vanilla,slowheat_unidirectional_beta_3_budget_0.50,forward_transfer,1872839281,0.0002500000000000002
vanilla,slowheat_unidirectional_beta_3_budget_0.50,forward_transfer,637029796,0.0007500000000000007
vanilla,slowheat_unidirectional_beta_3_budget_0.50,forward_transfer,1357204345,0.0
vanilla,slowheat_unidirectional_beta_3_budget_0.50,forward_transfer,1758462037,0.0
vanilla,slowheat_unidirectional_beta_3_budget_0.50,forward_transfer,748737880,-0.000125000000000014
vanilla,slowheat_unidirectional_beta_3_budget_0.50,forward_transfer,1611510062,0.0
vanilla,slowheat_unidirectional_beta_3_budget_0.50,forward_transfer,333205446,0.0001250000000000001
vanilla,slowheat_unidirectional_beta_3_budget_0.50,forward_transfer,130501536,0.0
vanilla,slowheat_unidirectional_beta_3_budget_0.50,forward_transfer,492612040,-0.00037500000000000033
vanilla,slowheat_unidirectional_beta_3_budget_0.50,task_aware_final_accuracy,2101606466,-0.0006999999999999229
vanilla,slowheat_unidirectional_beta_3_budget_0.50,task_aware_final_accuracy,1872839281,-0.07019999999999993
vanilla,slowheat_unidirectional_beta_3_budget_0.50,task_aware_final_accuracy,637029796,-0.02269999999999983
vanilla,slowheat_unidirectional_beta_3_budget_0.50,task_aware_final_accuracy,1357204345,-0.0050000000000002265
vanilla,slowheat_unidirectional_beta_3_budget_0.50,task_aware_final_accuracy,1758462037,0.03069999999999995
vanilla,slowheat_unidirectional_beta_3_budget_0.50,task_aware_final_accuracy,748737880,-0.06099999999999994
vanilla,slowheat_unidirectional_beta_3_budget_0.50,task_aware_final_accuracy,1611510062,-0.026699999999999835
vanilla,slowheat_unidirectional_beta_3_budget_0.50,task_aware_final_accuracy,333205446,0.022800000000000042
vanilla,slowheat_unidirectional_beta_3_budget_0.50,task_aware_final_accuracy,130501536,0.023699999999999943
vanilla,slowheat_unidirectional_beta_3_budget_0.50,task_aware_final_accuracy,492612040,-0.0394000000000001
vanilla,slowheat_unidirectional_beta_3_budget_0.50,task_aware_forgetting,2101606466,-0.010375000000000023
vanilla,slowheat_unidirectional_beta_3_budget_0.50,task_aware_forgetting,1872839281,0.06862499999999999
vanilla,slowheat_unidirectional_beta_3_budget_0.50,task_aware_forgetting,637029796,0.008249999999999924
vanilla,slowheat_unidirectional_beta_3_budget_0.50,task_aware_forgetting,1357204345,-0.010249999999999981
vanilla,slowheat_unidirectional_beta_3_budget_0.50,task_aware_forgetting,1758462037,-0.04387500000000005
vanilla,slowheat_unidirectional_beta_3_budget_0.50,task_aware_forgetting,748737880,0.06475000000000003
vanilla,slowheat_unidirectional_beta_3_budget_0.50,task_aware_forgetting,1611510062,0.03087500000000004
vanilla,slowheat_unidirectional_beta_3_budget_0.50,task_aware_forgetting,333205446,-0.04200000000000004
vanilla,slowheat_unidirectional_beta_3_budget_0.50,task_aware_forgetting,130501536,-0.033500000000000085
vanilla,slowheat_unidirectional_beta_3_budget_0.50,task_aware_forgetting,492612040,0.04450000000000004
vanilla,slowheat_unidirectional_beta_3_budget_0.50,classifier_gap,2101606466,-0.002999999999999947
vanilla,slowheat_unidirectional_beta_3_budget_0.50,classifier_gap,1872839281,-0.06709999999999988
vanilla,slowheat_unidirectional_beta_3_budget_0.50,classifier_gap,637029796,-0.020899999999999863
vanilla,slowheat_unidirectional_beta_3_budget_0.50,classifier_gap,1357204345,-0.005900000000000238
vanilla,slowheat_unidirectional_beta_3_budget_0.50,classifier_gap,1758462037,0.036599999999999966
vanilla,slowheat_unidirectional_beta_3_budget_0.50,classifier_gap,748737880,-0.05809999999999993
vanilla,slowheat_unidirectional_beta_3_budget_0.50,classifier_gap,1611510062,-0.025299999999999823
vanilla,slowheat_unidirectional_beta_3_budget_0.50,classifier_gap,333205446,0.01860000000000006
vanilla,slowheat_unidirectional_beta_3_budget_0.50,classifier_gap,130501536,0.02339999999999992
vanilla,slowheat_unidirectional_beta_3_budget_0.50,classifier_gap,492612040,-0.04220000000000007
vanilla,slowheat_unidirectional_beta_3_budget_0.50,elapsed_seconds,2101606466,4.512338222000835
vanilla,slowheat_unidirectional_beta_3_budget_0.50,elapsed_seconds,1872839281,4.686904925998533
vanilla,slowheat_unidirectional_beta_3_budget_0.50,elapsed_seconds,637029796,4.970193031000235
vanilla,slowheat_unidirectional_beta_3_budget_0.50,elapsed_seconds,1357204345,4.6557612660035375
vanilla,slowheat_unidirectional_beta_3_budget_0.50,elapsed_seconds,1758462037,4.7603976230020635
vanilla,slowheat_unidirectional_beta_3_budget_0.50,elapsed_seconds,748737880,4.932808810001006
vanilla,slowheat_unidirectional_beta_3_budget_0.50,elapsed_seconds,1611510062,60.30906657699961
vanilla,slowheat_unidirectional_beta_3_budget_0.50,elapsed_seconds,333205446,4.848113471001852
vanilla,slowheat_unidirectional_beta_3_budget_0.50,elapsed_seconds,130501536,4.8825091050021
vanilla,slowheat_unidirectional_beta_3_budget_0.50,elapsed_seconds,492612040,4.791761241998756
vanilla,slowheat_unidirectional_beta_3_budget_0.50,learner_examples_processed,2101606466,0.0
vanilla,slowheat_unidirectional_beta_3_budget_0.50,learner_examples_processed,1872839281,0.0
vanilla,slowheat_unidirectional_beta_3_budget_0.50,learner_examples_processed,637029796,0.0
vanilla,slowheat_unidirectional_beta_3_budget_0.50,learner_examples_processed,1357204345,0.0
vanilla,slowheat_unidirectional_beta_3_budget_0.50,learner_examples_processed,1758462037,0.0
vanilla,slowheat_unidirectional_beta_3_budget_0.50,learner_examples_processed,748737880,0.0
vanilla,slowheat_unidirectional_beta_3_budget_0.50,learner_examples_processed,1611510062,0.0
vanilla,slowheat_unidirectional_beta_3_budget_0.50,learner_examples_processed,333205446,0.0
vanilla,slowheat_unidirectional_beta_3_budget_0.50,learner_examples_processed,130501536,0.0
vanilla,slowheat_unidirectional_beta_3_budget_0.50,learner_examples_processed,492612040,0.0
vanilla,slowheat_unidirectional_beta_3_budget_0.50,total_model_examples_processed,2101606466,0.0
vanilla,slowheat_unidirectional_beta_3_budget_0.50,total_model_examples_processed,1872839281,0.0
vanilla,slowheat_unidirectional_beta_3_budget_0.50,total_model_examples_processed,637029796,0.0
vanilla,slowheat_unidirectional_beta_3_budget_0.50,total_model_examples_processed,1357204345,0.0
vanilla,slowheat_unidirectional_beta_3_budget_0.50,total_model_examples_processed,1758462037,0.0
vanilla,slowheat_unidirectional_beta_3_budget_0.50,total_model_examples_processed,748737880,0.0
vanilla,slowheat_unidirectional_beta_3_budget_0.50,total_model_examples_processed,1611510062,0.0
vanilla,slowheat_unidirectional_beta_3_budget_0.50,total_model_examples_processed,333205446,0.0
vanilla,slowheat_unidirectional_beta_3_budget_0.50,total_model_examples_processed,130501536,0.0
vanilla,slowheat_unidirectional_beta_3_budget_0.50,total_model_examples_processed,492612040,0.0
vanilla,slowheat_unidirectional_beta_3_budget_0.50,estimated_total_flops,2101606466,120071470.0
vanilla,slowheat_unidirectional_beta_3_budget_0.50,estimated_total_flops,1872839281,120071470.0
vanilla,slowheat_unidirectional_beta_3_budget_0.50,estimated_total_flops,637029796,120071470.0
vanilla,slowheat_unidirectional_beta_3_budget_0.50,estimated_total_flops,1357204345,120071470.0
vanilla,slowheat_unidirectional_beta_3_budget_0.50,estimated_total_flops,1758462037,120071470.0
vanilla,slowheat_unidirectional_beta_3_budget_0.50,estimated_total_flops,748737880,120071470.0
vanilla,slowheat_unidirectional_beta_3_budget_0.50,estimated_total_flops,1611510062,120071470.0
vanilla,slowheat_unidirectional_beta_3_budget_0.50,estimated_total_flops,333205446,120071470.0
vanilla,slowheat_unidirectional_beta_3_budget_0.50,estimated_total_flops,130501536,120071470.0
vanilla,slowheat_unidirectional_beta_3_budget_0.50,estimated_total_flops,492612040,120071470.0
vanilla,slowheat_unidirectional_beta_3_budget_0.50,estimated_overhead_flops,2101606466,120071470.0
vanilla,slowheat_unidirectional_beta_3_budget_0.50,estimated_overhead_flops,1872839281,120071470.0
vanilla,slowheat_unidirectional_beta_3_budget_0.50,estimated_overhead_flops,637029796,120071470.0
vanilla,slowheat_unidirectional_beta_3_budget_0.50,estimated_overhead_flops,1357204345,120071470.0
vanilla,slowheat_unidirectional_beta_3_budget_0.50,estimated_overhead_flops,1758462037,120071470.0
vanilla,slowheat_unidirectional_beta_3_budget_0.50,estimated_overhead_flops,748737880,120071470.0
vanilla,slowheat_unidirectional_beta_3_budget_0.50,estimated_overhead_flops,1611510062,120071470.0
vanilla,slowheat_unidirectional_beta_3_budget_0.50,estimated_overhead_flops,333205446,120071470.0
vanilla,slowheat_unidirectional_beta_3_budget_0.50,estimated_overhead_flops,130501536,120071470.0
vanilla,slowheat_unidirectional_beta_3_budget_0.50,estimated_overhead_flops,492612040,120071470.0
vanilla,slowheat_unidirectional_beta_3_budget_0.50,replay_memory_bytes,2101606466,0.0
vanilla,slowheat_unidirectional_beta_3_budget_0.50,replay_memory_bytes,1872839281,0.0
vanilla,slowheat_unidirectional_beta_3_budget_0.50,replay_memory_bytes,637029796,0.0
vanilla,slowheat_unidirectional_beta_3_budget_0.50,replay_memory_bytes,1357204345,0.0
vanilla,slowheat_unidirectional_beta_3_budget_0.50,replay_memory_bytes,1758462037,0.0
vanilla,slowheat_unidirectional_beta_3_budget_0.50,replay_memory_bytes,748737880,0.0
vanilla,slowheat_unidirectional_beta_3_budget_0.50,replay_memory_bytes,1611510062,0.0
vanilla,slowheat_unidirectional_beta_3_budget_0.50,replay_memory_bytes,333205446,0.0
vanilla,slowheat_unidirectional_beta_3_budget_0.50,replay_memory_bytes,130501536,0.0
vanilla,slowheat_unidirectional_beta_3_budget_0.50,replay_memory_bytes,492612040,0.0
vanilla,slowheat_unidirectional_beta_3_budget_0.50,stored_logits_bytes,2101606466,0.0
vanilla,slowheat_unidirectional_beta_3_budget_0.50,stored_logits_bytes,1872839281,0.0
vanilla,slowheat_unidirectional_beta_3_budget_0.50,stored_logits_bytes,637029796,0.0
vanilla,slowheat_unidirectional_beta_3_budget_0.50,stored_logits_bytes,1357204345,0.0
vanilla,slowheat_unidirectional_beta_3_budget_0.50,stored_logits_bytes,1758462037,0.0
vanilla,slowheat_unidirectional_beta_3_budget_0.50,stored_logits_bytes,748737880,0.0
vanilla,slowheat_unidirectional_beta_3_budget_0.50,stored_logits_bytes,1611510062,0.0
vanilla,slowheat_unidirectional_beta_3_budget_0.50,stored_logits_bytes,333205446,0.0
vanilla,slowheat_unidirectional_beta_3_budget_0.50,stored_logits_bytes,130501536,0.0
vanilla,slowheat_unidirectional_beta_3_budget_0.50,stored_logits_bytes,492612040,0.0
vanilla,slowheat_unidirectional_beta_3_budget_0.75,final_average_accuracy,2101606466,0.0015000000000000013
vanilla,slowheat_unidirectional_beta_3_budget_0.75,final_average_accuracy,1872839281,-0.0018000000000000238
vanilla,slowheat_unidirectional_beta_3_budget_0.75,final_average_accuracy,637029796,-0.001899999999999985
vanilla,slowheat_unidirectional_beta_3_budget_0.75,final_average_accuracy,1357204345,0.0040000000000000036
vanilla,slowheat_unidirectional_beta_3_budget_0.75,final_average_accuracy,1758462037,0.0002999999999999947
vanilla,slowheat_unidirectional_beta_3_budget_0.75,final_average_accuracy,748737880,-0.0005000000000000004
vanilla,slowheat_unidirectional_beta_3_budget_0.75,final_average_accuracy,1611510062,-0.001799999999999996
vanilla,slowheat_unidirectional_beta_3_budget_0.75,final_average_accuracy,333205446,-0.0009000000000000119
vanilla,slowheat_unidirectional_beta_3_budget_0.75,final_average_accuracy,130501536,-9.999999999998899e-05
vanilla,slowheat_unidirectional_beta_3_budget_0.75,final_average_accuracy,492612040,0.0008999999999999841
vanilla,slowheat_unidirectional_beta_3_budget_0.75,average_forgetting,2101606466,-0.003249999999999975
vanilla,slowheat_unidirectional_beta_3_budget_0.75,average_forgetting,1872839281,-0.005125000000000046
vanilla,slowheat_unidirectional_beta_3_budget_0.75,average_forgetting,637029796,-0.005374999999999908
vanilla,slowheat_unidirectional_beta_3_budget_0.75,average_forgetting,1357204345,-0.008375000000000021
vanilla,slowheat_unidirectional_beta_3_budget_0.75,average_forgetting,1758462037,0.004749999999999921
vanilla,slowheat_unidirectional_beta_3_budget_0.75,average_forgetting,748737880,-0.015250000000000097
vanilla,slowheat_unidirectional_beta_3_budget_0.75,average_forgetting,1611510062,-0.0021250000000000435
vanilla,slowheat_unidirectional_beta_3_budget_0.75,average_forgetting,333205446,-0.01012500000000005
vanilla,slowheat_unidirectional_beta_3_budget_0.75,average_forgetting,130501536,-0.0026249999999999885
vanilla,slowheat_unidirectional_beta_3_budget_0.75,average_forgetting,492612040,-0.003375000000000017
vanilla,slowheat_unidirectional_beta_3_budget_0.75,backward_transfer,2101606466,0.003249999999999975
vanilla,slowheat_unidirectional_beta_3_budget_0.75,backward_transfer,1872839281,0.005125000000000046
vanilla,slowheat_unidirectional_beta_3_budget_0.75,backward_transfer,637029796,0.005374999999999908
vanilla,slowheat_unidirectional_beta_3_budget_0.75,backward_transfer,1357204345,0.008375000000000021
vanilla,slowheat_unidirectional_beta_3_budget_0.75,backward_transfer,1758462037,-0.004749999999999921
vanilla,slowheat_unidirectional_beta_3_budget_0.75,backward_transfer,748737880,0.015250000000000097
vanilla,slowheat_unidirectional_beta_3_budget_0.75,backward_transfer,1611510062,0.0021250000000000435
vanilla,slowheat_unidirectional_beta_3_budget_0.75,backward_transfer,333205446,0.01012500000000005
vanilla,slowheat_unidirectional_beta_3_budget_0.75,backward_transfer,130501536,0.0026249999999999885
vanilla,slowheat_unidirectional_beta_3_budget_0.75,backward_transfer,492612040,0.003375000000000017
vanilla,slowheat_unidirectional_beta_3_budget_0.75,forward_transfer,2101606466,0.00037499999999998646
vanilla,slowheat_unidirectional_beta_3_budget_0.75,forward_transfer,1872839281,0.00037499999999998646
vanilla,slowheat_unidirectional_beta_3_budget_0.75,forward_transfer,637029796,-0.004125000000000004
vanilla,slowheat_unidirectional_beta_3_budget_0.75,forward_transfer,1357204345,0.0
vanilla,slowheat_unidirectional_beta_3_budget_0.75,forward_transfer,1758462037,-0.000125000000000014
vanilla,slowheat_unidirectional_beta_3_budget_0.75,forward_transfer,748737880,-0.0005000000000000004
vanilla,slowheat_unidirectional_beta_3_budget_0.75,forward_transfer,1611510062,0.000125000000000014
vanilla,slowheat_unidirectional_beta_3_budget_0.75,forward_transfer,333205446,0.0
vanilla,slowheat_unidirectional_beta_3_budget_0.75,forward_transfer,130501536,0.0
vanilla,slowheat_unidirectional_beta_3_budget_0.75,forward_transfer,492612040,-0.0002500000000000002
vanilla,slowheat_unidirectional_beta_3_budget_0.75,task_aware_final_accuracy,2101606466,-0.00990000000000002
vanilla,slowheat_unidirectional_beta_3_budget_0.75,task_aware_final_accuracy,1872839281,-0.08189999999999997
vanilla,slowheat_unidirectional_beta_3_budget_0.75,task_aware_final_accuracy,637029796,0.04260000000000008
vanilla,slowheat_unidirectional_beta_3_budget_0.75,task_aware_final_accuracy,1357204345,-0.00040000000000006697
vanilla,slowheat_unidirectional_beta_3_budget_0.75,task_aware_final_accuracy,1758462037,0.030000000000000027
vanilla,slowheat_unidirectional_beta_3_budget_0.75,task_aware_final_accuracy,748737880,-0.02289999999999992
vanilla,slowheat_unidirectional_beta_3_budget_0.75,task_aware_final_accuracy,1611510062,-0.09169999999999989
vanilla,slowheat_unidirectional_beta_3_budget_0.75,task_aware_final_accuracy,333205446,0.039100000000000024
vanilla,slowheat_unidirectional_beta_3_budget_0.75,task_aware_final_accuracy,130501536,0.01619999999999988
vanilla,slowheat_unidirectional_beta_3_budget_0.75,task_aware_final_accuracy,492612040,-0.022600000000000064
vanilla,slowheat_unidirectional_beta_3_budget_0.75,task_aware_forgetting,2101606466,0.01100000000000001
vanilla,slowheat_unidirectional_beta_3_budget_0.75,task_aware_forgetting,1872839281,0.09500000000000003
vanilla,slowheat_unidirectional_beta_3_budget_0.75,task_aware_forgetting,637029796,-0.061
vanilla,slowheat_unidirectional_beta_3_budget_0.75,task_aware_forgetting,1357204345,-0.002874999999999961
vanilla,slowheat_unidirectional_beta_3_budget_0.75,task_aware_forgetting,1758462037,-0.03237500000000004
vanilla,slowheat_unidirectional_beta_3_budget_0.75,task_aware_forgetting,748737880,0.012750000000000039
vanilla,slowheat_unidirectional_beta_3_budget_0.75,task_aware_forgetting,1611510062,0.11025000000000001
vanilla,slowheat_unidirectional_beta_3_budget_0.75,task_aware_forgetting,333205446,-0.060125000000000095
vanilla,slowheat_unidirectional_beta_3_budget_0.75,task_aware_forgetting,130501536,-0.02300000000000002
vanilla,slowheat_unidirectional_beta_3_budget_0.75,task_aware_forgetting,492612040,0.026000000000000023
vanilla,slowheat_unidirectional_beta_3_budget_0.75,classifier_gap,2101606466,-0.011400000000000021
vanilla,slowheat_unidirectional_beta_3_budget_0.75,classifier_gap,1872839281,-0.08009999999999995
vanilla,slowheat_unidirectional_beta_3_budget_0.75,classifier_gap,637029796,0.04450000000000004
vanilla,slowheat_unidirectional_beta_3_budget_0.75,classifier_gap,1357204345,-0.0044000000000000705
vanilla,slowheat_unidirectional_beta_3_budget_0.75,classifier_gap,1758462037,0.02970000000000006
vanilla,slowheat_unidirectional_beta_3_budget_0.75,classifier_gap,748737880,-0.02239999999999992
vanilla,slowheat_unidirectional_beta_3_budget_0.75,classifier_gap,1611510062,-0.08989999999999987
vanilla,slowheat_unidirectional_beta_3_budget_0.75,classifier_gap,333205446,0.040000000000000036
vanilla,slowheat_unidirectional_beta_3_budget_0.75,classifier_gap,130501536,0.01629999999999987
vanilla,slowheat_unidirectional_beta_3_budget_0.75,classifier_gap,492612040,-0.023500000000000076
vanilla,slowheat_unidirectional_beta_3_budget_0.75,elapsed_seconds,2101606466,4.549767456999689
vanilla,slowheat_unidirectional_beta_3_budget_0.75,elapsed_seconds,1872839281,4.678650586000003
vanilla,slowheat_unidirectional_beta_3_budget_0.75,elapsed_seconds,637029796,4.743391670002893
vanilla,slowheat_unidirectional_beta_3_budget_0.75,elapsed_seconds,1357204345,4.738474281999515
vanilla,slowheat_unidirectional_beta_3_budget_0.75,elapsed_seconds,1758462037,4.756792576001317
vanilla,slowheat_unidirectional_beta_3_budget_0.75,elapsed_seconds,748737880,4.904984351996973
vanilla,slowheat_unidirectional_beta_3_budget_0.75,elapsed_seconds,1611510062,39.67278334099683
vanilla,slowheat_unidirectional_beta_3_budget_0.75,elapsed_seconds,333205446,4.705652088003262
vanilla,slowheat_unidirectional_beta_3_budget_0.75,elapsed_seconds,130501536,5.088274526002351
vanilla,slowheat_unidirectional_beta_3_budget_0.75,elapsed_seconds,492612040,4.76686899500055
vanilla,slowheat_unidirectional_beta_3_budget_0.75,learner_examples_processed,2101606466,0.0
vanilla,slowheat_unidirectional_beta_3_budget_0.75,learner_examples_processed,1872839281,0.0
vanilla,slowheat_unidirectional_beta_3_budget_0.75,learner_examples_processed,637029796,0.0
vanilla,slowheat_unidirectional_beta_3_budget_0.75,learner_examples_processed,1357204345,0.0
vanilla,slowheat_unidirectional_beta_3_budget_0.75,learner_examples_processed,1758462037,0.0
vanilla,slowheat_unidirectional_beta_3_budget_0.75,learner_examples_processed,748737880,0.0
vanilla,slowheat_unidirectional_beta_3_budget_0.75,learner_examples_processed,1611510062,0.0
vanilla,slowheat_unidirectional_beta_3_budget_0.75,learner_examples_processed,333205446,0.0
vanilla,slowheat_unidirectional_beta_3_budget_0.75,learner_examples_processed,130501536,0.0
vanilla,slowheat_unidirectional_beta_3_budget_0.75,learner_examples_processed,492612040,0.0
vanilla,slowheat_unidirectional_beta_3_budget_0.75,total_model_examples_processed,2101606466,0.0
vanilla,slowheat_unidirectional_beta_3_budget_0.75,total_model_examples_processed,1872839281,0.0
vanilla,slowheat_unidirectional_beta_3_budget_0.75,total_model_examples_processed,637029796,0.0
vanilla,slowheat_unidirectional_beta_3_budget_0.75,total_model_examples_processed,1357204345,0.0
vanilla,slowheat_unidirectional_beta_3_budget_0.75,total_model_examples_processed,1758462037,0.0
vanilla,slowheat_unidirectional_beta_3_budget_0.75,total_model_examples_processed,748737880,0.0
vanilla,slowheat_unidirectional_beta_3_budget_0.75,total_model_examples_processed,1611510062,0.0
vanilla,slowheat_unidirectional_beta_3_budget_0.75,total_model_examples_processed,333205446,0.0
vanilla,slowheat_unidirectional_beta_3_budget_0.75,total_model_examples_processed,130501536,0.0
vanilla,slowheat_unidirectional_beta_3_budget_0.75,total_model_examples_processed,492612040,0.0
vanilla,slowheat_unidirectional_beta_3_budget_0.75,estimated_total_flops,2101606466,120071470.0
vanilla,slowheat_unidirectional_beta_3_budget_0.75,estimated_total_flops,1872839281,120071470.0
vanilla,slowheat_unidirectional_beta_3_budget_0.75,estimated_total_flops,637029796,120071470.0
vanilla,slowheat_unidirectional_beta_3_budget_0.75,estimated_total_flops,1357204345,120071470.0
vanilla,slowheat_unidirectional_beta_3_budget_0.75,estimated_total_flops,1758462037,120071470.0
vanilla,slowheat_unidirectional_beta_3_budget_0.75,estimated_total_flops,748737880,120071470.0
vanilla,slowheat_unidirectional_beta_3_budget_0.75,estimated_total_flops,1611510062,120071470.0
vanilla,slowheat_unidirectional_beta_3_budget_0.75,estimated_total_flops,333205446,120071470.0
vanilla,slowheat_unidirectional_beta_3_budget_0.75,estimated_total_flops,130501536,120071470.0
vanilla,slowheat_unidirectional_beta_3_budget_0.75,estimated_total_flops,492612040,120071470.0
vanilla,slowheat_unidirectional_beta_3_budget_0.75,estimated_overhead_flops,2101606466,120071470.0
vanilla,slowheat_unidirectional_beta_3_budget_0.75,estimated_overhead_flops,1872839281,120071470.0
vanilla,slowheat_unidirectional_beta_3_budget_0.75,estimated_overhead_flops,637029796,120071470.0
vanilla,slowheat_unidirectional_beta_3_budget_0.75,estimated_overhead_flops,1357204345,120071470.0
vanilla,slowheat_unidirectional_beta_3_budget_0.75,estimated_overhead_flops,1758462037,120071470.0
vanilla,slowheat_unidirectional_beta_3_budget_0.75,estimated_overhead_flops,748737880,120071470.0
vanilla,slowheat_unidirectional_beta_3_budget_0.75,estimated_overhead_flops,1611510062,120071470.0
vanilla,slowheat_unidirectional_beta_3_budget_0.75,estimated_overhead_flops,333205446,120071470.0
vanilla,slowheat_unidirectional_beta_3_budget_0.75,estimated_overhead_flops,130501536,120071470.0
vanilla,slowheat_unidirectional_beta_3_budget_0.75,estimated_overhead_flops,492612040,120071470.0
vanilla,slowheat_unidirectional_beta_3_budget_0.75,replay_memory_bytes,2101606466,0.0
vanilla,slowheat_unidirectional_beta_3_budget_0.75,replay_memory_bytes,1872839281,0.0
vanilla,slowheat_unidirectional_beta_3_budget_0.75,replay_memory_bytes,637029796,0.0
vanilla,slowheat_unidirectional_beta_3_budget_0.75,replay_memory_bytes,1357204345,0.0
vanilla,slowheat_unidirectional_beta_3_budget_0.75,replay_memory_bytes,1758462037,0.0
vanilla,slowheat_unidirectional_beta_3_budget_0.75,replay_memory_bytes,748737880,0.0
vanilla,slowheat_unidirectional_beta_3_budget_0.75,replay_memory_bytes,1611510062,0.0
vanilla,slowheat_unidirectional_beta_3_budget_0.75,replay_memory_bytes,333205446,0.0
vanilla,slowheat_unidirectional_beta_3_budget_0.75,replay_memory_bytes,130501536,0.0
vanilla,slowheat_unidirectional_beta_3_budget_0.75,replay_memory_bytes,492612040,0.0
vanilla,slowheat_unidirectional_beta_3_budget_0.75,stored_logits_bytes,2101606466,0.0
vanilla,slowheat_unidirectional_beta_3_budget_0.75,stored_logits_bytes,1872839281,0.0
vanilla,slowheat_unidirectional_beta_3_budget_0.75,stored_logits_bytes,637029796,0.0
vanilla,slowheat_unidirectional_beta_3_budget_0.75,stored_logits_bytes,1357204345,0.0
vanilla,slowheat_unidirectional_beta_3_budget_0.75,stored_logits_bytes,1758462037,0.0
vanilla,slowheat_unidirectional_beta_3_budget_0.75,stored_logits_bytes,748737880,0.0
vanilla,slowheat_unidirectional_beta_3_budget_0.75,stored_logits_bytes,1611510062,0.0
vanilla,slowheat_unidirectional_beta_3_budget_0.75,stored_logits_bytes,333205446,0.0
vanilla,slowheat_unidirectional_beta_3_budget_0.75,stored_logits_bytes,130501536,0.0
vanilla,slowheat_unidirectional_beta_3_budget_0.75,stored_logits_bytes,492612040,0.0
vanilla,slowheat_unidirectional_beta_10_budget_0.50,final_average_accuracy,2101606466,0.0002999999999999947
vanilla,slowheat_unidirectional_beta_10_budget_0.50,final_average_accuracy,1872839281,-0.005100000000000021
vanilla,slowheat_unidirectional_beta_10_budget_0.50,final_average_accuracy,637029796,-0.0010000000000000009
vanilla,slowheat_unidirectional_beta_10_budget_0.50,final_average_accuracy,1357204345,-0.0010000000000000009
vanilla,slowheat_unidirectional_beta_10_budget_0.50,final_average_accuracy,1758462037,-0.00839999999999999
vanilla,slowheat_unidirectional_beta_10_budget_0.50,final_average_accuracy,748737880,-0.0029000000000000137
vanilla,slowheat_unidirectional_beta_10_budget_0.50,final_average_accuracy,1611510062,-0.0014000000000000123
vanilla,slowheat_unidirectional_beta_10_budget_0.50,final_average_accuracy,333205446,0.003799999999999998
vanilla,slowheat_unidirectional_beta_10_budget_0.50,final_average_accuracy,130501536,-0.0016999999999999793
vanilla,slowheat_unidirectional_beta_10_budget_0.50,final_average_accuracy,492612040,0.0015999999999999903
vanilla,slowheat_unidirectional_beta_10_budget_0.50,average_forgetting,2101606466,-0.01474999999999993
vanilla,slowheat_unidirectional_beta_10_budget_0.50,average_forgetting,1872839281,-0.01012499999999994
vanilla,slowheat_unidirectional_beta_10_budget_0.50,average_forgetting,637029796,-0.017625000000000002
vanilla,slowheat_unidirectional_beta_10_budget_0.50,average_forgetting,1357204345,-0.01112499999999994
vanilla,slowheat_unidirectional_beta_10_budget_0.50,average_forgetting,1758462037,-0.0036249999999999893
vanilla,slowheat_unidirectional_beta_10_budget_0.50,average_forgetting,748737880,-0.014250000000000096
vanilla,slowheat_unidirectional_beta_10_budget_0.50,average_forgetting,1611510062,-0.010624999999999996
vanilla,slowheat_unidirectional_beta_10_budget_0.50,average_forgetting,333205446,-0.018875000000000086
vanilla,slowheat_unidirectional_beta_10_budget_0.50,average_forgetting,130501536,-0.0063750000000001306
vanilla,slowheat_unidirectional_beta_10_budget_0.50,average_forgetting,492612040,-0.01012500000000005
vanilla,slowheat_unidirectional_beta_10_budget_0.50,backward_transfer,2101606466,0.01474999999999993
vanilla,slowheat_unidirectional_beta_10_budget_0.50,backward_transfer,1872839281,0.01012499999999994
vanilla,slowheat_unidirectional_beta_10_budget_0.50,backward_transfer,637029796,0.017625000000000002
vanilla,slowheat_unidirectional_beta_10_budget_0.50,backward_transfer,1357204345,0.01112499999999994
vanilla,slowheat_unidirectional_beta_10_budget_0.50,backward_transfer,1758462037,0.0036249999999999893
vanilla,slowheat_unidirectional_beta_10_budget_0.50,backward_transfer,748737880,0.014250000000000096
vanilla,slowheat_unidirectional_beta_10_budget_0.50,backward_transfer,1611510062,0.010624999999999996
vanilla,slowheat_unidirectional_beta_10_budget_0.50,backward_transfer,333205446,0.018875000000000086
vanilla,slowheat_unidirectional_beta_10_budget_0.50,backward_transfer,130501536,0.0063750000000001306
vanilla,slowheat_unidirectional_beta_10_budget_0.50,backward_transfer,492612040,0.01012500000000005
vanilla,slowheat_unidirectional_beta_10_budget_0.50,forward_transfer,2101606466,-0.0002500000000000002
vanilla,slowheat_unidirectional_beta_10_budget_0.50,forward_transfer,1872839281,0.0
vanilla,slowheat_unidirectional_beta_10_budget_0.50,forward_transfer,637029796,0.0007500000000000007
vanilla,slowheat_unidirectional_beta_10_budget_0.50,forward_transfer,1357204345,0.0
vanilla,slowheat_unidirectional_beta_10_budget_0.50,forward_transfer,1758462037,0.00012499999999998623
vanilla,slowheat_unidirectional_beta_10_budget_0.50,forward_transfer,748737880,-0.0002500000000000002
vanilla,slowheat_unidirectional_beta_10_budget_0.50,forward_transfer,1611510062,-0.00024999999999997247
vanilla,slowheat_unidirectional_beta_10_budget_0.50,forward_transfer,333205446,0.0
vanilla,slowheat_unidirectional_beta_10_budget_0.50,forward_transfer,130501536,0.0
vanilla,slowheat_unidirectional_beta_10_budget_0.50,forward_transfer,492612040,-0.0005000000000000004
vanilla,slowheat_unidirectional_beta_10_budget_0.50,task_aware_final_accuracy,2101606466,0.02220000000000011
vanilla,slowheat_unidirectional_beta_10_budget_0.50,task_aware_final_accuracy,1872839281,-0.07440000000000002
vanilla,slowheat_unidirectional_beta_10_budget_0.50,task_aware_final_accuracy,637029796,-0.009299999999999975
vanilla,slowheat_unidirectional_beta_10_budget_0.50,task_aware_final_accuracy,1357204345,0.0883999999999997
vanilla,slowheat_unidirectional_beta_10_budget_0.50,task_aware_final_accuracy,1758462037,0.04080000000000006
vanilla,slowheat_unidirectional_beta_10_budget_0.50,task_aware_final_accuracy,748737880,-0.054200000000000026
vanilla,slowheat_unidirectional_beta_10_budget_0.50,task_aware_final_accuracy,1611510062,-0.09940000000000004
vanilla,slowheat_unidirectional_beta_10_budget_0.50,task_aware_final_accuracy,333205446,0.10150000000000015
vanilla,slowheat_unidirectional_beta_10_budget_0.50,task_aware_final_accuracy,130501536,0.024699999999999944
vanilla,slowheat_unidirectional_beta_10_budget_0.50,task_aware_final_accuracy,492612040,-0.006199999999999983
vanilla,slowheat_unidirectional_beta_10_budget_0.50,task_aware_forgetting,2101606466,-0.04212499999999997
vanilla,slowheat_unidirectional_beta_10_budget_0.50,task_aware_forgetting,1872839281,0.07650000000000001
vanilla,slowheat_unidirectional_beta_10_budget_0.50,task_aware_forgetting,637029796,-0.007250000000000034
vanilla,slowheat_unidirectional_beta_10_budget_0.50,task_aware_forgetting,1357204345,-0.12287500000000001
vanilla,slowheat_unidirectional_beta_10_budget_0.50,task_aware_forgetting,1758462037,-0.0651250000000001
vanilla,slowheat_unidirectional_beta_10_budget_0.50,task_aware_forgetting,748737880,0.049875
vanilla,slowheat_unidirectional_beta_10_budget_0.50,task_aware_forgetting,1611510062,0.111875
vanilla,slowheat_unidirectional_beta_10_budget_0.50,task_aware_forgetting,333205446,-0.14100000000000004
vanilla,slowheat_unidirectional_beta_10_budget_0.50,task_aware_forgetting,130501536,-0.03937500000000005
vanilla,slowheat_unidirectional_beta_10_budget_0.50,task_aware_forgetting,492612040,-0.0003749999999999587
vanilla,slowheat_unidirectional_beta_10_budget_0.50,classifier_gap,2101606466,0.021900000000000086
vanilla,slowheat_unidirectional_beta_10_budget_0.50,classifier_gap,1872839281,-0.06929999999999997
vanilla,slowheat_unidirectional_beta_10_budget_0.50,classifier_gap,637029796,-0.008299999999999974
vanilla,slowheat_unidirectional_beta_10_budget_0.50,classifier_gap,1357204345,0.08939999999999976
vanilla,slowheat_unidirectional_beta_10_budget_0.50,classifier_gap,1758462037,0.04920000000000008
vanilla,slowheat_unidirectional_beta_10_budget_0.50,classifier_gap,748737880,-0.05130000000000001
vanilla,slowheat_unidirectional_beta_10_budget_0.50,classifier_gap,1611510062,-0.09800000000000003
vanilla,slowheat_unidirectional_beta_10_budget_0.50,classifier_gap,333205446,0.09770000000000018
vanilla,slowheat_unidirectional_beta_10_budget_0.50,classifier_gap,130501536,0.026399999999999924
vanilla,slowheat_unidirectional_beta_10_budget_0.50,classifier_gap,492612040,-0.007799999999999974
vanilla,slowheat_unidirectional_beta_10_budget_0.50,elapsed_seconds,2101606466,4.47122512200076
vanilla,slowheat_unidirectional_beta_10_budget_0.50,elapsed_seconds,1872839281,4.705757203999383
vanilla,slowheat_unidirectional_beta_10_budget_0.50,elapsed_seconds,637029796,4.810456448998593
vanilla,slowheat_unidirectional_beta_10_budget_0.50,elapsed_seconds,1357204345,4.706856171000254
vanilla,slowheat_unidirectional_beta_10_budget_0.50,elapsed_seconds,1758462037,4.520024939003633
vanilla,slowheat_unidirectional_beta_10_budget_0.50,elapsed_seconds,748737880,4.893637694000063
vanilla,slowheat_unidirectional_beta_10_budget_0.50,elapsed_seconds,1611510062,-16.457865755000967
vanilla,slowheat_unidirectional_beta_10_budget_0.50,elapsed_seconds,333205446,4.388343148002605
vanilla,slowheat_unidirectional_beta_10_budget_0.50,elapsed_seconds,130501536,4.952008913001919
vanilla,slowheat_unidirectional_beta_10_budget_0.50,elapsed_seconds,492612040,4.779118964997906
vanilla,slowheat_unidirectional_beta_10_budget_0.50,learner_examples_processed,2101606466,0.0
vanilla,slowheat_unidirectional_beta_10_budget_0.50,learner_examples_processed,1872839281,0.0
vanilla,slowheat_unidirectional_beta_10_budget_0.50,learner_examples_processed,637029796,0.0
vanilla,slowheat_unidirectional_beta_10_budget_0.50,learner_examples_processed,1357204345,0.0
vanilla,slowheat_unidirectional_beta_10_budget_0.50,learner_examples_processed,1758462037,0.0
vanilla,slowheat_unidirectional_beta_10_budget_0.50,learner_examples_processed,748737880,0.0
vanilla,slowheat_unidirectional_beta_10_budget_0.50,learner_examples_processed,1611510062,0.0
vanilla,slowheat_unidirectional_beta_10_budget_0.50,learner_examples_processed,333205446,0.0
vanilla,slowheat_unidirectional_beta_10_budget_0.50,learner_examples_processed,130501536,0.0
vanilla,slowheat_unidirectional_beta_10_budget_0.50,learner_examples_processed,492612040,0.0
vanilla,slowheat_unidirectional_beta_10_budget_0.50,total_model_examples_processed,2101606466,0.0
vanilla,slowheat_unidirectional_beta_10_budget_0.50,total_model_examples_processed,1872839281,0.0
vanilla,slowheat_unidirectional_beta_10_budget_0.50,total_model_examples_processed,637029796,0.0
vanilla,slowheat_unidirectional_beta_10_budget_0.50,total_model_examples_processed,1357204345,0.0
vanilla,slowheat_unidirectional_beta_10_budget_0.50,total_model_examples_processed,1758462037,0.0
vanilla,slowheat_unidirectional_beta_10_budget_0.50,total_model_examples_processed,748737880,0.0
vanilla,slowheat_unidirectional_beta_10_budget_0.50,total_model_examples_processed,1611510062,0.0
vanilla,slowheat_unidirectional_beta_10_budget_0.50,total_model_examples_processed,333205446,0.0
vanilla,slowheat_unidirectional_beta_10_budget_0.50,total_model_examples_processed,130501536,0.0
vanilla,slowheat_unidirectional_beta_10_budget_0.50,total_model_examples_processed,492612040,0.0
vanilla,slowheat_unidirectional_beta_10_budget_0.50,estimated_total_flops,2101606466,120071470.0
vanilla,slowheat_unidirectional_beta_10_budget_0.50,estimated_total_flops,1872839281,120071470.0
vanilla,slowheat_unidirectional_beta_10_budget_0.50,estimated_total_flops,637029796,120071470.0
vanilla,slowheat_unidirectional_beta_10_budget_0.50,estimated_total_flops,1357204345,120071470.0
vanilla,slowheat_unidirectional_beta_10_budget_0.50,estimated_total_flops,1758462037,120071470.0
vanilla,slowheat_unidirectional_beta_10_budget_0.50,estimated_total_flops,748737880,120071470.0
vanilla,slowheat_unidirectional_beta_10_budget_0.50,estimated_total_flops,1611510062,120071470.0
vanilla,slowheat_unidirectional_beta_10_budget_0.50,estimated_total_flops,333205446,120071470.0
vanilla,slowheat_unidirectional_beta_10_budget_0.50,estimated_total_flops,130501536,120071470.0
vanilla,slowheat_unidirectional_beta_10_budget_0.50,estimated_total_flops,492612040,120071470.0
vanilla,slowheat_unidirectional_beta_10_budget_0.50,estimated_overhead_flops,2101606466,120071470.0
vanilla,slowheat_unidirectional_beta_10_budget_0.50,estimated_overhead_flops,1872839281,120071470.0
vanilla,slowheat_unidirectional_beta_10_budget_0.50,estimated_overhead_flops,637029796,120071470.0
vanilla,slowheat_unidirectional_beta_10_budget_0.50,estimated_overhead_flops,1357204345,120071470.0
vanilla,slowheat_unidirectional_beta_10_budget_0.50,estimated_overhead_flops,1758462037,120071470.0
vanilla,slowheat_unidirectional_beta_10_budget_0.50,estimated_overhead_flops,748737880,120071470.0
vanilla,slowheat_unidirectional_beta_10_budget_0.50,estimated_overhead_flops,1611510062,120071470.0
vanilla,slowheat_unidirectional_beta_10_budget_0.50,estimated_overhead_flops,333205446,120071470.0
vanilla,slowheat_unidirectional_beta_10_budget_0.50,estimated_overhead_flops,130501536,120071470.0
vanilla,slowheat_unidirectional_beta_10_budget_0.50,estimated_overhead_flops,492612040,120071470.0
vanilla,slowheat_unidirectional_beta_10_budget_0.50,replay_memory_bytes,2101606466,0.0
vanilla,slowheat_unidirectional_beta_10_budget_0.50,replay_memory_bytes,1872839281,0.0
vanilla,slowheat_unidirectional_beta_10_budget_0.50,replay_memory_bytes,637029796,0.0
vanilla,slowheat_unidirectional_beta_10_budget_0.50,replay_memory_bytes,1357204345,0.0
vanilla,slowheat_unidirectional_beta_10_budget_0.50,replay_memory_bytes,1758462037,0.0
vanilla,slowheat_unidirectional_beta_10_budget_0.50,replay_memory_bytes,748737880,0.0
vanilla,slowheat_unidirectional_beta_10_budget_0.50,replay_memory_bytes,1611510062,0.0
vanilla,slowheat_unidirectional_beta_10_budget_0.50,replay_memory_bytes,333205446,0.0
vanilla,slowheat_unidirectional_beta_10_budget_0.50,replay_memory_bytes,130501536,0.0
vanilla,slowheat_unidirectional_beta_10_budget_0.50,replay_memory_bytes,492612040,0.0
vanilla,slowheat_unidirectional_beta_10_budget_0.50,stored_logits_bytes,2101606466,0.0
vanilla,slowheat_unidirectional_beta_10_budget_0.50,stored_logits_bytes,1872839281,0.0
vanilla,slowheat_unidirectional_beta_10_budget_0.50,stored_logits_bytes,637029796,0.0
vanilla,slowheat_unidirectional_beta_10_budget_0.50,stored_logits_bytes,1357204345,0.0
vanilla,slowheat_unidirectional_beta_10_budget_0.50,stored_logits_bytes,1758462037,0.0
vanilla,slowheat_unidirectional_beta_10_budget_0.50,stored_logits_bytes,748737880,0.0
vanilla,slowheat_unidirectional_beta_10_budget_0.50,stored_logits_bytes,1611510062,0.0
vanilla,slowheat_unidirectional_beta_10_budget_0.50,stored_logits_bytes,333205446,0.0
vanilla,slowheat_unidirectional_beta_10_budget_0.50,stored_logits_bytes,130501536,0.0
vanilla,slowheat_unidirectional_beta_10_budget_0.50,stored_logits_bytes,492612040,0.0
vanilla,slowheat_unidirectional_beta_10_budget_0.75,final_average_accuracy,2101606466,0.0012999999999999956
vanilla,slowheat_unidirectional_beta_10_budget_0.75,final_average_accuracy,1872839281,-0.005700000000000038
vanilla,slowheat_unidirectional_beta_10_budget_0.75,final_average_accuracy,637029796,-0.003700000000000009
vanilla,slowheat_unidirectional_beta_10_budget_0.75,final_average_accuracy,1357204345,0.0
vanilla,slowheat_unidirectional_beta_10_budget_0.75,final_average_accuracy,1758462037,9.999999999998899e-05
vanilla,slowheat_unidirectional_beta_10_budget_0.75,final_average_accuracy,748737880,0.0010999999999999899
vanilla,slowheat_unidirectional_beta_10_budget_0.75,final_average_accuracy,1611510062,-0.0015999999999999903
vanilla,slowheat_unidirectional_beta_10_budget_0.75,final_average_accuracy,333205446,-0.009800000000000003
vanilla,slowheat_unidirectional_beta_10_budget_0.75,final_average_accuracy,130501536,-9.999999999998899e-05
vanilla,slowheat_unidirectional_beta_10_budget_0.75,final_average_accuracy,492612040,-0.0007999999999999952
vanilla,slowheat_unidirectional_beta_10_budget_0.75,average_forgetting,2101606466,-0.00737500000000002
vanilla,slowheat_unidirectional_beta_10_budget_0.75,average_forgetting,1872839281,-0.004124999999999934
vanilla,slowheat_unidirectional_beta_10_budget_0.75,average_forgetting,637029796,-0.006124999999999936
vanilla,slowheat_unidirectional_beta_10_budget_0.75,average_forgetting,1357204345,-0.006749999999999923
vanilla,slowheat_unidirectional_beta_10_budget_0.75,average_forgetting,1758462037,0.001375000000000015
vanilla,slowheat_unidirectional_beta_10_budget_0.75,average_forgetting,748737880,-0.025249999999999995
vanilla,slowheat_unidirectional_beta_10_budget_0.75,average_forgetting,1611510062,-0.009750000000000036
vanilla,slowheat_unidirectional_beta_10_budget_0.75,average_forgetting,333205446,-0.01012500000000005
vanilla,slowheat_unidirectional_beta_10_budget_0.75,average_forgetting,130501536,-0.006000000000000005
vanilla,slowheat_unidirectional_beta_10_budget_0.75,average_forgetting,492612040,-0.006750000000000034
vanilla,slowheat_unidirectional_beta_10_budget_0.75,backward_transfer,2101606466,0.00737500000000002
vanilla,slowheat_unidirectional_beta_10_budget_0.75,backward_transfer,1872839281,0.004124999999999934
vanilla,slowheat_unidirectional_beta_10_budget_0.75,backward_transfer,637029796,0.006124999999999936
vanilla,slowheat_unidirectional_beta_10_budget_0.75,backward_transfer,1357204345,0.006749999999999923
vanilla,slowheat_unidirectional_beta_10_budget_0.75,backward_transfer,1758462037,-0.001375000000000015
vanilla,slowheat_unidirectional_beta_10_budget_0.75,backward_transfer,748737880,0.025249999999999995
vanilla,slowheat_unidirectional_beta_10_budget_0.75,backward_transfer,1611510062,0.009750000000000036
vanilla,slowheat_unidirectional_beta_10_budget_0.75,backward_transfer,333205446,0.01012500000000005
vanilla,slowheat_unidirectional_beta_10_budget_0.75,backward_transfer,130501536,0.006000000000000005
vanilla,slowheat_unidirectional_beta_10_budget_0.75,backward_transfer,492612040,0.006750000000000034
vanilla,slowheat_unidirectional_beta_10_budget_0.75,forward_transfer,2101606466,0.0010000000000000009
vanilla,slowheat_unidirectional_beta_10_budget_0.75,forward_transfer,1872839281,-0.00037499999999998646
vanilla,slowheat_unidirectional_beta_10_budget_0.75,forward_transfer,637029796,0.0013749999999999873
vanilla,slowheat_unidirectional_beta_10_budget_0.75,forward_transfer,1357204345,-0.000125000000000014
vanilla,slowheat_unidirectional_beta_10_budget_0.75,forward_transfer,1758462037,-0.0005000000000000004
vanilla,slowheat_unidirectional_beta_10_budget_0.75,forward_transfer,748737880,0.0
vanilla,slowheat_unidirectional_beta_10_budget_0.75,forward_transfer,1611510062,0.0
vanilla,slowheat_unidirectional_beta_10_budget_0.75,forward_transfer,333205446,0.0
vanilla,slowheat_unidirectional_beta_10_budget_0.75,forward_transfer,130501536,0.0
vanilla,slowheat_unidirectional_beta_10_budget_0.75,forward_transfer,492612040,-0.00037500000000000033
vanilla,slowheat_unidirectional_beta_10_budget_0.75,task_aware_final_accuracy,2101606466,-0.008000000000000007
vanilla,slowheat_unidirectional_beta_10_budget_0.75,task_aware_final_accuracy,1872839281,-0.10060000000000002
vanilla,slowheat_unidirectional_beta_10_budget_0.75,task_aware_final_accuracy,637029796,0.07550000000000001
vanilla,slowheat_unidirectional_beta_10_budget_0.75,task_aware_final_accuracy,1357204345,-0.011600000000000166
vanilla,slowheat_unidirectional_beta_10_budget_0.75,task_aware_final_accuracy,1758462037,0.020100000000000007
vanilla,slowheat_unidirectional_beta_10_budget_0.75,task_aware_final_accuracy,748737880,-0.02640000000000009
vanilla,slowheat_unidirectional_beta_10_budget_0.75,task_aware_final_accuracy,1611510062,-0.09119999999999995
vanilla,slowheat_unidirectional_beta_10_budget_0.75,task_aware_final_accuracy,333205446,0.0726
vanilla,slowheat_unidirectional_beta_10_budget_0.75,task_aware_final_accuracy,130501536,0.02159999999999984
vanilla,slowheat_unidirectional_beta_10_budget_0.75,task_aware_final_accuracy,492612040,-0.04150000000000009
vanilla,slowheat_unidirectional_beta_10_budget_0.75,task_aware_forgetting,2101606466,0.0042500000000000315
vanilla,slowheat_unidirectional_beta_10_budget_0.75,task_aware_forgetting,1872839281,0.11450000000000005
vanilla,slowheat_unidirectional_beta_10_budget_0.75,task_aware_forgetting,637029796,-0.10512500000000002
vanilla,slowheat_unidirectional_beta_10_budget_0.75,task_aware_forgetting,1357204345,0.007750000000000035
vanilla,slowheat_unidirectional_beta_10_budget_0.75,task_aware_forgetting,1758462037,-0.023625000000000063
vanilla,slowheat_unidirectional_beta_10_budget_0.75,task_aware_forgetting,748737880,0.00912500000000005
vanilla,slowheat_unidirectional_beta_10_budget_0.75,task_aware_forgetting,1611510062,0.10225000000000006
vanilla,slowheat_unidirectional_beta_10_budget_0.75,task_aware_forgetting,333205446,-0.11312500000000003
vanilla,slowheat_unidirectional_beta_10_budget_0.75,task_aware_forgetting,130501536,-0.03312500000000007
vanilla,slowheat_unidirectional_beta_10_budget_0.75,task_aware_forgetting,492612040,0.04412500000000008
vanilla,slowheat_unidirectional_beta_10_budget_0.75,classifier_gap,2101606466,-0.00930000000000003
vanilla,slowheat_unidirectional_beta_10_budget_0.75,classifier_gap,1872839281,-0.09489999999999998
vanilla,slowheat_unidirectional_beta_10_budget_0.75,classifier_gap,637029796,0.07919999999999994
vanilla,slowheat_unidirectional_beta_10_budget_0.75,classifier_gap,1357204345,-0.011600000000000166
vanilla,slowheat_unidirectional_beta_10_budget_0.75,classifier_gap,1758462037,0.020000000000000018
vanilla,slowheat_unidirectional_beta_10_budget_0.75,classifier_gap,748737880,-0.02750000000000008
vanilla,slowheat_unidirectional_beta_10_budget_0.75,classifier_gap,1611510062,-0.08959999999999996
vanilla,slowheat_unidirectional_beta_10_budget_0.75,classifier_gap,333205446,0.08239999999999997
vanilla,slowheat_unidirectional_beta_10_budget_0.75,classifier_gap,130501536,0.02169999999999983
vanilla,slowheat_unidirectional_beta_10_budget_0.75,classifier_gap,492612040,-0.04070000000000007
vanilla,slowheat_unidirectional_beta_10_budget_0.75,elapsed_seconds,2101606466,4.647413536000386
vanilla,slowheat_unidirectional_beta_10_budget_0.75,elapsed_seconds,1872839281,4.654177570002503
vanilla,slowheat_unidirectional_beta_10_budget_0.75,elapsed_seconds,637029796,4.954621624001447
vanilla,slowheat_unidirectional_beta_10_budget_0.75,elapsed_seconds,1357204345,4.552889667000272
vanilla,slowheat_unidirectional_beta_10_budget_0.75,elapsed_seconds,1758462037,4.661952177000785
vanilla,slowheat_unidirectional_beta_10_budget_0.75,elapsed_seconds,748737880,4.615715583000565
vanilla,slowheat_unidirectional_beta_10_budget_0.75,elapsed_seconds,1611510062,-16.25639213999966
vanilla,slowheat_unidirectional_beta_10_budget_0.75,elapsed_seconds,333205446,4.382915129001049
vanilla,slowheat_unidirectional_beta_10_budget_0.75,elapsed_seconds,130501536,4.958523438999691
vanilla,slowheat_unidirectional_beta_10_budget_0.75,elapsed_seconds,492612040,4.760868111003219
vanilla,slowheat_unidirectional_beta_10_budget_0.75,learner_examples_processed,2101606466,0.0
vanilla,slowheat_unidirectional_beta_10_budget_0.75,learner_examples_processed,1872839281,0.0
vanilla,slowheat_unidirectional_beta_10_budget_0.75,learner_examples_processed,637029796,0.0
vanilla,slowheat_unidirectional_beta_10_budget_0.75,learner_examples_processed,1357204345,0.0
vanilla,slowheat_unidirectional_beta_10_budget_0.75,learner_examples_processed,1758462037,0.0
vanilla,slowheat_unidirectional_beta_10_budget_0.75,learner_examples_processed,748737880,0.0
vanilla,slowheat_unidirectional_beta_10_budget_0.75,learner_examples_processed,1611510062,0.0
vanilla,slowheat_unidirectional_beta_10_budget_0.75,learner_examples_processed,333205446,0.0
vanilla,slowheat_unidirectional_beta_10_budget_0.75,learner_examples_processed,130501536,0.0
vanilla,slowheat_unidirectional_beta_10_budget_0.75,learner_examples_processed,492612040,0.0
vanilla,slowheat_unidirectional_beta_10_budget_0.75,total_model_examples_processed,2101606466,0.0
vanilla,slowheat_unidirectional_beta_10_budget_0.75,total_model_examples_processed,1872839281,0.0
vanilla,slowheat_unidirectional_beta_10_budget_0.75,total_model_examples_processed,637029796,0.0
vanilla,slowheat_unidirectional_beta_10_budget_0.75,total_model_examples_processed,1357204345,0.0
vanilla,slowheat_unidirectional_beta_10_budget_0.75,total_model_examples_processed,1758462037,0.0
vanilla,slowheat_unidirectional_beta_10_budget_0.75,total_model_examples_processed,748737880,0.0
vanilla,slowheat_unidirectional_beta_10_budget_0.75,total_model_examples_processed,1611510062,0.0
vanilla,slowheat_unidirectional_beta_10_budget_0.75,total_model_examples_processed,333205446,0.0
vanilla,slowheat_unidirectional_beta_10_budget_0.75,total_model_examples_processed,130501536,0.0
vanilla,slowheat_unidirectional_beta_10_budget_0.75,total_model_examples_processed,492612040,0.0
vanilla,slowheat_unidirectional_beta_10_budget_0.75,estimated_total_flops,2101606466,120071470.0
vanilla,slowheat_unidirectional_beta_10_budget_0.75,estimated_total_flops,1872839281,120071470.0
vanilla,slowheat_unidirectional_beta_10_budget_0.75,estimated_total_flops,637029796,120071470.0
vanilla,slowheat_unidirectional_beta_10_budget_0.75,estimated_total_flops,1357204345,120071470.0
vanilla,slowheat_unidirectional_beta_10_budget_0.75,estimated_total_flops,1758462037,120071470.0
vanilla,slowheat_unidirectional_beta_10_budget_0.75,estimated_total_flops,748737880,120071470.0
vanilla,slowheat_unidirectional_beta_10_budget_0.75,estimated_total_flops,1611510062,120071470.0
vanilla,slowheat_unidirectional_beta_10_budget_0.75,estimated_total_flops,333205446,120071470.0
vanilla,slowheat_unidirectional_beta_10_budget_0.75,estimated_total_flops,130501536,120071470.0
vanilla,slowheat_unidirectional_beta_10_budget_0.75,estimated_total_flops,492612040,120071470.0
vanilla,slowheat_unidirectional_beta_10_budget_0.75,estimated_overhead_flops,2101606466,120071470.0
vanilla,slowheat_unidirectional_beta_10_budget_0.75,estimated_overhead_flops,1872839281,120071470.0
vanilla,slowheat_unidirectional_beta_10_budget_0.75,estimated_overhead_flops,637029796,120071470.0
vanilla,slowheat_unidirectional_beta_10_budget_0.75,estimated_overhead_flops,1357204345,120071470.0
vanilla,slowheat_unidirectional_beta_10_budget_0.75,estimated_overhead_flops,1758462037,120071470.0
vanilla,slowheat_unidirectional_beta_10_budget_0.75,estimated_overhead_flops,748737880,120071470.0
vanilla,slowheat_unidirectional_beta_10_budget_0.75,estimated_overhead_flops,1611510062,120071470.0
vanilla,slowheat_unidirectional_beta_10_budget_0.75,estimated_overhead_flops,333205446,120071470.0
vanilla,slowheat_unidirectional_beta_10_budget_0.75,estimated_overhead_flops,130501536,120071470.0
vanilla,slowheat_unidirectional_beta_10_budget_0.75,estimated_overhead_flops,492612040,120071470.0
vanilla,slowheat_unidirectional_beta_10_budget_0.75,replay_memory_bytes,2101606466,0.0
vanilla,slowheat_unidirectional_beta_10_budget_0.75,replay_memory_bytes,1872839281,0.0
vanilla,slowheat_unidirectional_beta_10_budget_0.75,replay_memory_bytes,637029796,0.0
vanilla,slowheat_unidirectional_beta_10_budget_0.75,replay_memory_bytes,1357204345,0.0
vanilla,slowheat_unidirectional_beta_10_budget_0.75,replay_memory_bytes,1758462037,0.0
vanilla,slowheat_unidirectional_beta_10_budget_0.75,replay_memory_bytes,748737880,0.0
vanilla,slowheat_unidirectional_beta_10_budget_0.75,replay_memory_bytes,1611510062,0.0
vanilla,slowheat_unidirectional_beta_10_budget_0.75,replay_memory_bytes,333205446,0.0
vanilla,slowheat_unidirectional_beta_10_budget_0.75,replay_memory_bytes,130501536,0.0
vanilla,slowheat_unidirectional_beta_10_budget_0.75,replay_memory_bytes,492612040,0.0
vanilla,slowheat_unidirectional_beta_10_budget_0.75,stored_logits_bytes,2101606466,0.0
vanilla,slowheat_unidirectional_beta_10_budget_0.75,stored_logits_bytes,1872839281,0.0
vanilla,slowheat_unidirectional_beta_10_budget_0.75,stored_logits_bytes,637029796,0.0
vanilla,slowheat_unidirectional_beta_10_budget_0.75,stored_logits_bytes,1357204345,0.0
vanilla,slowheat_unidirectional_beta_10_budget_0.75,stored_logits_bytes,1758462037,0.0
vanilla,slowheat_unidirectional_beta_10_budget_0.75,stored_logits_bytes,748737880,0.0
vanilla,slowheat_unidirectional_beta_10_budget_0.75,stored_logits_bytes,1611510062,0.0
vanilla,slowheat_unidirectional_beta_10_budget_0.75,stored_logits_bytes,333205446,0.0
vanilla,slowheat_unidirectional_beta_10_budget_0.75,stored_logits_bytes,130501536,0.0
vanilla,slowheat_unidirectional_beta_10_budget_0.75,stored_logits_bytes,492612040,0.0
vanilla,slowheat_hidden_beta_3_budget_0.50,final_average_accuracy,2101606466,0.0021999999999999797
vanilla,slowheat_hidden_beta_3_budget_0.50,final_average_accuracy,1872839281,-0.0039000000000000146
vanilla,slowheat_hidden_beta_3_budget_0.50,final_average_accuracy,637029796,-0.001999999999999974
vanilla,slowheat_hidden_beta_3_budget_0.50,final_average_accuracy,1357204345,0.0022999999999999965
vanilla,slowheat_hidden_beta_3_budget_0.50,final_average_accuracy,1758462037,-0.0022999999999999965
vanilla,slowheat_hidden_beta_3_budget_0.50,final_average_accuracy,748737880,0.002999999999999975
vanilla,slowheat_hidden_beta_3_budget_0.50,final_average_accuracy,1611510062,-0.0022000000000000075
vanilla,slowheat_hidden_beta_3_budget_0.50,final_average_accuracy,333205446,0.0025000000000000022
vanilla,slowheat_hidden_beta_3_budget_0.50,final_average_accuracy,130501536,0.0006000000000000172
vanilla,slowheat_hidden_beta_3_budget_0.50,final_average_accuracy,492612040,-0.0010000000000000009
vanilla,slowheat_hidden_beta_3_budget_0.50,average_forgetting,2101606466,-0.004874999999999963
vanilla,slowheat_hidden_beta_3_budget_0.50,average_forgetting,1872839281,-0.0063750000000000195
vanilla,slowheat_hidden_beta_3_budget_0.50,average_forgetting,637029796,-0.013499999999999845
vanilla,slowheat_hidden_beta_3_budget_0.50,average_forgetting,1357204345,0.001000000000000112
vanilla,slowheat_hidden_beta_3_budget_0.50,average_forgetting,1758462037,0.0021249999999999325
vanilla,slowheat_hidden_beta_3_budget_0.50,average_forgetting,748737880,-0.012375000000000025
vanilla,slowheat_hidden_beta_3_budget_0.50,average_forgetting,1611510062,-0.005750000000000033
vanilla,slowheat_hidden_beta_3_budget_0.50,average_forgetting,333205446,-0.010624999999999996
vanilla,slowheat_hidden_beta_3_budget_0.50,average_forgetting,130501536,-0.005750000000000033
vanilla,slowheat_hidden_beta_3_budget_0.50,average_forgetting,492612040,-0.007625000000000104
vanilla,slowheat_hidden_beta_3_budget_0.50,backward_transfer,2101606466,0.004874999999999963
vanilla,slowheat_hidden_beta_3_budget_0.50,backward_transfer,1872839281,0.0063750000000000195
vanilla,slowheat_hidden_beta_3_budget_0.50,backward_transfer,637029796,0.013499999999999845
vanilla,slowheat_hidden_beta_3_budget_0.50,backward_transfer,1357204345,-0.001000000000000112
vanilla,slowheat_hidden_beta_3_budget_0.50,backward_transfer,1758462037,-0.0021249999999999325
vanilla,slowheat_hidden_beta_3_budget_0.50,backward_transfer,748737880,0.012375000000000025
vanilla,slowheat_hidden_beta_3_budget_0.50,backward_transfer,1611510062,0.005750000000000033
vanilla,slowheat_hidden_beta_3_budget_0.50,backward_transfer,333205446,0.010624999999999996
vanilla,slowheat_hidden_beta_3_budget_0.50,backward_transfer,130501536,0.005750000000000033
vanilla,slowheat_hidden_beta_3_budget_0.50,backward_transfer,492612040,0.007625000000000104
vanilla,slowheat_hidden_beta_3_budget_0.50,forward_transfer,2101606466,0.0007500000000000007
vanilla,slowheat_hidden_beta_3_budget_0.50,forward_transfer,1872839281,-0.00037499999999998646
vanilla,slowheat_hidden_beta_3_budget_0.50,forward_transfer,637029796,-0.0018750000000000017
vanilla,slowheat_hidden_beta_3_budget_0.50,forward_transfer,1357204345,-0.000125000000000014
vanilla,slowheat_hidden_beta_3_budget_0.50,forward_transfer,1758462037,0.00012499999999998623
vanilla,slowheat_hidden_beta_3_budget_0.50,forward_transfer,748737880,-0.0002500000000000002
vanilla,slowheat_hidden_beta_3_budget_0.50,forward_transfer,1611510062,0.000125000000000014
vanilla,slowheat_hidden_beta_3_budget_0.50,forward_transfer,333205446,-0.0002500000000000002
vanilla,slowheat_hidden_beta_3_budget_0.50,forward_transfer,130501536,0.0
vanilla,slowheat_hidden_beta_3_budget_0.50,forward_transfer,492612040,-0.0007500000000000007
vanilla,slowheat_hidden_beta_3_budget_0.50,task_aware_final_accuracy,2101606466,0.002000000000000113
vanilla,slowheat_hidden_beta_3_budget_0.50,task_aware_final_accuracy,1872839281,0.032399999999999984
vanilla,slowheat_hidden_beta_3_budget_0.50,task_aware_final_accuracy,637029796,0.02529999999999999
vanilla,slowheat_hidden_beta_3_budget_0.50,task_aware_final_accuracy,1357204345,-0.009300000000000197
vanilla,slowheat_hidden_beta_3_budget_0.50,task_aware_final_accuracy,1758462037,0.015800000000000036
vanilla,slowheat_hidden_beta_3_budget_0.50,task_aware_final_accuracy,748737880,0.0403
vanilla,slowheat_hidden_beta_3_budget_0.50,task_aware_final_accuracy,1611510062,-0.07789999999999997
vanilla,slowheat_hidden_beta_3_budget_0.50,task_aware_final_accuracy,333205446,0.02200000000000013
vanilla,slowheat_hidden_beta_3_budget_0.50,task_aware_final_accuracy,130501536,0.044099999999999806
vanilla,slowheat_hidden_beta_3_budget_0.50,task_aware_final_accuracy,492612040,-0.02210000000000001
vanilla,slowheat_hidden_beta_3_budget_0.50,task_aware_forgetting,2101606466,-0.00462499999999999
vanilla,slowheat_hidden_beta_3_budget_0.50,task_aware_forgetting,1872839281,-0.05174999999999999
vanilla,slowheat_hidden_beta_3_budget_0.50,task_aware_forgetting,637029796,-0.04762500000000003
vanilla,slowheat_hidden_beta_3_budget_0.50,task_aware_forgetting,1357204345,0.01550000000000007
vanilla,slowheat_hidden_beta_3_budget_0.50,task_aware_forgetting,1758462037,-0.020500000000000074
vanilla,slowheat_hidden_beta_3_budget_0.50,task_aware_forgetting,748737880,-0.05899999999999997
vanilla,slowheat_hidden_beta_3_budget_0.50,task_aware_forgetting,1611510062,0.08887499999999998
vanilla,slowheat_hidden_beta_3_budget_0.50,task_aware_forgetting,333205446,-0.03500000000000003
vanilla,slowheat_hidden_beta_3_budget_0.50,task_aware_forgetting,130501536,-0.06012500000000001
vanilla,slowheat_hidden_beta_3_budget_0.50,task_aware_forgetting,492612040,0.018750000000000044
vanilla,slowheat_hidden_beta_3_budget_0.50,classifier_gap,2101606466,-0.00019999999999986695
vanilla,slowheat_hidden_beta_3_budget_0.50,classifier_gap,1872839281,0.036300000000000054
vanilla,slowheat_hidden_beta_3_budget_0.50,classifier_gap,637029796,0.027299999999999935
vanilla,slowheat_hidden_beta_3_budget_0.50,classifier_gap,1357204345,-0.011600000000000221
vanilla,slowheat_hidden_beta_3_budget_0.50,classifier_gap,1758462037,0.01810000000000006
vanilla,slowheat_hidden_beta_3_budget_0.50,classifier_gap,748737880,0.0373
vanilla,slowheat_hidden_beta_3_budget_0.50,classifier_gap,1611510062,-0.07569999999999999
vanilla,slowheat_hidden_beta_3_budget_0.50,classifier_gap,333205446,0.01950000000000013
vanilla,slowheat_hidden_beta_3_budget_0.50,classifier_gap,130501536,0.04349999999999982
vanilla,slowheat_hidden_beta_3_budget_0.50,classifier_gap,492612040,-0.021100000000000008
vanilla,slowheat_hidden_beta_3_budget_0.50,elapsed_seconds,2101606466,3.6607943890012393
vanilla,slowheat_hidden_beta_3_budget_0.50,elapsed_seconds,1872839281,3.7019553020036255
vanilla,slowheat_hidden_beta_3_budget_0.50,elapsed_seconds,637029796,3.8088496230011515
vanilla,slowheat_hidden_beta_3_budget_0.50,elapsed_seconds,1357204345,3.450274131002516
vanilla,slowheat_hidden_beta_3_budget_0.50,elapsed_seconds,1758462037,3.4722760100012238
vanilla,slowheat_hidden_beta_3_budget_0.50,elapsed_seconds,748737880,3.7859670340003504
vanilla,slowheat_hidden_beta_3_budget_0.50,elapsed_seconds,1611510062,-17.581428525001684
vanilla,slowheat_hidden_beta_3_budget_0.50,elapsed_seconds,333205446,3.468589862000954
vanilla,slowheat_hidden_beta_3_budget_0.50,elapsed_seconds,130501536,3.959605107000243
vanilla,slowheat_hidden_beta_3_budget_0.50,elapsed_seconds,492612040,3.7014788660017075
vanilla,slowheat_hidden_beta_3_budget_0.50,learner_examples_processed,2101606466,0.0
vanilla,slowheat_hidden_beta_3_budget_0.50,learner_examples_processed,1872839281,0.0
vanilla,slowheat_hidden_beta_3_budget_0.50,learner_examples_processed,637029796,0.0
vanilla,slowheat_hidden_beta_3_budget_0.50,learner_examples_processed,1357204345,0.0
vanilla,slowheat_hidden_beta_3_budget_0.50,learner_examples_processed,1758462037,0.0
vanilla,slowheat_hidden_beta_3_budget_0.50,learner_examples_processed,748737880,0.0
vanilla,slowheat_hidden_beta_3_budget_0.50,learner_examples_processed,1611510062,0.0
vanilla,slowheat_hidden_beta_3_budget_0.50,learner_examples_processed,333205446,0.0
vanilla,slowheat_hidden_beta_3_budget_0.50,learner_examples_processed,130501536,0.0
vanilla,slowheat_hidden_beta_3_budget_0.50,learner_examples_processed,492612040,0.0
vanilla,slowheat_hidden_beta_3_budget_0.50,total_model_examples_processed,2101606466,0.0
vanilla,slowheat_hidden_beta_3_budget_0.50,total_model_examples_processed,1872839281,0.0
vanilla,slowheat_hidden_beta_3_budget_0.50,total_model_examples_processed,637029796,0.0
vanilla,slowheat_hidden_beta_3_budget_0.50,total_model_examples_processed,1357204345,0.0
vanilla,slowheat_hidden_beta_3_budget_0.50,total_model_examples_processed,1758462037,0.0
vanilla,slowheat_hidden_beta_3_budget_0.50,total_model_examples_processed,748737880,0.0
vanilla,slowheat_hidden_beta_3_budget_0.50,total_model_examples_processed,1611510062,0.0
vanilla,slowheat_hidden_beta_3_budget_0.50,total_model_examples_processed,333205446,0.0
vanilla,slowheat_hidden_beta_3_budget_0.50,total_model_examples_processed,130501536,0.0
vanilla,slowheat_hidden_beta_3_budget_0.50,total_model_examples_processed,492612040,0.0
vanilla,slowheat_hidden_beta_3_budget_0.50,estimated_total_flops,2101606466,107959520.0
vanilla,slowheat_hidden_beta_3_budget_0.50,estimated_total_flops,1872839281,107959520.0
vanilla,slowheat_hidden_beta_3_budget_0.50,estimated_total_flops,637029796,107959520.0
vanilla,slowheat_hidden_beta_3_budget_0.50,estimated_total_flops,1357204345,107959520.0
vanilla,slowheat_hidden_beta_3_budget_0.50,estimated_total_flops,1758462037,107959520.0
vanilla,slowheat_hidden_beta_3_budget_0.50,estimated_total_flops,748737880,107959520.0
vanilla,slowheat_hidden_beta_3_budget_0.50,estimated_total_flops,1611510062,107959520.0
vanilla,slowheat_hidden_beta_3_budget_0.50,estimated_total_flops,333205446,107959520.0
vanilla,slowheat_hidden_beta_3_budget_0.50,estimated_total_flops,130501536,107959520.0
vanilla,slowheat_hidden_beta_3_budget_0.50,estimated_total_flops,492612040,107959520.0
vanilla,slowheat_hidden_beta_3_budget_0.50,estimated_overhead_flops,2101606466,107959520.0
vanilla,slowheat_hidden_beta_3_budget_0.50,estimated_overhead_flops,1872839281,107959520.0
vanilla,slowheat_hidden_beta_3_budget_0.50,estimated_overhead_flops,637029796,107959520.0
vanilla,slowheat_hidden_beta_3_budget_0.50,estimated_overhead_flops,1357204345,107959520.0
vanilla,slowheat_hidden_beta_3_budget_0.50,estimated_overhead_flops,1758462037,107959520.0
vanilla,slowheat_hidden_beta_3_budget_0.50,estimated_overhead_flops,748737880,107959520.0
vanilla,slowheat_hidden_beta_3_budget_0.50,estimated_overhead_flops,1611510062,107959520.0
vanilla,slowheat_hidden_beta_3_budget_0.50,estimated_overhead_flops,333205446,107959520.0
vanilla,slowheat_hidden_beta_3_budget_0.50,estimated_overhead_flops,130501536,107959520.0
vanilla,slowheat_hidden_beta_3_budget_0.50,estimated_overhead_flops,492612040,107959520.0
vanilla,slowheat_hidden_beta_3_budget_0.50,replay_memory_bytes,2101606466,0.0
vanilla,slowheat_hidden_beta_3_budget_0.50,replay_memory_bytes,1872839281,0.0
vanilla,slowheat_hidden_beta_3_budget_0.50,replay_memory_bytes,637029796,0.0
vanilla,slowheat_hidden_beta_3_budget_0.50,replay_memory_bytes,1357204345,0.0
vanilla,slowheat_hidden_beta_3_budget_0.50,replay_memory_bytes,1758462037,0.0
vanilla,slowheat_hidden_beta_3_budget_0.50,replay_memory_bytes,748737880,0.0
vanilla,slowheat_hidden_beta_3_budget_0.50,replay_memory_bytes,1611510062,0.0
vanilla,slowheat_hidden_beta_3_budget_0.50,replay_memory_bytes,333205446,0.0
vanilla,slowheat_hidden_beta_3_budget_0.50,replay_memory_bytes,130501536,0.0
vanilla,slowheat_hidden_beta_3_budget_0.50,replay_memory_bytes,492612040,0.0
vanilla,slowheat_hidden_beta_3_budget_0.50,stored_logits_bytes,2101606466,0.0
vanilla,slowheat_hidden_beta_3_budget_0.50,stored_logits_bytes,1872839281,0.0
vanilla,slowheat_hidden_beta_3_budget_0.50,stored_logits_bytes,637029796,0.0
vanilla,slowheat_hidden_beta_3_budget_0.50,stored_logits_bytes,1357204345,0.0
vanilla,slowheat_hidden_beta_3_budget_0.50,stored_logits_bytes,1758462037,0.0
vanilla,slowheat_hidden_beta_3_budget_0.50,stored_logits_bytes,748737880,0.0
vanilla,slowheat_hidden_beta_3_budget_0.50,stored_logits_bytes,1611510062,0.0
vanilla,slowheat_hidden_beta_3_budget_0.50,stored_logits_bytes,333205446,0.0
vanilla,slowheat_hidden_beta_3_budget_0.50,stored_logits_bytes,130501536,0.0
vanilla,slowheat_hidden_beta_3_budget_0.50,stored_logits_bytes,492612040,0.0
vanilla,slowheat_hidden_beta_3_budget_0.75,final_average_accuracy,2101606466,-0.0008000000000000229
vanilla,slowheat_hidden_beta_3_budget_0.75,final_average_accuracy,1872839281,-0.0021000000000000185
vanilla,slowheat_hidden_beta_3_budget_0.75,final_average_accuracy,637029796,-0.002999999999999975
vanilla,slowheat_hidden_beta_3_budget_0.75,final_average_accuracy,1357204345,0.004500000000000004
vanilla,slowheat_hidden_beta_3_budget_0.75,final_average_accuracy,1758462037,0.00040000000000001146
vanilla,slowheat_hidden_beta_3_budget_0.75,final_average_accuracy,748737880,-0.0020000000000000018
vanilla,slowheat_hidden_beta_3_budget_0.75,final_average_accuracy,1611510062,-0.0020999999999999908
vanilla,slowheat_hidden_beta_3_budget_0.75,final_average_accuracy,333205446,0.0032999999999999974
vanilla,slowheat_hidden_beta_3_budget_0.75,final_average_accuracy,130501536,0.0008000000000000229
vanilla,slowheat_hidden_beta_3_budget_0.75,final_average_accuracy,492612040,-0.0009000000000000119
vanilla,slowheat_hidden_beta_3_budget_0.75,average_forgetting,2101606466,-0.003249999999999975
vanilla,slowheat_hidden_beta_3_budget_0.75,average_forgetting,1872839281,-0.005375000000000019
vanilla,slowheat_hidden_beta_3_budget_0.75,average_forgetting,637029796,-0.006749999999999923
vanilla,slowheat_hidden_beta_3_budget_0.75,average_forgetting,1357204345,-0.002375000000000016
vanilla,slowheat_hidden_beta_3_budget_0.75,average_forgetting,1758462037,0.0021250000000000435
vanilla,slowheat_hidden_beta_3_budget_0.75,average_forgetting,748737880,-0.002874999999999961
vanilla,slowheat_hidden_beta_3_budget_0.75,average_forgetting,1611510062,-0.002375000000000016
vanilla,slowheat_hidden_beta_3_budget_0.75,average_forgetting,333205446,-0.011625000000000107
vanilla,slowheat_hidden_beta_3_budget_0.75,average_forgetting,130501536,-0.0012500000000000844
vanilla,slowheat_hidden_beta_3_budget_0.75,average_forgetting,492612040,-0.0006250000000000977
vanilla,slowheat_hidden_beta_3_budget_0.75,backward_transfer,2101606466,0.003249999999999975
vanilla,slowheat_hidden_beta_3_budget_0.75,backward_transfer,1872839281,0.005375000000000019
vanilla,slowheat_hidden_beta_3_budget_0.75,backward_transfer,637029796,0.006749999999999923
vanilla,slowheat_hidden_beta_3_budget_0.75,backward_transfer,1357204345,0.002375000000000016
vanilla,slowheat_hidden_beta_3_budget_0.75,backward_transfer,1758462037,-0.0021250000000000435
vanilla,slowheat_hidden_beta_3_budget_0.75,backward_transfer,748737880,0.002874999999999961
vanilla,slowheat_hidden_beta_3_budget_0.75,backward_transfer,1611510062,0.002375000000000016
vanilla,slowheat_hidden_beta_3_budget_0.75,backward_transfer,333205446,0.011625000000000107
vanilla,slowheat_hidden_beta_3_budget_0.75,backward_transfer,130501536,0.0012500000000000844
vanilla,slowheat_hidden_beta_3_budget_0.75,backward_transfer,492612040,0.0006250000000000977
vanilla,slowheat_hidden_beta_3_budget_0.75,forward_transfer,2101606466,0.000125000000000014
vanilla,slowheat_hidden_beta_3_budget_0.75,forward_transfer,1872839281,0.0002500000000000002
vanilla,slowheat_hidden_beta_3_budget_0.75,forward_transfer,637029796,0.0006250000000000006
vanilla,slowheat_hidden_beta_3_budget_0.75,forward_transfer,1357204345,0.0
vanilla,slowheat_hidden_beta_3_budget_0.75,forward_transfer,1758462037,-0.000125000000000014
vanilla,slowheat_hidden_beta_3_budget_0.75,forward_transfer,748737880,-0.0008750000000000147
vanilla,slowheat_hidden_beta_3_budget_0.75,forward_transfer,1611510062,0.0
vanilla,slowheat_hidden_beta_3_budget_0.75,forward_transfer,333205446,-0.0001250000000000001
vanilla,slowheat_hidden_beta_3_budget_0.75,forward_transfer,130501536,0.0
vanilla,slowheat_hidden_beta_3_budget_0.75,forward_transfer,492612040,-0.0007500000000000007
vanilla,slowheat_hidden_beta_3_budget_0.75,task_aware_final_accuracy,2101606466,0.09780000000000011
vanilla,slowheat_hidden_beta_3_budget_0.75,task_aware_final_accuracy,1872839281,-0.04930000000000001
vanilla,slowheat_hidden_beta_3_budget_0.75,task_aware_final_accuracy,637029796,0.0525000000000001
vanilla,slowheat_hidden_beta_3_budget_0.75,task_aware_final_accuracy,1357204345,0.08109999999999984
vanilla,slowheat_hidden_beta_3_budget_0.75,task_aware_final_accuracy,1758462037,0.058699999999999974
vanilla,slowheat_hidden_beta_3_budget_0.75,task_aware_final_accuracy,748737880,-0.0353
vanilla,slowheat_hidden_beta_3_budget_0.75,task_aware_final_accuracy,1611510062,-0.01959999999999984
vanilla,slowheat_hidden_beta_3_budget_0.75,task_aware_final_accuracy,333205446,0.05719999999999992
vanilla,slowheat_hidden_beta_3_budget_0.75,task_aware_final_accuracy,130501536,0.02169999999999994
vanilla,slowheat_hidden_beta_3_budget_0.75,task_aware_final_accuracy,492612040,0.034499999999999975
vanilla,slowheat_hidden_beta_3_budget_0.75,task_aware_forgetting,2101606466,-0.12649999999999997
vanilla,slowheat_hidden_beta_3_budget_0.75,task_aware_forgetting,1872839281,0.053625000000000034
vanilla,slowheat_hidden_beta_3_budget_0.75,task_aware_forgetting,637029796,-0.07612500000000008
vanilla,slowheat_hidden_beta_3_budget_0.75,task_aware_forgetting,1357204345,-0.09812499999999999
vanilla,slowheat_hidden_beta_3_budget_0.75,task_aware_forgetting,1758462037,-0.07075000000000009
vanilla,slowheat_hidden_beta_3_budget_0.75,task_aware_forgetting,748737880,0.03874999999999995
vanilla,slowheat_hidden_beta_3_budget_0.75,task_aware_forgetting,1611510062,0.019500000000000017
vanilla,slowheat_hidden_beta_3_budget_0.75,task_aware_forgetting,333205446,-0.07900000000000007
vanilla,slowheat_hidden_beta_3_budget_0.75,task_aware_forgetting,130501536,-0.027375000000000038
vanilla,slowheat_hidden_beta_3_budget_0.75,task_aware_forgetting,492612040,-0.044875
vanilla,slowheat_hidden_beta_3_budget_0.75,classifier_gap,2101606466,0.09860000000000008
vanilla,slowheat_hidden_beta_3_budget_0.75,classifier_gap,1872839281,-0.047199999999999964
vanilla,slowheat_hidden_beta_3_budget_0.75,classifier_gap,637029796,0.05550000000000005
vanilla,slowheat_hidden_beta_3_budget_0.75,classifier_gap,1357204345,0.07659999999999983
vanilla,slowheat_hidden_beta_3_budget_0.75,classifier_gap,1758462037,0.05830000000000002
vanilla,slowheat_hidden_beta_3_budget_0.75,classifier_gap,748737880,-0.033299999999999996
vanilla,slowheat_hidden_beta_3_budget_0.75,classifier_gap,1611510062,-0.01749999999999985
vanilla,slowheat_hidden_beta_3_budget_0.75,classifier_gap,333205446,0.05389999999999989
vanilla,slowheat_hidden_beta_3_budget_0.75,classifier_gap,130501536,0.02089999999999992
vanilla,slowheat_hidden_beta_3_budget_0.75,classifier_gap,492612040,0.03539999999999999
vanilla,slowheat_hidden_beta_3_budget_0.75,elapsed_seconds,2101606466,3.698873065997759
vanilla,slowheat_hidden_beta_3_budget_0.75,elapsed_seconds,1872839281,3.65274349199899
vanilla,slowheat_hidden_beta_3_budget_0.75,elapsed_seconds,637029796,3.7222616790022585
vanilla,slowheat_hidden_beta_3_budget_0.75,elapsed_seconds,1357204345,3.579127924000204
vanilla,slowheat_hidden_beta_3_budget_0.75,elapsed_seconds,1758462037,3.5233910999995715
vanilla,slowheat_hidden_beta_3_budget_0.75,elapsed_seconds,748737880,44.50413521500013
vanilla,slowheat_hidden_beta_3_budget_0.75,elapsed_seconds,1611510062,-17.015921872000035
vanilla,slowheat_hidden_beta_3_budget_0.75,elapsed_seconds,333205446,3.5346245799992175
vanilla,slowheat_hidden_beta_3_budget_0.75,elapsed_seconds,130501536,4.018123681998986
vanilla,slowheat_hidden_beta_3_budget_0.75,elapsed_seconds,492612040,3.4779126630019164
vanilla,slowheat_hidden_beta_3_budget_0.75,learner_examples_processed,2101606466,0.0
vanilla,slowheat_hidden_beta_3_budget_0.75,learner_examples_processed,1872839281,0.0
vanilla,slowheat_hidden_beta_3_budget_0.75,learner_examples_processed,637029796,0.0
vanilla,slowheat_hidden_beta_3_budget_0.75,learner_examples_processed,1357204345,0.0
vanilla,slowheat_hidden_beta_3_budget_0.75,learner_examples_processed,1758462037,0.0
vanilla,slowheat_hidden_beta_3_budget_0.75,learner_examples_processed,748737880,0.0
vanilla,slowheat_hidden_beta_3_budget_0.75,learner_examples_processed,1611510062,0.0
vanilla,slowheat_hidden_beta_3_budget_0.75,learner_examples_processed,333205446,0.0
vanilla,slowheat_hidden_beta_3_budget_0.75,learner_examples_processed,130501536,0.0
vanilla,slowheat_hidden_beta_3_budget_0.75,learner_examples_processed,492612040,0.0
vanilla,slowheat_hidden_beta_3_budget_0.75,total_model_examples_processed,2101606466,0.0
vanilla,slowheat_hidden_beta_3_budget_0.75,total_model_examples_processed,1872839281,0.0
vanilla,slowheat_hidden_beta_3_budget_0.75,total_model_examples_processed,637029796,0.0
vanilla,slowheat_hidden_beta_3_budget_0.75,total_model_examples_processed,1357204345,0.0
vanilla,slowheat_hidden_beta_3_budget_0.75,total_model_examples_processed,1758462037,0.0
vanilla,slowheat_hidden_beta_3_budget_0.75,total_model_examples_processed,748737880,0.0
vanilla,slowheat_hidden_beta_3_budget_0.75,total_model_examples_processed,1611510062,0.0
vanilla,slowheat_hidden_beta_3_budget_0.75,total_model_examples_processed,333205446,0.0
vanilla,slowheat_hidden_beta_3_budget_0.75,total_model_examples_processed,130501536,0.0
vanilla,slowheat_hidden_beta_3_budget_0.75,total_model_examples_processed,492612040,0.0
vanilla,slowheat_hidden_beta_3_budget_0.75,estimated_total_flops,2101606466,107959520.0
vanilla,slowheat_hidden_beta_3_budget_0.75,estimated_total_flops,1872839281,107959520.0
vanilla,slowheat_hidden_beta_3_budget_0.75,estimated_total_flops,637029796,107959520.0
vanilla,slowheat_hidden_beta_3_budget_0.75,estimated_total_flops,1357204345,107959520.0
vanilla,slowheat_hidden_beta_3_budget_0.75,estimated_total_flops,1758462037,107959520.0
vanilla,slowheat_hidden_beta_3_budget_0.75,estimated_total_flops,748737880,107959520.0
vanilla,slowheat_hidden_beta_3_budget_0.75,estimated_total_flops,1611510062,107959520.0
vanilla,slowheat_hidden_beta_3_budget_0.75,estimated_total_flops,333205446,107959520.0
vanilla,slowheat_hidden_beta_3_budget_0.75,estimated_total_flops,130501536,107959520.0
vanilla,slowheat_hidden_beta_3_budget_0.75,estimated_total_flops,492612040,107959520.0
vanilla,slowheat_hidden_beta_3_budget_0.75,estimated_overhead_flops,2101606466,107959520.0
vanilla,slowheat_hidden_beta_3_budget_0.75,estimated_overhead_flops,1872839281,107959520.0
vanilla,slowheat_hidden_beta_3_budget_0.75,estimated_overhead_flops,637029796,107959520.0
vanilla,slowheat_hidden_beta_3_budget_0.75,estimated_overhead_flops,1357204345,107959520.0
vanilla,slowheat_hidden_beta_3_budget_0.75,estimated_overhead_flops,1758462037,107959520.0
vanilla,slowheat_hidden_beta_3_budget_0.75,estimated_overhead_flops,748737880,107959520.0
vanilla,slowheat_hidden_beta_3_budget_0.75,estimated_overhead_flops,1611510062,107959520.0
vanilla,slowheat_hidden_beta_3_budget_0.75,estimated_overhead_flops,333205446,107959520.0
vanilla,slowheat_hidden_beta_3_budget_0.75,estimated_overhead_flops,130501536,107959520.0
vanilla,slowheat_hidden_beta_3_budget_0.75,estimated_overhead_flops,492612040,107959520.0
vanilla,slowheat_hidden_beta_3_budget_0.75,replay_memory_bytes,2101606466,0.0
vanilla,slowheat_hidden_beta_3_budget_0.75,replay_memory_bytes,1872839281,0.0
vanilla,slowheat_hidden_beta_3_budget_0.75,replay_memory_bytes,637029796,0.0
vanilla,slowheat_hidden_beta_3_budget_0.75,replay_memory_bytes,1357204345,0.0
vanilla,slowheat_hidden_beta_3_budget_0.75,replay_memory_bytes,1758462037,0.0
vanilla,slowheat_hidden_beta_3_budget_0.75,replay_memory_bytes,748737880,0.0
vanilla,slowheat_hidden_beta_3_budget_0.75,replay_memory_bytes,1611510062,0.0
vanilla,slowheat_hidden_beta_3_budget_0.75,replay_memory_bytes,333205446,0.0
vanilla,slowheat_hidden_beta_3_budget_0.75,replay_memory_bytes,130501536,0.0
vanilla,slowheat_hidden_beta_3_budget_0.75,replay_memory_bytes,492612040,0.0
vanilla,slowheat_hidden_beta_3_budget_0.75,stored_logits_bytes,2101606466,0.0
vanilla,slowheat_hidden_beta_3_budget_0.75,stored_logits_bytes,1872839281,0.0
vanilla,slowheat_hidden_beta_3_budget_0.75,stored_logits_bytes,637029796,0.0
vanilla,slowheat_hidden_beta_3_budget_0.75,stored_logits_bytes,1357204345,0.0
vanilla,slowheat_hidden_beta_3_budget_0.75,stored_logits_bytes,1758462037,0.0
vanilla,slowheat_hidden_beta_3_budget_0.75,stored_logits_bytes,748737880,0.0
vanilla,slowheat_hidden_beta_3_budget_0.75,stored_logits_bytes,1611510062,0.0
vanilla,slowheat_hidden_beta_3_budget_0.75,stored_logits_bytes,333205446,0.0
vanilla,slowheat_hidden_beta_3_budget_0.75,stored_logits_bytes,130501536,0.0
vanilla,slowheat_hidden_beta_3_budget_0.75,stored_logits_bytes,492612040,0.0
vanilla,slowheat_hidden_beta_10_budget_0.50,final_average_accuracy,2101606466,0.00019999999999997797
vanilla,slowheat_hidden_beta_10_budget_0.50,final_average_accuracy,1872839281,-0.004400000000000015
vanilla,slowheat_hidden_beta_10_budget_0.50,final_average_accuracy,637029796,-0.004299999999999998
vanilla,slowheat_hidden_beta_10_budget_0.50,final_average_accuracy,1357204345,0.004399999999999987
vanilla,slowheat_hidden_beta_10_budget_0.50,final_average_accuracy,1758462037,-0.002700000000000008
vanilla,slowheat_hidden_beta_10_budget_0.50,final_average_accuracy,748737880,0.002999999999999975
vanilla,slowheat_hidden_beta_10_budget_0.50,final_average_accuracy,1611510062,-0.004899999999999988
vanilla,slowheat_hidden_beta_10_budget_0.50,final_average_accuracy,333205446,0.0022999999999999965
vanilla,slowheat_hidden_beta_10_budget_0.50,final_average_accuracy,130501536,9.999999999998899e-05
vanilla,slowheat_hidden_beta_10_budget_0.50,final_average_accuracy,492612040,-0.0032000000000000084
vanilla,slowheat_hidden_beta_10_budget_0.50,average_forgetting,2101606466,-0.00912500000000005
vanilla,slowheat_hidden_beta_10_budget_0.50,average_forgetting,1872839281,-0.01200000000000001
vanilla,slowheat_hidden_beta_10_budget_0.50,average_forgetting,637029796,-0.014249999999999985
vanilla,slowheat_hidden_beta_10_budget_0.50,average_forgetting,1357204345,1.1102230246251565e-16
vanilla,slowheat_hidden_beta_10_budget_0.50,average_forgetting,1758462037,-0.004375000000000018
vanilla,slowheat_hidden_beta_10_budget_0.50,average_forgetting,748737880,-0.011375000000000024
vanilla,slowheat_hidden_beta_10_budget_0.50,average_forgetting,1611510062,-0.0030000000000000027
vanilla,slowheat_hidden_beta_10_budget_0.50,average_forgetting,333205446,-0.016625
vanilla,slowheat_hidden_beta_10_budget_0.50,average_forgetting,130501536,-0.010750000000000037
vanilla,slowheat_hidden_beta_10_budget_0.50,average_forgetting,492612040,-0.01187500000000008
vanilla,slowheat_hidden_beta_10_budget_0.50,backward_transfer,2101606466,0.00912500000000005
vanilla,slowheat_hidden_beta_10_budget_0.50,backward_transfer,1872839281,0.01200000000000001
vanilla,slowheat_hidden_beta_10_budget_0.50,backward_transfer,637029796,0.014249999999999985
vanilla,slowheat_hidden_beta_10_budget_0.50,backward_transfer,1357204345,-1.1102230246251565e-16
vanilla,slowheat_hidden_beta_10_budget_0.50,backward_transfer,1758462037,0.004375000000000018
vanilla,slowheat_hidden_beta_10_budget_0.50,backward_transfer,748737880,0.011375000000000024
vanilla,slowheat_hidden_beta_10_budget_0.50,backward_transfer,1611510062,0.0030000000000000027
vanilla,slowheat_hidden_beta_10_budget_0.50,backward_transfer,333205446,0.016625
vanilla,slowheat_hidden_beta_10_budget_0.50,backward_transfer,130501536,0.010750000000000037
vanilla,slowheat_hidden_beta_10_budget_0.50,backward_transfer,492612040,0.01187500000000008
vanilla,slowheat_hidden_beta_10_budget_0.50,forward_transfer,2101606466,0.0
vanilla,slowheat_hidden_beta_10_budget_0.50,forward_transfer,1872839281,0.0002500000000000002
vanilla,slowheat_hidden_beta_10_budget_0.50,forward_transfer,637029796,-0.0038750000000000034
vanilla,slowheat_hidden_beta_10_budget_0.50,forward_transfer,1357204345,-0.000125000000000014
vanilla,slowheat_hidden_beta_10_budget_0.50,forward_transfer,1758462037,0.00012499999999998623
vanilla,slowheat_hidden_beta_10_budget_0.50,forward_transfer,748737880,0.00012499999999998623
vanilla,slowheat_hidden_beta_10_budget_0.50,forward_transfer,1611510062,0.0
vanilla,slowheat_hidden_beta_10_budget_0.50,forward_transfer,333205446,-0.0001250000000000001
vanilla,slowheat_hidden_beta_10_budget_0.50,forward_transfer,130501536,0.0
vanilla,slowheat_hidden_beta_10_budget_0.50,forward_transfer,492612040,-0.0005000000000000004
vanilla,slowheat_hidden_beta_10_budget_0.50,task_aware_final_accuracy,2101606466,0.08620000000000005
vanilla,slowheat_hidden_beta_10_budget_0.50,task_aware_final_accuracy,1872839281,-0.01429999999999998
vanilla,slowheat_hidden_beta_10_budget_0.50,task_aware_final_accuracy,637029796,0.08140000000000003
vanilla,slowheat_hidden_beta_10_budget_0.50,task_aware_final_accuracy,1357204345,0.0603999999999999
vanilla,slowheat_hidden_beta_10_budget_0.50,task_aware_final_accuracy,1758462037,0.09200000000000008
vanilla,slowheat_hidden_beta_10_budget_0.50,task_aware_final_accuracy,748737880,0.06310000000000004
vanilla,slowheat_hidden_beta_10_budget_0.50,task_aware_final_accuracy,1611510062,-0.058599999999999985
vanilla,slowheat_hidden_beta_10_budget_0.50,task_aware_final_accuracy,333205446,0.06400000000000006
vanilla,slowheat_hidden_beta_10_budget_0.50,task_aware_final_accuracy,130501536,0.04719999999999991
vanilla,slowheat_hidden_beta_10_budget_0.50,task_aware_final_accuracy,492612040,-0.008300000000000085
vanilla,slowheat_hidden_beta_10_budget_0.50,task_aware_forgetting,2101606466,-0.11662499999999998
vanilla,slowheat_hidden_beta_10_budget_0.50,task_aware_forgetting,1872839281,0.0003750000000000142
vanilla,slowheat_hidden_beta_10_budget_0.50,task_aware_forgetting,637029796,-0.12137500000000004
vanilla,slowheat_hidden_beta_10_budget_0.50,task_aware_forgetting,1357204345,-0.06999999999999998
vanilla,slowheat_hidden_beta_10_budget_0.50,task_aware_forgetting,1758462037,-0.12275000000000003
vanilla,slowheat_hidden_beta_10_budget_0.50,task_aware_forgetting,748737880,-0.08649999999999997
vanilla,slowheat_hidden_beta_10_budget_0.50,task_aware_forgetting,1611510062,0.06412499999999999
vanilla,slowheat_hidden_beta_10_budget_0.50,task_aware_forgetting,333205446,-0.09375000000000006
vanilla,slowheat_hidden_beta_10_budget_0.50,task_aware_forgetting,130501536,-0.06962500000000002
vanilla,slowheat_hidden_beta_10_budget_0.50,task_aware_forgetting,492612040,-0.005499999999999949
vanilla,slowheat_hidden_beta_10_budget_0.50,classifier_gap,2101606466,0.08600000000000013
vanilla,slowheat_hidden_beta_10_budget_0.50,classifier_gap,1872839281,-0.009899999999999964
vanilla,slowheat_hidden_beta_10_budget_0.50,classifier_gap,637029796,0.0857
vanilla,slowheat_hidden_beta_10_budget_0.50,classifier_gap,1357204345,0.05599999999999988
vanilla,slowheat_hidden_beta_10_budget_0.50,classifier_gap,1758462037,0.09470000000000012
vanilla,slowheat_hidden_beta_10_budget_0.50,classifier_gap,748737880,0.06010000000000004
vanilla,slowheat_hidden_beta_10_budget_0.50,classifier_gap,1611510062,-0.05369999999999997
vanilla,slowheat_hidden_beta_10_budget_0.50,classifier_gap,333205446,0.06170000000000003
vanilla,slowheat_hidden_beta_10_budget_0.50,classifier_gap,130501536,0.04709999999999992
vanilla,slowheat_hidden_beta_10_budget_0.50,classifier_gap,492612040,-0.0051000000000001044
vanilla,slowheat_hidden_beta_10_budget_0.50,elapsed_seconds,2101606466,3.6621175600012066
vanilla,slowheat_hidden_beta_10_budget_0.50,elapsed_seconds,1872839281,3.5276522550011578
vanilla,slowheat_hidden_beta_10_budget_0.50,elapsed_seconds,637029796,3.4831990860002406
vanilla,slowheat_hidden_beta_10_budget_0.50,elapsed_seconds,1357204345,3.5659393120004097
vanilla,slowheat_hidden_beta_10_budget_0.50,elapsed_seconds,1758462037,3.5245600000016566
vanilla,slowheat_hidden_beta_10_budget_0.50,elapsed_seconds,748737880,63.54430409499764
vanilla,slowheat_hidden_beta_10_budget_0.50,elapsed_seconds,1611510062,-17.520039014001668
vanilla,slowheat_hidden_beta_10_budget_0.50,elapsed_seconds,333205446,3.5381256730033783
vanilla,slowheat_hidden_beta_10_budget_0.50,elapsed_seconds,130501536,4.047259385999496
vanilla,slowheat_hidden_beta_10_budget_0.50,elapsed_seconds,492612040,3.5430890259995067
vanilla,slowheat_hidden_beta_10_budget_0.50,learner_examples_processed,2101606466,0.0
vanilla,slowheat_hidden_beta_10_budget_0.50,learner_examples_processed,1872839281,0.0
vanilla,slowheat_hidden_beta_10_budget_0.50,learner_examples_processed,637029796,0.0
vanilla,slowheat_hidden_beta_10_budget_0.50,learner_examples_processed,1357204345,0.0
vanilla,slowheat_hidden_beta_10_budget_0.50,learner_examples_processed,1758462037,0.0
vanilla,slowheat_hidden_beta_10_budget_0.50,learner_examples_processed,748737880,0.0
vanilla,slowheat_hidden_beta_10_budget_0.50,learner_examples_processed,1611510062,0.0
vanilla,slowheat_hidden_beta_10_budget_0.50,learner_examples_processed,333205446,0.0
vanilla,slowheat_hidden_beta_10_budget_0.50,learner_examples_processed,130501536,0.0
vanilla,slowheat_hidden_beta_10_budget_0.50,learner_examples_processed,492612040,0.0
vanilla,slowheat_hidden_beta_10_budget_0.50,total_model_examples_processed,2101606466,0.0
vanilla,slowheat_hidden_beta_10_budget_0.50,total_model_examples_processed,1872839281,0.0
vanilla,slowheat_hidden_beta_10_budget_0.50,total_model_examples_processed,637029796,0.0
vanilla,slowheat_hidden_beta_10_budget_0.50,total_model_examples_processed,1357204345,0.0
vanilla,slowheat_hidden_beta_10_budget_0.50,total_model_examples_processed,1758462037,0.0
vanilla,slowheat_hidden_beta_10_budget_0.50,total_model_examples_processed,748737880,0.0
vanilla,slowheat_hidden_beta_10_budget_0.50,total_model_examples_processed,1611510062,0.0
vanilla,slowheat_hidden_beta_10_budget_0.50,total_model_examples_processed,333205446,0.0
vanilla,slowheat_hidden_beta_10_budget_0.50,total_model_examples_processed,130501536,0.0
vanilla,slowheat_hidden_beta_10_budget_0.50,total_model_examples_processed,492612040,0.0
vanilla,slowheat_hidden_beta_10_budget_0.50,estimated_total_flops,2101606466,107959520.0
vanilla,slowheat_hidden_beta_10_budget_0.50,estimated_total_flops,1872839281,107959520.0
vanilla,slowheat_hidden_beta_10_budget_0.50,estimated_total_flops,637029796,107959520.0
vanilla,slowheat_hidden_beta_10_budget_0.50,estimated_total_flops,1357204345,107959520.0
vanilla,slowheat_hidden_beta_10_budget_0.50,estimated_total_flops,1758462037,107959520.0
vanilla,slowheat_hidden_beta_10_budget_0.50,estimated_total_flops,748737880,107959520.0
vanilla,slowheat_hidden_beta_10_budget_0.50,estimated_total_flops,1611510062,107959520.0
vanilla,slowheat_hidden_beta_10_budget_0.50,estimated_total_flops,333205446,107959520.0
vanilla,slowheat_hidden_beta_10_budget_0.50,estimated_total_flops,130501536,107959520.0
vanilla,slowheat_hidden_beta_10_budget_0.50,estimated_total_flops,492612040,107959520.0
vanilla,slowheat_hidden_beta_10_budget_0.50,estimated_overhead_flops,2101606466,107959520.0
vanilla,slowheat_hidden_beta_10_budget_0.50,estimated_overhead_flops,1872839281,107959520.0
vanilla,slowheat_hidden_beta_10_budget_0.50,estimated_overhead_flops,637029796,107959520.0
vanilla,slowheat_hidden_beta_10_budget_0.50,estimated_overhead_flops,1357204345,107959520.0
vanilla,slowheat_hidden_beta_10_budget_0.50,estimated_overhead_flops,1758462037,107959520.0
vanilla,slowheat_hidden_beta_10_budget_0.50,estimated_overhead_flops,748737880,107959520.0
vanilla,slowheat_hidden_beta_10_budget_0.50,estimated_overhead_flops,1611510062,107959520.0
vanilla,slowheat_hidden_beta_10_budget_0.50,estimated_overhead_flops,333205446,107959520.0
vanilla,slowheat_hidden_beta_10_budget_0.50,estimated_overhead_flops,130501536,107959520.0
vanilla,slowheat_hidden_beta_10_budget_0.50,estimated_overhead_flops,492612040,107959520.0
vanilla,slowheat_hidden_beta_10_budget_0.50,replay_memory_bytes,2101606466,0.0
vanilla,slowheat_hidden_beta_10_budget_0.50,replay_memory_bytes,1872839281,0.0
vanilla,slowheat_hidden_beta_10_budget_0.50,replay_memory_bytes,637029796,0.0
vanilla,slowheat_hidden_beta_10_budget_0.50,replay_memory_bytes,1357204345,0.0
vanilla,slowheat_hidden_beta_10_budget_0.50,replay_memory_bytes,1758462037,0.0
vanilla,slowheat_hidden_beta_10_budget_0.50,replay_memory_bytes,748737880,0.0
vanilla,slowheat_hidden_beta_10_budget_0.50,replay_memory_bytes,1611510062,0.0
vanilla,slowheat_hidden_beta_10_budget_0.50,replay_memory_bytes,333205446,0.0
vanilla,slowheat_hidden_beta_10_budget_0.50,replay_memory_bytes,130501536,0.0
vanilla,slowheat_hidden_beta_10_budget_0.50,replay_memory_bytes,492612040,0.0
vanilla,slowheat_hidden_beta_10_budget_0.50,stored_logits_bytes,2101606466,0.0
vanilla,slowheat_hidden_beta_10_budget_0.50,stored_logits_bytes,1872839281,0.0
vanilla,slowheat_hidden_beta_10_budget_0.50,stored_logits_bytes,637029796,0.0
vanilla,slowheat_hidden_beta_10_budget_0.50,stored_logits_bytes,1357204345,0.0
vanilla,slowheat_hidden_beta_10_budget_0.50,stored_logits_bytes,1758462037,0.0
vanilla,slowheat_hidden_beta_10_budget_0.50,stored_logits_bytes,748737880,0.0
vanilla,slowheat_hidden_beta_10_budget_0.50,stored_logits_bytes,1611510062,0.0
vanilla,slowheat_hidden_beta_10_budget_0.50,stored_logits_bytes,333205446,0.0
vanilla,slowheat_hidden_beta_10_budget_0.50,stored_logits_bytes,130501536,0.0
vanilla,slowheat_hidden_beta_10_budget_0.50,stored_logits_bytes,492612040,0.0
vanilla,slowheat_hidden_beta_10_budget_0.75,final_average_accuracy,2101606466,0.003799999999999998
vanilla,slowheat_hidden_beta_10_budget_0.75,final_average_accuracy,1872839281,-0.00360000000000002
vanilla,slowheat_hidden_beta_10_budget_0.75,final_average_accuracy,637029796,-0.002799999999999997
vanilla,slowheat_hidden_beta_10_budget_0.75,final_average_accuracy,1357204345,0.0012999999999999956
vanilla,slowheat_hidden_beta_10_budget_0.75,final_average_accuracy,1758462037,-0.002700000000000008
vanilla,slowheat_hidden_beta_10_budget_0.75,final_average_accuracy,748737880,0.0002999999999999947
vanilla,slowheat_hidden_beta_10_budget_0.75,final_average_accuracy,1611510062,0.0005000000000000004
vanilla,slowheat_hidden_beta_10_budget_0.75,final_average_accuracy,333205446,0.0005999999999999894
vanilla,slowheat_hidden_beta_10_budget_0.75,final_average_accuracy,130501536,-0.0010000000000000009
vanilla,slowheat_hidden_beta_10_budget_0.75,final_average_accuracy,492612040,-0.003400000000000014
vanilla,slowheat_hidden_beta_10_budget_0.75,average_forgetting,2101606466,-0.003249999999999975
vanilla,slowheat_hidden_beta_10_budget_0.75,average_forgetting,1872839281,-0.004250000000000087
vanilla,slowheat_hidden_beta_10_budget_0.75,average_forgetting,637029796,-0.006750000000000034
vanilla,slowheat_hidden_beta_10_budget_0.75,average_forgetting,1357204345,0.0017500000000000293
vanilla,slowheat_hidden_beta_10_budget_0.75,average_forgetting,1758462037,-0.0021249999999999325
vanilla,slowheat_hidden_beta_10_budget_0.75,average_forgetting,748737880,-0.007125000000000159
vanilla,slowheat_hidden_beta_10_budget_0.75,average_forgetting,1611510062,-0.0006249999999999867
vanilla,slowheat_hidden_beta_10_budget_0.75,average_forgetting,333205446,-0.011750000000000038
vanilla,slowheat_hidden_beta_10_budget_0.75,average_forgetting,130501536,-0.0006250000000000977
vanilla,slowheat_hidden_beta_10_budget_0.75,average_forgetting,492612040,-0.0004999999999999449
vanilla,slowheat_hidden_beta_10_budget_0.75,backward_transfer,2101606466,0.003249999999999975
vanilla,slowheat_hidden_beta_10_budget_0.75,backward_transfer,1872839281,0.004250000000000087
vanilla,slowheat_hidden_beta_10_budget_0.75,backward_transfer,637029796,0.006750000000000034
vanilla,slowheat_hidden_beta_10_budget_0.75,backward_transfer,1357204345,-0.0017500000000000293
vanilla,slowheat_hidden_beta_10_budget_0.75,backward_transfer,1758462037,0.0021249999999999325
vanilla,slowheat_hidden_beta_10_budget_0.75,backward_transfer,748737880,0.007125000000000159
vanilla,slowheat_hidden_beta_10_budget_0.75,backward_transfer,1611510062,0.0006249999999999867
vanilla,slowheat_hidden_beta_10_budget_0.75,backward_transfer,333205446,0.011750000000000038
vanilla,slowheat_hidden_beta_10_budget_0.75,backward_transfer,130501536,0.0006250000000000977
vanilla,slowheat_hidden_beta_10_budget_0.75,backward_transfer,492612040,0.0004999999999999449
vanilla,slowheat_hidden_beta_10_budget_0.75,forward_transfer,2101606466,0.0
vanilla,slowheat_hidden_beta_10_budget_0.75,forward_transfer,1872839281,0.0
vanilla,slowheat_hidden_beta_10_budget_0.75,forward_transfer,637029796,-0.002250000000000002
vanilla,slowheat_hidden_beta_10_budget_0.75,forward_transfer,1357204345,0.0
vanilla,slowheat_hidden_beta_10_budget_0.75,forward_transfer,1758462037,-0.0008750000000000147
vanilla,slowheat_hidden_beta_10_budget_0.75,forward_transfer,748737880,-0.000125000000000014
vanilla,slowheat_hidden_beta_10_budget_0.75,forward_transfer,1611510062,-0.00012499999999998623
vanilla,slowheat_hidden_beta_10_budget_0.75,forward_transfer,333205446,0.0
vanilla,slowheat_hidden_beta_10_budget_0.75,forward_transfer,130501536,0.0
vanilla,slowheat_hidden_beta_10_budget_0.75,forward_transfer,492612040,-0.0006250000000000006
vanilla,slowheat_hidden_beta_10_budget_0.75,task_aware_final_accuracy,2101606466,0.09820000000000007
vanilla,slowheat_hidden_beta_10_budget_0.75,task_aware_final_accuracy,1872839281,0.020499999999999963
vanilla,slowheat_hidden_beta_10_budget_0.75,task_aware_final_accuracy,637029796,0.043500000000000094
vanilla,slowheat_hidden_beta_10_budget_0.75,task_aware_final_accuracy,1357204345,0.04609999999999992
vanilla,slowheat_hidden_beta_10_budget_0.75,task_aware_final_accuracy,1758462037,0.07019999999999993
vanilla,slowheat_hidden_beta_10_budget_0.75,task_aware_final_accuracy,748737880,-0.014499999999999957
vanilla,slowheat_hidden_beta_10_budget_0.75,task_aware_final_accuracy,1611510062,-0.0046999999999999265
vanilla,slowheat_hidden_beta_10_budget_0.75,task_aware_final_accuracy,333205446,0.05940000000000001
vanilla,slowheat_hidden_beta_10_budget_0.75,task_aware_final_accuracy,130501536,0.038899999999999935
vanilla,slowheat_hidden_beta_10_budget_0.75,task_aware_final_accuracy,492612040,-0.049100000000000144
vanilla,slowheat_hidden_beta_10_budget_0.75,task_aware_forgetting,2101606466,-0.12125
vanilla,slowheat_hidden_beta_10_budget_0.75,task_aware_forgetting,1872839281,-0.03437499999999999
vanilla,slowheat_hidden_beta_10_budget_0.75,task_aware_forgetting,637029796,-0.06462499999999999
vanilla,slowheat_hidden_beta_10_budget_0.75,task_aware_forgetting,1357204345,-0.054249999999999965
vanilla,slowheat_hidden_beta_10_budget_0.75,task_aware_forgetting,1758462037,-0.09325000000000003
vanilla,slowheat_hidden_beta_10_budget_0.75,task_aware_forgetting,748737880,0.011375000000000024
vanilla,slowheat_hidden_beta_10_budget_0.75,task_aware_forgetting,1611510062,0.005874999999999964
vanilla,slowheat_hidden_beta_10_budget_0.75,task_aware_forgetting,333205446,-0.08525000000000005
vanilla,slowheat_hidden_beta_10_budget_0.75,task_aware_forgetting,130501536,-0.05049999999999999
vanilla,slowheat_hidden_beta_10_budget_0.75,task_aware_forgetting,492612040,0.056625000000000036
vanilla,slowheat_hidden_beta_10_budget_0.75,classifier_gap,2101606466,0.0944000000000001
vanilla,slowheat_hidden_beta_10_budget_0.75,classifier_gap,1872839281,0.024099999999999955
vanilla,slowheat_hidden_beta_10_budget_0.75,classifier_gap,637029796,0.04630000000000006
vanilla,slowheat_hidden_beta_10_budget_0.75,classifier_gap,1357204345,0.044799999999999895
vanilla,slowheat_hidden_beta_10_budget_0.75,classifier_gap,1758462037,0.07289999999999996
vanilla,slowheat_hidden_beta_10_budget_0.75,classifier_gap,748737880,-0.014799999999999924
vanilla,slowheat_hidden_beta_10_budget_0.75,classifier_gap,1611510062,-0.005199999999999927
vanilla,slowheat_hidden_beta_10_budget_0.75,classifier_gap,333205446,0.05880000000000002
vanilla,slowheat_hidden_beta_10_budget_0.75,classifier_gap,130501536,0.039899999999999936
vanilla,slowheat_hidden_beta_10_budget_0.75,classifier_gap,492612040,-0.04570000000000013
vanilla,slowheat_hidden_beta_10_budget_0.75,elapsed_seconds,2101606466,3.687447964999592
vanilla,slowheat_hidden_beta_10_budget_0.75,elapsed_seconds,1872839281,3.8025618069987104
vanilla,slowheat_hidden_beta_10_budget_0.75,elapsed_seconds,637029796,3.727138359001401
vanilla,slowheat_hidden_beta_10_budget_0.75,elapsed_seconds,1357204345,3.507637702001375
vanilla,slowheat_hidden_beta_10_budget_0.75,elapsed_seconds,1758462037,3.612317057002656
vanilla,slowheat_hidden_beta_10_budget_0.75,elapsed_seconds,748737880,63.715562334000424
vanilla,slowheat_hidden_beta_10_budget_0.75,elapsed_seconds,1611510062,-17.41230857499977
vanilla,slowheat_hidden_beta_10_budget_0.75,elapsed_seconds,333205446,3.5734079409994592
vanilla,slowheat_hidden_beta_10_budget_0.75,elapsed_seconds,130501536,3.9978918640008487
vanilla,slowheat_hidden_beta_10_budget_0.75,elapsed_seconds,492612040,3.655205463997845
vanilla,slowheat_hidden_beta_10_budget_0.75,learner_examples_processed,2101606466,0.0
vanilla,slowheat_hidden_beta_10_budget_0.75,learner_examples_processed,1872839281,0.0
vanilla,slowheat_hidden_beta_10_budget_0.75,learner_examples_processed,637029796,0.0
vanilla,slowheat_hidden_beta_10_budget_0.75,learner_examples_processed,1357204345,0.0
vanilla,slowheat_hidden_beta_10_budget_0.75,learner_examples_processed,1758462037,0.0
vanilla,slowheat_hidden_beta_10_budget_0.75,learner_examples_processed,748737880,0.0
vanilla,slowheat_hidden_beta_10_budget_0.75,learner_examples_processed,1611510062,0.0
vanilla,slowheat_hidden_beta_10_budget_0.75,learner_examples_processed,333205446,0.0
vanilla,slowheat_hidden_beta_10_budget_0.75,learner_examples_processed,130501536,0.0
vanilla,slowheat_hidden_beta_10_budget_0.75,learner_examples_processed,492612040,0.0
vanilla,slowheat_hidden_beta_10_budget_0.75,total_model_examples_processed,2101606466,0.0
vanilla,slowheat_hidden_beta_10_budget_0.75,total_model_examples_processed,1872839281,0.0
vanilla,slowheat_hidden_beta_10_budget_0.75,total_model_examples_processed,637029796,0.0
vanilla,slowheat_hidden_beta_10_budget_0.75,total_model_examples_processed,1357204345,0.0
vanilla,slowheat_hidden_beta_10_budget_0.75,total_model_examples_processed,1758462037,0.0
vanilla,slowheat_hidden_beta_10_budget_0.75,total_model_examples_processed,748737880,0.0
vanilla,slowheat_hidden_beta_10_budget_0.75,total_model_examples_processed,1611510062,0.0
vanilla,slowheat_hidden_beta_10_budget_0.75,total_model_examples_processed,333205446,0.0
vanilla,slowheat_hidden_beta_10_budget_0.75,total_model_examples_processed,130501536,0.0
vanilla,slowheat_hidden_beta_10_budget_0.75,total_model_examples_processed,492612040,0.0
vanilla,slowheat_hidden_beta_10_budget_0.75,estimated_total_flops,2101606466,107959520.0
vanilla,slowheat_hidden_beta_10_budget_0.75,estimated_total_flops,1872839281,107959520.0
vanilla,slowheat_hidden_beta_10_budget_0.75,estimated_total_flops,637029796,107959520.0
vanilla,slowheat_hidden_beta_10_budget_0.75,estimated_total_flops,1357204345,107959520.0
vanilla,slowheat_hidden_beta_10_budget_0.75,estimated_total_flops,1758462037,107959520.0
vanilla,slowheat_hidden_beta_10_budget_0.75,estimated_total_flops,748737880,107959520.0
vanilla,slowheat_hidden_beta_10_budget_0.75,estimated_total_flops,1611510062,107959520.0
vanilla,slowheat_hidden_beta_10_budget_0.75,estimated_total_flops,333205446,107959520.0
vanilla,slowheat_hidden_beta_10_budget_0.75,estimated_total_flops,130501536,107959520.0
vanilla,slowheat_hidden_beta_10_budget_0.75,estimated_total_flops,492612040,107959520.0
vanilla,slowheat_hidden_beta_10_budget_0.75,estimated_overhead_flops,2101606466,107959520.0
vanilla,slowheat_hidden_beta_10_budget_0.75,estimated_overhead_flops,1872839281,107959520.0
vanilla,slowheat_hidden_beta_10_budget_0.75,estimated_overhead_flops,637029796,107959520.0
vanilla,slowheat_hidden_beta_10_budget_0.75,estimated_overhead_flops,1357204345,107959520.0
vanilla,slowheat_hidden_beta_10_budget_0.75,estimated_overhead_flops,1758462037,107959520.0
vanilla,slowheat_hidden_beta_10_budget_0.75,estimated_overhead_flops,748737880,107959520.0
vanilla,slowheat_hidden_beta_10_budget_0.75,estimated_overhead_flops,1611510062,107959520.0
vanilla,slowheat_hidden_beta_10_budget_0.75,estimated_overhead_flops,333205446,107959520.0
vanilla,slowheat_hidden_beta_10_budget_0.75,estimated_overhead_flops,130501536,107959520.0
vanilla,slowheat_hidden_beta_10_budget_0.75,estimated_overhead_flops,492612040,107959520.0
vanilla,slowheat_hidden_beta_10_budget_0.75,replay_memory_bytes,2101606466,0.0
vanilla,slowheat_hidden_beta_10_budget_0.75,replay_memory_bytes,1872839281,0.0
vanilla,slowheat_hidden_beta_10_budget_0.75,replay_memory_bytes,637029796,0.0
vanilla,slowheat_hidden_beta_10_budget_0.75,replay_memory_bytes,1357204345,0.0
vanilla,slowheat_hidden_beta_10_budget_0.75,replay_memory_bytes,1758462037,0.0
vanilla,slowheat_hidden_beta_10_budget_0.75,replay_memory_bytes,748737880,0.0
vanilla,slowheat_hidden_beta_10_budget_0.75,replay_memory_bytes,1611510062,0.0
vanilla,slowheat_hidden_beta_10_budget_0.75,replay_memory_bytes,333205446,0.0
vanilla,slowheat_hidden_beta_10_budget_0.75,replay_memory_bytes,130501536,0.0
vanilla,slowheat_hidden_beta_10_budget_0.75,replay_memory_bytes,492612040,0.0
vanilla,slowheat_hidden_beta_10_budget_0.75,stored_logits_bytes,2101606466,0.0
vanilla,slowheat_hidden_beta_10_budget_0.75,stored_logits_bytes,1872839281,0.0
vanilla,slowheat_hidden_beta_10_budget_0.75,stored_logits_bytes,637029796,0.0
vanilla,slowheat_hidden_beta_10_budget_0.75,stored_logits_bytes,1357204345,0.0
vanilla,slowheat_hidden_beta_10_budget_0.75,stored_logits_bytes,1758462037,0.0
vanilla,slowheat_hidden_beta_10_budget_0.75,stored_logits_bytes,748737880,0.0
vanilla,slowheat_hidden_beta_10_budget_0.75,stored_logits_bytes,1611510062,0.0
vanilla,slowheat_hidden_beta_10_budget_0.75,stored_logits_bytes,333205446,0.0
vanilla,slowheat_hidden_beta_10_budget_0.75,stored_logits_bytes,130501536,0.0
vanilla,slowheat_hidden_beta_10_budget_0.75,stored_logits_bytes,492612040,0.0
