reference,method,metric,seed,difference
derpp,vanilla,final_average_accuracy,2101606466,-0.057499999999999996
derpp,vanilla,final_average_accuracy,1872839281,-0.0671
derpp,vanilla,final_average_accuracy,637029796,-0.055599999999999976
derpp,vanilla,final_average_accuracy,1357204345,-0.06000000000000001
derpp,vanilla,final_average_accuracy,1758462037,-0.0628
derpp,vanilla,final_average_accuracy,748737880,-0.05610000000000001
derpp,vanilla,final_average_accuracy,1611510062,-0.060099999999999994
derpp,vanilla,final_average_accuracy,333205446,-0.06570000000000001
derpp,vanilla,final_average_accuracy,130501536,-0.0639
derpp,vanilla,final_average_accuracy,492612040,-0.05759999999999999
derpp,vanilla,average_forgetting,2101606466,0.07544444444444454
derpp,vanilla,average_forgetting,1872839281,0.09122222222222226
derpp,vanilla,average_forgetting,637029796,0.06511111111111118
derpp,vanilla,average_forgetting,1357204345,0.08000000000000007
derpp,vanilla,average_forgetting,1758462037,0.07855555555555549
derpp,vanilla,average_forgetting,748737880,0.08377777777777784
derpp,vanilla,average_forgetting,1611510062,0.0722222222222223
derpp,vanilla,average_forgetting,333205446,0.08944444444444433
derpp,vanilla,average_forgetting,130501536,0.08366666666666661
derpp,vanilla,average_forgetting,492612040,0.08766666666666662
derpp,vanilla,backward_transfer,2101606466,-0.07544444444444454
derpp,vanilla,backward_transfer,1872839281,-0.09122222222222226
derpp,vanilla,backward_transfer,637029796,-0.06511111111111118
derpp,vanilla,backward_transfer,1357204345,-0.08000000000000007
derpp,vanilla,backward_transfer,1758462037,-0.07855555555555549
derpp,vanilla,backward_transfer,748737880,-0.08377777777777784
derpp,vanilla,backward_transfer,1611510062,-0.0722222222222223
derpp,vanilla,backward_transfer,333205446,-0.08944444444444433
derpp,vanilla,backward_transfer,130501536,-0.08366666666666661
derpp,vanilla,backward_transfer,492612040,-0.08766666666666662
derpp,vanilla,forward_transfer,2101606466,-0.0005555555555555557
derpp,vanilla,forward_transfer,1872839281,-0.00022222222222222088
derpp,vanilla,forward_transfer,637029796,-0.00022222222222222088
derpp,vanilla,forward_transfer,1357204345,-0.0006666666666666661
derpp,vanilla,forward_transfer,1758462037,0.0
derpp,vanilla,forward_transfer,748737880,0.0
derpp,vanilla,forward_transfer,1611510062,-0.0004444444444444452
derpp,vanilla,forward_transfer,333205446,-0.00155555555555556
derpp,vanilla,forward_transfer,130501536,-0.0004444444444444452
derpp,vanilla,forward_transfer,492612040,-0.0005555555555555557
derpp,vanilla,task_aware_final_accuracy,2101606466,-0.23020000000000002
derpp,vanilla,task_aware_final_accuracy,1872839281,-0.23920000000000002
derpp,vanilla,task_aware_final_accuracy,637029796,-0.23779999999999998
derpp,vanilla,task_aware_final_accuracy,1357204345,-0.23259999999999997
derpp,vanilla,task_aware_final_accuracy,1758462037,-0.23889999999999997
derpp,vanilla,task_aware_final_accuracy,748737880,-0.2348
derpp,vanilla,task_aware_final_accuracy,1611510062,-0.22729999999999997
derpp,vanilla,task_aware_final_accuracy,333205446,-0.2353
derpp,vanilla,task_aware_final_accuracy,130501536,-0.23630000000000004
derpp,vanilla,task_aware_final_accuracy,492612040,-0.22010000000000002
derpp,vanilla,task_aware_forgetting,2101606466,0.24144444444444446
derpp,vanilla,task_aware_forgetting,1872839281,0.2558888888888889
derpp,vanilla,task_aware_forgetting,637029796,0.24211111111111117
derpp,vanilla,task_aware_forgetting,1357204345,0.24477777777777776
derpp,vanilla,task_aware_forgetting,1758462037,0.24599999999999997
derpp,vanilla,task_aware_forgetting,748737880,0.254
derpp,vanilla,task_aware_forgetting,1611510062,0.232
derpp,vanilla,task_aware_forgetting,333205446,0.2472222222222223
derpp,vanilla,task_aware_forgetting,130501536,0.24433333333333332
derpp,vanilla,task_aware_forgetting,492612040,0.23733333333333334
derpp,vanilla,classifier_gap,2101606466,-0.17270000000000002
derpp,vanilla,classifier_gap,1872839281,-0.17209999999999998
derpp,vanilla,classifier_gap,637029796,-0.18219999999999997
derpp,vanilla,classifier_gap,1357204345,-0.17259999999999998
derpp,vanilla,classifier_gap,1758462037,-0.17609999999999998
derpp,vanilla,classifier_gap,748737880,-0.17869999999999997
derpp,vanilla,classifier_gap,1611510062,-0.16719999999999996
derpp,vanilla,classifier_gap,333205446,-0.16960000000000003
derpp,vanilla,classifier_gap,130501536,-0.17240000000000005
derpp,vanilla,classifier_gap,492612040,-0.1625
derpp,vanilla,elapsed_seconds,2101606466,-16.70791699498659
derpp,vanilla,elapsed_seconds,1872839281,-15.063816461974056
derpp,vanilla,elapsed_seconds,637029796,7.780507361982018
derpp,vanilla,elapsed_seconds,1357204345,-16.36108446100843
derpp,vanilla,elapsed_seconds,1758462037,-14.067123353015631
derpp,vanilla,elapsed_seconds,748737880,-14.719830990041373
derpp,vanilla,elapsed_seconds,1611510062,-15.876739636994898
derpp,vanilla,elapsed_seconds,333205446,-14.707851826999104
derpp,vanilla,elapsed_seconds,130501536,-15.915201169031207
derpp,vanilla,elapsed_seconds,492612040,-17.506638162973104
derpp,vanilla,learner_examples_processed,2101606466,-184320.0
derpp,vanilla,learner_examples_processed,1872839281,-184320.0
derpp,vanilla,learner_examples_processed,637029796,-184320.0
derpp,vanilla,learner_examples_processed,1357204345,-184320.0
derpp,vanilla,learner_examples_processed,1758462037,-184320.0
derpp,vanilla,learner_examples_processed,748737880,-184320.0
derpp,vanilla,learner_examples_processed,1611510062,-184320.0
derpp,vanilla,learner_examples_processed,333205446,-184320.0
derpp,vanilla,learner_examples_processed,130501536,-184320.0
derpp,vanilla,learner_examples_processed,492612040,-184320.0
derpp,vanilla,total_model_examples_processed,2101606466,-184320.0
derpp,vanilla,total_model_examples_processed,1872839281,-184320.0
derpp,vanilla,total_model_examples_processed,637029796,-184320.0
derpp,vanilla,total_model_examples_processed,1357204345,-184320.0
derpp,vanilla,total_model_examples_processed,1758462037,-184320.0
derpp,vanilla,total_model_examples_processed,748737880,-184320.0
derpp,vanilla,total_model_examples_processed,1611510062,-184320.0
derpp,vanilla,total_model_examples_processed,333205446,-184320.0
derpp,vanilla,total_model_examples_processed,130501536,-184320.0
derpp,vanilla,total_model_examples_processed,492612040,-184320.0
derpp,vanilla,estimated_total_flops,2101606466,-4115367198720.0
derpp,vanilla,estimated_total_flops,1872839281,-4115367198720.0
derpp,vanilla,estimated_total_flops,637029796,-4115367198720.0
derpp,vanilla,estimated_total_flops,1357204345,-4115367198720.0
derpp,vanilla,estimated_total_flops,1758462037,-4115367198720.0
derpp,vanilla,estimated_total_flops,748737880,-4115367198720.0
derpp,vanilla,estimated_total_flops,1611510062,-4115367198720.0
derpp,vanilla,estimated_total_flops,333205446,-4115367198720.0
derpp,vanilla,estimated_total_flops,130501536,-4115367198720.0
derpp,vanilla,estimated_total_flops,492612040,-4115367198720.0
derpp,vanilla,estimated_overhead_flops,2101606466,0.0
derpp,vanilla,estimated_overhead_flops,1872839281,0.0
derpp,vanilla,estimated_overhead_flops,637029796,0.0
derpp,vanilla,estimated_overhead_flops,1357204345,0.0
derpp,vanilla,estimated_overhead_flops,1758462037,0.0
derpp,vanilla,estimated_overhead_flops,748737880,0.0
derpp,vanilla,estimated_overhead_flops,1611510062,0.0
derpp,vanilla,estimated_overhead_flops,333205446,0.0
derpp,vanilla,estimated_overhead_flops,130501536,0.0
derpp,vanilla,estimated_overhead_flops,492612040,0.0
derpp,vanilla,replay_memory_bytes,2101606466,-24592000.0
derpp,vanilla,replay_memory_bytes,1872839281,-24592000.0
derpp,vanilla,replay_memory_bytes,637029796,-24592000.0
derpp,vanilla,replay_memory_bytes,1357204345,-24592000.0
derpp,vanilla,replay_memory_bytes,1758462037,-24592000.0
derpp,vanilla,replay_memory_bytes,748737880,-24592000.0
derpp,vanilla,replay_memory_bytes,1611510062,-24592000.0
derpp,vanilla,replay_memory_bytes,333205446,-24592000.0
derpp,vanilla,replay_memory_bytes,130501536,-24592000.0
derpp,vanilla,replay_memory_bytes,492612040,-24592000.0
derpp,vanilla,stored_logits_bytes,2101606466,-800000.0
derpp,vanilla,stored_logits_bytes,1872839281,-800000.0
derpp,vanilla,stored_logits_bytes,637029796,-800000.0
derpp,vanilla,stored_logits_bytes,1357204345,-800000.0
derpp,vanilla,stored_logits_bytes,1758462037,-800000.0
derpp,vanilla,stored_logits_bytes,748737880,-800000.0
derpp,vanilla,stored_logits_bytes,1611510062,-800000.0
derpp,vanilla,stored_logits_bytes,333205446,-800000.0
derpp,vanilla,stored_logits_bytes,130501536,-800000.0
derpp,vanilla,stored_logits_bytes,492612040,-800000.0
derpp,slowheat,final_average_accuracy,2101606466,-0.058199999999999995
derpp,slowheat,final_average_accuracy,1872839281,-0.0675
derpp,slowheat,final_average_accuracy,637029796,-0.054099999999999974
derpp,slowheat,final_average_accuracy,1357204345,-0.062100000000000016
derpp,slowheat,final_average_accuracy,1758462037,-0.059600000000000014
derpp,slowheat,final_average_accuracy,748737880,-0.05700000000000001
derpp,slowheat,final_average_accuracy,1611510062,-0.05879999999999999
derpp,slowheat,final_average_accuracy,333205446,-0.06380000000000001
derpp,slowheat,final_average_accuracy,130501536,-0.0645
derpp,slowheat,final_average_accuracy,492612040,-0.059899999999999995
derpp,slowheat,average_forgetting,2101606466,0.08477777777777773
derpp,slowheat,average_forgetting,1872839281,0.09144444444444427
derpp,slowheat,average_forgetting,637029796,0.07566666666666672
derpp,slowheat,average_forgetting,1357204345,0.09922222222222221
derpp,slowheat,average_forgetting,1758462037,0.0935555555555555
derpp,slowheat,average_forgetting,748737880,0.08811111111111114
derpp,slowheat,average_forgetting,1611510062,0.08055555555555571
derpp,slowheat,average_forgetting,333205446,0.08833333333333337
derpp,slowheat,average_forgetting,130501536,0.09388888888888886
derpp,slowheat,average_forgetting,492612040,0.09866666666666674
derpp,slowheat,backward_transfer,2101606466,-0.08477777777777773
derpp,slowheat,backward_transfer,1872839281,-0.09144444444444427
derpp,slowheat,backward_transfer,637029796,-0.07566666666666672
derpp,slowheat,backward_transfer,1357204345,-0.09922222222222221
derpp,slowheat,backward_transfer,1758462037,-0.0935555555555555
derpp,slowheat,backward_transfer,748737880,-0.08811111111111114
derpp,slowheat,backward_transfer,1611510062,-0.08055555555555571
derpp,slowheat,backward_transfer,333205446,-0.08833333333333337
derpp,slowheat,backward_transfer,130501536,-0.09388888888888886
derpp,slowheat,backward_transfer,492612040,-0.09866666666666674
derpp,slowheat,forward_transfer,2101606466,-0.0012222222222222252
derpp,slowheat,forward_transfer,1872839281,-0.0005555555555555557
derpp,slowheat,forward_transfer,637029796,-0.0003333333333333348
derpp,slowheat,forward_transfer,1357204345,-0.00022222222222222088
derpp,slowheat,forward_transfer,1758462037,-0.00011111111111111044
derpp,slowheat,forward_transfer,748737880,0.0002222222222222226
derpp,slowheat,forward_transfer,1611510062,-0.0007777777777777765
derpp,slowheat,forward_transfer,333205446,-0.001777777777777781
derpp,slowheat,forward_transfer,130501536,-0.0006666666666666661
derpp,slowheat,forward_transfer,492612040,-0.0005555555555555557
derpp,slowheat,task_aware_final_accuracy,2101606466,-0.2441
derpp,slowheat,task_aware_final_accuracy,1872839281,-0.2426
derpp,slowheat,task_aware_final_accuracy,637029796,-0.24169999999999997
derpp,slowheat,task_aware_final_accuracy,1357204345,-0.2442
derpp,slowheat,task_aware_final_accuracy,1758462037,-0.2379
derpp,slowheat,task_aware_final_accuracy,748737880,-0.24380000000000002
derpp,slowheat,task_aware_final_accuracy,1611510062,-0.24689999999999998
derpp,slowheat,task_aware_final_accuracy,333205446,-0.2409
derpp,slowheat,task_aware_final_accuracy,130501536,-0.253
derpp,slowheat,task_aware_final_accuracy,492612040,-0.23750000000000002
derpp,slowheat,task_aware_forgetting,2101606466,0.2654444444444445
derpp,slowheat,task_aware_forgetting,1872839281,0.2594444444444445
derpp,slowheat,task_aware_forgetting,637029796,0.2586666666666667
derpp,slowheat,task_aware_forgetting,1357204345,0.27455555555555555
derpp,slowheat,task_aware_forgetting,1758462037,0.2634444444444445
derpp,slowheat,task_aware_forgetting,748737880,0.26733333333333337
derpp,slowheat,task_aware_forgetting,1611510062,0.26355555555555554
derpp,slowheat,task_aware_forgetting,333205446,0.2543333333333334
derpp,slowheat,task_aware_forgetting,130501536,0.2724444444444445
derpp,slowheat,task_aware_forgetting,492612040,0.26511111111111113
derpp,slowheat,classifier_gap,2101606466,-0.1859
derpp,slowheat,classifier_gap,1872839281,-0.17509999999999998
derpp,slowheat,classifier_gap,637029796,-0.18759999999999996
derpp,slowheat,classifier_gap,1357204345,-0.1821
derpp,slowheat,classifier_gap,1758462037,-0.17830000000000001
derpp,slowheat,classifier_gap,748737880,-0.18679999999999997
derpp,slowheat,classifier_gap,1611510062,-0.18809999999999996
derpp,slowheat,classifier_gap,333205446,-0.17710000000000004
derpp,slowheat,classifier_gap,130501536,-0.18850000000000003
derpp,slowheat,classifier_gap,492612040,-0.1776
derpp,slowheat,elapsed_seconds,2101606466,70.78832367699943
derpp,slowheat,elapsed_seconds,1872839281,36.2166117450397
derpp,slowheat,elapsed_seconds,637029796,36.84524493498611
derpp,slowheat,elapsed_seconds,1357204345,34.80256541498238
derpp,slowheat,elapsed_seconds,1758462037,34.474634187994525
derpp,slowheat,elapsed_seconds,748737880,36.29590482098865
derpp,slowheat,elapsed_seconds,1611510062,31.779125299013685
derpp,slowheat,elapsed_seconds,333205446,33.52961101100664
derpp,slowheat,elapsed_seconds,130501536,33.521401595004136
derpp,slowheat,elapsed_seconds,492612040,34.8541690960119
derpp,slowheat,learner_examples_processed,2101606466,-184320.0
derpp,slowheat,learner_examples_processed,1872839281,-184320.0
derpp,slowheat,learner_examples_processed,637029796,-184320.0
derpp,slowheat,learner_examples_processed,1357204345,-184320.0
derpp,slowheat,learner_examples_processed,1758462037,-184320.0
derpp,slowheat,learner_examples_processed,748737880,-184320.0
derpp,slowheat,learner_examples_processed,1611510062,-184320.0
derpp,slowheat,learner_examples_processed,333205446,-184320.0
derpp,slowheat,learner_examples_processed,130501536,-184320.0
derpp,slowheat,learner_examples_processed,492612040,-184320.0
derpp,slowheat,total_model_examples_processed,2101606466,-184320.0
derpp,slowheat,total_model_examples_processed,1872839281,-184320.0
derpp,slowheat,total_model_examples_processed,637029796,-184320.0
derpp,slowheat,total_model_examples_processed,1357204345,-184320.0
derpp,slowheat,total_model_examples_processed,1758462037,-184320.0
derpp,slowheat,total_model_examples_processed,748737880,-184320.0
derpp,slowheat,total_model_examples_processed,1611510062,-184320.0
derpp,slowheat,total_model_examples_processed,333205446,-184320.0
derpp,slowheat,total_model_examples_processed,130501536,-184320.0
derpp,slowheat,total_model_examples_processed,492612040,-184320.0
derpp,slowheat,estimated_total_flops,2101606466,-4100773494440.0
derpp,slowheat,estimated_total_flops,1872839281,-4100773494440.0
derpp,slowheat,estimated_total_flops,637029796,-4100773494440.0
derpp,slowheat,estimated_total_flops,1357204345,-4100773494440.0
derpp,slowheat,estimated_total_flops,1758462037,-4100773494440.0
derpp,slowheat,estimated_total_flops,748737880,-4100773494440.0
derpp,slowheat,estimated_total_flops,1611510062,-4100773494440.0
derpp,slowheat,estimated_total_flops,333205446,-4100773494440.0
derpp,slowheat,estimated_total_flops,130501536,-4100773494440.0
derpp,slowheat,estimated_total_flops,492612040,-4100773494440.0
derpp,slowheat,estimated_overhead_flops,2101606466,14593704280.0
derpp,slowheat,estimated_overhead_flops,1872839281,14593704280.0
derpp,slowheat,estimated_overhead_flops,637029796,14593704280.0
derpp,slowheat,estimated_overhead_flops,1357204345,14593704280.0
derpp,slowheat,estimated_overhead_flops,1758462037,14593704280.0
derpp,slowheat,estimated_overhead_flops,748737880,14593704280.0
derpp,slowheat,estimated_overhead_flops,1611510062,14593704280.0
derpp,slowheat,estimated_overhead_flops,333205446,14593704280.0
derpp,slowheat,estimated_overhead_flops,130501536,14593704280.0
derpp,slowheat,estimated_overhead_flops,492612040,14593704280.0
derpp,slowheat,replay_memory_bytes,2101606466,-24592000.0
derpp,slowheat,replay_memory_bytes,1872839281,-24592000.0
derpp,slowheat,replay_memory_bytes,637029796,-24592000.0
derpp,slowheat,replay_memory_bytes,1357204345,-24592000.0
derpp,slowheat,replay_memory_bytes,1758462037,-24592000.0
derpp,slowheat,replay_memory_bytes,748737880,-24592000.0
derpp,slowheat,replay_memory_bytes,1611510062,-24592000.0
derpp,slowheat,replay_memory_bytes,333205446,-24592000.0
derpp,slowheat,replay_memory_bytes,130501536,-24592000.0
derpp,slowheat,replay_memory_bytes,492612040,-24592000.0
derpp,slowheat,stored_logits_bytes,2101606466,-800000.0
derpp,slowheat,stored_logits_bytes,1872839281,-800000.0
derpp,slowheat,stored_logits_bytes,637029796,-800000.0
derpp,slowheat,stored_logits_bytes,1357204345,-800000.0
derpp,slowheat,stored_logits_bytes,1758462037,-800000.0
derpp,slowheat,stored_logits_bytes,748737880,-800000.0
derpp,slowheat,stored_logits_bytes,1611510062,-800000.0
derpp,slowheat,stored_logits_bytes,333205446,-800000.0
derpp,slowheat,stored_logits_bytes,130501536,-800000.0
derpp,slowheat,stored_logits_bytes,492612040,-800000.0
derpp,slowheat_replay,final_average_accuracy,2101606466,-0.007800000000000001
derpp,slowheat_replay,final_average_accuracy,1872839281,-0.018600000000000005
derpp,slowheat_replay,final_average_accuracy,637029796,-0.011099999999999971
derpp,slowheat_replay,final_average_accuracy,1357204345,-0.017300000000000038
derpp,slowheat_replay,final_average_accuracy,1758462037,-0.011600000000000013
derpp,slowheat_replay,final_average_accuracy,748737880,-0.01730000000000001
derpp,slowheat_replay,final_average_accuracy,1611510062,-0.008299999999999974
derpp,slowheat_replay,final_average_accuracy,333205446,-0.019000000000000017
derpp,slowheat_replay,final_average_accuracy,130501536,-0.019199999999999995
derpp,slowheat_replay,final_average_accuracy,492612040,-0.0131
derpp,slowheat_replay,average_forgetting,2101606466,0.02833333333333332
derpp,slowheat_replay,average_forgetting,1872839281,0.03644444444444439
derpp,slowheat_replay,average_forgetting,637029796,0.02544444444444438
derpp,slowheat_replay,average_forgetting,1357204345,0.04133333333333333
derpp,slowheat_replay,average_forgetting,1758462037,0.03366666666666668
derpp,slowheat_replay,average_forgetting,748737880,0.038555555555555565
derpp,slowheat_replay,average_forgetting,1611510062,0.028111111111111087
derpp,slowheat_replay,average_forgetting,333205446,0.04111111111111104
derpp,slowheat_replay,average_forgetting,130501536,0.03944444444444439
derpp,slowheat_replay,average_forgetting,492612040,0.03855555555555551
derpp,slowheat_replay,backward_transfer,2101606466,-0.02833333333333332
derpp,slowheat_replay,backward_transfer,1872839281,-0.03644444444444439
derpp,slowheat_replay,backward_transfer,637029796,-0.02544444444444438
derpp,slowheat_replay,backward_transfer,1357204345,-0.04133333333333333
derpp,slowheat_replay,backward_transfer,1758462037,-0.03366666666666668
derpp,slowheat_replay,backward_transfer,748737880,-0.038555555555555565
derpp,slowheat_replay,backward_transfer,1611510062,-0.028111111111111087
derpp,slowheat_replay,backward_transfer,333205446,-0.04111111111111104
derpp,slowheat_replay,backward_transfer,130501536,-0.03944444444444439
derpp,slowheat_replay,backward_transfer,492612040,-0.03855555555555551
derpp,slowheat_replay,forward_transfer,2101606466,-0.0010000000000000009
derpp,slowheat_replay,forward_transfer,1872839281,-0.0005555555555555557
derpp,slowheat_replay,forward_transfer,637029796,-0.00022222222222222088
derpp,slowheat_replay,forward_transfer,1357204345,-0.00022222222222222088
derpp,slowheat_replay,forward_transfer,1758462037,-0.00011111111111111044
derpp,slowheat_replay,forward_transfer,748737880,0.0004444444444444452
derpp,slowheat_replay,forward_transfer,1611510062,-0.0006666666666666661
derpp,slowheat_replay,forward_transfer,333205446,-0.00155555555555556
derpp,slowheat_replay,forward_transfer,130501536,-0.0004444444444444452
derpp,slowheat_replay,forward_transfer,492612040,-0.0004444444444444452
derpp,slowheat_replay,task_aware_final_accuracy,2101606466,0.0343
derpp,slowheat_replay,task_aware_final_accuracy,1872839281,0.028500000000000025
derpp,slowheat_replay,task_aware_final_accuracy,637029796,0.022699999999999998
derpp,slowheat_replay,task_aware_final_accuracy,1357204345,0.03249999999999997
derpp,slowheat_replay,task_aware_final_accuracy,1758462037,0.03650000000000009
derpp,slowheat_replay,task_aware_final_accuracy,748737880,0.03019999999999995
derpp,slowheat_replay,task_aware_final_accuracy,1611510062,0.03870000000000001
derpp,slowheat_replay,task_aware_final_accuracy,333205446,0.03249999999999992
derpp,slowheat_replay,task_aware_final_accuracy,130501536,0.02059999999999995
derpp,slowheat_replay,task_aware_final_accuracy,492612040,0.04139999999999994
derpp,slowheat_replay,task_aware_forgetting,2101606466,-0.028000000000000025
derpp,slowheat_replay,task_aware_forgetting,1872839281,-0.027000000000000024
derpp,slowheat_replay,task_aware_forgetting,637029796,-0.023333333333333345
derpp,slowheat_replay,task_aware_forgetting,1357204345,-0.02422222222222223
derpp,slowheat_replay,task_aware_forgetting,1758462037,-0.031777777777777794
derpp,slowheat_replay,task_aware_forgetting,748737880,-0.02733333333333332
derpp,slowheat_replay,task_aware_forgetting,1611510062,-0.035555555555555535
derpp,slowheat_replay,task_aware_forgetting,333205446,-0.033333333333333354
derpp,slowheat_replay,task_aware_forgetting,130501536,-0.020111111111111163
derpp,slowheat_replay,task_aware_forgetting,492612040,-0.03744444444444439
derpp,slowheat_replay,classifier_gap,2101606466,0.04209999999999997
derpp,slowheat_replay,classifier_gap,1872839281,0.04710000000000003
derpp,slowheat_replay,classifier_gap,637029796,0.0338
derpp,slowheat_replay,classifier_gap,1357204345,0.049799999999999955
derpp,slowheat_replay,classifier_gap,1758462037,0.04810000000000009
derpp,slowheat_replay,classifier_gap,748737880,0.04749999999999999
derpp,slowheat_replay,classifier_gap,1611510062,0.04700000000000004
derpp,slowheat_replay,classifier_gap,333205446,0.05149999999999988
derpp,slowheat_replay,classifier_gap,130501536,0.03979999999999995
derpp,slowheat_replay,classifier_gap,492612040,0.05449999999999994
derpp,slowheat_replay,elapsed_seconds,2101606466,83.58056848001434
derpp,slowheat_replay,elapsed_seconds,1872839281,51.406259720009984
derpp,slowheat_replay,elapsed_seconds,637029796,51.529204983991804
derpp,slowheat_replay,elapsed_seconds,1357204345,52.08443045296008
derpp,slowheat_replay,elapsed_seconds,1758462037,46.88959356298437
derpp,slowheat_replay,elapsed_seconds,748737880,51.874603511969326
derpp,slowheat_replay,elapsed_seconds,1611510062,48.09529706800822
derpp,slowheat_replay,elapsed_seconds,333205446,53.023475705005694
derpp,slowheat_replay,elapsed_seconds,130501536,48.79473280196544
derpp,slowheat_replay,elapsed_seconds,492612040,45.82023775402922
derpp,slowheat_replay,learner_examples_processed,2101606466,0.0
derpp,slowheat_replay,learner_examples_processed,1872839281,0.0
derpp,slowheat_replay,learner_examples_processed,637029796,0.0
derpp,slowheat_replay,learner_examples_processed,1357204345,0.0
derpp,slowheat_replay,learner_examples_processed,1758462037,0.0
derpp,slowheat_replay,learner_examples_processed,748737880,0.0
derpp,slowheat_replay,learner_examples_processed,1611510062,0.0
derpp,slowheat_replay,learner_examples_processed,333205446,0.0
derpp,slowheat_replay,learner_examples_processed,130501536,0.0
derpp,slowheat_replay,learner_examples_processed,492612040,0.0
derpp,slowheat_replay,total_model_examples_processed,2101606466,0.0
derpp,slowheat_replay,total_model_examples_processed,1872839281,0.0
derpp,slowheat_replay,total_model_examples_processed,637029796,0.0
derpp,slowheat_replay,total_model_examples_processed,1357204345,0.0
derpp,slowheat_replay,total_model_examples_processed,1758462037,0.0
derpp,slowheat_replay,total_model_examples_processed,748737880,0.0
derpp,slowheat_replay,total_model_examples_processed,1611510062,0.0
derpp,slowheat_replay,total_model_examples_processed,333205446,0.0
derpp,slowheat_replay,total_model_examples_processed,130501536,0.0
derpp,slowheat_replay,total_model_examples_processed,492612040,0.0
derpp,slowheat_replay,estimated_total_flops,2101606466,15799894360.0
derpp,slowheat_replay,estimated_total_flops,1872839281,15799894360.0
derpp,slowheat_replay,estimated_total_flops,637029796,15799894360.0
derpp,slowheat_replay,estimated_total_flops,1357204345,15799894360.0
derpp,slowheat_replay,estimated_total_flops,1758462037,15799894360.0
derpp,slowheat_replay,estimated_total_flops,748737880,15799894360.0
derpp,slowheat_replay,estimated_total_flops,1611510062,15799894360.0
derpp,slowheat_replay,estimated_total_flops,333205446,15799894360.0
derpp,slowheat_replay,estimated_total_flops,130501536,15799894360.0
derpp,slowheat_replay,estimated_total_flops,492612040,15799894360.0
derpp,slowheat_replay,estimated_overhead_flops,2101606466,15799894360.0
derpp,slowheat_replay,estimated_overhead_flops,1872839281,15799894360.0
derpp,slowheat_replay,estimated_overhead_flops,637029796,15799894360.0
derpp,slowheat_replay,estimated_overhead_flops,1357204345,15799894360.0
derpp,slowheat_replay,estimated_overhead_flops,1758462037,15799894360.0
derpp,slowheat_replay,estimated_overhead_flops,748737880,15799894360.0
derpp,slowheat_replay,estimated_overhead_flops,1611510062,15799894360.0
derpp,slowheat_replay,estimated_overhead_flops,333205446,15799894360.0
derpp,slowheat_replay,estimated_overhead_flops,130501536,15799894360.0
derpp,slowheat_replay,estimated_overhead_flops,492612040,15799894360.0
derpp,slowheat_replay,replay_memory_bytes,2101606466,0.0
derpp,slowheat_replay,replay_memory_bytes,1872839281,0.0
derpp,slowheat_replay,replay_memory_bytes,637029796,0.0
derpp,slowheat_replay,replay_memory_bytes,1357204345,0.0
derpp,slowheat_replay,replay_memory_bytes,1758462037,0.0
derpp,slowheat_replay,replay_memory_bytes,748737880,0.0
derpp,slowheat_replay,replay_memory_bytes,1611510062,0.0
derpp,slowheat_replay,replay_memory_bytes,333205446,0.0
derpp,slowheat_replay,replay_memory_bytes,130501536,0.0
derpp,slowheat_replay,replay_memory_bytes,492612040,0.0
derpp,slowheat_replay,stored_logits_bytes,2101606466,-800000.0
derpp,slowheat_replay,stored_logits_bytes,1872839281,-800000.0
derpp,slowheat_replay,stored_logits_bytes,637029796,-800000.0
derpp,slowheat_replay,stored_logits_bytes,1357204345,-800000.0
derpp,slowheat_replay,stored_logits_bytes,1758462037,-800000.0
derpp,slowheat_replay,stored_logits_bytes,748737880,-800000.0
derpp,slowheat_replay,stored_logits_bytes,1611510062,-800000.0
derpp,slowheat_replay,stored_logits_bytes,333205446,-800000.0
derpp,slowheat_replay,stored_logits_bytes,130501536,-800000.0
derpp,slowheat_replay,stored_logits_bytes,492612040,-800000.0
derpp,slowheat_distillation,final_average_accuracy,2101606466,-0.0601
derpp,slowheat_distillation,final_average_accuracy,1872839281,-0.06580000000000001
derpp,slowheat_distillation,final_average_accuracy,637029796,-0.055299999999999974
derpp,slowheat_distillation,final_average_accuracy,1357204345,-0.05820000000000002
derpp,slowheat_distillation,final_average_accuracy,1758462037,-0.0614
derpp,slowheat_distillation,final_average_accuracy,748737880,-0.05640000000000001
derpp,slowheat_distillation,final_average_accuracy,1611510062,-0.06019999999999999
derpp,slowheat_distillation,final_average_accuracy,333205446,-0.066
derpp,slowheat_distillation,final_average_accuracy,130501536,-0.06210000000000001
derpp,slowheat_distillation,final_average_accuracy,492612040,-0.057999999999999996
derpp,slowheat_distillation,average_forgetting,2101606466,0.0842222222222222
derpp,slowheat_distillation,average_forgetting,1872839281,0.09666666666666662
derpp,slowheat_distillation,average_forgetting,637029796,0.07477777777777767
derpp,slowheat_distillation,average_forgetting,1357204345,0.10022222222222221
derpp,slowheat_distillation,average_forgetting,1758462037,0.09799999999999986
derpp,slowheat_distillation,average_forgetting,748737880,0.08666666666666678
derpp,slowheat_distillation,average_forgetting,1611510062,0.08677777777777784
derpp,slowheat_distillation,average_forgetting,333205446,0.09677777777777774
derpp,slowheat_distillation,average_forgetting,130501536,0.09777777777777769
derpp,slowheat_distillation,average_forgetting,492612040,0.0957777777777778
derpp,slowheat_distillation,backward_transfer,2101606466,-0.0842222222222222
derpp,slowheat_distillation,backward_transfer,1872839281,-0.09666666666666662
derpp,slowheat_distillation,backward_transfer,637029796,-0.07477777777777767
derpp,slowheat_distillation,backward_transfer,1357204345,-0.10022222222222221
derpp,slowheat_distillation,backward_transfer,1758462037,-0.09799999999999986
derpp,slowheat_distillation,backward_transfer,748737880,-0.08666666666666678
derpp,slowheat_distillation,backward_transfer,1611510062,-0.08677777777777784
derpp,slowheat_distillation,backward_transfer,333205446,-0.09677777777777774
derpp,slowheat_distillation,backward_transfer,130501536,-0.09777777777777769
derpp,slowheat_distillation,backward_transfer,492612040,-0.0957777777777778
derpp,slowheat_distillation,forward_transfer,2101606466,-0.0012222222222222252
derpp,slowheat_distillation,forward_transfer,1872839281,-0.0005555555555555557
derpp,slowheat_distillation,forward_transfer,637029796,-0.0003333333333333348
derpp,slowheat_distillation,forward_transfer,1357204345,-0.00022222222222222088
derpp,slowheat_distillation,forward_transfer,1758462037,-0.00011111111111111044
derpp,slowheat_distillation,forward_transfer,748737880,0.0002222222222222226
derpp,slowheat_distillation,forward_transfer,1611510062,-0.0007777777777777765
derpp,slowheat_distillation,forward_transfer,333205446,-0.001777777777777781
derpp,slowheat_distillation,forward_transfer,130501536,-0.0006666666666666661
derpp,slowheat_distillation,forward_transfer,492612040,-0.0005555555555555557
derpp,slowheat_distillation,task_aware_final_accuracy,2101606466,-0.1824
derpp,slowheat_distillation,task_aware_final_accuracy,1872839281,-0.1901
derpp,slowheat_distillation,task_aware_final_accuracy,637029796,-0.19090000000000001
derpp,slowheat_distillation,task_aware_final_accuracy,1357204345,-0.17690000000000003
derpp,slowheat_distillation,task_aware_final_accuracy,1758462037,-0.17159999999999995
derpp,slowheat_distillation,task_aware_final_accuracy,748737880,-0.16860000000000003
derpp,slowheat_distillation,task_aware_final_accuracy,1611510062,-0.18029999999999996
derpp,slowheat_distillation,task_aware_final_accuracy,333205446,-0.17579999999999998
derpp,slowheat_distillation,task_aware_final_accuracy,130501536,-0.17030000000000003
derpp,slowheat_distillation,task_aware_final_accuracy,492612040,-0.1714
derpp,slowheat_distillation,task_aware_forgetting,2101606466,0.19477777777777777
derpp,slowheat_distillation,task_aware_forgetting,1872839281,0.20833333333333331
derpp,slowheat_distillation,task_aware_forgetting,637029796,0.20033333333333336
derpp,slowheat_distillation,task_aware_forgetting,1357204345,0.20522222222222214
derpp,slowheat_distillation,task_aware_forgetting,1758462037,0.19222222222222227
derpp,slowheat_distillation,task_aware_forgetting,748737880,0.183
derpp,slowheat_distillation,task_aware_forgetting,1611510062,0.19422222222222227
derpp,slowheat_distillation,task_aware_forgetting,333205446,0.188
derpp,slowheat_distillation,task_aware_forgetting,130501536,0.1871111111111111
derpp,slowheat_distillation,task_aware_forgetting,492612040,0.19122222222222224
derpp,slowheat_distillation,classifier_gap,2101606466,-0.12230000000000002
derpp,slowheat_distillation,classifier_gap,1872839281,-0.12429999999999997
derpp,slowheat_distillation,classifier_gap,637029796,-0.1356
derpp,slowheat_distillation,classifier_gap,1357204345,-0.11870000000000003
derpp,slowheat_distillation,classifier_gap,1758462037,-0.11019999999999996
derpp,slowheat_distillation,classifier_gap,748737880,-0.1122
derpp,slowheat_distillation,classifier_gap,1611510062,-0.12009999999999993
derpp,slowheat_distillation,classifier_gap,333205446,-0.10980000000000001
derpp,slowheat_distillation,classifier_gap,130501536,-0.10820000000000002
derpp,slowheat_distillation,classifier_gap,492612040,-0.1134
derpp,slowheat_distillation,elapsed_seconds,2101606466,78.0188133509946
derpp,slowheat_distillation,elapsed_seconds,1872839281,43.736155253020115
derpp,slowheat_distillation,elapsed_seconds,637029796,42.08415631900425
derpp,slowheat_distillation,elapsed_seconds,1357204345,41.50479735995759
derpp,slowheat_distillation,elapsed_seconds,1758462037,42.52466580001055
derpp,slowheat_distillation,elapsed_seconds,748737880,43.66768836398842
derpp,slowheat_distillation,elapsed_seconds,1611510062,41.99780552502489
derpp,slowheat_distillation,elapsed_seconds,333205446,44.97739521000767
derpp,slowheat_distillation,elapsed_seconds,130501536,43.11272419700981
derpp,slowheat_distillation,elapsed_seconds,492612040,42.38948690201505
derpp,slowheat_distillation,learner_examples_processed,2101606466,-184320.0
derpp,slowheat_distillation,learner_examples_processed,1872839281,-184320.0
derpp,slowheat_distillation,learner_examples_processed,637029796,-184320.0
derpp,slowheat_distillation,learner_examples_processed,1357204345,-184320.0
derpp,slowheat_distillation,learner_examples_processed,1758462037,-184320.0
derpp,slowheat_distillation,learner_examples_processed,748737880,-184320.0
derpp,slowheat_distillation,learner_examples_processed,1611510062,-184320.0
derpp,slowheat_distillation,learner_examples_processed,333205446,-184320.0
derpp,slowheat_distillation,learner_examples_processed,130501536,-184320.0
derpp,slowheat_distillation,learner_examples_processed,492612040,-184320.0
derpp,slowheat_distillation,total_model_examples_processed,2101606466,184320.0
derpp,slowheat_distillation,total_model_examples_processed,1872839281,184320.0
derpp,slowheat_distillation,total_model_examples_processed,637029796,184320.0
derpp,slowheat_distillation,total_model_examples_processed,1357204345,184320.0
derpp,slowheat_distillation,total_model_examples_processed,1758462037,184320.0
derpp,slowheat_distillation,total_model_examples_processed,748737880,184320.0
derpp,slowheat_distillation,total_model_examples_processed,1611510062,184320.0
derpp,slowheat_distillation,total_model_examples_processed,333205446,184320.0
derpp,slowheat_distillation,total_model_examples_processed,130501536,184320.0
derpp,slowheat_distillation,total_model_examples_processed,492612040,184320.0
derpp,slowheat_distillation,estimated_total_flops,2101606466,-1357195361960.0
derpp,slowheat_distillation,estimated_total_flops,1872839281,-1357195361960.0
derpp,slowheat_distillation,estimated_total_flops,637029796,-1357195361960.0
derpp,slowheat_distillation,estimated_total_flops,1357204345,-1357195361960.0
derpp,slowheat_distillation,estimated_total_flops,1758462037,-1357195361960.0
derpp,slowheat_distillation,estimated_total_flops,748737880,-1357195361960.0
derpp,slowheat_distillation,estimated_total_flops,1611510062,-1357195361960.0
derpp,slowheat_distillation,estimated_total_flops,333205446,-1357195361960.0
derpp,slowheat_distillation,estimated_total_flops,130501536,-1357195361960.0
derpp,slowheat_distillation,estimated_total_flops,492612040,-1357195361960.0
derpp,slowheat_distillation,estimated_overhead_flops,2101606466,14593704280.0
derpp,slowheat_distillation,estimated_overhead_flops,1872839281,14593704280.0
derpp,slowheat_distillation,estimated_overhead_flops,637029796,14593704280.0
derpp,slowheat_distillation,estimated_overhead_flops,1357204345,14593704280.0
derpp,slowheat_distillation,estimated_overhead_flops,1758462037,14593704280.0
derpp,slowheat_distillation,estimated_overhead_flops,748737880,14593704280.0
derpp,slowheat_distillation,estimated_overhead_flops,1611510062,14593704280.0
derpp,slowheat_distillation,estimated_overhead_flops,333205446,14593704280.0
derpp,slowheat_distillation,estimated_overhead_flops,130501536,14593704280.0
derpp,slowheat_distillation,estimated_overhead_flops,492612040,14593704280.0
derpp,slowheat_distillation,replay_memory_bytes,2101606466,-24592000.0
derpp,slowheat_distillation,replay_memory_bytes,1872839281,-24592000.0
derpp,slowheat_distillation,replay_memory_bytes,637029796,-24592000.0
derpp,slowheat_distillation,replay_memory_bytes,1357204345,-24592000.0
derpp,slowheat_distillation,replay_memory_bytes,1758462037,-24592000.0
derpp,slowheat_distillation,replay_memory_bytes,748737880,-24592000.0
derpp,slowheat_distillation,replay_memory_bytes,1611510062,-24592000.0
derpp,slowheat_distillation,replay_memory_bytes,333205446,-24592000.0
derpp,slowheat_distillation,replay_memory_bytes,130501536,-24592000.0
derpp,slowheat_distillation,replay_memory_bytes,492612040,-24592000.0
derpp,slowheat_distillation,stored_logits_bytes,2101606466,-800000.0
derpp,slowheat_distillation,stored_logits_bytes,1872839281,-800000.0
derpp,slowheat_distillation,stored_logits_bytes,637029796,-800000.0
derpp,slowheat_distillation,stored_logits_bytes,1357204345,-800000.0
derpp,slowheat_distillation,stored_logits_bytes,1758462037,-800000.0
derpp,slowheat_distillation,stored_logits_bytes,748737880,-800000.0
derpp,slowheat_distillation,stored_logits_bytes,1611510062,-800000.0
derpp,slowheat_distillation,stored_logits_bytes,333205446,-800000.0
derpp,slowheat_distillation,stored_logits_bytes,130501536,-800000.0
derpp,slowheat_distillation,stored_logits_bytes,492612040,-800000.0
derpp,slowheat_derpp_hidden_beta_30_budget_0.25,final_average_accuracy,2101606466,-0.0023000000000000104
derpp,slowheat_derpp_hidden_beta_30_budget_0.25,final_average_accuracy,1872839281,-0.0076999999999999985
derpp,slowheat_derpp_hidden_beta_30_budget_0.25,final_average_accuracy,637029796,-0.0007999999999999952
derpp,slowheat_derpp_hidden_beta_30_budget_0.25,final_average_accuracy,1357204345,-0.00830000000000003
derpp,slowheat_derpp_hidden_beta_30_budget_0.25,final_average_accuracy,1758462037,-0.002600000000000005
derpp,slowheat_derpp_hidden_beta_30_budget_0.25,final_average_accuracy,748737880,-0.0031000000000000194
derpp,slowheat_derpp_hidden_beta_30_budget_0.25,final_average_accuracy,1611510062,-0.004699999999999996
derpp,slowheat_derpp_hidden_beta_30_budget_0.25,final_average_accuracy,333205446,-0.008499999999999994
derpp,slowheat_derpp_hidden_beta_30_budget_0.25,final_average_accuracy,130501536,-0.0050000000000000044
derpp,slowheat_derpp_hidden_beta_30_budget_0.25,final_average_accuracy,492612040,-0.0021999999999999936
derpp,slowheat_derpp_hidden_beta_30_budget_0.25,average_forgetting,2101606466,-0.004333333333333411
derpp,slowheat_derpp_hidden_beta_30_budget_0.25,average_forgetting,1872839281,-0.0012222222222222356
derpp,slowheat_derpp_hidden_beta_30_budget_0.25,average_forgetting,637029796,-0.01200000000000001
derpp,slowheat_derpp_hidden_beta_30_budget_0.25,average_forgetting,1357204345,0.004111111111111121
derpp,slowheat_derpp_hidden_beta_30_budget_0.25,average_forgetting,1758462037,-0.002666666666666706
derpp,slowheat_derpp_hidden_beta_30_budget_0.25,average_forgetting,748737880,0.0015555555555554768
derpp,slowheat_derpp_hidden_beta_30_budget_0.25,average_forgetting,1611510062,-0.0016666666666666496
derpp,slowheat_derpp_hidden_beta_30_budget_0.25,average_forgetting,333205446,0.010000000000000009
derpp,slowheat_derpp_hidden_beta_30_budget_0.25,average_forgetting,130501536,0.006111111111111123
derpp,slowheat_derpp_hidden_beta_30_budget_0.25,average_forgetting,492612040,0.005666666666666709
derpp,slowheat_derpp_hidden_beta_30_budget_0.25,backward_transfer,2101606466,0.004333333333333411
derpp,slowheat_derpp_hidden_beta_30_budget_0.25,backward_transfer,1872839281,0.0012222222222222356
derpp,slowheat_derpp_hidden_beta_30_budget_0.25,backward_transfer,637029796,0.01200000000000001
derpp,slowheat_derpp_hidden_beta_30_budget_0.25,backward_transfer,1357204345,-0.004111111111111121
derpp,slowheat_derpp_hidden_beta_30_budget_0.25,backward_transfer,1758462037,0.002666666666666706
derpp,slowheat_derpp_hidden_beta_30_budget_0.25,backward_transfer,748737880,-0.0015555555555554768
derpp,slowheat_derpp_hidden_beta_30_budget_0.25,backward_transfer,1611510062,0.0016666666666666496
derpp,slowheat_derpp_hidden_beta_30_budget_0.25,backward_transfer,333205446,-0.010000000000000009
derpp,slowheat_derpp_hidden_beta_30_budget_0.25,backward_transfer,130501536,-0.006111111111111123
derpp,slowheat_derpp_hidden_beta_30_budget_0.25,backward_transfer,492612040,-0.005666666666666709
derpp,slowheat_derpp_hidden_beta_30_budget_0.25,forward_transfer,2101606466,0.0011111111111111113
derpp,slowheat_derpp_hidden_beta_30_budget_0.25,forward_transfer,1872839281,-0.0003333333333333313
derpp,slowheat_derpp_hidden_beta_30_budget_0.25,forward_transfer,637029796,0.0003333333333333348
derpp,slowheat_derpp_hidden_beta_30_budget_0.25,forward_transfer,1357204345,0.0005555555555555557
derpp,slowheat_derpp_hidden_beta_30_budget_0.25,forward_transfer,1758462037,0.0005555555555555557
derpp,slowheat_derpp_hidden_beta_30_budget_0.25,forward_transfer,748737880,0.00011111111111111217
derpp,slowheat_derpp_hidden_beta_30_budget_0.25,forward_transfer,1611510062,0.0003333333333333348
derpp,slowheat_derpp_hidden_beta_30_budget_0.25,forward_transfer,333205446,-0.0011111111111111148
derpp,slowheat_derpp_hidden_beta_30_budget_0.25,forward_transfer,130501536,0.0004444444444444452
derpp,slowheat_derpp_hidden_beta_30_budget_0.25,forward_transfer,492612040,-0.00022222222222222088
derpp,slowheat_derpp_hidden_beta_30_budget_0.25,task_aware_final_accuracy,2101606466,0.01849999999999996
derpp,slowheat_derpp_hidden_beta_30_budget_0.25,task_aware_final_accuracy,1872839281,0.02140000000000003
derpp,slowheat_derpp_hidden_beta_30_budget_0.25,task_aware_final_accuracy,637029796,0.013400000000000023
derpp,slowheat_derpp_hidden_beta_30_budget_0.25,task_aware_final_accuracy,1357204345,0.015400000000000025
derpp,slowheat_derpp_hidden_beta_30_budget_0.25,task_aware_final_accuracy,1758462037,0.028200000000000003
derpp,slowheat_derpp_hidden_beta_30_budget_0.25,task_aware_final_accuracy,748737880,0.017699999999999994
derpp,slowheat_derpp_hidden_beta_30_budget_0.25,task_aware_final_accuracy,1611510062,0.03180000000000005
derpp,slowheat_derpp_hidden_beta_30_budget_0.25,task_aware_final_accuracy,333205446,0.023200000000000054
derpp,slowheat_derpp_hidden_beta_30_budget_0.25,task_aware_final_accuracy,130501536,0.014600000000000002
derpp,slowheat_derpp_hidden_beta_30_budget_0.25,task_aware_final_accuracy,492612040,0.028700000000000003
derpp,slowheat_derpp_hidden_beta_30_budget_0.25,task_aware_forgetting,2101606466,-0.030111111111111116
derpp,slowheat_derpp_hidden_beta_30_budget_0.25,task_aware_forgetting,1872839281,-0.03411111111111112
derpp,slowheat_derpp_hidden_beta_30_budget_0.25,task_aware_forgetting,637029796,-0.027666666666666673
derpp,slowheat_derpp_hidden_beta_30_budget_0.25,task_aware_forgetting,1357204345,-0.02100000000000002
derpp,slowheat_derpp_hidden_beta_30_budget_0.25,task_aware_forgetting,1758462037,-0.03711111111111107
derpp,slowheat_derpp_hidden_beta_30_budget_0.25,task_aware_forgetting,748737880,-0.022222222222222227
derpp,slowheat_derpp_hidden_beta_30_budget_0.25,task_aware_forgetting,1611510062,-0.04144444444444445
derpp,slowheat_derpp_hidden_beta_30_budget_0.25,task_aware_forgetting,333205446,-0.02833333333333332
derpp,slowheat_derpp_hidden_beta_30_budget_0.25,task_aware_forgetting,130501536,-0.023444444444444434
derpp,slowheat_derpp_hidden_beta_30_budget_0.25,task_aware_forgetting,492612040,-0.03244444444444444
derpp,slowheat_derpp_hidden_beta_30_budget_0.25,classifier_gap,2101606466,0.020799999999999985
derpp,slowheat_derpp_hidden_beta_30_budget_0.25,classifier_gap,1872839281,0.02910000000000007
derpp,slowheat_derpp_hidden_beta_30_budget_0.25,classifier_gap,637029796,0.014200000000000046
derpp,slowheat_derpp_hidden_beta_30_budget_0.25,classifier_gap,1357204345,0.023700000000000054
derpp,slowheat_derpp_hidden_beta_30_budget_0.25,classifier_gap,1758462037,0.030799999999999994
derpp,slowheat_derpp_hidden_beta_30_budget_0.25,classifier_gap,748737880,0.02080000000000004
derpp,slowheat_derpp_hidden_beta_30_budget_0.25,classifier_gap,1611510062,0.03650000000000009
derpp,slowheat_derpp_hidden_beta_30_budget_0.25,classifier_gap,333205446,0.031700000000000006
derpp,slowheat_derpp_hidden_beta_30_budget_0.25,classifier_gap,130501536,0.019600000000000006
derpp,slowheat_derpp_hidden_beta_30_budget_0.25,classifier_gap,492612040,0.03090000000000004
derpp,slowheat_derpp_hidden_beta_30_budget_0.25,elapsed_seconds,2101606466,81.2122143059969
derpp,slowheat_derpp_hidden_beta_30_budget_0.25,elapsed_seconds,1872839281,48.6835852060176
derpp,slowheat_derpp_hidden_beta_30_budget_0.25,elapsed_seconds,637029796,46.35490348300664
derpp,slowheat_derpp_hidden_beta_30_budget_0.25,elapsed_seconds,1357204345,47.10964000195963
derpp,slowheat_derpp_hidden_beta_30_budget_0.25,elapsed_seconds,1758462037,49.022518087003846
derpp,slowheat_derpp_hidden_beta_30_budget_0.25,elapsed_seconds,748737880,49.51994335997733
derpp,slowheat_derpp_hidden_beta_30_budget_0.25,elapsed_seconds,1611510062,47.885295443004
derpp,slowheat_derpp_hidden_beta_30_budget_0.25,elapsed_seconds,333205446,46.43261026398977
derpp,slowheat_derpp_hidden_beta_30_budget_0.25,elapsed_seconds,130501536,50.003029614978004
derpp,slowheat_derpp_hidden_beta_30_budget_0.25,elapsed_seconds,492612040,44.059657247009454
derpp,slowheat_derpp_hidden_beta_30_budget_0.25,learner_examples_processed,2101606466,0.0
derpp,slowheat_derpp_hidden_beta_30_budget_0.25,learner_examples_processed,1872839281,0.0
derpp,slowheat_derpp_hidden_beta_30_budget_0.25,learner_examples_processed,637029796,0.0
derpp,slowheat_derpp_hidden_beta_30_budget_0.25,learner_examples_processed,1357204345,0.0
derpp,slowheat_derpp_hidden_beta_30_budget_0.25,learner_examples_processed,1758462037,0.0
derpp,slowheat_derpp_hidden_beta_30_budget_0.25,learner_examples_processed,748737880,0.0
derpp,slowheat_derpp_hidden_beta_30_budget_0.25,learner_examples_processed,1611510062,0.0
derpp,slowheat_derpp_hidden_beta_30_budget_0.25,learner_examples_processed,333205446,0.0
derpp,slowheat_derpp_hidden_beta_30_budget_0.25,learner_examples_processed,130501536,0.0
derpp,slowheat_derpp_hidden_beta_30_budget_0.25,learner_examples_processed,492612040,0.0
derpp,slowheat_derpp_hidden_beta_30_budget_0.25,total_model_examples_processed,2101606466,0.0
derpp,slowheat_derpp_hidden_beta_30_budget_0.25,total_model_examples_processed,1872839281,0.0
derpp,slowheat_derpp_hidden_beta_30_budget_0.25,total_model_examples_processed,637029796,0.0
derpp,slowheat_derpp_hidden_beta_30_budget_0.25,total_model_examples_processed,1357204345,0.0
derpp,slowheat_derpp_hidden_beta_30_budget_0.25,total_model_examples_processed,1758462037,0.0
derpp,slowheat_derpp_hidden_beta_30_budget_0.25,total_model_examples_processed,748737880,0.0
derpp,slowheat_derpp_hidden_beta_30_budget_0.25,total_model_examples_processed,1611510062,0.0
derpp,slowheat_derpp_hidden_beta_30_budget_0.25,total_model_examples_processed,333205446,0.0
derpp,slowheat_derpp_hidden_beta_30_budget_0.25,total_model_examples_processed,130501536,0.0
derpp,slowheat_derpp_hidden_beta_30_budget_0.25,total_model_examples_processed,492612040,0.0
derpp,slowheat_derpp_hidden_beta_30_budget_0.25,estimated_total_flops,2101606466,15398159360.0
derpp,slowheat_derpp_hidden_beta_30_budget_0.25,estimated_total_flops,1872839281,15398159360.0
derpp,slowheat_derpp_hidden_beta_30_budget_0.25,estimated_total_flops,637029796,15398159360.0
derpp,slowheat_derpp_hidden_beta_30_budget_0.25,estimated_total_flops,1357204345,15398159360.0
derpp,slowheat_derpp_hidden_beta_30_budget_0.25,estimated_total_flops,1758462037,15398159360.0
derpp,slowheat_derpp_hidden_beta_30_budget_0.25,estimated_total_flops,748737880,15398159360.0
derpp,slowheat_derpp_hidden_beta_30_budget_0.25,estimated_total_flops,1611510062,15398159360.0
derpp,slowheat_derpp_hidden_beta_30_budget_0.25,estimated_total_flops,333205446,15398159360.0
derpp,slowheat_derpp_hidden_beta_30_budget_0.25,estimated_total_flops,130501536,15398159360.0
derpp,slowheat_derpp_hidden_beta_30_budget_0.25,estimated_total_flops,492612040,15398159360.0
derpp,slowheat_derpp_hidden_beta_30_budget_0.25,estimated_overhead_flops,2101606466,15398159360.0
derpp,slowheat_derpp_hidden_beta_30_budget_0.25,estimated_overhead_flops,1872839281,15398159360.0
derpp,slowheat_derpp_hidden_beta_30_budget_0.25,estimated_overhead_flops,637029796,15398159360.0
derpp,slowheat_derpp_hidden_beta_30_budget_0.25,estimated_overhead_flops,1357204345,15398159360.0
derpp,slowheat_derpp_hidden_beta_30_budget_0.25,estimated_overhead_flops,1758462037,15398159360.0
derpp,slowheat_derpp_hidden_beta_30_budget_0.25,estimated_overhead_flops,748737880,15398159360.0
derpp,slowheat_derpp_hidden_beta_30_budget_0.25,estimated_overhead_flops,1611510062,15398159360.0
derpp,slowheat_derpp_hidden_beta_30_budget_0.25,estimated_overhead_flops,333205446,15398159360.0
derpp,slowheat_derpp_hidden_beta_30_budget_0.25,estimated_overhead_flops,130501536,15398159360.0
derpp,slowheat_derpp_hidden_beta_30_budget_0.25,estimated_overhead_flops,492612040,15398159360.0
derpp,slowheat_derpp_hidden_beta_30_budget_0.25,replay_memory_bytes,2101606466,0.0
derpp,slowheat_derpp_hidden_beta_30_budget_0.25,replay_memory_bytes,1872839281,0.0
derpp,slowheat_derpp_hidden_beta_30_budget_0.25,replay_memory_bytes,637029796,0.0
derpp,slowheat_derpp_hidden_beta_30_budget_0.25,replay_memory_bytes,1357204345,0.0
derpp,slowheat_derpp_hidden_beta_30_budget_0.25,replay_memory_bytes,1758462037,0.0
derpp,slowheat_derpp_hidden_beta_30_budget_0.25,replay_memory_bytes,748737880,0.0
derpp,slowheat_derpp_hidden_beta_30_budget_0.25,replay_memory_bytes,1611510062,0.0
derpp,slowheat_derpp_hidden_beta_30_budget_0.25,replay_memory_bytes,333205446,0.0
derpp,slowheat_derpp_hidden_beta_30_budget_0.25,replay_memory_bytes,130501536,0.0
derpp,slowheat_derpp_hidden_beta_30_budget_0.25,replay_memory_bytes,492612040,0.0
derpp,slowheat_derpp_hidden_beta_30_budget_0.25,stored_logits_bytes,2101606466,0.0
derpp,slowheat_derpp_hidden_beta_30_budget_0.25,stored_logits_bytes,1872839281,0.0
derpp,slowheat_derpp_hidden_beta_30_budget_0.25,stored_logits_bytes,637029796,0.0
derpp,slowheat_derpp_hidden_beta_30_budget_0.25,stored_logits_bytes,1357204345,0.0
derpp,slowheat_derpp_hidden_beta_30_budget_0.25,stored_logits_bytes,1758462037,0.0
derpp,slowheat_derpp_hidden_beta_30_budget_0.25,stored_logits_bytes,748737880,0.0
derpp,slowheat_derpp_hidden_beta_30_budget_0.25,stored_logits_bytes,1611510062,0.0
derpp,slowheat_derpp_hidden_beta_30_budget_0.25,stored_logits_bytes,333205446,0.0
derpp,slowheat_derpp_hidden_beta_30_budget_0.25,stored_logits_bytes,130501536,0.0
derpp,slowheat_derpp_hidden_beta_30_budget_0.25,stored_logits_bytes,492612040,0.0
derpp,er_ace,final_average_accuracy,2101606466,0.026400000000000035
derpp,er_ace,final_average_accuracy,1872839281,0.01720000000000002
derpp,er_ace,final_average_accuracy,637029796,0.019200000000000023
derpp,er_ace,final_average_accuracy,1357204345,0.02159999999999998
derpp,er_ace,final_average_accuracy,1758462037,0.017400000000000013
derpp,er_ace,final_average_accuracy,748737880,0.020399999999999974
derpp,er_ace,final_average_accuracy,1611510062,0.024800000000000016
derpp,er_ace,final_average_accuracy,333205446,0.0179
derpp,er_ace,final_average_accuracy,130501536,0.0126
derpp,er_ace,final_average_accuracy,492612040,0.0238
derpp,er_ace,average_forgetting,2101606466,-0.29288888888888887
derpp,er_ace,average_forgetting,1872839281,-0.2816666666666666
derpp,er_ace,average_forgetting,637029796,-0.3017777777777778
derpp,er_ace,average_forgetting,1357204345,-0.2924444444444444
derpp,er_ace,average_forgetting,1758462037,-0.2921111111111111
derpp,er_ace,average_forgetting,748737880,-0.29344444444444445
derpp,er_ace,average_forgetting,1611510062,-0.2881111111111111
derpp,er_ace,average_forgetting,333205446,-0.2886666666666666
derpp,er_ace,average_forgetting,130501536,-0.2908888888888889
derpp,er_ace,average_forgetting,492612040,-0.2866666666666667
derpp,er_ace,backward_transfer,2101606466,0.476
derpp,er_ace,backward_transfer,1872839281,0.4726666666666667
derpp,er_ace,backward_transfer,637029796,0.4728888888888889
derpp,er_ace,backward_transfer,1357204345,0.47388888888888886
derpp,er_ace,backward_transfer,1758462037,0.46866666666666673
derpp,er_ace,backward_transfer,748737880,0.4776666666666667
derpp,er_ace,backward_transfer,1611510062,0.4791111111111111
derpp,er_ace,backward_transfer,333205446,0.4646666666666667
derpp,er_ace,backward_transfer,130501536,0.46644444444444444
derpp,er_ace,backward_transfer,492612040,0.4776666666666667
derpp,er_ace,forward_transfer,2101606466,0.0013333333333333322
derpp,er_ace,forward_transfer,1872839281,0.004666666666666666
derpp,er_ace,forward_transfer,637029796,0.0023333333333333366
derpp,er_ace,forward_transfer,1357204345,0.0018888888888888913
derpp,er_ace,forward_transfer,1758462037,0.001999999999999995
derpp,er_ace,forward_transfer,748737880,0.0022222222222222235
derpp,er_ace,forward_transfer,1611510062,0.0014444444444444461
derpp,er_ace,forward_transfer,333205446,0.0013333333333333287
derpp,er_ace,forward_transfer,130501536,0.0032222222222222253
derpp,er_ace,forward_transfer,492612040,0.0018888888888888913
derpp,er_ace,task_aware_final_accuracy,2101606466,0.051499999999999935
derpp,er_ace,task_aware_final_accuracy,1872839281,0.04559999999999992
derpp,er_ace,task_aware_final_accuracy,637029796,0.042200000000000015
derpp,er_ace,task_aware_final_accuracy,1357204345,0.04299999999999998
derpp,er_ace,task_aware_final_accuracy,1758462037,0.0469
derpp,er_ace,task_aware_final_accuracy,748737880,0.04570000000000002
derpp,er_ace,task_aware_final_accuracy,1611510062,0.0484
derpp,er_ace,task_aware_final_accuracy,333205446,0.041600000000000026
derpp,er_ace,task_aware_final_accuracy,130501536,0.04749999999999993
derpp,er_ace,task_aware_final_accuracy,492612040,0.06109999999999999
derpp,er_ace,task_aware_forgetting,2101606466,-0.056999999999999995
derpp,er_ace,task_aware_forgetting,1872839281,-0.03777777777777777
derpp,er_ace,task_aware_forgetting,637029796,-0.04044444444444441
derpp,er_ace,task_aware_forgetting,1357204345,-0.04622222222222222
derpp,er_ace,task_aware_forgetting,1758462037,-0.04922222222222224
derpp,er_ace,task_aware_forgetting,748737880,-0.04666666666666665
derpp,er_ace,task_aware_forgetting,1611510062,-0.046
derpp,er_ace,task_aware_forgetting,333205446,-0.033
derpp,er_ace,task_aware_forgetting,130501536,-0.04600000000000004
derpp,er_ace,task_aware_forgetting,492612040,-0.05144444444444442
derpp,er_ace,classifier_gap,2101606466,0.0250999999999999
derpp,er_ace,classifier_gap,1872839281,0.028399999999999925
derpp,er_ace,classifier_gap,637029796,0.02300000000000002
derpp,er_ace,classifier_gap,1357204345,0.021399999999999975
derpp,er_ace,classifier_gap,1758462037,0.02949999999999997
derpp,er_ace,classifier_gap,748737880,0.0253000000000001
derpp,er_ace,classifier_gap,1611510062,0.02360000000000001
derpp,er_ace,classifier_gap,333205446,0.0237
derpp,er_ace,classifier_gap,130501536,0.03489999999999993
derpp,er_ace,classifier_gap,492612040,0.0373
derpp,er_ace,elapsed_seconds,2101606466,-0.09562786697642878
derpp,er_ace,elapsed_seconds,1872839281,0.2907162830233574
derpp,er_ace,elapsed_seconds,637029796,-0.6637656830134802
derpp,er_ace,elapsed_seconds,1357204345,-1.177735848032171
derpp,er_ace,elapsed_seconds,1758462037,-0.4632279240177013
derpp,er_ace,elapsed_seconds,748737880,0.22663885398651473
derpp,er_ace,elapsed_seconds,1611510062,-0.7517775959859136
derpp,er_ace,elapsed_seconds,333205446,-0.9279528300103266
derpp,er_ace,elapsed_seconds,130501536,-0.45453334401827306
derpp,er_ace,elapsed_seconds,492612040,-0.9006006669660565
derpp,er_ace,learner_examples_processed,2101606466,0.0
derpp,er_ace,learner_examples_processed,1872839281,0.0
derpp,er_ace,learner_examples_processed,637029796,0.0
derpp,er_ace,learner_examples_processed,1357204345,0.0
derpp,er_ace,learner_examples_processed,1758462037,0.0
derpp,er_ace,learner_examples_processed,748737880,0.0
derpp,er_ace,learner_examples_processed,1611510062,0.0
derpp,er_ace,learner_examples_processed,333205446,0.0
derpp,er_ace,learner_examples_processed,130501536,0.0
derpp,er_ace,learner_examples_processed,492612040,0.0
derpp,er_ace,total_model_examples_processed,2101606466,0.0
derpp,er_ace,total_model_examples_processed,1872839281,0.0
derpp,er_ace,total_model_examples_processed,637029796,0.0
derpp,er_ace,total_model_examples_processed,1357204345,0.0
derpp,er_ace,total_model_examples_processed,1758462037,0.0
derpp,er_ace,total_model_examples_processed,748737880,0.0
derpp,er_ace,total_model_examples_processed,1611510062,0.0
derpp,er_ace,total_model_examples_processed,333205446,0.0
derpp,er_ace,total_model_examples_processed,130501536,0.0
derpp,er_ace,total_model_examples_processed,492612040,0.0
derpp,er_ace,estimated_total_flops,2101606466,0.0
derpp,er_ace,estimated_total_flops,1872839281,0.0
derpp,er_ace,estimated_total_flops,637029796,0.0
derpp,er_ace,estimated_total_flops,1357204345,0.0
derpp,er_ace,estimated_total_flops,1758462037,0.0
derpp,er_ace,estimated_total_flops,748737880,0.0
derpp,er_ace,estimated_total_flops,1611510062,0.0
derpp,er_ace,estimated_total_flops,333205446,0.0
derpp,er_ace,estimated_total_flops,130501536,0.0
derpp,er_ace,estimated_total_flops,492612040,0.0
derpp,er_ace,estimated_overhead_flops,2101606466,0.0
derpp,er_ace,estimated_overhead_flops,1872839281,0.0
derpp,er_ace,estimated_overhead_flops,637029796,0.0
derpp,er_ace,estimated_overhead_flops,1357204345,0.0
derpp,er_ace,estimated_overhead_flops,1758462037,0.0
derpp,er_ace,estimated_overhead_flops,748737880,0.0
derpp,er_ace,estimated_overhead_flops,1611510062,0.0
derpp,er_ace,estimated_overhead_flops,333205446,0.0
derpp,er_ace,estimated_overhead_flops,130501536,0.0
derpp,er_ace,estimated_overhead_flops,492612040,0.0
derpp,er_ace,replay_memory_bytes,2101606466,0.0
derpp,er_ace,replay_memory_bytes,1872839281,0.0
derpp,er_ace,replay_memory_bytes,637029796,0.0
derpp,er_ace,replay_memory_bytes,1357204345,0.0
derpp,er_ace,replay_memory_bytes,1758462037,0.0
derpp,er_ace,replay_memory_bytes,748737880,0.0
derpp,er_ace,replay_memory_bytes,1611510062,0.0
derpp,er_ace,replay_memory_bytes,333205446,0.0
derpp,er_ace,replay_memory_bytes,130501536,0.0
derpp,er_ace,replay_memory_bytes,492612040,0.0
derpp,er_ace,stored_logits_bytes,2101606466,-800000.0
derpp,er_ace,stored_logits_bytes,1872839281,-800000.0
derpp,er_ace,stored_logits_bytes,637029796,-800000.0
derpp,er_ace,stored_logits_bytes,1357204345,-800000.0
derpp,er_ace,stored_logits_bytes,1758462037,-800000.0
derpp,er_ace,stored_logits_bytes,748737880,-800000.0
derpp,er_ace,stored_logits_bytes,1611510062,-800000.0
derpp,er_ace,stored_logits_bytes,333205446,-800000.0
derpp,er_ace,stored_logits_bytes,130501536,-800000.0
derpp,er_ace,stored_logits_bytes,492612040,-800000.0
derpp,slowheat_er_ace_hidden_beta_30_budget_0.25,final_average_accuracy,2101606466,0.03970000000000001
derpp,slowheat_er_ace_hidden_beta_30_budget_0.25,final_average_accuracy,1872839281,0.035999999999999976
derpp,slowheat_er_ace_hidden_beta_30_budget_0.25,final_average_accuracy,637029796,0.04020000000000004
derpp,slowheat_er_ace_hidden_beta_30_budget_0.25,final_average_accuracy,1357204345,0.032999999999999946
derpp,slowheat_er_ace_hidden_beta_30_budget_0.25,final_average_accuracy,1758462037,0.025199999999999986
derpp,slowheat_er_ace_hidden_beta_30_budget_0.25,final_average_accuracy,748737880,0.03589999999999999
derpp,slowheat_er_ace_hidden_beta_30_budget_0.25,final_average_accuracy,1611510062,0.03870000000000001
derpp,slowheat_er_ace_hidden_beta_30_budget_0.25,final_average_accuracy,333205446,0.030799999999999994
derpp,slowheat_er_ace_hidden_beta_30_budget_0.25,final_average_accuracy,130501536,0.022999999999999993
derpp,slowheat_er_ace_hidden_beta_30_budget_0.25,final_average_accuracy,492612040,0.03649999999999999
derpp,slowheat_er_ace_hidden_beta_30_budget_0.25,average_forgetting,2101606466,-0.3051111111111111
derpp,slowheat_er_ace_hidden_beta_30_budget_0.25,average_forgetting,1872839281,-0.2911111111111111
derpp,slowheat_er_ace_hidden_beta_30_budget_0.25,average_forgetting,637029796,-0.30988888888888894
derpp,slowheat_er_ace_hidden_beta_30_budget_0.25,average_forgetting,1357204345,-0.29977777777777775
derpp,slowheat_er_ace_hidden_beta_30_budget_0.25,average_forgetting,1758462037,-0.29800000000000004
derpp,slowheat_er_ace_hidden_beta_30_budget_0.25,average_forgetting,748737880,-0.2975555555555556
derpp,slowheat_er_ace_hidden_beta_30_budget_0.25,average_forgetting,1611510062,-0.30666666666666664
derpp,slowheat_er_ace_hidden_beta_30_budget_0.25,average_forgetting,333205446,-0.2917777777777778
derpp,slowheat_er_ace_hidden_beta_30_budget_0.25,average_forgetting,130501536,-0.2931111111111111
derpp,slowheat_er_ace_hidden_beta_30_budget_0.25,average_forgetting,492612040,-0.29144444444444445
derpp,slowheat_er_ace_hidden_beta_30_budget_0.25,backward_transfer,2101606466,0.5196666666666667
derpp,slowheat_er_ace_hidden_beta_30_budget_0.25,backward_transfer,1872839281,0.5155555555555555
derpp,slowheat_er_ace_hidden_beta_30_budget_0.25,backward_transfer,637029796,0.5237777777777778
derpp,slowheat_er_ace_hidden_beta_30_budget_0.25,backward_transfer,1357204345,0.5086666666666666
derpp,slowheat_er_ace_hidden_beta_30_budget_0.25,backward_transfer,1758462037,0.5035555555555556
derpp,slowheat_er_ace_hidden_beta_30_budget_0.25,backward_transfer,748737880,0.513
derpp,slowheat_er_ace_hidden_beta_30_budget_0.25,backward_transfer,1611510062,0.522
derpp,slowheat_er_ace_hidden_beta_30_budget_0.25,backward_transfer,333205446,0.5073333333333333
derpp,slowheat_er_ace_hidden_beta_30_budget_0.25,backward_transfer,130501536,0.5045555555555555
derpp,slowheat_er_ace_hidden_beta_30_budget_0.25,backward_transfer,492612040,0.5121111111111111
derpp,slowheat_er_ace_hidden_beta_30_budget_0.25,forward_transfer,2101606466,0.004444444444444445
derpp,slowheat_er_ace_hidden_beta_30_budget_0.25,forward_transfer,1872839281,0.004444444444444442
derpp,slowheat_er_ace_hidden_beta_30_budget_0.25,forward_transfer,637029796,0.0036666666666666688
derpp,slowheat_er_ace_hidden_beta_30_budget_0.25,forward_transfer,1357204345,0.0033333333333333375
derpp,slowheat_er_ace_hidden_beta_30_budget_0.25,forward_transfer,1758462037,0.003111111111111106
derpp,slowheat_er_ace_hidden_beta_30_budget_0.25,forward_transfer,748737880,0.006555555555555557
derpp,slowheat_er_ace_hidden_beta_30_budget_0.25,forward_transfer,1611510062,0.001666666666666667
derpp,slowheat_er_ace_hidden_beta_30_budget_0.25,forward_transfer,333205446,0.0006666666666666661
derpp,slowheat_er_ace_hidden_beta_30_budget_0.25,forward_transfer,130501536,0.006111111111111112
derpp,slowheat_er_ace_hidden_beta_30_budget_0.25,forward_transfer,492612040,0.0030000000000000027
derpp,slowheat_er_ace_hidden_beta_30_budget_0.25,task_aware_final_accuracy,2101606466,0.07959999999999995
derpp,slowheat_er_ace_hidden_beta_30_budget_0.25,task_aware_final_accuracy,1872839281,0.07929999999999993
derpp,slowheat_er_ace_hidden_beta_30_budget_0.25,task_aware_final_accuracy,637029796,0.07470000000000004
derpp,slowheat_er_ace_hidden_beta_30_budget_0.25,task_aware_final_accuracy,1357204345,0.07160000000000005
derpp,slowheat_er_ace_hidden_beta_30_budget_0.25,task_aware_final_accuracy,1758462037,0.06780000000000008
derpp,slowheat_er_ace_hidden_beta_30_budget_0.25,task_aware_final_accuracy,748737880,0.07419999999999993
derpp,slowheat_er_ace_hidden_beta_30_budget_0.25,task_aware_final_accuracy,1611510062,0.07070000000000004
derpp,slowheat_er_ace_hidden_beta_30_budget_0.25,task_aware_final_accuracy,333205446,0.07039999999999996
derpp,slowheat_er_ace_hidden_beta_30_budget_0.25,task_aware_final_accuracy,130501536,0.06559999999999994
derpp,slowheat_er_ace_hidden_beta_30_budget_0.25,task_aware_final_accuracy,492612040,0.08030000000000004
derpp,slowheat_er_ace_hidden_beta_30_budget_0.25,task_aware_forgetting,2101606466,-0.07755555555555554
derpp,slowheat_er_ace_hidden_beta_30_budget_0.25,task_aware_forgetting,1872839281,-0.07988888888888891
derpp,slowheat_er_ace_hidden_beta_30_budget_0.25,task_aware_forgetting,637029796,-0.07244444444444446
derpp,slowheat_er_ace_hidden_beta_30_budget_0.25,task_aware_forgetting,1357204345,-0.05633333333333336
derpp,slowheat_er_ace_hidden_beta_30_budget_0.25,task_aware_forgetting,1758462037,-0.06166666666666666
derpp,slowheat_er_ace_hidden_beta_30_budget_0.25,task_aware_forgetting,748737880,-0.06855555555555555
derpp,slowheat_er_ace_hidden_beta_30_budget_0.25,task_aware_forgetting,1611510062,-0.06877777777777776
derpp,slowheat_er_ace_hidden_beta_30_budget_0.25,task_aware_forgetting,333205446,-0.06355555555555556
derpp,slowheat_er_ace_hidden_beta_30_budget_0.25,task_aware_forgetting,130501536,-0.06055555555555556
derpp,slowheat_er_ace_hidden_beta_30_budget_0.25,task_aware_forgetting,492612040,-0.06844444444444442
derpp,slowheat_er_ace_hidden_beta_30_budget_0.25,classifier_gap,2101606466,0.039899999999999936
derpp,slowheat_er_ace_hidden_beta_30_budget_0.25,classifier_gap,1872839281,0.043300000000000005
derpp,slowheat_er_ace_hidden_beta_30_budget_0.25,classifier_gap,637029796,0.03450000000000003
derpp,slowheat_er_ace_hidden_beta_30_budget_0.25,classifier_gap,1357204345,0.03860000000000008
derpp,slowheat_er_ace_hidden_beta_30_budget_0.25,classifier_gap,1758462037,0.04260000000000008
derpp,slowheat_er_ace_hidden_beta_30_budget_0.25,classifier_gap,748737880,0.0383
derpp,slowheat_er_ace_hidden_beta_30_budget_0.25,classifier_gap,1611510062,0.03200000000000003
derpp,slowheat_er_ace_hidden_beta_30_budget_0.25,classifier_gap,333205446,0.03959999999999997
derpp,slowheat_er_ace_hidden_beta_30_budget_0.25,classifier_gap,130501536,0.042599999999999916
derpp,slowheat_er_ace_hidden_beta_30_budget_0.25,classifier_gap,492612040,0.04380000000000006
derpp,slowheat_er_ace_hidden_beta_30_budget_0.25,elapsed_seconds,2101606466,73.11633566798992
derpp,slowheat_er_ace_hidden_beta_30_budget_0.25,elapsed_seconds,1872839281,47.94369370199274
derpp,slowheat_er_ace_hidden_beta_30_budget_0.25,elapsed_seconds,637029796,48.20075021299999
derpp,slowheat_er_ace_hidden_beta_30_budget_0.25,elapsed_seconds,1357204345,44.94861048596795
derpp,slowheat_er_ace_hidden_beta_30_budget_0.25,elapsed_seconds,1758462037,48.989825492026284
derpp,slowheat_er_ace_hidden_beta_30_budget_0.25,elapsed_seconds,748737880,46.30665198597126
derpp,slowheat_er_ace_hidden_beta_30_budget_0.25,elapsed_seconds,1611510062,46.92405497501022
derpp,slowheat_er_ace_hidden_beta_30_budget_0.25,elapsed_seconds,333205446,45.348615310998866
derpp,slowheat_er_ace_hidden_beta_30_budget_0.25,elapsed_seconds,130501536,49.217407709977124
derpp,slowheat_er_ace_hidden_beta_30_budget_0.25,elapsed_seconds,492612040,47.723595761024626
derpp,slowheat_er_ace_hidden_beta_30_budget_0.25,learner_examples_processed,2101606466,0.0
derpp,slowheat_er_ace_hidden_beta_30_budget_0.25,learner_examples_processed,1872839281,0.0
derpp,slowheat_er_ace_hidden_beta_30_budget_0.25,learner_examples_processed,637029796,0.0
derpp,slowheat_er_ace_hidden_beta_30_budget_0.25,learner_examples_processed,1357204345,0.0
derpp,slowheat_er_ace_hidden_beta_30_budget_0.25,learner_examples_processed,1758462037,0.0
derpp,slowheat_er_ace_hidden_beta_30_budget_0.25,learner_examples_processed,748737880,0.0
derpp,slowheat_er_ace_hidden_beta_30_budget_0.25,learner_examples_processed,1611510062,0.0
derpp,slowheat_er_ace_hidden_beta_30_budget_0.25,learner_examples_processed,333205446,0.0
derpp,slowheat_er_ace_hidden_beta_30_budget_0.25,learner_examples_processed,130501536,0.0
derpp,slowheat_er_ace_hidden_beta_30_budget_0.25,learner_examples_processed,492612040,0.0
derpp,slowheat_er_ace_hidden_beta_30_budget_0.25,total_model_examples_processed,2101606466,0.0
derpp,slowheat_er_ace_hidden_beta_30_budget_0.25,total_model_examples_processed,1872839281,0.0
derpp,slowheat_er_ace_hidden_beta_30_budget_0.25,total_model_examples_processed,637029796,0.0
derpp,slowheat_er_ace_hidden_beta_30_budget_0.25,total_model_examples_processed,1357204345,0.0
derpp,slowheat_er_ace_hidden_beta_30_budget_0.25,total_model_examples_processed,1758462037,0.0
derpp,slowheat_er_ace_hidden_beta_30_budget_0.25,total_model_examples_processed,748737880,0.0
derpp,slowheat_er_ace_hidden_beta_30_budget_0.25,total_model_examples_processed,1611510062,0.0
derpp,slowheat_er_ace_hidden_beta_30_budget_0.25,total_model_examples_processed,333205446,0.0
derpp,slowheat_er_ace_hidden_beta_30_budget_0.25,total_model_examples_processed,130501536,0.0
derpp,slowheat_er_ace_hidden_beta_30_budget_0.25,total_model_examples_processed,492612040,0.0
derpp,slowheat_er_ace_hidden_beta_30_budget_0.25,estimated_total_flops,2101606466,15398159360.0
derpp,slowheat_er_ace_hidden_beta_30_budget_0.25,estimated_total_flops,1872839281,15398159360.0
derpp,slowheat_er_ace_hidden_beta_30_budget_0.25,estimated_total_flops,637029796,15398159360.0
derpp,slowheat_er_ace_hidden_beta_30_budget_0.25,estimated_total_flops,1357204345,15398159360.0
derpp,slowheat_er_ace_hidden_beta_30_budget_0.25,estimated_total_flops,1758462037,15398159360.0
derpp,slowheat_er_ace_hidden_beta_30_budget_0.25,estimated_total_flops,748737880,15398159360.0
derpp,slowheat_er_ace_hidden_beta_30_budget_0.25,estimated_total_flops,1611510062,15398159360.0
derpp,slowheat_er_ace_hidden_beta_30_budget_0.25,estimated_total_flops,333205446,15398159360.0
derpp,slowheat_er_ace_hidden_beta_30_budget_0.25,estimated_total_flops,130501536,15398159360.0
derpp,slowheat_er_ace_hidden_beta_30_budget_0.25,estimated_total_flops,492612040,15398159360.0
derpp,slowheat_er_ace_hidden_beta_30_budget_0.25,estimated_overhead_flops,2101606466,15398159360.0
derpp,slowheat_er_ace_hidden_beta_30_budget_0.25,estimated_overhead_flops,1872839281,15398159360.0
derpp,slowheat_er_ace_hidden_beta_30_budget_0.25,estimated_overhead_flops,637029796,15398159360.0
derpp,slowheat_er_ace_hidden_beta_30_budget_0.25,estimated_overhead_flops,1357204345,15398159360.0
derpp,slowheat_er_ace_hidden_beta_30_budget_0.25,estimated_overhead_flops,1758462037,15398159360.0
derpp,slowheat_er_ace_hidden_beta_30_budget_0.25,estimated_overhead_flops,748737880,15398159360.0
derpp,slowheat_er_ace_hidden_beta_30_budget_0.25,estimated_overhead_flops,1611510062,15398159360.0
derpp,slowheat_er_ace_hidden_beta_30_budget_0.25,estimated_overhead_flops,333205446,15398159360.0
derpp,slowheat_er_ace_hidden_beta_30_budget_0.25,estimated_overhead_flops,130501536,15398159360.0
derpp,slowheat_er_ace_hidden_beta_30_budget_0.25,estimated_overhead_flops,492612040,15398159360.0
derpp,slowheat_er_ace_hidden_beta_30_budget_0.25,replay_memory_bytes,2101606466,0.0
derpp,slowheat_er_ace_hidden_beta_30_budget_0.25,replay_memory_bytes,1872839281,0.0
derpp,slowheat_er_ace_hidden_beta_30_budget_0.25,replay_memory_bytes,637029796,0.0
derpp,slowheat_er_ace_hidden_beta_30_budget_0.25,replay_memory_bytes,1357204345,0.0
derpp,slowheat_er_ace_hidden_beta_30_budget_0.25,replay_memory_bytes,1758462037,0.0
derpp,slowheat_er_ace_hidden_beta_30_budget_0.25,replay_memory_bytes,748737880,0.0
derpp,slowheat_er_ace_hidden_beta_30_budget_0.25,replay_memory_bytes,1611510062,0.0
derpp,slowheat_er_ace_hidden_beta_30_budget_0.25,replay_memory_bytes,333205446,0.0
derpp,slowheat_er_ace_hidden_beta_30_budget_0.25,replay_memory_bytes,130501536,0.0
derpp,slowheat_er_ace_hidden_beta_30_budget_0.25,replay_memory_bytes,492612040,0.0
derpp,slowheat_er_ace_hidden_beta_30_budget_0.25,stored_logits_bytes,2101606466,-800000.0
derpp,slowheat_er_ace_hidden_beta_30_budget_0.25,stored_logits_bytes,1872839281,-800000.0
derpp,slowheat_er_ace_hidden_beta_30_budget_0.25,stored_logits_bytes,637029796,-800000.0
derpp,slowheat_er_ace_hidden_beta_30_budget_0.25,stored_logits_bytes,1357204345,-800000.0
derpp,slowheat_er_ace_hidden_beta_30_budget_0.25,stored_logits_bytes,1758462037,-800000.0
derpp,slowheat_er_ace_hidden_beta_30_budget_0.25,stored_logits_bytes,748737880,-800000.0
derpp,slowheat_er_ace_hidden_beta_30_budget_0.25,stored_logits_bytes,1611510062,-800000.0
derpp,slowheat_er_ace_hidden_beta_30_budget_0.25,stored_logits_bytes,333205446,-800000.0
derpp,slowheat_er_ace_hidden_beta_30_budget_0.25,stored_logits_bytes,130501536,-800000.0
derpp,slowheat_er_ace_hidden_beta_30_budget_0.25,stored_logits_bytes,492612040,-800000.0
derpp,agem,final_average_accuracy,2101606466,-0.0563
derpp,agem,final_average_accuracy,1872839281,-0.06530000000000001
derpp,agem,final_average_accuracy,637029796,-0.05379999999999997
derpp,agem,final_average_accuracy,1357204345,-0.06100000000000001
derpp,agem,final_average_accuracy,1758462037,-0.060100000000000015
derpp,agem,final_average_accuracy,748737880,-0.05750000000000001
derpp,agem,final_average_accuracy,1611510062,-0.05959999999999999
derpp,agem,final_average_accuracy,333205446,-0.0635
derpp,agem,final_average_accuracy,130501536,-0.06160000000000001
derpp,agem,final_average_accuracy,492612040,-0.057499999999999996
derpp,agem,average_forgetting,2101606466,0.0812222222222222
derpp,agem,average_forgetting,1872839281,0.08588888888888885
derpp,agem,average_forgetting,637029796,0.07222222222222213
derpp,agem,average_forgetting,1357204345,0.08288888888888901
derpp,agem,average_forgetting,1758462037,0.09188888888888869
derpp,agem,average_forgetting,748737880,0.09122222222222232
derpp,agem,average_forgetting,1611510062,0.08077777777777795
derpp,agem,average_forgetting,333205446,0.09388888888888891
derpp,agem,average_forgetting,130501536,0.08555555555555566
derpp,agem,average_forgetting,492612040,0.08488888888888885
derpp,agem,backward_transfer,2101606466,-0.0812222222222222
derpp,agem,backward_transfer,1872839281,-0.08588888888888885
derpp,agem,backward_transfer,637029796,-0.07222222222222213
derpp,agem,backward_transfer,1357204345,-0.08288888888888901
derpp,agem,backward_transfer,1758462037,-0.09188888888888869
derpp,agem,backward_transfer,748737880,-0.09122222222222232
derpp,agem,backward_transfer,1611510062,-0.08077777777777795
derpp,agem,backward_transfer,333205446,-0.09388888888888891
derpp,agem,backward_transfer,130501536,-0.08555555555555566
derpp,agem,backward_transfer,492612040,-0.08488888888888885
derpp,agem,forward_transfer,2101606466,-0.0010000000000000009
derpp,agem,forward_transfer,1872839281,-0.00022222222222222088
derpp,agem,forward_transfer,637029796,0.0
derpp,agem,forward_transfer,1357204345,-0.0005555555555555557
derpp,agem,forward_transfer,1758462037,0.0003333333333333348
derpp,agem,forward_transfer,748737880,0.0
derpp,agem,forward_transfer,1611510062,-0.0007777777777777765
derpp,agem,forward_transfer,333205446,-0.0011111111111111148
derpp,agem,forward_transfer,130501536,-0.00011111111111111044
derpp,agem,forward_transfer,492612040,-0.0003333333333333313
derpp,agem,task_aware_final_accuracy,2101606466,-0.09200000000000003
derpp,agem,task_aware_final_accuracy,1872839281,-0.11880000000000002
derpp,agem,task_aware_final_accuracy,637029796,-0.1357
derpp,agem,task_aware_final_accuracy,1357204345,-0.11280000000000001
derpp,agem,task_aware_final_accuracy,1758462037,-0.11379999999999996
derpp,agem,task_aware_final_accuracy,748737880,-0.11430000000000001
derpp,agem,task_aware_final_accuracy,1611510062,-0.11249999999999999
derpp,agem,task_aware_final_accuracy,333205446,-0.15200000000000002
derpp,agem,task_aware_final_accuracy,130501536,-0.12240000000000001
derpp,agem,task_aware_final_accuracy,492612040,-0.10600000000000004
derpp,agem,task_aware_forgetting,2101606466,0.09500000000000003
derpp,agem,task_aware_forgetting,1872839281,0.11877777777777782
derpp,agem,task_aware_forgetting,637029796,0.13777777777777778
derpp,agem,task_aware_forgetting,1357204345,0.11344444444444446
derpp,agem,task_aware_forgetting,1758462037,0.12344444444444444
derpp,agem,task_aware_forgetting,748737880,0.126
derpp,agem,task_aware_forgetting,1611510062,0.11366666666666667
derpp,agem,task_aware_forgetting,333205446,0.16144444444444445
derpp,agem,task_aware_forgetting,130501536,0.12233333333333332
derpp,agem,task_aware_forgetting,492612040,0.10788888888888892
derpp,agem,classifier_gap,2101606466,-0.03570000000000001
derpp,agem,classifier_gap,1872839281,-0.05349999999999999
derpp,agem,classifier_gap,637029796,-0.08189999999999997
derpp,agem,classifier_gap,1357204345,-0.05180000000000001
derpp,agem,classifier_gap,1758462037,-0.05369999999999997
derpp,agem,classifier_gap,748737880,-0.05679999999999996
derpp,agem,classifier_gap,1611510062,-0.052899999999999975
derpp,agem,classifier_gap,333205446,-0.08850000000000005
derpp,agem,classifier_gap,130501536,-0.06079999999999999
derpp,agem,classifier_gap,492612040,-0.04850000000000004
derpp,agem,elapsed_seconds,2101606466,7.6083091239852365
derpp,agem,elapsed_seconds,1872839281,8.86275438501616
derpp,agem,elapsed_seconds,637029796,9.489071412011981
derpp,agem,elapsed_seconds,1357204345,7.64611872396199
derpp,agem,elapsed_seconds,1758462037,7.689059361000545
derpp,agem,elapsed_seconds,748737880,8.306429533957271
derpp,agem,elapsed_seconds,1611510062,7.503536311007338
derpp,agem,elapsed_seconds,333205446,7.556019677984295
derpp,agem,elapsed_seconds,130501536,7.645042525982717
derpp,agem,elapsed_seconds,492612040,6.283283133030636
derpp,agem,learner_examples_processed,2101606466,0.0
derpp,agem,learner_examples_processed,1872839281,0.0
derpp,agem,learner_examples_processed,637029796,0.0
derpp,agem,learner_examples_processed,1357204345,0.0
derpp,agem,learner_examples_processed,1758462037,0.0
derpp,agem,learner_examples_processed,748737880,0.0
derpp,agem,learner_examples_processed,1611510062,0.0
derpp,agem,learner_examples_processed,333205446,0.0
derpp,agem,learner_examples_processed,130501536,0.0
derpp,agem,learner_examples_processed,492612040,0.0
derpp,agem,total_model_examples_processed,2101606466,0.0
derpp,agem,total_model_examples_processed,1872839281,0.0
derpp,agem,total_model_examples_processed,637029796,0.0
derpp,agem,total_model_examples_processed,1357204345,0.0
derpp,agem,total_model_examples_processed,1758462037,0.0
derpp,agem,total_model_examples_processed,748737880,0.0
derpp,agem,total_model_examples_processed,1611510062,0.0
derpp,agem,total_model_examples_processed,333205446,0.0
derpp,agem,total_model_examples_processed,130501536,0.0
derpp,agem,total_model_examples_processed,492612040,0.0
derpp,agem,estimated_total_flops,2101606466,0.0
derpp,agem,estimated_total_flops,1872839281,0.0
derpp,agem,estimated_total_flops,637029796,0.0
derpp,agem,estimated_total_flops,1357204345,0.0
derpp,agem,estimated_total_flops,1758462037,0.0
derpp,agem,estimated_total_flops,748737880,0.0
derpp,agem,estimated_total_flops,1611510062,0.0
derpp,agem,estimated_total_flops,333205446,0.0
derpp,agem,estimated_total_flops,130501536,0.0
derpp,agem,estimated_total_flops,492612040,0.0
derpp,agem,estimated_overhead_flops,2101606466,0.0
derpp,agem,estimated_overhead_flops,1872839281,0.0
derpp,agem,estimated_overhead_flops,637029796,0.0
derpp,agem,estimated_overhead_flops,1357204345,0.0
derpp,agem,estimated_overhead_flops,1758462037,0.0
derpp,agem,estimated_overhead_flops,748737880,0.0
derpp,agem,estimated_overhead_flops,1611510062,0.0
derpp,agem,estimated_overhead_flops,333205446,0.0
derpp,agem,estimated_overhead_flops,130501536,0.0
derpp,agem,estimated_overhead_flops,492612040,0.0
derpp,agem,replay_memory_bytes,2101606466,0.0
derpp,agem,replay_memory_bytes,1872839281,0.0
derpp,agem,replay_memory_bytes,637029796,0.0
derpp,agem,replay_memory_bytes,1357204345,0.0
derpp,agem,replay_memory_bytes,1758462037,0.0
derpp,agem,replay_memory_bytes,748737880,0.0
derpp,agem,replay_memory_bytes,1611510062,0.0
derpp,agem,replay_memory_bytes,333205446,0.0
derpp,agem,replay_memory_bytes,130501536,0.0
derpp,agem,replay_memory_bytes,492612040,0.0
derpp,agem,stored_logits_bytes,2101606466,-800000.0
derpp,agem,stored_logits_bytes,1872839281,-800000.0
derpp,agem,stored_logits_bytes,637029796,-800000.0
derpp,agem,stored_logits_bytes,1357204345,-800000.0
derpp,agem,stored_logits_bytes,1758462037,-800000.0
derpp,agem,stored_logits_bytes,748737880,-800000.0
derpp,agem,stored_logits_bytes,1611510062,-800000.0
derpp,agem,stored_logits_bytes,333205446,-800000.0
derpp,agem,stored_logits_bytes,130501536,-800000.0
derpp,agem,stored_logits_bytes,492612040,-800000.0
derpp,ewc,final_average_accuracy,2101606466,-0.055900000000000005
derpp,ewc,final_average_accuracy,1872839281,-0.06420000000000001
derpp,ewc,final_average_accuracy,637029796,-0.05379999999999997
derpp,ewc,final_average_accuracy,1357204345,-0.05910000000000003
derpp,ewc,final_average_accuracy,1758462037,-0.0625
derpp,ewc,final_average_accuracy,748737880,-0.05520000000000002
derpp,ewc,final_average_accuracy,1611510062,-0.0564
derpp,ewc,final_average_accuracy,333205446,-0.06440000000000001
derpp,ewc,final_average_accuracy,130501536,-0.06520000000000001
derpp,ewc,final_average_accuracy,492612040,-0.05679999999999999
derpp,ewc,average_forgetting,2101606466,0.0748888888888889
derpp,ewc,average_forgetting,1872839281,0.08288888888888885
derpp,ewc,average_forgetting,637029796,0.0673333333333333
derpp,ewc,average_forgetting,1357204345,0.08366666666666678
derpp,ewc,average_forgetting,1758462037,0.08577777777777784
derpp,ewc,average_forgetting,748737880,0.07955555555555549
derpp,ewc,average_forgetting,1611510062,0.07900000000000007
derpp,ewc,average_forgetting,333205446,0.09200000000000008
derpp,ewc,average_forgetting,130501536,0.08911111111111109
derpp,ewc,average_forgetting,492612040,0.08733333333333343
derpp,ewc,backward_transfer,2101606466,-0.0748888888888889
derpp,ewc,backward_transfer,1872839281,-0.08288888888888885
derpp,ewc,backward_transfer,637029796,-0.0673333333333333
derpp,ewc,backward_transfer,1357204345,-0.08366666666666678
derpp,ewc,backward_transfer,1758462037,-0.08577777777777784
derpp,ewc,backward_transfer,748737880,-0.07955555555555549
derpp,ewc,backward_transfer,1611510062,-0.07900000000000007
derpp,ewc,backward_transfer,333205446,-0.09200000000000008
derpp,ewc,backward_transfer,130501536,-0.08911111111111109
derpp,ewc,backward_transfer,492612040,-0.08733333333333343
derpp,ewc,forward_transfer,2101606466,-0.0010000000000000009
derpp,ewc,forward_transfer,1872839281,-0.00022222222222222088
derpp,ewc,forward_transfer,637029796,-0.0003333333333333348
derpp,ewc,forward_transfer,1357204345,-0.0004444444444444452
derpp,ewc,forward_transfer,1758462037,0.0
derpp,ewc,forward_transfer,748737880,0.0
derpp,ewc,forward_transfer,1611510062,-0.0008888888888888904
derpp,ewc,forward_transfer,333205446,-0.00155555555555556
derpp,ewc,forward_transfer,130501536,0.0
derpp,ewc,forward_transfer,492612040,-0.0005555555555555557
derpp,ewc,task_aware_final_accuracy,2101606466,-0.215
derpp,ewc,task_aware_final_accuracy,1872839281,-0.22740000000000002
derpp,ewc,task_aware_final_accuracy,637029796,-0.23719999999999997
derpp,ewc,task_aware_final_accuracy,1357204345,-0.21589999999999998
derpp,ewc,task_aware_final_accuracy,1758462037,-0.23569999999999997
derpp,ewc,task_aware_final_accuracy,748737880,-0.21440000000000003
derpp,ewc,task_aware_final_accuracy,1611510062,-0.22579999999999997
derpp,ewc,task_aware_final_accuracy,333205446,-0.2355
derpp,ewc,task_aware_final_accuracy,130501536,-0.22740000000000005
derpp,ewc,task_aware_final_accuracy,492612040,-0.21910000000000002
derpp,ewc,task_aware_forgetting,2101606466,0.2257777777777778
derpp,ewc,task_aware_forgetting,1872839281,0.23766666666666664
derpp,ewc,task_aware_forgetting,637029796,0.24577777777777782
derpp,ewc,task_aware_forgetting,1357204345,0.23099999999999998
derpp,ewc,task_aware_forgetting,1758462037,0.25
derpp,ewc,task_aware_forgetting,748737880,0.2281111111111111
derpp,ewc,task_aware_forgetting,1611510062,0.2412222222222222
derpp,ewc,task_aware_forgetting,333205446,0.2513333333333333
derpp,ewc,task_aware_forgetting,130501536,0.23844444444444443
derpp,ewc,task_aware_forgetting,492612040,0.23677777777777775
derpp,ewc,classifier_gap,2101606466,-0.1591
derpp,ewc,classifier_gap,1872839281,-0.16319999999999998
derpp,ewc,classifier_gap,637029796,-0.18339999999999995
derpp,ewc,classifier_gap,1357204345,-0.1568
derpp,ewc,classifier_gap,1758462037,-0.17319999999999997
derpp,ewc,classifier_gap,748737880,-0.15919999999999998
derpp,ewc,classifier_gap,1611510062,-0.16939999999999994
derpp,ewc,classifier_gap,333205446,-0.1711
derpp,ewc,classifier_gap,130501536,-0.16220000000000004
derpp,ewc,classifier_gap,492612040,-0.1623
derpp,ewc,elapsed_seconds,2101606466,14.374916487024166
derpp,ewc,elapsed_seconds,1872839281,9.409362207021331
derpp,ewc,elapsed_seconds,637029796,10.47507052202127
derpp,ewc,elapsed_seconds,1357204345,8.423550151957897
derpp,ewc,elapsed_seconds,1758462037,9.614742890000343
derpp,ewc,elapsed_seconds,748737880,11.472963432985125
derpp,ewc,elapsed_seconds,1611510062,9.289392770006089
derpp,ewc,elapsed_seconds,333205446,10.013873805000912
derpp,ewc,elapsed_seconds,130501536,9.442264684999827
derpp,ewc,elapsed_seconds,492612040,7.458869759022491
derpp,ewc,learner_examples_processed,2101606466,-184320.0
derpp,ewc,learner_examples_processed,1872839281,-184320.0
derpp,ewc,learner_examples_processed,637029796,-184320.0
derpp,ewc,learner_examples_processed,1357204345,-184320.0
derpp,ewc,learner_examples_processed,1758462037,-184320.0
derpp,ewc,learner_examples_processed,748737880,-184320.0
derpp,ewc,learner_examples_processed,1611510062,-184320.0
derpp,ewc,learner_examples_processed,333205446,-184320.0
derpp,ewc,learner_examples_processed,130501536,-184320.0
derpp,ewc,learner_examples_processed,492612040,-184320.0
derpp,ewc,total_model_examples_processed,2101606466,-184320.0
derpp,ewc,total_model_examples_processed,1872839281,-184320.0
derpp,ewc,total_model_examples_processed,637029796,-184320.0
derpp,ewc,total_model_examples_processed,1357204345,-184320.0
derpp,ewc,total_model_examples_processed,1758462037,-184320.0
derpp,ewc,total_model_examples_processed,748737880,-184320.0
derpp,ewc,total_model_examples_processed,1611510062,-184320.0
derpp,ewc,total_model_examples_processed,333205446,-184320.0
derpp,ewc,total_model_examples_processed,130501536,-184320.0
derpp,ewc,total_model_examples_processed,492612040,-184320.0
derpp,ewc,estimated_total_flops,2101606466,-4072442715160.0
derpp,ewc,estimated_total_flops,1872839281,-4072442715160.0
derpp,ewc,estimated_total_flops,637029796,-4072442715160.0
derpp,ewc,estimated_total_flops,1357204345,-4072442715160.0
derpp,ewc,estimated_total_flops,1758462037,-4072442715160.0
derpp,ewc,estimated_total_flops,748737880,-4072442715160.0
derpp,ewc,estimated_total_flops,1611510062,-4072442715160.0
derpp,ewc,estimated_total_flops,333205446,-4072442715160.0
derpp,ewc,estimated_total_flops,130501536,-4072442715160.0
derpp,ewc,estimated_total_flops,492612040,-4072442715160.0
derpp,ewc,estimated_overhead_flops,2101606466,42924483560.0
derpp,ewc,estimated_overhead_flops,1872839281,42924483560.0
derpp,ewc,estimated_overhead_flops,637029796,42924483560.0
derpp,ewc,estimated_overhead_flops,1357204345,42924483560.0
derpp,ewc,estimated_overhead_flops,1758462037,42924483560.0
derpp,ewc,estimated_overhead_flops,748737880,42924483560.0
derpp,ewc,estimated_overhead_flops,1611510062,42924483560.0
derpp,ewc,estimated_overhead_flops,333205446,42924483560.0
derpp,ewc,estimated_overhead_flops,130501536,42924483560.0
derpp,ewc,estimated_overhead_flops,492612040,42924483560.0
derpp,ewc,replay_memory_bytes,2101606466,-24592000.0
derpp,ewc,replay_memory_bytes,1872839281,-24592000.0
derpp,ewc,replay_memory_bytes,637029796,-24592000.0
derpp,ewc,replay_memory_bytes,1357204345,-24592000.0
derpp,ewc,replay_memory_bytes,1758462037,-24592000.0
derpp,ewc,replay_memory_bytes,748737880,-24592000.0
derpp,ewc,replay_memory_bytes,1611510062,-24592000.0
derpp,ewc,replay_memory_bytes,333205446,-24592000.0
derpp,ewc,replay_memory_bytes,130501536,-24592000.0
derpp,ewc,replay_memory_bytes,492612040,-24592000.0
derpp,ewc,stored_logits_bytes,2101606466,-800000.0
derpp,ewc,stored_logits_bytes,1872839281,-800000.0
derpp,ewc,stored_logits_bytes,637029796,-800000.0
derpp,ewc,stored_logits_bytes,1357204345,-800000.0
derpp,ewc,stored_logits_bytes,1758462037,-800000.0
derpp,ewc,stored_logits_bytes,748737880,-800000.0
derpp,ewc,stored_logits_bytes,1611510062,-800000.0
derpp,ewc,stored_logits_bytes,333205446,-800000.0
derpp,ewc,stored_logits_bytes,130501536,-800000.0
derpp,ewc,stored_logits_bytes,492612040,-800000.0
derpp,si,final_average_accuracy,2101606466,-0.053000000000000005
derpp,si,final_average_accuracy,1872839281,-0.06630000000000001
derpp,si,final_average_accuracy,637029796,-0.055799999999999975
derpp,si,final_average_accuracy,1357204345,-0.05920000000000002
derpp,si,final_average_accuracy,1758462037,-0.05970000000000001
derpp,si,final_average_accuracy,748737880,-0.05470000000000002
derpp,si,final_average_accuracy,1611510062,-0.05849999999999999
derpp,si,final_average_accuracy,333205446,-0.06220000000000002
derpp,si,final_average_accuracy,130501536,-0.0626
derpp,si,final_average_accuracy,492612040,-0.05659999999999999
derpp,si,average_forgetting,2101606466,0.07999999999999996
derpp,si,average_forgetting,1872839281,0.08788888888888885
derpp,si,average_forgetting,637029796,0.06855555555555554
derpp,si,average_forgetting,1357204345,0.0888888888888889
derpp,si,average_forgetting,1758462037,0.08900000000000008
derpp,si,average_forgetting,748737880,0.0818888888888889
derpp,si,average_forgetting,1611510062,0.07666666666666677
derpp,si,average_forgetting,333205446,0.09333333333333338
derpp,si,average_forgetting,130501536,0.08511111111111108
derpp,si,average_forgetting,492612040,0.09055555555555556
derpp,si,backward_transfer,2101606466,-0.07999999999999996
derpp,si,backward_transfer,1872839281,-0.08788888888888885
derpp,si,backward_transfer,637029796,-0.06855555555555554
derpp,si,backward_transfer,1357204345,-0.0888888888888889
derpp,si,backward_transfer,1758462037,-0.08900000000000008
derpp,si,backward_transfer,748737880,-0.0818888888888889
derpp,si,backward_transfer,1611510062,-0.07666666666666677
derpp,si,backward_transfer,333205446,-0.09333333333333338
derpp,si,backward_transfer,130501536,-0.08511111111111108
derpp,si,backward_transfer,492612040,-0.09055555555555556
derpp,si,forward_transfer,2101606466,-0.0005555555555555557
derpp,si,forward_transfer,1872839281,-0.0003333333333333313
derpp,si,forward_transfer,637029796,-0.00022222222222222088
derpp,si,forward_transfer,1357204345,-0.0005555555555555557
derpp,si,forward_transfer,1758462037,0.0
derpp,si,forward_transfer,748737880,0.0001111111111111113
derpp,si,forward_transfer,1611510062,-0.0008888888888888904
derpp,si,forward_transfer,333205446,-0.0013333333333333357
derpp,si,forward_transfer,130501536,-0.0005555555555555557
derpp,si,forward_transfer,492612040,-0.0006666666666666661
derpp,si,task_aware_final_accuracy,2101606466,-0.17670000000000005
derpp,si,task_aware_final_accuracy,1872839281,-0.2111
derpp,si,task_aware_final_accuracy,637029796,-0.20099999999999998
derpp,si,task_aware_final_accuracy,1357204345,-0.1698
derpp,si,task_aware_final_accuracy,1758462037,-0.2115
derpp,si,task_aware_final_accuracy,748737880,-0.19120000000000006
derpp,si,task_aware_final_accuracy,1611510062,-0.1881
derpp,si,task_aware_final_accuracy,333205446,-0.1884
derpp,si,task_aware_final_accuracy,130501536,-0.18640000000000004
derpp,si,task_aware_final_accuracy,492612040,-0.18860000000000002
derpp,si,task_aware_forgetting,2101606466,0.19155555555555553
derpp,si,task_aware_forgetting,1872839281,0.2222222222222222
derpp,si,task_aware_forgetting,637029796,0.20444444444444443
derpp,si,task_aware_forgetting,1357204345,0.18477777777777776
derpp,si,task_aware_forgetting,1758462037,0.22955555555555554
derpp,si,task_aware_forgetting,748737880,0.20522222222222225
derpp,si,task_aware_forgetting,1611510062,0.19466666666666668
derpp,si,task_aware_forgetting,333205446,0.20277777777777783
derpp,si,task_aware_forgetting,130501536,0.19188888888888886
derpp,si,task_aware_forgetting,492612040,0.2063333333333333
derpp,si,classifier_gap,2101606466,-0.12370000000000003
derpp,si,classifier_gap,1872839281,-0.14479999999999998
derpp,si,classifier_gap,637029796,-0.1452
derpp,si,classifier_gap,1357204345,-0.1106
derpp,si,classifier_gap,1758462037,-0.1518
derpp,si,classifier_gap,748737880,-0.1365
derpp,si,classifier_gap,1611510062,-0.12959999999999997
derpp,si,classifier_gap,333205446,-0.12620000000000003
derpp,si,classifier_gap,130501536,-0.12380000000000002
derpp,si,classifier_gap,492612040,-0.132
derpp,si,elapsed_seconds,2101606466,23.355271287000505
derpp,si,elapsed_seconds,1872839281,24.63653237899416
derpp,si,elapsed_seconds,637029796,25.635911738005234
derpp,si,elapsed_seconds,1357204345,23.28852945897961
derpp,si,elapsed_seconds,1758462037,24.807208996004192
derpp,si,elapsed_seconds,748737880,25.31600981898373
derpp,si,elapsed_seconds,1611510062,24.141112298995722
derpp,si,elapsed_seconds,333205446,24.24891777097946
derpp,si,elapsed_seconds,130501536,23.712602775980486
derpp,si,elapsed_seconds,492612040,21.993600673013134
derpp,si,learner_examples_processed,2101606466,-184320.0
derpp,si,learner_examples_processed,1872839281,-184320.0
derpp,si,learner_examples_processed,637029796,-184320.0
derpp,si,learner_examples_processed,1357204345,-184320.0
derpp,si,learner_examples_processed,1758462037,-184320.0
derpp,si,learner_examples_processed,748737880,-184320.0
derpp,si,learner_examples_processed,1611510062,-184320.0
derpp,si,learner_examples_processed,333205446,-184320.0
derpp,si,learner_examples_processed,130501536,-184320.0
derpp,si,learner_examples_processed,492612040,-184320.0
derpp,si,total_model_examples_processed,2101606466,-184320.0
derpp,si,total_model_examples_processed,1872839281,-184320.0
derpp,si,total_model_examples_processed,637029796,-184320.0
derpp,si,total_model_examples_processed,1357204345,-184320.0
derpp,si,total_model_examples_processed,1758462037,-184320.0
derpp,si,total_model_examples_processed,748737880,-184320.0
derpp,si,total_model_examples_processed,1611510062,-184320.0
derpp,si,total_model_examples_processed,333205446,-184320.0
derpp,si,total_model_examples_processed,130501536,-184320.0
derpp,si,total_model_examples_processed,492612040,-184320.0
derpp,si,estimated_total_flops,2101606466,-4036591650400.0
derpp,si,estimated_total_flops,1872839281,-4036591650400.0
derpp,si,estimated_total_flops,637029796,-4036591650400.0
derpp,si,estimated_total_flops,1357204345,-4036591650400.0
derpp,si,estimated_total_flops,1758462037,-4036591650400.0
derpp,si,estimated_total_flops,748737880,-4036591650400.0
derpp,si,estimated_total_flops,1611510062,-4036591650400.0
derpp,si,estimated_total_flops,333205446,-4036591650400.0
derpp,si,estimated_total_flops,130501536,-4036591650400.0
derpp,si,estimated_total_flops,492612040,-4036591650400.0
derpp,si,estimated_overhead_flops,2101606466,78775548320.0
derpp,si,estimated_overhead_flops,1872839281,78775548320.0
derpp,si,estimated_overhead_flops,637029796,78775548320.0
derpp,si,estimated_overhead_flops,1357204345,78775548320.0
derpp,si,estimated_overhead_flops,1758462037,78775548320.0
derpp,si,estimated_overhead_flops,748737880,78775548320.0
derpp,si,estimated_overhead_flops,1611510062,78775548320.0
derpp,si,estimated_overhead_flops,333205446,78775548320.0
derpp,si,estimated_overhead_flops,130501536,78775548320.0
derpp,si,estimated_overhead_flops,492612040,78775548320.0
derpp,si,replay_memory_bytes,2101606466,-24592000.0
derpp,si,replay_memory_bytes,1872839281,-24592000.0
derpp,si,replay_memory_bytes,637029796,-24592000.0
derpp,si,replay_memory_bytes,1357204345,-24592000.0
derpp,si,replay_memory_bytes,1758462037,-24592000.0
derpp,si,replay_memory_bytes,748737880,-24592000.0
derpp,si,replay_memory_bytes,1611510062,-24592000.0
derpp,si,replay_memory_bytes,333205446,-24592000.0
derpp,si,replay_memory_bytes,130501536,-24592000.0
derpp,si,replay_memory_bytes,492612040,-24592000.0
derpp,si,stored_logits_bytes,2101606466,-800000.0
derpp,si,stored_logits_bytes,1872839281,-800000.0
derpp,si,stored_logits_bytes,637029796,-800000.0
derpp,si,stored_logits_bytes,1357204345,-800000.0
derpp,si,stored_logits_bytes,1758462037,-800000.0
derpp,si,stored_logits_bytes,748737880,-800000.0
derpp,si,stored_logits_bytes,1611510062,-800000.0
derpp,si,stored_logits_bytes,333205446,-800000.0
derpp,si,stored_logits_bytes,130501536,-800000.0
derpp,si,stored_logits_bytes,492612040,-800000.0
derpp,lwf_calibrated,final_average_accuracy,2101606466,-0.05739999999999999
derpp,lwf_calibrated,final_average_accuracy,1872839281,-0.0646
derpp,lwf_calibrated,final_average_accuracy,637029796,-0.05619999999999998
derpp,lwf_calibrated,final_average_accuracy,1357204345,-0.06150000000000001
derpp,lwf_calibrated,final_average_accuracy,1758462037,-0.061700000000000005
derpp,lwf_calibrated,final_average_accuracy,748737880,-0.059100000000000014
derpp,lwf_calibrated,final_average_accuracy,1611510062,-0.0575
derpp,lwf_calibrated,final_average_accuracy,333205446,-0.0636
derpp,lwf_calibrated,final_average_accuracy,130501536,-0.0643
derpp,lwf_calibrated,final_average_accuracy,492612040,-0.05709999999999999
derpp,lwf_calibrated,average_forgetting,2101606466,0.08711111111111114
derpp,lwf_calibrated,average_forgetting,1872839281,0.09166666666666673
derpp,lwf_calibrated,average_forgetting,637029796,0.07488888888888884
derpp,lwf_calibrated,average_forgetting,1357204345,0.08277777777777784
derpp,lwf_calibrated,average_forgetting,1758462037,0.08977777777777773
derpp,lwf_calibrated,average_forgetting,748737880,0.0865555555555555
derpp,lwf_calibrated,average_forgetting,1611510062,0.08488888888888901
derpp,lwf_calibrated,average_forgetting,333205446,0.10366666666666668
derpp,lwf_calibrated,average_forgetting,130501536,0.0917777777777779
derpp,lwf_calibrated,average_forgetting,492612040,0.09322222222222226
derpp,lwf_calibrated,backward_transfer,2101606466,-0.08711111111111114
derpp,lwf_calibrated,backward_transfer,1872839281,-0.09166666666666673
derpp,lwf_calibrated,backward_transfer,637029796,-0.07488888888888884
derpp,lwf_calibrated,backward_transfer,1357204345,-0.08277777777777784
derpp,lwf_calibrated,backward_transfer,1758462037,-0.08977777777777773
derpp,lwf_calibrated,backward_transfer,748737880,-0.0865555555555555
derpp,lwf_calibrated,backward_transfer,1611510062,-0.08488888888888901
derpp,lwf_calibrated,backward_transfer,333205446,-0.10366666666666668
derpp,lwf_calibrated,backward_transfer,130501536,-0.0917777777777779
derpp,lwf_calibrated,backward_transfer,492612040,-0.09322222222222226
derpp,lwf_calibrated,forward_transfer,2101606466,-0.0010000000000000009
derpp,lwf_calibrated,forward_transfer,1872839281,-0.0003333333333333313
derpp,lwf_calibrated,forward_transfer,637029796,-0.0004444444444444452
derpp,lwf_calibrated,forward_transfer,1357204345,-0.0006666666666666661
derpp,lwf_calibrated,forward_transfer,1758462037,0.0
derpp,lwf_calibrated,forward_transfer,748737880,0.0
derpp,lwf_calibrated,forward_transfer,1611510062,-0.0008888888888888904
derpp,lwf_calibrated,forward_transfer,333205446,-0.00155555555555556
derpp,lwf_calibrated,forward_transfer,130501536,-0.0005555555555555557
derpp,lwf_calibrated,forward_transfer,492612040,-0.0006666666666666661
derpp,lwf_calibrated,task_aware_final_accuracy,2101606466,-0.0005999999999999894
derpp,lwf_calibrated,task_aware_final_accuracy,1872839281,0.024900000000000033
derpp,lwf_calibrated,task_aware_final_accuracy,637029796,0.02200000000000002
derpp,lwf_calibrated,task_aware_final_accuracy,1357204345,0.010000000000000009
derpp,lwf_calibrated,task_aware_final_accuracy,1758462037,0.0131
derpp,lwf_calibrated,task_aware_final_accuracy,748737880,-0.00880000000000003
derpp,lwf_calibrated,task_aware_final_accuracy,1611510062,0.015000000000000013
derpp,lwf_calibrated,task_aware_final_accuracy,333205446,0.035100000000000076
derpp,lwf_calibrated,task_aware_final_accuracy,130501536,0.01200000000000001
derpp,lwf_calibrated,task_aware_final_accuracy,492612040,0.05219999999999997
derpp,lwf_calibrated,task_aware_forgetting,2101606466,-0.0018888888888888844
derpp,lwf_calibrated,task_aware_forgetting,1872839281,-0.03344444444444444
derpp,lwf_calibrated,task_aware_forgetting,637029796,-0.03533333333333333
derpp,lwf_calibrated,task_aware_forgetting,1357204345,-0.01944444444444446
derpp,lwf_calibrated,task_aware_forgetting,1758462037,-0.019999999999999962
derpp,lwf_calibrated,task_aware_forgetting,748737880,0.0034444444444444444
derpp,lwf_calibrated,task_aware_forgetting,1611510062,-0.019000000000000017
derpp,lwf_calibrated,task_aware_forgetting,333205446,-0.034555555555555534
derpp,lwf_calibrated,task_aware_forgetting,130501536,-0.019777777777777783
derpp,lwf_calibrated,task_aware_forgetting,492612040,-0.056999999999999995
derpp,lwf_calibrated,classifier_gap,2101606466,0.05680000000000002
derpp,lwf_calibrated,classifier_gap,1872839281,0.08950000000000008
derpp,lwf_calibrated,classifier_gap,637029796,0.07820000000000005
derpp,lwf_calibrated,classifier_gap,1357204345,0.07150000000000001
derpp,lwf_calibrated,classifier_gap,1758462037,0.07479999999999998
derpp,lwf_calibrated,classifier_gap,748737880,0.05030000000000001
derpp,lwf_calibrated,classifier_gap,1611510062,0.07250000000000006
derpp,lwf_calibrated,classifier_gap,333205446,0.09870000000000007
derpp,lwf_calibrated,classifier_gap,130501536,0.07630000000000003
derpp,lwf_calibrated,classifier_gap,492612040,0.10929999999999995
derpp,lwf_calibrated,elapsed_seconds,2101606466,-6.725940703996457
derpp,lwf_calibrated,elapsed_seconds,1872839281,-5.938339126994833
derpp,lwf_calibrated,elapsed_seconds,637029796,-4.93429155999911
derpp,lwf_calibrated,elapsed_seconds,1357204345,-6.639790961024119
derpp,lwf_calibrated,elapsed_seconds,1758462037,-6.4297283180058
derpp,lwf_calibrated,elapsed_seconds,748737880,-6.220831117010675
derpp,lwf_calibrated,elapsed_seconds,1611510062,-6.9525044549955055
derpp,lwf_calibrated,elapsed_seconds,333205446,-6.469453597004758
derpp,lwf_calibrated,elapsed_seconds,130501536,-6.6922182960261125
derpp,lwf_calibrated,elapsed_seconds,492612040,-8.186207604972878
derpp,lwf_calibrated,learner_examples_processed,2101606466,-184320.0
derpp,lwf_calibrated,learner_examples_processed,1872839281,-184320.0
derpp,lwf_calibrated,learner_examples_processed,637029796,-184320.0
derpp,lwf_calibrated,learner_examples_processed,1357204345,-184320.0
derpp,lwf_calibrated,learner_examples_processed,1758462037,-184320.0
derpp,lwf_calibrated,learner_examples_processed,748737880,-184320.0
derpp,lwf_calibrated,learner_examples_processed,1611510062,-184320.0
derpp,lwf_calibrated,learner_examples_processed,333205446,-184320.0
derpp,lwf_calibrated,learner_examples_processed,130501536,-184320.0
derpp,lwf_calibrated,learner_examples_processed,492612040,-184320.0
derpp,lwf_calibrated,total_model_examples_processed,2101606466,184320.0
derpp,lwf_calibrated,total_model_examples_processed,1872839281,184320.0
derpp,lwf_calibrated,total_model_examples_processed,637029796,184320.0
derpp,lwf_calibrated,total_model_examples_processed,1357204345,184320.0
derpp,lwf_calibrated,total_model_examples_processed,1758462037,184320.0
derpp,lwf_calibrated,total_model_examples_processed,748737880,184320.0
derpp,lwf_calibrated,total_model_examples_processed,1611510062,184320.0
derpp,lwf_calibrated,total_model_examples_processed,333205446,184320.0
derpp,lwf_calibrated,total_model_examples_processed,130501536,184320.0
derpp,lwf_calibrated,total_model_examples_processed,492612040,184320.0
derpp,lwf_calibrated,estimated_total_flops,2101606466,-1371789066240.0
derpp,lwf_calibrated,estimated_total_flops,1872839281,-1371789066240.0
derpp,lwf_calibrated,estimated_total_flops,637029796,-1371789066240.0
derpp,lwf_calibrated,estimated_total_flops,1357204345,-1371789066240.0
derpp,lwf_calibrated,estimated_total_flops,1758462037,-1371789066240.0
derpp,lwf_calibrated,estimated_total_flops,748737880,-1371789066240.0
derpp,lwf_calibrated,estimated_total_flops,1611510062,-1371789066240.0
derpp,lwf_calibrated,estimated_total_flops,333205446,-1371789066240.0
derpp,lwf_calibrated,estimated_total_flops,130501536,-1371789066240.0
derpp,lwf_calibrated,estimated_total_flops,492612040,-1371789066240.0
derpp,lwf_calibrated,estimated_overhead_flops,2101606466,0.0
derpp,lwf_calibrated,estimated_overhead_flops,1872839281,0.0
derpp,lwf_calibrated,estimated_overhead_flops,637029796,0.0
derpp,lwf_calibrated,estimated_overhead_flops,1357204345,0.0
derpp,lwf_calibrated,estimated_overhead_flops,1758462037,0.0
derpp,lwf_calibrated,estimated_overhead_flops,748737880,0.0
derpp,lwf_calibrated,estimated_overhead_flops,1611510062,0.0
derpp,lwf_calibrated,estimated_overhead_flops,333205446,0.0
derpp,lwf_calibrated,estimated_overhead_flops,130501536,0.0
derpp,lwf_calibrated,estimated_overhead_flops,492612040,0.0
derpp,lwf_calibrated,replay_memory_bytes,2101606466,-24592000.0
derpp,lwf_calibrated,replay_memory_bytes,1872839281,-24592000.0
derpp,lwf_calibrated,replay_memory_bytes,637029796,-24592000.0
derpp,lwf_calibrated,replay_memory_bytes,1357204345,-24592000.0
derpp,lwf_calibrated,replay_memory_bytes,1758462037,-24592000.0
derpp,lwf_calibrated,replay_memory_bytes,748737880,-24592000.0
derpp,lwf_calibrated,replay_memory_bytes,1611510062,-24592000.0
derpp,lwf_calibrated,replay_memory_bytes,333205446,-24592000.0
derpp,lwf_calibrated,replay_memory_bytes,130501536,-24592000.0
derpp,lwf_calibrated,replay_memory_bytes,492612040,-24592000.0
derpp,lwf_calibrated,stored_logits_bytes,2101606466,-800000.0
derpp,lwf_calibrated,stored_logits_bytes,1872839281,-800000.0
derpp,lwf_calibrated,stored_logits_bytes,637029796,-800000.0
derpp,lwf_calibrated,stored_logits_bytes,1357204345,-800000.0
derpp,lwf_calibrated,stored_logits_bytes,1758462037,-800000.0
derpp,lwf_calibrated,stored_logits_bytes,748737880,-800000.0
derpp,lwf_calibrated,stored_logits_bytes,1611510062,-800000.0
derpp,lwf_calibrated,stored_logits_bytes,333205446,-800000.0
derpp,lwf_calibrated,stored_logits_bytes,130501536,-800000.0
derpp,lwf_calibrated,stored_logits_bytes,492612040,-800000.0
derpp,replay_balanced,final_average_accuracy,2101606466,-0.0179
derpp,replay_balanced,final_average_accuracy,1872839281,-0.022900000000000018
derpp,replay_balanced,final_average_accuracy,637029796,-0.013399999999999981
derpp,replay_balanced,final_average_accuracy,1357204345,-0.02060000000000002
derpp,replay_balanced,final_average_accuracy,1758462037,-0.022900000000000018
derpp,replay_balanced,final_average_accuracy,748737880,-0.021400000000000016
derpp,replay_balanced,final_average_accuracy,1611510062,-0.0116
derpp,replay_balanced,final_average_accuracy,333205446,-0.023800000000000016
derpp,replay_balanced,final_average_accuracy,130501536,-0.020100000000000007
derpp,replay_balanced,final_average_accuracy,492612040,-0.019399999999999987
derpp,replay_balanced,average_forgetting,2101606466,0.027444444444444438
derpp,replay_balanced,average_forgetting,1872839281,0.03433333333333338
derpp,replay_balanced,average_forgetting,637029796,0.013111111111111073
derpp,replay_balanced,average_forgetting,1357204345,0.026000000000000134
derpp,replay_balanced,average_forgetting,1758462037,0.031222222222222207
derpp,replay_balanced,average_forgetting,748737880,0.02877777777777779
derpp,replay_balanced,average_forgetting,1611510062,0.016222222222222304
derpp,replay_balanced,average_forgetting,333205446,0.037111111111111095
derpp,replay_balanced,average_forgetting,130501536,0.029111111111111088
derpp,replay_balanced,average_forgetting,492612040,0.032555555555555615
derpp,replay_balanced,backward_transfer,2101606466,-0.027444444444444438
derpp,replay_balanced,backward_transfer,1872839281,-0.03433333333333338
derpp,replay_balanced,backward_transfer,637029796,-0.013111111111111073
derpp,replay_balanced,backward_transfer,1357204345,-0.026000000000000134
derpp,replay_balanced,backward_transfer,1758462037,-0.031222222222222207
derpp,replay_balanced,backward_transfer,748737880,-0.02877777777777779
derpp,replay_balanced,backward_transfer,1611510062,-0.016222222222222304
derpp,replay_balanced,backward_transfer,333205446,-0.037111111111111095
derpp,replay_balanced,backward_transfer,130501536,-0.029111111111111088
derpp,replay_balanced,backward_transfer,492612040,-0.032555555555555615
derpp,replay_balanced,forward_transfer,2101606466,-0.0008888888888888904
derpp,replay_balanced,forward_transfer,1872839281,-0.00022222222222222088
derpp,replay_balanced,forward_transfer,637029796,-0.0004444444444444452
derpp,replay_balanced,forward_transfer,1357204345,-0.0005555555555555557
derpp,replay_balanced,forward_transfer,1758462037,0.0
derpp,replay_balanced,forward_transfer,748737880,0.0
derpp,replay_balanced,forward_transfer,1611510062,-0.0008888888888888904
derpp,replay_balanced,forward_transfer,333205446,-0.0014444444444444461
derpp,replay_balanced,forward_transfer,130501536,-0.0005555555555555557
derpp,replay_balanced,forward_transfer,492612040,-0.0006666666666666661
derpp,replay_balanced,task_aware_final_accuracy,2101606466,0.016099999999999948
derpp,replay_balanced,task_aware_final_accuracy,1872839281,0.016699999999999993
derpp,replay_balanced,task_aware_final_accuracy,637029796,0.0020999999999999908
derpp,replay_balanced,task_aware_final_accuracy,1357204345,0.0039000000000000146
derpp,replay_balanced,task_aware_final_accuracy,1758462037,0.01090000000000002
derpp,replay_balanced,task_aware_final_accuracy,748737880,0.0010999999999999899
derpp,replay_balanced,task_aware_final_accuracy,1611510062,0.015099999999999947
derpp,replay_balanced,task_aware_final_accuracy,333205446,0.011999999999999955
derpp,replay_balanced,task_aware_final_accuracy,130501536,0.009099999999999997
derpp,replay_balanced,task_aware_final_accuracy,492612040,0.0257
derpp,replay_balanced,task_aware_forgetting,2101606466,-0.016555555555555546
derpp,replay_balanced,task_aware_forgetting,1872839281,-0.017333333333333395
derpp,replay_balanced,task_aware_forgetting,637029796,-0.010555555555555568
derpp,replay_balanced,task_aware_forgetting,1357204345,-0.007777777777777772
derpp,replay_balanced,task_aware_forgetting,1758462037,-0.01622222222222222
derpp,replay_balanced,task_aware_forgetting,748737880,-0.0018888888888888844
derpp,replay_balanced,task_aware_forgetting,1611510062,-0.02055555555555555
derpp,replay_balanced,task_aware_forgetting,333205446,-0.0154444444444444
derpp,replay_balanced,task_aware_forgetting,130501536,-0.015444444444444455
derpp,replay_balanced,task_aware_forgetting,492612040,-0.02688888888888888
derpp,replay_balanced,classifier_gap,2101606466,0.033999999999999975
derpp,replay_balanced,classifier_gap,1872839281,0.039600000000000024
derpp,replay_balanced,classifier_gap,637029796,0.015500000000000014
derpp,replay_balanced,classifier_gap,1357204345,0.024500000000000022
derpp,replay_balanced,classifier_gap,1758462037,0.0338
derpp,replay_balanced,classifier_gap,748737880,0.02250000000000002
derpp,replay_balanced,classifier_gap,1611510062,0.026699999999999946
derpp,replay_balanced,classifier_gap,333205446,0.03579999999999994
derpp,replay_balanced,classifier_gap,130501536,0.029200000000000004
derpp,replay_balanced,classifier_gap,492612040,0.04510000000000003
derpp,replay_balanced,elapsed_seconds,2101606466,-0.2700516500044614
derpp,replay_balanced,elapsed_seconds,1872839281,0.17786997702205554
derpp,replay_balanced,elapsed_seconds,637029796,1.3157030880101956
derpp,replay_balanced,elapsed_seconds,1357204345,-0.3449339840153698
derpp,replay_balanced,elapsed_seconds,1758462037,-0.23241056999540888
derpp,replay_balanced,elapsed_seconds,748737880,-0.6272203410044312
derpp,replay_balanced,elapsed_seconds,1611510062,-0.8362525959964842
derpp,replay_balanced,elapsed_seconds,333205446,-0.3128264789993409
derpp,replay_balanced,elapsed_seconds,130501536,-0.5196768360037822
derpp,replay_balanced,elapsed_seconds,492612040,-2.568804788956186
derpp,replay_balanced,learner_examples_processed,2101606466,0.0
derpp,replay_balanced,learner_examples_processed,1872839281,0.0
derpp,replay_balanced,learner_examples_processed,637029796,0.0
derpp,replay_balanced,learner_examples_processed,1357204345,0.0
derpp,replay_balanced,learner_examples_processed,1758462037,0.0
derpp,replay_balanced,learner_examples_processed,748737880,0.0
derpp,replay_balanced,learner_examples_processed,1611510062,0.0
derpp,replay_balanced,learner_examples_processed,333205446,0.0
derpp,replay_balanced,learner_examples_processed,130501536,0.0
derpp,replay_balanced,learner_examples_processed,492612040,0.0
derpp,replay_balanced,total_model_examples_processed,2101606466,0.0
derpp,replay_balanced,total_model_examples_processed,1872839281,0.0
derpp,replay_balanced,total_model_examples_processed,637029796,0.0
derpp,replay_balanced,total_model_examples_processed,1357204345,0.0
derpp,replay_balanced,total_model_examples_processed,1758462037,0.0
derpp,replay_balanced,total_model_examples_processed,748737880,0.0
derpp,replay_balanced,total_model_examples_processed,1611510062,0.0
derpp,replay_balanced,total_model_examples_processed,333205446,0.0
derpp,replay_balanced,total_model_examples_processed,130501536,0.0
derpp,replay_balanced,total_model_examples_processed,492612040,0.0
derpp,replay_balanced,estimated_total_flops,2101606466,0.0
derpp,replay_balanced,estimated_total_flops,1872839281,0.0
derpp,replay_balanced,estimated_total_flops,637029796,0.0
derpp,replay_balanced,estimated_total_flops,1357204345,0.0
derpp,replay_balanced,estimated_total_flops,1758462037,0.0
derpp,replay_balanced,estimated_total_flops,748737880,0.0
derpp,replay_balanced,estimated_total_flops,1611510062,0.0
derpp,replay_balanced,estimated_total_flops,333205446,0.0
derpp,replay_balanced,estimated_total_flops,130501536,0.0
derpp,replay_balanced,estimated_total_flops,492612040,0.0
derpp,replay_balanced,estimated_overhead_flops,2101606466,0.0
derpp,replay_balanced,estimated_overhead_flops,1872839281,0.0
derpp,replay_balanced,estimated_overhead_flops,637029796,0.0
derpp,replay_balanced,estimated_overhead_flops,1357204345,0.0
derpp,replay_balanced,estimated_overhead_flops,1758462037,0.0
derpp,replay_balanced,estimated_overhead_flops,748737880,0.0
derpp,replay_balanced,estimated_overhead_flops,1611510062,0.0
derpp,replay_balanced,estimated_overhead_flops,333205446,0.0
derpp,replay_balanced,estimated_overhead_flops,130501536,0.0
derpp,replay_balanced,estimated_overhead_flops,492612040,0.0
derpp,replay_balanced,replay_memory_bytes,2101606466,0.0
derpp,replay_balanced,replay_memory_bytes,1872839281,0.0
derpp,replay_balanced,replay_memory_bytes,637029796,0.0
derpp,replay_balanced,replay_memory_bytes,1357204345,0.0
derpp,replay_balanced,replay_memory_bytes,1758462037,0.0
derpp,replay_balanced,replay_memory_bytes,748737880,0.0
derpp,replay_balanced,replay_memory_bytes,1611510062,0.0
derpp,replay_balanced,replay_memory_bytes,333205446,0.0
derpp,replay_balanced,replay_memory_bytes,130501536,0.0
derpp,replay_balanced,replay_memory_bytes,492612040,0.0
derpp,replay_balanced,stored_logits_bytes,2101606466,-800000.0
derpp,replay_balanced,stored_logits_bytes,1872839281,-800000.0
derpp,replay_balanced,stored_logits_bytes,637029796,-800000.0
derpp,replay_balanced,stored_logits_bytes,1357204345,-800000.0
derpp,replay_balanced,stored_logits_bytes,1758462037,-800000.0
derpp,replay_balanced,stored_logits_bytes,748737880,-800000.0
derpp,replay_balanced,stored_logits_bytes,1611510062,-800000.0
derpp,replay_balanced,stored_logits_bytes,333205446,-800000.0
derpp,replay_balanced,stored_logits_bytes,130501536,-800000.0
derpp,replay_balanced,stored_logits_bytes,492612040,-800000.0
derpp,replay_more_epochs,final_average_accuracy,2101606466,-0.0218
derpp,replay_more_epochs,final_average_accuracy,1872839281,-0.022700000000000012
derpp,replay_more_epochs,final_average_accuracy,637029796,-0.022599999999999967
derpp,replay_more_epochs,final_average_accuracy,1357204345,-0.027900000000000022
derpp,replay_more_epochs,final_average_accuracy,1758462037,-0.024700000000000014
derpp,replay_more_epochs,final_average_accuracy,748737880,-0.02300000000000002
derpp,replay_more_epochs,final_average_accuracy,1611510062,-0.02389999999999999
derpp,replay_more_epochs,final_average_accuracy,333205446,-0.03160000000000002
derpp,replay_more_epochs,final_average_accuracy,130501536,-0.031
derpp,replay_more_epochs,final_average_accuracy,492612040,-0.02769999999999999
derpp,replay_more_epochs,average_forgetting,2101606466,0.017666666666666664
derpp,replay_more_epochs,average_forgetting,1872839281,0.01899999999999996
derpp,replay_more_epochs,average_forgetting,637029796,0.012333333333333307
derpp,replay_more_epochs,average_forgetting,1357204345,0.02566666666666667
derpp,replay_more_epochs,average_forgetting,1758462037,0.01899999999999996
derpp,replay_more_epochs,average_forgetting,748737880,0.014111111111111074
derpp,replay_more_epochs,average_forgetting,1611510062,0.022111111111111192
derpp,replay_more_epochs,average_forgetting,333205446,0.024999999999999967
derpp,replay_more_epochs,average_forgetting,130501536,0.025777777777777733
derpp,replay_more_epochs,average_forgetting,492612040,0.038777777777777855
derpp,replay_more_epochs,backward_transfer,2101606466,-0.017666666666666664
derpp,replay_more_epochs,backward_transfer,1872839281,-0.01899999999999996
derpp,replay_more_epochs,backward_transfer,637029796,-0.012333333333333307
derpp,replay_more_epochs,backward_transfer,1357204345,-0.02566666666666667
derpp,replay_more_epochs,backward_transfer,1758462037,-0.01899999999999996
derpp,replay_more_epochs,backward_transfer,748737880,-0.014111111111111074
derpp,replay_more_epochs,backward_transfer,1611510062,-0.022111111111111192
derpp,replay_more_epochs,backward_transfer,333205446,-0.024999999999999967
derpp,replay_more_epochs,backward_transfer,130501536,-0.025777777777777733
derpp,replay_more_epochs,backward_transfer,492612040,-0.038777777777777855
derpp,replay_more_epochs,forward_transfer,2101606466,-0.00022222222222222435
derpp,replay_more_epochs,forward_transfer,1872839281,0.0006666666666666696
derpp,replay_more_epochs,forward_transfer,637029796,0.0003333333333333348
derpp,replay_more_epochs,forward_transfer,1357204345,0.00011111111111111391
derpp,replay_more_epochs,forward_transfer,1758462037,0.0005555555555555557
derpp,replay_more_epochs,forward_transfer,748737880,-0.00011111111111111044
derpp,replay_more_epochs,forward_transfer,1611510062,-0.00022222222222222088
derpp,replay_more_epochs,forward_transfer,333205446,-0.0008888888888888904
derpp,replay_more_epochs,forward_transfer,130501536,0.0010000000000000009
derpp,replay_more_epochs,forward_transfer,492612040,-0.00011111111111111044
derpp,replay_more_epochs,task_aware_final_accuracy,2101606466,-0.01419999999999999
derpp,replay_more_epochs,task_aware_final_accuracy,1872839281,-0.010699999999999987
derpp,replay_more_epochs,task_aware_final_accuracy,637029796,-0.022799999999999987
derpp,replay_more_epochs,task_aware_final_accuracy,1357204345,-0.030299999999999994
derpp,replay_more_epochs,task_aware_final_accuracy,1758462037,-0.013399999999999967
derpp,replay_more_epochs,task_aware_final_accuracy,748737880,-0.016500000000000015
derpp,replay_more_epochs,task_aware_final_accuracy,1611510062,-0.017299999999999982
derpp,replay_more_epochs,task_aware_final_accuracy,333205446,-0.023199999999999943
derpp,replay_more_epochs,task_aware_final_accuracy,130501536,-0.02629999999999999
derpp,replay_more_epochs,task_aware_final_accuracy,492612040,-0.009899999999999964
derpp,replay_more_epochs,task_aware_forgetting,2101606466,0.00477777777777777
derpp,replay_more_epochs,task_aware_forgetting,1872839281,-0.0007777777777777661
derpp,replay_more_epochs,task_aware_forgetting,637029796,0.009333333333333332
derpp,replay_more_epochs,task_aware_forgetting,1357204345,0.02122222222222217
derpp,replay_more_epochs,task_aware_forgetting,1758462037,0.0008888888888888835
derpp,replay_more_epochs,task_aware_forgetting,748737880,0.0034444444444445
derpp,replay_more_epochs,task_aware_forgetting,1611510062,0.008444444444444449
derpp,replay_more_epochs,task_aware_forgetting,333205446,0.007444444444444448
derpp,replay_more_epochs,task_aware_forgetting,130501536,0.009000000000000008
derpp,replay_more_epochs,task_aware_forgetting,492612040,0.008777777777777801
derpp,replay_more_epochs,classifier_gap,2101606466,0.007599999999999996
derpp,replay_more_epochs,classifier_gap,1872839281,0.012000000000000066
derpp,replay_more_epochs,classifier_gap,637029796,-0.00019999999999997797
derpp,replay_more_epochs,classifier_gap,1357204345,-0.0024000000000000132
derpp,replay_more_epochs,classifier_gap,1758462037,0.011300000000000032
derpp,replay_more_epochs,classifier_gap,748737880,0.006500000000000061
derpp,replay_more_epochs,classifier_gap,1611510062,0.00660000000000005
derpp,replay_more_epochs,classifier_gap,333205446,0.008400000000000074
derpp,replay_more_epochs,classifier_gap,130501536,0.004699999999999982
derpp,replay_more_epochs,classifier_gap,492612040,0.017800000000000038
derpp,replay_more_epochs,elapsed_seconds,2101606466,57.167902140005026
derpp,replay_more_epochs,elapsed_seconds,1872839281,55.8605675130093
derpp,replay_more_epochs,elapsed_seconds,637029796,57.882842291001
derpp,replay_more_epochs,elapsed_seconds,1357204345,53.772611396969296
derpp,replay_more_epochs,elapsed_seconds,1758462037,56.33555238699773
derpp,replay_more_epochs,elapsed_seconds,748737880,54.74898197199218
derpp,replay_more_epochs,elapsed_seconds,1611510062,55.54253671801416
derpp,replay_more_epochs,elapsed_seconds,333205446,55.47816011199029
derpp,replay_more_epochs,elapsed_seconds,130501536,56.255201525986195
derpp,replay_more_epochs,elapsed_seconds,492612040,53.943911451031454
derpp,replay_more_epochs,learner_examples_processed,2101606466,593920.0
derpp,replay_more_epochs,learner_examples_processed,1872839281,593920.0
derpp,replay_more_epochs,learner_examples_processed,637029796,593920.0
derpp,replay_more_epochs,learner_examples_processed,1357204345,593920.0
derpp,replay_more_epochs,learner_examples_processed,1758462037,593920.0
derpp,replay_more_epochs,learner_examples_processed,748737880,593920.0
derpp,replay_more_epochs,learner_examples_processed,1611510062,593920.0
derpp,replay_more_epochs,learner_examples_processed,333205446,593920.0
derpp,replay_more_epochs,learner_examples_processed,130501536,593920.0
derpp,replay_more_epochs,learner_examples_processed,492612040,593920.0
derpp,replay_more_epochs,total_model_examples_processed,2101606466,593920.0
derpp,replay_more_epochs,total_model_examples_processed,1872839281,593920.0
derpp,replay_more_epochs,total_model_examples_processed,637029796,593920.0
derpp,replay_more_epochs,total_model_examples_processed,1357204345,593920.0
derpp,replay_more_epochs,total_model_examples_processed,1758462037,593920.0
derpp,replay_more_epochs,total_model_examples_processed,748737880,593920.0
derpp,replay_more_epochs,total_model_examples_processed,1611510062,593920.0
derpp,replay_more_epochs,total_model_examples_processed,333205446,593920.0
derpp,replay_more_epochs,total_model_examples_processed,130501536,593920.0
derpp,replay_more_epochs,total_model_examples_processed,492612040,593920.0
derpp,replay_more_epochs,estimated_total_flops,2101606466,13260627640320.0
derpp,replay_more_epochs,estimated_total_flops,1872839281,13260627640320.0
derpp,replay_more_epochs,estimated_total_flops,637029796,13260627640320.0
derpp,replay_more_epochs,estimated_total_flops,1357204345,13260627640320.0
derpp,replay_more_epochs,estimated_total_flops,1758462037,13260627640320.0
derpp,replay_more_epochs,estimated_total_flops,748737880,13260627640320.0
derpp,replay_more_epochs,estimated_total_flops,1611510062,13260627640320.0
derpp,replay_more_epochs,estimated_total_flops,333205446,13260627640320.0
derpp,replay_more_epochs,estimated_total_flops,130501536,13260627640320.0
derpp,replay_more_epochs,estimated_total_flops,492612040,13260627640320.0
derpp,replay_more_epochs,estimated_overhead_flops,2101606466,0.0
derpp,replay_more_epochs,estimated_overhead_flops,1872839281,0.0
derpp,replay_more_epochs,estimated_overhead_flops,637029796,0.0
derpp,replay_more_epochs,estimated_overhead_flops,1357204345,0.0
derpp,replay_more_epochs,estimated_overhead_flops,1758462037,0.0
derpp,replay_more_epochs,estimated_overhead_flops,748737880,0.0
derpp,replay_more_epochs,estimated_overhead_flops,1611510062,0.0
derpp,replay_more_epochs,estimated_overhead_flops,333205446,0.0
derpp,replay_more_epochs,estimated_overhead_flops,130501536,0.0
derpp,replay_more_epochs,estimated_overhead_flops,492612040,0.0
derpp,replay_more_epochs,replay_memory_bytes,2101606466,0.0
derpp,replay_more_epochs,replay_memory_bytes,1872839281,0.0
derpp,replay_more_epochs,replay_memory_bytes,637029796,0.0
derpp,replay_more_epochs,replay_memory_bytes,1357204345,0.0
derpp,replay_more_epochs,replay_memory_bytes,1758462037,0.0
derpp,replay_more_epochs,replay_memory_bytes,748737880,0.0
derpp,replay_more_epochs,replay_memory_bytes,1611510062,0.0
derpp,replay_more_epochs,replay_memory_bytes,333205446,0.0
derpp,replay_more_epochs,replay_memory_bytes,130501536,0.0
derpp,replay_more_epochs,replay_memory_bytes,492612040,0.0
derpp,replay_more_epochs,stored_logits_bytes,2101606466,-800000.0
derpp,replay_more_epochs,stored_logits_bytes,1872839281,-800000.0
derpp,replay_more_epochs,stored_logits_bytes,637029796,-800000.0
derpp,replay_more_epochs,stored_logits_bytes,1357204345,-800000.0
derpp,replay_more_epochs,stored_logits_bytes,1758462037,-800000.0
derpp,replay_more_epochs,stored_logits_bytes,748737880,-800000.0
derpp,replay_more_epochs,stored_logits_bytes,1611510062,-800000.0
derpp,replay_more_epochs,stored_logits_bytes,333205446,-800000.0
derpp,replay_more_epochs,stored_logits_bytes,130501536,-800000.0
derpp,replay_more_epochs,stored_logits_bytes,492612040,-800000.0
derpp,slowheat_replay_hidden_beta_30_budget_0.25,final_average_accuracy,2101606466,-0.013300000000000006
derpp,slowheat_replay_hidden_beta_30_budget_0.25,final_average_accuracy,1872839281,-0.024000000000000007
derpp,slowheat_replay_hidden_beta_30_budget_0.25,final_average_accuracy,637029796,-0.014999999999999972
derpp,slowheat_replay_hidden_beta_30_budget_0.25,final_average_accuracy,1357204345,-0.016900000000000012
derpp,slowheat_replay_hidden_beta_30_budget_0.25,final_average_accuracy,1758462037,-0.013599999999999987
derpp,slowheat_replay_hidden_beta_30_budget_0.25,final_average_accuracy,748737880,-0.011900000000000008
derpp,slowheat_replay_hidden_beta_30_budget_0.25,final_average_accuracy,1611510062,-0.011099999999999999
derpp,slowheat_replay_hidden_beta_30_budget_0.25,final_average_accuracy,333205446,-0.019400000000000014
derpp,slowheat_replay_hidden_beta_30_budget_0.25,final_average_accuracy,130501536,-0.0208
derpp,slowheat_replay_hidden_beta_30_budget_0.25,final_average_accuracy,492612040,-0.013899999999999996
derpp,slowheat_replay_hidden_beta_30_budget_0.25,average_forgetting,2101606466,0.024333333333333262
derpp,slowheat_replay_hidden_beta_30_budget_0.25,average_forgetting,1872839281,0.03722222222222227
derpp,slowheat_replay_hidden_beta_30_budget_0.25,average_forgetting,637029796,0.02111111111111108
derpp,slowheat_replay_hidden_beta_30_budget_0.25,average_forgetting,1357204345,0.03400000000000003
derpp,slowheat_replay_hidden_beta_30_budget_0.25,average_forgetting,1758462037,0.026333333333333375
derpp,slowheat_replay_hidden_beta_30_budget_0.25,average_forgetting,748737880,0.034333333333333216
derpp,slowheat_replay_hidden_beta_30_budget_0.25,average_forgetting,1611510062,0.027444444444444493
derpp,slowheat_replay_hidden_beta_30_budget_0.25,average_forgetting,333205446,0.043000000000000094
derpp,slowheat_replay_hidden_beta_30_budget_0.25,average_forgetting,130501536,0.04899999999999988
derpp,slowheat_replay_hidden_beta_30_budget_0.25,average_forgetting,492612040,0.03400000000000003
derpp,slowheat_replay_hidden_beta_30_budget_0.25,backward_transfer,2101606466,-0.024333333333333262
derpp,slowheat_replay_hidden_beta_30_budget_0.25,backward_transfer,1872839281,-0.03722222222222227
derpp,slowheat_replay_hidden_beta_30_budget_0.25,backward_transfer,637029796,-0.02111111111111108
derpp,slowheat_replay_hidden_beta_30_budget_0.25,backward_transfer,1357204345,-0.03400000000000003
derpp,slowheat_replay_hidden_beta_30_budget_0.25,backward_transfer,1758462037,-0.026333333333333375
derpp,slowheat_replay_hidden_beta_30_budget_0.25,backward_transfer,748737880,-0.034333333333333216
derpp,slowheat_replay_hidden_beta_30_budget_0.25,backward_transfer,1611510062,-0.027444444444444493
derpp,slowheat_replay_hidden_beta_30_budget_0.25,backward_transfer,333205446,-0.043000000000000094
derpp,slowheat_replay_hidden_beta_30_budget_0.25,backward_transfer,130501536,-0.04899999999999988
derpp,slowheat_replay_hidden_beta_30_budget_0.25,backward_transfer,492612040,-0.03400000000000003
derpp,slowheat_replay_hidden_beta_30_budget_0.25,forward_transfer,2101606466,-0.0011111111111111113
derpp,slowheat_replay_hidden_beta_30_budget_0.25,forward_transfer,1872839281,-0.0005555555555555557
derpp,slowheat_replay_hidden_beta_30_budget_0.25,forward_transfer,637029796,-0.00022222222222222088
derpp,slowheat_replay_hidden_beta_30_budget_0.25,forward_transfer,1357204345,-0.0004444444444444452
derpp,slowheat_replay_hidden_beta_30_budget_0.25,forward_transfer,1758462037,0.00011111111111111044
derpp,slowheat_replay_hidden_beta_30_budget_0.25,forward_transfer,748737880,-0.00022222222222222174
derpp,slowheat_replay_hidden_beta_30_budget_0.25,forward_transfer,1611510062,-0.0005555555555555557
derpp,slowheat_replay_hidden_beta_30_budget_0.25,forward_transfer,333205446,-0.001777777777777781
derpp,slowheat_replay_hidden_beta_30_budget_0.25,forward_transfer,130501536,-0.0003333333333333348
derpp,slowheat_replay_hidden_beta_30_budget_0.25,forward_transfer,492612040,-0.0007777777777777765
derpp,slowheat_replay_hidden_beta_30_budget_0.25,task_aware_final_accuracy,2101606466,0.04169999999999996
derpp,slowheat_replay_hidden_beta_30_budget_0.25,task_aware_final_accuracy,1872839281,0.04199999999999998
derpp,slowheat_replay_hidden_beta_30_budget_0.25,task_aware_final_accuracy,637029796,0.041099999999999914
derpp,slowheat_replay_hidden_beta_30_budget_0.25,task_aware_final_accuracy,1357204345,0.03610000000000002
derpp,slowheat_replay_hidden_beta_30_budget_0.25,task_aware_final_accuracy,1758462037,0.048299999999999954
derpp,slowheat_replay_hidden_beta_30_budget_0.25,task_aware_final_accuracy,748737880,0.04079999999999995
derpp,slowheat_replay_hidden_beta_30_budget_0.25,task_aware_final_accuracy,1611510062,0.05440000000000006
derpp,slowheat_replay_hidden_beta_30_budget_0.25,task_aware_final_accuracy,333205446,0.03789999999999999
derpp,slowheat_replay_hidden_beta_30_budget_0.25,task_aware_final_accuracy,130501536,0.03809999999999991
derpp,slowheat_replay_hidden_beta_30_budget_0.25,task_aware_final_accuracy,492612040,0.0509
derpp,slowheat_replay_hidden_beta_30_budget_0.25,task_aware_forgetting,2101606466,-0.050222222222222224
derpp,slowheat_replay_hidden_beta_30_budget_0.25,task_aware_forgetting,1872839281,-0.04811111111111113
derpp,slowheat_replay_hidden_beta_30_budget_0.25,task_aware_forgetting,637029796,-0.052444444444444446
derpp,slowheat_replay_hidden_beta_30_budget_0.25,task_aware_forgetting,1357204345,-0.03722222222222224
derpp,slowheat_replay_hidden_beta_30_budget_0.25,task_aware_forgetting,1758462037,-0.05344444444444446
derpp,slowheat_replay_hidden_beta_30_budget_0.25,task_aware_forgetting,748737880,-0.03888888888888892
derpp,slowheat_replay_hidden_beta_30_budget_0.25,task_aware_forgetting,1611510062,-0.057333333333333375
derpp,slowheat_replay_hidden_beta_30_budget_0.25,task_aware_forgetting,333205446,-0.03744444444444442
derpp,slowheat_replay_hidden_beta_30_budget_0.25,task_aware_forgetting,130501536,-0.033222222222222264
derpp,slowheat_replay_hidden_beta_30_budget_0.25,task_aware_forgetting,492612040,-0.05477777777777776
derpp,slowheat_replay_hidden_beta_30_budget_0.25,classifier_gap,2101606466,0.05499999999999999
derpp,slowheat_replay_hidden_beta_30_budget_0.25,classifier_gap,1872839281,0.066
derpp,slowheat_replay_hidden_beta_30_budget_0.25,classifier_gap,637029796,0.05609999999999993
derpp,slowheat_replay_hidden_beta_30_budget_0.25,classifier_gap,1357204345,0.05299999999999999
derpp,slowheat_replay_hidden_beta_30_budget_0.25,classifier_gap,1758462037,0.0618999999999999
derpp,slowheat_replay_hidden_beta_30_budget_0.25,classifier_gap,748737880,0.05269999999999997
derpp,slowheat_replay_hidden_beta_30_budget_0.25,classifier_gap,1611510062,0.06550000000000011
derpp,slowheat_replay_hidden_beta_30_budget_0.25,classifier_gap,333205446,0.05729999999999996
derpp,slowheat_replay_hidden_beta_30_budget_0.25,classifier_gap,130501536,0.0588999999999999
derpp,slowheat_replay_hidden_beta_30_budget_0.25,classifier_gap,492612040,0.06480000000000002
derpp,slowheat_replay_hidden_beta_30_budget_0.25,elapsed_seconds,2101606466,76.15410841899575
derpp,slowheat_replay_hidden_beta_30_budget_0.25,elapsed_seconds,1872839281,49.35752578402753
derpp,slowheat_replay_hidden_beta_30_budget_0.25,elapsed_seconds,637029796,47.50343161800993
derpp,slowheat_replay_hidden_beta_30_budget_0.25,elapsed_seconds,1357204345,47.216477637965
derpp,slowheat_replay_hidden_beta_30_budget_0.25,elapsed_seconds,1758462037,62.39816504000919
derpp,slowheat_replay_hidden_beta_30_budget_0.25,elapsed_seconds,748737880,44.48592229397036
derpp,slowheat_replay_hidden_beta_30_budget_0.25,elapsed_seconds,1611510062,49.05669466900872
derpp,slowheat_replay_hidden_beta_30_budget_0.25,elapsed_seconds,333205446,44.66986648598686
derpp,slowheat_replay_hidden_beta_30_budget_0.25,elapsed_seconds,130501536,52.320271004980896
derpp,slowheat_replay_hidden_beta_30_budget_0.25,elapsed_seconds,492612040,42.94407454301836
derpp,slowheat_replay_hidden_beta_30_budget_0.25,learner_examples_processed,2101606466,0.0
derpp,slowheat_replay_hidden_beta_30_budget_0.25,learner_examples_processed,1872839281,0.0
derpp,slowheat_replay_hidden_beta_30_budget_0.25,learner_examples_processed,637029796,0.0
derpp,slowheat_replay_hidden_beta_30_budget_0.25,learner_examples_processed,1357204345,0.0
derpp,slowheat_replay_hidden_beta_30_budget_0.25,learner_examples_processed,1758462037,0.0
derpp,slowheat_replay_hidden_beta_30_budget_0.25,learner_examples_processed,748737880,0.0
derpp,slowheat_replay_hidden_beta_30_budget_0.25,learner_examples_processed,1611510062,0.0
derpp,slowheat_replay_hidden_beta_30_budget_0.25,learner_examples_processed,333205446,0.0
derpp,slowheat_replay_hidden_beta_30_budget_0.25,learner_examples_processed,130501536,0.0
derpp,slowheat_replay_hidden_beta_30_budget_0.25,learner_examples_processed,492612040,0.0
derpp,slowheat_replay_hidden_beta_30_budget_0.25,total_model_examples_processed,2101606466,0.0
derpp,slowheat_replay_hidden_beta_30_budget_0.25,total_model_examples_processed,1872839281,0.0
derpp,slowheat_replay_hidden_beta_30_budget_0.25,total_model_examples_processed,637029796,0.0
derpp,slowheat_replay_hidden_beta_30_budget_0.25,total_model_examples_processed,1357204345,0.0
derpp,slowheat_replay_hidden_beta_30_budget_0.25,total_model_examples_processed,1758462037,0.0
derpp,slowheat_replay_hidden_beta_30_budget_0.25,total_model_examples_processed,748737880,0.0
derpp,slowheat_replay_hidden_beta_30_budget_0.25,total_model_examples_processed,1611510062,0.0
derpp,slowheat_replay_hidden_beta_30_budget_0.25,total_model_examples_processed,333205446,0.0
derpp,slowheat_replay_hidden_beta_30_budget_0.25,total_model_examples_processed,130501536,0.0
derpp,slowheat_replay_hidden_beta_30_budget_0.25,total_model_examples_processed,492612040,0.0
derpp,slowheat_replay_hidden_beta_30_budget_0.25,estimated_total_flops,2101606466,15398159360.0
derpp,slowheat_replay_hidden_beta_30_budget_0.25,estimated_total_flops,1872839281,15398159360.0
derpp,slowheat_replay_hidden_beta_30_budget_0.25,estimated_total_flops,637029796,15398159360.0
derpp,slowheat_replay_hidden_beta_30_budget_0.25,estimated_total_flops,1357204345,15398159360.0
derpp,slowheat_replay_hidden_beta_30_budget_0.25,estimated_total_flops,1758462037,15398159360.0
derpp,slowheat_replay_hidden_beta_30_budget_0.25,estimated_total_flops,748737880,15398159360.0
derpp,slowheat_replay_hidden_beta_30_budget_0.25,estimated_total_flops,1611510062,15398159360.0
derpp,slowheat_replay_hidden_beta_30_budget_0.25,estimated_total_flops,333205446,15398159360.0
derpp,slowheat_replay_hidden_beta_30_budget_0.25,estimated_total_flops,130501536,15398159360.0
derpp,slowheat_replay_hidden_beta_30_budget_0.25,estimated_total_flops,492612040,15398159360.0
derpp,slowheat_replay_hidden_beta_30_budget_0.25,estimated_overhead_flops,2101606466,15398159360.0
derpp,slowheat_replay_hidden_beta_30_budget_0.25,estimated_overhead_flops,1872839281,15398159360.0
derpp,slowheat_replay_hidden_beta_30_budget_0.25,estimated_overhead_flops,637029796,15398159360.0
derpp,slowheat_replay_hidden_beta_30_budget_0.25,estimated_overhead_flops,1357204345,15398159360.0
derpp,slowheat_replay_hidden_beta_30_budget_0.25,estimated_overhead_flops,1758462037,15398159360.0
derpp,slowheat_replay_hidden_beta_30_budget_0.25,estimated_overhead_flops,748737880,15398159360.0
derpp,slowheat_replay_hidden_beta_30_budget_0.25,estimated_overhead_flops,1611510062,15398159360.0
derpp,slowheat_replay_hidden_beta_30_budget_0.25,estimated_overhead_flops,333205446,15398159360.0
derpp,slowheat_replay_hidden_beta_30_budget_0.25,estimated_overhead_flops,130501536,15398159360.0
derpp,slowheat_replay_hidden_beta_30_budget_0.25,estimated_overhead_flops,492612040,15398159360.0
derpp,slowheat_replay_hidden_beta_30_budget_0.25,replay_memory_bytes,2101606466,0.0
derpp,slowheat_replay_hidden_beta_30_budget_0.25,replay_memory_bytes,1872839281,0.0
derpp,slowheat_replay_hidden_beta_30_budget_0.25,replay_memory_bytes,637029796,0.0
derpp,slowheat_replay_hidden_beta_30_budget_0.25,replay_memory_bytes,1357204345,0.0
derpp,slowheat_replay_hidden_beta_30_budget_0.25,replay_memory_bytes,1758462037,0.0
derpp,slowheat_replay_hidden_beta_30_budget_0.25,replay_memory_bytes,748737880,0.0
derpp,slowheat_replay_hidden_beta_30_budget_0.25,replay_memory_bytes,1611510062,0.0
derpp,slowheat_replay_hidden_beta_30_budget_0.25,replay_memory_bytes,333205446,0.0
derpp,slowheat_replay_hidden_beta_30_budget_0.25,replay_memory_bytes,130501536,0.0
derpp,slowheat_replay_hidden_beta_30_budget_0.25,replay_memory_bytes,492612040,0.0
derpp,slowheat_replay_hidden_beta_30_budget_0.25,stored_logits_bytes,2101606466,-800000.0
derpp,slowheat_replay_hidden_beta_30_budget_0.25,stored_logits_bytes,1872839281,-800000.0
derpp,slowheat_replay_hidden_beta_30_budget_0.25,stored_logits_bytes,637029796,-800000.0
derpp,slowheat_replay_hidden_beta_30_budget_0.25,stored_logits_bytes,1357204345,-800000.0
derpp,slowheat_replay_hidden_beta_30_budget_0.25,stored_logits_bytes,1758462037,-800000.0
derpp,slowheat_replay_hidden_beta_30_budget_0.25,stored_logits_bytes,748737880,-800000.0
derpp,slowheat_replay_hidden_beta_30_budget_0.25,stored_logits_bytes,1611510062,-800000.0
derpp,slowheat_replay_hidden_beta_30_budget_0.25,stored_logits_bytes,333205446,-800000.0
derpp,slowheat_replay_hidden_beta_30_budget_0.25,stored_logits_bytes,130501536,-800000.0
derpp,slowheat_replay_hidden_beta_30_budget_0.25,stored_logits_bytes,492612040,-800000.0
derpp,slowheat_hidden_beta_30_budget_0.25,final_average_accuracy,2101606466,-0.05689999999999999
derpp,slowheat_hidden_beta_30_budget_0.25,final_average_accuracy,1872839281,-0.06470000000000001
derpp,slowheat_hidden_beta_30_budget_0.25,final_average_accuracy,637029796,-0.05379999999999997
derpp,slowheat_hidden_beta_30_budget_0.25,final_average_accuracy,1357204345,-0.06020000000000002
derpp,slowheat_hidden_beta_30_budget_0.25,final_average_accuracy,1758462037,-0.0615
derpp,slowheat_hidden_beta_30_budget_0.25,final_average_accuracy,748737880,-0.05810000000000001
derpp,slowheat_hidden_beta_30_budget_0.25,final_average_accuracy,1611510062,-0.06069999999999999
derpp,slowheat_hidden_beta_30_budget_0.25,final_average_accuracy,333205446,-0.06490000000000001
derpp,slowheat_hidden_beta_30_budget_0.25,final_average_accuracy,130501536,-0.0637
derpp,slowheat_hidden_beta_30_budget_0.25,final_average_accuracy,492612040,-0.057699999999999994
derpp,slowheat_hidden_beta_30_budget_0.25,average_forgetting,2101606466,0.08300000000000007
derpp,slowheat_hidden_beta_30_budget_0.25,average_forgetting,1872839281,0.08877777777777779
derpp,slowheat_hidden_beta_30_budget_0.25,average_forgetting,637029796,0.07766666666666672
derpp,slowheat_hidden_beta_30_budget_0.25,average_forgetting,1357204345,0.09077777777777785
derpp,slowheat_hidden_beta_30_budget_0.25,average_forgetting,1758462037,0.09144444444444444
derpp,slowheat_hidden_beta_30_budget_0.25,average_forgetting,748737880,0.08677777777777773
derpp,slowheat_hidden_beta_30_budget_0.25,average_forgetting,1611510062,0.07433333333333336
derpp,slowheat_hidden_beta_30_budget_0.25,average_forgetting,333205446,0.0928888888888888
derpp,slowheat_hidden_beta_30_budget_0.25,average_forgetting,130501536,0.09199999999999992
derpp,slowheat_hidden_beta_30_budget_0.25,average_forgetting,492612040,0.09077777777777768
derpp,slowheat_hidden_beta_30_budget_0.25,backward_transfer,2101606466,-0.08300000000000007
derpp,slowheat_hidden_beta_30_budget_0.25,backward_transfer,1872839281,-0.08877777777777779
derpp,slowheat_hidden_beta_30_budget_0.25,backward_transfer,637029796,-0.07766666666666672
derpp,slowheat_hidden_beta_30_budget_0.25,backward_transfer,1357204345,-0.09077777777777785
derpp,slowheat_hidden_beta_30_budget_0.25,backward_transfer,1758462037,-0.09144444444444444
derpp,slowheat_hidden_beta_30_budget_0.25,backward_transfer,748737880,-0.08677777777777773
derpp,slowheat_hidden_beta_30_budget_0.25,backward_transfer,1611510062,-0.07433333333333336
derpp,slowheat_hidden_beta_30_budget_0.25,backward_transfer,333205446,-0.0928888888888888
derpp,slowheat_hidden_beta_30_budget_0.25,backward_transfer,130501536,-0.09199999999999992
derpp,slowheat_hidden_beta_30_budget_0.25,backward_transfer,492612040,-0.09077777777777768
derpp,slowheat_hidden_beta_30_budget_0.25,forward_transfer,2101606466,-0.0012222222222222252
derpp,slowheat_hidden_beta_30_budget_0.25,forward_transfer,1872839281,-0.0005555555555555557
derpp,slowheat_hidden_beta_30_budget_0.25,forward_transfer,637029796,-0.00022222222222222088
derpp,slowheat_hidden_beta_30_budget_0.25,forward_transfer,1357204345,-0.0004444444444444452
derpp,slowheat_hidden_beta_30_budget_0.25,forward_transfer,1758462037,0.00011111111111111044
derpp,slowheat_hidden_beta_30_budget_0.25,forward_transfer,748737880,-0.00022222222222222174
derpp,slowheat_hidden_beta_30_budget_0.25,forward_transfer,1611510062,-0.0005555555555555557
derpp,slowheat_hidden_beta_30_budget_0.25,forward_transfer,333205446,-0.001777777777777781
derpp,slowheat_hidden_beta_30_budget_0.25,forward_transfer,130501536,-0.0003333333333333348
derpp,slowheat_hidden_beta_30_budget_0.25,forward_transfer,492612040,-0.0007777777777777765
derpp,slowheat_hidden_beta_30_budget_0.25,task_aware_final_accuracy,2101606466,-0.20720000000000002
derpp,slowheat_hidden_beta_30_budget_0.25,task_aware_final_accuracy,1872839281,-0.2079
derpp,slowheat_hidden_beta_30_budget_0.25,task_aware_final_accuracy,637029796,-0.2481
derpp,slowheat_hidden_beta_30_budget_0.25,task_aware_final_accuracy,1357204345,-0.2383
derpp,slowheat_hidden_beta_30_budget_0.25,task_aware_final_accuracy,1758462037,-0.22769999999999999
derpp,slowheat_hidden_beta_30_budget_0.25,task_aware_final_accuracy,748737880,-0.21940000000000004
derpp,slowheat_hidden_beta_30_budget_0.25,task_aware_final_accuracy,1611510062,-0.2365
derpp,slowheat_hidden_beta_30_budget_0.25,task_aware_final_accuracy,333205446,-0.2362
derpp,slowheat_hidden_beta_30_budget_0.25,task_aware_final_accuracy,130501536,-0.22360000000000002
derpp,slowheat_hidden_beta_30_budget_0.25,task_aware_final_accuracy,492612040,-0.22999999999999998
derpp,slowheat_hidden_beta_30_budget_0.25,task_aware_forgetting,2101606466,0.2241111111111111
derpp,slowheat_hidden_beta_30_budget_0.25,task_aware_forgetting,1872839281,0.22133333333333327
derpp,slowheat_hidden_beta_30_budget_0.25,task_aware_forgetting,637029796,0.26811111111111113
derpp,slowheat_hidden_beta_30_budget_0.25,task_aware_forgetting,1357204345,0.2616666666666667
derpp,slowheat_hidden_beta_30_budget_0.25,task_aware_forgetting,1758462037,0.2478888888888889
derpp,slowheat_hidden_beta_30_budget_0.25,task_aware_forgetting,748737880,0.2376666666666667
derpp,slowheat_hidden_beta_30_budget_0.25,task_aware_forgetting,1611510062,0.24366666666666667
derpp,slowheat_hidden_beta_30_budget_0.25,task_aware_forgetting,333205446,0.25244444444444447
derpp,slowheat_hidden_beta_30_budget_0.25,task_aware_forgetting,130501536,0.23877777777777773
derpp,slowheat_hidden_beta_30_budget_0.25,task_aware_forgetting,492612040,0.2513333333333334
derpp,slowheat_hidden_beta_30_budget_0.25,classifier_gap,2101606466,-0.15030000000000004
derpp,slowheat_hidden_beta_30_budget_0.25,classifier_gap,1872839281,-0.14319999999999997
derpp,slowheat_hidden_beta_30_budget_0.25,classifier_gap,637029796,-0.19429999999999997
derpp,slowheat_hidden_beta_30_budget_0.25,classifier_gap,1357204345,-0.17810000000000004
derpp,slowheat_hidden_beta_30_budget_0.25,classifier_gap,1758462037,-0.16620000000000001
derpp,slowheat_hidden_beta_30_budget_0.25,classifier_gap,748737880,-0.1613
derpp,slowheat_hidden_beta_30_budget_0.25,classifier_gap,1611510062,-0.17579999999999996
derpp,slowheat_hidden_beta_30_budget_0.25,classifier_gap,333205446,-0.1713
derpp,slowheat_hidden_beta_30_budget_0.25,classifier_gap,130501536,-0.15990000000000001
derpp,slowheat_hidden_beta_30_budget_0.25,classifier_gap,492612040,-0.17229999999999998
derpp,slowheat_hidden_beta_30_budget_0.25,elapsed_seconds,2101606466,33.39818936100346
derpp,slowheat_hidden_beta_30_budget_0.25,elapsed_seconds,1872839281,33.772388801997295
derpp,slowheat_hidden_beta_30_budget_0.25,elapsed_seconds,637029796,35.489209791994654
derpp,slowheat_hidden_beta_30_budget_0.25,elapsed_seconds,1357204345,31.141492429975187
derpp,slowheat_hidden_beta_30_budget_0.25,elapsed_seconds,1758462037,55.85765265999362
derpp,slowheat_hidden_beta_30_budget_0.25,elapsed_seconds,748737880,35.01617679197807
derpp,slowheat_hidden_beta_30_budget_0.25,elapsed_seconds,1611510062,29.54393730001175
derpp,slowheat_hidden_beta_30_budget_0.25,elapsed_seconds,333205446,28.94447667399072
derpp,slowheat_hidden_beta_30_budget_0.25,elapsed_seconds,130501536,33.27453285900992
derpp,slowheat_hidden_beta_30_budget_0.25,elapsed_seconds,492612040,31.294821688032243
derpp,slowheat_hidden_beta_30_budget_0.25,learner_examples_processed,2101606466,-184320.0
derpp,slowheat_hidden_beta_30_budget_0.25,learner_examples_processed,1872839281,-184320.0
derpp,slowheat_hidden_beta_30_budget_0.25,learner_examples_processed,637029796,-184320.0
derpp,slowheat_hidden_beta_30_budget_0.25,learner_examples_processed,1357204345,-184320.0
derpp,slowheat_hidden_beta_30_budget_0.25,learner_examples_processed,1758462037,-184320.0
derpp,slowheat_hidden_beta_30_budget_0.25,learner_examples_processed,748737880,-184320.0
derpp,slowheat_hidden_beta_30_budget_0.25,learner_examples_processed,1611510062,-184320.0
derpp,slowheat_hidden_beta_30_budget_0.25,learner_examples_processed,333205446,-184320.0
derpp,slowheat_hidden_beta_30_budget_0.25,learner_examples_processed,130501536,-184320.0
derpp,slowheat_hidden_beta_30_budget_0.25,learner_examples_processed,492612040,-184320.0
derpp,slowheat_hidden_beta_30_budget_0.25,total_model_examples_processed,2101606466,-184320.0
derpp,slowheat_hidden_beta_30_budget_0.25,total_model_examples_processed,1872839281,-184320.0
derpp,slowheat_hidden_beta_30_budget_0.25,total_model_examples_processed,637029796,-184320.0
derpp,slowheat_hidden_beta_30_budget_0.25,total_model_examples_processed,1357204345,-184320.0
derpp,slowheat_hidden_beta_30_budget_0.25,total_model_examples_processed,1758462037,-184320.0
derpp,slowheat_hidden_beta_30_budget_0.25,total_model_examples_processed,748737880,-184320.0
derpp,slowheat_hidden_beta_30_budget_0.25,total_model_examples_processed,1611510062,-184320.0
derpp,slowheat_hidden_beta_30_budget_0.25,total_model_examples_processed,333205446,-184320.0
derpp,slowheat_hidden_beta_30_budget_0.25,total_model_examples_processed,130501536,-184320.0
derpp,slowheat_hidden_beta_30_budget_0.25,total_model_examples_processed,492612040,-184320.0
derpp,slowheat_hidden_beta_30_budget_0.25,estimated_total_flops,2101606466,-4101101501440.0
derpp,slowheat_hidden_beta_30_budget_0.25,estimated_total_flops,1872839281,-4101101501440.0
derpp,slowheat_hidden_beta_30_budget_0.25,estimated_total_flops,637029796,-4101101501440.0
derpp,slowheat_hidden_beta_30_budget_0.25,estimated_total_flops,1357204345,-4101101501440.0
derpp,slowheat_hidden_beta_30_budget_0.25,estimated_total_flops,1758462037,-4101101501440.0
derpp,slowheat_hidden_beta_30_budget_0.25,estimated_total_flops,748737880,-4101101501440.0
derpp,slowheat_hidden_beta_30_budget_0.25,estimated_total_flops,1611510062,-4101101501440.0
derpp,slowheat_hidden_beta_30_budget_0.25,estimated_total_flops,333205446,-4101101501440.0
derpp,slowheat_hidden_beta_30_budget_0.25,estimated_total_flops,130501536,-4101101501440.0
derpp,slowheat_hidden_beta_30_budget_0.25,estimated_total_flops,492612040,-4101101501440.0
derpp,slowheat_hidden_beta_30_budget_0.25,estimated_overhead_flops,2101606466,14265697280.0
derpp,slowheat_hidden_beta_30_budget_0.25,estimated_overhead_flops,1872839281,14265697280.0
derpp,slowheat_hidden_beta_30_budget_0.25,estimated_overhead_flops,637029796,14265697280.0
derpp,slowheat_hidden_beta_30_budget_0.25,estimated_overhead_flops,1357204345,14265697280.0
derpp,slowheat_hidden_beta_30_budget_0.25,estimated_overhead_flops,1758462037,14265697280.0
derpp,slowheat_hidden_beta_30_budget_0.25,estimated_overhead_flops,748737880,14265697280.0
derpp,slowheat_hidden_beta_30_budget_0.25,estimated_overhead_flops,1611510062,14265697280.0
derpp,slowheat_hidden_beta_30_budget_0.25,estimated_overhead_flops,333205446,14265697280.0
derpp,slowheat_hidden_beta_30_budget_0.25,estimated_overhead_flops,130501536,14265697280.0
derpp,slowheat_hidden_beta_30_budget_0.25,estimated_overhead_flops,492612040,14265697280.0
derpp,slowheat_hidden_beta_30_budget_0.25,replay_memory_bytes,2101606466,-24592000.0
derpp,slowheat_hidden_beta_30_budget_0.25,replay_memory_bytes,1872839281,-24592000.0
derpp,slowheat_hidden_beta_30_budget_0.25,replay_memory_bytes,637029796,-24592000.0
derpp,slowheat_hidden_beta_30_budget_0.25,replay_memory_bytes,1357204345,-24592000.0
derpp,slowheat_hidden_beta_30_budget_0.25,replay_memory_bytes,1758462037,-24592000.0
derpp,slowheat_hidden_beta_30_budget_0.25,replay_memory_bytes,748737880,-24592000.0
derpp,slowheat_hidden_beta_30_budget_0.25,replay_memory_bytes,1611510062,-24592000.0
derpp,slowheat_hidden_beta_30_budget_0.25,replay_memory_bytes,333205446,-24592000.0
derpp,slowheat_hidden_beta_30_budget_0.25,replay_memory_bytes,130501536,-24592000.0
derpp,slowheat_hidden_beta_30_budget_0.25,replay_memory_bytes,492612040,-24592000.0
derpp,slowheat_hidden_beta_30_budget_0.25,stored_logits_bytes,2101606466,-800000.0
derpp,slowheat_hidden_beta_30_budget_0.25,stored_logits_bytes,1872839281,-800000.0
derpp,slowheat_hidden_beta_30_budget_0.25,stored_logits_bytes,637029796,-800000.0
derpp,slowheat_hidden_beta_30_budget_0.25,stored_logits_bytes,1357204345,-800000.0
derpp,slowheat_hidden_beta_30_budget_0.25,stored_logits_bytes,1758462037,-800000.0
derpp,slowheat_hidden_beta_30_budget_0.25,stored_logits_bytes,748737880,-800000.0
derpp,slowheat_hidden_beta_30_budget_0.25,stored_logits_bytes,1611510062,-800000.0
derpp,slowheat_hidden_beta_30_budget_0.25,stored_logits_bytes,333205446,-800000.0
derpp,slowheat_hidden_beta_30_budget_0.25,stored_logits_bytes,130501536,-800000.0
derpp,slowheat_hidden_beta_30_budget_0.25,stored_logits_bytes,492612040,-800000.0
derpp,slowheat_replay_hidden_adaptive_beta_30_budget_0.25,final_average_accuracy,2101606466,-0.02099999999999999
derpp,slowheat_replay_hidden_adaptive_beta_30_budget_0.25,final_average_accuracy,1872839281,-0.025800000000000003
derpp,slowheat_replay_hidden_adaptive_beta_30_budget_0.25,final_average_accuracy,637029796,-0.014399999999999982
derpp,slowheat_replay_hidden_adaptive_beta_30_budget_0.25,final_average_accuracy,1357204345,-0.021900000000000017
derpp,slowheat_replay_hidden_adaptive_beta_30_budget_0.25,final_average_accuracy,1758462037,-0.017799999999999996
derpp,slowheat_replay_hidden_adaptive_beta_30_budget_0.25,final_average_accuracy,748737880,-0.017900000000000013
derpp,slowheat_replay_hidden_adaptive_beta_30_budget_0.25,final_average_accuracy,1611510062,-0.017499999999999988
derpp,slowheat_replay_hidden_adaptive_beta_30_budget_0.25,final_average_accuracy,333205446,-0.016600000000000004
derpp,slowheat_replay_hidden_adaptive_beta_30_budget_0.25,final_average_accuracy,130501536,-0.021100000000000008
derpp,slowheat_replay_hidden_adaptive_beta_30_budget_0.25,final_average_accuracy,492612040,-0.013499999999999998
derpp,slowheat_replay_hidden_adaptive_beta_30_budget_0.25,average_forgetting,2101606466,0.03466666666666662
derpp,slowheat_replay_hidden_adaptive_beta_30_budget_0.25,average_forgetting,1872839281,0.035222222222222155
derpp,slowheat_replay_hidden_adaptive_beta_30_budget_0.25,average_forgetting,637029796,0.024444444444444435
derpp,slowheat_replay_hidden_adaptive_beta_30_budget_0.25,average_forgetting,1357204345,0.035444444444444445
derpp,slowheat_replay_hidden_adaptive_beta_30_budget_0.25,average_forgetting,1758462037,0.03211111111111109
derpp,slowheat_replay_hidden_adaptive_beta_30_budget_0.25,average_forgetting,748737880,0.03866666666666663
derpp,slowheat_replay_hidden_adaptive_beta_30_budget_0.25,average_forgetting,1611510062,0.027333333333333376
derpp,slowheat_replay_hidden_adaptive_beta_30_budget_0.25,average_forgetting,333205446,0.037111111111111095
derpp,slowheat_replay_hidden_adaptive_beta_30_budget_0.25,average_forgetting,130501536,0.041888888888888864
derpp,slowheat_replay_hidden_adaptive_beta_30_budget_0.25,average_forgetting,492612040,0.037111111111111095
derpp,slowheat_replay_hidden_adaptive_beta_30_budget_0.25,backward_transfer,2101606466,-0.03466666666666662
derpp,slowheat_replay_hidden_adaptive_beta_30_budget_0.25,backward_transfer,1872839281,-0.035222222222222155
derpp,slowheat_replay_hidden_adaptive_beta_30_budget_0.25,backward_transfer,637029796,-0.024444444444444435
derpp,slowheat_replay_hidden_adaptive_beta_30_budget_0.25,backward_transfer,1357204345,-0.035444444444444445
derpp,slowheat_replay_hidden_adaptive_beta_30_budget_0.25,backward_transfer,1758462037,-0.03211111111111109
derpp,slowheat_replay_hidden_adaptive_beta_30_budget_0.25,backward_transfer,748737880,-0.03866666666666663
derpp,slowheat_replay_hidden_adaptive_beta_30_budget_0.25,backward_transfer,1611510062,-0.027333333333333376
derpp,slowheat_replay_hidden_adaptive_beta_30_budget_0.25,backward_transfer,333205446,-0.037111111111111095
derpp,slowheat_replay_hidden_adaptive_beta_30_budget_0.25,backward_transfer,130501536,-0.041888888888888864
derpp,slowheat_replay_hidden_adaptive_beta_30_budget_0.25,backward_transfer,492612040,-0.037111111111111095
derpp,slowheat_replay_hidden_adaptive_beta_30_budget_0.25,forward_transfer,2101606466,-0.0011111111111111113
derpp,slowheat_replay_hidden_adaptive_beta_30_budget_0.25,forward_transfer,1872839281,-0.0005555555555555557
derpp,slowheat_replay_hidden_adaptive_beta_30_budget_0.25,forward_transfer,637029796,-0.00022222222222222088
derpp,slowheat_replay_hidden_adaptive_beta_30_budget_0.25,forward_transfer,1357204345,-0.00022222222222222088
derpp,slowheat_replay_hidden_adaptive_beta_30_budget_0.25,forward_transfer,1758462037,0.00011111111111111044
derpp,slowheat_replay_hidden_adaptive_beta_30_budget_0.25,forward_transfer,748737880,-0.00022222222222222174
derpp,slowheat_replay_hidden_adaptive_beta_30_budget_0.25,forward_transfer,1611510062,-0.0005555555555555557
derpp,slowheat_replay_hidden_adaptive_beta_30_budget_0.25,forward_transfer,333205446,-0.001777777777777781
derpp,slowheat_replay_hidden_adaptive_beta_30_budget_0.25,forward_transfer,130501536,-0.0003333333333333348
derpp,slowheat_replay_hidden_adaptive_beta_30_budget_0.25,forward_transfer,492612040,-0.0007777777777777765
derpp,slowheat_replay_hidden_adaptive_beta_30_budget_0.25,task_aware_final_accuracy,2101606466,0.023899999999999977
derpp,slowheat_replay_hidden_adaptive_beta_30_budget_0.25,task_aware_final_accuracy,1872839281,0.016900000000000026
derpp,slowheat_replay_hidden_adaptive_beta_30_budget_0.25,task_aware_final_accuracy,637029796,0.017699999999999938
derpp,slowheat_replay_hidden_adaptive_beta_30_budget_0.25,task_aware_final_accuracy,1357204345,0.0023999999999999577
derpp,slowheat_replay_hidden_adaptive_beta_30_budget_0.25,task_aware_final_accuracy,1758462037,0.023399999999999976
derpp,slowheat_replay_hidden_adaptive_beta_30_budget_0.25,task_aware_final_accuracy,748737880,0.014399999999999913
derpp,slowheat_replay_hidden_adaptive_beta_30_budget_0.25,task_aware_final_accuracy,1611510062,0.025200000000000056
derpp,slowheat_replay_hidden_adaptive_beta_30_budget_0.25,task_aware_final_accuracy,333205446,0.01940000000000003
derpp,slowheat_replay_hidden_adaptive_beta_30_budget_0.25,task_aware_final_accuracy,130501536,0.023800000000000043
derpp,slowheat_replay_hidden_adaptive_beta_30_budget_0.25,task_aware_final_accuracy,492612040,0.04019999999999996
derpp,slowheat_replay_hidden_adaptive_beta_30_budget_0.25,task_aware_forgetting,2101606466,-0.023666666666666697
derpp,slowheat_replay_hidden_adaptive_beta_30_budget_0.25,task_aware_forgetting,1872839281,-0.023555555555555552
derpp,slowheat_replay_hidden_adaptive_beta_30_budget_0.25,task_aware_forgetting,637029796,-0.019666666666666666
derpp,slowheat_replay_hidden_adaptive_beta_30_budget_0.25,task_aware_forgetting,1357204345,0.0003333333333333244
derpp,slowheat_replay_hidden_adaptive_beta_30_budget_0.25,task_aware_forgetting,1758462037,-0.025444444444444464
derpp,slowheat_replay_hidden_adaptive_beta_30_budget_0.25,task_aware_forgetting,748737880,-0.010666666666666685
derpp,slowheat_replay_hidden_adaptive_beta_30_budget_0.25,task_aware_forgetting,1611510062,-0.02944444444444444
derpp,slowheat_replay_hidden_adaptive_beta_30_budget_0.25,task_aware_forgetting,333205446,-0.018111111111111106
derpp,slowheat_replay_hidden_adaptive_beta_30_budget_0.25,task_aware_forgetting,130501536,-0.021999999999999992
derpp,slowheat_replay_hidden_adaptive_beta_30_budget_0.25,task_aware_forgetting,492612040,-0.03699999999999998
derpp,slowheat_replay_hidden_adaptive_beta_30_budget_0.25,classifier_gap,2101606466,0.044899999999999995
derpp,slowheat_replay_hidden_adaptive_beta_30_budget_0.25,classifier_gap,1872839281,0.04270000000000007
derpp,slowheat_replay_hidden_adaptive_beta_30_budget_0.25,classifier_gap,637029796,0.03209999999999996
derpp,slowheat_replay_hidden_adaptive_beta_30_budget_0.25,classifier_gap,1357204345,0.024299999999999933
derpp,slowheat_replay_hidden_adaptive_beta_30_budget_0.25,classifier_gap,1758462037,0.04119999999999996
derpp,slowheat_replay_hidden_adaptive_beta_30_budget_0.25,classifier_gap,748737880,0.03229999999999994
derpp,slowheat_replay_hidden_adaptive_beta_30_budget_0.25,classifier_gap,1611510062,0.04270000000000007
derpp,slowheat_replay_hidden_adaptive_beta_30_budget_0.25,classifier_gap,333205446,0.03600000000000003
derpp,slowheat_replay_hidden_adaptive_beta_30_budget_0.25,classifier_gap,130501536,0.04490000000000005
derpp,slowheat_replay_hidden_adaptive_beta_30_budget_0.25,classifier_gap,492612040,0.05369999999999997
derpp,slowheat_replay_hidden_adaptive_beta_30_budget_0.25,elapsed_seconds,2101606466,76.1504834810039
derpp,slowheat_replay_hidden_adaptive_beta_30_budget_0.25,elapsed_seconds,1872839281,48.888196734013036
derpp,slowheat_replay_hidden_adaptive_beta_30_budget_0.25,elapsed_seconds,637029796,51.328111982991686
derpp,slowheat_replay_hidden_adaptive_beta_30_budget_0.25,elapsed_seconds,1357204345,47.68101409295923
derpp,slowheat_replay_hidden_adaptive_beta_30_budget_0.25,elapsed_seconds,1758462037,82.38780819499516
derpp,slowheat_replay_hidden_adaptive_beta_30_budget_0.25,elapsed_seconds,748737880,48.830487203988014
derpp,slowheat_replay_hidden_adaptive_beta_30_budget_0.25,elapsed_seconds,1611510062,49.357310484017944
derpp,slowheat_replay_hidden_adaptive_beta_30_budget_0.25,elapsed_seconds,333205446,48.33514783901046
derpp,slowheat_replay_hidden_adaptive_beta_30_budget_0.25,elapsed_seconds,130501536,78.07093262998387
derpp,slowheat_replay_hidden_adaptive_beta_30_budget_0.25,elapsed_seconds,492612040,45.33583978199749
derpp,slowheat_replay_hidden_adaptive_beta_30_budget_0.25,learner_examples_processed,2101606466,0.0
derpp,slowheat_replay_hidden_adaptive_beta_30_budget_0.25,learner_examples_processed,1872839281,0.0
derpp,slowheat_replay_hidden_adaptive_beta_30_budget_0.25,learner_examples_processed,637029796,0.0
derpp,slowheat_replay_hidden_adaptive_beta_30_budget_0.25,learner_examples_processed,1357204345,0.0
derpp,slowheat_replay_hidden_adaptive_beta_30_budget_0.25,learner_examples_processed,1758462037,0.0
derpp,slowheat_replay_hidden_adaptive_beta_30_budget_0.25,learner_examples_processed,748737880,0.0
derpp,slowheat_replay_hidden_adaptive_beta_30_budget_0.25,learner_examples_processed,1611510062,0.0
derpp,slowheat_replay_hidden_adaptive_beta_30_budget_0.25,learner_examples_processed,333205446,0.0
derpp,slowheat_replay_hidden_adaptive_beta_30_budget_0.25,learner_examples_processed,130501536,0.0
derpp,slowheat_replay_hidden_adaptive_beta_30_budget_0.25,learner_examples_processed,492612040,0.0
derpp,slowheat_replay_hidden_adaptive_beta_30_budget_0.25,total_model_examples_processed,2101606466,0.0
derpp,slowheat_replay_hidden_adaptive_beta_30_budget_0.25,total_model_examples_processed,1872839281,0.0
derpp,slowheat_replay_hidden_adaptive_beta_30_budget_0.25,total_model_examples_processed,637029796,0.0
derpp,slowheat_replay_hidden_adaptive_beta_30_budget_0.25,total_model_examples_processed,1357204345,0.0
derpp,slowheat_replay_hidden_adaptive_beta_30_budget_0.25,total_model_examples_processed,1758462037,0.0
derpp,slowheat_replay_hidden_adaptive_beta_30_budget_0.25,total_model_examples_processed,748737880,0.0
derpp,slowheat_replay_hidden_adaptive_beta_30_budget_0.25,total_model_examples_processed,1611510062,0.0
derpp,slowheat_replay_hidden_adaptive_beta_30_budget_0.25,total_model_examples_processed,333205446,0.0
derpp,slowheat_replay_hidden_adaptive_beta_30_budget_0.25,total_model_examples_processed,130501536,0.0
derpp,slowheat_replay_hidden_adaptive_beta_30_budget_0.25,total_model_examples_processed,492612040,0.0
derpp,slowheat_replay_hidden_adaptive_beta_30_budget_0.25,estimated_total_flops,2101606466,15398159360.0
derpp,slowheat_replay_hidden_adaptive_beta_30_budget_0.25,estimated_total_flops,1872839281,15398159360.0
derpp,slowheat_replay_hidden_adaptive_beta_30_budget_0.25,estimated_total_flops,637029796,15398159360.0
derpp,slowheat_replay_hidden_adaptive_beta_30_budget_0.25,estimated_total_flops,1357204345,15398159360.0
derpp,slowheat_replay_hidden_adaptive_beta_30_budget_0.25,estimated_total_flops,1758462037,15398159360.0
derpp,slowheat_replay_hidden_adaptive_beta_30_budget_0.25,estimated_total_flops,748737880,15398159360.0
derpp,slowheat_replay_hidden_adaptive_beta_30_budget_0.25,estimated_total_flops,1611510062,15398159360.0
derpp,slowheat_replay_hidden_adaptive_beta_30_budget_0.25,estimated_total_flops,333205446,15398159360.0
derpp,slowheat_replay_hidden_adaptive_beta_30_budget_0.25,estimated_total_flops,130501536,15398159360.0
derpp,slowheat_replay_hidden_adaptive_beta_30_budget_0.25,estimated_total_flops,492612040,15398159360.0
derpp,slowheat_replay_hidden_adaptive_beta_30_budget_0.25,estimated_overhead_flops,2101606466,15398159360.0
derpp,slowheat_replay_hidden_adaptive_beta_30_budget_0.25,estimated_overhead_flops,1872839281,15398159360.0
derpp,slowheat_replay_hidden_adaptive_beta_30_budget_0.25,estimated_overhead_flops,637029796,15398159360.0
derpp,slowheat_replay_hidden_adaptive_beta_30_budget_0.25,estimated_overhead_flops,1357204345,15398159360.0
derpp,slowheat_replay_hidden_adaptive_beta_30_budget_0.25,estimated_overhead_flops,1758462037,15398159360.0
derpp,slowheat_replay_hidden_adaptive_beta_30_budget_0.25,estimated_overhead_flops,748737880,15398159360.0
derpp,slowheat_replay_hidden_adaptive_beta_30_budget_0.25,estimated_overhead_flops,1611510062,15398159360.0
derpp,slowheat_replay_hidden_adaptive_beta_30_budget_0.25,estimated_overhead_flops,333205446,15398159360.0
derpp,slowheat_replay_hidden_adaptive_beta_30_budget_0.25,estimated_overhead_flops,130501536,15398159360.0
derpp,slowheat_replay_hidden_adaptive_beta_30_budget_0.25,estimated_overhead_flops,492612040,15398159360.0
derpp,slowheat_replay_hidden_adaptive_beta_30_budget_0.25,replay_memory_bytes,2101606466,0.0
derpp,slowheat_replay_hidden_adaptive_beta_30_budget_0.25,replay_memory_bytes,1872839281,0.0
derpp,slowheat_replay_hidden_adaptive_beta_30_budget_0.25,replay_memory_bytes,637029796,0.0
derpp,slowheat_replay_hidden_adaptive_beta_30_budget_0.25,replay_memory_bytes,1357204345,0.0
derpp,slowheat_replay_hidden_adaptive_beta_30_budget_0.25,replay_memory_bytes,1758462037,0.0
derpp,slowheat_replay_hidden_adaptive_beta_30_budget_0.25,replay_memory_bytes,748737880,0.0
derpp,slowheat_replay_hidden_adaptive_beta_30_budget_0.25,replay_memory_bytes,1611510062,0.0
derpp,slowheat_replay_hidden_adaptive_beta_30_budget_0.25,replay_memory_bytes,333205446,0.0
derpp,slowheat_replay_hidden_adaptive_beta_30_budget_0.25,replay_memory_bytes,130501536,0.0
derpp,slowheat_replay_hidden_adaptive_beta_30_budget_0.25,replay_memory_bytes,492612040,0.0
derpp,slowheat_replay_hidden_adaptive_beta_30_budget_0.25,stored_logits_bytes,2101606466,-800000.0
derpp,slowheat_replay_hidden_adaptive_beta_30_budget_0.25,stored_logits_bytes,1872839281,-800000.0
derpp,slowheat_replay_hidden_adaptive_beta_30_budget_0.25,stored_logits_bytes,637029796,-800000.0
derpp,slowheat_replay_hidden_adaptive_beta_30_budget_0.25,stored_logits_bytes,1357204345,-800000.0
derpp,slowheat_replay_hidden_adaptive_beta_30_budget_0.25,stored_logits_bytes,1758462037,-800000.0
derpp,slowheat_replay_hidden_adaptive_beta_30_budget_0.25,stored_logits_bytes,748737880,-800000.0
derpp,slowheat_replay_hidden_adaptive_beta_30_budget_0.25,stored_logits_bytes,1611510062,-800000.0
derpp,slowheat_replay_hidden_adaptive_beta_30_budget_0.25,stored_logits_bytes,333205446,-800000.0
derpp,slowheat_replay_hidden_adaptive_beta_30_budget_0.25,stored_logits_bytes,130501536,-800000.0
derpp,slowheat_replay_hidden_adaptive_beta_30_budget_0.25,stored_logits_bytes,492612040,-800000.0
derpp,slowheat_replay_partial_output_beta_30_budget_0.25,final_average_accuracy,2101606466,-0.011799999999999991
derpp,slowheat_replay_partial_output_beta_30_budget_0.25,final_average_accuracy,1872839281,-0.01960000000000002
derpp,slowheat_replay_partial_output_beta_30_budget_0.25,final_average_accuracy,637029796,-0.010999999999999982
derpp,slowheat_replay_partial_output_beta_30_budget_0.25,final_average_accuracy,1357204345,-0.014700000000000032
derpp,slowheat_replay_partial_output_beta_30_budget_0.25,final_average_accuracy,1758462037,-0.019500000000000003
derpp,slowheat_replay_partial_output_beta_30_budget_0.25,final_average_accuracy,748737880,-0.014800000000000021
derpp,slowheat_replay_partial_output_beta_30_budget_0.25,final_average_accuracy,1611510062,-0.01319999999999999
derpp,slowheat_replay_partial_output_beta_30_budget_0.25,final_average_accuracy,333205446,-0.019000000000000017
derpp,slowheat_replay_partial_output_beta_30_budget_0.25,final_average_accuracy,130501536,-0.018500000000000003
derpp,slowheat_replay_partial_output_beta_30_budget_0.25,final_average_accuracy,492612040,-0.013399999999999981
derpp,slowheat_replay_partial_output_beta_30_budget_0.25,average_forgetting,2101606466,0.029111111111111088
derpp,slowheat_replay_partial_output_beta_30_budget_0.25,average_forgetting,1872839281,0.04177777777777775
derpp,slowheat_replay_partial_output_beta_30_budget_0.25,average_forgetting,637029796,0.031222222222222207
derpp,slowheat_replay_partial_output_beta_30_budget_0.25,average_forgetting,1357204345,0.041888888888888864
derpp,slowheat_replay_partial_output_beta_30_budget_0.25,average_forgetting,1758462037,0.043111111111111045
derpp,slowheat_replay_partial_output_beta_30_budget_0.25,average_forgetting,748737880,0.039777777777777745
derpp,slowheat_replay_partial_output_beta_30_budget_0.25,average_forgetting,1611510062,0.035888888888888804
derpp,slowheat_replay_partial_output_beta_30_budget_0.25,average_forgetting,333205446,0.04500000000000004
derpp,slowheat_replay_partial_output_beta_30_budget_0.25,average_forgetting,130501536,0.050333333333333286
derpp,slowheat_replay_partial_output_beta_30_budget_0.25,average_forgetting,492612040,0.043111111111111156
derpp,slowheat_replay_partial_output_beta_30_budget_0.25,backward_transfer,2101606466,-0.029111111111111088
derpp,slowheat_replay_partial_output_beta_30_budget_0.25,backward_transfer,1872839281,-0.04177777777777775
derpp,slowheat_replay_partial_output_beta_30_budget_0.25,backward_transfer,637029796,-0.031222222222222207
derpp,slowheat_replay_partial_output_beta_30_budget_0.25,backward_transfer,1357204345,-0.041888888888888864
derpp,slowheat_replay_partial_output_beta_30_budget_0.25,backward_transfer,1758462037,-0.043111111111111045
derpp,slowheat_replay_partial_output_beta_30_budget_0.25,backward_transfer,748737880,-0.039777777777777745
derpp,slowheat_replay_partial_output_beta_30_budget_0.25,backward_transfer,1611510062,-0.035888888888888804
derpp,slowheat_replay_partial_output_beta_30_budget_0.25,backward_transfer,333205446,-0.04500000000000004
derpp,slowheat_replay_partial_output_beta_30_budget_0.25,backward_transfer,130501536,-0.050333333333333286
derpp,slowheat_replay_partial_output_beta_30_budget_0.25,backward_transfer,492612040,-0.043111111111111156
derpp,slowheat_replay_partial_output_beta_30_budget_0.25,forward_transfer,2101606466,-0.0008888888888888904
derpp,slowheat_replay_partial_output_beta_30_budget_0.25,forward_transfer,1872839281,-0.0005555555555555557
derpp,slowheat_replay_partial_output_beta_30_budget_0.25,forward_transfer,637029796,0.00011111111111111044
derpp,slowheat_replay_partial_output_beta_30_budget_0.25,forward_transfer,1357204345,-0.00011111111111111044
derpp,slowheat_replay_partial_output_beta_30_budget_0.25,forward_transfer,1758462037,-0.00011111111111111044
derpp,slowheat_replay_partial_output_beta_30_budget_0.25,forward_transfer,748737880,0.0010000000000000013
derpp,slowheat_replay_partial_output_beta_30_budget_0.25,forward_transfer,1611510062,-0.0007777777777777765
derpp,slowheat_replay_partial_output_beta_30_budget_0.25,forward_transfer,333205446,-0.0016666666666666705
derpp,slowheat_replay_partial_output_beta_30_budget_0.25,forward_transfer,130501536,-0.0005555555555555557
derpp,slowheat_replay_partial_output_beta_30_budget_0.25,forward_transfer,492612040,-0.0003333333333333313
derpp,slowheat_replay_partial_output_beta_30_budget_0.25,task_aware_final_accuracy,2101606466,0.03019999999999995
derpp,slowheat_replay_partial_output_beta_30_budget_0.25,task_aware_final_accuracy,1872839281,0.024999999999999967
derpp,slowheat_replay_partial_output_beta_30_budget_0.25,task_aware_final_accuracy,637029796,0.035099999999999965
derpp,slowheat_replay_partial_output_beta_30_budget_0.25,task_aware_final_accuracy,1357204345,0.03759999999999997
derpp,slowheat_replay_partial_output_beta_30_budget_0.25,task_aware_final_accuracy,1758462037,0.03130000000000005
derpp,slowheat_replay_partial_output_beta_30_budget_0.25,task_aware_final_accuracy,748737880,0.02469999999999989
derpp,slowheat_replay_partial_output_beta_30_budget_0.25,task_aware_final_accuracy,1611510062,0.03710000000000002
derpp,slowheat_replay_partial_output_beta_30_budget_0.25,task_aware_final_accuracy,333205446,0.024799999999999933
derpp,slowheat_replay_partial_output_beta_30_budget_0.25,task_aware_final_accuracy,130501536,0.028999999999999915
derpp,slowheat_replay_partial_output_beta_30_budget_0.25,task_aware_final_accuracy,492612040,0.03789999999999999
derpp,slowheat_replay_partial_output_beta_30_budget_0.25,task_aware_forgetting,2101606466,-0.027666666666666645
derpp,slowheat_replay_partial_output_beta_30_budget_0.25,task_aware_forgetting,1872839281,-0.02055555555555555
derpp,slowheat_replay_partial_output_beta_30_budget_0.25,task_aware_forgetting,637029796,-0.03044444444444444
derpp,slowheat_replay_partial_output_beta_30_budget_0.25,task_aware_forgetting,1357204345,-0.029111111111111088
derpp,slowheat_replay_partial_output_beta_30_budget_0.25,task_aware_forgetting,1758462037,-0.025555555555555554
derpp,slowheat_replay_partial_output_beta_30_budget_0.25,task_aware_forgetting,748737880,-0.019222222222222224
derpp,slowheat_replay_partial_output_beta_30_budget_0.25,task_aware_forgetting,1611510062,-0.031222222222222235
derpp,slowheat_replay_partial_output_beta_30_budget_0.25,task_aware_forgetting,333205446,-0.019777777777777727
derpp,slowheat_replay_partial_output_beta_30_budget_0.25,task_aware_forgetting,130501536,-0.020333333333333398
derpp,slowheat_replay_partial_output_beta_30_budget_0.25,task_aware_forgetting,492612040,-0.029333333333333322
derpp,slowheat_replay_partial_output_beta_30_budget_0.25,classifier_gap,2101606466,0.041999999999999926
derpp,slowheat_replay_partial_output_beta_30_budget_0.25,classifier_gap,1872839281,0.04460000000000003
derpp,slowheat_replay_partial_output_beta_30_budget_0.25,classifier_gap,637029796,0.046099999999999974
derpp,slowheat_replay_partial_output_beta_30_budget_0.25,classifier_gap,1357204345,0.05229999999999996
derpp,slowheat_replay_partial_output_beta_30_budget_0.25,classifier_gap,1758462037,0.05080000000000001
derpp,slowheat_replay_partial_output_beta_30_budget_0.25,classifier_gap,748737880,0.039499999999999924
derpp,slowheat_replay_partial_output_beta_30_budget_0.25,classifier_gap,1611510062,0.05030000000000001
derpp,slowheat_replay_partial_output_beta_30_budget_0.25,classifier_gap,333205446,0.04379999999999995
derpp,slowheat_replay_partial_output_beta_30_budget_0.25,classifier_gap,130501536,0.04749999999999993
derpp,slowheat_replay_partial_output_beta_30_budget_0.25,classifier_gap,492612040,0.05130000000000001
derpp,slowheat_replay_partial_output_beta_30_budget_0.25,elapsed_seconds,2101606466,79.03678141100681
derpp,slowheat_replay_partial_output_beta_30_budget_0.25,elapsed_seconds,1872839281,59.41160636799759
derpp,slowheat_replay_partial_output_beta_30_budget_0.25,elapsed_seconds,637029796,54.78916712899809
derpp,slowheat_replay_partial_output_beta_30_budget_0.25,elapsed_seconds,1357204345,51.795010625966825
derpp,slowheat_replay_partial_output_beta_30_budget_0.25,elapsed_seconds,1758462037,83.81614125202759
derpp,slowheat_replay_partial_output_beta_30_budget_0.25,elapsed_seconds,748737880,53.50501070698374
derpp,slowheat_replay_partial_output_beta_30_budget_0.25,elapsed_seconds,1611510062,53.346707632008474
derpp,slowheat_replay_partial_output_beta_30_budget_0.25,elapsed_seconds,333205446,52.504363615997136
derpp,slowheat_replay_partial_output_beta_30_budget_0.25,elapsed_seconds,130501536,71.30860985198524
derpp,slowheat_replay_partial_output_beta_30_budget_0.25,elapsed_seconds,492612040,49.42547964499681
derpp,slowheat_replay_partial_output_beta_30_budget_0.25,learner_examples_processed,2101606466,0.0
derpp,slowheat_replay_partial_output_beta_30_budget_0.25,learner_examples_processed,1872839281,0.0
derpp,slowheat_replay_partial_output_beta_30_budget_0.25,learner_examples_processed,637029796,0.0
derpp,slowheat_replay_partial_output_beta_30_budget_0.25,learner_examples_processed,1357204345,0.0
derpp,slowheat_replay_partial_output_beta_30_budget_0.25,learner_examples_processed,1758462037,0.0
derpp,slowheat_replay_partial_output_beta_30_budget_0.25,learner_examples_processed,748737880,0.0
derpp,slowheat_replay_partial_output_beta_30_budget_0.25,learner_examples_processed,1611510062,0.0
derpp,slowheat_replay_partial_output_beta_30_budget_0.25,learner_examples_processed,333205446,0.0
derpp,slowheat_replay_partial_output_beta_30_budget_0.25,learner_examples_processed,130501536,0.0
derpp,slowheat_replay_partial_output_beta_30_budget_0.25,learner_examples_processed,492612040,0.0
derpp,slowheat_replay_partial_output_beta_30_budget_0.25,total_model_examples_processed,2101606466,0.0
derpp,slowheat_replay_partial_output_beta_30_budget_0.25,total_model_examples_processed,1872839281,0.0
derpp,slowheat_replay_partial_output_beta_30_budget_0.25,total_model_examples_processed,637029796,0.0
derpp,slowheat_replay_partial_output_beta_30_budget_0.25,total_model_examples_processed,1357204345,0.0
derpp,slowheat_replay_partial_output_beta_30_budget_0.25,total_model_examples_processed,1758462037,0.0
derpp,slowheat_replay_partial_output_beta_30_budget_0.25,total_model_examples_processed,748737880,0.0
derpp,slowheat_replay_partial_output_beta_30_budget_0.25,total_model_examples_processed,1611510062,0.0
derpp,slowheat_replay_partial_output_beta_30_budget_0.25,total_model_examples_processed,333205446,0.0
derpp,slowheat_replay_partial_output_beta_30_budget_0.25,total_model_examples_processed,130501536,0.0
derpp,slowheat_replay_partial_output_beta_30_budget_0.25,total_model_examples_processed,492612040,0.0
derpp,slowheat_replay_partial_output_beta_30_budget_0.25,estimated_total_flops,2101606466,15799894360.0
derpp,slowheat_replay_partial_output_beta_30_budget_0.25,estimated_total_flops,1872839281,15799894360.0
derpp,slowheat_replay_partial_output_beta_30_budget_0.25,estimated_total_flops,637029796,15799894360.0
derpp,slowheat_replay_partial_output_beta_30_budget_0.25,estimated_total_flops,1357204345,15799894360.0
derpp,slowheat_replay_partial_output_beta_30_budget_0.25,estimated_total_flops,1758462037,15799894360.0
derpp,slowheat_replay_partial_output_beta_30_budget_0.25,estimated_total_flops,748737880,15799894360.0
derpp,slowheat_replay_partial_output_beta_30_budget_0.25,estimated_total_flops,1611510062,15799894360.0
derpp,slowheat_replay_partial_output_beta_30_budget_0.25,estimated_total_flops,333205446,15799894360.0
derpp,slowheat_replay_partial_output_beta_30_budget_0.25,estimated_total_flops,130501536,15799894360.0
derpp,slowheat_replay_partial_output_beta_30_budget_0.25,estimated_total_flops,492612040,15799894360.0
derpp,slowheat_replay_partial_output_beta_30_budget_0.25,estimated_overhead_flops,2101606466,15799894360.0
derpp,slowheat_replay_partial_output_beta_30_budget_0.25,estimated_overhead_flops,1872839281,15799894360.0
derpp,slowheat_replay_partial_output_beta_30_budget_0.25,estimated_overhead_flops,637029796,15799894360.0
derpp,slowheat_replay_partial_output_beta_30_budget_0.25,estimated_overhead_flops,1357204345,15799894360.0
derpp,slowheat_replay_partial_output_beta_30_budget_0.25,estimated_overhead_flops,1758462037,15799894360.0
derpp,slowheat_replay_partial_output_beta_30_budget_0.25,estimated_overhead_flops,748737880,15799894360.0
derpp,slowheat_replay_partial_output_beta_30_budget_0.25,estimated_overhead_flops,1611510062,15799894360.0
derpp,slowheat_replay_partial_output_beta_30_budget_0.25,estimated_overhead_flops,333205446,15799894360.0
derpp,slowheat_replay_partial_output_beta_30_budget_0.25,estimated_overhead_flops,130501536,15799894360.0
derpp,slowheat_replay_partial_output_beta_30_budget_0.25,estimated_overhead_flops,492612040,15799894360.0
derpp,slowheat_replay_partial_output_beta_30_budget_0.25,replay_memory_bytes,2101606466,0.0
derpp,slowheat_replay_partial_output_beta_30_budget_0.25,replay_memory_bytes,1872839281,0.0
derpp,slowheat_replay_partial_output_beta_30_budget_0.25,replay_memory_bytes,637029796,0.0
derpp,slowheat_replay_partial_output_beta_30_budget_0.25,replay_memory_bytes,1357204345,0.0
derpp,slowheat_replay_partial_output_beta_30_budget_0.25,replay_memory_bytes,1758462037,0.0
derpp,slowheat_replay_partial_output_beta_30_budget_0.25,replay_memory_bytes,748737880,0.0
derpp,slowheat_replay_partial_output_beta_30_budget_0.25,replay_memory_bytes,1611510062,0.0
derpp,slowheat_replay_partial_output_beta_30_budget_0.25,replay_memory_bytes,333205446,0.0
derpp,slowheat_replay_partial_output_beta_30_budget_0.25,replay_memory_bytes,130501536,0.0
derpp,slowheat_replay_partial_output_beta_30_budget_0.25,replay_memory_bytes,492612040,0.0
derpp,slowheat_replay_partial_output_beta_30_budget_0.25,stored_logits_bytes,2101606466,-800000.0
derpp,slowheat_replay_partial_output_beta_30_budget_0.25,stored_logits_bytes,1872839281,-800000.0
derpp,slowheat_replay_partial_output_beta_30_budget_0.25,stored_logits_bytes,637029796,-800000.0
derpp,slowheat_replay_partial_output_beta_30_budget_0.25,stored_logits_bytes,1357204345,-800000.0
derpp,slowheat_replay_partial_output_beta_30_budget_0.25,stored_logits_bytes,1758462037,-800000.0
derpp,slowheat_replay_partial_output_beta_30_budget_0.25,stored_logits_bytes,748737880,-800000.0
derpp,slowheat_replay_partial_output_beta_30_budget_0.25,stored_logits_bytes,1611510062,-800000.0
derpp,slowheat_replay_partial_output_beta_30_budget_0.25,stored_logits_bytes,333205446,-800000.0
derpp,slowheat_replay_partial_output_beta_30_budget_0.25,stored_logits_bytes,130501536,-800000.0
derpp,slowheat_replay_partial_output_beta_30_budget_0.25,stored_logits_bytes,492612040,-800000.0
derpp,slowheat_replay_hidden_beta_30_budget_0.25_calibrated,final_average_accuracy,2101606466,0.009099999999999997
derpp,slowheat_replay_hidden_beta_30_budget_0.25_calibrated,final_average_accuracy,1872839281,0.0
derpp,slowheat_replay_hidden_beta_30_budget_0.25_calibrated,final_average_accuracy,637029796,0.00930000000000003
derpp,slowheat_replay_hidden_beta_30_budget_0.25_calibrated,final_average_accuracy,1357204345,0.0070999999999999674
derpp,slowheat_replay_hidden_beta_30_budget_0.25_calibrated,final_average_accuracy,1758462037,0.007099999999999995
derpp,slowheat_replay_hidden_beta_30_budget_0.25_calibrated,final_average_accuracy,748737880,0.008099999999999996
derpp,slowheat_replay_hidden_beta_30_budget_0.25_calibrated,final_average_accuracy,1611510062,0.012899999999999995
derpp,slowheat_replay_hidden_beta_30_budget_0.25_calibrated,final_average_accuracy,333205446,0.0002999999999999947
derpp,slowheat_replay_hidden_beta_30_budget_0.25_calibrated,final_average_accuracy,130501536,0.004899999999999988
derpp,slowheat_replay_hidden_beta_30_budget_0.25_calibrated,final_average_accuracy,492612040,0.006200000000000011
derpp,slowheat_replay_hidden_beta_30_budget_0.25_calibrated,average_forgetting,2101606466,-0.03933333333333333
derpp,slowheat_replay_hidden_beta_30_budget_0.25_calibrated,average_forgetting,1872839281,-0.02844444444444444
derpp,slowheat_replay_hidden_beta_30_budget_0.25_calibrated,average_forgetting,637029796,-0.04444444444444445
derpp,slowheat_replay_hidden_beta_30_budget_0.25_calibrated,average_forgetting,1357204345,-0.03111111111111109
derpp,slowheat_replay_hidden_beta_30_budget_0.25_calibrated,average_forgetting,1758462037,-0.034777777777777796
derpp,slowheat_replay_hidden_beta_30_budget_0.25_calibrated,average_forgetting,748737880,-0.031111111111111145
derpp,slowheat_replay_hidden_beta_30_budget_0.25_calibrated,average_forgetting,1611510062,-0.03599999999999992
derpp,slowheat_replay_hidden_beta_30_budget_0.25_calibrated,average_forgetting,333205446,-0.01733333333333331
derpp,slowheat_replay_hidden_beta_30_budget_0.25_calibrated,average_forgetting,130501536,-0.020222222222222308
derpp,slowheat_replay_hidden_beta_30_budget_0.25_calibrated,average_forgetting,492612040,-0.02688888888888885
derpp,slowheat_replay_hidden_beta_30_budget_0.25_calibrated,backward_transfer,2101606466,0.03933333333333333
derpp,slowheat_replay_hidden_beta_30_budget_0.25_calibrated,backward_transfer,1872839281,0.02844444444444444
derpp,slowheat_replay_hidden_beta_30_budget_0.25_calibrated,backward_transfer,637029796,0.04444444444444445
derpp,slowheat_replay_hidden_beta_30_budget_0.25_calibrated,backward_transfer,1357204345,0.03111111111111109
derpp,slowheat_replay_hidden_beta_30_budget_0.25_calibrated,backward_transfer,1758462037,0.034777777777777796
derpp,slowheat_replay_hidden_beta_30_budget_0.25_calibrated,backward_transfer,748737880,0.031111111111111145
derpp,slowheat_replay_hidden_beta_30_budget_0.25_calibrated,backward_transfer,1611510062,0.03599999999999992
derpp,slowheat_replay_hidden_beta_30_budget_0.25_calibrated,backward_transfer,333205446,0.01733333333333331
derpp,slowheat_replay_hidden_beta_30_budget_0.25_calibrated,backward_transfer,130501536,0.020222222222222308
derpp,slowheat_replay_hidden_beta_30_budget_0.25_calibrated,backward_transfer,492612040,0.02688888888888885
derpp,slowheat_replay_hidden_beta_30_budget_0.25_calibrated,forward_transfer,2101606466,-0.0011111111111111113
derpp,slowheat_replay_hidden_beta_30_budget_0.25_calibrated,forward_transfer,1872839281,-0.0005555555555555557
derpp,slowheat_replay_hidden_beta_30_budget_0.25_calibrated,forward_transfer,637029796,-0.00022222222222222088
derpp,slowheat_replay_hidden_beta_30_budget_0.25_calibrated,forward_transfer,1357204345,-0.0004444444444444452
derpp,slowheat_replay_hidden_beta_30_budget_0.25_calibrated,forward_transfer,1758462037,0.00011111111111111044
derpp,slowheat_replay_hidden_beta_30_budget_0.25_calibrated,forward_transfer,748737880,-0.00022222222222222174
derpp,slowheat_replay_hidden_beta_30_budget_0.25_calibrated,forward_transfer,1611510062,-0.0005555555555555557
derpp,slowheat_replay_hidden_beta_30_budget_0.25_calibrated,forward_transfer,333205446,-0.001777777777777781
derpp,slowheat_replay_hidden_beta_30_budget_0.25_calibrated,forward_transfer,130501536,-0.0003333333333333348
derpp,slowheat_replay_hidden_beta_30_budget_0.25_calibrated,forward_transfer,492612040,-0.0007777777777777765
derpp,slowheat_replay_hidden_beta_30_budget_0.25_calibrated,task_aware_final_accuracy,2101606466,0.04169999999999996
derpp,slowheat_replay_hidden_beta_30_budget_0.25_calibrated,task_aware_final_accuracy,1872839281,0.04199999999999998
derpp,slowheat_replay_hidden_beta_30_budget_0.25_calibrated,task_aware_final_accuracy,637029796,0.041099999999999914
derpp,slowheat_replay_hidden_beta_30_budget_0.25_calibrated,task_aware_final_accuracy,1357204345,0.03610000000000002
derpp,slowheat_replay_hidden_beta_30_budget_0.25_calibrated,task_aware_final_accuracy,1758462037,0.048299999999999954
derpp,slowheat_replay_hidden_beta_30_budget_0.25_calibrated,task_aware_final_accuracy,748737880,0.04079999999999995
derpp,slowheat_replay_hidden_beta_30_budget_0.25_calibrated,task_aware_final_accuracy,1611510062,0.05440000000000006
derpp,slowheat_replay_hidden_beta_30_budget_0.25_calibrated,task_aware_final_accuracy,333205446,0.03789999999999999
derpp,slowheat_replay_hidden_beta_30_budget_0.25_calibrated,task_aware_final_accuracy,130501536,0.03809999999999991
derpp,slowheat_replay_hidden_beta_30_budget_0.25_calibrated,task_aware_final_accuracy,492612040,0.0509
derpp,slowheat_replay_hidden_beta_30_budget_0.25_calibrated,task_aware_forgetting,2101606466,-0.050222222222222224
derpp,slowheat_replay_hidden_beta_30_budget_0.25_calibrated,task_aware_forgetting,1872839281,-0.04811111111111113
derpp,slowheat_replay_hidden_beta_30_budget_0.25_calibrated,task_aware_forgetting,637029796,-0.052444444444444446
derpp,slowheat_replay_hidden_beta_30_budget_0.25_calibrated,task_aware_forgetting,1357204345,-0.03722222222222224
derpp,slowheat_replay_hidden_beta_30_budget_0.25_calibrated,task_aware_forgetting,1758462037,-0.05344444444444446
derpp,slowheat_replay_hidden_beta_30_budget_0.25_calibrated,task_aware_forgetting,748737880,-0.03888888888888892
derpp,slowheat_replay_hidden_beta_30_budget_0.25_calibrated,task_aware_forgetting,1611510062,-0.057333333333333375
derpp,slowheat_replay_hidden_beta_30_budget_0.25_calibrated,task_aware_forgetting,333205446,-0.03744444444444442
derpp,slowheat_replay_hidden_beta_30_budget_0.25_calibrated,task_aware_forgetting,130501536,-0.033222222222222264
derpp,slowheat_replay_hidden_beta_30_budget_0.25_calibrated,task_aware_forgetting,492612040,-0.05477777777777776
derpp,slowheat_replay_hidden_beta_30_budget_0.25_calibrated,classifier_gap,2101606466,0.03259999999999996
derpp,slowheat_replay_hidden_beta_30_budget_0.25_calibrated,classifier_gap,1872839281,0.04200000000000004
derpp,slowheat_replay_hidden_beta_30_budget_0.25_calibrated,classifier_gap,637029796,0.03179999999999994
derpp,slowheat_replay_hidden_beta_30_budget_0.25_calibrated,classifier_gap,1357204345,0.029000000000000026
derpp,slowheat_replay_hidden_beta_30_budget_0.25_calibrated,classifier_gap,1758462037,0.04119999999999996
derpp,slowheat_replay_hidden_beta_30_budget_0.25_calibrated,classifier_gap,748737880,0.03269999999999995
derpp,slowheat_replay_hidden_beta_30_budget_0.25_calibrated,classifier_gap,1611510062,0.04150000000000009
derpp,slowheat_replay_hidden_beta_30_budget_0.25_calibrated,classifier_gap,333205446,0.03759999999999997
derpp,slowheat_replay_hidden_beta_30_budget_0.25_calibrated,classifier_gap,130501536,0.03319999999999995
derpp,slowheat_replay_hidden_beta_30_budget_0.25_calibrated,classifier_gap,492612040,0.04470000000000002
derpp,slowheat_replay_hidden_beta_30_budget_0.25_calibrated,elapsed_seconds,2101606466,78.78014623100171
derpp,slowheat_replay_hidden_beta_30_budget_0.25_calibrated,elapsed_seconds,1872839281,114.77972034399863
derpp,slowheat_replay_hidden_beta_30_budget_0.25_calibrated,elapsed_seconds,637029796,54.85839888401097
derpp,slowheat_replay_hidden_beta_30_budget_0.25_calibrated,elapsed_seconds,1357204345,52.15565298797446
derpp,slowheat_replay_hidden_beta_30_budget_0.25_calibrated,elapsed_seconds,1758462037,85.1002221480012
derpp,slowheat_replay_hidden_beta_30_budget_0.25_calibrated,elapsed_seconds,748737880,53.82459022698458
derpp,slowheat_replay_hidden_beta_30_budget_0.25_calibrated,elapsed_seconds,1611510062,53.278393774991855
derpp,slowheat_replay_hidden_beta_30_budget_0.25_calibrated,elapsed_seconds,333205446,48.71443357100361
derpp,slowheat_replay_hidden_beta_30_budget_0.25_calibrated,elapsed_seconds,130501536,52.68383493399597
derpp,slowheat_replay_hidden_beta_30_budget_0.25_calibrated,elapsed_seconds,492612040,50.51023948501097
derpp,slowheat_replay_hidden_beta_30_budget_0.25_calibrated,learner_examples_processed,2101606466,0.0
derpp,slowheat_replay_hidden_beta_30_budget_0.25_calibrated,learner_examples_processed,1872839281,0.0
derpp,slowheat_replay_hidden_beta_30_budget_0.25_calibrated,learner_examples_processed,637029796,0.0
derpp,slowheat_replay_hidden_beta_30_budget_0.25_calibrated,learner_examples_processed,1357204345,0.0
derpp,slowheat_replay_hidden_beta_30_budget_0.25_calibrated,learner_examples_processed,1758462037,0.0
derpp,slowheat_replay_hidden_beta_30_budget_0.25_calibrated,learner_examples_processed,748737880,0.0
derpp,slowheat_replay_hidden_beta_30_budget_0.25_calibrated,learner_examples_processed,1611510062,0.0
derpp,slowheat_replay_hidden_beta_30_budget_0.25_calibrated,learner_examples_processed,333205446,0.0
derpp,slowheat_replay_hidden_beta_30_budget_0.25_calibrated,learner_examples_processed,130501536,0.0
derpp,slowheat_replay_hidden_beta_30_budget_0.25_calibrated,learner_examples_processed,492612040,0.0
derpp,slowheat_replay_hidden_beta_30_budget_0.25_calibrated,total_model_examples_processed,2101606466,0.0
derpp,slowheat_replay_hidden_beta_30_budget_0.25_calibrated,total_model_examples_processed,1872839281,0.0
derpp,slowheat_replay_hidden_beta_30_budget_0.25_calibrated,total_model_examples_processed,637029796,0.0
derpp,slowheat_replay_hidden_beta_30_budget_0.25_calibrated,total_model_examples_processed,1357204345,0.0
derpp,slowheat_replay_hidden_beta_30_budget_0.25_calibrated,total_model_examples_processed,1758462037,0.0
derpp,slowheat_replay_hidden_beta_30_budget_0.25_calibrated,total_model_examples_processed,748737880,0.0
derpp,slowheat_replay_hidden_beta_30_budget_0.25_calibrated,total_model_examples_processed,1611510062,0.0
derpp,slowheat_replay_hidden_beta_30_budget_0.25_calibrated,total_model_examples_processed,333205446,0.0
derpp,slowheat_replay_hidden_beta_30_budget_0.25_calibrated,total_model_examples_processed,130501536,0.0
derpp,slowheat_replay_hidden_beta_30_budget_0.25_calibrated,total_model_examples_processed,492612040,0.0
derpp,slowheat_replay_hidden_beta_30_budget_0.25_calibrated,estimated_total_flops,2101606466,15398159360.0
derpp,slowheat_replay_hidden_beta_30_budget_0.25_calibrated,estimated_total_flops,1872839281,15398159360.0
derpp,slowheat_replay_hidden_beta_30_budget_0.25_calibrated,estimated_total_flops,637029796,15398159360.0
derpp,slowheat_replay_hidden_beta_30_budget_0.25_calibrated,estimated_total_flops,1357204345,15398159360.0
derpp,slowheat_replay_hidden_beta_30_budget_0.25_calibrated,estimated_total_flops,1758462037,15398159360.0
derpp,slowheat_replay_hidden_beta_30_budget_0.25_calibrated,estimated_total_flops,748737880,15398159360.0
derpp,slowheat_replay_hidden_beta_30_budget_0.25_calibrated,estimated_total_flops,1611510062,15398159360.0
derpp,slowheat_replay_hidden_beta_30_budget_0.25_calibrated,estimated_total_flops,333205446,15398159360.0
derpp,slowheat_replay_hidden_beta_30_budget_0.25_calibrated,estimated_total_flops,130501536,15398159360.0
derpp,slowheat_replay_hidden_beta_30_budget_0.25_calibrated,estimated_total_flops,492612040,15398159360.0
derpp,slowheat_replay_hidden_beta_30_budget_0.25_calibrated,estimated_overhead_flops,2101606466,15398159360.0
derpp,slowheat_replay_hidden_beta_30_budget_0.25_calibrated,estimated_overhead_flops,1872839281,15398159360.0
derpp,slowheat_replay_hidden_beta_30_budget_0.25_calibrated,estimated_overhead_flops,637029796,15398159360.0
derpp,slowheat_replay_hidden_beta_30_budget_0.25_calibrated,estimated_overhead_flops,1357204345,15398159360.0
derpp,slowheat_replay_hidden_beta_30_budget_0.25_calibrated,estimated_overhead_flops,1758462037,15398159360.0
derpp,slowheat_replay_hidden_beta_30_budget_0.25_calibrated,estimated_overhead_flops,748737880,15398159360.0
derpp,slowheat_replay_hidden_beta_30_budget_0.25_calibrated,estimated_overhead_flops,1611510062,15398159360.0
derpp,slowheat_replay_hidden_beta_30_budget_0.25_calibrated,estimated_overhead_flops,333205446,15398159360.0
derpp,slowheat_replay_hidden_beta_30_budget_0.25_calibrated,estimated_overhead_flops,130501536,15398159360.0
derpp,slowheat_replay_hidden_beta_30_budget_0.25_calibrated,estimated_overhead_flops,492612040,15398159360.0
derpp,slowheat_replay_hidden_beta_30_budget_0.25_calibrated,replay_memory_bytes,2101606466,0.0
derpp,slowheat_replay_hidden_beta_30_budget_0.25_calibrated,replay_memory_bytes,1872839281,0.0
derpp,slowheat_replay_hidden_beta_30_budget_0.25_calibrated,replay_memory_bytes,637029796,0.0
derpp,slowheat_replay_hidden_beta_30_budget_0.25_calibrated,replay_memory_bytes,1357204345,0.0
derpp,slowheat_replay_hidden_beta_30_budget_0.25_calibrated,replay_memory_bytes,1758462037,0.0
derpp,slowheat_replay_hidden_beta_30_budget_0.25_calibrated,replay_memory_bytes,748737880,0.0
derpp,slowheat_replay_hidden_beta_30_budget_0.25_calibrated,replay_memory_bytes,1611510062,0.0
derpp,slowheat_replay_hidden_beta_30_budget_0.25_calibrated,replay_memory_bytes,333205446,0.0
derpp,slowheat_replay_hidden_beta_30_budget_0.25_calibrated,replay_memory_bytes,130501536,0.0
derpp,slowheat_replay_hidden_beta_30_budget_0.25_calibrated,replay_memory_bytes,492612040,0.0
derpp,slowheat_replay_hidden_beta_30_budget_0.25_calibrated,stored_logits_bytes,2101606466,-800000.0
derpp,slowheat_replay_hidden_beta_30_budget_0.25_calibrated,stored_logits_bytes,1872839281,-800000.0
derpp,slowheat_replay_hidden_beta_30_budget_0.25_calibrated,stored_logits_bytes,637029796,-800000.0
derpp,slowheat_replay_hidden_beta_30_budget_0.25_calibrated,stored_logits_bytes,1357204345,-800000.0
derpp,slowheat_replay_hidden_beta_30_budget_0.25_calibrated,stored_logits_bytes,1758462037,-800000.0
derpp,slowheat_replay_hidden_beta_30_budget_0.25_calibrated,stored_logits_bytes,748737880,-800000.0
derpp,slowheat_replay_hidden_beta_30_budget_0.25_calibrated,stored_logits_bytes,1611510062,-800000.0
derpp,slowheat_replay_hidden_beta_30_budget_0.25_calibrated,stored_logits_bytes,333205446,-800000.0
derpp,slowheat_replay_hidden_beta_30_budget_0.25_calibrated,stored_logits_bytes,130501536,-800000.0
derpp,slowheat_replay_hidden_beta_30_budget_0.25_calibrated,stored_logits_bytes,492612040,-800000.0
