reference,method,metric,seed,difference
replay,vanilla,final_average_accuracy,311,-0.21256000000000008
replay,vanilla,final_average_accuracy,617,-0.23027999999999993
replay,vanilla,final_average_accuracy,919,-0.21155999999999997
replay,vanilla,final_average_accuracy,1223,-0.22399999999999998
replay,vanilla,final_average_accuracy,1523,-0.24195999999999995
replay,vanilla,final_average_accuracy,1823,-0.22176000000000007
replay,vanilla,final_average_accuracy,2129,-0.19919999999999993
replay,vanilla,final_average_accuracy,2423,-0.19284
replay,vanilla,final_average_accuracy,2729,-0.15664
replay,vanilla,final_average_accuracy,3037,-0.23483999999999994
replay,vanilla,average_forgetting,311,0.2643000000000001
replay,vanilla,average_forgetting,617,0.28879999999999995
replay,vanilla,average_forgetting,919,0.26560000000000006
replay,vanilla,average_forgetting,1223,0.2799
replay,vanilla,average_forgetting,1523,0.30234999999999995
replay,vanilla,average_forgetting,1823,0.27699999999999997
replay,vanilla,average_forgetting,2129,0.24929999999999997
replay,vanilla,average_forgetting,2423,0.24140000000000003
replay,vanilla,average_forgetting,2729,0.19730000000000003
replay,vanilla,average_forgetting,3037,0.29355000000000003
replay,vanilla,backward_transfer,311,-0.2643000000000001
replay,vanilla,backward_transfer,617,-0.28879999999999995
replay,vanilla,backward_transfer,919,-0.26560000000000006
replay,vanilla,backward_transfer,1223,-0.2799
replay,vanilla,backward_transfer,1523,-0.30234999999999995
replay,vanilla,backward_transfer,1823,-0.27699999999999997
replay,vanilla,backward_transfer,2129,-0.24929999999999997
replay,vanilla,backward_transfer,2423,-0.24140000000000003
replay,vanilla,backward_transfer,2729,-0.19730000000000003
replay,vanilla,backward_transfer,3037,-0.29355000000000003
replay,vanilla,forward_transfer,311,-0.006950000000000001
replay,vanilla,forward_transfer,617,0.009000000000000011
replay,vanilla,forward_transfer,919,-0.0005499999999999949
replay,vanilla,forward_transfer,1223,-0.008000000000000002
replay,vanilla,forward_transfer,1523,0.000900000000000005
replay,vanilla,forward_transfer,1823,0.0016499999999999987
replay,vanilla,forward_transfer,2129,0.0024999999999999988
replay,vanilla,forward_transfer,2423,-0.0037499999999999964
replay,vanilla,forward_transfer,2729,-0.002749999999999999
replay,vanilla,forward_transfer,3037,0.01075000000000001
replay,vanilla,task_aware_final_accuracy,311,-0.21256000000000008
replay,vanilla,task_aware_final_accuracy,617,-0.23027999999999993
replay,vanilla,task_aware_final_accuracy,919,-0.21155999999999997
replay,vanilla,task_aware_final_accuracy,1223,-0.22399999999999998
replay,vanilla,task_aware_final_accuracy,1523,-0.24195999999999995
replay,vanilla,task_aware_final_accuracy,1823,-0.22176000000000007
replay,vanilla,task_aware_final_accuracy,2129,-0.19919999999999993
replay,vanilla,task_aware_final_accuracy,2423,-0.19284
replay,vanilla,task_aware_final_accuracy,2729,-0.15664
replay,vanilla,task_aware_final_accuracy,3037,-0.23483999999999994
replay,vanilla,task_aware_forgetting,311,0.2643000000000001
replay,vanilla,task_aware_forgetting,617,0.28879999999999995
replay,vanilla,task_aware_forgetting,919,0.26560000000000006
replay,vanilla,task_aware_forgetting,1223,0.2799
replay,vanilla,task_aware_forgetting,1523,0.30234999999999995
replay,vanilla,task_aware_forgetting,1823,0.27699999999999997
replay,vanilla,task_aware_forgetting,2129,0.24929999999999997
replay,vanilla,task_aware_forgetting,2423,0.24140000000000003
replay,vanilla,task_aware_forgetting,2729,0.19730000000000003
replay,vanilla,task_aware_forgetting,3037,0.29355000000000003
replay,vanilla,classifier_gap,311,0.0
replay,vanilla,classifier_gap,617,0.0
replay,vanilla,classifier_gap,919,0.0
replay,vanilla,classifier_gap,1223,0.0
replay,vanilla,classifier_gap,1523,0.0
replay,vanilla,classifier_gap,1823,0.0
replay,vanilla,classifier_gap,2129,0.0
replay,vanilla,classifier_gap,2423,0.0
replay,vanilla,classifier_gap,2729,0.0
replay,vanilla,classifier_gap,3037,0.0
replay,vanilla,elapsed_seconds,311,-4.7611077740148176
replay,vanilla,elapsed_seconds,617,-3.781838577997405
replay,vanilla,elapsed_seconds,919,-3.795178817003034
replay,vanilla,elapsed_seconds,1223,-4.393256484996527
replay,vanilla,elapsed_seconds,1523,-4.586060169996927
replay,vanilla,elapsed_seconds,1823,-4.741788897023071
replay,vanilla,elapsed_seconds,2129,-4.244416684989119
replay,vanilla,elapsed_seconds,2423,-3.4628534599614795
replay,vanilla,elapsed_seconds,2729,-3.914697550004348
replay,vanilla,elapsed_seconds,3037,-3.8804577149858233
replay,vanilla,learner_examples_processed,311,-202240.0
replay,vanilla,learner_examples_processed,617,-202240.0
replay,vanilla,learner_examples_processed,919,-202240.0
replay,vanilla,learner_examples_processed,1223,-202240.0
replay,vanilla,learner_examples_processed,1523,-202240.0
replay,vanilla,learner_examples_processed,1823,-202240.0
replay,vanilla,learner_examples_processed,2129,-202240.0
replay,vanilla,learner_examples_processed,2423,-202240.0
replay,vanilla,learner_examples_processed,2729,-202240.0
replay,vanilla,learner_examples_processed,3037,-202240.0
replay,vanilla,total_model_examples_processed,311,-202240.0
replay,vanilla,total_model_examples_processed,617,-202240.0
replay,vanilla,total_model_examples_processed,919,-202240.0
replay,vanilla,total_model_examples_processed,1223,-202240.0
replay,vanilla,total_model_examples_processed,1523,-202240.0
replay,vanilla,total_model_examples_processed,1823,-202240.0
replay,vanilla,total_model_examples_processed,2129,-202240.0
replay,vanilla,total_model_examples_processed,2423,-202240.0
replay,vanilla,total_model_examples_processed,2729,-202240.0
replay,vanilla,total_model_examples_processed,3037,-202240.0
replay,vanilla,estimated_total_flops,311,-649238937600.0
replay,vanilla,estimated_total_flops,617,-649238937600.0
replay,vanilla,estimated_total_flops,919,-649238937600.0
replay,vanilla,estimated_total_flops,1223,-649238937600.0
replay,vanilla,estimated_total_flops,1523,-649238937600.0
replay,vanilla,estimated_total_flops,1823,-649238937600.0
replay,vanilla,estimated_total_flops,2129,-649238937600.0
replay,vanilla,estimated_total_flops,2423,-649238937600.0
replay,vanilla,estimated_total_flops,2729,-649238937600.0
replay,vanilla,estimated_total_flops,3037,-649238937600.0
replay,vanilla,estimated_overhead_flops,311,0.0
replay,vanilla,estimated_overhead_flops,617,0.0
replay,vanilla,estimated_overhead_flops,919,0.0
replay,vanilla,estimated_overhead_flops,1223,0.0
replay,vanilla,estimated_overhead_flops,1523,0.0
replay,vanilla,estimated_overhead_flops,1823,0.0
replay,vanilla,estimated_overhead_flops,2129,0.0
replay,vanilla,estimated_overhead_flops,2423,0.0
replay,vanilla,estimated_overhead_flops,2729,0.0
replay,vanilla,estimated_overhead_flops,3037,0.0
replay,vanilla,replay_memory_bytes,311,-628800.0
replay,vanilla,replay_memory_bytes,617,-628800.0
replay,vanilla,replay_memory_bytes,919,-628800.0
replay,vanilla,replay_memory_bytes,1223,-628800.0
replay,vanilla,replay_memory_bytes,1523,-628800.0
replay,vanilla,replay_memory_bytes,1823,-628800.0
replay,vanilla,replay_memory_bytes,2129,-628800.0
replay,vanilla,replay_memory_bytes,2423,-628800.0
replay,vanilla,replay_memory_bytes,2729,-628800.0
replay,vanilla,replay_memory_bytes,3037,-628800.0
replay,vanilla,stored_logits_bytes,311,0.0
replay,vanilla,stored_logits_bytes,617,0.0
replay,vanilla,stored_logits_bytes,919,0.0
replay,vanilla,stored_logits_bytes,1223,0.0
replay,vanilla,stored_logits_bytes,1523,0.0
replay,vanilla,stored_logits_bytes,1823,0.0
replay,vanilla,stored_logits_bytes,2129,0.0
replay,vanilla,stored_logits_bytes,2423,0.0
replay,vanilla,stored_logits_bytes,2729,0.0
replay,vanilla,stored_logits_bytes,3037,0.0
replay,slowheat,final_average_accuracy,311,-0.0611600000000001
replay,slowheat,final_average_accuracy,617,-0.034559999999999924
replay,slowheat,final_average_accuracy,919,-0.05367999999999995
replay,slowheat,final_average_accuracy,1223,-0.05363999999999991
replay,slowheat,final_average_accuracy,1523,-0.06679999999999997
replay,slowheat,final_average_accuracy,1823,-0.031200000000000117
replay,slowheat,final_average_accuracy,2129,-0.050919999999999965
replay,slowheat,final_average_accuracy,2423,-0.06775999999999982
replay,slowheat,final_average_accuracy,2729,-0.03615999999999997
replay,slowheat,final_average_accuracy,3037,-0.05039999999999989
replay,slowheat,average_forgetting,311,0.06675000000000003
replay,slowheat,average_forgetting,617,0.03995000000000001
replay,slowheat,average_forgetting,919,0.06270000000000003
replay,slowheat,average_forgetting,1223,0.06414999999999996
replay,slowheat,average_forgetting,1523,0.07679999999999995
replay,slowheat,average_forgetting,1823,0.034800000000000025
replay,slowheat,average_forgetting,2129,0.05875
replay,slowheat,average_forgetting,2423,0.07949999999999999
replay,slowheat,average_forgetting,2729,0.04145000000000004
replay,slowheat,average_forgetting,3037,0.05685000000000004
replay,slowheat,backward_transfer,311,-0.06675000000000003
replay,slowheat,backward_transfer,617,-0.03995000000000001
replay,slowheat,backward_transfer,919,-0.06270000000000003
replay,slowheat,backward_transfer,1223,-0.06414999999999996
replay,slowheat,backward_transfer,1523,-0.07679999999999995
replay,slowheat,backward_transfer,1823,-0.034800000000000025
replay,slowheat,backward_transfer,2129,-0.05875
replay,slowheat,backward_transfer,2423,-0.07949999999999999
replay,slowheat,backward_transfer,2729,-0.04145000000000004
replay,slowheat,backward_transfer,3037,-0.05685000000000004
replay,slowheat,forward_transfer,311,-0.016499999999999997
replay,slowheat,forward_transfer,617,-0.004449999999999992
replay,slowheat,forward_transfer,919,0.005500000000000005
replay,slowheat,forward_transfer,1223,-0.005199999999999998
replay,slowheat,forward_transfer,1523,-0.00145
replay,slowheat,forward_transfer,1823,-0.009500000000000001
replay,slowheat,forward_transfer,2129,-0.011850000000000003
replay,slowheat,forward_transfer,2423,0.0010000000000000009
replay,slowheat,forward_transfer,2729,-0.0005999999999999998
replay,slowheat,forward_transfer,3037,-0.0004999999999999935
replay,slowheat,task_aware_final_accuracy,311,-0.0611600000000001
replay,slowheat,task_aware_final_accuracy,617,-0.034559999999999924
replay,slowheat,task_aware_final_accuracy,919,-0.05367999999999995
replay,slowheat,task_aware_final_accuracy,1223,-0.05363999999999991
replay,slowheat,task_aware_final_accuracy,1523,-0.06679999999999997
replay,slowheat,task_aware_final_accuracy,1823,-0.031200000000000117
replay,slowheat,task_aware_final_accuracy,2129,-0.050919999999999965
replay,slowheat,task_aware_final_accuracy,2423,-0.06775999999999982
replay,slowheat,task_aware_final_accuracy,2729,-0.03615999999999997
replay,slowheat,task_aware_final_accuracy,3037,-0.05039999999999989
replay,slowheat,task_aware_forgetting,311,0.06675000000000003
replay,slowheat,task_aware_forgetting,617,0.03995000000000001
replay,slowheat,task_aware_forgetting,919,0.06270000000000003
replay,slowheat,task_aware_forgetting,1223,0.06414999999999996
replay,slowheat,task_aware_forgetting,1523,0.07679999999999995
replay,slowheat,task_aware_forgetting,1823,0.034800000000000025
replay,slowheat,task_aware_forgetting,2129,0.05875
replay,slowheat,task_aware_forgetting,2423,0.07949999999999999
replay,slowheat,task_aware_forgetting,2729,0.04145000000000004
replay,slowheat,task_aware_forgetting,3037,0.05685000000000004
replay,slowheat,classifier_gap,311,0.0
replay,slowheat,classifier_gap,617,0.0
replay,slowheat,classifier_gap,919,0.0
replay,slowheat,classifier_gap,1223,0.0
replay,slowheat,classifier_gap,1523,0.0
replay,slowheat,classifier_gap,1823,0.0
replay,slowheat,classifier_gap,2129,0.0
replay,slowheat,classifier_gap,2423,0.0
replay,slowheat,classifier_gap,2729,0.0
replay,slowheat,classifier_gap,3037,0.0
replay,slowheat,elapsed_seconds,311,7.219966582983034
replay,slowheat,elapsed_seconds,617,7.577161486988189
replay,slowheat,elapsed_seconds,919,7.415284561022418
replay,slowheat,elapsed_seconds,1223,6.955720090016257
replay,slowheat,elapsed_seconds,1523,6.866148104018066
replay,slowheat,elapsed_seconds,1823,7.139113555982476
replay,slowheat,elapsed_seconds,2129,6.99640584201552
replay,slowheat,elapsed_seconds,2423,8.097507091006264
replay,slowheat,elapsed_seconds,2729,7.186059206986101
replay,slowheat,elapsed_seconds,3037,7.658089605014538
replay,slowheat,learner_examples_processed,311,-202240.0
replay,slowheat,learner_examples_processed,617,-202240.0
replay,slowheat,learner_examples_processed,919,-202240.0
replay,slowheat,learner_examples_processed,1223,-202240.0
replay,slowheat,learner_examples_processed,1523,-202240.0
replay,slowheat,learner_examples_processed,1823,-202240.0
replay,slowheat,learner_examples_processed,2129,-202240.0
replay,slowheat,learner_examples_processed,2423,-202240.0
replay,slowheat,learner_examples_processed,2729,-202240.0
replay,slowheat,learner_examples_processed,3037,-202240.0
replay,slowheat,total_model_examples_processed,311,-202240.0
replay,slowheat,total_model_examples_processed,617,-202240.0
replay,slowheat,total_model_examples_processed,919,-202240.0
replay,slowheat,total_model_examples_processed,1223,-202240.0
replay,slowheat,total_model_examples_processed,1523,-202240.0
replay,slowheat,total_model_examples_processed,1823,-202240.0
replay,slowheat,total_model_examples_processed,2129,-202240.0
replay,slowheat,total_model_examples_processed,2423,-202240.0
replay,slowheat,total_model_examples_processed,2729,-202240.0
replay,slowheat,total_model_examples_processed,3037,-202240.0
replay,slowheat,estimated_total_flops,311,-645548995820.0
replay,slowheat,estimated_total_flops,617,-645548995820.0
replay,slowheat,estimated_total_flops,919,-645548995820.0
replay,slowheat,estimated_total_flops,1223,-645548995820.0
replay,slowheat,estimated_total_flops,1523,-645548995820.0
replay,slowheat,estimated_total_flops,1823,-645548995820.0
replay,slowheat,estimated_total_flops,2129,-645548995820.0
replay,slowheat,estimated_total_flops,2423,-645548995820.0
replay,slowheat,estimated_total_flops,2729,-645548995820.0
replay,slowheat,estimated_total_flops,3037,-645548995820.0
replay,slowheat,estimated_overhead_flops,311,3689941780.0
replay,slowheat,estimated_overhead_flops,617,3689941780.0
replay,slowheat,estimated_overhead_flops,919,3689941780.0
replay,slowheat,estimated_overhead_flops,1223,3689941780.0
replay,slowheat,estimated_overhead_flops,1523,3689941780.0
replay,slowheat,estimated_overhead_flops,1823,3689941780.0
replay,slowheat,estimated_overhead_flops,2129,3689941780.0
replay,slowheat,estimated_overhead_flops,2423,3689941780.0
replay,slowheat,estimated_overhead_flops,2729,3689941780.0
replay,slowheat,estimated_overhead_flops,3037,3689941780.0
replay,slowheat,replay_memory_bytes,311,-628800.0
replay,slowheat,replay_memory_bytes,617,-628800.0
replay,slowheat,replay_memory_bytes,919,-628800.0
replay,slowheat,replay_memory_bytes,1223,-628800.0
replay,slowheat,replay_memory_bytes,1523,-628800.0
replay,slowheat,replay_memory_bytes,1823,-628800.0
replay,slowheat,replay_memory_bytes,2129,-628800.0
replay,slowheat,replay_memory_bytes,2423,-628800.0
replay,slowheat,replay_memory_bytes,2729,-628800.0
replay,slowheat,replay_memory_bytes,3037,-628800.0
replay,slowheat,stored_logits_bytes,311,0.0
replay,slowheat,stored_logits_bytes,617,0.0
replay,slowheat,stored_logits_bytes,919,0.0
replay,slowheat,stored_logits_bytes,1223,0.0
replay,slowheat,stored_logits_bytes,1523,0.0
replay,slowheat,stored_logits_bytes,1823,0.0
replay,slowheat,stored_logits_bytes,2129,0.0
replay,slowheat,stored_logits_bytes,2423,0.0
replay,slowheat,stored_logits_bytes,2729,0.0
replay,slowheat,stored_logits_bytes,3037,0.0
replay,slowheat_beta_10,final_average_accuracy,311,-0.08176000000000005
replay,slowheat_beta_10,final_average_accuracy,617,-0.0719599999999998
replay,slowheat_beta_10,final_average_accuracy,919,-0.08395999999999992
replay,slowheat_beta_10,final_average_accuracy,1223,-0.08000000000000007
replay,slowheat_beta_10,final_average_accuracy,1523,-0.09732000000000007
replay,slowheat_beta_10,final_average_accuracy,1823,-0.07819999999999994
replay,slowheat_beta_10,final_average_accuracy,2129,-0.06147999999999987
replay,slowheat_beta_10,final_average_accuracy,2423,-0.09067999999999987
replay,slowheat_beta_10,final_average_accuracy,2729,-0.0693999999999999
replay,slowheat_beta_10,final_average_accuracy,3037,-0.08707999999999982
replay,slowheat_beta_10,average_forgetting,311,0.09579999999999997
replay,slowheat_beta_10,average_forgetting,617,0.08684999999999996
replay,slowheat_beta_10,average_forgetting,919,0.10225000000000004
replay,slowheat_beta_10,average_forgetting,1223,0.09790000000000001
replay,slowheat_beta_10,average_forgetting,1523,0.11649999999999996
replay,slowheat_beta_10,average_forgetting,1823,0.09500000000000003
replay,slowheat_beta_10,average_forgetting,2129,0.07264999999999996
replay,slowheat_beta_10,average_forgetting,2423,0.11084999999999998
replay,slowheat_beta_10,average_forgetting,2729,0.08625000000000002
replay,slowheat_beta_10,average_forgetting,3037,0.10524999999999998
replay,slowheat_beta_10,backward_transfer,311,-0.09579999999999997
replay,slowheat_beta_10,backward_transfer,617,-0.08684999999999996
replay,slowheat_beta_10,backward_transfer,919,-0.10225000000000004
replay,slowheat_beta_10,backward_transfer,1223,-0.09790000000000001
replay,slowheat_beta_10,backward_transfer,1523,-0.11649999999999996
replay,slowheat_beta_10,backward_transfer,1823,-0.09500000000000003
replay,slowheat_beta_10,backward_transfer,2129,-0.07264999999999996
replay,slowheat_beta_10,backward_transfer,2423,-0.11084999999999998
replay,slowheat_beta_10,backward_transfer,2729,-0.08625000000000002
replay,slowheat_beta_10,backward_transfer,3037,-0.10524999999999998
replay,slowheat_beta_10,forward_transfer,311,-0.002149999999999999
replay,slowheat_beta_10,forward_transfer,617,-0.004299999999999995
replay,slowheat_beta_10,forward_transfer,919,0.0008500000000000001
replay,slowheat_beta_10,forward_transfer,1223,-0.0055
replay,slowheat_beta_10,forward_transfer,1523,-0.006400000000000003
replay,slowheat_beta_10,forward_transfer,1823,-0.0015000000000000048
replay,slowheat_beta_10,forward_transfer,2129,-0.0144
replay,slowheat_beta_10,forward_transfer,2423,-0.0054499999999999965
replay,slowheat_beta_10,forward_transfer,2729,-0.0006500000000000013
replay,slowheat_beta_10,forward_transfer,3037,-0.0002999999999999982
replay,slowheat_beta_10,task_aware_final_accuracy,311,-0.08176000000000005
replay,slowheat_beta_10,task_aware_final_accuracy,617,-0.0719599999999998
replay,slowheat_beta_10,task_aware_final_accuracy,919,-0.08395999999999992
replay,slowheat_beta_10,task_aware_final_accuracy,1223,-0.08000000000000007
replay,slowheat_beta_10,task_aware_final_accuracy,1523,-0.09732000000000007
replay,slowheat_beta_10,task_aware_final_accuracy,1823,-0.07819999999999994
replay,slowheat_beta_10,task_aware_final_accuracy,2129,-0.06147999999999987
replay,slowheat_beta_10,task_aware_final_accuracy,2423,-0.09067999999999987
replay,slowheat_beta_10,task_aware_final_accuracy,2729,-0.0693999999999999
replay,slowheat_beta_10,task_aware_final_accuracy,3037,-0.08707999999999982
replay,slowheat_beta_10,task_aware_forgetting,311,0.09579999999999997
replay,slowheat_beta_10,task_aware_forgetting,617,0.08684999999999996
replay,slowheat_beta_10,task_aware_forgetting,919,0.10225000000000004
replay,slowheat_beta_10,task_aware_forgetting,1223,0.09790000000000001
replay,slowheat_beta_10,task_aware_forgetting,1523,0.11649999999999996
replay,slowheat_beta_10,task_aware_forgetting,1823,0.09500000000000003
replay,slowheat_beta_10,task_aware_forgetting,2129,0.07264999999999996
replay,slowheat_beta_10,task_aware_forgetting,2423,0.11084999999999998
replay,slowheat_beta_10,task_aware_forgetting,2729,0.08625000000000002
replay,slowheat_beta_10,task_aware_forgetting,3037,0.10524999999999998
replay,slowheat_beta_10,classifier_gap,311,0.0
replay,slowheat_beta_10,classifier_gap,617,0.0
replay,slowheat_beta_10,classifier_gap,919,0.0
replay,slowheat_beta_10,classifier_gap,1223,0.0
replay,slowheat_beta_10,classifier_gap,1523,0.0
replay,slowheat_beta_10,classifier_gap,1823,0.0
replay,slowheat_beta_10,classifier_gap,2129,0.0
replay,slowheat_beta_10,classifier_gap,2423,0.0
replay,slowheat_beta_10,classifier_gap,2729,0.0
replay,slowheat_beta_10,classifier_gap,3037,0.0
replay,slowheat_beta_10,elapsed_seconds,311,7.2545233629934955
replay,slowheat_beta_10,elapsed_seconds,617,7.594524273998104
replay,slowheat_beta_10,elapsed_seconds,919,7.510390168026788
replay,slowheat_beta_10,elapsed_seconds,1223,6.996160165028414
replay,slowheat_beta_10,elapsed_seconds,1523,7.424067408021074
replay,slowheat_beta_10,elapsed_seconds,1823,7.225781875022221
replay,slowheat_beta_10,elapsed_seconds,2129,6.957798068004195
replay,slowheat_beta_10,elapsed_seconds,2423,8.115455225022743
replay,slowheat_beta_10,elapsed_seconds,2729,7.12043997697765
replay,slowheat_beta_10,elapsed_seconds,3037,7.6555712560075335
replay,slowheat_beta_10,learner_examples_processed,311,-202240.0
replay,slowheat_beta_10,learner_examples_processed,617,-202240.0
replay,slowheat_beta_10,learner_examples_processed,919,-202240.0
replay,slowheat_beta_10,learner_examples_processed,1223,-202240.0
replay,slowheat_beta_10,learner_examples_processed,1523,-202240.0
replay,slowheat_beta_10,learner_examples_processed,1823,-202240.0
replay,slowheat_beta_10,learner_examples_processed,2129,-202240.0
replay,slowheat_beta_10,learner_examples_processed,2423,-202240.0
replay,slowheat_beta_10,learner_examples_processed,2729,-202240.0
replay,slowheat_beta_10,learner_examples_processed,3037,-202240.0
replay,slowheat_beta_10,total_model_examples_processed,311,-202240.0
replay,slowheat_beta_10,total_model_examples_processed,617,-202240.0
replay,slowheat_beta_10,total_model_examples_processed,919,-202240.0
replay,slowheat_beta_10,total_model_examples_processed,1223,-202240.0
replay,slowheat_beta_10,total_model_examples_processed,1523,-202240.0
replay,slowheat_beta_10,total_model_examples_processed,1823,-202240.0
replay,slowheat_beta_10,total_model_examples_processed,2129,-202240.0
replay,slowheat_beta_10,total_model_examples_processed,2423,-202240.0
replay,slowheat_beta_10,total_model_examples_processed,2729,-202240.0
replay,slowheat_beta_10,total_model_examples_processed,3037,-202240.0
replay,slowheat_beta_10,estimated_total_flops,311,-645548995820.0
replay,slowheat_beta_10,estimated_total_flops,617,-645548995820.0
replay,slowheat_beta_10,estimated_total_flops,919,-645548995820.0
replay,slowheat_beta_10,estimated_total_flops,1223,-645548995820.0
replay,slowheat_beta_10,estimated_total_flops,1523,-645548995820.0
replay,slowheat_beta_10,estimated_total_flops,1823,-645548995820.0
replay,slowheat_beta_10,estimated_total_flops,2129,-645548995820.0
replay,slowheat_beta_10,estimated_total_flops,2423,-645548995820.0
replay,slowheat_beta_10,estimated_total_flops,2729,-645548995820.0
replay,slowheat_beta_10,estimated_total_flops,3037,-645548995820.0
replay,slowheat_beta_10,estimated_overhead_flops,311,3689941780.0
replay,slowheat_beta_10,estimated_overhead_flops,617,3689941780.0
replay,slowheat_beta_10,estimated_overhead_flops,919,3689941780.0
replay,slowheat_beta_10,estimated_overhead_flops,1223,3689941780.0
replay,slowheat_beta_10,estimated_overhead_flops,1523,3689941780.0
replay,slowheat_beta_10,estimated_overhead_flops,1823,3689941780.0
replay,slowheat_beta_10,estimated_overhead_flops,2129,3689941780.0
replay,slowheat_beta_10,estimated_overhead_flops,2423,3689941780.0
replay,slowheat_beta_10,estimated_overhead_flops,2729,3689941780.0
replay,slowheat_beta_10,estimated_overhead_flops,3037,3689941780.0
replay,slowheat_beta_10,replay_memory_bytes,311,-628800.0
replay,slowheat_beta_10,replay_memory_bytes,617,-628800.0
replay,slowheat_beta_10,replay_memory_bytes,919,-628800.0
replay,slowheat_beta_10,replay_memory_bytes,1223,-628800.0
replay,slowheat_beta_10,replay_memory_bytes,1523,-628800.0
replay,slowheat_beta_10,replay_memory_bytes,1823,-628800.0
replay,slowheat_beta_10,replay_memory_bytes,2129,-628800.0
replay,slowheat_beta_10,replay_memory_bytes,2423,-628800.0
replay,slowheat_beta_10,replay_memory_bytes,2729,-628800.0
replay,slowheat_beta_10,replay_memory_bytes,3037,-628800.0
replay,slowheat_beta_10,stored_logits_bytes,311,0.0
replay,slowheat_beta_10,stored_logits_bytes,617,0.0
replay,slowheat_beta_10,stored_logits_bytes,919,0.0
replay,slowheat_beta_10,stored_logits_bytes,1223,0.0
replay,slowheat_beta_10,stored_logits_bytes,1523,0.0
replay,slowheat_beta_10,stored_logits_bytes,1823,0.0
replay,slowheat_beta_10,stored_logits_bytes,2129,0.0
replay,slowheat_beta_10,stored_logits_bytes,2423,0.0
replay,slowheat_beta_10,stored_logits_bytes,2729,0.0
replay,slowheat_beta_10,stored_logits_bytes,3037,0.0
replay,slowheat_beta_30,final_average_accuracy,311,-0.0611600000000001
replay,slowheat_beta_30,final_average_accuracy,617,-0.034559999999999924
replay,slowheat_beta_30,final_average_accuracy,919,-0.05367999999999995
replay,slowheat_beta_30,final_average_accuracy,1223,-0.05363999999999991
replay,slowheat_beta_30,final_average_accuracy,1523,-0.06679999999999997
replay,slowheat_beta_30,final_average_accuracy,1823,-0.031200000000000117
replay,slowheat_beta_30,final_average_accuracy,2129,-0.050919999999999965
replay,slowheat_beta_30,final_average_accuracy,2423,-0.06775999999999982
replay,slowheat_beta_30,final_average_accuracy,2729,-0.03615999999999997
replay,slowheat_beta_30,final_average_accuracy,3037,-0.05039999999999989
replay,slowheat_beta_30,average_forgetting,311,0.06675000000000003
replay,slowheat_beta_30,average_forgetting,617,0.03995000000000001
replay,slowheat_beta_30,average_forgetting,919,0.06270000000000003
replay,slowheat_beta_30,average_forgetting,1223,0.06414999999999996
replay,slowheat_beta_30,average_forgetting,1523,0.07679999999999995
replay,slowheat_beta_30,average_forgetting,1823,0.034800000000000025
replay,slowheat_beta_30,average_forgetting,2129,0.05875
replay,slowheat_beta_30,average_forgetting,2423,0.07949999999999999
replay,slowheat_beta_30,average_forgetting,2729,0.04145000000000004
replay,slowheat_beta_30,average_forgetting,3037,0.05685000000000004
replay,slowheat_beta_30,backward_transfer,311,-0.06675000000000003
replay,slowheat_beta_30,backward_transfer,617,-0.03995000000000001
replay,slowheat_beta_30,backward_transfer,919,-0.06270000000000003
replay,slowheat_beta_30,backward_transfer,1223,-0.06414999999999996
replay,slowheat_beta_30,backward_transfer,1523,-0.07679999999999995
replay,slowheat_beta_30,backward_transfer,1823,-0.034800000000000025
replay,slowheat_beta_30,backward_transfer,2129,-0.05875
replay,slowheat_beta_30,backward_transfer,2423,-0.07949999999999999
replay,slowheat_beta_30,backward_transfer,2729,-0.04145000000000004
replay,slowheat_beta_30,backward_transfer,3037,-0.05685000000000004
replay,slowheat_beta_30,forward_transfer,311,-0.016499999999999997
replay,slowheat_beta_30,forward_transfer,617,-0.004449999999999992
replay,slowheat_beta_30,forward_transfer,919,0.005500000000000005
replay,slowheat_beta_30,forward_transfer,1223,-0.005199999999999998
replay,slowheat_beta_30,forward_transfer,1523,-0.00145
replay,slowheat_beta_30,forward_transfer,1823,-0.009500000000000001
replay,slowheat_beta_30,forward_transfer,2129,-0.011850000000000003
replay,slowheat_beta_30,forward_transfer,2423,0.0010000000000000009
replay,slowheat_beta_30,forward_transfer,2729,-0.0005999999999999998
replay,slowheat_beta_30,forward_transfer,3037,-0.0004999999999999935
replay,slowheat_beta_30,task_aware_final_accuracy,311,-0.0611600000000001
replay,slowheat_beta_30,task_aware_final_accuracy,617,-0.034559999999999924
replay,slowheat_beta_30,task_aware_final_accuracy,919,-0.05367999999999995
replay,slowheat_beta_30,task_aware_final_accuracy,1223,-0.05363999999999991
replay,slowheat_beta_30,task_aware_final_accuracy,1523,-0.06679999999999997
replay,slowheat_beta_30,task_aware_final_accuracy,1823,-0.031200000000000117
replay,slowheat_beta_30,task_aware_final_accuracy,2129,-0.050919999999999965
replay,slowheat_beta_30,task_aware_final_accuracy,2423,-0.06775999999999982
replay,slowheat_beta_30,task_aware_final_accuracy,2729,-0.03615999999999997
replay,slowheat_beta_30,task_aware_final_accuracy,3037,-0.05039999999999989
replay,slowheat_beta_30,task_aware_forgetting,311,0.06675000000000003
replay,slowheat_beta_30,task_aware_forgetting,617,0.03995000000000001
replay,slowheat_beta_30,task_aware_forgetting,919,0.06270000000000003
replay,slowheat_beta_30,task_aware_forgetting,1223,0.06414999999999996
replay,slowheat_beta_30,task_aware_forgetting,1523,0.07679999999999995
replay,slowheat_beta_30,task_aware_forgetting,1823,0.034800000000000025
replay,slowheat_beta_30,task_aware_forgetting,2129,0.05875
replay,slowheat_beta_30,task_aware_forgetting,2423,0.07949999999999999
replay,slowheat_beta_30,task_aware_forgetting,2729,0.04145000000000004
replay,slowheat_beta_30,task_aware_forgetting,3037,0.05685000000000004
replay,slowheat_beta_30,classifier_gap,311,0.0
replay,slowheat_beta_30,classifier_gap,617,0.0
replay,slowheat_beta_30,classifier_gap,919,0.0
replay,slowheat_beta_30,classifier_gap,1223,0.0
replay,slowheat_beta_30,classifier_gap,1523,0.0
replay,slowheat_beta_30,classifier_gap,1823,0.0
replay,slowheat_beta_30,classifier_gap,2129,0.0
replay,slowheat_beta_30,classifier_gap,2423,0.0
replay,slowheat_beta_30,classifier_gap,2729,0.0
replay,slowheat_beta_30,classifier_gap,3037,0.0
replay,slowheat_beta_30,elapsed_seconds,311,7.192500189965358
replay,slowheat_beta_30,elapsed_seconds,617,7.590106357994955
replay,slowheat_beta_30,elapsed_seconds,919,7.481397324008867
replay,slowheat_beta_30,elapsed_seconds,1223,7.03370160900522
replay,slowheat_beta_30,elapsed_seconds,1523,7.322674385999562
replay,slowheat_beta_30,elapsed_seconds,1823,7.208318393997615
replay,slowheat_beta_30,elapsed_seconds,2129,7.252096890995745
replay,slowheat_beta_30,elapsed_seconds,2423,8.097960647020955
replay,slowheat_beta_30,elapsed_seconds,2729,7.173312608996639
replay,slowheat_beta_30,elapsed_seconds,3037,7.646183883975027
replay,slowheat_beta_30,learner_examples_processed,311,-202240.0
replay,slowheat_beta_30,learner_examples_processed,617,-202240.0
replay,slowheat_beta_30,learner_examples_processed,919,-202240.0
replay,slowheat_beta_30,learner_examples_processed,1223,-202240.0
replay,slowheat_beta_30,learner_examples_processed,1523,-202240.0
replay,slowheat_beta_30,learner_examples_processed,1823,-202240.0
replay,slowheat_beta_30,learner_examples_processed,2129,-202240.0
replay,slowheat_beta_30,learner_examples_processed,2423,-202240.0
replay,slowheat_beta_30,learner_examples_processed,2729,-202240.0
replay,slowheat_beta_30,learner_examples_processed,3037,-202240.0
replay,slowheat_beta_30,total_model_examples_processed,311,-202240.0
replay,slowheat_beta_30,total_model_examples_processed,617,-202240.0
replay,slowheat_beta_30,total_model_examples_processed,919,-202240.0
replay,slowheat_beta_30,total_model_examples_processed,1223,-202240.0
replay,slowheat_beta_30,total_model_examples_processed,1523,-202240.0
replay,slowheat_beta_30,total_model_examples_processed,1823,-202240.0
replay,slowheat_beta_30,total_model_examples_processed,2129,-202240.0
replay,slowheat_beta_30,total_model_examples_processed,2423,-202240.0
replay,slowheat_beta_30,total_model_examples_processed,2729,-202240.0
replay,slowheat_beta_30,total_model_examples_processed,3037,-202240.0
replay,slowheat_beta_30,estimated_total_flops,311,-645548995820.0
replay,slowheat_beta_30,estimated_total_flops,617,-645548995820.0
replay,slowheat_beta_30,estimated_total_flops,919,-645548995820.0
replay,slowheat_beta_30,estimated_total_flops,1223,-645548995820.0
replay,slowheat_beta_30,estimated_total_flops,1523,-645548995820.0
replay,slowheat_beta_30,estimated_total_flops,1823,-645548995820.0
replay,slowheat_beta_30,estimated_total_flops,2129,-645548995820.0
replay,slowheat_beta_30,estimated_total_flops,2423,-645548995820.0
replay,slowheat_beta_30,estimated_total_flops,2729,-645548995820.0
replay,slowheat_beta_30,estimated_total_flops,3037,-645548995820.0
replay,slowheat_beta_30,estimated_overhead_flops,311,3689941780.0
replay,slowheat_beta_30,estimated_overhead_flops,617,3689941780.0
replay,slowheat_beta_30,estimated_overhead_flops,919,3689941780.0
replay,slowheat_beta_30,estimated_overhead_flops,1223,3689941780.0
replay,slowheat_beta_30,estimated_overhead_flops,1523,3689941780.0
replay,slowheat_beta_30,estimated_overhead_flops,1823,3689941780.0
replay,slowheat_beta_30,estimated_overhead_flops,2129,3689941780.0
replay,slowheat_beta_30,estimated_overhead_flops,2423,3689941780.0
replay,slowheat_beta_30,estimated_overhead_flops,2729,3689941780.0
replay,slowheat_beta_30,estimated_overhead_flops,3037,3689941780.0
replay,slowheat_beta_30,replay_memory_bytes,311,-628800.0
replay,slowheat_beta_30,replay_memory_bytes,617,-628800.0
replay,slowheat_beta_30,replay_memory_bytes,919,-628800.0
replay,slowheat_beta_30,replay_memory_bytes,1223,-628800.0
replay,slowheat_beta_30,replay_memory_bytes,1523,-628800.0
replay,slowheat_beta_30,replay_memory_bytes,1823,-628800.0
replay,slowheat_beta_30,replay_memory_bytes,2129,-628800.0
replay,slowheat_beta_30,replay_memory_bytes,2423,-628800.0
replay,slowheat_beta_30,replay_memory_bytes,2729,-628800.0
replay,slowheat_beta_30,replay_memory_bytes,3037,-628800.0
replay,slowheat_beta_30,stored_logits_bytes,311,0.0
replay,slowheat_beta_30,stored_logits_bytes,617,0.0
replay,slowheat_beta_30,stored_logits_bytes,919,0.0
replay,slowheat_beta_30,stored_logits_bytes,1223,0.0
replay,slowheat_beta_30,stored_logits_bytes,1523,0.0
replay,slowheat_beta_30,stored_logits_bytes,1823,0.0
replay,slowheat_beta_30,stored_logits_bytes,2129,0.0
replay,slowheat_beta_30,stored_logits_bytes,2423,0.0
replay,slowheat_beta_30,stored_logits_bytes,2729,0.0
replay,slowheat_beta_30,stored_logits_bytes,3037,0.0
replay,slowheat_beta_100,final_average_accuracy,311,-0.04068000000000016
replay,slowheat_beta_100,final_average_accuracy,617,-0.04403999999999986
replay,slowheat_beta_100,final_average_accuracy,919,-0.03627999999999987
replay,slowheat_beta_100,final_average_accuracy,1223,-0.035359999999999836
replay,slowheat_beta_100,final_average_accuracy,1523,-0.04339999999999988
replay,slowheat_beta_100,final_average_accuracy,1823,-0.021399999999999975
replay,slowheat_beta_100,final_average_accuracy,2129,-0.04803999999999997
replay,slowheat_beta_100,final_average_accuracy,2423,-0.04791999999999996
replay,slowheat_beta_100,final_average_accuracy,2729,-0.03188000000000002
replay,slowheat_beta_100,final_average_accuracy,3037,-0.04995999999999989
replay,slowheat_beta_100,average_forgetting,311,0.03839999999999999
replay,slowheat_beta_100,average_forgetting,617,0.04774999999999999
replay,slowheat_beta_100,average_forgetting,919,0.03789999999999999
replay,slowheat_beta_100,average_forgetting,1223,0.03589999999999999
replay,slowheat_beta_100,average_forgetting,1523,0.042649999999999966
replay,slowheat_beta_100,average_forgetting,1823,0.018100000000000033
replay,slowheat_beta_100,average_forgetting,2129,0.05129999999999996
replay,slowheat_beta_100,average_forgetting,2423,0.05269999999999997
replay,slowheat_beta_100,average_forgetting,2729,0.032850000000000046
replay,slowheat_beta_100,average_forgetting,3037,0.05169999999999997
replay,slowheat_beta_100,backward_transfer,311,-0.03839999999999999
replay,slowheat_beta_100,backward_transfer,617,-0.04774999999999999
replay,slowheat_beta_100,backward_transfer,919,-0.03789999999999999
replay,slowheat_beta_100,backward_transfer,1223,-0.03589999999999999
replay,slowheat_beta_100,backward_transfer,1523,-0.042649999999999966
replay,slowheat_beta_100,backward_transfer,1823,-0.018100000000000033
replay,slowheat_beta_100,backward_transfer,2129,-0.05129999999999996
replay,slowheat_beta_100,backward_transfer,2423,-0.05269999999999997
replay,slowheat_beta_100,backward_transfer,2729,-0.032850000000000046
replay,slowheat_beta_100,backward_transfer,3037,-0.05169999999999997
replay,slowheat_beta_100,forward_transfer,311,-0.020599999999999997
replay,slowheat_beta_100,forward_transfer,617,-0.010399999999999996
replay,slowheat_beta_100,forward_transfer,919,0.009150000000000002
replay,slowheat_beta_100,forward_transfer,1223,-0.008150000000000004
replay,slowheat_beta_100,forward_transfer,1523,4.999999999999449e-05
replay,slowheat_beta_100,forward_transfer,1823,-0.013600000000000001
replay,slowheat_beta_100,forward_transfer,2129,-0.01235
replay,slowheat_beta_100,forward_transfer,2423,-0.004049999999999995
replay,slowheat_beta_100,forward_transfer,2729,-0.003450000000000005
replay,slowheat_beta_100,forward_transfer,3037,-0.004699999999999994
replay,slowheat_beta_100,task_aware_final_accuracy,311,-0.04068000000000016
replay,slowheat_beta_100,task_aware_final_accuracy,617,-0.04403999999999986
replay,slowheat_beta_100,task_aware_final_accuracy,919,-0.03627999999999987
replay,slowheat_beta_100,task_aware_final_accuracy,1223,-0.035359999999999836
replay,slowheat_beta_100,task_aware_final_accuracy,1523,-0.04339999999999988
replay,slowheat_beta_100,task_aware_final_accuracy,1823,-0.021399999999999975
replay,slowheat_beta_100,task_aware_final_accuracy,2129,-0.04803999999999997
replay,slowheat_beta_100,task_aware_final_accuracy,2423,-0.04791999999999996
replay,slowheat_beta_100,task_aware_final_accuracy,2729,-0.03188000000000002
replay,slowheat_beta_100,task_aware_final_accuracy,3037,-0.04995999999999989
replay,slowheat_beta_100,task_aware_forgetting,311,0.03839999999999999
replay,slowheat_beta_100,task_aware_forgetting,617,0.04774999999999999
replay,slowheat_beta_100,task_aware_forgetting,919,0.03789999999999999
replay,slowheat_beta_100,task_aware_forgetting,1223,0.03589999999999999
replay,slowheat_beta_100,task_aware_forgetting,1523,0.042649999999999966
replay,slowheat_beta_100,task_aware_forgetting,1823,0.018100000000000033
replay,slowheat_beta_100,task_aware_forgetting,2129,0.05129999999999996
replay,slowheat_beta_100,task_aware_forgetting,2423,0.05269999999999997
replay,slowheat_beta_100,task_aware_forgetting,2729,0.032850000000000046
replay,slowheat_beta_100,task_aware_forgetting,3037,0.05169999999999997
replay,slowheat_beta_100,classifier_gap,311,0.0
replay,slowheat_beta_100,classifier_gap,617,0.0
replay,slowheat_beta_100,classifier_gap,919,0.0
replay,slowheat_beta_100,classifier_gap,1223,0.0
replay,slowheat_beta_100,classifier_gap,1523,0.0
replay,slowheat_beta_100,classifier_gap,1823,0.0
replay,slowheat_beta_100,classifier_gap,2129,0.0
replay,slowheat_beta_100,classifier_gap,2423,0.0
replay,slowheat_beta_100,classifier_gap,2729,0.0
replay,slowheat_beta_100,classifier_gap,3037,0.0
replay,slowheat_beta_100,elapsed_seconds,311,7.174401000986109
replay,slowheat_beta_100,elapsed_seconds,617,7.55240405301447
replay,slowheat_beta_100,elapsed_seconds,919,7.492951694002841
replay,slowheat_beta_100,elapsed_seconds,1223,7.023613463010406
replay,slowheat_beta_100,elapsed_seconds,1523,7.308856014016783
replay,slowheat_beta_100,elapsed_seconds,1823,7.182269932993222
replay,slowheat_beta_100,elapsed_seconds,2129,7.341940268030157
replay,slowheat_beta_100,elapsed_seconds,2423,8.109087913035182
replay,slowheat_beta_100,elapsed_seconds,2729,7.143745319015579
replay,slowheat_beta_100,elapsed_seconds,3037,7.650040598004125
replay,slowheat_beta_100,learner_examples_processed,311,-202240.0
replay,slowheat_beta_100,learner_examples_processed,617,-202240.0
replay,slowheat_beta_100,learner_examples_processed,919,-202240.0
replay,slowheat_beta_100,learner_examples_processed,1223,-202240.0
replay,slowheat_beta_100,learner_examples_processed,1523,-202240.0
replay,slowheat_beta_100,learner_examples_processed,1823,-202240.0
replay,slowheat_beta_100,learner_examples_processed,2129,-202240.0
replay,slowheat_beta_100,learner_examples_processed,2423,-202240.0
replay,slowheat_beta_100,learner_examples_processed,2729,-202240.0
replay,slowheat_beta_100,learner_examples_processed,3037,-202240.0
replay,slowheat_beta_100,total_model_examples_processed,311,-202240.0
replay,slowheat_beta_100,total_model_examples_processed,617,-202240.0
replay,slowheat_beta_100,total_model_examples_processed,919,-202240.0
replay,slowheat_beta_100,total_model_examples_processed,1223,-202240.0
replay,slowheat_beta_100,total_model_examples_processed,1523,-202240.0
replay,slowheat_beta_100,total_model_examples_processed,1823,-202240.0
replay,slowheat_beta_100,total_model_examples_processed,2129,-202240.0
replay,slowheat_beta_100,total_model_examples_processed,2423,-202240.0
replay,slowheat_beta_100,total_model_examples_processed,2729,-202240.0
replay,slowheat_beta_100,total_model_examples_processed,3037,-202240.0
replay,slowheat_beta_100,estimated_total_flops,311,-645548995820.0
replay,slowheat_beta_100,estimated_total_flops,617,-645548995820.0
replay,slowheat_beta_100,estimated_total_flops,919,-645548995820.0
replay,slowheat_beta_100,estimated_total_flops,1223,-645548995820.0
replay,slowheat_beta_100,estimated_total_flops,1523,-645548995820.0
replay,slowheat_beta_100,estimated_total_flops,1823,-645548995820.0
replay,slowheat_beta_100,estimated_total_flops,2129,-645548995820.0
replay,slowheat_beta_100,estimated_total_flops,2423,-645548995820.0
replay,slowheat_beta_100,estimated_total_flops,2729,-645548995820.0
replay,slowheat_beta_100,estimated_total_flops,3037,-645548995820.0
replay,slowheat_beta_100,estimated_overhead_flops,311,3689941780.0
replay,slowheat_beta_100,estimated_overhead_flops,617,3689941780.0
replay,slowheat_beta_100,estimated_overhead_flops,919,3689941780.0
replay,slowheat_beta_100,estimated_overhead_flops,1223,3689941780.0
replay,slowheat_beta_100,estimated_overhead_flops,1523,3689941780.0
replay,slowheat_beta_100,estimated_overhead_flops,1823,3689941780.0
replay,slowheat_beta_100,estimated_overhead_flops,2129,3689941780.0
replay,slowheat_beta_100,estimated_overhead_flops,2423,3689941780.0
replay,slowheat_beta_100,estimated_overhead_flops,2729,3689941780.0
replay,slowheat_beta_100,estimated_overhead_flops,3037,3689941780.0
replay,slowheat_beta_100,replay_memory_bytes,311,-628800.0
replay,slowheat_beta_100,replay_memory_bytes,617,-628800.0
replay,slowheat_beta_100,replay_memory_bytes,919,-628800.0
replay,slowheat_beta_100,replay_memory_bytes,1223,-628800.0
replay,slowheat_beta_100,replay_memory_bytes,1523,-628800.0
replay,slowheat_beta_100,replay_memory_bytes,1823,-628800.0
replay,slowheat_beta_100,replay_memory_bytes,2129,-628800.0
replay,slowheat_beta_100,replay_memory_bytes,2423,-628800.0
replay,slowheat_beta_100,replay_memory_bytes,2729,-628800.0
replay,slowheat_beta_100,replay_memory_bytes,3037,-628800.0
replay,slowheat_beta_100,stored_logits_bytes,311,0.0
replay,slowheat_beta_100,stored_logits_bytes,617,0.0
replay,slowheat_beta_100,stored_logits_bytes,919,0.0
replay,slowheat_beta_100,stored_logits_bytes,1223,0.0
replay,slowheat_beta_100,stored_logits_bytes,1523,0.0
replay,slowheat_beta_100,stored_logits_bytes,1823,0.0
replay,slowheat_beta_100,stored_logits_bytes,2129,0.0
replay,slowheat_beta_100,stored_logits_bytes,2423,0.0
replay,slowheat_beta_100,stored_logits_bytes,2729,0.0
replay,slowheat_beta_100,stored_logits_bytes,3037,0.0
replay,slowheat_adaptive,final_average_accuracy,311,-0.05276000000000014
replay,slowheat_adaptive,final_average_accuracy,617,-0.04032000000000002
replay,slowheat_adaptive,final_average_accuracy,919,-0.05696000000000001
replay,slowheat_adaptive,final_average_accuracy,1223,-0.049599999999999866
replay,slowheat_adaptive,final_average_accuracy,1523,-0.07647999999999988
replay,slowheat_adaptive,final_average_accuracy,1823,-0.037920000000000065
replay,slowheat_adaptive,final_average_accuracy,2129,-0.04500000000000004
replay,slowheat_adaptive,final_average_accuracy,2423,-0.03795999999999988
replay,slowheat_adaptive,final_average_accuracy,2729,-0.033520000000000105
replay,slowheat_adaptive,final_average_accuracy,3037,-0.05663999999999991
replay,slowheat_adaptive,average_forgetting,311,0.05850000000000005
replay,slowheat_adaptive,average_forgetting,617,0.046949999999999964
replay,slowheat_adaptive,average_forgetting,919,0.06680000000000003
replay,slowheat_adaptive,average_forgetting,1223,0.057749999999999996
replay,slowheat_adaptive,average_forgetting,1523,0.08804999999999996
replay,slowheat_adaptive,average_forgetting,1823,0.042700000000000043
replay,slowheat_adaptive,average_forgetting,2129,0.05080000000000001
replay,slowheat_adaptive,average_forgetting,2423,0.04144999999999999
replay,slowheat_adaptive,average_forgetting,2729,0.037949999999999984
replay,slowheat_adaptive,average_forgetting,3037,0.06359999999999999
replay,slowheat_adaptive,backward_transfer,311,-0.05850000000000005
replay,slowheat_adaptive,backward_transfer,617,-0.046949999999999964
replay,slowheat_adaptive,backward_transfer,919,-0.06680000000000003
replay,slowheat_adaptive,backward_transfer,1223,-0.057749999999999996
replay,slowheat_adaptive,backward_transfer,1523,-0.08804999999999996
replay,slowheat_adaptive,backward_transfer,1823,-0.042700000000000043
replay,slowheat_adaptive,backward_transfer,2129,-0.05080000000000001
replay,slowheat_adaptive,backward_transfer,2423,-0.04144999999999999
replay,slowheat_adaptive,backward_transfer,2729,-0.037949999999999984
replay,slowheat_adaptive,backward_transfer,3037,-0.06359999999999999
replay,slowheat_adaptive,forward_transfer,311,-0.015149999999999997
replay,slowheat_adaptive,forward_transfer,617,-0.0051
replay,slowheat_adaptive,forward_transfer,919,0.007100000000000002
replay,slowheat_adaptive,forward_transfer,1223,-0.004400000000000001
replay,slowheat_adaptive,forward_transfer,1523,-0.002450000000000001
replay,slowheat_adaptive,forward_transfer,1823,-0.011600000000000003
replay,slowheat_adaptive,forward_transfer,2129,-0.011350000000000002
replay,slowheat_adaptive,forward_transfer,2423,-0.0032499999999999925
replay,slowheat_adaptive,forward_transfer,2729,-0.00010000000000000633
replay,slowheat_adaptive,forward_transfer,3037,-0.0033499999999999953
replay,slowheat_adaptive,task_aware_final_accuracy,311,-0.05276000000000014
replay,slowheat_adaptive,task_aware_final_accuracy,617,-0.04032000000000002
replay,slowheat_adaptive,task_aware_final_accuracy,919,-0.05696000000000001
replay,slowheat_adaptive,task_aware_final_accuracy,1223,-0.049599999999999866
replay,slowheat_adaptive,task_aware_final_accuracy,1523,-0.07647999999999988
replay,slowheat_adaptive,task_aware_final_accuracy,1823,-0.037920000000000065
replay,slowheat_adaptive,task_aware_final_accuracy,2129,-0.04500000000000004
replay,slowheat_adaptive,task_aware_final_accuracy,2423,-0.03795999999999988
replay,slowheat_adaptive,task_aware_final_accuracy,2729,-0.033520000000000105
replay,slowheat_adaptive,task_aware_final_accuracy,3037,-0.05663999999999991
replay,slowheat_adaptive,task_aware_forgetting,311,0.05850000000000005
replay,slowheat_adaptive,task_aware_forgetting,617,0.046949999999999964
replay,slowheat_adaptive,task_aware_forgetting,919,0.06680000000000003
replay,slowheat_adaptive,task_aware_forgetting,1223,0.057749999999999996
replay,slowheat_adaptive,task_aware_forgetting,1523,0.08804999999999996
replay,slowheat_adaptive,task_aware_forgetting,1823,0.042700000000000043
replay,slowheat_adaptive,task_aware_forgetting,2129,0.05080000000000001
replay,slowheat_adaptive,task_aware_forgetting,2423,0.04144999999999999
replay,slowheat_adaptive,task_aware_forgetting,2729,0.037949999999999984
replay,slowheat_adaptive,task_aware_forgetting,3037,0.06359999999999999
replay,slowheat_adaptive,classifier_gap,311,0.0
replay,slowheat_adaptive,classifier_gap,617,0.0
replay,slowheat_adaptive,classifier_gap,919,0.0
replay,slowheat_adaptive,classifier_gap,1223,0.0
replay,slowheat_adaptive,classifier_gap,1523,0.0
replay,slowheat_adaptive,classifier_gap,1823,0.0
replay,slowheat_adaptive,classifier_gap,2129,0.0
replay,slowheat_adaptive,classifier_gap,2423,0.0
replay,slowheat_adaptive,classifier_gap,2729,0.0
replay,slowheat_adaptive,classifier_gap,3037,0.0
replay,slowheat_adaptive,elapsed_seconds,311,7.232392918987898
replay,slowheat_adaptive,elapsed_seconds,617,7.558635661989683
replay,slowheat_adaptive,elapsed_seconds,919,7.539464086003136
replay,slowheat_adaptive,elapsed_seconds,1223,7.03672054503113
replay,slowheat_adaptive,elapsed_seconds,1523,7.352118667011382
replay,slowheat_adaptive,elapsed_seconds,1823,7.1723705859913025
replay,slowheat_adaptive,elapsed_seconds,2129,7.326286824012641
replay,slowheat_adaptive,elapsed_seconds,2423,8.126588298007846
replay,slowheat_adaptive,elapsed_seconds,2729,7.127713589987252
replay,slowheat_adaptive,elapsed_seconds,3037,7.6482769880094565
replay,slowheat_adaptive,learner_examples_processed,311,-202240.0
replay,slowheat_adaptive,learner_examples_processed,617,-202240.0
replay,slowheat_adaptive,learner_examples_processed,919,-202240.0
replay,slowheat_adaptive,learner_examples_processed,1223,-202240.0
replay,slowheat_adaptive,learner_examples_processed,1523,-202240.0
replay,slowheat_adaptive,learner_examples_processed,1823,-202240.0
replay,slowheat_adaptive,learner_examples_processed,2129,-202240.0
replay,slowheat_adaptive,learner_examples_processed,2423,-202240.0
replay,slowheat_adaptive,learner_examples_processed,2729,-202240.0
replay,slowheat_adaptive,learner_examples_processed,3037,-202240.0
replay,slowheat_adaptive,total_model_examples_processed,311,-202240.0
replay,slowheat_adaptive,total_model_examples_processed,617,-202240.0
replay,slowheat_adaptive,total_model_examples_processed,919,-202240.0
replay,slowheat_adaptive,total_model_examples_processed,1223,-202240.0
replay,slowheat_adaptive,total_model_examples_processed,1523,-202240.0
replay,slowheat_adaptive,total_model_examples_processed,1823,-202240.0
replay,slowheat_adaptive,total_model_examples_processed,2129,-202240.0
replay,slowheat_adaptive,total_model_examples_processed,2423,-202240.0
replay,slowheat_adaptive,total_model_examples_processed,2729,-202240.0
replay,slowheat_adaptive,total_model_examples_processed,3037,-202240.0
replay,slowheat_adaptive,estimated_total_flops,311,-645548995820.0
replay,slowheat_adaptive,estimated_total_flops,617,-645548995820.0
replay,slowheat_adaptive,estimated_total_flops,919,-645548995820.0
replay,slowheat_adaptive,estimated_total_flops,1223,-645548995820.0
replay,slowheat_adaptive,estimated_total_flops,1523,-645548995820.0
replay,slowheat_adaptive,estimated_total_flops,1823,-645548995820.0
replay,slowheat_adaptive,estimated_total_flops,2129,-645548995820.0
replay,slowheat_adaptive,estimated_total_flops,2423,-645548995820.0
replay,slowheat_adaptive,estimated_total_flops,2729,-645548995820.0
replay,slowheat_adaptive,estimated_total_flops,3037,-645548995820.0
replay,slowheat_adaptive,estimated_overhead_flops,311,3689941780.0
replay,slowheat_adaptive,estimated_overhead_flops,617,3689941780.0
replay,slowheat_adaptive,estimated_overhead_flops,919,3689941780.0
replay,slowheat_adaptive,estimated_overhead_flops,1223,3689941780.0
replay,slowheat_adaptive,estimated_overhead_flops,1523,3689941780.0
replay,slowheat_adaptive,estimated_overhead_flops,1823,3689941780.0
replay,slowheat_adaptive,estimated_overhead_flops,2129,3689941780.0
replay,slowheat_adaptive,estimated_overhead_flops,2423,3689941780.0
replay,slowheat_adaptive,estimated_overhead_flops,2729,3689941780.0
replay,slowheat_adaptive,estimated_overhead_flops,3037,3689941780.0
replay,slowheat_adaptive,replay_memory_bytes,311,-628800.0
replay,slowheat_adaptive,replay_memory_bytes,617,-628800.0
replay,slowheat_adaptive,replay_memory_bytes,919,-628800.0
replay,slowheat_adaptive,replay_memory_bytes,1223,-628800.0
replay,slowheat_adaptive,replay_memory_bytes,1523,-628800.0
replay,slowheat_adaptive,replay_memory_bytes,1823,-628800.0
replay,slowheat_adaptive,replay_memory_bytes,2129,-628800.0
replay,slowheat_adaptive,replay_memory_bytes,2423,-628800.0
replay,slowheat_adaptive,replay_memory_bytes,2729,-628800.0
replay,slowheat_adaptive,replay_memory_bytes,3037,-628800.0
replay,slowheat_adaptive,stored_logits_bytes,311,0.0
replay,slowheat_adaptive,stored_logits_bytes,617,0.0
replay,slowheat_adaptive,stored_logits_bytes,919,0.0
replay,slowheat_adaptive,stored_logits_bytes,1223,0.0
replay,slowheat_adaptive,stored_logits_bytes,1523,0.0
replay,slowheat_adaptive,stored_logits_bytes,1823,0.0
replay,slowheat_adaptive,stored_logits_bytes,2129,0.0
replay,slowheat_adaptive,stored_logits_bytes,2423,0.0
replay,slowheat_adaptive,stored_logits_bytes,2729,0.0
replay,slowheat_adaptive,stored_logits_bytes,3037,0.0
replay,slowheat_native_state,final_average_accuracy,311,-0.014800000000000146
replay,slowheat_native_state,final_average_accuracy,617,-0.02071999999999985
replay,slowheat_native_state,final_average_accuracy,919,-0.025719999999999965
replay,slowheat_native_state,final_average_accuracy,1223,-0.017119999999999913
replay,slowheat_native_state,final_average_accuracy,1523,-0.03711999999999982
replay,slowheat_native_state,final_average_accuracy,1823,0.0015599999999998948
replay,slowheat_native_state,final_average_accuracy,2129,-0.018079999999999985
replay,slowheat_native_state,final_average_accuracy,2423,-0.01855999999999991
replay,slowheat_native_state,final_average_accuracy,2729,-0.0017999999999999128
replay,slowheat_native_state,final_average_accuracy,3037,-0.035439999999999916
replay,slowheat_native_state,average_forgetting,311,0.008600000000000024
replay,slowheat_native_state,average_forgetting,617,0.02260000000000001
replay,slowheat_native_state,average_forgetting,919,0.027400000000000008
replay,slowheat_native_state,average_forgetting,1223,0.01739999999999997
replay,slowheat_native_state,average_forgetting,1523,0.038349999999999995
replay,slowheat_native_state,average_forgetting,1823,-0.0060999999999999666
replay,slowheat_native_state,average_forgetting,2129,0.01689999999999997
replay,slowheat_native_state,average_forgetting,2423,0.01919999999999994
replay,slowheat_native_state,average_forgetting,2729,-0.0013999999999999568
replay,slowheat_native_state,average_forgetting,3037,0.03639999999999999
replay,slowheat_native_state,backward_transfer,311,-0.008600000000000024
replay,slowheat_native_state,backward_transfer,617,-0.02260000000000001
replay,slowheat_native_state,backward_transfer,919,-0.027400000000000008
replay,slowheat_native_state,backward_transfer,1223,-0.01739999999999997
replay,slowheat_native_state,backward_transfer,1523,-0.038349999999999995
replay,slowheat_native_state,backward_transfer,1823,0.0060999999999999666
replay,slowheat_native_state,backward_transfer,2129,-0.01689999999999997
replay,slowheat_native_state,backward_transfer,2423,-0.01919999999999994
replay,slowheat_native_state,backward_transfer,2729,0.0013999999999999568
replay,slowheat_native_state,backward_transfer,3037,-0.03639999999999999
replay,slowheat_native_state,forward_transfer,311,-0.011099999999999999
replay,slowheat_native_state,forward_transfer,617,-0.013099999999999997
replay,slowheat_native_state,forward_transfer,919,0.002649999999999996
replay,slowheat_native_state,forward_transfer,1223,-0.010200000000000004
replay,slowheat_native_state,forward_transfer,1523,-0.005700000000000004
replay,slowheat_native_state,forward_transfer,1823,-0.011950000000000006
replay,slowheat_native_state,forward_transfer,2129,-0.011200000000000002
replay,slowheat_native_state,forward_transfer,2423,-0.004749999999999997
replay,slowheat_native_state,forward_transfer,2729,-0.002650000000000003
replay,slowheat_native_state,forward_transfer,3037,-0.00049999999999999
replay,slowheat_native_state,task_aware_final_accuracy,311,-0.014800000000000146
replay,slowheat_native_state,task_aware_final_accuracy,617,-0.02071999999999985
replay,slowheat_native_state,task_aware_final_accuracy,919,-0.025719999999999965
replay,slowheat_native_state,task_aware_final_accuracy,1223,-0.017119999999999913
replay,slowheat_native_state,task_aware_final_accuracy,1523,-0.03711999999999982
replay,slowheat_native_state,task_aware_final_accuracy,1823,0.0015599999999998948
replay,slowheat_native_state,task_aware_final_accuracy,2129,-0.018079999999999985
replay,slowheat_native_state,task_aware_final_accuracy,2423,-0.01855999999999991
replay,slowheat_native_state,task_aware_final_accuracy,2729,-0.0017999999999999128
replay,slowheat_native_state,task_aware_final_accuracy,3037,-0.035439999999999916
replay,slowheat_native_state,task_aware_forgetting,311,0.008600000000000024
replay,slowheat_native_state,task_aware_forgetting,617,0.02260000000000001
replay,slowheat_native_state,task_aware_forgetting,919,0.027400000000000008
replay,slowheat_native_state,task_aware_forgetting,1223,0.01739999999999997
replay,slowheat_native_state,task_aware_forgetting,1523,0.038349999999999995
replay,slowheat_native_state,task_aware_forgetting,1823,-0.0060999999999999666
replay,slowheat_native_state,task_aware_forgetting,2129,0.01689999999999997
replay,slowheat_native_state,task_aware_forgetting,2423,0.01919999999999994
replay,slowheat_native_state,task_aware_forgetting,2729,-0.0013999999999999568
replay,slowheat_native_state,task_aware_forgetting,3037,0.03639999999999999
replay,slowheat_native_state,classifier_gap,311,0.0
replay,slowheat_native_state,classifier_gap,617,0.0
replay,slowheat_native_state,classifier_gap,919,0.0
replay,slowheat_native_state,classifier_gap,1223,0.0
replay,slowheat_native_state,classifier_gap,1523,0.0
replay,slowheat_native_state,classifier_gap,1823,0.0
replay,slowheat_native_state,classifier_gap,2129,0.0
replay,slowheat_native_state,classifier_gap,2423,0.0
replay,slowheat_native_state,classifier_gap,2729,0.0
replay,slowheat_native_state,classifier_gap,3037,0.0
replay,slowheat_native_state,elapsed_seconds,311,5.439435905980645
replay,slowheat_native_state,elapsed_seconds,617,5.766997361992253
replay,slowheat_native_state,elapsed_seconds,919,5.737449918029597
replay,slowheat_native_state,elapsed_seconds,1223,5.298416047007777
replay,slowheat_native_state,elapsed_seconds,1523,5.510513671004446
replay,slowheat_native_state,elapsed_seconds,1823,5.571460734994616
replay,slowheat_native_state,elapsed_seconds,2129,5.641119989013532
replay,slowheat_native_state,elapsed_seconds,2423,6.322374581010081
replay,slowheat_native_state,elapsed_seconds,2729,5.381227020989172
replay,slowheat_native_state,elapsed_seconds,3037,5.861243398976512
replay,slowheat_native_state,learner_examples_processed,311,-202240.0
replay,slowheat_native_state,learner_examples_processed,617,-202240.0
replay,slowheat_native_state,learner_examples_processed,919,-202240.0
replay,slowheat_native_state,learner_examples_processed,1223,-202240.0
replay,slowheat_native_state,learner_examples_processed,1523,-202240.0
replay,slowheat_native_state,learner_examples_processed,1823,-202240.0
replay,slowheat_native_state,learner_examples_processed,2129,-202240.0
replay,slowheat_native_state,learner_examples_processed,2423,-202240.0
replay,slowheat_native_state,learner_examples_processed,2729,-202240.0
replay,slowheat_native_state,learner_examples_processed,3037,-202240.0
replay,slowheat_native_state,total_model_examples_processed,311,-202240.0
replay,slowheat_native_state,total_model_examples_processed,617,-202240.0
replay,slowheat_native_state,total_model_examples_processed,919,-202240.0
replay,slowheat_native_state,total_model_examples_processed,1223,-202240.0
replay,slowheat_native_state,total_model_examples_processed,1523,-202240.0
replay,slowheat_native_state,total_model_examples_processed,1823,-202240.0
replay,slowheat_native_state,total_model_examples_processed,2129,-202240.0
replay,slowheat_native_state,total_model_examples_processed,2423,-202240.0
replay,slowheat_native_state,total_model_examples_processed,2729,-202240.0
replay,slowheat_native_state,total_model_examples_processed,3037,-202240.0
replay,slowheat_native_state,estimated_total_flops,311,-645548995820.0
replay,slowheat_native_state,estimated_total_flops,617,-645548995820.0
replay,slowheat_native_state,estimated_total_flops,919,-645548995820.0
replay,slowheat_native_state,estimated_total_flops,1223,-645548995820.0
replay,slowheat_native_state,estimated_total_flops,1523,-645548995820.0
replay,slowheat_native_state,estimated_total_flops,1823,-645548995820.0
replay,slowheat_native_state,estimated_total_flops,2129,-645548995820.0
replay,slowheat_native_state,estimated_total_flops,2423,-645548995820.0
replay,slowheat_native_state,estimated_total_flops,2729,-645548995820.0
replay,slowheat_native_state,estimated_total_flops,3037,-645548995820.0
replay,slowheat_native_state,estimated_overhead_flops,311,3689941780.0
replay,slowheat_native_state,estimated_overhead_flops,617,3689941780.0
replay,slowheat_native_state,estimated_overhead_flops,919,3689941780.0
replay,slowheat_native_state,estimated_overhead_flops,1223,3689941780.0
replay,slowheat_native_state,estimated_overhead_flops,1523,3689941780.0
replay,slowheat_native_state,estimated_overhead_flops,1823,3689941780.0
replay,slowheat_native_state,estimated_overhead_flops,2129,3689941780.0
replay,slowheat_native_state,estimated_overhead_flops,2423,3689941780.0
replay,slowheat_native_state,estimated_overhead_flops,2729,3689941780.0
replay,slowheat_native_state,estimated_overhead_flops,3037,3689941780.0
replay,slowheat_native_state,replay_memory_bytes,311,-628800.0
replay,slowheat_native_state,replay_memory_bytes,617,-628800.0
replay,slowheat_native_state,replay_memory_bytes,919,-628800.0
replay,slowheat_native_state,replay_memory_bytes,1223,-628800.0
replay,slowheat_native_state,replay_memory_bytes,1523,-628800.0
replay,slowheat_native_state,replay_memory_bytes,1823,-628800.0
replay,slowheat_native_state,replay_memory_bytes,2129,-628800.0
replay,slowheat_native_state,replay_memory_bytes,2423,-628800.0
replay,slowheat_native_state,replay_memory_bytes,2729,-628800.0
replay,slowheat_native_state,replay_memory_bytes,3037,-628800.0
replay,slowheat_native_state,stored_logits_bytes,311,0.0
replay,slowheat_native_state,stored_logits_bytes,617,0.0
replay,slowheat_native_state,stored_logits_bytes,919,0.0
replay,slowheat_native_state,stored_logits_bytes,1223,0.0
replay,slowheat_native_state,stored_logits_bytes,1523,0.0
replay,slowheat_native_state,stored_logits_bytes,1823,0.0
replay,slowheat_native_state,stored_logits_bytes,2129,0.0
replay,slowheat_native_state,stored_logits_bytes,2423,0.0
replay,slowheat_native_state,stored_logits_bytes,2729,0.0
replay,slowheat_native_state,stored_logits_bytes,3037,0.0
replay,slowheat_unidirectional,final_average_accuracy,311,-0.10464000000000018
replay,slowheat_unidirectional,final_average_accuracy,617,-0.08875999999999995
replay,slowheat_unidirectional,final_average_accuracy,919,-0.12043999999999999
replay,slowheat_unidirectional,final_average_accuracy,1223,-0.12163999999999986
replay,slowheat_unidirectional,final_average_accuracy,1523,-0.12135999999999991
replay,slowheat_unidirectional,final_average_accuracy,1823,-0.07236000000000009
replay,slowheat_unidirectional,final_average_accuracy,2129,-0.07507999999999992
replay,slowheat_unidirectional,final_average_accuracy,2423,-0.10992000000000002
replay,slowheat_unidirectional,final_average_accuracy,2729,-0.08363999999999994
replay,slowheat_unidirectional,final_average_accuracy,3037,-0.12331999999999999
replay,slowheat_unidirectional,average_forgetting,311,0.12180000000000005
replay,slowheat_unidirectional,average_forgetting,617,0.10629999999999998
replay,slowheat_unidirectional,average_forgetting,919,0.14745000000000003
replay,slowheat_unidirectional,average_forgetting,1223,0.14875
replay,slowheat_unidirectional,average_forgetting,1523,0.14564999999999997
replay,slowheat_unidirectional,average_forgetting,1823,0.08515
replay,slowheat_unidirectional,average_forgetting,2129,0.08789999999999998
replay,slowheat_unidirectional,average_forgetting,2423,0.13204999999999997
replay,slowheat_unidirectional,average_forgetting,2729,0.10220000000000004
replay,slowheat_unidirectional,average_forgetting,3037,0.14740000000000003
replay,slowheat_unidirectional,backward_transfer,311,-0.12180000000000005
replay,slowheat_unidirectional,backward_transfer,617,-0.10629999999999998
replay,slowheat_unidirectional,backward_transfer,919,-0.14745000000000003
replay,slowheat_unidirectional,backward_transfer,1223,-0.14875
replay,slowheat_unidirectional,backward_transfer,1523,-0.14564999999999997
replay,slowheat_unidirectional,backward_transfer,1823,-0.08515
replay,slowheat_unidirectional,backward_transfer,2129,-0.08789999999999998
replay,slowheat_unidirectional,backward_transfer,2423,-0.13204999999999997
replay,slowheat_unidirectional,backward_transfer,2729,-0.10220000000000004
replay,slowheat_unidirectional,backward_transfer,3037,-0.14740000000000003
replay,slowheat_unidirectional,forward_transfer,311,-0.012599999999999997
replay,slowheat_unidirectional,forward_transfer,617,-0.0075
replay,slowheat_unidirectional,forward_transfer,919,0.005699999999999997
replay,slowheat_unidirectional,forward_transfer,1223,-0.007950000000000004
replay,slowheat_unidirectional,forward_transfer,1523,-0.004200000000000002
replay,slowheat_unidirectional,forward_transfer,1823,-0.009950000000000004
replay,slowheat_unidirectional,forward_transfer,2129,-0.016100000000000003
replay,slowheat_unidirectional,forward_transfer,2423,-0.0015000000000000013
replay,slowheat_unidirectional,forward_transfer,2729,0.0010499999999999954
replay,slowheat_unidirectional,forward_transfer,3037,-0.0020999999999999942
replay,slowheat_unidirectional,task_aware_final_accuracy,311,-0.10464000000000018
replay,slowheat_unidirectional,task_aware_final_accuracy,617,-0.08875999999999995
replay,slowheat_unidirectional,task_aware_final_accuracy,919,-0.12043999999999999
replay,slowheat_unidirectional,task_aware_final_accuracy,1223,-0.12163999999999986
replay,slowheat_unidirectional,task_aware_final_accuracy,1523,-0.12135999999999991
replay,slowheat_unidirectional,task_aware_final_accuracy,1823,-0.07236000000000009
replay,slowheat_unidirectional,task_aware_final_accuracy,2129,-0.07507999999999992
replay,slowheat_unidirectional,task_aware_final_accuracy,2423,-0.10992000000000002
replay,slowheat_unidirectional,task_aware_final_accuracy,2729,-0.08363999999999994
replay,slowheat_unidirectional,task_aware_final_accuracy,3037,-0.12331999999999999
replay,slowheat_unidirectional,task_aware_forgetting,311,0.12180000000000005
replay,slowheat_unidirectional,task_aware_forgetting,617,0.10629999999999998
replay,slowheat_unidirectional,task_aware_forgetting,919,0.14745000000000003
replay,slowheat_unidirectional,task_aware_forgetting,1223,0.14875
replay,slowheat_unidirectional,task_aware_forgetting,1523,0.14564999999999997
replay,slowheat_unidirectional,task_aware_forgetting,1823,0.08515
replay,slowheat_unidirectional,task_aware_forgetting,2129,0.08789999999999998
replay,slowheat_unidirectional,task_aware_forgetting,2423,0.13204999999999997
replay,slowheat_unidirectional,task_aware_forgetting,2729,0.10220000000000004
replay,slowheat_unidirectional,task_aware_forgetting,3037,0.14740000000000003
replay,slowheat_unidirectional,classifier_gap,311,0.0
replay,slowheat_unidirectional,classifier_gap,617,0.0
replay,slowheat_unidirectional,classifier_gap,919,0.0
replay,slowheat_unidirectional,classifier_gap,1223,0.0
replay,slowheat_unidirectional,classifier_gap,1523,0.0
replay,slowheat_unidirectional,classifier_gap,1823,0.0
replay,slowheat_unidirectional,classifier_gap,2129,0.0
replay,slowheat_unidirectional,classifier_gap,2423,0.0
replay,slowheat_unidirectional,classifier_gap,2729,0.0
replay,slowheat_unidirectional,classifier_gap,3037,0.0
replay,slowheat_unidirectional,elapsed_seconds,311,6.6344485220033675
replay,slowheat_unidirectional,elapsed_seconds,617,6.968643959000474
replay,slowheat_unidirectional,elapsed_seconds,919,7.164858578034909
replay,slowheat_unidirectional,elapsed_seconds,1223,6.421262278017821
replay,slowheat_unidirectional,elapsed_seconds,1523,6.877135724003892
replay,slowheat_unidirectional,elapsed_seconds,1823,6.677017764974153
replay,slowheat_unidirectional,elapsed_seconds,2129,6.80176996299997
replay,slowheat_unidirectional,elapsed_seconds,2423,7.529873958003009
replay,slowheat_unidirectional,elapsed_seconds,2729,6.429692164005246
replay,slowheat_unidirectional,elapsed_seconds,3037,6.951902665983653
replay,slowheat_unidirectional,learner_examples_processed,311,-202240.0
replay,slowheat_unidirectional,learner_examples_processed,617,-202240.0
replay,slowheat_unidirectional,learner_examples_processed,919,-202240.0
replay,slowheat_unidirectional,learner_examples_processed,1223,-202240.0
replay,slowheat_unidirectional,learner_examples_processed,1523,-202240.0
replay,slowheat_unidirectional,learner_examples_processed,1823,-202240.0
replay,slowheat_unidirectional,learner_examples_processed,2129,-202240.0
replay,slowheat_unidirectional,learner_examples_processed,2423,-202240.0
replay,slowheat_unidirectional,learner_examples_processed,2729,-202240.0
replay,slowheat_unidirectional,learner_examples_processed,3037,-202240.0
replay,slowheat_unidirectional,total_model_examples_processed,311,-202240.0
replay,slowheat_unidirectional,total_model_examples_processed,617,-202240.0
replay,slowheat_unidirectional,total_model_examples_processed,919,-202240.0
replay,slowheat_unidirectional,total_model_examples_processed,1223,-202240.0
replay,slowheat_unidirectional,total_model_examples_processed,1523,-202240.0
replay,slowheat_unidirectional,total_model_examples_processed,1823,-202240.0
replay,slowheat_unidirectional,total_model_examples_processed,2129,-202240.0
replay,slowheat_unidirectional,total_model_examples_processed,2423,-202240.0
replay,slowheat_unidirectional,total_model_examples_processed,2729,-202240.0
replay,slowheat_unidirectional,total_model_examples_processed,3037,-202240.0
replay,slowheat_unidirectional,estimated_total_flops,311,-645548995820.0
replay,slowheat_unidirectional,estimated_total_flops,617,-645548995820.0
replay,slowheat_unidirectional,estimated_total_flops,919,-645548995820.0
replay,slowheat_unidirectional,estimated_total_flops,1223,-645548995820.0
replay,slowheat_unidirectional,estimated_total_flops,1523,-645548995820.0
replay,slowheat_unidirectional,estimated_total_flops,1823,-645548995820.0
replay,slowheat_unidirectional,estimated_total_flops,2129,-645548995820.0
replay,slowheat_unidirectional,estimated_total_flops,2423,-645548995820.0
replay,slowheat_unidirectional,estimated_total_flops,2729,-645548995820.0
replay,slowheat_unidirectional,estimated_total_flops,3037,-645548995820.0
replay,slowheat_unidirectional,estimated_overhead_flops,311,3689941780.0
replay,slowheat_unidirectional,estimated_overhead_flops,617,3689941780.0
replay,slowheat_unidirectional,estimated_overhead_flops,919,3689941780.0
replay,slowheat_unidirectional,estimated_overhead_flops,1223,3689941780.0
replay,slowheat_unidirectional,estimated_overhead_flops,1523,3689941780.0
replay,slowheat_unidirectional,estimated_overhead_flops,1823,3689941780.0
replay,slowheat_unidirectional,estimated_overhead_flops,2129,3689941780.0
replay,slowheat_unidirectional,estimated_overhead_flops,2423,3689941780.0
replay,slowheat_unidirectional,estimated_overhead_flops,2729,3689941780.0
replay,slowheat_unidirectional,estimated_overhead_flops,3037,3689941780.0
replay,slowheat_unidirectional,replay_memory_bytes,311,-628800.0
replay,slowheat_unidirectional,replay_memory_bytes,617,-628800.0
replay,slowheat_unidirectional,replay_memory_bytes,919,-628800.0
replay,slowheat_unidirectional,replay_memory_bytes,1223,-628800.0
replay,slowheat_unidirectional,replay_memory_bytes,1523,-628800.0
replay,slowheat_unidirectional,replay_memory_bytes,1823,-628800.0
replay,slowheat_unidirectional,replay_memory_bytes,2129,-628800.0
replay,slowheat_unidirectional,replay_memory_bytes,2423,-628800.0
replay,slowheat_unidirectional,replay_memory_bytes,2729,-628800.0
replay,slowheat_unidirectional,replay_memory_bytes,3037,-628800.0
replay,slowheat_unidirectional,stored_logits_bytes,311,0.0
replay,slowheat_unidirectional,stored_logits_bytes,617,0.0
replay,slowheat_unidirectional,stored_logits_bytes,919,0.0
replay,slowheat_unidirectional,stored_logits_bytes,1223,0.0
replay,slowheat_unidirectional,stored_logits_bytes,1523,0.0
replay,slowheat_unidirectional,stored_logits_bytes,1823,0.0
replay,slowheat_unidirectional,stored_logits_bytes,2129,0.0
replay,slowheat_unidirectional,stored_logits_bytes,2423,0.0
replay,slowheat_unidirectional,stored_logits_bytes,2729,0.0
replay,slowheat_unidirectional,stored_logits_bytes,3037,0.0
replay,slowheat_unbudgeted,final_average_accuracy,311,-0.046800000000000175
replay,slowheat_unbudgeted,final_average_accuracy,617,-0.029919999999999947
replay,slowheat_unbudgeted,final_average_accuracy,919,-0.04391999999999996
replay,slowheat_unbudgeted,final_average_accuracy,1223,-0.05928000000000011
replay,slowheat_unbudgeted,final_average_accuracy,1523,-0.08439999999999981
replay,slowheat_unbudgeted,final_average_accuracy,1823,-0.05156000000000005
replay,slowheat_unbudgeted,final_average_accuracy,2129,-0.043279999999999874
replay,slowheat_unbudgeted,final_average_accuracy,2423,-0.03595999999999988
replay,slowheat_unbudgeted,final_average_accuracy,2729,-0.027559999999999918
replay,slowheat_unbudgeted,final_average_accuracy,3037,-0.0526399999999998
replay,slowheat_unbudgeted,average_forgetting,311,0.05025000000000002
replay,slowheat_unbudgeted,average_forgetting,617,0.03125
replay,slowheat_unbudgeted,average_forgetting,919,0.04865
replay,slowheat_unbudgeted,average_forgetting,1223,0.06679999999999997
replay,slowheat_unbudgeted,average_forgetting,1523,0.09659999999999999
replay,slowheat_unbudgeted,average_forgetting,1823,0.05880000000000005
replay,slowheat_unbudgeted,average_forgetting,2129,0.04754999999999998
replay,slowheat_unbudgeted,average_forgetting,2423,0.039049999999999946
replay,slowheat_unbudgeted,average_forgetting,2729,0.02920000000000006
replay,slowheat_unbudgeted,average_forgetting,3037,0.05840000000000001
replay,slowheat_unbudgeted,backward_transfer,311,-0.05025000000000002
replay,slowheat_unbudgeted,backward_transfer,617,-0.03125
replay,slowheat_unbudgeted,backward_transfer,919,-0.04865
replay,slowheat_unbudgeted,backward_transfer,1223,-0.06679999999999997
replay,slowheat_unbudgeted,backward_transfer,1523,-0.09659999999999999
replay,slowheat_unbudgeted,backward_transfer,1823,-0.05880000000000005
replay,slowheat_unbudgeted,backward_transfer,2129,-0.04754999999999998
replay,slowheat_unbudgeted,backward_transfer,2423,-0.039049999999999946
replay,slowheat_unbudgeted,backward_transfer,2729,-0.02920000000000006
replay,slowheat_unbudgeted,backward_transfer,3037,-0.05840000000000001
replay,slowheat_unbudgeted,forward_transfer,311,-0.008349999999999996
replay,slowheat_unbudgeted,forward_transfer,617,-0.009399999999999999
replay,slowheat_unbudgeted,forward_transfer,919,0.006400000000000003
replay,slowheat_unbudgeted,forward_transfer,1223,-0.006350000000000005
replay,slowheat_unbudgeted,forward_transfer,1523,-0.004250000000000004
replay,slowheat_unbudgeted,forward_transfer,1823,-0.007450000000000002
replay,slowheat_unbudgeted,forward_transfer,2129,-0.010250000000000002
replay,slowheat_unbudgeted,forward_transfer,2423,-0.007149999999999993
replay,slowheat_unbudgeted,forward_transfer,2729,-0.006750000000000006
replay,slowheat_unbudgeted,forward_transfer,3037,-0.00019999999999999185
replay,slowheat_unbudgeted,task_aware_final_accuracy,311,-0.046800000000000175
replay,slowheat_unbudgeted,task_aware_final_accuracy,617,-0.029919999999999947
replay,slowheat_unbudgeted,task_aware_final_accuracy,919,-0.04391999999999996
replay,slowheat_unbudgeted,task_aware_final_accuracy,1223,-0.05928000000000011
replay,slowheat_unbudgeted,task_aware_final_accuracy,1523,-0.08439999999999981
replay,slowheat_unbudgeted,task_aware_final_accuracy,1823,-0.05156000000000005
replay,slowheat_unbudgeted,task_aware_final_accuracy,2129,-0.043279999999999874
replay,slowheat_unbudgeted,task_aware_final_accuracy,2423,-0.03595999999999988
replay,slowheat_unbudgeted,task_aware_final_accuracy,2729,-0.027559999999999918
replay,slowheat_unbudgeted,task_aware_final_accuracy,3037,-0.0526399999999998
replay,slowheat_unbudgeted,task_aware_forgetting,311,0.05025000000000002
replay,slowheat_unbudgeted,task_aware_forgetting,617,0.03125
replay,slowheat_unbudgeted,task_aware_forgetting,919,0.04865
replay,slowheat_unbudgeted,task_aware_forgetting,1223,0.06679999999999997
replay,slowheat_unbudgeted,task_aware_forgetting,1523,0.09659999999999999
replay,slowheat_unbudgeted,task_aware_forgetting,1823,0.05880000000000005
replay,slowheat_unbudgeted,task_aware_forgetting,2129,0.04754999999999998
replay,slowheat_unbudgeted,task_aware_forgetting,2423,0.039049999999999946
replay,slowheat_unbudgeted,task_aware_forgetting,2729,0.02920000000000006
replay,slowheat_unbudgeted,task_aware_forgetting,3037,0.05840000000000001
replay,slowheat_unbudgeted,classifier_gap,311,0.0
replay,slowheat_unbudgeted,classifier_gap,617,0.0
replay,slowheat_unbudgeted,classifier_gap,919,0.0
replay,slowheat_unbudgeted,classifier_gap,1223,0.0
replay,slowheat_unbudgeted,classifier_gap,1523,0.0
replay,slowheat_unbudgeted,classifier_gap,1823,0.0
replay,slowheat_unbudgeted,classifier_gap,2129,0.0
replay,slowheat_unbudgeted,classifier_gap,2423,0.0
replay,slowheat_unbudgeted,classifier_gap,2729,0.0
replay,slowheat_unbudgeted,classifier_gap,3037,0.0
replay,slowheat_unbudgeted,elapsed_seconds,311,7.214418201998342
replay,slowheat_unbudgeted,elapsed_seconds,617,7.522683496004902
replay,slowheat_unbudgeted,elapsed_seconds,919,7.521444938000059
replay,slowheat_unbudgeted,elapsed_seconds,1223,6.982567349012243
replay,slowheat_unbudgeted,elapsed_seconds,1523,7.325165566988289
replay,slowheat_unbudgeted,elapsed_seconds,1823,6.865299421013333
replay,slowheat_unbudgeted,elapsed_seconds,2129,7.3435510320123285
replay,slowheat_unbudgeted,elapsed_seconds,2423,8.130454297031974
replay,slowheat_unbudgeted,elapsed_seconds,2729,7.093394933006493
replay,slowheat_unbudgeted,elapsed_seconds,3037,7.397412566991989
replay,slowheat_unbudgeted,learner_examples_processed,311,-202240.0
replay,slowheat_unbudgeted,learner_examples_processed,617,-202240.0
replay,slowheat_unbudgeted,learner_examples_processed,919,-202240.0
replay,slowheat_unbudgeted,learner_examples_processed,1223,-202240.0
replay,slowheat_unbudgeted,learner_examples_processed,1523,-202240.0
replay,slowheat_unbudgeted,learner_examples_processed,1823,-202240.0
replay,slowheat_unbudgeted,learner_examples_processed,2129,-202240.0
replay,slowheat_unbudgeted,learner_examples_processed,2423,-202240.0
replay,slowheat_unbudgeted,learner_examples_processed,2729,-202240.0
replay,slowheat_unbudgeted,learner_examples_processed,3037,-202240.0
replay,slowheat_unbudgeted,total_model_examples_processed,311,-202240.0
replay,slowheat_unbudgeted,total_model_examples_processed,617,-202240.0
replay,slowheat_unbudgeted,total_model_examples_processed,919,-202240.0
replay,slowheat_unbudgeted,total_model_examples_processed,1223,-202240.0
replay,slowheat_unbudgeted,total_model_examples_processed,1523,-202240.0
replay,slowheat_unbudgeted,total_model_examples_processed,1823,-202240.0
replay,slowheat_unbudgeted,total_model_examples_processed,2129,-202240.0
replay,slowheat_unbudgeted,total_model_examples_processed,2423,-202240.0
replay,slowheat_unbudgeted,total_model_examples_processed,2729,-202240.0
replay,slowheat_unbudgeted,total_model_examples_processed,3037,-202240.0
replay,slowheat_unbudgeted,estimated_total_flops,311,-645548995820.0
replay,slowheat_unbudgeted,estimated_total_flops,617,-645548995820.0
replay,slowheat_unbudgeted,estimated_total_flops,919,-645548995820.0
replay,slowheat_unbudgeted,estimated_total_flops,1223,-645548995820.0
replay,slowheat_unbudgeted,estimated_total_flops,1523,-645548995820.0
replay,slowheat_unbudgeted,estimated_total_flops,1823,-645548995820.0
replay,slowheat_unbudgeted,estimated_total_flops,2129,-645548995820.0
replay,slowheat_unbudgeted,estimated_total_flops,2423,-645548995820.0
replay,slowheat_unbudgeted,estimated_total_flops,2729,-645548995820.0
replay,slowheat_unbudgeted,estimated_total_flops,3037,-645548995820.0
replay,slowheat_unbudgeted,estimated_overhead_flops,311,3689941780.0
replay,slowheat_unbudgeted,estimated_overhead_flops,617,3689941780.0
replay,slowheat_unbudgeted,estimated_overhead_flops,919,3689941780.0
replay,slowheat_unbudgeted,estimated_overhead_flops,1223,3689941780.0
replay,slowheat_unbudgeted,estimated_overhead_flops,1523,3689941780.0
replay,slowheat_unbudgeted,estimated_overhead_flops,1823,3689941780.0
replay,slowheat_unbudgeted,estimated_overhead_flops,2129,3689941780.0
replay,slowheat_unbudgeted,estimated_overhead_flops,2423,3689941780.0
replay,slowheat_unbudgeted,estimated_overhead_flops,2729,3689941780.0
replay,slowheat_unbudgeted,estimated_overhead_flops,3037,3689941780.0
replay,slowheat_unbudgeted,replay_memory_bytes,311,-628800.0
replay,slowheat_unbudgeted,replay_memory_bytes,617,-628800.0
replay,slowheat_unbudgeted,replay_memory_bytes,919,-628800.0
replay,slowheat_unbudgeted,replay_memory_bytes,1223,-628800.0
replay,slowheat_unbudgeted,replay_memory_bytes,1523,-628800.0
replay,slowheat_unbudgeted,replay_memory_bytes,1823,-628800.0
replay,slowheat_unbudgeted,replay_memory_bytes,2129,-628800.0
replay,slowheat_unbudgeted,replay_memory_bytes,2423,-628800.0
replay,slowheat_unbudgeted,replay_memory_bytes,2729,-628800.0
replay,slowheat_unbudgeted,replay_memory_bytes,3037,-628800.0
replay,slowheat_unbudgeted,stored_logits_bytes,311,0.0
replay,slowheat_unbudgeted,stored_logits_bytes,617,0.0
replay,slowheat_unbudgeted,stored_logits_bytes,919,0.0
replay,slowheat_unbudgeted,stored_logits_bytes,1223,0.0
replay,slowheat_unbudgeted,stored_logits_bytes,1523,0.0
replay,slowheat_unbudgeted,stored_logits_bytes,1823,0.0
replay,slowheat_unbudgeted,stored_logits_bytes,2129,0.0
replay,slowheat_unbudgeted,stored_logits_bytes,2423,0.0
replay,slowheat_unbudgeted,stored_logits_bytes,2729,0.0
replay,slowheat_unbudgeted,stored_logits_bytes,3037,0.0
replay,slowheat_none,final_average_accuracy,311,-0.22052000000000005
replay,slowheat_none,final_average_accuracy,617,-0.2547999999999999
replay,slowheat_none,final_average_accuracy,919,-0.21295999999999993
replay,slowheat_none,final_average_accuracy,1223,-0.22931999999999997
replay,slowheat_none,final_average_accuracy,1523,-0.27515999999999985
replay,slowheat_none,final_average_accuracy,1823,-0.2109200000000001
replay,slowheat_none,final_average_accuracy,2129,-0.22775999999999996
replay,slowheat_none,final_average_accuracy,2423,-0.2412399999999999
replay,slowheat_none,final_average_accuracy,2729,-0.1393200000000001
replay,slowheat_none,final_average_accuracy,3037,-0.22767999999999988
replay,slowheat_none,average_forgetting,311,0.27375000000000005
replay,slowheat_none,average_forgetting,617,0.3189
replay,slowheat_none,average_forgetting,919,0.26745
replay,slowheat_none,average_forgetting,1223,0.28750000000000003
replay,slowheat_none,average_forgetting,1523,0.34164999999999995
replay,slowheat_none,average_forgetting,1823,0.2643
replay,slowheat_none,average_forgetting,2129,0.2848
replay,slowheat_none,average_forgetting,2423,0.30285000000000006
replay,slowheat_none,average_forgetting,2729,0.17575000000000002
replay,slowheat_none,average_forgetting,3037,0.28455
replay,slowheat_none,backward_transfer,311,-0.27375000000000005
replay,slowheat_none,backward_transfer,617,-0.3189
replay,slowheat_none,backward_transfer,919,-0.26745
replay,slowheat_none,backward_transfer,1223,-0.28750000000000003
replay,slowheat_none,backward_transfer,1523,-0.34164999999999995
replay,slowheat_none,backward_transfer,1823,-0.2643
replay,slowheat_none,backward_transfer,2129,-0.2848
replay,slowheat_none,backward_transfer,2423,-0.30285000000000006
replay,slowheat_none,backward_transfer,2729,-0.17575000000000002
replay,slowheat_none,backward_transfer,3037,-0.28455
replay,slowheat_none,forward_transfer,311,-0.008050000000000002
replay,slowheat_none,forward_transfer,617,-0.002749999999999999
replay,slowheat_none,forward_transfer,919,0.0029500000000000012
replay,slowheat_none,forward_transfer,1223,-0.0032000000000000015
replay,slowheat_none,forward_transfer,1523,-0.003349999999999999
replay,slowheat_none,forward_transfer,1823,0.004400000000000001
replay,slowheat_none,forward_transfer,2129,-0.0010000000000000009
replay,slowheat_none,forward_transfer,2423,-0.0026000000000000016
replay,slowheat_none,forward_transfer,2729,-0.004400000000000005
replay,slowheat_none,forward_transfer,3037,0.0015000000000000117
replay,slowheat_none,task_aware_final_accuracy,311,-0.22052000000000005
replay,slowheat_none,task_aware_final_accuracy,617,-0.2547999999999999
replay,slowheat_none,task_aware_final_accuracy,919,-0.21295999999999993
replay,slowheat_none,task_aware_final_accuracy,1223,-0.22931999999999997
replay,slowheat_none,task_aware_final_accuracy,1523,-0.27515999999999985
replay,slowheat_none,task_aware_final_accuracy,1823,-0.2109200000000001
replay,slowheat_none,task_aware_final_accuracy,2129,-0.22775999999999996
replay,slowheat_none,task_aware_final_accuracy,2423,-0.2412399999999999
replay,slowheat_none,task_aware_final_accuracy,2729,-0.1393200000000001
replay,slowheat_none,task_aware_final_accuracy,3037,-0.22767999999999988
replay,slowheat_none,task_aware_forgetting,311,0.27375000000000005
replay,slowheat_none,task_aware_forgetting,617,0.3189
replay,slowheat_none,task_aware_forgetting,919,0.26745
replay,slowheat_none,task_aware_forgetting,1223,0.28750000000000003
replay,slowheat_none,task_aware_forgetting,1523,0.34164999999999995
replay,slowheat_none,task_aware_forgetting,1823,0.2643
replay,slowheat_none,task_aware_forgetting,2129,0.2848
replay,slowheat_none,task_aware_forgetting,2423,0.30285000000000006
replay,slowheat_none,task_aware_forgetting,2729,0.17575000000000002
replay,slowheat_none,task_aware_forgetting,3037,0.28455
replay,slowheat_none,classifier_gap,311,0.0
replay,slowheat_none,classifier_gap,617,0.0
replay,slowheat_none,classifier_gap,919,0.0
replay,slowheat_none,classifier_gap,1223,0.0
replay,slowheat_none,classifier_gap,1523,0.0
replay,slowheat_none,classifier_gap,1823,0.0
replay,slowheat_none,classifier_gap,2129,0.0
replay,slowheat_none,classifier_gap,2423,0.0
replay,slowheat_none,classifier_gap,2729,0.0
replay,slowheat_none,classifier_gap,3037,0.0
replay,slowheat_none,elapsed_seconds,311,7.200826740008779
replay,slowheat_none,elapsed_seconds,617,7.511379155999748
replay,slowheat_none,elapsed_seconds,919,7.55891064601019
replay,slowheat_none,elapsed_seconds,1223,6.971148865006398
replay,slowheat_none,elapsed_seconds,1523,7.302237650001189
replay,slowheat_none,elapsed_seconds,1823,6.659853017015848
replay,slowheat_none,elapsed_seconds,2129,7.3466375620046165
replay,slowheat_none,elapsed_seconds,2423,8.07092966901837
replay,slowheat_none,elapsed_seconds,2729,7.145569376996718
replay,slowheat_none,elapsed_seconds,3037,7.345084366999799
replay,slowheat_none,learner_examples_processed,311,-202240.0
replay,slowheat_none,learner_examples_processed,617,-202240.0
replay,slowheat_none,learner_examples_processed,919,-202240.0
replay,slowheat_none,learner_examples_processed,1223,-202240.0
replay,slowheat_none,learner_examples_processed,1523,-202240.0
replay,slowheat_none,learner_examples_processed,1823,-202240.0
replay,slowheat_none,learner_examples_processed,2129,-202240.0
replay,slowheat_none,learner_examples_processed,2423,-202240.0
replay,slowheat_none,learner_examples_processed,2729,-202240.0
replay,slowheat_none,learner_examples_processed,3037,-202240.0
replay,slowheat_none,total_model_examples_processed,311,-202240.0
replay,slowheat_none,total_model_examples_processed,617,-202240.0
replay,slowheat_none,total_model_examples_processed,919,-202240.0
replay,slowheat_none,total_model_examples_processed,1223,-202240.0
replay,slowheat_none,total_model_examples_processed,1523,-202240.0
replay,slowheat_none,total_model_examples_processed,1823,-202240.0
replay,slowheat_none,total_model_examples_processed,2129,-202240.0
replay,slowheat_none,total_model_examples_processed,2423,-202240.0
replay,slowheat_none,total_model_examples_processed,2729,-202240.0
replay,slowheat_none,total_model_examples_processed,3037,-202240.0
replay,slowheat_none,estimated_total_flops,311,-645549029300.0
replay,slowheat_none,estimated_total_flops,617,-645549029300.0
replay,slowheat_none,estimated_total_flops,919,-645549029300.0
replay,slowheat_none,estimated_total_flops,1223,-645549029300.0
replay,slowheat_none,estimated_total_flops,1523,-645549029300.0
replay,slowheat_none,estimated_total_flops,1823,-645549029300.0
replay,slowheat_none,estimated_total_flops,2129,-645549029300.0
replay,slowheat_none,estimated_total_flops,2423,-645549029300.0
replay,slowheat_none,estimated_total_flops,2729,-645549029300.0
replay,slowheat_none,estimated_total_flops,3037,-645549029300.0
replay,slowheat_none,estimated_overhead_flops,311,3689908300.0
replay,slowheat_none,estimated_overhead_flops,617,3689908300.0
replay,slowheat_none,estimated_overhead_flops,919,3689908300.0
replay,slowheat_none,estimated_overhead_flops,1223,3689908300.0
replay,slowheat_none,estimated_overhead_flops,1523,3689908300.0
replay,slowheat_none,estimated_overhead_flops,1823,3689908300.0
replay,slowheat_none,estimated_overhead_flops,2129,3689908300.0
replay,slowheat_none,estimated_overhead_flops,2423,3689908300.0
replay,slowheat_none,estimated_overhead_flops,2729,3689908300.0
replay,slowheat_none,estimated_overhead_flops,3037,3689908300.0
replay,slowheat_none,replay_memory_bytes,311,-628800.0
replay,slowheat_none,replay_memory_bytes,617,-628800.0
replay,slowheat_none,replay_memory_bytes,919,-628800.0
replay,slowheat_none,replay_memory_bytes,1223,-628800.0
replay,slowheat_none,replay_memory_bytes,1523,-628800.0
replay,slowheat_none,replay_memory_bytes,1823,-628800.0
replay,slowheat_none,replay_memory_bytes,2129,-628800.0
replay,slowheat_none,replay_memory_bytes,2423,-628800.0
replay,slowheat_none,replay_memory_bytes,2729,-628800.0
replay,slowheat_none,replay_memory_bytes,3037,-628800.0
replay,slowheat_none,stored_logits_bytes,311,0.0
replay,slowheat_none,stored_logits_bytes,617,0.0
replay,slowheat_none,stored_logits_bytes,919,0.0
replay,slowheat_none,stored_logits_bytes,1223,0.0
replay,slowheat_none,stored_logits_bytes,1523,0.0
replay,slowheat_none,stored_logits_bytes,1823,0.0
replay,slowheat_none,stored_logits_bytes,2129,0.0
replay,slowheat_none,stored_logits_bytes,2423,0.0
replay,slowheat_none,stored_logits_bytes,2729,0.0
replay,slowheat_none,stored_logits_bytes,3037,0.0
replay,hard_freeze,final_average_accuracy,311,-0.02984000000000009
replay,hard_freeze,final_average_accuracy,617,-0.0456399999999999
replay,hard_freeze,final_average_accuracy,919,-0.022800000000000042
replay,hard_freeze,final_average_accuracy,1223,-0.05043999999999993
replay,hard_freeze,final_average_accuracy,1523,-0.02307999999999988
replay,hard_freeze,final_average_accuracy,1823,-0.02648000000000006
replay,hard_freeze,final_average_accuracy,2129,-0.024680000000000035
replay,hard_freeze,final_average_accuracy,2423,-0.021559999999999913
replay,hard_freeze,final_average_accuracy,2729,-0.019239999999999924
replay,hard_freeze,final_average_accuracy,3037,-0.03843999999999992
replay,hard_freeze,average_forgetting,311,0.014950000000000019
replay,hard_freeze,average_forgetting,617,0.04150000000000001
replay,hard_freeze,average_forgetting,919,0.015000000000000041
replay,hard_freeze,average_forgetting,1223,0.048100000000000004
replay,hard_freeze,average_forgetting,1523,0.008799999999999975
replay,hard_freeze,average_forgetting,1823,0.01820000000000005
replay,hard_freeze,average_forgetting,2129,0.014449999999999963
replay,hard_freeze,average_forgetting,2423,0.01344999999999999
replay,hard_freeze,average_forgetting,2729,0.006950000000000012
replay,hard_freeze,average_forgetting,3037,0.02804999999999999
replay,hard_freeze,backward_transfer,311,-0.014950000000000019
replay,hard_freeze,backward_transfer,617,-0.04150000000000001
replay,hard_freeze,backward_transfer,919,-0.015000000000000041
replay,hard_freeze,backward_transfer,1223,-0.048100000000000004
replay,hard_freeze,backward_transfer,1523,-0.008799999999999975
replay,hard_freeze,backward_transfer,1823,-0.01820000000000005
replay,hard_freeze,backward_transfer,2129,-0.014449999999999963
replay,hard_freeze,backward_transfer,2423,-0.01344999999999999
replay,hard_freeze,backward_transfer,2729,-0.006950000000000012
replay,hard_freeze,backward_transfer,3037,-0.02804999999999999
replay,hard_freeze,forward_transfer,311,-0.02775
replay,hard_freeze,forward_transfer,617,-0.012849999999999997
replay,hard_freeze,forward_transfer,919,0.00845
replay,hard_freeze,forward_transfer,1223,-0.010100000000000001
replay,hard_freeze,forward_transfer,1523,-0.0031500000000000035
replay,hard_freeze,forward_transfer,1823,-0.012650000000000005
replay,hard_freeze,forward_transfer,2129,-0.013000000000000001
replay,hard_freeze,forward_transfer,2423,0.0002500000000000037
replay,hard_freeze,forward_transfer,2729,-0.009400000000000006
replay,hard_freeze,forward_transfer,3037,-0.007749999999999993
replay,hard_freeze,task_aware_final_accuracy,311,-0.02984000000000009
replay,hard_freeze,task_aware_final_accuracy,617,-0.0456399999999999
replay,hard_freeze,task_aware_final_accuracy,919,-0.022800000000000042
replay,hard_freeze,task_aware_final_accuracy,1223,-0.05043999999999993
replay,hard_freeze,task_aware_final_accuracy,1523,-0.02307999999999988
replay,hard_freeze,task_aware_final_accuracy,1823,-0.02648000000000006
replay,hard_freeze,task_aware_final_accuracy,2129,-0.024680000000000035
replay,hard_freeze,task_aware_final_accuracy,2423,-0.021559999999999913
replay,hard_freeze,task_aware_final_accuracy,2729,-0.019239999999999924
replay,hard_freeze,task_aware_final_accuracy,3037,-0.03843999999999992
replay,hard_freeze,task_aware_forgetting,311,0.014950000000000019
replay,hard_freeze,task_aware_forgetting,617,0.04150000000000001
replay,hard_freeze,task_aware_forgetting,919,0.015000000000000041
replay,hard_freeze,task_aware_forgetting,1223,0.048100000000000004
replay,hard_freeze,task_aware_forgetting,1523,0.008799999999999975
replay,hard_freeze,task_aware_forgetting,1823,0.01820000000000005
replay,hard_freeze,task_aware_forgetting,2129,0.014449999999999963
replay,hard_freeze,task_aware_forgetting,2423,0.01344999999999999
replay,hard_freeze,task_aware_forgetting,2729,0.006950000000000012
replay,hard_freeze,task_aware_forgetting,3037,0.02804999999999999
replay,hard_freeze,classifier_gap,311,0.0
replay,hard_freeze,classifier_gap,617,0.0
replay,hard_freeze,classifier_gap,919,0.0
replay,hard_freeze,classifier_gap,1223,0.0
replay,hard_freeze,classifier_gap,1523,0.0
replay,hard_freeze,classifier_gap,1823,0.0
replay,hard_freeze,classifier_gap,2129,0.0
replay,hard_freeze,classifier_gap,2423,0.0
replay,hard_freeze,classifier_gap,2729,0.0
replay,hard_freeze,classifier_gap,3037,0.0
replay,hard_freeze,elapsed_seconds,311,6.502326747984625
replay,hard_freeze,elapsed_seconds,617,6.918483431974892
replay,hard_freeze,elapsed_seconds,919,7.009358129027532
replay,hard_freeze,elapsed_seconds,1223,6.329474738013232
replay,hard_freeze,elapsed_seconds,1523,6.824103375984123
replay,hard_freeze,elapsed_seconds,1823,6.292603984999005
replay,hard_freeze,elapsed_seconds,2129,6.685980233014561
replay,hard_freeze,elapsed_seconds,2423,7.508231505024014
replay,hard_freeze,elapsed_seconds,2729,6.454043852980249
replay,hard_freeze,elapsed_seconds,3037,6.899240667000413
replay,hard_freeze,learner_examples_processed,311,-202240.0
replay,hard_freeze,learner_examples_processed,617,-202240.0
replay,hard_freeze,learner_examples_processed,919,-202240.0
replay,hard_freeze,learner_examples_processed,1223,-202240.0
replay,hard_freeze,learner_examples_processed,1523,-202240.0
replay,hard_freeze,learner_examples_processed,1823,-202240.0
replay,hard_freeze,learner_examples_processed,2129,-202240.0
replay,hard_freeze,learner_examples_processed,2423,-202240.0
replay,hard_freeze,learner_examples_processed,2729,-202240.0
replay,hard_freeze,learner_examples_processed,3037,-202240.0
replay,hard_freeze,total_model_examples_processed,311,-202240.0
replay,hard_freeze,total_model_examples_processed,617,-202240.0
replay,hard_freeze,total_model_examples_processed,919,-202240.0
replay,hard_freeze,total_model_examples_processed,1223,-202240.0
replay,hard_freeze,total_model_examples_processed,1523,-202240.0
replay,hard_freeze,total_model_examples_processed,1823,-202240.0
replay,hard_freeze,total_model_examples_processed,2129,-202240.0
replay,hard_freeze,total_model_examples_processed,2423,-202240.0
replay,hard_freeze,total_model_examples_processed,2729,-202240.0
replay,hard_freeze,total_model_examples_processed,3037,-202240.0
replay,hard_freeze,estimated_total_flops,311,-645548995820.0
replay,hard_freeze,estimated_total_flops,617,-645548995820.0
replay,hard_freeze,estimated_total_flops,919,-645548995820.0
replay,hard_freeze,estimated_total_flops,1223,-645548995820.0
replay,hard_freeze,estimated_total_flops,1523,-645548995820.0
replay,hard_freeze,estimated_total_flops,1823,-645548995820.0
replay,hard_freeze,estimated_total_flops,2129,-645548995820.0
replay,hard_freeze,estimated_total_flops,2423,-645548995820.0
replay,hard_freeze,estimated_total_flops,2729,-645548995820.0
replay,hard_freeze,estimated_total_flops,3037,-645548995820.0
replay,hard_freeze,estimated_overhead_flops,311,3689941780.0
replay,hard_freeze,estimated_overhead_flops,617,3689941780.0
replay,hard_freeze,estimated_overhead_flops,919,3689941780.0
replay,hard_freeze,estimated_overhead_flops,1223,3689941780.0
replay,hard_freeze,estimated_overhead_flops,1523,3689941780.0
replay,hard_freeze,estimated_overhead_flops,1823,3689941780.0
replay,hard_freeze,estimated_overhead_flops,2129,3689941780.0
replay,hard_freeze,estimated_overhead_flops,2423,3689941780.0
replay,hard_freeze,estimated_overhead_flops,2729,3689941780.0
replay,hard_freeze,estimated_overhead_flops,3037,3689941780.0
replay,hard_freeze,replay_memory_bytes,311,-628800.0
replay,hard_freeze,replay_memory_bytes,617,-628800.0
replay,hard_freeze,replay_memory_bytes,919,-628800.0
replay,hard_freeze,replay_memory_bytes,1223,-628800.0
replay,hard_freeze,replay_memory_bytes,1523,-628800.0
replay,hard_freeze,replay_memory_bytes,1823,-628800.0
replay,hard_freeze,replay_memory_bytes,2129,-628800.0
replay,hard_freeze,replay_memory_bytes,2423,-628800.0
replay,hard_freeze,replay_memory_bytes,2729,-628800.0
replay,hard_freeze,replay_memory_bytes,3037,-628800.0
replay,hard_freeze,stored_logits_bytes,311,0.0
replay,hard_freeze,stored_logits_bytes,617,0.0
replay,hard_freeze,stored_logits_bytes,919,0.0
replay,hard_freeze,stored_logits_bytes,1223,0.0
replay,hard_freeze,stored_logits_bytes,1523,0.0
replay,hard_freeze,stored_logits_bytes,1823,0.0
replay,hard_freeze,stored_logits_bytes,2129,0.0
replay,hard_freeze,stored_logits_bytes,2423,0.0
replay,hard_freeze,stored_logits_bytes,2729,0.0
replay,hard_freeze,stored_logits_bytes,3037,0.0
replay,distillation,final_average_accuracy,311,-0.18444000000000005
replay,distillation,final_average_accuracy,617,-0.27768000000000004
replay,distillation,final_average_accuracy,919,-0.15371999999999997
replay,distillation,final_average_accuracy,1223,-0.19016
replay,distillation,final_average_accuracy,1523,-0.16687999999999992
replay,distillation,final_average_accuracy,1823,-0.1589600000000001
replay,distillation,final_average_accuracy,2129,-0.25828000000000007
replay,distillation,final_average_accuracy,2423,-0.2379199999999999
replay,distillation,final_average_accuracy,2729,-0.2185600000000001
replay,distillation,final_average_accuracy,3037,-0.2677999999999999
replay,distillation,average_forgetting,311,0.12675
replay,distillation,average_forgetting,617,0.21350000000000002
replay,distillation,average_forgetting,919,0.06865000000000002
replay,distillation,average_forgetting,1223,0.14669999999999994
replay,distillation,average_forgetting,1523,0.09549999999999995
replay,distillation,average_forgetting,1823,0.07765000000000002
replay,distillation,average_forgetting,2129,0.18359999999999996
replay,distillation,average_forgetting,2423,0.15139999999999992
replay,distillation,average_forgetting,2729,0.15610000000000002
replay,distillation,average_forgetting,3037,0.1195
replay,distillation,backward_transfer,311,-0.12675
replay,distillation,backward_transfer,617,-0.21350000000000002
replay,distillation,backward_transfer,919,-0.05585000000000001
replay,distillation,backward_transfer,1223,-0.14669999999999994
replay,distillation,backward_transfer,1523,-0.08324999999999996
replay,distillation,backward_transfer,1823,-0.07765000000000002
replay,distillation,backward_transfer,2129,-0.18359999999999996
replay,distillation,backward_transfer,2423,-0.15139999999999992
replay,distillation,backward_transfer,2729,-0.14450000000000002
replay,distillation,backward_transfer,3037,-0.1195
replay,distillation,forward_transfer,311,0.0158
replay,distillation,forward_transfer,617,0.0017999999999999995
replay,distillation,forward_transfer,919,-0.0019499999999999969
replay,distillation,forward_transfer,1223,-0.009200000000000003
replay,distillation,forward_transfer,1523,-0.008699999999999992
replay,distillation,forward_transfer,1823,0.004699999999999999
replay,distillation,forward_transfer,2129,-0.008349999999999996
replay,distillation,forward_transfer,2423,0.001750000000000005
replay,distillation,forward_transfer,2729,0.005299999999999992
replay,distillation,forward_transfer,3037,0.015600000000000006
replay,distillation,task_aware_final_accuracy,311,-0.18444000000000005
replay,distillation,task_aware_final_accuracy,617,-0.27768000000000004
replay,distillation,task_aware_final_accuracy,919,-0.15371999999999997
replay,distillation,task_aware_final_accuracy,1223,-0.19016
replay,distillation,task_aware_final_accuracy,1523,-0.16687999999999992
replay,distillation,task_aware_final_accuracy,1823,-0.1589600000000001
replay,distillation,task_aware_final_accuracy,2129,-0.25828000000000007
replay,distillation,task_aware_final_accuracy,2423,-0.2379199999999999
replay,distillation,task_aware_final_accuracy,2729,-0.2185600000000001
replay,distillation,task_aware_final_accuracy,3037,-0.2677999999999999
replay,distillation,task_aware_forgetting,311,0.12675
replay,distillation,task_aware_forgetting,617,0.21350000000000002
replay,distillation,task_aware_forgetting,919,0.06865000000000002
replay,distillation,task_aware_forgetting,1223,0.14669999999999994
replay,distillation,task_aware_forgetting,1523,0.09549999999999995
replay,distillation,task_aware_forgetting,1823,0.07765000000000002
replay,distillation,task_aware_forgetting,2129,0.18359999999999996
replay,distillation,task_aware_forgetting,2423,0.15139999999999992
replay,distillation,task_aware_forgetting,2729,0.15610000000000002
replay,distillation,task_aware_forgetting,3037,0.1195
replay,distillation,classifier_gap,311,0.0
replay,distillation,classifier_gap,617,0.0
replay,distillation,classifier_gap,919,0.0
replay,distillation,classifier_gap,1223,0.0
replay,distillation,classifier_gap,1523,0.0
replay,distillation,classifier_gap,1823,0.0
replay,distillation,classifier_gap,2129,0.0
replay,distillation,classifier_gap,2423,0.0
replay,distillation,classifier_gap,2729,0.0
replay,distillation,classifier_gap,3037,0.0
replay,distillation,elapsed_seconds,311,-1.0135588390112389
replay,distillation,elapsed_seconds,617,-1.1028301710030064
replay,distillation,elapsed_seconds,919,-0.7476227589941118
replay,distillation,elapsed_seconds,1223,-1.3191807719995268
replay,distillation,elapsed_seconds,1523,-0.8271638370060828
replay,distillation,elapsed_seconds,1823,-1.130113685008837
replay,distillation,elapsed_seconds,2129,-0.9516857109847479
replay,distillation,elapsed_seconds,2423,-0.21546700395992957
replay,distillation,elapsed_seconds,2729,-1.1712704700184986
replay,distillation,elapsed_seconds,3037,-1.0629417760064825
replay,distillation,learner_examples_processed,311,-202240.0
replay,distillation,learner_examples_processed,617,-202240.0
replay,distillation,learner_examples_processed,919,-202240.0
replay,distillation,learner_examples_processed,1223,-202240.0
replay,distillation,learner_examples_processed,1523,-202240.0
replay,distillation,learner_examples_processed,1823,-202240.0
replay,distillation,learner_examples_processed,2129,-202240.0
replay,distillation,learner_examples_processed,2423,-202240.0
replay,distillation,learner_examples_processed,2729,-202240.0
replay,distillation,learner_examples_processed,3037,-202240.0
replay,distillation,total_model_examples_processed,311,202240.0
replay,distillation,total_model_examples_processed,617,202240.0
replay,distillation,total_model_examples_processed,919,202240.0
replay,distillation,total_model_examples_processed,1223,202240.0
replay,distillation,total_model_examples_processed,1523,202240.0
replay,distillation,total_model_examples_processed,1823,202240.0
replay,distillation,total_model_examples_processed,2129,202240.0
replay,distillation,total_model_examples_processed,2423,202240.0
replay,distillation,total_model_examples_processed,2729,202240.0
replay,distillation,total_model_examples_processed,3037,202240.0
replay,distillation,estimated_total_flops,311,-216412979200.0
replay,distillation,estimated_total_flops,617,-216412979200.0
replay,distillation,estimated_total_flops,919,-216412979200.0
replay,distillation,estimated_total_flops,1223,-216412979200.0
replay,distillation,estimated_total_flops,1523,-216412979200.0
replay,distillation,estimated_total_flops,1823,-216412979200.0
replay,distillation,estimated_total_flops,2129,-216412979200.0
replay,distillation,estimated_total_flops,2423,-216412979200.0
replay,distillation,estimated_total_flops,2729,-216412979200.0
replay,distillation,estimated_total_flops,3037,-216412979200.0
replay,distillation,estimated_overhead_flops,311,0.0
replay,distillation,estimated_overhead_flops,617,0.0
replay,distillation,estimated_overhead_flops,919,0.0
replay,distillation,estimated_overhead_flops,1223,0.0
replay,distillation,estimated_overhead_flops,1523,0.0
replay,distillation,estimated_overhead_flops,1823,0.0
replay,distillation,estimated_overhead_flops,2129,0.0
replay,distillation,estimated_overhead_flops,2423,0.0
replay,distillation,estimated_overhead_flops,2729,0.0
replay,distillation,estimated_overhead_flops,3037,0.0
replay,distillation,replay_memory_bytes,311,-628800.0
replay,distillation,replay_memory_bytes,617,-628800.0
replay,distillation,replay_memory_bytes,919,-628800.0
replay,distillation,replay_memory_bytes,1223,-628800.0
replay,distillation,replay_memory_bytes,1523,-628800.0
replay,distillation,replay_memory_bytes,1823,-628800.0
replay,distillation,replay_memory_bytes,2129,-628800.0
replay,distillation,replay_memory_bytes,2423,-628800.0
replay,distillation,replay_memory_bytes,2729,-628800.0
replay,distillation,replay_memory_bytes,3037,-628800.0
replay,distillation,stored_logits_bytes,311,0.0
replay,distillation,stored_logits_bytes,617,0.0
replay,distillation,stored_logits_bytes,919,0.0
replay,distillation,stored_logits_bytes,1223,0.0
replay,distillation,stored_logits_bytes,1523,0.0
replay,distillation,stored_logits_bytes,1823,0.0
replay,distillation,stored_logits_bytes,2129,0.0
replay,distillation,stored_logits_bytes,2423,0.0
replay,distillation,stored_logits_bytes,2729,0.0
replay,distillation,stored_logits_bytes,3037,0.0
replay,slowheat_replay,final_average_accuracy,311,0.00867999999999991
replay,slowheat_replay,final_average_accuracy,617,0.013399999999999967
replay,slowheat_replay,final_average_accuracy,919,0.009800000000000031
replay,slowheat_replay,final_average_accuracy,1223,0.010480000000000045
replay,slowheat_replay,final_average_accuracy,1523,0.012760000000000105
replay,slowheat_replay,final_average_accuracy,1823,0.01424000000000003
replay,slowheat_replay,final_average_accuracy,2129,0.00668000000000013
replay,slowheat_replay,final_average_accuracy,2423,0.009200000000000208
replay,slowheat_replay,final_average_accuracy,2729,0.009279999999999955
replay,slowheat_replay,final_average_accuracy,3037,0.006160000000000054
replay,slowheat_replay,average_forgetting,311,-0.021050000000000013
replay,slowheat_replay,average_forgetting,617,-0.021299999999999986
replay,slowheat_replay,average_forgetting,919,-0.01749999999999996
replay,slowheat_replay,average_forgetting,1223,-0.01885000000000006
replay,slowheat_replay,average_forgetting,1523,-0.02350000000000002
replay,slowheat_replay,average_forgetting,1823,-0.022599999999999953
replay,slowheat_replay,average_forgetting,2129,-0.015100000000000002
replay,slowheat_replay,average_forgetting,2423,-0.01760000000000006
replay,slowheat_replay,average_forgetting,2729,-0.016849999999999976
replay,slowheat_replay,average_forgetting,3037,-0.014599999999999974
replay,slowheat_replay,backward_transfer,311,0.021050000000000013
replay,slowheat_replay,backward_transfer,617,0.021299999999999986
replay,slowheat_replay,backward_transfer,919,0.01749999999999996
replay,slowheat_replay,backward_transfer,1223,0.01885000000000006
replay,slowheat_replay,backward_transfer,1523,0.02375000000000002
replay,slowheat_replay,backward_transfer,1823,0.022599999999999953
replay,slowheat_replay,backward_transfer,2129,0.015100000000000002
replay,slowheat_replay,backward_transfer,2423,0.01760000000000006
replay,slowheat_replay,backward_transfer,2729,0.016849999999999976
replay,slowheat_replay,backward_transfer,3037,0.015099999999999975
replay,slowheat_replay,forward_transfer,311,-0.012549999999999999
replay,slowheat_replay,forward_transfer,617,-0.007499999999999996
replay,slowheat_replay,forward_transfer,919,0.009200000000000003
replay,slowheat_replay,forward_transfer,1223,-0.007200000000000005
replay,slowheat_replay,forward_transfer,1523,-0.0022500000000000055
replay,slowheat_replay,forward_transfer,1823,-0.00935
replay,slowheat_replay,forward_transfer,2129,-0.009650000000000002
replay,slowheat_replay,forward_transfer,2423,-0.0058499999999999976
replay,slowheat_replay,forward_transfer,2729,0.0016499999999999952
replay,slowheat_replay,forward_transfer,3037,-0.0075499999999999925
replay,slowheat_replay,task_aware_final_accuracy,311,0.00867999999999991
replay,slowheat_replay,task_aware_final_accuracy,617,0.013399999999999967
replay,slowheat_replay,task_aware_final_accuracy,919,0.009800000000000031
replay,slowheat_replay,task_aware_final_accuracy,1223,0.010480000000000045
replay,slowheat_replay,task_aware_final_accuracy,1523,0.012760000000000105
replay,slowheat_replay,task_aware_final_accuracy,1823,0.01424000000000003
replay,slowheat_replay,task_aware_final_accuracy,2129,0.00668000000000013
replay,slowheat_replay,task_aware_final_accuracy,2423,0.009200000000000208
replay,slowheat_replay,task_aware_final_accuracy,2729,0.009279999999999955
replay,slowheat_replay,task_aware_final_accuracy,3037,0.006160000000000054
replay,slowheat_replay,task_aware_forgetting,311,-0.021050000000000013
replay,slowheat_replay,task_aware_forgetting,617,-0.021299999999999986
replay,slowheat_replay,task_aware_forgetting,919,-0.01749999999999996
replay,slowheat_replay,task_aware_forgetting,1223,-0.01885000000000006
replay,slowheat_replay,task_aware_forgetting,1523,-0.02350000000000002
replay,slowheat_replay,task_aware_forgetting,1823,-0.022599999999999953
replay,slowheat_replay,task_aware_forgetting,2129,-0.015100000000000002
replay,slowheat_replay,task_aware_forgetting,2423,-0.01760000000000006
replay,slowheat_replay,task_aware_forgetting,2729,-0.016849999999999976
replay,slowheat_replay,task_aware_forgetting,3037,-0.014599999999999974
replay,slowheat_replay,classifier_gap,311,0.0
replay,slowheat_replay,classifier_gap,617,0.0
replay,slowheat_replay,classifier_gap,919,0.0
replay,slowheat_replay,classifier_gap,1223,0.0
replay,slowheat_replay,classifier_gap,1523,0.0
replay,slowheat_replay,classifier_gap,1823,0.0
replay,slowheat_replay,classifier_gap,2129,0.0
replay,slowheat_replay,classifier_gap,2423,0.0
replay,slowheat_replay,classifier_gap,2729,0.0
replay,slowheat_replay,classifier_gap,3037,0.0
replay,slowheat_replay,elapsed_seconds,311,11.740899014985189
replay,slowheat_replay,elapsed_seconds,617,12.056752365984721
replay,slowheat_replay,elapsed_seconds,919,12.27853191102622
replay,slowheat_replay,elapsed_seconds,1223,11.555110925022746
replay,slowheat_replay,elapsed_seconds,1523,12.070573308999883
replay,slowheat_replay,elapsed_seconds,1823,11.544917516002897
replay,slowheat_replay,elapsed_seconds,2129,11.891037407011027
replay,slowheat_replay,elapsed_seconds,2423,12.691404371027602
replay,slowheat_replay,elapsed_seconds,2729,11.664416120998794
replay,slowheat_replay,elapsed_seconds,3037,12.074763817974599
replay,slowheat_replay,learner_examples_processed,311,0.0
replay,slowheat_replay,learner_examples_processed,617,0.0
replay,slowheat_replay,learner_examples_processed,919,0.0
replay,slowheat_replay,learner_examples_processed,1223,0.0
replay,slowheat_replay,learner_examples_processed,1523,0.0
replay,slowheat_replay,learner_examples_processed,1823,0.0
replay,slowheat_replay,learner_examples_processed,2129,0.0
replay,slowheat_replay,learner_examples_processed,2423,0.0
replay,slowheat_replay,learner_examples_processed,2729,0.0
replay,slowheat_replay,learner_examples_processed,3037,0.0
replay,slowheat_replay,total_model_examples_processed,311,0.0
replay,slowheat_replay,total_model_examples_processed,617,0.0
replay,slowheat_replay,total_model_examples_processed,919,0.0
replay,slowheat_replay,total_model_examples_processed,1223,0.0
replay,slowheat_replay,total_model_examples_processed,1523,0.0
replay,slowheat_replay,total_model_examples_processed,1823,0.0
replay,slowheat_replay,total_model_examples_processed,2129,0.0
replay,slowheat_replay,total_model_examples_processed,2423,0.0
replay,slowheat_replay,total_model_examples_processed,2729,0.0
replay,slowheat_replay,total_model_examples_processed,3037,0.0
replay,slowheat_replay,estimated_total_flops,311,4319312660.0
replay,slowheat_replay,estimated_total_flops,617,4319312660.0
replay,slowheat_replay,estimated_total_flops,919,4319312660.0
replay,slowheat_replay,estimated_total_flops,1223,4319312660.0
replay,slowheat_replay,estimated_total_flops,1523,4319312660.0
replay,slowheat_replay,estimated_total_flops,1823,4319312660.0
replay,slowheat_replay,estimated_total_flops,2129,4319312660.0
replay,slowheat_replay,estimated_total_flops,2423,4319312660.0
replay,slowheat_replay,estimated_total_flops,2729,4319312660.0
replay,slowheat_replay,estimated_total_flops,3037,4319312660.0
replay,slowheat_replay,estimated_overhead_flops,311,4319312660.0
replay,slowheat_replay,estimated_overhead_flops,617,4319312660.0
replay,slowheat_replay,estimated_overhead_flops,919,4319312660.0
replay,slowheat_replay,estimated_overhead_flops,1223,4319312660.0
replay,slowheat_replay,estimated_overhead_flops,1523,4319312660.0
replay,slowheat_replay,estimated_overhead_flops,1823,4319312660.0
replay,slowheat_replay,estimated_overhead_flops,2129,4319312660.0
replay,slowheat_replay,estimated_overhead_flops,2423,4319312660.0
replay,slowheat_replay,estimated_overhead_flops,2729,4319312660.0
replay,slowheat_replay,estimated_overhead_flops,3037,4319312660.0
replay,slowheat_replay,replay_memory_bytes,311,0.0
replay,slowheat_replay,replay_memory_bytes,617,0.0
replay,slowheat_replay,replay_memory_bytes,919,0.0
replay,slowheat_replay,replay_memory_bytes,1223,0.0
replay,slowheat_replay,replay_memory_bytes,1523,0.0
replay,slowheat_replay,replay_memory_bytes,1823,0.0
replay,slowheat_replay,replay_memory_bytes,2129,0.0
replay,slowheat_replay,replay_memory_bytes,2423,0.0
replay,slowheat_replay,replay_memory_bytes,2729,0.0
replay,slowheat_replay,replay_memory_bytes,3037,0.0
replay,slowheat_replay,stored_logits_bytes,311,0.0
replay,slowheat_replay,stored_logits_bytes,617,0.0
replay,slowheat_replay,stored_logits_bytes,919,0.0
replay,slowheat_replay,stored_logits_bytes,1223,0.0
replay,slowheat_replay,stored_logits_bytes,1523,0.0
replay,slowheat_replay,stored_logits_bytes,1823,0.0
replay,slowheat_replay,stored_logits_bytes,2129,0.0
replay,slowheat_replay,stored_logits_bytes,2423,0.0
replay,slowheat_replay,stored_logits_bytes,2729,0.0
replay,slowheat_replay,stored_logits_bytes,3037,0.0
replay,slowheat_distillation,final_average_accuracy,311,-0.26248000000000005
replay,slowheat_distillation,final_average_accuracy,617,-0.2922799999999999
replay,slowheat_distillation,final_average_accuracy,919,-0.22824
replay,slowheat_distillation,final_average_accuracy,1223,-0.25168
replay,slowheat_distillation,final_average_accuracy,1523,-0.26403999999999994
replay,slowheat_distillation,final_average_accuracy,1823,-0.24136000000000002
replay,slowheat_distillation,final_average_accuracy,2129,-0.21807999999999994
replay,slowheat_distillation,final_average_accuracy,2423,-0.24619999999999986
replay,slowheat_distillation,final_average_accuracy,2729,-0.23584000000000005
replay,slowheat_distillation,final_average_accuracy,3037,-0.2745599999999999
replay,slowheat_distillation,average_forgetting,311,0.07845
replay,slowheat_distillation,average_forgetting,617,0.1164
replay,slowheat_distillation,average_forgetting,919,0.04995000000000002
replay,slowheat_distillation,average_forgetting,1223,0.09274999999999994
replay,slowheat_distillation,average_forgetting,1523,0.05249999999999995
replay,slowheat_distillation,average_forgetting,1823,0.03965000000000002
replay,slowheat_distillation,average_forgetting,2129,0.02639999999999995
replay,slowheat_distillation,average_forgetting,2423,0.04074999999999995
replay,slowheat_distillation,average_forgetting,2729,0.04095000000000004
replay,slowheat_distillation,average_forgetting,3037,0.0027499999999999886
replay,slowheat_distillation,backward_transfer,311,-0.07845
replay,slowheat_distillation,backward_transfer,617,-0.1164
replay,slowheat_distillation,backward_transfer,919,-0.04995000000000002
replay,slowheat_distillation,backward_transfer,1223,-0.09274999999999994
replay,slowheat_distillation,backward_transfer,1523,-0.05249999999999995
replay,slowheat_distillation,backward_transfer,1823,-0.03115000000000001
replay,slowheat_distillation,backward_transfer,2129,-0.013799999999999951
replay,slowheat_distillation,backward_transfer,2423,-0.03469999999999995
replay,slowheat_distillation,backward_transfer,2729,-0.04095000000000004
replay,slowheat_distillation,backward_transfer,3037,0.004050000000000012
replay,slowheat_distillation,forward_transfer,311,-0.00945
replay,slowheat_distillation,forward_transfer,617,0.013149999999999998
replay,slowheat_distillation,forward_transfer,919,-0.004650000000000001
replay,slowheat_distillation,forward_transfer,1223,-0.007450000000000002
replay,slowheat_distillation,forward_transfer,1523,-0.0019500000000000038
replay,slowheat_distillation,forward_transfer,1823,-0.00034999999999999615
replay,slowheat_distillation,forward_transfer,2129,0.0015499999999999958
replay,slowheat_distillation,forward_transfer,2423,0.002750000000000006
replay,slowheat_distillation,forward_transfer,2729,-0.008850000000000004
replay,slowheat_distillation,forward_transfer,3037,-0.002049999999999993
replay,slowheat_distillation,task_aware_final_accuracy,311,-0.26248000000000005
replay,slowheat_distillation,task_aware_final_accuracy,617,-0.2922799999999999
replay,slowheat_distillation,task_aware_final_accuracy,919,-0.22824
replay,slowheat_distillation,task_aware_final_accuracy,1223,-0.25168
replay,slowheat_distillation,task_aware_final_accuracy,1523,-0.26403999999999994
replay,slowheat_distillation,task_aware_final_accuracy,1823,-0.24136000000000002
replay,slowheat_distillation,task_aware_final_accuracy,2129,-0.21807999999999994
replay,slowheat_distillation,task_aware_final_accuracy,2423,-0.24619999999999986
replay,slowheat_distillation,task_aware_final_accuracy,2729,-0.23584000000000005
replay,slowheat_distillation,task_aware_final_accuracy,3037,-0.2745599999999999
replay,slowheat_distillation,task_aware_forgetting,311,0.07845
replay,slowheat_distillation,task_aware_forgetting,617,0.1164
replay,slowheat_distillation,task_aware_forgetting,919,0.04995000000000002
replay,slowheat_distillation,task_aware_forgetting,1223,0.09274999999999994
replay,slowheat_distillation,task_aware_forgetting,1523,0.05249999999999995
replay,slowheat_distillation,task_aware_forgetting,1823,0.03965000000000002
replay,slowheat_distillation,task_aware_forgetting,2129,0.02639999999999995
replay,slowheat_distillation,task_aware_forgetting,2423,0.04074999999999995
replay,slowheat_distillation,task_aware_forgetting,2729,0.04095000000000004
replay,slowheat_distillation,task_aware_forgetting,3037,0.0027499999999999886
replay,slowheat_distillation,classifier_gap,311,0.0
replay,slowheat_distillation,classifier_gap,617,0.0
replay,slowheat_distillation,classifier_gap,919,0.0
replay,slowheat_distillation,classifier_gap,1223,0.0
replay,slowheat_distillation,classifier_gap,1523,0.0
replay,slowheat_distillation,classifier_gap,1823,0.0
replay,slowheat_distillation,classifier_gap,2129,0.0
replay,slowheat_distillation,classifier_gap,2423,0.0
replay,slowheat_distillation,classifier_gap,2729,0.0
replay,slowheat_distillation,classifier_gap,3037,0.0
replay,slowheat_distillation,elapsed_seconds,311,9.790200746996561
replay,slowheat_distillation,elapsed_seconds,617,10.069411254982697
replay,slowheat_distillation,elapsed_seconds,919,9.97384865701315
replay,slowheat_distillation,elapsed_seconds,1223,9.460412032029126
replay,slowheat_distillation,elapsed_seconds,1523,10.085637742973631
replay,slowheat_distillation,elapsed_seconds,1823,9.37569060298847
replay,slowheat_distillation,elapsed_seconds,2129,9.767808316013543
replay,slowheat_distillation,elapsed_seconds,2423,10.76572119400953
replay,slowheat_distillation,elapsed_seconds,2729,9.551291634998051
replay,slowheat_distillation,elapsed_seconds,3037,9.955121261999011
replay,slowheat_distillation,learner_examples_processed,311,-202240.0
replay,slowheat_distillation,learner_examples_processed,617,-202240.0
replay,slowheat_distillation,learner_examples_processed,919,-202240.0
replay,slowheat_distillation,learner_examples_processed,1223,-202240.0
replay,slowheat_distillation,learner_examples_processed,1523,-202240.0
replay,slowheat_distillation,learner_examples_processed,1823,-202240.0
replay,slowheat_distillation,learner_examples_processed,2129,-202240.0
replay,slowheat_distillation,learner_examples_processed,2423,-202240.0
replay,slowheat_distillation,learner_examples_processed,2729,-202240.0
replay,slowheat_distillation,learner_examples_processed,3037,-202240.0
replay,slowheat_distillation,total_model_examples_processed,311,202240.0
replay,slowheat_distillation,total_model_examples_processed,617,202240.0
replay,slowheat_distillation,total_model_examples_processed,919,202240.0
replay,slowheat_distillation,total_model_examples_processed,1223,202240.0
replay,slowheat_distillation,total_model_examples_processed,1523,202240.0
replay,slowheat_distillation,total_model_examples_processed,1823,202240.0
replay,slowheat_distillation,total_model_examples_processed,2129,202240.0
replay,slowheat_distillation,total_model_examples_processed,2423,202240.0
replay,slowheat_distillation,total_model_examples_processed,2729,202240.0
replay,slowheat_distillation,total_model_examples_processed,3037,202240.0
replay,slowheat_distillation,estimated_total_flops,311,-212723037420.0
replay,slowheat_distillation,estimated_total_flops,617,-212723037420.0
replay,slowheat_distillation,estimated_total_flops,919,-212723037420.0
replay,slowheat_distillation,estimated_total_flops,1223,-212723037420.0
replay,slowheat_distillation,estimated_total_flops,1523,-212723037420.0
replay,slowheat_distillation,estimated_total_flops,1823,-212723037420.0
replay,slowheat_distillation,estimated_total_flops,2129,-212723037420.0
replay,slowheat_distillation,estimated_total_flops,2423,-212723037420.0
replay,slowheat_distillation,estimated_total_flops,2729,-212723037420.0
replay,slowheat_distillation,estimated_total_flops,3037,-212723037420.0
replay,slowheat_distillation,estimated_overhead_flops,311,3689941780.0
replay,slowheat_distillation,estimated_overhead_flops,617,3689941780.0
replay,slowheat_distillation,estimated_overhead_flops,919,3689941780.0
replay,slowheat_distillation,estimated_overhead_flops,1223,3689941780.0
replay,slowheat_distillation,estimated_overhead_flops,1523,3689941780.0
replay,slowheat_distillation,estimated_overhead_flops,1823,3689941780.0
replay,slowheat_distillation,estimated_overhead_flops,2129,3689941780.0
replay,slowheat_distillation,estimated_overhead_flops,2423,3689941780.0
replay,slowheat_distillation,estimated_overhead_flops,2729,3689941780.0
replay,slowheat_distillation,estimated_overhead_flops,3037,3689941780.0
replay,slowheat_distillation,replay_memory_bytes,311,-628800.0
replay,slowheat_distillation,replay_memory_bytes,617,-628800.0
replay,slowheat_distillation,replay_memory_bytes,919,-628800.0
replay,slowheat_distillation,replay_memory_bytes,1223,-628800.0
replay,slowheat_distillation,replay_memory_bytes,1523,-628800.0
replay,slowheat_distillation,replay_memory_bytes,1823,-628800.0
replay,slowheat_distillation,replay_memory_bytes,2129,-628800.0
replay,slowheat_distillation,replay_memory_bytes,2423,-628800.0
replay,slowheat_distillation,replay_memory_bytes,2729,-628800.0
replay,slowheat_distillation,replay_memory_bytes,3037,-628800.0
replay,slowheat_distillation,stored_logits_bytes,311,0.0
replay,slowheat_distillation,stored_logits_bytes,617,0.0
replay,slowheat_distillation,stored_logits_bytes,919,0.0
replay,slowheat_distillation,stored_logits_bytes,1223,0.0
replay,slowheat_distillation,stored_logits_bytes,1523,0.0
replay,slowheat_distillation,stored_logits_bytes,1823,0.0
replay,slowheat_distillation,stored_logits_bytes,2129,0.0
replay,slowheat_distillation,stored_logits_bytes,2423,0.0
replay,slowheat_distillation,stored_logits_bytes,2729,0.0
replay,slowheat_distillation,stored_logits_bytes,3037,0.0
replay,derpp,final_average_accuracy,311,0.019479999999999942
replay,derpp,final_average_accuracy,617,0.02415999999999996
replay,derpp,final_average_accuracy,919,0.02088000000000001
replay,derpp,final_average_accuracy,1223,0.024599999999999955
replay,derpp,final_average_accuracy,1523,0.027760000000000007
replay,derpp,final_average_accuracy,1823,0.02719999999999989
replay,derpp,final_average_accuracy,2129,0.018960000000000088
replay,derpp,final_average_accuracy,2423,0.02204000000000006
replay,derpp,final_average_accuracy,2729,0.022559999999999913
replay,derpp,final_average_accuracy,3037,0.020640000000000103
replay,derpp,average_forgetting,311,-0.02564999999999998
replay,derpp,average_forgetting,617,-0.029950000000000004
replay,derpp,average_forgetting,919,-0.02560000000000001
replay,derpp,average_forgetting,1223,-0.031
replay,derpp,average_forgetting,1523,-0.036950000000000066
replay,derpp,average_forgetting,1823,-0.03644999999999998
replay,derpp,average_forgetting,2129,-0.024800000000000016
replay,derpp,average_forgetting,2423,-0.027000000000000024
replay,derpp,average_forgetting,2729,-0.0295
replay,derpp,average_forgetting,3037,-0.02780000000000002
replay,derpp,backward_transfer,311,0.02564999999999998
replay,derpp,backward_transfer,617,0.029950000000000004
replay,derpp,backward_transfer,919,0.02560000000000001
replay,derpp,backward_transfer,1223,0.031
replay,derpp,backward_transfer,1523,0.036950000000000066
replay,derpp,backward_transfer,1823,0.03644999999999998
replay,derpp,backward_transfer,2129,0.024800000000000016
replay,derpp,backward_transfer,2423,0.02720000000000003
replay,derpp,backward_transfer,2729,0.0295
replay,derpp,backward_transfer,3037,0.02780000000000002
replay,derpp,forward_transfer,311,-0.002800000000000004
replay,derpp,forward_transfer,617,-0.0031999999999999945
replay,derpp,forward_transfer,919,0.0019500000000000038
replay,derpp,forward_transfer,1223,-0.007350000000000002
replay,derpp,forward_transfer,1523,0.004350000000000003
replay,derpp,forward_transfer,1823,-0.0067500000000000025
replay,derpp,forward_transfer,2129,-0.006599999999999998
replay,derpp,forward_transfer,2423,-0.0015999999999999973
replay,derpp,forward_transfer,2729,-0.01195000000000001
replay,derpp,forward_transfer,3037,0.0007000000000000027
replay,derpp,task_aware_final_accuracy,311,0.019479999999999942
replay,derpp,task_aware_final_accuracy,617,0.02415999999999996
replay,derpp,task_aware_final_accuracy,919,0.02088000000000001
replay,derpp,task_aware_final_accuracy,1223,0.024599999999999955
replay,derpp,task_aware_final_accuracy,1523,0.027760000000000007
replay,derpp,task_aware_final_accuracy,1823,0.02719999999999989
replay,derpp,task_aware_final_accuracy,2129,0.018960000000000088
replay,derpp,task_aware_final_accuracy,2423,0.02204000000000006
replay,derpp,task_aware_final_accuracy,2729,0.022559999999999913
replay,derpp,task_aware_final_accuracy,3037,0.020640000000000103
replay,derpp,task_aware_forgetting,311,-0.02564999999999998
replay,derpp,task_aware_forgetting,617,-0.029950000000000004
replay,derpp,task_aware_forgetting,919,-0.02560000000000001
replay,derpp,task_aware_forgetting,1223,-0.031
replay,derpp,task_aware_forgetting,1523,-0.036950000000000066
replay,derpp,task_aware_forgetting,1823,-0.03644999999999998
replay,derpp,task_aware_forgetting,2129,-0.024800000000000016
replay,derpp,task_aware_forgetting,2423,-0.027000000000000024
replay,derpp,task_aware_forgetting,2729,-0.0295
replay,derpp,task_aware_forgetting,3037,-0.02780000000000002
replay,derpp,classifier_gap,311,0.0
replay,derpp,classifier_gap,617,0.0
replay,derpp,classifier_gap,919,0.0
replay,derpp,classifier_gap,1223,0.0
replay,derpp,classifier_gap,1523,0.0
replay,derpp,classifier_gap,1823,0.0
replay,derpp,classifier_gap,2129,0.0
replay,derpp,classifier_gap,2423,0.0
replay,derpp,classifier_gap,2729,0.0
replay,derpp,classifier_gap,3037,0.0
replay,derpp,elapsed_seconds,311,0.06798615798470564
replay,derpp,elapsed_seconds,617,0.41642010599025525
replay,derpp,elapsed_seconds,919,0.5536782590206712
replay,derpp,elapsed_seconds,1223,0.7471576220123097
replay,derpp,elapsed_seconds,1523,0.5806031610118225
replay,derpp,elapsed_seconds,1823,0.8524502009968273
replay,derpp,elapsed_seconds,2129,1.120701817999361
replay,derpp,elapsed_seconds,2423,1.4910121190187056
replay,derpp,elapsed_seconds,2729,0.35879215199383907
replay,derpp,elapsed_seconds,3037,0.9189245489833411
replay,derpp,learner_examples_processed,311,0.0
replay,derpp,learner_examples_processed,617,0.0
replay,derpp,learner_examples_processed,919,0.0
replay,derpp,learner_examples_processed,1223,0.0
replay,derpp,learner_examples_processed,1523,0.0
replay,derpp,learner_examples_processed,1823,0.0
replay,derpp,learner_examples_processed,2129,0.0
replay,derpp,learner_examples_processed,2423,0.0
replay,derpp,learner_examples_processed,2729,0.0
replay,derpp,learner_examples_processed,3037,0.0
replay,derpp,total_model_examples_processed,311,0.0
replay,derpp,total_model_examples_processed,617,0.0
replay,derpp,total_model_examples_processed,919,0.0
replay,derpp,total_model_examples_processed,1223,0.0
replay,derpp,total_model_examples_processed,1523,0.0
replay,derpp,total_model_examples_processed,1823,0.0
replay,derpp,total_model_examples_processed,2129,0.0
replay,derpp,total_model_examples_processed,2423,0.0
replay,derpp,total_model_examples_processed,2729,0.0
replay,derpp,total_model_examples_processed,3037,0.0
replay,derpp,estimated_total_flops,311,0.0
replay,derpp,estimated_total_flops,617,0.0
replay,derpp,estimated_total_flops,919,0.0
replay,derpp,estimated_total_flops,1223,0.0
replay,derpp,estimated_total_flops,1523,0.0
replay,derpp,estimated_total_flops,1823,0.0
replay,derpp,estimated_total_flops,2129,0.0
replay,derpp,estimated_total_flops,2423,0.0
replay,derpp,estimated_total_flops,2729,0.0
replay,derpp,estimated_total_flops,3037,0.0
replay,derpp,estimated_overhead_flops,311,0.0
replay,derpp,estimated_overhead_flops,617,0.0
replay,derpp,estimated_overhead_flops,919,0.0
replay,derpp,estimated_overhead_flops,1223,0.0
replay,derpp,estimated_overhead_flops,1523,0.0
replay,derpp,estimated_overhead_flops,1823,0.0
replay,derpp,estimated_overhead_flops,2129,0.0
replay,derpp,estimated_overhead_flops,2423,0.0
replay,derpp,estimated_overhead_flops,2729,0.0
replay,derpp,estimated_overhead_flops,3037,0.0
replay,derpp,replay_memory_bytes,311,0.0
replay,derpp,replay_memory_bytes,617,0.0
replay,derpp,replay_memory_bytes,919,0.0
replay,derpp,replay_memory_bytes,1223,0.0
replay,derpp,replay_memory_bytes,1523,0.0
replay,derpp,replay_memory_bytes,1823,0.0
replay,derpp,replay_memory_bytes,2129,0.0
replay,derpp,replay_memory_bytes,2423,0.0
replay,derpp,replay_memory_bytes,2729,0.0
replay,derpp,replay_memory_bytes,3037,0.0
replay,derpp,stored_logits_bytes,311,8000.0
replay,derpp,stored_logits_bytes,617,8000.0
replay,derpp,stored_logits_bytes,919,8000.0
replay,derpp,stored_logits_bytes,1223,8000.0
replay,derpp,stored_logits_bytes,1523,8000.0
replay,derpp,stored_logits_bytes,1823,8000.0
replay,derpp,stored_logits_bytes,2129,8000.0
replay,derpp,stored_logits_bytes,2423,8000.0
replay,derpp,stored_logits_bytes,2729,8000.0
replay,derpp,stored_logits_bytes,3037,8000.0
replay,slowheat_derpp_hidden_beta_30_budget_0.25,final_average_accuracy,311,0.020519999999999983
replay,slowheat_derpp_hidden_beta_30_budget_0.25,final_average_accuracy,617,0.026000000000000134
replay,slowheat_derpp_hidden_beta_30_budget_0.25,final_average_accuracy,919,0.02212000000000014
replay,slowheat_derpp_hidden_beta_30_budget_0.25,final_average_accuracy,1223,0.024879999999999902
replay,slowheat_derpp_hidden_beta_30_budget_0.25,final_average_accuracy,1523,0.02740000000000009
replay,slowheat_derpp_hidden_beta_30_budget_0.25,final_average_accuracy,1823,0.0293199999999999
replay,slowheat_derpp_hidden_beta_30_budget_0.25,final_average_accuracy,2129,0.02000000000000013
replay,slowheat_derpp_hidden_beta_30_budget_0.25,final_average_accuracy,2423,0.022680000000000256
replay,slowheat_derpp_hidden_beta_30_budget_0.25,final_average_accuracy,2729,0.023360000000000047
replay,slowheat_derpp_hidden_beta_30_budget_0.25,final_average_accuracy,3037,0.020520000000000205
replay,slowheat_derpp_hidden_beta_30_budget_0.25,average_forgetting,311,-0.032899999999999985
replay,slowheat_derpp_hidden_beta_30_budget_0.25,average_forgetting,617,-0.036300000000000054
replay,slowheat_derpp_hidden_beta_30_budget_0.25,average_forgetting,919,-0.03225
replay,slowheat_derpp_hidden_beta_30_budget_0.25,average_forgetting,1223,-0.037150000000000016
replay,slowheat_derpp_hidden_beta_30_budget_0.25,average_forgetting,1523,-0.040100000000000025
replay,slowheat_derpp_hidden_beta_30_budget_0.25,average_forgetting,1823,-0.03959999999999997
replay,slowheat_derpp_hidden_beta_30_budget_0.25,average_forgetting,2129,-0.030150000000000038
replay,slowheat_derpp_hidden_beta_30_budget_0.25,average_forgetting,2423,-0.03275000000000003
replay,slowheat_derpp_hidden_beta_30_budget_0.25,average_forgetting,2729,-0.03479999999999994
replay,slowheat_derpp_hidden_beta_30_budget_0.25,average_forgetting,3037,-0.03435000000000002
replay,slowheat_derpp_hidden_beta_30_budget_0.25,backward_transfer,311,0.033249999999999974
replay,slowheat_derpp_hidden_beta_30_budget_0.25,backward_transfer,617,0.03645000000000004
replay,slowheat_derpp_hidden_beta_30_budget_0.25,backward_transfer,919,0.03245000000000001
replay,slowheat_derpp_hidden_beta_30_budget_0.25,backward_transfer,1223,0.037150000000000016
replay,slowheat_derpp_hidden_beta_30_budget_0.25,backward_transfer,1523,0.04050000000000001
replay,slowheat_derpp_hidden_beta_30_budget_0.25,backward_transfer,1823,0.03994999999999996
replay,slowheat_derpp_hidden_beta_30_budget_0.25,backward_transfer,2129,0.030150000000000038
replay,slowheat_derpp_hidden_beta_30_budget_0.25,backward_transfer,2423,0.032950000000000035
replay,slowheat_derpp_hidden_beta_30_budget_0.25,backward_transfer,2729,0.03479999999999994
replay,slowheat_derpp_hidden_beta_30_budget_0.25,backward_transfer,3037,0.03470000000000001
replay,slowheat_derpp_hidden_beta_30_budget_0.25,forward_transfer,311,-0.0132
replay,slowheat_derpp_hidden_beta_30_budget_0.25,forward_transfer,617,-0.012799999999999995
replay,slowheat_derpp_hidden_beta_30_budget_0.25,forward_transfer,919,0.0032499999999999994
replay,slowheat_derpp_hidden_beta_30_budget_0.25,forward_transfer,1223,-0.009100000000000004
replay,slowheat_derpp_hidden_beta_30_budget_0.25,forward_transfer,1523,-0.0006999999999999992
replay,slowheat_derpp_hidden_beta_30_budget_0.25,forward_transfer,1823,-0.014850000000000002
replay,slowheat_derpp_hidden_beta_30_budget_0.25,forward_transfer,2129,-0.010449999999999997
replay,slowheat_derpp_hidden_beta_30_budget_0.25,forward_transfer,2423,-0.0054999999999999945
replay,slowheat_derpp_hidden_beta_30_budget_0.25,forward_transfer,2729,-0.008800000000000002
replay,slowheat_derpp_hidden_beta_30_budget_0.25,forward_transfer,3037,-0.0038999999999999903
replay,slowheat_derpp_hidden_beta_30_budget_0.25,task_aware_final_accuracy,311,0.020519999999999983
replay,slowheat_derpp_hidden_beta_30_budget_0.25,task_aware_final_accuracy,617,0.026000000000000134
replay,slowheat_derpp_hidden_beta_30_budget_0.25,task_aware_final_accuracy,919,0.02212000000000014
replay,slowheat_derpp_hidden_beta_30_budget_0.25,task_aware_final_accuracy,1223,0.024879999999999902
replay,slowheat_derpp_hidden_beta_30_budget_0.25,task_aware_final_accuracy,1523,0.02740000000000009
replay,slowheat_derpp_hidden_beta_30_budget_0.25,task_aware_final_accuracy,1823,0.0293199999999999
replay,slowheat_derpp_hidden_beta_30_budget_0.25,task_aware_final_accuracy,2129,0.02000000000000013
replay,slowheat_derpp_hidden_beta_30_budget_0.25,task_aware_final_accuracy,2423,0.022680000000000256
replay,slowheat_derpp_hidden_beta_30_budget_0.25,task_aware_final_accuracy,2729,0.023360000000000047
replay,slowheat_derpp_hidden_beta_30_budget_0.25,task_aware_final_accuracy,3037,0.020520000000000205
replay,slowheat_derpp_hidden_beta_30_budget_0.25,task_aware_forgetting,311,-0.032899999999999985
replay,slowheat_derpp_hidden_beta_30_budget_0.25,task_aware_forgetting,617,-0.036300000000000054
replay,slowheat_derpp_hidden_beta_30_budget_0.25,task_aware_forgetting,919,-0.03225
replay,slowheat_derpp_hidden_beta_30_budget_0.25,task_aware_forgetting,1223,-0.037150000000000016
replay,slowheat_derpp_hidden_beta_30_budget_0.25,task_aware_forgetting,1523,-0.040100000000000025
replay,slowheat_derpp_hidden_beta_30_budget_0.25,task_aware_forgetting,1823,-0.03959999999999997
replay,slowheat_derpp_hidden_beta_30_budget_0.25,task_aware_forgetting,2129,-0.030150000000000038
replay,slowheat_derpp_hidden_beta_30_budget_0.25,task_aware_forgetting,2423,-0.03275000000000003
replay,slowheat_derpp_hidden_beta_30_budget_0.25,task_aware_forgetting,2729,-0.03479999999999994
replay,slowheat_derpp_hidden_beta_30_budget_0.25,task_aware_forgetting,3037,-0.03435000000000002
replay,slowheat_derpp_hidden_beta_30_budget_0.25,classifier_gap,311,0.0
replay,slowheat_derpp_hidden_beta_30_budget_0.25,classifier_gap,617,0.0
replay,slowheat_derpp_hidden_beta_30_budget_0.25,classifier_gap,919,0.0
replay,slowheat_derpp_hidden_beta_30_budget_0.25,classifier_gap,1223,0.0
replay,slowheat_derpp_hidden_beta_30_budget_0.25,classifier_gap,1523,0.0
replay,slowheat_derpp_hidden_beta_30_budget_0.25,classifier_gap,1823,0.0
replay,slowheat_derpp_hidden_beta_30_budget_0.25,classifier_gap,2129,0.0
replay,slowheat_derpp_hidden_beta_30_budget_0.25,classifier_gap,2423,0.0
replay,slowheat_derpp_hidden_beta_30_budget_0.25,classifier_gap,2729,0.0
replay,slowheat_derpp_hidden_beta_30_budget_0.25,classifier_gap,3037,0.0
replay,slowheat_derpp_hidden_beta_30_budget_0.25,elapsed_seconds,311,9.1379785159952
replay,slowheat_derpp_hidden_beta_30_budget_0.25,elapsed_seconds,617,9.31887012696825
replay,slowheat_derpp_hidden_beta_30_budget_0.25,elapsed_seconds,919,9.304402576002758
replay,slowheat_derpp_hidden_beta_30_budget_0.25,elapsed_seconds,1223,8.688292550010374
replay,slowheat_derpp_hidden_beta_30_budget_0.25,elapsed_seconds,1523,9.456515127007151
replay,slowheat_derpp_hidden_beta_30_budget_0.25,elapsed_seconds,1823,8.7630492230237
replay,slowheat_derpp_hidden_beta_30_budget_0.25,elapsed_seconds,2129,9.034218256012537
replay,slowheat_derpp_hidden_beta_30_budget_0.25,elapsed_seconds,2423,9.921931214019423
replay,slowheat_derpp_hidden_beta_30_budget_0.25,elapsed_seconds,2729,8.809432358015329
replay,slowheat_derpp_hidden_beta_30_budget_0.25,elapsed_seconds,3037,8.992717013985384
replay,slowheat_derpp_hidden_beta_30_budget_0.25,learner_examples_processed,311,0.0
replay,slowheat_derpp_hidden_beta_30_budget_0.25,learner_examples_processed,617,0.0
replay,slowheat_derpp_hidden_beta_30_budget_0.25,learner_examples_processed,919,0.0
replay,slowheat_derpp_hidden_beta_30_budget_0.25,learner_examples_processed,1223,0.0
replay,slowheat_derpp_hidden_beta_30_budget_0.25,learner_examples_processed,1523,0.0
replay,slowheat_derpp_hidden_beta_30_budget_0.25,learner_examples_processed,1823,0.0
replay,slowheat_derpp_hidden_beta_30_budget_0.25,learner_examples_processed,2129,0.0
replay,slowheat_derpp_hidden_beta_30_budget_0.25,learner_examples_processed,2423,0.0
replay,slowheat_derpp_hidden_beta_30_budget_0.25,learner_examples_processed,2729,0.0
replay,slowheat_derpp_hidden_beta_30_budget_0.25,learner_examples_processed,3037,0.0
replay,slowheat_derpp_hidden_beta_30_budget_0.25,total_model_examples_processed,311,0.0
replay,slowheat_derpp_hidden_beta_30_budget_0.25,total_model_examples_processed,617,0.0
replay,slowheat_derpp_hidden_beta_30_budget_0.25,total_model_examples_processed,919,0.0
replay,slowheat_derpp_hidden_beta_30_budget_0.25,total_model_examples_processed,1223,0.0
replay,slowheat_derpp_hidden_beta_30_budget_0.25,total_model_examples_processed,1523,0.0
replay,slowheat_derpp_hidden_beta_30_budget_0.25,total_model_examples_processed,1823,0.0
replay,slowheat_derpp_hidden_beta_30_budget_0.25,total_model_examples_processed,2129,0.0
replay,slowheat_derpp_hidden_beta_30_budget_0.25,total_model_examples_processed,2423,0.0
replay,slowheat_derpp_hidden_beta_30_budget_0.25,total_model_examples_processed,2729,0.0
replay,slowheat_derpp_hidden_beta_30_budget_0.25,total_model_examples_processed,3037,0.0
replay,slowheat_derpp_hidden_beta_30_budget_0.25,estimated_total_flops,311,4280847360.0
replay,slowheat_derpp_hidden_beta_30_budget_0.25,estimated_total_flops,617,4280847360.0
replay,slowheat_derpp_hidden_beta_30_budget_0.25,estimated_total_flops,919,4280847360.0
replay,slowheat_derpp_hidden_beta_30_budget_0.25,estimated_total_flops,1223,4280847360.0
replay,slowheat_derpp_hidden_beta_30_budget_0.25,estimated_total_flops,1523,4280847360.0
replay,slowheat_derpp_hidden_beta_30_budget_0.25,estimated_total_flops,1823,4280847360.0
replay,slowheat_derpp_hidden_beta_30_budget_0.25,estimated_total_flops,2129,4280847360.0
replay,slowheat_derpp_hidden_beta_30_budget_0.25,estimated_total_flops,2423,4280847360.0
replay,slowheat_derpp_hidden_beta_30_budget_0.25,estimated_total_flops,2729,4280847360.0
replay,slowheat_derpp_hidden_beta_30_budget_0.25,estimated_total_flops,3037,4280847360.0
replay,slowheat_derpp_hidden_beta_30_budget_0.25,estimated_overhead_flops,311,4280847360.0
replay,slowheat_derpp_hidden_beta_30_budget_0.25,estimated_overhead_flops,617,4280847360.0
replay,slowheat_derpp_hidden_beta_30_budget_0.25,estimated_overhead_flops,919,4280847360.0
replay,slowheat_derpp_hidden_beta_30_budget_0.25,estimated_overhead_flops,1223,4280847360.0
replay,slowheat_derpp_hidden_beta_30_budget_0.25,estimated_overhead_flops,1523,4280847360.0
replay,slowheat_derpp_hidden_beta_30_budget_0.25,estimated_overhead_flops,1823,4280847360.0
replay,slowheat_derpp_hidden_beta_30_budget_0.25,estimated_overhead_flops,2129,4280847360.0
replay,slowheat_derpp_hidden_beta_30_budget_0.25,estimated_overhead_flops,2423,4280847360.0
replay,slowheat_derpp_hidden_beta_30_budget_0.25,estimated_overhead_flops,2729,4280847360.0
replay,slowheat_derpp_hidden_beta_30_budget_0.25,estimated_overhead_flops,3037,4280847360.0
replay,slowheat_derpp_hidden_beta_30_budget_0.25,replay_memory_bytes,311,0.0
replay,slowheat_derpp_hidden_beta_30_budget_0.25,replay_memory_bytes,617,0.0
replay,slowheat_derpp_hidden_beta_30_budget_0.25,replay_memory_bytes,919,0.0
replay,slowheat_derpp_hidden_beta_30_budget_0.25,replay_memory_bytes,1223,0.0
replay,slowheat_derpp_hidden_beta_30_budget_0.25,replay_memory_bytes,1523,0.0
replay,slowheat_derpp_hidden_beta_30_budget_0.25,replay_memory_bytes,1823,0.0
replay,slowheat_derpp_hidden_beta_30_budget_0.25,replay_memory_bytes,2129,0.0
replay,slowheat_derpp_hidden_beta_30_budget_0.25,replay_memory_bytes,2423,0.0
replay,slowheat_derpp_hidden_beta_30_budget_0.25,replay_memory_bytes,2729,0.0
replay,slowheat_derpp_hidden_beta_30_budget_0.25,replay_memory_bytes,3037,0.0
replay,slowheat_derpp_hidden_beta_30_budget_0.25,stored_logits_bytes,311,8000.0
replay,slowheat_derpp_hidden_beta_30_budget_0.25,stored_logits_bytes,617,8000.0
replay,slowheat_derpp_hidden_beta_30_budget_0.25,stored_logits_bytes,919,8000.0
replay,slowheat_derpp_hidden_beta_30_budget_0.25,stored_logits_bytes,1223,8000.0
replay,slowheat_derpp_hidden_beta_30_budget_0.25,stored_logits_bytes,1523,8000.0
replay,slowheat_derpp_hidden_beta_30_budget_0.25,stored_logits_bytes,1823,8000.0
replay,slowheat_derpp_hidden_beta_30_budget_0.25,stored_logits_bytes,2129,8000.0
replay,slowheat_derpp_hidden_beta_30_budget_0.25,stored_logits_bytes,2423,8000.0
replay,slowheat_derpp_hidden_beta_30_budget_0.25,stored_logits_bytes,2729,8000.0
replay,slowheat_derpp_hidden_beta_30_budget_0.25,stored_logits_bytes,3037,8000.0
replay,er_ace,final_average_accuracy,311,0.00047999999999992493
replay,er_ace,final_average_accuracy,617,0.0006800000000000139
replay,er_ace,final_average_accuracy,919,0.0007200000000000539
replay,er_ace,final_average_accuracy,1223,-0.000360000000000138
replay,er_ace,final_average_accuracy,1523,0.0034800000000000386
replay,er_ace,final_average_accuracy,1823,-0.000320000000000098
replay,er_ace,final_average_accuracy,2129,0.0026800000000000157
replay,er_ace,final_average_accuracy,2423,0.0009600000000000719
replay,er_ace,final_average_accuracy,2729,-0.0010399999999999299
replay,er_ace,final_average_accuracy,3037,-0.0036799999999999056
replay,er_ace,average_forgetting,311,-0.0009999999999999731
replay,er_ace,average_forgetting,617,-0.00015000000000001124
replay,er_ace,average_forgetting,919,-0.0013000000000000234
replay,er_ace,average_forgetting,1223,-0.00014999999999998348
replay,er_ace,average_forgetting,1523,-0.005050000000000027
replay,er_ace,average_forgetting,1823,0.0012500000000000011
replay,er_ace,average_forgetting,2129,-0.0033500000000000196
replay,er_ace,average_forgetting,2423,-0.0010000000000000564
replay,er_ace,average_forgetting,2729,0.0010499999999999676
replay,er_ace,average_forgetting,3037,0.005349999999999966
replay,er_ace,backward_transfer,311,0.0009999999999999731
replay,er_ace,backward_transfer,617,0.00015000000000001124
replay,er_ace,backward_transfer,919,0.0013000000000000234
replay,er_ace,backward_transfer,1223,0.00014999999999998348
replay,er_ace,backward_transfer,1523,0.005050000000000027
replay,er_ace,backward_transfer,1823,-0.0012500000000000011
replay,er_ace,backward_transfer,2129,0.0033500000000000196
replay,er_ace,backward_transfer,2423,0.0010000000000000564
replay,er_ace,backward_transfer,2729,-0.0010499999999999676
replay,er_ace,backward_transfer,3037,-0.005349999999999966
replay,er_ace,forward_transfer,311,0.0029000000000000067
replay,er_ace,forward_transfer,617,-0.004149999999999994
replay,er_ace,forward_transfer,919,-0.00034999999999999615
replay,er_ace,forward_transfer,1223,-0.011200000000000003
replay,er_ace,forward_transfer,1523,0.003449999999999998
replay,er_ace,forward_transfer,1823,0.0034500000000000017
replay,er_ace,forward_transfer,2129,-0.000449999999999999
replay,er_ace,forward_transfer,2423,-0.006099999999999998
replay,er_ace,forward_transfer,2729,0.002899999999999993
replay,er_ace,forward_transfer,3037,-0.0016999999999999967
replay,er_ace,task_aware_final_accuracy,311,0.00047999999999992493
replay,er_ace,task_aware_final_accuracy,617,0.0006800000000000139
replay,er_ace,task_aware_final_accuracy,919,0.0007200000000000539
replay,er_ace,task_aware_final_accuracy,1223,-0.000360000000000138
replay,er_ace,task_aware_final_accuracy,1523,0.0034800000000000386
replay,er_ace,task_aware_final_accuracy,1823,-0.000320000000000098
replay,er_ace,task_aware_final_accuracy,2129,0.0026800000000000157
replay,er_ace,task_aware_final_accuracy,2423,0.0009600000000000719
replay,er_ace,task_aware_final_accuracy,2729,-0.0010399999999999299
replay,er_ace,task_aware_final_accuracy,3037,-0.0036799999999999056
replay,er_ace,task_aware_forgetting,311,-0.0009999999999999731
replay,er_ace,task_aware_forgetting,617,-0.00015000000000001124
replay,er_ace,task_aware_forgetting,919,-0.0013000000000000234
replay,er_ace,task_aware_forgetting,1223,-0.00014999999999998348
replay,er_ace,task_aware_forgetting,1523,-0.005050000000000027
replay,er_ace,task_aware_forgetting,1823,0.0012500000000000011
replay,er_ace,task_aware_forgetting,2129,-0.0033500000000000196
replay,er_ace,task_aware_forgetting,2423,-0.0010000000000000564
replay,er_ace,task_aware_forgetting,2729,0.0010499999999999676
replay,er_ace,task_aware_forgetting,3037,0.005349999999999966
replay,er_ace,classifier_gap,311,0.0
replay,er_ace,classifier_gap,617,0.0
replay,er_ace,classifier_gap,919,0.0
replay,er_ace,classifier_gap,1223,0.0
replay,er_ace,classifier_gap,1523,0.0
replay,er_ace,classifier_gap,1823,0.0
replay,er_ace,classifier_gap,2129,0.0
replay,er_ace,classifier_gap,2423,0.0
replay,er_ace,classifier_gap,2729,0.0
replay,er_ace,classifier_gap,3037,0.0
replay,er_ace,elapsed_seconds,311,0.9011193049955182
replay,er_ace,elapsed_seconds,617,1.1664302649733145
replay,er_ace,elapsed_seconds,919,1.112907652015565
replay,er_ace,elapsed_seconds,1223,-0.8710172410064843
replay,er_ace,elapsed_seconds,1523,1.2522620829986408
replay,er_ace,elapsed_seconds,1823,0.7835328769870102
replay,er_ace,elapsed_seconds,2129,1.0522937409987208
replay,er_ace,elapsed_seconds,2423,1.475106959027471
replay,er_ace,elapsed_seconds,2729,0.8352001769817434
replay,er_ace,elapsed_seconds,3037,0.5728051489859354
replay,er_ace,learner_examples_processed,311,0.0
replay,er_ace,learner_examples_processed,617,0.0
replay,er_ace,learner_examples_processed,919,0.0
replay,er_ace,learner_examples_processed,1223,0.0
replay,er_ace,learner_examples_processed,1523,0.0
replay,er_ace,learner_examples_processed,1823,0.0
replay,er_ace,learner_examples_processed,2129,0.0
replay,er_ace,learner_examples_processed,2423,0.0
replay,er_ace,learner_examples_processed,2729,0.0
replay,er_ace,learner_examples_processed,3037,0.0
replay,er_ace,total_model_examples_processed,311,0.0
replay,er_ace,total_model_examples_processed,617,0.0
replay,er_ace,total_model_examples_processed,919,0.0
replay,er_ace,total_model_examples_processed,1223,0.0
replay,er_ace,total_model_examples_processed,1523,0.0
replay,er_ace,total_model_examples_processed,1823,0.0
replay,er_ace,total_model_examples_processed,2129,0.0
replay,er_ace,total_model_examples_processed,2423,0.0
replay,er_ace,total_model_examples_processed,2729,0.0
replay,er_ace,total_model_examples_processed,3037,0.0
replay,er_ace,estimated_total_flops,311,0.0
replay,er_ace,estimated_total_flops,617,0.0
replay,er_ace,estimated_total_flops,919,0.0
replay,er_ace,estimated_total_flops,1223,0.0
replay,er_ace,estimated_total_flops,1523,0.0
replay,er_ace,estimated_total_flops,1823,0.0
replay,er_ace,estimated_total_flops,2129,0.0
replay,er_ace,estimated_total_flops,2423,0.0
replay,er_ace,estimated_total_flops,2729,0.0
replay,er_ace,estimated_total_flops,3037,0.0
replay,er_ace,estimated_overhead_flops,311,0.0
replay,er_ace,estimated_overhead_flops,617,0.0
replay,er_ace,estimated_overhead_flops,919,0.0
replay,er_ace,estimated_overhead_flops,1223,0.0
replay,er_ace,estimated_overhead_flops,1523,0.0
replay,er_ace,estimated_overhead_flops,1823,0.0
replay,er_ace,estimated_overhead_flops,2129,0.0
replay,er_ace,estimated_overhead_flops,2423,0.0
replay,er_ace,estimated_overhead_flops,2729,0.0
replay,er_ace,estimated_overhead_flops,3037,0.0
replay,er_ace,replay_memory_bytes,311,0.0
replay,er_ace,replay_memory_bytes,617,0.0
replay,er_ace,replay_memory_bytes,919,0.0
replay,er_ace,replay_memory_bytes,1223,0.0
replay,er_ace,replay_memory_bytes,1523,0.0
replay,er_ace,replay_memory_bytes,1823,0.0
replay,er_ace,replay_memory_bytes,2129,0.0
replay,er_ace,replay_memory_bytes,2423,0.0
replay,er_ace,replay_memory_bytes,2729,0.0
replay,er_ace,replay_memory_bytes,3037,0.0
replay,er_ace,stored_logits_bytes,311,0.0
replay,er_ace,stored_logits_bytes,617,0.0
replay,er_ace,stored_logits_bytes,919,0.0
replay,er_ace,stored_logits_bytes,1223,0.0
replay,er_ace,stored_logits_bytes,1523,0.0
replay,er_ace,stored_logits_bytes,1823,0.0
replay,er_ace,stored_logits_bytes,2129,0.0
replay,er_ace,stored_logits_bytes,2423,0.0
replay,er_ace,stored_logits_bytes,2729,0.0
replay,er_ace,stored_logits_bytes,3037,0.0
replay,slowheat_er_ace_hidden_beta_30_budget_0.25,final_average_accuracy,311,0.0043199999999998795
replay,slowheat_er_ace_hidden_beta_30_budget_0.25,final_average_accuracy,617,0.0036400000000001986
replay,slowheat_er_ace_hidden_beta_30_budget_0.25,final_average_accuracy,919,0.006920000000000037
replay,slowheat_er_ace_hidden_beta_30_budget_0.25,final_average_accuracy,1223,0.008440000000000003
replay,slowheat_er_ace_hidden_beta_30_budget_0.25,final_average_accuracy,1523,0.006000000000000005
replay,slowheat_er_ace_hidden_beta_30_budget_0.25,final_average_accuracy,1823,0.010239999999999916
replay,slowheat_er_ace_hidden_beta_30_budget_0.25,final_average_accuracy,2129,0.0044800000000000395
replay,slowheat_er_ace_hidden_beta_30_budget_0.25,final_average_accuracy,2423,0.007400000000000073
replay,slowheat_er_ace_hidden_beta_30_budget_0.25,final_average_accuracy,2729,0.008519999999999972
replay,slowheat_er_ace_hidden_beta_30_budget_0.25,final_average_accuracy,3037,0.0049600000000000755
replay,slowheat_er_ace_hidden_beta_30_budget_0.25,average_forgetting,311,-0.015949999999999992
replay,slowheat_er_ace_hidden_beta_30_budget_0.25,average_forgetting,617,-0.01050000000000001
replay,slowheat_er_ace_hidden_beta_30_budget_0.25,average_forgetting,919,-0.013950000000000018
replay,slowheat_er_ace_hidden_beta_30_budget_0.25,average_forgetting,1223,-0.01620000000000002
replay,slowheat_er_ace_hidden_beta_30_budget_0.25,average_forgetting,1523,-0.015399999999999997
replay,slowheat_er_ace_hidden_beta_30_budget_0.25,average_forgetting,1823,-0.01655000000000001
replay,slowheat_er_ace_hidden_beta_30_budget_0.25,average_forgetting,2129,-0.010150000000000076
replay,slowheat_er_ace_hidden_beta_30_budget_0.25,average_forgetting,2423,-0.015450000000000075
replay,slowheat_er_ace_hidden_beta_30_budget_0.25,average_forgetting,2729,-0.015649999999999942
replay,slowheat_er_ace_hidden_beta_30_budget_0.25,average_forgetting,3037,-0.013149999999999995
replay,slowheat_er_ace_hidden_beta_30_budget_0.25,backward_transfer,311,0.015949999999999992
replay,slowheat_er_ace_hidden_beta_30_budget_0.25,backward_transfer,617,0.01050000000000001
replay,slowheat_er_ace_hidden_beta_30_budget_0.25,backward_transfer,919,0.013950000000000018
replay,slowheat_er_ace_hidden_beta_30_budget_0.25,backward_transfer,1223,0.01620000000000002
replay,slowheat_er_ace_hidden_beta_30_budget_0.25,backward_transfer,1523,0.015399999999999997
replay,slowheat_er_ace_hidden_beta_30_budget_0.25,backward_transfer,1823,0.01655000000000001
replay,slowheat_er_ace_hidden_beta_30_budget_0.25,backward_transfer,2129,0.010150000000000076
replay,slowheat_er_ace_hidden_beta_30_budget_0.25,backward_transfer,2423,0.015450000000000075
replay,slowheat_er_ace_hidden_beta_30_budget_0.25,backward_transfer,2729,0.015649999999999942
replay,slowheat_er_ace_hidden_beta_30_budget_0.25,backward_transfer,3037,0.01369999999999999
replay,slowheat_er_ace_hidden_beta_30_budget_0.25,forward_transfer,311,4.999999999999449e-05
replay,slowheat_er_ace_hidden_beta_30_budget_0.25,forward_transfer,617,-0.00799999999999999
replay,slowheat_er_ace_hidden_beta_30_budget_0.25,forward_transfer,919,0.0028000000000000004
replay,slowheat_er_ace_hidden_beta_30_budget_0.25,forward_transfer,1223,-0.0014500000000000068
replay,slowheat_er_ace_hidden_beta_30_budget_0.25,forward_transfer,1523,-0.006649999999999993
replay,slowheat_er_ace_hidden_beta_30_budget_0.25,forward_transfer,1823,-0.012150000000000001
replay,slowheat_er_ace_hidden_beta_30_budget_0.25,forward_transfer,2129,-0.014799999999999997
replay,slowheat_er_ace_hidden_beta_30_budget_0.25,forward_transfer,2423,-0.00885
replay,slowheat_er_ace_hidden_beta_30_budget_0.25,forward_transfer,2729,-0.006950000000000001
replay,slowheat_er_ace_hidden_beta_30_budget_0.25,forward_transfer,3037,-0.005399999999999988
replay,slowheat_er_ace_hidden_beta_30_budget_0.25,task_aware_final_accuracy,311,0.0043199999999998795
replay,slowheat_er_ace_hidden_beta_30_budget_0.25,task_aware_final_accuracy,617,0.0036400000000001986
replay,slowheat_er_ace_hidden_beta_30_budget_0.25,task_aware_final_accuracy,919,0.006920000000000037
replay,slowheat_er_ace_hidden_beta_30_budget_0.25,task_aware_final_accuracy,1223,0.008440000000000003
replay,slowheat_er_ace_hidden_beta_30_budget_0.25,task_aware_final_accuracy,1523,0.006000000000000005
replay,slowheat_er_ace_hidden_beta_30_budget_0.25,task_aware_final_accuracy,1823,0.010239999999999916
replay,slowheat_er_ace_hidden_beta_30_budget_0.25,task_aware_final_accuracy,2129,0.0044800000000000395
replay,slowheat_er_ace_hidden_beta_30_budget_0.25,task_aware_final_accuracy,2423,0.007400000000000073
replay,slowheat_er_ace_hidden_beta_30_budget_0.25,task_aware_final_accuracy,2729,0.008519999999999972
replay,slowheat_er_ace_hidden_beta_30_budget_0.25,task_aware_final_accuracy,3037,0.0049600000000000755
replay,slowheat_er_ace_hidden_beta_30_budget_0.25,task_aware_forgetting,311,-0.015949999999999992
replay,slowheat_er_ace_hidden_beta_30_budget_0.25,task_aware_forgetting,617,-0.01050000000000001
replay,slowheat_er_ace_hidden_beta_30_budget_0.25,task_aware_forgetting,919,-0.013950000000000018
replay,slowheat_er_ace_hidden_beta_30_budget_0.25,task_aware_forgetting,1223,-0.01620000000000002
replay,slowheat_er_ace_hidden_beta_30_budget_0.25,task_aware_forgetting,1523,-0.015399999999999997
replay,slowheat_er_ace_hidden_beta_30_budget_0.25,task_aware_forgetting,1823,-0.01655000000000001
replay,slowheat_er_ace_hidden_beta_30_budget_0.25,task_aware_forgetting,2129,-0.010150000000000076
replay,slowheat_er_ace_hidden_beta_30_budget_0.25,task_aware_forgetting,2423,-0.015450000000000075
replay,slowheat_er_ace_hidden_beta_30_budget_0.25,task_aware_forgetting,2729,-0.015649999999999942
replay,slowheat_er_ace_hidden_beta_30_budget_0.25,task_aware_forgetting,3037,-0.013149999999999995
replay,slowheat_er_ace_hidden_beta_30_budget_0.25,classifier_gap,311,0.0
replay,slowheat_er_ace_hidden_beta_30_budget_0.25,classifier_gap,617,0.0
replay,slowheat_er_ace_hidden_beta_30_budget_0.25,classifier_gap,919,0.0
replay,slowheat_er_ace_hidden_beta_30_budget_0.25,classifier_gap,1223,0.0
replay,slowheat_er_ace_hidden_beta_30_budget_0.25,classifier_gap,1523,0.0
replay,slowheat_er_ace_hidden_beta_30_budget_0.25,classifier_gap,1823,0.0
replay,slowheat_er_ace_hidden_beta_30_budget_0.25,classifier_gap,2129,0.0
replay,slowheat_er_ace_hidden_beta_30_budget_0.25,classifier_gap,2423,0.0
replay,slowheat_er_ace_hidden_beta_30_budget_0.25,classifier_gap,2729,0.0
replay,slowheat_er_ace_hidden_beta_30_budget_0.25,classifier_gap,3037,0.0
replay,slowheat_er_ace_hidden_beta_30_budget_0.25,elapsed_seconds,311,8.848831607989268
replay,slowheat_er_ace_hidden_beta_30_budget_0.25,elapsed_seconds,617,9.205114163982216
replay,slowheat_er_ace_hidden_beta_30_budget_0.25,elapsed_seconds,919,9.001140888023656
replay,slowheat_er_ace_hidden_beta_30_budget_0.25,elapsed_seconds,1223,8.292014708014904
replay,slowheat_er_ace_hidden_beta_30_budget_0.25,elapsed_seconds,1523,9.299688726983732
replay,slowheat_er_ace_hidden_beta_30_budget_0.25,elapsed_seconds,1823,8.641214767994825
replay,slowheat_er_ace_hidden_beta_30_budget_0.25,elapsed_seconds,2129,8.890734826010885
replay,slowheat_er_ace_hidden_beta_30_budget_0.25,elapsed_seconds,2423,9.763041511003394
replay,slowheat_er_ace_hidden_beta_30_budget_0.25,elapsed_seconds,2729,8.698979237989988
replay,slowheat_er_ace_hidden_beta_30_budget_0.25,elapsed_seconds,3037,8.679992952005705
replay,slowheat_er_ace_hidden_beta_30_budget_0.25,learner_examples_processed,311,0.0
replay,slowheat_er_ace_hidden_beta_30_budget_0.25,learner_examples_processed,617,0.0
replay,slowheat_er_ace_hidden_beta_30_budget_0.25,learner_examples_processed,919,0.0
replay,slowheat_er_ace_hidden_beta_30_budget_0.25,learner_examples_processed,1223,0.0
replay,slowheat_er_ace_hidden_beta_30_budget_0.25,learner_examples_processed,1523,0.0
replay,slowheat_er_ace_hidden_beta_30_budget_0.25,learner_examples_processed,1823,0.0
replay,slowheat_er_ace_hidden_beta_30_budget_0.25,learner_examples_processed,2129,0.0
replay,slowheat_er_ace_hidden_beta_30_budget_0.25,learner_examples_processed,2423,0.0
replay,slowheat_er_ace_hidden_beta_30_budget_0.25,learner_examples_processed,2729,0.0
replay,slowheat_er_ace_hidden_beta_30_budget_0.25,learner_examples_processed,3037,0.0
replay,slowheat_er_ace_hidden_beta_30_budget_0.25,total_model_examples_processed,311,0.0
replay,slowheat_er_ace_hidden_beta_30_budget_0.25,total_model_examples_processed,617,0.0
replay,slowheat_er_ace_hidden_beta_30_budget_0.25,total_model_examples_processed,919,0.0
replay,slowheat_er_ace_hidden_beta_30_budget_0.25,total_model_examples_processed,1223,0.0
replay,slowheat_er_ace_hidden_beta_30_budget_0.25,total_model_examples_processed,1523,0.0
replay,slowheat_er_ace_hidden_beta_30_budget_0.25,total_model_examples_processed,1823,0.0
replay,slowheat_er_ace_hidden_beta_30_budget_0.25,total_model_examples_processed,2129,0.0
replay,slowheat_er_ace_hidden_beta_30_budget_0.25,total_model_examples_processed,2423,0.0
replay,slowheat_er_ace_hidden_beta_30_budget_0.25,total_model_examples_processed,2729,0.0
replay,slowheat_er_ace_hidden_beta_30_budget_0.25,total_model_examples_processed,3037,0.0
replay,slowheat_er_ace_hidden_beta_30_budget_0.25,estimated_total_flops,311,4280847360.0
replay,slowheat_er_ace_hidden_beta_30_budget_0.25,estimated_total_flops,617,4280847360.0
replay,slowheat_er_ace_hidden_beta_30_budget_0.25,estimated_total_flops,919,4280847360.0
replay,slowheat_er_ace_hidden_beta_30_budget_0.25,estimated_total_flops,1223,4280847360.0
replay,slowheat_er_ace_hidden_beta_30_budget_0.25,estimated_total_flops,1523,4280847360.0
replay,slowheat_er_ace_hidden_beta_30_budget_0.25,estimated_total_flops,1823,4280847360.0
replay,slowheat_er_ace_hidden_beta_30_budget_0.25,estimated_total_flops,2129,4280847360.0
replay,slowheat_er_ace_hidden_beta_30_budget_0.25,estimated_total_flops,2423,4280847360.0
replay,slowheat_er_ace_hidden_beta_30_budget_0.25,estimated_total_flops,2729,4280847360.0
replay,slowheat_er_ace_hidden_beta_30_budget_0.25,estimated_total_flops,3037,4280847360.0
replay,slowheat_er_ace_hidden_beta_30_budget_0.25,estimated_overhead_flops,311,4280847360.0
replay,slowheat_er_ace_hidden_beta_30_budget_0.25,estimated_overhead_flops,617,4280847360.0
replay,slowheat_er_ace_hidden_beta_30_budget_0.25,estimated_overhead_flops,919,4280847360.0
replay,slowheat_er_ace_hidden_beta_30_budget_0.25,estimated_overhead_flops,1223,4280847360.0
replay,slowheat_er_ace_hidden_beta_30_budget_0.25,estimated_overhead_flops,1523,4280847360.0
replay,slowheat_er_ace_hidden_beta_30_budget_0.25,estimated_overhead_flops,1823,4280847360.0
replay,slowheat_er_ace_hidden_beta_30_budget_0.25,estimated_overhead_flops,2129,4280847360.0
replay,slowheat_er_ace_hidden_beta_30_budget_0.25,estimated_overhead_flops,2423,4280847360.0
replay,slowheat_er_ace_hidden_beta_30_budget_0.25,estimated_overhead_flops,2729,4280847360.0
replay,slowheat_er_ace_hidden_beta_30_budget_0.25,estimated_overhead_flops,3037,4280847360.0
replay,slowheat_er_ace_hidden_beta_30_budget_0.25,replay_memory_bytes,311,0.0
replay,slowheat_er_ace_hidden_beta_30_budget_0.25,replay_memory_bytes,617,0.0
replay,slowheat_er_ace_hidden_beta_30_budget_0.25,replay_memory_bytes,919,0.0
replay,slowheat_er_ace_hidden_beta_30_budget_0.25,replay_memory_bytes,1223,0.0
replay,slowheat_er_ace_hidden_beta_30_budget_0.25,replay_memory_bytes,1523,0.0
replay,slowheat_er_ace_hidden_beta_30_budget_0.25,replay_memory_bytes,1823,0.0
replay,slowheat_er_ace_hidden_beta_30_budget_0.25,replay_memory_bytes,2129,0.0
replay,slowheat_er_ace_hidden_beta_30_budget_0.25,replay_memory_bytes,2423,0.0
replay,slowheat_er_ace_hidden_beta_30_budget_0.25,replay_memory_bytes,2729,0.0
replay,slowheat_er_ace_hidden_beta_30_budget_0.25,replay_memory_bytes,3037,0.0
replay,slowheat_er_ace_hidden_beta_30_budget_0.25,stored_logits_bytes,311,0.0
replay,slowheat_er_ace_hidden_beta_30_budget_0.25,stored_logits_bytes,617,0.0
replay,slowheat_er_ace_hidden_beta_30_budget_0.25,stored_logits_bytes,919,0.0
replay,slowheat_er_ace_hidden_beta_30_budget_0.25,stored_logits_bytes,1223,0.0
replay,slowheat_er_ace_hidden_beta_30_budget_0.25,stored_logits_bytes,1523,0.0
replay,slowheat_er_ace_hidden_beta_30_budget_0.25,stored_logits_bytes,1823,0.0
replay,slowheat_er_ace_hidden_beta_30_budget_0.25,stored_logits_bytes,2129,0.0
replay,slowheat_er_ace_hidden_beta_30_budget_0.25,stored_logits_bytes,2423,0.0
replay,slowheat_er_ace_hidden_beta_30_budget_0.25,stored_logits_bytes,2729,0.0
replay,slowheat_er_ace_hidden_beta_30_budget_0.25,stored_logits_bytes,3037,0.0
replay,agem,final_average_accuracy,311,-1.1102230246251565e-16
replay,agem,final_average_accuracy,617,0.0017200000000000548
replay,agem,final_average_accuracy,919,0.0005199999999999649
replay,agem,final_average_accuracy,1223,-0.006120000000000014
replay,agem,final_average_accuracy,1523,0.0015199999999999658
replay,agem,final_average_accuracy,1823,0.0
replay,agem,final_average_accuracy,2129,0.0013199999999999878
replay,agem,final_average_accuracy,2423,-0.0028799999999998827
replay,agem,final_average_accuracy,2729,0.0009199999999999209
replay,agem,final_average_accuracy,3037,-0.0038400000000000656
replay,agem,average_forgetting,311,-0.0008999999999999564
replay,agem,average_forgetting,617,-0.0019500000000000073
replay,agem,average_forgetting,919,-0.0012000000000000066
replay,agem,average_forgetting,1223,0.007249999999999979
replay,agem,average_forgetting,1523,-0.0021000000000000463
replay,agem,average_forgetting,1823,-0.0007000000000000062
replay,agem,average_forgetting,2129,-0.0033999999999999864
replay,agem,average_forgetting,2423,0.004149999999999987
replay,agem,average_forgetting,2729,-0.001549999999999968
replay,agem,average_forgetting,3037,0.004299999999999998
replay,agem,backward_transfer,311,0.0008999999999999564
replay,agem,backward_transfer,617,0.0019500000000000073
replay,agem,backward_transfer,919,0.0012000000000000066
replay,agem,backward_transfer,1223,-0.007249999999999979
replay,agem,backward_transfer,1523,0.0021000000000000463
replay,agem,backward_transfer,1823,0.0007000000000000062
replay,agem,backward_transfer,2129,0.0033999999999999864
replay,agem,backward_transfer,2423,-0.004149999999999987
replay,agem,backward_transfer,2729,0.001549999999999968
replay,agem,backward_transfer,3037,-0.004299999999999998
replay,agem,forward_transfer,311,-0.006700000000000001
replay,agem,forward_transfer,617,0.004400000000000005
replay,agem,forward_transfer,919,0.005750000000000005
replay,agem,forward_transfer,1223,-0.007050000000000004
replay,agem,forward_transfer,1523,0.003000000000000006
replay,agem,forward_transfer,1823,-0.0020499999999999997
replay,agem,forward_transfer,2129,0.011700000000000002
replay,agem,forward_transfer,2423,0.0034000000000000002
replay,agem,forward_transfer,2729,-0.009550000000000006
replay,agem,forward_transfer,3037,0.0012000000000000066
replay,agem,task_aware_final_accuracy,311,-1.1102230246251565e-16
replay,agem,task_aware_final_accuracy,617,0.0017200000000000548
replay,agem,task_aware_final_accuracy,919,0.0005199999999999649
replay,agem,task_aware_final_accuracy,1223,-0.006120000000000014
replay,agem,task_aware_final_accuracy,1523,0.0015199999999999658
replay,agem,task_aware_final_accuracy,1823,0.0
replay,agem,task_aware_final_accuracy,2129,0.0013199999999999878
replay,agem,task_aware_final_accuracy,2423,-0.0028799999999998827
replay,agem,task_aware_final_accuracy,2729,0.0009199999999999209
replay,agem,task_aware_final_accuracy,3037,-0.0038400000000000656
replay,agem,task_aware_forgetting,311,-0.0008999999999999564
replay,agem,task_aware_forgetting,617,-0.0019500000000000073
replay,agem,task_aware_forgetting,919,-0.0012000000000000066
replay,agem,task_aware_forgetting,1223,0.007249999999999979
replay,agem,task_aware_forgetting,1523,-0.0021000000000000463
replay,agem,task_aware_forgetting,1823,-0.0007000000000000062
replay,agem,task_aware_forgetting,2129,-0.0033999999999999864
replay,agem,task_aware_forgetting,2423,0.004149999999999987
replay,agem,task_aware_forgetting,2729,-0.001549999999999968
replay,agem,task_aware_forgetting,3037,0.004299999999999998
replay,agem,classifier_gap,311,0.0
replay,agem,classifier_gap,617,0.0
replay,agem,classifier_gap,919,0.0
replay,agem,classifier_gap,1223,0.0
replay,agem,classifier_gap,1523,0.0
replay,agem,classifier_gap,1823,0.0
replay,agem,classifier_gap,2129,0.0
replay,agem,classifier_gap,2423,0.0
replay,agem,classifier_gap,2729,0.0
replay,agem,classifier_gap,3037,0.0
replay,agem,elapsed_seconds,311,1.2882466899754945
replay,agem,elapsed_seconds,617,1.712442751013441
replay,agem,elapsed_seconds,919,1.6124635580054019
replay,agem,elapsed_seconds,1223,0.6764871530176606
replay,agem,elapsed_seconds,1523,1.7791537150042132
replay,agem,elapsed_seconds,1823,1.270285773993237
replay,agem,elapsed_seconds,2129,1.450031198997749
replay,agem,elapsed_seconds,2423,1.856343186023878
replay,agem,elapsed_seconds,2729,1.2341219270019792
replay,agem,elapsed_seconds,3037,1.3692139339982532
replay,agem,learner_examples_processed,311,0.0
replay,agem,learner_examples_processed,617,0.0
replay,agem,learner_examples_processed,919,0.0
replay,agem,learner_examples_processed,1223,0.0
replay,agem,learner_examples_processed,1523,0.0
replay,agem,learner_examples_processed,1823,0.0
replay,agem,learner_examples_processed,2129,0.0
replay,agem,learner_examples_processed,2423,0.0
replay,agem,learner_examples_processed,2729,0.0
replay,agem,learner_examples_processed,3037,0.0
replay,agem,total_model_examples_processed,311,0.0
replay,agem,total_model_examples_processed,617,0.0
replay,agem,total_model_examples_processed,919,0.0
replay,agem,total_model_examples_processed,1223,0.0
replay,agem,total_model_examples_processed,1523,0.0
replay,agem,total_model_examples_processed,1823,0.0
replay,agem,total_model_examples_processed,2129,0.0
replay,agem,total_model_examples_processed,2423,0.0
replay,agem,total_model_examples_processed,2729,0.0
replay,agem,total_model_examples_processed,3037,0.0
replay,agem,estimated_total_flops,311,0.0
replay,agem,estimated_total_flops,617,0.0
replay,agem,estimated_total_flops,919,0.0
replay,agem,estimated_total_flops,1223,0.0
replay,agem,estimated_total_flops,1523,0.0
replay,agem,estimated_total_flops,1823,0.0
replay,agem,estimated_total_flops,2129,0.0
replay,agem,estimated_total_flops,2423,0.0
replay,agem,estimated_total_flops,2729,0.0
replay,agem,estimated_total_flops,3037,0.0
replay,agem,estimated_overhead_flops,311,0.0
replay,agem,estimated_overhead_flops,617,0.0
replay,agem,estimated_overhead_flops,919,0.0
replay,agem,estimated_overhead_flops,1223,0.0
replay,agem,estimated_overhead_flops,1523,0.0
replay,agem,estimated_overhead_flops,1823,0.0
replay,agem,estimated_overhead_flops,2129,0.0
replay,agem,estimated_overhead_flops,2423,0.0
replay,agem,estimated_overhead_flops,2729,0.0
replay,agem,estimated_overhead_flops,3037,0.0
replay,agem,replay_memory_bytes,311,0.0
replay,agem,replay_memory_bytes,617,0.0
replay,agem,replay_memory_bytes,919,0.0
replay,agem,replay_memory_bytes,1223,0.0
replay,agem,replay_memory_bytes,1523,0.0
replay,agem,replay_memory_bytes,1823,0.0
replay,agem,replay_memory_bytes,2129,0.0
replay,agem,replay_memory_bytes,2423,0.0
replay,agem,replay_memory_bytes,2729,0.0
replay,agem,replay_memory_bytes,3037,0.0
replay,agem,stored_logits_bytes,311,0.0
replay,agem,stored_logits_bytes,617,0.0
replay,agem,stored_logits_bytes,919,0.0
replay,agem,stored_logits_bytes,1223,0.0
replay,agem,stored_logits_bytes,1523,0.0
replay,agem,stored_logits_bytes,1823,0.0
replay,agem,stored_logits_bytes,2129,0.0
replay,agem,stored_logits_bytes,2423,0.0
replay,agem,stored_logits_bytes,2729,0.0
replay,agem,stored_logits_bytes,3037,0.0
replay,ewc,final_average_accuracy,311,-0.12404000000000004
replay,ewc,final_average_accuracy,617,-0.14088
replay,ewc,final_average_accuracy,919,-0.1374399999999999
replay,ewc,final_average_accuracy,1223,-0.14851999999999999
replay,ewc,final_average_accuracy,1523,-0.15447999999999984
replay,ewc,final_average_accuracy,1823,-0.13628000000000018
replay,ewc,final_average_accuracy,2129,-0.10372000000000003
replay,ewc,final_average_accuracy,2423,-0.10951999999999984
replay,ewc,final_average_accuracy,2729,-0.06863999999999992
replay,ewc,final_average_accuracy,3037,-0.10980000000000001
replay,ewc,average_forgetting,311,0.15250000000000002
replay,ewc,average_forgetting,617,0.17675000000000002
replay,ewc,average_forgetting,919,0.17159999999999997
replay,ewc,average_forgetting,1223,0.18469999999999998
replay,ewc,average_forgetting,1523,0.19284999999999994
replay,ewc,average_forgetting,1823,0.17060000000000003
replay,ewc,average_forgetting,2129,0.12915000000000001
replay,ewc,average_forgetting,2423,0.13729999999999995
replay,ewc,average_forgetting,2729,0.08574999999999999
replay,ewc,average_forgetting,3037,0.13649999999999995
replay,ewc,backward_transfer,311,-0.15250000000000002
replay,ewc,backward_transfer,617,-0.17675000000000002
replay,ewc,backward_transfer,919,-0.17159999999999997
replay,ewc,backward_transfer,1223,-0.18469999999999998
replay,ewc,backward_transfer,1523,-0.19284999999999994
replay,ewc,backward_transfer,1823,-0.17060000000000003
replay,ewc,backward_transfer,2129,-0.12915000000000001
replay,ewc,backward_transfer,2423,-0.13729999999999995
replay,ewc,backward_transfer,2729,-0.08574999999999999
replay,ewc,backward_transfer,3037,-0.13649999999999995
replay,ewc,forward_transfer,311,-0.006649999999999996
replay,ewc,forward_transfer,617,0.005099999999999997
replay,ewc,forward_transfer,919,0.0007000000000000027
replay,ewc,forward_transfer,1223,-0.004250000000000002
replay,ewc,forward_transfer,1523,0.003349999999999999
replay,ewc,forward_transfer,1823,0.001799999999999996
replay,ewc,forward_transfer,2129,0.006100000000000001
replay,ewc,forward_transfer,2423,-0.009799999999999996
replay,ewc,forward_transfer,2729,-0.002100000000000008
replay,ewc,forward_transfer,3037,0.003950000000000009
replay,ewc,task_aware_final_accuracy,311,-0.12404000000000004
replay,ewc,task_aware_final_accuracy,617,-0.14088
replay,ewc,task_aware_final_accuracy,919,-0.1374399999999999
replay,ewc,task_aware_final_accuracy,1223,-0.14851999999999999
replay,ewc,task_aware_final_accuracy,1523,-0.15447999999999984
replay,ewc,task_aware_final_accuracy,1823,-0.13628000000000018
replay,ewc,task_aware_final_accuracy,2129,-0.10372000000000003
replay,ewc,task_aware_final_accuracy,2423,-0.10951999999999984
replay,ewc,task_aware_final_accuracy,2729,-0.06863999999999992
replay,ewc,task_aware_final_accuracy,3037,-0.10980000000000001
replay,ewc,task_aware_forgetting,311,0.15250000000000002
replay,ewc,task_aware_forgetting,617,0.17675000000000002
replay,ewc,task_aware_forgetting,919,0.17159999999999997
replay,ewc,task_aware_forgetting,1223,0.18469999999999998
replay,ewc,task_aware_forgetting,1523,0.19284999999999994
replay,ewc,task_aware_forgetting,1823,0.17060000000000003
replay,ewc,task_aware_forgetting,2129,0.12915000000000001
replay,ewc,task_aware_forgetting,2423,0.13729999999999995
replay,ewc,task_aware_forgetting,2729,0.08574999999999999
replay,ewc,task_aware_forgetting,3037,0.13649999999999995
replay,ewc,classifier_gap,311,0.0
replay,ewc,classifier_gap,617,0.0
replay,ewc,classifier_gap,919,0.0
replay,ewc,classifier_gap,1223,0.0
replay,ewc,classifier_gap,1523,0.0
replay,ewc,classifier_gap,1823,0.0
replay,ewc,classifier_gap,2129,0.0
replay,ewc,classifier_gap,2423,0.0
replay,ewc,classifier_gap,2729,0.0
replay,ewc,classifier_gap,3037,0.0
replay,ewc,elapsed_seconds,311,2.114808230980998
replay,ewc,elapsed_seconds,617,2.3715457059734035
replay,ewc,elapsed_seconds,919,2.2375506719981786
replay,ewc,elapsed_seconds,1223,1.5816110120213125
replay,ewc,elapsed_seconds,1523,2.611157175997505
replay,ewc,elapsed_seconds,1823,1.7703907759860158
replay,ewc,elapsed_seconds,2129,2.1273240220325533
replay,ewc,elapsed_seconds,2423,2.747624005016405
replay,ewc,elapsed_seconds,2729,1.844982087990502
replay,ewc,elapsed_seconds,3037,2.0176488799916115
replay,ewc,learner_examples_processed,311,-202240.0
replay,ewc,learner_examples_processed,617,-202240.0
replay,ewc,learner_examples_processed,919,-202240.0
replay,ewc,learner_examples_processed,1223,-202240.0
replay,ewc,learner_examples_processed,1523,-202240.0
replay,ewc,learner_examples_processed,1823,-202240.0
replay,ewc,learner_examples_processed,2129,-202240.0
replay,ewc,learner_examples_processed,2423,-202240.0
replay,ewc,learner_examples_processed,2729,-202240.0
replay,ewc,learner_examples_processed,3037,-202240.0
replay,ewc,total_model_examples_processed,311,-202240.0
replay,ewc,total_model_examples_processed,617,-202240.0
replay,ewc,total_model_examples_processed,919,-202240.0
replay,ewc,total_model_examples_processed,1223,-202240.0
replay,ewc,total_model_examples_processed,1523,-202240.0
replay,ewc,total_model_examples_processed,1823,-202240.0
replay,ewc,total_model_examples_processed,2129,-202240.0
replay,ewc,total_model_examples_processed,2423,-202240.0
replay,ewc,total_model_examples_processed,2729,-202240.0
replay,ewc,total_model_examples_processed,3037,-202240.0
replay,ewc,estimated_total_flops,311,-642463518990.0
replay,ewc,estimated_total_flops,617,-642463518990.0
replay,ewc,estimated_total_flops,919,-642463518990.0
replay,ewc,estimated_total_flops,1223,-642463518990.0
replay,ewc,estimated_total_flops,1523,-642463518990.0
replay,ewc,estimated_total_flops,1823,-642463518990.0
replay,ewc,estimated_total_flops,2129,-642463518990.0
replay,ewc,estimated_total_flops,2423,-642463518990.0
replay,ewc,estimated_total_flops,2729,-642463518990.0
replay,ewc,estimated_total_flops,3037,-642463518990.0
replay,ewc,estimated_overhead_flops,311,6775418610.0
replay,ewc,estimated_overhead_flops,617,6775418610.0
replay,ewc,estimated_overhead_flops,919,6775418610.0
replay,ewc,estimated_overhead_flops,1223,6775418610.0
replay,ewc,estimated_overhead_flops,1523,6775418610.0
replay,ewc,estimated_overhead_flops,1823,6775418610.0
replay,ewc,estimated_overhead_flops,2129,6775418610.0
replay,ewc,estimated_overhead_flops,2423,6775418610.0
replay,ewc,estimated_overhead_flops,2729,6775418610.0
replay,ewc,estimated_overhead_flops,3037,6775418610.0
replay,ewc,replay_memory_bytes,311,-628800.0
replay,ewc,replay_memory_bytes,617,-628800.0
replay,ewc,replay_memory_bytes,919,-628800.0
replay,ewc,replay_memory_bytes,1223,-628800.0
replay,ewc,replay_memory_bytes,1523,-628800.0
replay,ewc,replay_memory_bytes,1823,-628800.0
replay,ewc,replay_memory_bytes,2129,-628800.0
replay,ewc,replay_memory_bytes,2423,-628800.0
replay,ewc,replay_memory_bytes,2729,-628800.0
replay,ewc,replay_memory_bytes,3037,-628800.0
replay,ewc,stored_logits_bytes,311,0.0
replay,ewc,stored_logits_bytes,617,0.0
replay,ewc,stored_logits_bytes,919,0.0
replay,ewc,stored_logits_bytes,1223,0.0
replay,ewc,stored_logits_bytes,1523,0.0
replay,ewc,stored_logits_bytes,1823,0.0
replay,ewc,stored_logits_bytes,2129,0.0
replay,ewc,stored_logits_bytes,2423,0.0
replay,ewc,stored_logits_bytes,2729,0.0
replay,ewc,stored_logits_bytes,3037,0.0
replay,si,final_average_accuracy,311,0.00535999999999992
replay,si,final_average_accuracy,617,-0.009200000000000097
replay,si,final_average_accuracy,919,-0.0013199999999999878
replay,si,final_average_accuracy,1223,0.0009199999999999209
replay,si,final_average_accuracy,1523,0.0046399999999999775
replay,si,final_average_accuracy,1823,0.0020000000000000018
replay,si,final_average_accuracy,2129,-0.0029599999999999627
replay,si,final_average_accuracy,2423,-0.010079999999999867
replay,si,final_average_accuracy,2729,0.0044399999999998885
replay,si,final_average_accuracy,3037,0.0005600000000000049
replay,si,average_forgetting,311,-0.015599999999999975
replay,si,average_forgetting,617,0.004299999999999998
replay,si,average_forgetting,919,-0.007100000000000023
replay,si,average_forgetting,1223,-0.009099999999999997
replay,si,average_forgetting,1523,-0.011950000000000044
replay,si,average_forgetting,1823,-0.0066499999999999615
replay,si,average_forgetting,2129,-0.0026500000000000135
replay,si,average_forgetting,2423,0.005299999999999971
replay,si,average_forgetting,2729,-0.013399999999999967
replay,si,average_forgetting,3037,-0.008599999999999997
replay,si,backward_transfer,311,0.015599999999999975
replay,si,backward_transfer,617,-0.004299999999999998
replay,si,backward_transfer,919,0.007100000000000023
replay,si,backward_transfer,1223,0.009099999999999997
replay,si,backward_transfer,1523,0.011950000000000044
replay,si,backward_transfer,1823,0.0066499999999999615
replay,si,backward_transfer,2129,0.0026500000000000135
replay,si,backward_transfer,2423,-0.005299999999999971
replay,si,backward_transfer,2729,0.013399999999999967
replay,si,backward_transfer,3037,0.008599999999999997
replay,si,forward_transfer,311,-0.013449999999999997
replay,si,forward_transfer,617,0.00014999999999999736
replay,si,forward_transfer,919,0.003200000000000005
replay,si,forward_transfer,1223,-0.009800000000000005
replay,si,forward_transfer,1523,-0.003199999999999998
replay,si,forward_transfer,1823,-0.005950000000000002
replay,si,forward_transfer,2129,-0.005199999999999996
replay,si,forward_transfer,2423,-0.0027499999999999955
replay,si,forward_transfer,2729,-0.0030500000000000076
replay,si,forward_transfer,3037,0.002200000000000004
replay,si,task_aware_final_accuracy,311,0.00535999999999992
replay,si,task_aware_final_accuracy,617,-0.009200000000000097
replay,si,task_aware_final_accuracy,919,-0.0013199999999999878
replay,si,task_aware_final_accuracy,1223,0.0009199999999999209
replay,si,task_aware_final_accuracy,1523,0.0046399999999999775
replay,si,task_aware_final_accuracy,1823,0.0020000000000000018
replay,si,task_aware_final_accuracy,2129,-0.0029599999999999627
replay,si,task_aware_final_accuracy,2423,-0.010079999999999867
replay,si,task_aware_final_accuracy,2729,0.0044399999999998885
replay,si,task_aware_final_accuracy,3037,0.0005600000000000049
replay,si,task_aware_forgetting,311,-0.015599999999999975
replay,si,task_aware_forgetting,617,0.004299999999999998
replay,si,task_aware_forgetting,919,-0.007100000000000023
replay,si,task_aware_forgetting,1223,-0.009099999999999997
replay,si,task_aware_forgetting,1523,-0.011950000000000044
replay,si,task_aware_forgetting,1823,-0.0066499999999999615
replay,si,task_aware_forgetting,2129,-0.0026500000000000135
replay,si,task_aware_forgetting,2423,0.005299999999999971
replay,si,task_aware_forgetting,2729,-0.013399999999999967
replay,si,task_aware_forgetting,3037,-0.008599999999999997
replay,si,classifier_gap,311,0.0
replay,si,classifier_gap,617,0.0
replay,si,classifier_gap,919,0.0
replay,si,classifier_gap,1223,0.0
replay,si,classifier_gap,1523,0.0
replay,si,classifier_gap,1823,0.0
replay,si,classifier_gap,2129,0.0
replay,si,classifier_gap,2423,0.0
replay,si,classifier_gap,2729,0.0
replay,si,classifier_gap,3037,0.0
replay,si,elapsed_seconds,311,3.544389512971975
replay,si,elapsed_seconds,617,3.592214870994212
replay,si,elapsed_seconds,919,3.6874435170029756
replay,si,elapsed_seconds,1223,3.0744586090149824
replay,si,elapsed_seconds,1523,3.864598024985753
replay,si,elapsed_seconds,1823,3.306429192016367
replay,si,elapsed_seconds,2129,3.396923649008386
replay,si,elapsed_seconds,2423,4.213927933014929
replay,si,elapsed_seconds,2729,3.230537113995524
replay,si,elapsed_seconds,3037,3.4426331580034457
replay,si,learner_examples_processed,311,-202240.0
replay,si,learner_examples_processed,617,-202240.0
replay,si,learner_examples_processed,919,-202240.0
replay,si,learner_examples_processed,1223,-202240.0
replay,si,learner_examples_processed,1523,-202240.0
replay,si,learner_examples_processed,1823,-202240.0
replay,si,learner_examples_processed,2129,-202240.0
replay,si,learner_examples_processed,2423,-202240.0
replay,si,learner_examples_processed,2729,-202240.0
replay,si,learner_examples_processed,3037,-202240.0
replay,si,total_model_examples_processed,311,-202240.0
replay,si,total_model_examples_processed,617,-202240.0
replay,si,total_model_examples_processed,919,-202240.0
replay,si,total_model_examples_processed,1223,-202240.0
replay,si,total_model_examples_processed,1523,-202240.0
replay,si,total_model_examples_processed,1823,-202240.0
replay,si,total_model_examples_processed,2129,-202240.0
replay,si,total_model_examples_processed,2423,-202240.0
replay,si,total_model_examples_processed,2729,-202240.0
replay,si,total_model_examples_processed,3037,-202240.0
replay,si,estimated_total_flops,311,-636106038420.0
replay,si,estimated_total_flops,617,-636106038420.0
replay,si,estimated_total_flops,919,-636106038420.0
replay,si,estimated_total_flops,1223,-636106038420.0
replay,si,estimated_total_flops,1523,-636106038420.0
replay,si,estimated_total_flops,1823,-636106038420.0
replay,si,estimated_total_flops,2129,-636106038420.0
replay,si,estimated_total_flops,2423,-636106038420.0
replay,si,estimated_total_flops,2729,-636106038420.0
replay,si,estimated_total_flops,3037,-636106038420.0
replay,si,estimated_overhead_flops,311,13132899180.0
replay,si,estimated_overhead_flops,617,13132899180.0
replay,si,estimated_overhead_flops,919,13132899180.0
replay,si,estimated_overhead_flops,1223,13132899180.0
replay,si,estimated_overhead_flops,1523,13132899180.0
replay,si,estimated_overhead_flops,1823,13132899180.0
replay,si,estimated_overhead_flops,2129,13132899180.0
replay,si,estimated_overhead_flops,2423,13132899180.0
replay,si,estimated_overhead_flops,2729,13132899180.0
replay,si,estimated_overhead_flops,3037,13132899180.0
replay,si,replay_memory_bytes,311,-628800.0
replay,si,replay_memory_bytes,617,-628800.0
replay,si,replay_memory_bytes,919,-628800.0
replay,si,replay_memory_bytes,1223,-628800.0
replay,si,replay_memory_bytes,1523,-628800.0
replay,si,replay_memory_bytes,1823,-628800.0
replay,si,replay_memory_bytes,2129,-628800.0
replay,si,replay_memory_bytes,2423,-628800.0
replay,si,replay_memory_bytes,2729,-628800.0
replay,si,replay_memory_bytes,3037,-628800.0
replay,si,stored_logits_bytes,311,0.0
replay,si,stored_logits_bytes,617,0.0
replay,si,stored_logits_bytes,919,0.0
replay,si,stored_logits_bytes,1223,0.0
replay,si,stored_logits_bytes,1523,0.0
replay,si,stored_logits_bytes,1823,0.0
replay,si,stored_logits_bytes,2129,0.0
replay,si,stored_logits_bytes,2423,0.0
replay,si,stored_logits_bytes,2729,0.0
replay,si,stored_logits_bytes,3037,0.0
replay,lwf_calibrated,final_average_accuracy,311,-0.6802400000000002
replay,lwf_calibrated,final_average_accuracy,617,-0.63836
replay,lwf_calibrated,final_average_accuracy,919,-0.6610400000000001
replay,lwf_calibrated,final_average_accuracy,1223,-0.68956
replay,lwf_calibrated,final_average_accuracy,1523,-0.6609999999999999
replay,lwf_calibrated,final_average_accuracy,1823,-0.69936
replay,lwf_calibrated,final_average_accuracy,2129,-0.67868
replay,lwf_calibrated,final_average_accuracy,2423,-0.6586799999999999
replay,lwf_calibrated,final_average_accuracy,2729,-0.6534000000000001
replay,lwf_calibrated,final_average_accuracy,3037,-0.6634799999999998
replay,lwf_calibrated,average_forgetting,311,-0.015549999999999974
replay,lwf_calibrated,average_forgetting,617,-0.02849999999999999
replay,lwf_calibrated,average_forgetting,919,-0.028149999999999988
replay,lwf_calibrated,average_forgetting,1223,-0.008950000000000034
replay,lwf_calibrated,average_forgetting,1523,-0.0046000000000000485
replay,lwf_calibrated,average_forgetting,1823,-0.011049999999999977
replay,lwf_calibrated,average_forgetting,2129,-0.0019500000000000212
replay,lwf_calibrated,average_forgetting,2423,-0.026100000000000036
replay,lwf_calibrated,average_forgetting,2729,-0.02724999999999998
replay,lwf_calibrated,average_forgetting,3037,-0.02580000000000001
replay,lwf_calibrated,backward_transfer,311,0.016949999999999972
replay,lwf_calibrated,backward_transfer,617,0.029749999999999995
replay,lwf_calibrated,backward_transfer,919,0.03309999999999999
replay,lwf_calibrated,backward_transfer,1223,0.008950000000000034
replay,lwf_calibrated,backward_transfer,1523,0.007200000000000047
replay,lwf_calibrated,backward_transfer,1823,0.01759999999999998
replay,lwf_calibrated,backward_transfer,2129,0.010500000000000023
replay,lwf_calibrated,backward_transfer,2423,0.026850000000000034
replay,lwf_calibrated,backward_transfer,2729,0.029599999999999984
replay,lwf_calibrated,backward_transfer,3037,0.02735000000000001
replay,lwf_calibrated,forward_transfer,311,-0.01125
replay,lwf_calibrated,forward_transfer,617,0.009150000000000009
replay,lwf_calibrated,forward_transfer,919,-0.0029999999999999957
replay,lwf_calibrated,forward_transfer,1223,-0.007600000000000003
replay,lwf_calibrated,forward_transfer,1523,0.0040000000000000036
replay,lwf_calibrated,forward_transfer,1823,-0.01125
replay,lwf_calibrated,forward_transfer,2129,-0.012049999999999998
replay,lwf_calibrated,forward_transfer,2423,-0.0030999999999999986
replay,lwf_calibrated,forward_transfer,2729,0.004099999999999996
replay,lwf_calibrated,forward_transfer,3037,0.008450000000000003
replay,lwf_calibrated,task_aware_final_accuracy,311,-0.6802400000000002
replay,lwf_calibrated,task_aware_final_accuracy,617,-0.63836
replay,lwf_calibrated,task_aware_final_accuracy,919,-0.6610400000000001
replay,lwf_calibrated,task_aware_final_accuracy,1223,-0.68956
replay,lwf_calibrated,task_aware_final_accuracy,1523,-0.6609999999999999
replay,lwf_calibrated,task_aware_final_accuracy,1823,-0.69936
replay,lwf_calibrated,task_aware_final_accuracy,2129,-0.67868
replay,lwf_calibrated,task_aware_final_accuracy,2423,-0.6586799999999999
replay,lwf_calibrated,task_aware_final_accuracy,2729,-0.6534000000000001
replay,lwf_calibrated,task_aware_final_accuracy,3037,-0.6634799999999998
replay,lwf_calibrated,task_aware_forgetting,311,-0.015549999999999974
replay,lwf_calibrated,task_aware_forgetting,617,-0.02849999999999999
replay,lwf_calibrated,task_aware_forgetting,919,-0.028149999999999988
replay,lwf_calibrated,task_aware_forgetting,1223,-0.008950000000000034
replay,lwf_calibrated,task_aware_forgetting,1523,-0.0046000000000000485
replay,lwf_calibrated,task_aware_forgetting,1823,-0.011049999999999977
replay,lwf_calibrated,task_aware_forgetting,2129,-0.0019500000000000212
replay,lwf_calibrated,task_aware_forgetting,2423,-0.026100000000000036
replay,lwf_calibrated,task_aware_forgetting,2729,-0.02724999999999998
replay,lwf_calibrated,task_aware_forgetting,3037,-0.02580000000000001
replay,lwf_calibrated,classifier_gap,311,0.0
replay,lwf_calibrated,classifier_gap,617,0.0
replay,lwf_calibrated,classifier_gap,919,0.0
replay,lwf_calibrated,classifier_gap,1223,0.0
replay,lwf_calibrated,classifier_gap,1523,0.0
replay,lwf_calibrated,classifier_gap,1823,0.0
replay,lwf_calibrated,classifier_gap,2129,0.0
replay,lwf_calibrated,classifier_gap,2423,0.0
replay,lwf_calibrated,classifier_gap,2729,0.0
replay,lwf_calibrated,classifier_gap,3037,0.0
replay,lwf_calibrated,elapsed_seconds,311,-1.0572736659960356
replay,lwf_calibrated,elapsed_seconds,617,-0.43539496400626376
replay,lwf_calibrated,elapsed_seconds,919,-0.6454453839978669
replay,lwf_calibrated,elapsed_seconds,1223,-1.029690777999349
replay,lwf_calibrated,elapsed_seconds,1523,-0.5078002609952819
replay,lwf_calibrated,elapsed_seconds,1823,-0.93497222600854
replay,lwf_calibrated,elapsed_seconds,2129,-0.8444502289930824
replay,lwf_calibrated,elapsed_seconds,2423,-0.21857141397777013
replay,lwf_calibrated,elapsed_seconds,2729,-1.2191844820044935
replay,lwf_calibrated,elapsed_seconds,3037,-0.8147978560009506
replay,lwf_calibrated,learner_examples_processed,311,-202240.0
replay,lwf_calibrated,learner_examples_processed,617,-202240.0
replay,lwf_calibrated,learner_examples_processed,919,-202240.0
replay,lwf_calibrated,learner_examples_processed,1223,-202240.0
replay,lwf_calibrated,learner_examples_processed,1523,-202240.0
replay,lwf_calibrated,learner_examples_processed,1823,-202240.0
replay,lwf_calibrated,learner_examples_processed,2129,-202240.0
replay,lwf_calibrated,learner_examples_processed,2423,-202240.0
replay,lwf_calibrated,learner_examples_processed,2729,-202240.0
replay,lwf_calibrated,learner_examples_processed,3037,-202240.0
replay,lwf_calibrated,total_model_examples_processed,311,202240.0
replay,lwf_calibrated,total_model_examples_processed,617,202240.0
replay,lwf_calibrated,total_model_examples_processed,919,202240.0
replay,lwf_calibrated,total_model_examples_processed,1223,202240.0
replay,lwf_calibrated,total_model_examples_processed,1523,202240.0
replay,lwf_calibrated,total_model_examples_processed,1823,202240.0
replay,lwf_calibrated,total_model_examples_processed,2129,202240.0
replay,lwf_calibrated,total_model_examples_processed,2423,202240.0
replay,lwf_calibrated,total_model_examples_processed,2729,202240.0
replay,lwf_calibrated,total_model_examples_processed,3037,202240.0
replay,lwf_calibrated,estimated_total_flops,311,-216412979200.0
replay,lwf_calibrated,estimated_total_flops,617,-216412979200.0
replay,lwf_calibrated,estimated_total_flops,919,-216412979200.0
replay,lwf_calibrated,estimated_total_flops,1223,-216412979200.0
replay,lwf_calibrated,estimated_total_flops,1523,-216412979200.0
replay,lwf_calibrated,estimated_total_flops,1823,-216412979200.0
replay,lwf_calibrated,estimated_total_flops,2129,-216412979200.0
replay,lwf_calibrated,estimated_total_flops,2423,-216412979200.0
replay,lwf_calibrated,estimated_total_flops,2729,-216412979200.0
replay,lwf_calibrated,estimated_total_flops,3037,-216412979200.0
replay,lwf_calibrated,estimated_overhead_flops,311,0.0
replay,lwf_calibrated,estimated_overhead_flops,617,0.0
replay,lwf_calibrated,estimated_overhead_flops,919,0.0
replay,lwf_calibrated,estimated_overhead_flops,1223,0.0
replay,lwf_calibrated,estimated_overhead_flops,1523,0.0
replay,lwf_calibrated,estimated_overhead_flops,1823,0.0
replay,lwf_calibrated,estimated_overhead_flops,2129,0.0
replay,lwf_calibrated,estimated_overhead_flops,2423,0.0
replay,lwf_calibrated,estimated_overhead_flops,2729,0.0
replay,lwf_calibrated,estimated_overhead_flops,3037,0.0
replay,lwf_calibrated,replay_memory_bytes,311,-628800.0
replay,lwf_calibrated,replay_memory_bytes,617,-628800.0
replay,lwf_calibrated,replay_memory_bytes,919,-628800.0
replay,lwf_calibrated,replay_memory_bytes,1223,-628800.0
replay,lwf_calibrated,replay_memory_bytes,1523,-628800.0
replay,lwf_calibrated,replay_memory_bytes,1823,-628800.0
replay,lwf_calibrated,replay_memory_bytes,2129,-628800.0
replay,lwf_calibrated,replay_memory_bytes,2423,-628800.0
replay,lwf_calibrated,replay_memory_bytes,2729,-628800.0
replay,lwf_calibrated,replay_memory_bytes,3037,-628800.0
replay,lwf_calibrated,stored_logits_bytes,311,0.0
replay,lwf_calibrated,stored_logits_bytes,617,0.0
replay,lwf_calibrated,stored_logits_bytes,919,0.0
replay,lwf_calibrated,stored_logits_bytes,1223,0.0
replay,lwf_calibrated,stored_logits_bytes,1523,0.0
replay,lwf_calibrated,stored_logits_bytes,1823,0.0
replay,lwf_calibrated,stored_logits_bytes,2129,0.0
replay,lwf_calibrated,stored_logits_bytes,2423,0.0
replay,lwf_calibrated,stored_logits_bytes,2729,0.0
replay,lwf_calibrated,stored_logits_bytes,3037,0.0
replay,replay_balanced,final_average_accuracy,311,0.00047999999999992493
replay,replay_balanced,final_average_accuracy,617,0.0006800000000000139
replay,replay_balanced,final_average_accuracy,919,0.0007200000000000539
replay,replay_balanced,final_average_accuracy,1223,-0.000360000000000138
replay,replay_balanced,final_average_accuracy,1523,0.0034800000000000386
replay,replay_balanced,final_average_accuracy,1823,-0.000320000000000098
replay,replay_balanced,final_average_accuracy,2129,0.0026800000000000157
replay,replay_balanced,final_average_accuracy,2423,0.0009600000000000719
replay,replay_balanced,final_average_accuracy,2729,-0.0010399999999999299
replay,replay_balanced,final_average_accuracy,3037,-0.0036799999999999056
replay,replay_balanced,average_forgetting,311,-0.0009999999999999731
replay,replay_balanced,average_forgetting,617,-0.00015000000000001124
replay,replay_balanced,average_forgetting,919,-0.0013000000000000234
replay,replay_balanced,average_forgetting,1223,-0.00014999999999998348
replay,replay_balanced,average_forgetting,1523,-0.005050000000000027
replay,replay_balanced,average_forgetting,1823,0.0012500000000000011
replay,replay_balanced,average_forgetting,2129,-0.0033500000000000196
replay,replay_balanced,average_forgetting,2423,-0.0010000000000000564
replay,replay_balanced,average_forgetting,2729,0.0010499999999999676
replay,replay_balanced,average_forgetting,3037,0.005349999999999966
replay,replay_balanced,backward_transfer,311,0.0009999999999999731
replay,replay_balanced,backward_transfer,617,0.00015000000000001124
replay,replay_balanced,backward_transfer,919,0.0013000000000000234
replay,replay_balanced,backward_transfer,1223,0.00014999999999998348
replay,replay_balanced,backward_transfer,1523,0.005050000000000027
replay,replay_balanced,backward_transfer,1823,-0.0012500000000000011
replay,replay_balanced,backward_transfer,2129,0.0033500000000000196
replay,replay_balanced,backward_transfer,2423,0.0010000000000000564
replay,replay_balanced,backward_transfer,2729,-0.0010499999999999676
replay,replay_balanced,backward_transfer,3037,-0.005349999999999966
replay,replay_balanced,forward_transfer,311,0.0029000000000000067
replay,replay_balanced,forward_transfer,617,-0.004149999999999994
replay,replay_balanced,forward_transfer,919,-0.00034999999999999615
replay,replay_balanced,forward_transfer,1223,-0.011200000000000003
replay,replay_balanced,forward_transfer,1523,0.003449999999999998
replay,replay_balanced,forward_transfer,1823,0.0034500000000000017
replay,replay_balanced,forward_transfer,2129,-0.000449999999999999
replay,replay_balanced,forward_transfer,2423,-0.006099999999999998
replay,replay_balanced,forward_transfer,2729,0.002899999999999993
replay,replay_balanced,forward_transfer,3037,-0.0016999999999999967
replay,replay_balanced,task_aware_final_accuracy,311,0.00047999999999992493
replay,replay_balanced,task_aware_final_accuracy,617,0.0006800000000000139
replay,replay_balanced,task_aware_final_accuracy,919,0.0007200000000000539
replay,replay_balanced,task_aware_final_accuracy,1223,-0.000360000000000138
replay,replay_balanced,task_aware_final_accuracy,1523,0.0034800000000000386
replay,replay_balanced,task_aware_final_accuracy,1823,-0.000320000000000098
replay,replay_balanced,task_aware_final_accuracy,2129,0.0026800000000000157
replay,replay_balanced,task_aware_final_accuracy,2423,0.0009600000000000719
replay,replay_balanced,task_aware_final_accuracy,2729,-0.0010399999999999299
replay,replay_balanced,task_aware_final_accuracy,3037,-0.0036799999999999056
replay,replay_balanced,task_aware_forgetting,311,-0.0009999999999999731
replay,replay_balanced,task_aware_forgetting,617,-0.00015000000000001124
replay,replay_balanced,task_aware_forgetting,919,-0.0013000000000000234
replay,replay_balanced,task_aware_forgetting,1223,-0.00014999999999998348
replay,replay_balanced,task_aware_forgetting,1523,-0.005050000000000027
replay,replay_balanced,task_aware_forgetting,1823,0.0012500000000000011
replay,replay_balanced,task_aware_forgetting,2129,-0.0033500000000000196
replay,replay_balanced,task_aware_forgetting,2423,-0.0010000000000000564
replay,replay_balanced,task_aware_forgetting,2729,0.0010499999999999676
replay,replay_balanced,task_aware_forgetting,3037,0.005349999999999966
replay,replay_balanced,classifier_gap,311,0.0
replay,replay_balanced,classifier_gap,617,0.0
replay,replay_balanced,classifier_gap,919,0.0
replay,replay_balanced,classifier_gap,1223,0.0
replay,replay_balanced,classifier_gap,1523,0.0
replay,replay_balanced,classifier_gap,1823,0.0
replay,replay_balanced,classifier_gap,2129,0.0
replay,replay_balanced,classifier_gap,2423,0.0
replay,replay_balanced,classifier_gap,2729,0.0
replay,replay_balanced,classifier_gap,3037,0.0
replay,replay_balanced,elapsed_seconds,311,-1.4975608220265713
replay,replay_balanced,elapsed_seconds,617,-0.13188536700909026
replay,replay_balanced,elapsed_seconds,919,0.08369878202211112
replay,replay_balanced,elapsed_seconds,1223,-0.25574948199209757
replay,replay_balanced,elapsed_seconds,1523,0.6826611369906459
replay,replay_balanced,elapsed_seconds,1823,-0.4555339450016618
replay,replay_balanced,elapsed_seconds,2129,0.3452409260207787
replay,replay_balanced,elapsed_seconds,2423,-0.36954477097606286
replay,replay_balanced,elapsed_seconds,2729,-0.19698766700457782
replay,replay_balanced,elapsed_seconds,3037,-0.3757789479859639
replay,replay_balanced,learner_examples_processed,311,0.0
replay,replay_balanced,learner_examples_processed,617,0.0
replay,replay_balanced,learner_examples_processed,919,0.0
replay,replay_balanced,learner_examples_processed,1223,0.0
replay,replay_balanced,learner_examples_processed,1523,0.0
replay,replay_balanced,learner_examples_processed,1823,0.0
replay,replay_balanced,learner_examples_processed,2129,0.0
replay,replay_balanced,learner_examples_processed,2423,0.0
replay,replay_balanced,learner_examples_processed,2729,0.0
replay,replay_balanced,learner_examples_processed,3037,0.0
replay,replay_balanced,total_model_examples_processed,311,0.0
replay,replay_balanced,total_model_examples_processed,617,0.0
replay,replay_balanced,total_model_examples_processed,919,0.0
replay,replay_balanced,total_model_examples_processed,1223,0.0
replay,replay_balanced,total_model_examples_processed,1523,0.0
replay,replay_balanced,total_model_examples_processed,1823,0.0
replay,replay_balanced,total_model_examples_processed,2129,0.0
replay,replay_balanced,total_model_examples_processed,2423,0.0
replay,replay_balanced,total_model_examples_processed,2729,0.0
replay,replay_balanced,total_model_examples_processed,3037,0.0
replay,replay_balanced,estimated_total_flops,311,0.0
replay,replay_balanced,estimated_total_flops,617,0.0
replay,replay_balanced,estimated_total_flops,919,0.0
replay,replay_balanced,estimated_total_flops,1223,0.0
replay,replay_balanced,estimated_total_flops,1523,0.0
replay,replay_balanced,estimated_total_flops,1823,0.0
replay,replay_balanced,estimated_total_flops,2129,0.0
replay,replay_balanced,estimated_total_flops,2423,0.0
replay,replay_balanced,estimated_total_flops,2729,0.0
replay,replay_balanced,estimated_total_flops,3037,0.0
replay,replay_balanced,estimated_overhead_flops,311,0.0
replay,replay_balanced,estimated_overhead_flops,617,0.0
replay,replay_balanced,estimated_overhead_flops,919,0.0
replay,replay_balanced,estimated_overhead_flops,1223,0.0
replay,replay_balanced,estimated_overhead_flops,1523,0.0
replay,replay_balanced,estimated_overhead_flops,1823,0.0
replay,replay_balanced,estimated_overhead_flops,2129,0.0
replay,replay_balanced,estimated_overhead_flops,2423,0.0
replay,replay_balanced,estimated_overhead_flops,2729,0.0
replay,replay_balanced,estimated_overhead_flops,3037,0.0
replay,replay_balanced,replay_memory_bytes,311,0.0
replay,replay_balanced,replay_memory_bytes,617,0.0
replay,replay_balanced,replay_memory_bytes,919,0.0
replay,replay_balanced,replay_memory_bytes,1223,0.0
replay,replay_balanced,replay_memory_bytes,1523,0.0
replay,replay_balanced,replay_memory_bytes,1823,0.0
replay,replay_balanced,replay_memory_bytes,2129,0.0
replay,replay_balanced,replay_memory_bytes,2423,0.0
replay,replay_balanced,replay_memory_bytes,2729,0.0
replay,replay_balanced,replay_memory_bytes,3037,0.0
replay,replay_balanced,stored_logits_bytes,311,0.0
replay,replay_balanced,stored_logits_bytes,617,0.0
replay,replay_balanced,stored_logits_bytes,919,0.0
replay,replay_balanced,stored_logits_bytes,1223,0.0
replay,replay_balanced,stored_logits_bytes,1523,0.0
replay,replay_balanced,stored_logits_bytes,1823,0.0
replay,replay_balanced,stored_logits_bytes,2129,0.0
replay,replay_balanced,stored_logits_bytes,2423,0.0
replay,replay_balanced,stored_logits_bytes,2729,0.0
replay,replay_balanced,stored_logits_bytes,3037,0.0
replay,replay_more_epochs,final_average_accuracy,311,-0.004240000000000244
replay,replay_more_epochs,final_average_accuracy,617,-0.00544
replay,replay_more_epochs,final_average_accuracy,919,-0.0021599999999999397
replay,replay_more_epochs,final_average_accuracy,1223,-0.0044000000000000705
replay,replay_more_epochs,final_average_accuracy,1523,-0.011199999999999877
replay,replay_more_epochs,final_average_accuracy,1823,-0.00660000000000005
replay,replay_more_epochs,final_average_accuracy,2129,0.0018399999999999528
replay,replay_more_epochs,final_average_accuracy,2423,-0.008119999999999905
replay,replay_more_epochs,final_average_accuracy,2729,-0.0042400000000001326
replay,replay_more_epochs,final_average_accuracy,3037,-0.010080000000000089
replay,replay_more_epochs,average_forgetting,311,0.004300000000000026
replay,replay_more_epochs,average_forgetting,617,0.009000000000000008
replay,replay_more_epochs,average_forgetting,919,0.004349999999999993
replay,replay_more_epochs,average_forgetting,1223,0.005999999999999978
replay,replay_more_epochs,average_forgetting,1523,0.013849999999999973
replay,replay_more_epochs,average_forgetting,1823,0.010000000000000037
replay,replay_more_epochs,average_forgetting,2129,-0.0024500000000000355
replay,replay_more_epochs,average_forgetting,2423,0.011249999999999954
replay,replay_more_epochs,average_forgetting,2729,0.006900000000000045
replay,replay_more_epochs,average_forgetting,3037,0.012950000000000017
replay,replay_more_epochs,backward_transfer,311,-0.004300000000000026
replay,replay_more_epochs,backward_transfer,617,-0.009000000000000008
replay,replay_more_epochs,backward_transfer,919,-0.004349999999999993
replay,replay_more_epochs,backward_transfer,1223,-0.005999999999999978
replay,replay_more_epochs,backward_transfer,1523,-0.013849999999999973
replay,replay_more_epochs,backward_transfer,1823,-0.010000000000000037
replay,replay_more_epochs,backward_transfer,2129,0.0024500000000000355
replay,replay_more_epochs,backward_transfer,2423,-0.011249999999999954
replay,replay_more_epochs,backward_transfer,2729,-0.006900000000000045
replay,replay_more_epochs,backward_transfer,3037,-0.012950000000000017
replay,replay_more_epochs,forward_transfer,311,0.0126
replay,replay_more_epochs,forward_transfer,617,-0.004499999999999997
replay,replay_more_epochs,forward_transfer,919,0.006450000000000008
replay,replay_more_epochs,forward_transfer,1223,0.006650000000000001
replay,replay_more_epochs,forward_transfer,1523,0.0072000000000000015
replay,replay_more_epochs,forward_transfer,1823,0.0060999999999999995
replay,replay_more_epochs,forward_transfer,2129,-0.008850000000000004
replay,replay_more_epochs,forward_transfer,2423,-0.0018999999999999954
replay,replay_more_epochs,forward_transfer,2729,0.0017499999999999946
replay,replay_more_epochs,forward_transfer,3037,0.0038500000000000097
replay,replay_more_epochs,task_aware_final_accuracy,311,-0.004240000000000244
replay,replay_more_epochs,task_aware_final_accuracy,617,-0.00544
replay,replay_more_epochs,task_aware_final_accuracy,919,-0.0021599999999999397
replay,replay_more_epochs,task_aware_final_accuracy,1223,-0.0044000000000000705
replay,replay_more_epochs,task_aware_final_accuracy,1523,-0.011199999999999877
replay,replay_more_epochs,task_aware_final_accuracy,1823,-0.00660000000000005
replay,replay_more_epochs,task_aware_final_accuracy,2129,0.0018399999999999528
replay,replay_more_epochs,task_aware_final_accuracy,2423,-0.008119999999999905
replay,replay_more_epochs,task_aware_final_accuracy,2729,-0.0042400000000001326
replay,replay_more_epochs,task_aware_final_accuracy,3037,-0.010080000000000089
replay,replay_more_epochs,task_aware_forgetting,311,0.004300000000000026
replay,replay_more_epochs,task_aware_forgetting,617,0.009000000000000008
replay,replay_more_epochs,task_aware_forgetting,919,0.004349999999999993
replay,replay_more_epochs,task_aware_forgetting,1223,0.005999999999999978
replay,replay_more_epochs,task_aware_forgetting,1523,0.013849999999999973
replay,replay_more_epochs,task_aware_forgetting,1823,0.010000000000000037
replay,replay_more_epochs,task_aware_forgetting,2129,-0.0024500000000000355
replay,replay_more_epochs,task_aware_forgetting,2423,0.011249999999999954
replay,replay_more_epochs,task_aware_forgetting,2729,0.006900000000000045
replay,replay_more_epochs,task_aware_forgetting,3037,0.012950000000000017
replay,replay_more_epochs,classifier_gap,311,0.0
replay,replay_more_epochs,classifier_gap,617,0.0
replay,replay_more_epochs,classifier_gap,919,0.0
replay,replay_more_epochs,classifier_gap,1223,0.0
replay,replay_more_epochs,classifier_gap,1523,0.0
replay,replay_more_epochs,classifier_gap,1823,0.0
replay,replay_more_epochs,classifier_gap,2129,0.0
replay,replay_more_epochs,classifier_gap,2423,0.0
replay,replay_more_epochs,classifier_gap,2729,0.0
replay,replay_more_epochs,classifier_gap,3037,0.0
replay,replay_more_epochs,elapsed_seconds,311,11.909531840967247
replay,replay_more_epochs,elapsed_seconds,617,11.67242213798454
replay,replay_more_epochs,elapsed_seconds,919,12.72179677800159
replay,replay_more_epochs,elapsed_seconds,1223,12.631710164016113
replay,replay_more_epochs,elapsed_seconds,1523,12.801255813013995
replay,replay_more_epochs,elapsed_seconds,1823,11.701457691000542
replay,replay_more_epochs,elapsed_seconds,2129,13.1017598460312
replay,replay_more_epochs,elapsed_seconds,2423,12.962378099997295
replay,replay_more_epochs,elapsed_seconds,2729,11.593452807981521
replay,replay_more_epochs,elapsed_seconds,3037,12.296819829003653
replay,replay_more_epochs,learner_examples_processed,311,707840.0
replay,replay_more_epochs,learner_examples_processed,617,707840.0
replay,replay_more_epochs,learner_examples_processed,919,707840.0
replay,replay_more_epochs,learner_examples_processed,1223,707840.0
replay,replay_more_epochs,learner_examples_processed,1523,707840.0
replay,replay_more_epochs,learner_examples_processed,1823,707840.0
replay,replay_more_epochs,learner_examples_processed,2129,707840.0
replay,replay_more_epochs,learner_examples_processed,2423,707840.0
replay,replay_more_epochs,learner_examples_processed,2729,707840.0
replay,replay_more_epochs,learner_examples_processed,3037,707840.0
replay,replay_more_epochs,total_model_examples_processed,311,707840.0
replay,replay_more_epochs,total_model_examples_processed,617,707840.0
replay,replay_more_epochs,total_model_examples_processed,919,707840.0
replay,replay_more_epochs,total_model_examples_processed,1223,707840.0
replay,replay_more_epochs,total_model_examples_processed,1523,707840.0
replay,replay_more_epochs,total_model_examples_processed,1823,707840.0
replay,replay_more_epochs,total_model_examples_processed,2129,707840.0
replay,replay_more_epochs,total_model_examples_processed,2423,707840.0
replay,replay_more_epochs,total_model_examples_processed,2729,707840.0
replay,replay_more_epochs,total_model_examples_processed,3037,707840.0
replay,replay_more_epochs,estimated_total_flops,311,2272336281600.0
replay,replay_more_epochs,estimated_total_flops,617,2272336281600.0
replay,replay_more_epochs,estimated_total_flops,919,2272336281600.0
replay,replay_more_epochs,estimated_total_flops,1223,2272336281600.0
replay,replay_more_epochs,estimated_total_flops,1523,2272336281600.0
replay,replay_more_epochs,estimated_total_flops,1823,2272336281600.0
replay,replay_more_epochs,estimated_total_flops,2129,2272336281600.0
replay,replay_more_epochs,estimated_total_flops,2423,2272336281600.0
replay,replay_more_epochs,estimated_total_flops,2729,2272336281600.0
replay,replay_more_epochs,estimated_total_flops,3037,2272336281600.0
replay,replay_more_epochs,estimated_overhead_flops,311,0.0
replay,replay_more_epochs,estimated_overhead_flops,617,0.0
replay,replay_more_epochs,estimated_overhead_flops,919,0.0
replay,replay_more_epochs,estimated_overhead_flops,1223,0.0
replay,replay_more_epochs,estimated_overhead_flops,1523,0.0
replay,replay_more_epochs,estimated_overhead_flops,1823,0.0
replay,replay_more_epochs,estimated_overhead_flops,2129,0.0
replay,replay_more_epochs,estimated_overhead_flops,2423,0.0
replay,replay_more_epochs,estimated_overhead_flops,2729,0.0
replay,replay_more_epochs,estimated_overhead_flops,3037,0.0
replay,replay_more_epochs,replay_memory_bytes,311,0.0
replay,replay_more_epochs,replay_memory_bytes,617,0.0
replay,replay_more_epochs,replay_memory_bytes,919,0.0
replay,replay_more_epochs,replay_memory_bytes,1223,0.0
replay,replay_more_epochs,replay_memory_bytes,1523,0.0
replay,replay_more_epochs,replay_memory_bytes,1823,0.0
replay,replay_more_epochs,replay_memory_bytes,2129,0.0
replay,replay_more_epochs,replay_memory_bytes,2423,0.0
replay,replay_more_epochs,replay_memory_bytes,2729,0.0
replay,replay_more_epochs,replay_memory_bytes,3037,0.0
replay,replay_more_epochs,stored_logits_bytes,311,0.0
replay,replay_more_epochs,stored_logits_bytes,617,0.0
replay,replay_more_epochs,stored_logits_bytes,919,0.0
replay,replay_more_epochs,stored_logits_bytes,1223,0.0
replay,replay_more_epochs,stored_logits_bytes,1523,0.0
replay,replay_more_epochs,stored_logits_bytes,1823,0.0
replay,replay_more_epochs,stored_logits_bytes,2129,0.0
replay,replay_more_epochs,stored_logits_bytes,2423,0.0
replay,replay_more_epochs,stored_logits_bytes,2729,0.0
replay,replay_more_epochs,stored_logits_bytes,3037,0.0
replay,replay_early_stopping,final_average_accuracy,311,0.0028799999999998827
replay,replay_early_stopping,final_average_accuracy,617,0.0042400000000000215
replay,replay_early_stopping,final_average_accuracy,919,0.0044000000000000705
replay,replay_early_stopping,final_average_accuracy,1223,-0.0008000000000001339
replay,replay_early_stopping,final_average_accuracy,1523,0.006040000000000156
replay,replay_early_stopping,final_average_accuracy,1823,0.005599999999999938
replay,replay_early_stopping,final_average_accuracy,2129,0.0050800000000000844
replay,replay_early_stopping,final_average_accuracy,2423,0.0009200000000001429
replay,replay_early_stopping,final_average_accuracy,2729,0.0041200000000001236
replay,replay_early_stopping,final_average_accuracy,3037,-0.0005599999999998939
replay,replay_early_stopping,average_forgetting,311,-0.009199999999999958
replay,replay_early_stopping,average_forgetting,617,-0.014149999999999968
replay,replay_early_stopping,average_forgetting,919,-0.012249999999999955
replay,replay_early_stopping,average_forgetting,1223,-0.003700000000000009
replay,replay_early_stopping,average_forgetting,1523,-0.008650000000000019
replay,replay_early_stopping,average_forgetting,1823,-0.011749999999999983
replay,replay_early_stopping,average_forgetting,2129,-0.01040000000000002
replay,replay_early_stopping,average_forgetting,2423,-0.0020500000000000518
replay,replay_early_stopping,average_forgetting,2729,-0.007849999999999996
replay,replay_early_stopping,average_forgetting,3037,-0.007949999999999957
replay,replay_early_stopping,backward_transfer,311,0.009199999999999958
replay,replay_early_stopping,backward_transfer,617,0.014149999999999968
replay,replay_early_stopping,backward_transfer,919,0.012249999999999955
replay,replay_early_stopping,backward_transfer,1223,0.003700000000000009
replay,replay_early_stopping,backward_transfer,1523,0.008650000000000019
replay,replay_early_stopping,backward_transfer,1823,0.011749999999999983
replay,replay_early_stopping,backward_transfer,2129,0.01040000000000002
replay,replay_early_stopping,backward_transfer,2423,0.0020500000000000518
replay,replay_early_stopping,backward_transfer,2729,0.007849999999999996
replay,replay_early_stopping,backward_transfer,3037,0.007949999999999957
replay,replay_early_stopping,forward_transfer,311,-0.002250000000000002
replay,replay_early_stopping,forward_transfer,617,-0.004499999999999994
replay,replay_early_stopping,forward_transfer,919,0.009400000000000002
replay,replay_early_stopping,forward_transfer,1223,-0.011350000000000004
replay,replay_early_stopping,forward_transfer,1523,-0.000449999999999999
replay,replay_early_stopping,forward_transfer,1823,0.0006999999999999992
replay,replay_early_stopping,forward_transfer,2129,0.00020000000000000226
replay,replay_early_stopping,forward_transfer,2423,-0.002749999999999992
replay,replay_early_stopping,forward_transfer,2729,0.0007500000000000041
replay,replay_early_stopping,forward_transfer,3037,-0.0005499999999999949
replay,replay_early_stopping,task_aware_final_accuracy,311,0.0028799999999998827
replay,replay_early_stopping,task_aware_final_accuracy,617,0.0042400000000000215
replay,replay_early_stopping,task_aware_final_accuracy,919,0.0044000000000000705
replay,replay_early_stopping,task_aware_final_accuracy,1223,-0.0008000000000001339
replay,replay_early_stopping,task_aware_final_accuracy,1523,0.006040000000000156
replay,replay_early_stopping,task_aware_final_accuracy,1823,0.005599999999999938
replay,replay_early_stopping,task_aware_final_accuracy,2129,0.0050800000000000844
replay,replay_early_stopping,task_aware_final_accuracy,2423,0.0009200000000001429
replay,replay_early_stopping,task_aware_final_accuracy,2729,0.0041200000000001236
replay,replay_early_stopping,task_aware_final_accuracy,3037,-0.0005599999999998939
replay,replay_early_stopping,task_aware_forgetting,311,-0.009199999999999958
replay,replay_early_stopping,task_aware_forgetting,617,-0.014149999999999968
replay,replay_early_stopping,task_aware_forgetting,919,-0.012249999999999955
replay,replay_early_stopping,task_aware_forgetting,1223,-0.003700000000000009
replay,replay_early_stopping,task_aware_forgetting,1523,-0.008650000000000019
replay,replay_early_stopping,task_aware_forgetting,1823,-0.011749999999999983
replay,replay_early_stopping,task_aware_forgetting,2129,-0.01040000000000002
replay,replay_early_stopping,task_aware_forgetting,2423,-0.0020500000000000518
replay,replay_early_stopping,task_aware_forgetting,2729,-0.007849999999999996
replay,replay_early_stopping,task_aware_forgetting,3037,-0.007949999999999957
replay,replay_early_stopping,classifier_gap,311,0.0
replay,replay_early_stopping,classifier_gap,617,0.0
replay,replay_early_stopping,classifier_gap,919,0.0
replay,replay_early_stopping,classifier_gap,1223,0.0
replay,replay_early_stopping,classifier_gap,1523,0.0
replay,replay_early_stopping,classifier_gap,1823,0.0
replay,replay_early_stopping,classifier_gap,2129,0.0
replay,replay_early_stopping,classifier_gap,2423,0.0
replay,replay_early_stopping,classifier_gap,2729,0.0
replay,replay_early_stopping,classifier_gap,3037,0.0
replay,replay_early_stopping,elapsed_seconds,311,-1.256869403005112
replay,replay_early_stopping,elapsed_seconds,617,-3.0758375790028367
replay,replay_early_stopping,elapsed_seconds,919,-1.8543925279809628
replay,replay_early_stopping,elapsed_seconds,1223,0.059779091010568663
replay,replay_early_stopping,elapsed_seconds,1523,0.4193835699988995
replay,replay_early_stopping,elapsed_seconds,1823,-1.9056592819979414
replay,replay_early_stopping,elapsed_seconds,2129,-0.9699727749975864
replay,replay_early_stopping,elapsed_seconds,2423,1.712103993020719
replay,replay_early_stopping,elapsed_seconds,2729,-1.322077884018654
replay,replay_early_stopping,elapsed_seconds,3037,-1.280218675994547
replay,replay_early_stopping,learner_examples_processed,311,-70784.0
replay,replay_early_stopping,learner_examples_processed,617,-197184.0
replay,replay_early_stopping,learner_examples_processed,919,-116288.0
replay,replay_early_stopping,learner_examples_processed,1223,-10112.0
replay,replay_early_stopping,learner_examples_processed,1523,15168.0
replay,replay_early_stopping,learner_examples_processed,1823,-111232.0
replay,replay_early_stopping,learner_examples_processed,2129,-75840.0
replay,replay_early_stopping,learner_examples_processed,2423,126400.0
replay,replay_early_stopping,learner_examples_processed,2729,-55616.0
replay,replay_early_stopping,learner_examples_processed,3037,-101120.0
replay,replay_early_stopping,total_model_examples_processed,311,-70784.0
replay,replay_early_stopping,total_model_examples_processed,617,-197184.0
replay,replay_early_stopping,total_model_examples_processed,919,-116288.0
replay,replay_early_stopping,total_model_examples_processed,1223,-10112.0
replay,replay_early_stopping,total_model_examples_processed,1523,15168.0
replay,replay_early_stopping,total_model_examples_processed,1823,-111232.0
replay,replay_early_stopping,total_model_examples_processed,2129,-75840.0
replay,replay_early_stopping,total_model_examples_processed,2423,126400.0
replay,replay_early_stopping,total_model_examples_processed,2729,-55616.0
replay,replay_early_stopping,total_model_examples_processed,3037,-101120.0
replay,replay_early_stopping,estimated_total_flops,311,-227233628160.0
replay,replay_early_stopping,estimated_total_flops,617,-633007964160.0
replay,replay_early_stopping,estimated_total_flops,919,-373312389120.0
replay,replay_early_stopping,estimated_total_flops,1223,-32461946880.0
replay,replay_early_stopping,estimated_total_flops,1523,48692920320.0
replay,replay_early_stopping,estimated_total_flops,1823,-357081415680.0
replay,replay_early_stopping,estimated_total_flops,2129,-243464601600.0
replay,replay_early_stopping,estimated_total_flops,2423,405774336000.0
replay,replay_early_stopping,estimated_total_flops,2729,-178540707840.0
replay,replay_early_stopping,estimated_total_flops,3037,-324619468800.0
replay,replay_early_stopping,estimated_overhead_flops,311,0.0
replay,replay_early_stopping,estimated_overhead_flops,617,0.0
replay,replay_early_stopping,estimated_overhead_flops,919,0.0
replay,replay_early_stopping,estimated_overhead_flops,1223,0.0
replay,replay_early_stopping,estimated_overhead_flops,1523,0.0
replay,replay_early_stopping,estimated_overhead_flops,1823,0.0
replay,replay_early_stopping,estimated_overhead_flops,2129,0.0
replay,replay_early_stopping,estimated_overhead_flops,2423,0.0
replay,replay_early_stopping,estimated_overhead_flops,2729,0.0
replay,replay_early_stopping,estimated_overhead_flops,3037,0.0
replay,replay_early_stopping,replay_memory_bytes,311,0.0
replay,replay_early_stopping,replay_memory_bytes,617,0.0
replay,replay_early_stopping,replay_memory_bytes,919,0.0
replay,replay_early_stopping,replay_memory_bytes,1223,0.0
replay,replay_early_stopping,replay_memory_bytes,1523,0.0
replay,replay_early_stopping,replay_memory_bytes,1823,0.0
replay,replay_early_stopping,replay_memory_bytes,2129,0.0
replay,replay_early_stopping,replay_memory_bytes,2423,0.0
replay,replay_early_stopping,replay_memory_bytes,2729,0.0
replay,replay_early_stopping,replay_memory_bytes,3037,0.0
replay,replay_early_stopping,stored_logits_bytes,311,0.0
replay,replay_early_stopping,stored_logits_bytes,617,0.0
replay,replay_early_stopping,stored_logits_bytes,919,0.0
replay,replay_early_stopping,stored_logits_bytes,1223,0.0
replay,replay_early_stopping,stored_logits_bytes,1523,0.0
replay,replay_early_stopping,stored_logits_bytes,1823,0.0
replay,replay_early_stopping,stored_logits_bytes,2129,0.0
replay,replay_early_stopping,stored_logits_bytes,2423,0.0
replay,replay_early_stopping,stored_logits_bytes,2729,0.0
replay,replay_early_stopping,stored_logits_bytes,3037,0.0
replay,replay_global_lr_reduction,final_average_accuracy,311,-0.03308000000000011
replay,replay_global_lr_reduction,final_average_accuracy,617,-0.02939999999999987
replay,replay_global_lr_reduction,final_average_accuracy,919,-0.03311999999999993
replay,replay_global_lr_reduction,final_average_accuracy,1223,-0.032359999999999944
replay,replay_global_lr_reduction,final_average_accuracy,1523,-0.031240000000000046
replay,replay_global_lr_reduction,final_average_accuracy,1823,-0.03224000000000016
replay,replay_global_lr_reduction,final_average_accuracy,2129,-0.034279999999999866
replay,replay_global_lr_reduction,final_average_accuracy,2423,-0.031200000000000006
replay,replay_global_lr_reduction,final_average_accuracy,2729,-0.03092000000000006
replay,replay_global_lr_reduction,final_average_accuracy,3037,-0.03943999999999992
replay,replay_global_lr_reduction,average_forgetting,311,-0.015699999999999964
replay,replay_global_lr_reduction,average_forgetting,617,-0.014099999999999974
replay,replay_global_lr_reduction,average_forgetting,919,-0.009649999999999964
replay,replay_global_lr_reduction,average_forgetting,1223,-0.013500000000000012
replay,replay_global_lr_reduction,average_forgetting,1523,-0.011450000000000016
replay,replay_global_lr_reduction,average_forgetting,1823,-0.010599999999999943
replay,replay_global_lr_reduction,average_forgetting,2129,-0.007500000000000062
replay,replay_global_lr_reduction,average_forgetting,2423,-0.00995000000000007
replay,replay_global_lr_reduction,average_forgetting,2729,-0.01344999999999999
replay,replay_global_lr_reduction,average_forgetting,3037,-0.00134999999999999
replay,replay_global_lr_reduction,backward_transfer,311,0.015699999999999964
replay,replay_global_lr_reduction,backward_transfer,617,0.014099999999999974
replay,replay_global_lr_reduction,backward_transfer,919,0.009649999999999964
replay,replay_global_lr_reduction,backward_transfer,1223,0.013500000000000012
replay,replay_global_lr_reduction,backward_transfer,1523,0.011450000000000016
replay,replay_global_lr_reduction,backward_transfer,1823,0.010599999999999943
replay,replay_global_lr_reduction,backward_transfer,2129,0.007500000000000062
replay,replay_global_lr_reduction,backward_transfer,2423,0.00995000000000007
replay,replay_global_lr_reduction,backward_transfer,2729,0.01344999999999999
replay,replay_global_lr_reduction,backward_transfer,3037,0.00134999999999999
replay,replay_global_lr_reduction,forward_transfer,311,0.004949999999999996
replay,replay_global_lr_reduction,forward_transfer,617,-0.01995
replay,replay_global_lr_reduction,forward_transfer,919,0.0132
replay,replay_global_lr_reduction,forward_transfer,1223,-0.0032500000000000064
replay,replay_global_lr_reduction,forward_transfer,1523,0.01355
replay,replay_global_lr_reduction,forward_transfer,1823,0.019199999999999995
replay,replay_global_lr_reduction,forward_transfer,2129,-0.009750000000000002
replay,replay_global_lr_reduction,forward_transfer,2423,0.00835
replay,replay_global_lr_reduction,forward_transfer,2729,0.005449999999999993
replay,replay_global_lr_reduction,forward_transfer,3037,-0.006749999999999992
replay,replay_global_lr_reduction,task_aware_final_accuracy,311,-0.03308000000000011
replay,replay_global_lr_reduction,task_aware_final_accuracy,617,-0.02939999999999987
replay,replay_global_lr_reduction,task_aware_final_accuracy,919,-0.03311999999999993
replay,replay_global_lr_reduction,task_aware_final_accuracy,1223,-0.032359999999999944
replay,replay_global_lr_reduction,task_aware_final_accuracy,1523,-0.031240000000000046
replay,replay_global_lr_reduction,task_aware_final_accuracy,1823,-0.03224000000000016
replay,replay_global_lr_reduction,task_aware_final_accuracy,2129,-0.034279999999999866
replay,replay_global_lr_reduction,task_aware_final_accuracy,2423,-0.031200000000000006
replay,replay_global_lr_reduction,task_aware_final_accuracy,2729,-0.03092000000000006
replay,replay_global_lr_reduction,task_aware_final_accuracy,3037,-0.03943999999999992
replay,replay_global_lr_reduction,task_aware_forgetting,311,-0.015699999999999964
replay,replay_global_lr_reduction,task_aware_forgetting,617,-0.014099999999999974
replay,replay_global_lr_reduction,task_aware_forgetting,919,-0.009649999999999964
replay,replay_global_lr_reduction,task_aware_forgetting,1223,-0.013500000000000012
replay,replay_global_lr_reduction,task_aware_forgetting,1523,-0.011450000000000016
replay,replay_global_lr_reduction,task_aware_forgetting,1823,-0.010599999999999943
replay,replay_global_lr_reduction,task_aware_forgetting,2129,-0.007500000000000062
replay,replay_global_lr_reduction,task_aware_forgetting,2423,-0.00995000000000007
replay,replay_global_lr_reduction,task_aware_forgetting,2729,-0.01344999999999999
replay,replay_global_lr_reduction,task_aware_forgetting,3037,-0.00134999999999999
replay,replay_global_lr_reduction,classifier_gap,311,0.0
replay,replay_global_lr_reduction,classifier_gap,617,0.0
replay,replay_global_lr_reduction,classifier_gap,919,0.0
replay,replay_global_lr_reduction,classifier_gap,1223,0.0
replay,replay_global_lr_reduction,classifier_gap,1523,0.0
replay,replay_global_lr_reduction,classifier_gap,1823,0.0
replay,replay_global_lr_reduction,classifier_gap,2129,0.0
replay,replay_global_lr_reduction,classifier_gap,2423,0.0
replay,replay_global_lr_reduction,classifier_gap,2729,0.0
replay,replay_global_lr_reduction,classifier_gap,3037,0.0
replay,replay_global_lr_reduction,elapsed_seconds,311,-0.19689039202057756
replay,replay_global_lr_reduction,elapsed_seconds,617,0.15131203600321896
replay,replay_global_lr_reduction,elapsed_seconds,919,0.12967023203964345
replay,replay_global_lr_reduction,elapsed_seconds,1223,0.05733715300448239
replay,replay_global_lr_reduction,elapsed_seconds,1523,0.2359618160116952
replay,replay_global_lr_reduction,elapsed_seconds,1823,-0.35174272902077064
replay,replay_global_lr_reduction,elapsed_seconds,2129,-0.10522881799261086
replay,replay_global_lr_reduction,elapsed_seconds,2423,0.37320312901283614
replay,replay_global_lr_reduction,elapsed_seconds,2729,-0.0859933239989914
replay,replay_global_lr_reduction,elapsed_seconds,3037,0.2706160829984583
replay,replay_global_lr_reduction,learner_examples_processed,311,0.0
replay,replay_global_lr_reduction,learner_examples_processed,617,0.0
replay,replay_global_lr_reduction,learner_examples_processed,919,0.0
replay,replay_global_lr_reduction,learner_examples_processed,1223,0.0
replay,replay_global_lr_reduction,learner_examples_processed,1523,0.0
replay,replay_global_lr_reduction,learner_examples_processed,1823,0.0
replay,replay_global_lr_reduction,learner_examples_processed,2129,0.0
replay,replay_global_lr_reduction,learner_examples_processed,2423,0.0
replay,replay_global_lr_reduction,learner_examples_processed,2729,0.0
replay,replay_global_lr_reduction,learner_examples_processed,3037,0.0
replay,replay_global_lr_reduction,total_model_examples_processed,311,0.0
replay,replay_global_lr_reduction,total_model_examples_processed,617,0.0
replay,replay_global_lr_reduction,total_model_examples_processed,919,0.0
replay,replay_global_lr_reduction,total_model_examples_processed,1223,0.0
replay,replay_global_lr_reduction,total_model_examples_processed,1523,0.0
replay,replay_global_lr_reduction,total_model_examples_processed,1823,0.0
replay,replay_global_lr_reduction,total_model_examples_processed,2129,0.0
replay,replay_global_lr_reduction,total_model_examples_processed,2423,0.0
replay,replay_global_lr_reduction,total_model_examples_processed,2729,0.0
replay,replay_global_lr_reduction,total_model_examples_processed,3037,0.0
replay,replay_global_lr_reduction,estimated_total_flops,311,0.0
replay,replay_global_lr_reduction,estimated_total_flops,617,0.0
replay,replay_global_lr_reduction,estimated_total_flops,919,0.0
replay,replay_global_lr_reduction,estimated_total_flops,1223,0.0
replay,replay_global_lr_reduction,estimated_total_flops,1523,0.0
replay,replay_global_lr_reduction,estimated_total_flops,1823,0.0
replay,replay_global_lr_reduction,estimated_total_flops,2129,0.0
replay,replay_global_lr_reduction,estimated_total_flops,2423,0.0
replay,replay_global_lr_reduction,estimated_total_flops,2729,0.0
replay,replay_global_lr_reduction,estimated_total_flops,3037,0.0
replay,replay_global_lr_reduction,estimated_overhead_flops,311,0.0
replay,replay_global_lr_reduction,estimated_overhead_flops,617,0.0
replay,replay_global_lr_reduction,estimated_overhead_flops,919,0.0
replay,replay_global_lr_reduction,estimated_overhead_flops,1223,0.0
replay,replay_global_lr_reduction,estimated_overhead_flops,1523,0.0
replay,replay_global_lr_reduction,estimated_overhead_flops,1823,0.0
replay,replay_global_lr_reduction,estimated_overhead_flops,2129,0.0
replay,replay_global_lr_reduction,estimated_overhead_flops,2423,0.0
replay,replay_global_lr_reduction,estimated_overhead_flops,2729,0.0
replay,replay_global_lr_reduction,estimated_overhead_flops,3037,0.0
replay,replay_global_lr_reduction,replay_memory_bytes,311,0.0
replay,replay_global_lr_reduction,replay_memory_bytes,617,0.0
replay,replay_global_lr_reduction,replay_memory_bytes,919,0.0
replay,replay_global_lr_reduction,replay_memory_bytes,1223,0.0
replay,replay_global_lr_reduction,replay_memory_bytes,1523,0.0
replay,replay_global_lr_reduction,replay_memory_bytes,1823,0.0
replay,replay_global_lr_reduction,replay_memory_bytes,2129,0.0
replay,replay_global_lr_reduction,replay_memory_bytes,2423,0.0
replay,replay_global_lr_reduction,replay_memory_bytes,2729,0.0
replay,replay_global_lr_reduction,replay_memory_bytes,3037,0.0
replay,replay_global_lr_reduction,stored_logits_bytes,311,0.0
replay,replay_global_lr_reduction,stored_logits_bytes,617,0.0
replay,replay_global_lr_reduction,stored_logits_bytes,919,0.0
replay,replay_global_lr_reduction,stored_logits_bytes,1223,0.0
replay,replay_global_lr_reduction,stored_logits_bytes,1523,0.0
replay,replay_global_lr_reduction,stored_logits_bytes,1823,0.0
replay,replay_global_lr_reduction,stored_logits_bytes,2129,0.0
replay,replay_global_lr_reduction,stored_logits_bytes,2423,0.0
replay,replay_global_lr_reduction,stored_logits_bytes,2729,0.0
replay,replay_global_lr_reduction,stored_logits_bytes,3037,0.0
replay,slowheat_replay_hidden_beta_30_budget_0.25,final_average_accuracy,311,0.005639999999999978
replay,slowheat_replay_hidden_beta_30_budget_0.25,final_average_accuracy,617,0.0036800000000001276
replay,slowheat_replay_hidden_beta_30_budget_0.25,final_average_accuracy,919,0.008159999999999945
replay,slowheat_replay_hidden_beta_30_budget_0.25,final_average_accuracy,1223,0.008199999999999985
replay,slowheat_replay_hidden_beta_30_budget_0.25,final_average_accuracy,1523,0.005920000000000036
replay,slowheat_replay_hidden_beta_30_budget_0.25,final_average_accuracy,1823,0.010159999999999947
replay,slowheat_replay_hidden_beta_30_budget_0.25,final_average_accuracy,2129,0.0031199999999999006
replay,slowheat_replay_hidden_beta_30_budget_0.25,final_average_accuracy,2423,0.005479999999999929
replay,slowheat_replay_hidden_beta_30_budget_0.25,final_average_accuracy,2729,0.006680000000000019
replay,slowheat_replay_hidden_beta_30_budget_0.25,final_average_accuracy,3037,0.005199999999999982
replay,slowheat_replay_hidden_beta_30_budget_0.25,average_forgetting,311,-0.015099999999999975
replay,slowheat_replay_hidden_beta_30_budget_0.25,average_forgetting,617,-0.00899999999999998
replay,slowheat_replay_hidden_beta_30_budget_0.25,average_forgetting,919,-0.015349999999999975
replay,slowheat_replay_hidden_beta_30_budget_0.25,average_forgetting,1223,-0.01510000000000003
replay,slowheat_replay_hidden_beta_30_budget_0.25,average_forgetting,1523,-0.01444999999999999
replay,slowheat_replay_hidden_beta_30_budget_0.25,average_forgetting,1823,-0.016049999999999953
replay,slowheat_replay_hidden_beta_30_budget_0.25,average_forgetting,2129,-0.009600000000000025
replay,slowheat_replay_hidden_beta_30_budget_0.25,average_forgetting,2423,-0.012950000000000045
replay,slowheat_replay_hidden_beta_30_budget_0.25,average_forgetting,2729,-0.013099999999999945
replay,slowheat_replay_hidden_beta_30_budget_0.25,average_forgetting,3037,-0.012550000000000006
replay,slowheat_replay_hidden_beta_30_budget_0.25,backward_transfer,311,0.015099999999999975
replay,slowheat_replay_hidden_beta_30_budget_0.25,backward_transfer,617,0.00899999999999998
replay,slowheat_replay_hidden_beta_30_budget_0.25,backward_transfer,919,0.015349999999999975
replay,slowheat_replay_hidden_beta_30_budget_0.25,backward_transfer,1223,0.01510000000000003
replay,slowheat_replay_hidden_beta_30_budget_0.25,backward_transfer,1523,0.01444999999999999
replay,slowheat_replay_hidden_beta_30_budget_0.25,backward_transfer,1823,0.016049999999999953
replay,slowheat_replay_hidden_beta_30_budget_0.25,backward_transfer,2129,0.009600000000000025
replay,slowheat_replay_hidden_beta_30_budget_0.25,backward_transfer,2423,0.012950000000000045
replay,slowheat_replay_hidden_beta_30_budget_0.25,backward_transfer,2729,0.013099999999999945
replay,slowheat_replay_hidden_beta_30_budget_0.25,backward_transfer,3037,0.01319999999999999
replay,slowheat_replay_hidden_beta_30_budget_0.25,forward_transfer,311,0.000899999999999998
replay,slowheat_replay_hidden_beta_30_budget_0.25,forward_transfer,617,-0.009349999999999997
replay,slowheat_replay_hidden_beta_30_budget_0.25,forward_transfer,919,0.007750000000000007
replay,slowheat_replay_hidden_beta_30_budget_0.25,forward_transfer,1223,-0.00325000000000001
replay,slowheat_replay_hidden_beta_30_budget_0.25,forward_transfer,1523,-0.0009499999999999995
replay,slowheat_replay_hidden_beta_30_budget_0.25,forward_transfer,1823,-0.008450000000000003
replay,slowheat_replay_hidden_beta_30_budget_0.25,forward_transfer,2129,-0.012550000000000002
replay,slowheat_replay_hidden_beta_30_budget_0.25,forward_transfer,2423,-0.005749999999999995
replay,slowheat_replay_hidden_beta_30_budget_0.25,forward_transfer,2729,0.0013999999999999985
replay,slowheat_replay_hidden_beta_30_budget_0.25,forward_transfer,3037,-0.00364999999999999
replay,slowheat_replay_hidden_beta_30_budget_0.25,task_aware_final_accuracy,311,0.005639999999999978
replay,slowheat_replay_hidden_beta_30_budget_0.25,task_aware_final_accuracy,617,0.0036800000000001276
replay,slowheat_replay_hidden_beta_30_budget_0.25,task_aware_final_accuracy,919,0.008159999999999945
replay,slowheat_replay_hidden_beta_30_budget_0.25,task_aware_final_accuracy,1223,0.008199999999999985
replay,slowheat_replay_hidden_beta_30_budget_0.25,task_aware_final_accuracy,1523,0.005920000000000036
replay,slowheat_replay_hidden_beta_30_budget_0.25,task_aware_final_accuracy,1823,0.010159999999999947
replay,slowheat_replay_hidden_beta_30_budget_0.25,task_aware_final_accuracy,2129,0.0031199999999999006
replay,slowheat_replay_hidden_beta_30_budget_0.25,task_aware_final_accuracy,2423,0.005479999999999929
replay,slowheat_replay_hidden_beta_30_budget_0.25,task_aware_final_accuracy,2729,0.006680000000000019
replay,slowheat_replay_hidden_beta_30_budget_0.25,task_aware_final_accuracy,3037,0.005199999999999982
replay,slowheat_replay_hidden_beta_30_budget_0.25,task_aware_forgetting,311,-0.015099999999999975
replay,slowheat_replay_hidden_beta_30_budget_0.25,task_aware_forgetting,617,-0.00899999999999998
replay,slowheat_replay_hidden_beta_30_budget_0.25,task_aware_forgetting,919,-0.015349999999999975
replay,slowheat_replay_hidden_beta_30_budget_0.25,task_aware_forgetting,1223,-0.01510000000000003
replay,slowheat_replay_hidden_beta_30_budget_0.25,task_aware_forgetting,1523,-0.01444999999999999
replay,slowheat_replay_hidden_beta_30_budget_0.25,task_aware_forgetting,1823,-0.016049999999999953
replay,slowheat_replay_hidden_beta_30_budget_0.25,task_aware_forgetting,2129,-0.009600000000000025
replay,slowheat_replay_hidden_beta_30_budget_0.25,task_aware_forgetting,2423,-0.012950000000000045
replay,slowheat_replay_hidden_beta_30_budget_0.25,task_aware_forgetting,2729,-0.013099999999999945
replay,slowheat_replay_hidden_beta_30_budget_0.25,task_aware_forgetting,3037,-0.012550000000000006
replay,slowheat_replay_hidden_beta_30_budget_0.25,classifier_gap,311,0.0
replay,slowheat_replay_hidden_beta_30_budget_0.25,classifier_gap,617,0.0
replay,slowheat_replay_hidden_beta_30_budget_0.25,classifier_gap,919,0.0
replay,slowheat_replay_hidden_beta_30_budget_0.25,classifier_gap,1223,0.0
replay,slowheat_replay_hidden_beta_30_budget_0.25,classifier_gap,1523,0.0
replay,slowheat_replay_hidden_beta_30_budget_0.25,classifier_gap,1823,0.0
replay,slowheat_replay_hidden_beta_30_budget_0.25,classifier_gap,2129,0.0
replay,slowheat_replay_hidden_beta_30_budget_0.25,classifier_gap,2423,0.0
replay,slowheat_replay_hidden_beta_30_budget_0.25,classifier_gap,2729,0.0
replay,slowheat_replay_hidden_beta_30_budget_0.25,classifier_gap,3037,0.0
replay,slowheat_replay_hidden_beta_30_budget_0.25,elapsed_seconds,311,7.5634423150040675
replay,slowheat_replay_hidden_beta_30_budget_0.25,elapsed_seconds,617,8.504289153992431
replay,slowheat_replay_hidden_beta_30_budget_0.25,elapsed_seconds,919,8.767774873034796
replay,slowheat_replay_hidden_beta_30_budget_0.25,elapsed_seconds,1223,8.142137896997156
replay,slowheat_replay_hidden_beta_30_budget_0.25,elapsed_seconds,1523,8.859223295003176
replay,slowheat_replay_hidden_beta_30_budget_0.25,elapsed_seconds,1823,8.2182248950121
replay,slowheat_replay_hidden_beta_30_budget_0.25,elapsed_seconds,2129,8.474398739024764
replay,slowheat_replay_hidden_beta_30_budget_0.25,elapsed_seconds,2423,9.26158524202765
replay,slowheat_replay_hidden_beta_30_budget_0.25,elapsed_seconds,2729,8.278297245997237
replay,slowheat_replay_hidden_beta_30_budget_0.25,elapsed_seconds,3037,8.611812350980472
replay,slowheat_replay_hidden_beta_30_budget_0.25,learner_examples_processed,311,0.0
replay,slowheat_replay_hidden_beta_30_budget_0.25,learner_examples_processed,617,0.0
replay,slowheat_replay_hidden_beta_30_budget_0.25,learner_examples_processed,919,0.0
replay,slowheat_replay_hidden_beta_30_budget_0.25,learner_examples_processed,1223,0.0
replay,slowheat_replay_hidden_beta_30_budget_0.25,learner_examples_processed,1523,0.0
replay,slowheat_replay_hidden_beta_30_budget_0.25,learner_examples_processed,1823,0.0
replay,slowheat_replay_hidden_beta_30_budget_0.25,learner_examples_processed,2129,0.0
replay,slowheat_replay_hidden_beta_30_budget_0.25,learner_examples_processed,2423,0.0
replay,slowheat_replay_hidden_beta_30_budget_0.25,learner_examples_processed,2729,0.0
replay,slowheat_replay_hidden_beta_30_budget_0.25,learner_examples_processed,3037,0.0
replay,slowheat_replay_hidden_beta_30_budget_0.25,total_model_examples_processed,311,0.0
replay,slowheat_replay_hidden_beta_30_budget_0.25,total_model_examples_processed,617,0.0
replay,slowheat_replay_hidden_beta_30_budget_0.25,total_model_examples_processed,919,0.0
replay,slowheat_replay_hidden_beta_30_budget_0.25,total_model_examples_processed,1223,0.0
replay,slowheat_replay_hidden_beta_30_budget_0.25,total_model_examples_processed,1523,0.0
replay,slowheat_replay_hidden_beta_30_budget_0.25,total_model_examples_processed,1823,0.0
replay,slowheat_replay_hidden_beta_30_budget_0.25,total_model_examples_processed,2129,0.0
replay,slowheat_replay_hidden_beta_30_budget_0.25,total_model_examples_processed,2423,0.0
replay,slowheat_replay_hidden_beta_30_budget_0.25,total_model_examples_processed,2729,0.0
replay,slowheat_replay_hidden_beta_30_budget_0.25,total_model_examples_processed,3037,0.0
replay,slowheat_replay_hidden_beta_30_budget_0.25,estimated_total_flops,311,4280847360.0
replay,slowheat_replay_hidden_beta_30_budget_0.25,estimated_total_flops,617,4280847360.0
replay,slowheat_replay_hidden_beta_30_budget_0.25,estimated_total_flops,919,4280847360.0
replay,slowheat_replay_hidden_beta_30_budget_0.25,estimated_total_flops,1223,4280847360.0
replay,slowheat_replay_hidden_beta_30_budget_0.25,estimated_total_flops,1523,4280847360.0
replay,slowheat_replay_hidden_beta_30_budget_0.25,estimated_total_flops,1823,4280847360.0
replay,slowheat_replay_hidden_beta_30_budget_0.25,estimated_total_flops,2129,4280847360.0
replay,slowheat_replay_hidden_beta_30_budget_0.25,estimated_total_flops,2423,4280847360.0
replay,slowheat_replay_hidden_beta_30_budget_0.25,estimated_total_flops,2729,4280847360.0
replay,slowheat_replay_hidden_beta_30_budget_0.25,estimated_total_flops,3037,4280847360.0
replay,slowheat_replay_hidden_beta_30_budget_0.25,estimated_overhead_flops,311,4280847360.0
replay,slowheat_replay_hidden_beta_30_budget_0.25,estimated_overhead_flops,617,4280847360.0
replay,slowheat_replay_hidden_beta_30_budget_0.25,estimated_overhead_flops,919,4280847360.0
replay,slowheat_replay_hidden_beta_30_budget_0.25,estimated_overhead_flops,1223,4280847360.0
replay,slowheat_replay_hidden_beta_30_budget_0.25,estimated_overhead_flops,1523,4280847360.0
replay,slowheat_replay_hidden_beta_30_budget_0.25,estimated_overhead_flops,1823,4280847360.0
replay,slowheat_replay_hidden_beta_30_budget_0.25,estimated_overhead_flops,2129,4280847360.0
replay,slowheat_replay_hidden_beta_30_budget_0.25,estimated_overhead_flops,2423,4280847360.0
replay,slowheat_replay_hidden_beta_30_budget_0.25,estimated_overhead_flops,2729,4280847360.0
replay,slowheat_replay_hidden_beta_30_budget_0.25,estimated_overhead_flops,3037,4280847360.0
replay,slowheat_replay_hidden_beta_30_budget_0.25,replay_memory_bytes,311,0.0
replay,slowheat_replay_hidden_beta_30_budget_0.25,replay_memory_bytes,617,0.0
replay,slowheat_replay_hidden_beta_30_budget_0.25,replay_memory_bytes,919,0.0
replay,slowheat_replay_hidden_beta_30_budget_0.25,replay_memory_bytes,1223,0.0
replay,slowheat_replay_hidden_beta_30_budget_0.25,replay_memory_bytes,1523,0.0
replay,slowheat_replay_hidden_beta_30_budget_0.25,replay_memory_bytes,1823,0.0
replay,slowheat_replay_hidden_beta_30_budget_0.25,replay_memory_bytes,2129,0.0
replay,slowheat_replay_hidden_beta_30_budget_0.25,replay_memory_bytes,2423,0.0
replay,slowheat_replay_hidden_beta_30_budget_0.25,replay_memory_bytes,2729,0.0
replay,slowheat_replay_hidden_beta_30_budget_0.25,replay_memory_bytes,3037,0.0
replay,slowheat_replay_hidden_beta_30_budget_0.25,stored_logits_bytes,311,0.0
replay,slowheat_replay_hidden_beta_30_budget_0.25,stored_logits_bytes,617,0.0
replay,slowheat_replay_hidden_beta_30_budget_0.25,stored_logits_bytes,919,0.0
replay,slowheat_replay_hidden_beta_30_budget_0.25,stored_logits_bytes,1223,0.0
replay,slowheat_replay_hidden_beta_30_budget_0.25,stored_logits_bytes,1523,0.0
replay,slowheat_replay_hidden_beta_30_budget_0.25,stored_logits_bytes,1823,0.0
replay,slowheat_replay_hidden_beta_30_budget_0.25,stored_logits_bytes,2129,0.0
replay,slowheat_replay_hidden_beta_30_budget_0.25,stored_logits_bytes,2423,0.0
replay,slowheat_replay_hidden_beta_30_budget_0.25,stored_logits_bytes,2729,0.0
replay,slowheat_replay_hidden_beta_30_budget_0.25,stored_logits_bytes,3037,0.0
replay,slowheat_hidden_beta_30_budget_0.25,final_average_accuracy,311,-0.12900000000000023
replay,slowheat_hidden_beta_30_budget_0.25,final_average_accuracy,617,-0.16455999999999993
replay,slowheat_hidden_beta_30_budget_0.25,final_average_accuracy,919,-0.12692000000000003
replay,slowheat_hidden_beta_30_budget_0.25,final_average_accuracy,1223,-0.11896000000000007
replay,slowheat_hidden_beta_30_budget_0.25,final_average_accuracy,1523,-0.13275999999999988
replay,slowheat_hidden_beta_30_budget_0.25,final_average_accuracy,1823,-0.12392000000000003
replay,slowheat_hidden_beta_30_budget_0.25,final_average_accuracy,2129,-0.11728000000000005
replay,slowheat_hidden_beta_30_budget_0.25,final_average_accuracy,2423,-0.12931999999999988
replay,slowheat_hidden_beta_30_budget_0.25,final_average_accuracy,2729,-0.11419999999999997
replay,slowheat_hidden_beta_30_budget_0.25,final_average_accuracy,3037,-0.16911999999999994
replay,slowheat_hidden_beta_30_budget_0.25,average_forgetting,311,0.15545000000000003
replay,slowheat_hidden_beta_30_budget_0.25,average_forgetting,617,0.2014
replay,slowheat_hidden_beta_30_budget_0.25,average_forgetting,919,0.15425000000000003
replay,slowheat_hidden_beta_30_budget_0.25,average_forgetting,1223,0.14529999999999998
replay,slowheat_hidden_beta_30_budget_0.25,average_forgetting,1523,0.15855
replay,slowheat_hidden_beta_30_budget_0.25,average_forgetting,1823,0.15190000000000006
replay,slowheat_hidden_beta_30_budget_0.25,average_forgetting,2129,0.14114999999999994
replay,slowheat_hidden_beta_30_budget_0.25,average_forgetting,2423,0.15819999999999995
replay,slowheat_hidden_beta_30_budget_0.25,average_forgetting,2729,0.13925000000000004
replay,slowheat_hidden_beta_30_budget_0.25,average_forgetting,3037,0.20415
replay,slowheat_hidden_beta_30_budget_0.25,backward_transfer,311,-0.15545000000000003
replay,slowheat_hidden_beta_30_budget_0.25,backward_transfer,617,-0.2014
replay,slowheat_hidden_beta_30_budget_0.25,backward_transfer,919,-0.15425000000000003
replay,slowheat_hidden_beta_30_budget_0.25,backward_transfer,1223,-0.14529999999999998
replay,slowheat_hidden_beta_30_budget_0.25,backward_transfer,1523,-0.15855
replay,slowheat_hidden_beta_30_budget_0.25,backward_transfer,1823,-0.15190000000000006
replay,slowheat_hidden_beta_30_budget_0.25,backward_transfer,2129,-0.14114999999999994
replay,slowheat_hidden_beta_30_budget_0.25,backward_transfer,2423,-0.15819999999999995
replay,slowheat_hidden_beta_30_budget_0.25,backward_transfer,2729,-0.13925000000000004
replay,slowheat_hidden_beta_30_budget_0.25,backward_transfer,3037,-0.20415
replay,slowheat_hidden_beta_30_budget_0.25,forward_transfer,311,-0.004749999999999997
replay,slowheat_hidden_beta_30_budget_0.25,forward_transfer,617,-0.011349999999999996
replay,slowheat_hidden_beta_30_budget_0.25,forward_transfer,919,0.0063000000000000035
replay,slowheat_hidden_beta_30_budget_0.25,forward_transfer,1223,-0.008900000000000009
replay,slowheat_hidden_beta_30_budget_0.25,forward_transfer,1523,-0.0020999999999999942
replay,slowheat_hidden_beta_30_budget_0.25,forward_transfer,1823,-0.005899999999999999
replay,slowheat_hidden_beta_30_budget_0.25,forward_transfer,2129,-0.015100000000000002
replay,slowheat_hidden_beta_30_budget_0.25,forward_transfer,2423,-0.007399999999999997
replay,slowheat_hidden_beta_30_budget_0.25,forward_transfer,2729,0.003449999999999998
replay,slowheat_hidden_beta_30_budget_0.25,forward_transfer,3037,0.009350000000000008
replay,slowheat_hidden_beta_30_budget_0.25,task_aware_final_accuracy,311,-0.12900000000000023
replay,slowheat_hidden_beta_30_budget_0.25,task_aware_final_accuracy,617,-0.16455999999999993
replay,slowheat_hidden_beta_30_budget_0.25,task_aware_final_accuracy,919,-0.12692000000000003
replay,slowheat_hidden_beta_30_budget_0.25,task_aware_final_accuracy,1223,-0.11896000000000007
replay,slowheat_hidden_beta_30_budget_0.25,task_aware_final_accuracy,1523,-0.13275999999999988
replay,slowheat_hidden_beta_30_budget_0.25,task_aware_final_accuracy,1823,-0.12392000000000003
replay,slowheat_hidden_beta_30_budget_0.25,task_aware_final_accuracy,2129,-0.11728000000000005
replay,slowheat_hidden_beta_30_budget_0.25,task_aware_final_accuracy,2423,-0.12931999999999988
replay,slowheat_hidden_beta_30_budget_0.25,task_aware_final_accuracy,2729,-0.11419999999999997
replay,slowheat_hidden_beta_30_budget_0.25,task_aware_final_accuracy,3037,-0.16911999999999994
replay,slowheat_hidden_beta_30_budget_0.25,task_aware_forgetting,311,0.15545000000000003
replay,slowheat_hidden_beta_30_budget_0.25,task_aware_forgetting,617,0.2014
replay,slowheat_hidden_beta_30_budget_0.25,task_aware_forgetting,919,0.15425000000000003
replay,slowheat_hidden_beta_30_budget_0.25,task_aware_forgetting,1223,0.14529999999999998
replay,slowheat_hidden_beta_30_budget_0.25,task_aware_forgetting,1523,0.15855
replay,slowheat_hidden_beta_30_budget_0.25,task_aware_forgetting,1823,0.15190000000000006
replay,slowheat_hidden_beta_30_budget_0.25,task_aware_forgetting,2129,0.14114999999999994
replay,slowheat_hidden_beta_30_budget_0.25,task_aware_forgetting,2423,0.15819999999999995
replay,slowheat_hidden_beta_30_budget_0.25,task_aware_forgetting,2729,0.13925000000000004
replay,slowheat_hidden_beta_30_budget_0.25,task_aware_forgetting,3037,0.20415
replay,slowheat_hidden_beta_30_budget_0.25,classifier_gap,311,0.0
replay,slowheat_hidden_beta_30_budget_0.25,classifier_gap,617,0.0
replay,slowheat_hidden_beta_30_budget_0.25,classifier_gap,919,0.0
replay,slowheat_hidden_beta_30_budget_0.25,classifier_gap,1223,0.0
replay,slowheat_hidden_beta_30_budget_0.25,classifier_gap,1523,0.0
replay,slowheat_hidden_beta_30_budget_0.25,classifier_gap,1823,0.0
replay,slowheat_hidden_beta_30_budget_0.25,classifier_gap,2129,0.0
replay,slowheat_hidden_beta_30_budget_0.25,classifier_gap,2423,0.0
replay,slowheat_hidden_beta_30_budget_0.25,classifier_gap,2729,0.0
replay,slowheat_hidden_beta_30_budget_0.25,classifier_gap,3037,0.0
replay,slowheat_hidden_beta_30_budget_0.25,elapsed_seconds,311,3.8957097250095103
replay,slowheat_hidden_beta_30_budget_0.25,elapsed_seconds,617,4.414335163979558
replay,slowheat_hidden_beta_30_budget_0.25,elapsed_seconds,919,4.557347172027221
replay,slowheat_hidden_beta_30_budget_0.25,elapsed_seconds,1223,4.084114504017634
replay,slowheat_hidden_beta_30_budget_0.25,elapsed_seconds,1523,4.6865417060034815
replay,slowheat_hidden_beta_30_budget_0.25,elapsed_seconds,1823,3.965662413975224
replay,slowheat_hidden_beta_30_budget_0.25,elapsed_seconds,2129,4.38817629503319
replay,slowheat_hidden_beta_30_budget_0.25,elapsed_seconds,2423,5.194602041010512
replay,slowheat_hidden_beta_30_budget_0.25,elapsed_seconds,2729,4.2186746659863275
replay,slowheat_hidden_beta_30_budget_0.25,elapsed_seconds,3037,4.234380368987331
replay,slowheat_hidden_beta_30_budget_0.25,learner_examples_processed,311,-202240.0
replay,slowheat_hidden_beta_30_budget_0.25,learner_examples_processed,617,-202240.0
replay,slowheat_hidden_beta_30_budget_0.25,learner_examples_processed,919,-202240.0
replay,slowheat_hidden_beta_30_budget_0.25,learner_examples_processed,1223,-202240.0
replay,slowheat_hidden_beta_30_budget_0.25,learner_examples_processed,1523,-202240.0
replay,slowheat_hidden_beta_30_budget_0.25,learner_examples_processed,1823,-202240.0
replay,slowheat_hidden_beta_30_budget_0.25,learner_examples_processed,2129,-202240.0
replay,slowheat_hidden_beta_30_budget_0.25,learner_examples_processed,2423,-202240.0
replay,slowheat_hidden_beta_30_budget_0.25,learner_examples_processed,2729,-202240.0
replay,slowheat_hidden_beta_30_budget_0.25,learner_examples_processed,3037,-202240.0
replay,slowheat_hidden_beta_30_budget_0.25,total_model_examples_processed,311,-202240.0
replay,slowheat_hidden_beta_30_budget_0.25,total_model_examples_processed,617,-202240.0
replay,slowheat_hidden_beta_30_budget_0.25,total_model_examples_processed,919,-202240.0
replay,slowheat_hidden_beta_30_budget_0.25,total_model_examples_processed,1223,-202240.0
replay,slowheat_hidden_beta_30_budget_0.25,total_model_examples_processed,1523,-202240.0
replay,slowheat_hidden_beta_30_budget_0.25,total_model_examples_processed,1823,-202240.0
replay,slowheat_hidden_beta_30_budget_0.25,total_model_examples_processed,2129,-202240.0
replay,slowheat_hidden_beta_30_budget_0.25,total_model_examples_processed,2423,-202240.0
replay,slowheat_hidden_beta_30_budget_0.25,total_model_examples_processed,2729,-202240.0
replay,slowheat_hidden_beta_30_budget_0.25,total_model_examples_processed,3037,-202240.0
replay,slowheat_hidden_beta_30_budget_0.25,estimated_total_flops,311,-645579371520.0
replay,slowheat_hidden_beta_30_budget_0.25,estimated_total_flops,617,-645579371520.0
replay,slowheat_hidden_beta_30_budget_0.25,estimated_total_flops,919,-645579371520.0
replay,slowheat_hidden_beta_30_budget_0.25,estimated_total_flops,1223,-645579371520.0
replay,slowheat_hidden_beta_30_budget_0.25,estimated_total_flops,1523,-645579371520.0
replay,slowheat_hidden_beta_30_budget_0.25,estimated_total_flops,1823,-645579371520.0
replay,slowheat_hidden_beta_30_budget_0.25,estimated_total_flops,2129,-645579371520.0
replay,slowheat_hidden_beta_30_budget_0.25,estimated_total_flops,2423,-645579371520.0
replay,slowheat_hidden_beta_30_budget_0.25,estimated_total_flops,2729,-645579371520.0
replay,slowheat_hidden_beta_30_budget_0.25,estimated_total_flops,3037,-645579371520.0
replay,slowheat_hidden_beta_30_budget_0.25,estimated_overhead_flops,311,3659566080.0
replay,slowheat_hidden_beta_30_budget_0.25,estimated_overhead_flops,617,3659566080.0
replay,slowheat_hidden_beta_30_budget_0.25,estimated_overhead_flops,919,3659566080.0
replay,slowheat_hidden_beta_30_budget_0.25,estimated_overhead_flops,1223,3659566080.0
replay,slowheat_hidden_beta_30_budget_0.25,estimated_overhead_flops,1523,3659566080.0
replay,slowheat_hidden_beta_30_budget_0.25,estimated_overhead_flops,1823,3659566080.0
replay,slowheat_hidden_beta_30_budget_0.25,estimated_overhead_flops,2129,3659566080.0
replay,slowheat_hidden_beta_30_budget_0.25,estimated_overhead_flops,2423,3659566080.0
replay,slowheat_hidden_beta_30_budget_0.25,estimated_overhead_flops,2729,3659566080.0
replay,slowheat_hidden_beta_30_budget_0.25,estimated_overhead_flops,3037,3659566080.0
replay,slowheat_hidden_beta_30_budget_0.25,replay_memory_bytes,311,-628800.0
replay,slowheat_hidden_beta_30_budget_0.25,replay_memory_bytes,617,-628800.0
replay,slowheat_hidden_beta_30_budget_0.25,replay_memory_bytes,919,-628800.0
replay,slowheat_hidden_beta_30_budget_0.25,replay_memory_bytes,1223,-628800.0
replay,slowheat_hidden_beta_30_budget_0.25,replay_memory_bytes,1523,-628800.0
replay,slowheat_hidden_beta_30_budget_0.25,replay_memory_bytes,1823,-628800.0
replay,slowheat_hidden_beta_30_budget_0.25,replay_memory_bytes,2129,-628800.0
replay,slowheat_hidden_beta_30_budget_0.25,replay_memory_bytes,2423,-628800.0
replay,slowheat_hidden_beta_30_budget_0.25,replay_memory_bytes,2729,-628800.0
replay,slowheat_hidden_beta_30_budget_0.25,replay_memory_bytes,3037,-628800.0
replay,slowheat_hidden_beta_30_budget_0.25,stored_logits_bytes,311,0.0
replay,slowheat_hidden_beta_30_budget_0.25,stored_logits_bytes,617,0.0
replay,slowheat_hidden_beta_30_budget_0.25,stored_logits_bytes,919,0.0
replay,slowheat_hidden_beta_30_budget_0.25,stored_logits_bytes,1223,0.0
replay,slowheat_hidden_beta_30_budget_0.25,stored_logits_bytes,1523,0.0
replay,slowheat_hidden_beta_30_budget_0.25,stored_logits_bytes,1823,0.0
replay,slowheat_hidden_beta_30_budget_0.25,stored_logits_bytes,2129,0.0
replay,slowheat_hidden_beta_30_budget_0.25,stored_logits_bytes,2423,0.0
replay,slowheat_hidden_beta_30_budget_0.25,stored_logits_bytes,2729,0.0
replay,slowheat_hidden_beta_30_budget_0.25,stored_logits_bytes,3037,0.0
replay,slowheat_replay_hidden_adaptive_beta_30_budget_0.25,final_average_accuracy,311,0.0043200000000001015
replay,slowheat_replay_hidden_adaptive_beta_30_budget_0.25,final_average_accuracy,617,0.0050400000000001555
replay,slowheat_replay_hidden_adaptive_beta_30_budget_0.25,final_average_accuracy,919,0.008440000000000003
replay,slowheat_replay_hidden_adaptive_beta_30_budget_0.25,final_average_accuracy,1223,0.009800000000000031
replay,slowheat_replay_hidden_adaptive_beta_30_budget_0.25,final_average_accuracy,1523,0.007440000000000113
replay,slowheat_replay_hidden_adaptive_beta_30_budget_0.25,final_average_accuracy,1823,0.011360000000000037
replay,slowheat_replay_hidden_adaptive_beta_30_budget_0.25,final_average_accuracy,2129,0.0048000000000000265
replay,slowheat_replay_hidden_adaptive_beta_30_budget_0.25,final_average_accuracy,2423,0.005600000000000049
replay,slowheat_replay_hidden_adaptive_beta_30_budget_0.25,final_average_accuracy,2729,0.0075599999999999
replay,slowheat_replay_hidden_adaptive_beta_30_budget_0.25,final_average_accuracy,3037,0.0048000000000000265
replay,slowheat_replay_hidden_adaptive_beta_30_budget_0.25,average_forgetting,311,-0.015149999999999997
replay,slowheat_replay_hidden_adaptive_beta_30_budget_0.25,average_forgetting,617,-0.011500000000000038
replay,slowheat_replay_hidden_adaptive_beta_30_budget_0.25,average_forgetting,919,-0.015199999999999964
replay,slowheat_replay_hidden_adaptive_beta_30_budget_0.25,average_forgetting,1223,-0.017250000000000015
replay,slowheat_replay_hidden_adaptive_beta_30_budget_0.25,average_forgetting,1523,-0.016750000000000015
replay,slowheat_replay_hidden_adaptive_beta_30_budget_0.25,average_forgetting,1823,-0.01819999999999994
replay,slowheat_replay_hidden_adaptive_beta_30_budget_0.25,average_forgetting,2129,-0.01240000000000005
replay,slowheat_replay_hidden_adaptive_beta_30_budget_0.25,average_forgetting,2423,-0.012950000000000017
replay,slowheat_replay_hidden_adaptive_beta_30_budget_0.25,average_forgetting,2729,-0.014999999999999958
replay,slowheat_replay_hidden_adaptive_beta_30_budget_0.25,average_forgetting,3037,-0.01394999999999999
replay,slowheat_replay_hidden_adaptive_beta_30_budget_0.25,backward_transfer,311,0.015149999999999997
replay,slowheat_replay_hidden_adaptive_beta_30_budget_0.25,backward_transfer,617,0.011500000000000038
replay,slowheat_replay_hidden_adaptive_beta_30_budget_0.25,backward_transfer,919,0.015199999999999964
replay,slowheat_replay_hidden_adaptive_beta_30_budget_0.25,backward_transfer,1223,0.017250000000000015
replay,slowheat_replay_hidden_adaptive_beta_30_budget_0.25,backward_transfer,1523,0.016750000000000015
replay,slowheat_replay_hidden_adaptive_beta_30_budget_0.25,backward_transfer,1823,0.01819999999999994
replay,slowheat_replay_hidden_adaptive_beta_30_budget_0.25,backward_transfer,2129,0.01240000000000005
replay,slowheat_replay_hidden_adaptive_beta_30_budget_0.25,backward_transfer,2423,0.012950000000000017
replay,slowheat_replay_hidden_adaptive_beta_30_budget_0.25,backward_transfer,2729,0.014999999999999958
replay,slowheat_replay_hidden_adaptive_beta_30_budget_0.25,backward_transfer,3037,0.014100000000000001
replay,slowheat_replay_hidden_adaptive_beta_30_budget_0.25,forward_transfer,311,0.003850000000000006
replay,slowheat_replay_hidden_adaptive_beta_30_budget_0.25,forward_transfer,617,-0.009999999999999992
replay,slowheat_replay_hidden_adaptive_beta_30_budget_0.25,forward_transfer,919,0.0003499999999999996
replay,slowheat_replay_hidden_adaptive_beta_30_budget_0.25,forward_transfer,1223,-0.003200000000000005
replay,slowheat_replay_hidden_adaptive_beta_30_budget_0.25,forward_transfer,1523,0.00010000000000000286
replay,slowheat_replay_hidden_adaptive_beta_30_budget_0.25,forward_transfer,1823,-0.010400000000000003
replay,slowheat_replay_hidden_adaptive_beta_30_budget_0.25,forward_transfer,2129,-0.00995
replay,slowheat_replay_hidden_adaptive_beta_30_budget_0.25,forward_transfer,2423,-0.0025499999999999967
replay,slowheat_replay_hidden_adaptive_beta_30_budget_0.25,forward_transfer,2729,-0.0011000000000000038
replay,slowheat_replay_hidden_adaptive_beta_30_budget_0.25,forward_transfer,3037,-0.000999999999999994
replay,slowheat_replay_hidden_adaptive_beta_30_budget_0.25,task_aware_final_accuracy,311,0.0043200000000001015
replay,slowheat_replay_hidden_adaptive_beta_30_budget_0.25,task_aware_final_accuracy,617,0.0050400000000001555
replay,slowheat_replay_hidden_adaptive_beta_30_budget_0.25,task_aware_final_accuracy,919,0.008440000000000003
replay,slowheat_replay_hidden_adaptive_beta_30_budget_0.25,task_aware_final_accuracy,1223,0.009800000000000031
replay,slowheat_replay_hidden_adaptive_beta_30_budget_0.25,task_aware_final_accuracy,1523,0.007440000000000113
replay,slowheat_replay_hidden_adaptive_beta_30_budget_0.25,task_aware_final_accuracy,1823,0.011360000000000037
replay,slowheat_replay_hidden_adaptive_beta_30_budget_0.25,task_aware_final_accuracy,2129,0.0048000000000000265
replay,slowheat_replay_hidden_adaptive_beta_30_budget_0.25,task_aware_final_accuracy,2423,0.005600000000000049
replay,slowheat_replay_hidden_adaptive_beta_30_budget_0.25,task_aware_final_accuracy,2729,0.0075599999999999
replay,slowheat_replay_hidden_adaptive_beta_30_budget_0.25,task_aware_final_accuracy,3037,0.0048000000000000265
replay,slowheat_replay_hidden_adaptive_beta_30_budget_0.25,task_aware_forgetting,311,-0.015149999999999997
replay,slowheat_replay_hidden_adaptive_beta_30_budget_0.25,task_aware_forgetting,617,-0.011500000000000038
replay,slowheat_replay_hidden_adaptive_beta_30_budget_0.25,task_aware_forgetting,919,-0.015199999999999964
replay,slowheat_replay_hidden_adaptive_beta_30_budget_0.25,task_aware_forgetting,1223,-0.017250000000000015
replay,slowheat_replay_hidden_adaptive_beta_30_budget_0.25,task_aware_forgetting,1523,-0.016750000000000015
replay,slowheat_replay_hidden_adaptive_beta_30_budget_0.25,task_aware_forgetting,1823,-0.01819999999999994
replay,slowheat_replay_hidden_adaptive_beta_30_budget_0.25,task_aware_forgetting,2129,-0.01240000000000005
replay,slowheat_replay_hidden_adaptive_beta_30_budget_0.25,task_aware_forgetting,2423,-0.012950000000000017
replay,slowheat_replay_hidden_adaptive_beta_30_budget_0.25,task_aware_forgetting,2729,-0.014999999999999958
replay,slowheat_replay_hidden_adaptive_beta_30_budget_0.25,task_aware_forgetting,3037,-0.01394999999999999
replay,slowheat_replay_hidden_adaptive_beta_30_budget_0.25,classifier_gap,311,0.0
replay,slowheat_replay_hidden_adaptive_beta_30_budget_0.25,classifier_gap,617,0.0
replay,slowheat_replay_hidden_adaptive_beta_30_budget_0.25,classifier_gap,919,0.0
replay,slowheat_replay_hidden_adaptive_beta_30_budget_0.25,classifier_gap,1223,0.0
replay,slowheat_replay_hidden_adaptive_beta_30_budget_0.25,classifier_gap,1523,0.0
replay,slowheat_replay_hidden_adaptive_beta_30_budget_0.25,classifier_gap,1823,0.0
replay,slowheat_replay_hidden_adaptive_beta_30_budget_0.25,classifier_gap,2129,0.0
replay,slowheat_replay_hidden_adaptive_beta_30_budget_0.25,classifier_gap,2423,0.0
replay,slowheat_replay_hidden_adaptive_beta_30_budget_0.25,classifier_gap,2729,0.0
replay,slowheat_replay_hidden_adaptive_beta_30_budget_0.25,classifier_gap,3037,0.0
replay,slowheat_replay_hidden_adaptive_beta_30_budget_0.25,elapsed_seconds,311,8.184978878998663
replay,slowheat_replay_hidden_adaptive_beta_30_budget_0.25,elapsed_seconds,617,8.592790393013274
replay,slowheat_replay_hidden_adaptive_beta_30_budget_0.25,elapsed_seconds,919,8.591624146996764
replay,slowheat_replay_hidden_adaptive_beta_30_budget_0.25,elapsed_seconds,1223,7.7211846509890165
replay,slowheat_replay_hidden_adaptive_beta_30_budget_0.25,elapsed_seconds,1523,8.820056965982076
replay,slowheat_replay_hidden_adaptive_beta_30_budget_0.25,elapsed_seconds,1823,8.104748234996805
replay,slowheat_replay_hidden_adaptive_beta_30_budget_0.25,elapsed_seconds,2129,8.45687684600125
replay,slowheat_replay_hidden_adaptive_beta_30_budget_0.25,elapsed_seconds,2423,9.351509611005895
replay,slowheat_replay_hidden_adaptive_beta_30_budget_0.25,elapsed_seconds,2729,8.265401039971039
replay,slowheat_replay_hidden_adaptive_beta_30_budget_0.25,elapsed_seconds,3037,8.460258759005228
replay,slowheat_replay_hidden_adaptive_beta_30_budget_0.25,learner_examples_processed,311,0.0
replay,slowheat_replay_hidden_adaptive_beta_30_budget_0.25,learner_examples_processed,617,0.0
replay,slowheat_replay_hidden_adaptive_beta_30_budget_0.25,learner_examples_processed,919,0.0
replay,slowheat_replay_hidden_adaptive_beta_30_budget_0.25,learner_examples_processed,1223,0.0
replay,slowheat_replay_hidden_adaptive_beta_30_budget_0.25,learner_examples_processed,1523,0.0
replay,slowheat_replay_hidden_adaptive_beta_30_budget_0.25,learner_examples_processed,1823,0.0
replay,slowheat_replay_hidden_adaptive_beta_30_budget_0.25,learner_examples_processed,2129,0.0
replay,slowheat_replay_hidden_adaptive_beta_30_budget_0.25,learner_examples_processed,2423,0.0
replay,slowheat_replay_hidden_adaptive_beta_30_budget_0.25,learner_examples_processed,2729,0.0
replay,slowheat_replay_hidden_adaptive_beta_30_budget_0.25,learner_examples_processed,3037,0.0
replay,slowheat_replay_hidden_adaptive_beta_30_budget_0.25,total_model_examples_processed,311,0.0
replay,slowheat_replay_hidden_adaptive_beta_30_budget_0.25,total_model_examples_processed,617,0.0
replay,slowheat_replay_hidden_adaptive_beta_30_budget_0.25,total_model_examples_processed,919,0.0
replay,slowheat_replay_hidden_adaptive_beta_30_budget_0.25,total_model_examples_processed,1223,0.0
replay,slowheat_replay_hidden_adaptive_beta_30_budget_0.25,total_model_examples_processed,1523,0.0
replay,slowheat_replay_hidden_adaptive_beta_30_budget_0.25,total_model_examples_processed,1823,0.0
replay,slowheat_replay_hidden_adaptive_beta_30_budget_0.25,total_model_examples_processed,2129,0.0
replay,slowheat_replay_hidden_adaptive_beta_30_budget_0.25,total_model_examples_processed,2423,0.0
replay,slowheat_replay_hidden_adaptive_beta_30_budget_0.25,total_model_examples_processed,2729,0.0
replay,slowheat_replay_hidden_adaptive_beta_30_budget_0.25,total_model_examples_processed,3037,0.0
replay,slowheat_replay_hidden_adaptive_beta_30_budget_0.25,estimated_total_flops,311,4280847360.0
replay,slowheat_replay_hidden_adaptive_beta_30_budget_0.25,estimated_total_flops,617,4280847360.0
replay,slowheat_replay_hidden_adaptive_beta_30_budget_0.25,estimated_total_flops,919,4280847360.0
replay,slowheat_replay_hidden_adaptive_beta_30_budget_0.25,estimated_total_flops,1223,4280847360.0
replay,slowheat_replay_hidden_adaptive_beta_30_budget_0.25,estimated_total_flops,1523,4280847360.0
replay,slowheat_replay_hidden_adaptive_beta_30_budget_0.25,estimated_total_flops,1823,4280847360.0
replay,slowheat_replay_hidden_adaptive_beta_30_budget_0.25,estimated_total_flops,2129,4280847360.0
replay,slowheat_replay_hidden_adaptive_beta_30_budget_0.25,estimated_total_flops,2423,4280847360.0
replay,slowheat_replay_hidden_adaptive_beta_30_budget_0.25,estimated_total_flops,2729,4280847360.0
replay,slowheat_replay_hidden_adaptive_beta_30_budget_0.25,estimated_total_flops,3037,4280847360.0
replay,slowheat_replay_hidden_adaptive_beta_30_budget_0.25,estimated_overhead_flops,311,4280847360.0
replay,slowheat_replay_hidden_adaptive_beta_30_budget_0.25,estimated_overhead_flops,617,4280847360.0
replay,slowheat_replay_hidden_adaptive_beta_30_budget_0.25,estimated_overhead_flops,919,4280847360.0
replay,slowheat_replay_hidden_adaptive_beta_30_budget_0.25,estimated_overhead_flops,1223,4280847360.0
replay,slowheat_replay_hidden_adaptive_beta_30_budget_0.25,estimated_overhead_flops,1523,4280847360.0
replay,slowheat_replay_hidden_adaptive_beta_30_budget_0.25,estimated_overhead_flops,1823,4280847360.0
replay,slowheat_replay_hidden_adaptive_beta_30_budget_0.25,estimated_overhead_flops,2129,4280847360.0
replay,slowheat_replay_hidden_adaptive_beta_30_budget_0.25,estimated_overhead_flops,2423,4280847360.0
replay,slowheat_replay_hidden_adaptive_beta_30_budget_0.25,estimated_overhead_flops,2729,4280847360.0
replay,slowheat_replay_hidden_adaptive_beta_30_budget_0.25,estimated_overhead_flops,3037,4280847360.0
replay,slowheat_replay_hidden_adaptive_beta_30_budget_0.25,replay_memory_bytes,311,0.0
replay,slowheat_replay_hidden_adaptive_beta_30_budget_0.25,replay_memory_bytes,617,0.0
replay,slowheat_replay_hidden_adaptive_beta_30_budget_0.25,replay_memory_bytes,919,0.0
replay,slowheat_replay_hidden_adaptive_beta_30_budget_0.25,replay_memory_bytes,1223,0.0
replay,slowheat_replay_hidden_adaptive_beta_30_budget_0.25,replay_memory_bytes,1523,0.0
replay,slowheat_replay_hidden_adaptive_beta_30_budget_0.25,replay_memory_bytes,1823,0.0
replay,slowheat_replay_hidden_adaptive_beta_30_budget_0.25,replay_memory_bytes,2129,0.0
replay,slowheat_replay_hidden_adaptive_beta_30_budget_0.25,replay_memory_bytes,2423,0.0
replay,slowheat_replay_hidden_adaptive_beta_30_budget_0.25,replay_memory_bytes,2729,0.0
replay,slowheat_replay_hidden_adaptive_beta_30_budget_0.25,replay_memory_bytes,3037,0.0
replay,slowheat_replay_hidden_adaptive_beta_30_budget_0.25,stored_logits_bytes,311,0.0
replay,slowheat_replay_hidden_adaptive_beta_30_budget_0.25,stored_logits_bytes,617,0.0
replay,slowheat_replay_hidden_adaptive_beta_30_budget_0.25,stored_logits_bytes,919,0.0
replay,slowheat_replay_hidden_adaptive_beta_30_budget_0.25,stored_logits_bytes,1223,0.0
replay,slowheat_replay_hidden_adaptive_beta_30_budget_0.25,stored_logits_bytes,1523,0.0
replay,slowheat_replay_hidden_adaptive_beta_30_budget_0.25,stored_logits_bytes,1823,0.0
replay,slowheat_replay_hidden_adaptive_beta_30_budget_0.25,stored_logits_bytes,2129,0.0
replay,slowheat_replay_hidden_adaptive_beta_30_budget_0.25,stored_logits_bytes,2423,0.0
replay,slowheat_replay_hidden_adaptive_beta_30_budget_0.25,stored_logits_bytes,2729,0.0
replay,slowheat_replay_hidden_adaptive_beta_30_budget_0.25,stored_logits_bytes,3037,0.0
replay,slowheat_replay_partial_output_beta_30_budget_0.25,final_average_accuracy,311,0.005079999999999862
replay,slowheat_replay_partial_output_beta_30_budget_0.25,final_average_accuracy,617,0.010079999999999978
replay,slowheat_replay_partial_output_beta_30_budget_0.25,final_average_accuracy,919,0.010400000000000076
replay,slowheat_replay_partial_output_beta_30_budget_0.25,final_average_accuracy,1223,0.009799999999999809
replay,slowheat_replay_partial_output_beta_30_budget_0.25,final_average_accuracy,1523,0.01096000000000008
replay,slowheat_replay_partial_output_beta_30_budget_0.25,final_average_accuracy,1823,0.013359999999999927
replay,slowheat_replay_partial_output_beta_30_budget_0.25,final_average_accuracy,2129,0.008519999999999861
replay,slowheat_replay_partial_output_beta_30_budget_0.25,final_average_accuracy,2423,0.009999999999999898
replay,slowheat_replay_partial_output_beta_30_budget_0.25,final_average_accuracy,2729,0.010519999999999974
replay,slowheat_replay_partial_output_beta_30_budget_0.25,final_average_accuracy,3037,0.006240000000000023
replay,slowheat_replay_partial_output_beta_30_budget_0.25,average_forgetting,311,-0.017699999999999966
replay,slowheat_replay_partial_output_beta_30_budget_0.25,average_forgetting,617,-0.016399999999999998
replay,slowheat_replay_partial_output_beta_30_budget_0.25,average_forgetting,919,-0.018699999999999994
replay,slowheat_replay_partial_output_beta_30_budget_0.25,average_forgetting,1223,-0.017600000000000005
replay,slowheat_replay_partial_output_beta_30_budget_0.25,average_forgetting,1523,-0.02124999999999999
replay,slowheat_replay_partial_output_beta_30_budget_0.25,average_forgetting,1823,-0.02059999999999995
replay,slowheat_replay_partial_output_beta_30_budget_0.25,average_forgetting,2129,-0.01695000000000002
replay,slowheat_replay_partial_output_beta_30_budget_0.25,average_forgetting,2423,-0.017499999999999988
replay,slowheat_replay_partial_output_beta_30_budget_0.25,average_forgetting,2729,-0.018199999999999966
replay,slowheat_replay_partial_output_beta_30_budget_0.25,average_forgetting,3037,-0.015699999999999964
replay,slowheat_replay_partial_output_beta_30_budget_0.25,backward_transfer,311,0.017699999999999966
replay,slowheat_replay_partial_output_beta_30_budget_0.25,backward_transfer,617,0.016399999999999998
replay,slowheat_replay_partial_output_beta_30_budget_0.25,backward_transfer,919,0.018699999999999994
replay,slowheat_replay_partial_output_beta_30_budget_0.25,backward_transfer,1223,0.017600000000000005
replay,slowheat_replay_partial_output_beta_30_budget_0.25,backward_transfer,1523,0.021550000000000014
replay,slowheat_replay_partial_output_beta_30_budget_0.25,backward_transfer,1823,0.02059999999999995
replay,slowheat_replay_partial_output_beta_30_budget_0.25,backward_transfer,2129,0.01695000000000002
replay,slowheat_replay_partial_output_beta_30_budget_0.25,backward_transfer,2423,0.017499999999999988
replay,slowheat_replay_partial_output_beta_30_budget_0.25,backward_transfer,2729,0.018199999999999966
replay,slowheat_replay_partial_output_beta_30_budget_0.25,backward_transfer,3037,0.01604999999999998
replay,slowheat_replay_partial_output_beta_30_budget_0.25,forward_transfer,311,-0.007949999999999999
replay,slowheat_replay_partial_output_beta_30_budget_0.25,forward_transfer,617,-0.004299999999999998
replay,slowheat_replay_partial_output_beta_30_budget_0.25,forward_transfer,919,0.005150000000000002
replay,slowheat_replay_partial_output_beta_30_budget_0.25,forward_transfer,1223,-0.010000000000000005
replay,slowheat_replay_partial_output_beta_30_budget_0.25,forward_transfer,1523,-0.006600000000000002
replay,slowheat_replay_partial_output_beta_30_budget_0.25,forward_transfer,1823,-0.010050000000000003
replay,slowheat_replay_partial_output_beta_30_budget_0.25,forward_transfer,2129,-0.009150000000000002
replay,slowheat_replay_partial_output_beta_30_budget_0.25,forward_transfer,2423,-0.004799999999999999
replay,slowheat_replay_partial_output_beta_30_budget_0.25,forward_transfer,2729,0.0011499999999999982
replay,slowheat_replay_partial_output_beta_30_budget_0.25,forward_transfer,3037,-0.007249999999999991
replay,slowheat_replay_partial_output_beta_30_budget_0.25,task_aware_final_accuracy,311,0.005079999999999862
replay,slowheat_replay_partial_output_beta_30_budget_0.25,task_aware_final_accuracy,617,0.010079999999999978
replay,slowheat_replay_partial_output_beta_30_budget_0.25,task_aware_final_accuracy,919,0.010400000000000076
replay,slowheat_replay_partial_output_beta_30_budget_0.25,task_aware_final_accuracy,1223,0.009799999999999809
replay,slowheat_replay_partial_output_beta_30_budget_0.25,task_aware_final_accuracy,1523,0.01096000000000008
replay,slowheat_replay_partial_output_beta_30_budget_0.25,task_aware_final_accuracy,1823,0.013359999999999927
replay,slowheat_replay_partial_output_beta_30_budget_0.25,task_aware_final_accuracy,2129,0.008519999999999861
replay,slowheat_replay_partial_output_beta_30_budget_0.25,task_aware_final_accuracy,2423,0.009999999999999898
replay,slowheat_replay_partial_output_beta_30_budget_0.25,task_aware_final_accuracy,2729,0.010519999999999974
replay,slowheat_replay_partial_output_beta_30_budget_0.25,task_aware_final_accuracy,3037,0.006240000000000023
replay,slowheat_replay_partial_output_beta_30_budget_0.25,task_aware_forgetting,311,-0.017699999999999966
replay,slowheat_replay_partial_output_beta_30_budget_0.25,task_aware_forgetting,617,-0.016399999999999998
replay,slowheat_replay_partial_output_beta_30_budget_0.25,task_aware_forgetting,919,-0.018699999999999994
replay,slowheat_replay_partial_output_beta_30_budget_0.25,task_aware_forgetting,1223,-0.017600000000000005
replay,slowheat_replay_partial_output_beta_30_budget_0.25,task_aware_forgetting,1523,-0.02124999999999999
replay,slowheat_replay_partial_output_beta_30_budget_0.25,task_aware_forgetting,1823,-0.02059999999999995
replay,slowheat_replay_partial_output_beta_30_budget_0.25,task_aware_forgetting,2129,-0.01695000000000002
replay,slowheat_replay_partial_output_beta_30_budget_0.25,task_aware_forgetting,2423,-0.017499999999999988
replay,slowheat_replay_partial_output_beta_30_budget_0.25,task_aware_forgetting,2729,-0.018199999999999966
replay,slowheat_replay_partial_output_beta_30_budget_0.25,task_aware_forgetting,3037,-0.015699999999999964
replay,slowheat_replay_partial_output_beta_30_budget_0.25,classifier_gap,311,0.0
replay,slowheat_replay_partial_output_beta_30_budget_0.25,classifier_gap,617,0.0
replay,slowheat_replay_partial_output_beta_30_budget_0.25,classifier_gap,919,0.0
replay,slowheat_replay_partial_output_beta_30_budget_0.25,classifier_gap,1223,0.0
replay,slowheat_replay_partial_output_beta_30_budget_0.25,classifier_gap,1523,0.0
replay,slowheat_replay_partial_output_beta_30_budget_0.25,classifier_gap,1823,0.0
replay,slowheat_replay_partial_output_beta_30_budget_0.25,classifier_gap,2129,0.0
replay,slowheat_replay_partial_output_beta_30_budget_0.25,classifier_gap,2423,0.0
replay,slowheat_replay_partial_output_beta_30_budget_0.25,classifier_gap,2729,0.0
replay,slowheat_replay_partial_output_beta_30_budget_0.25,classifier_gap,3037,0.0
replay,slowheat_replay_partial_output_beta_30_budget_0.25,elapsed_seconds,311,11.365073999972083
replay,slowheat_replay_partial_output_beta_30_budget_0.25,elapsed_seconds,617,12.11823204898974
replay,slowheat_replay_partial_output_beta_30_budget_0.25,elapsed_seconds,919,12.303406922030263
replay,slowheat_replay_partial_output_beta_30_budget_0.25,elapsed_seconds,1223,11.419865631003631
replay,slowheat_replay_partial_output_beta_30_budget_0.25,elapsed_seconds,1523,12.160981390974484
replay,slowheat_replay_partial_output_beta_30_budget_0.25,elapsed_seconds,1823,11.509064498008229
replay,slowheat_replay_partial_output_beta_30_budget_0.25,elapsed_seconds,2129,11.73992721902323
replay,slowheat_replay_partial_output_beta_30_budget_0.25,elapsed_seconds,2423,12.706941148033366
replay,slowheat_replay_partial_output_beta_30_budget_0.25,elapsed_seconds,2729,11.619206255010795
replay,slowheat_replay_partial_output_beta_30_budget_0.25,elapsed_seconds,3037,12.05766983301146
replay,slowheat_replay_partial_output_beta_30_budget_0.25,learner_examples_processed,311,0.0
replay,slowheat_replay_partial_output_beta_30_budget_0.25,learner_examples_processed,617,0.0
replay,slowheat_replay_partial_output_beta_30_budget_0.25,learner_examples_processed,919,0.0
replay,slowheat_replay_partial_output_beta_30_budget_0.25,learner_examples_processed,1223,0.0
replay,slowheat_replay_partial_output_beta_30_budget_0.25,learner_examples_processed,1523,0.0
replay,slowheat_replay_partial_output_beta_30_budget_0.25,learner_examples_processed,1823,0.0
replay,slowheat_replay_partial_output_beta_30_budget_0.25,learner_examples_processed,2129,0.0
replay,slowheat_replay_partial_output_beta_30_budget_0.25,learner_examples_processed,2423,0.0
replay,slowheat_replay_partial_output_beta_30_budget_0.25,learner_examples_processed,2729,0.0
replay,slowheat_replay_partial_output_beta_30_budget_0.25,learner_examples_processed,3037,0.0
replay,slowheat_replay_partial_output_beta_30_budget_0.25,total_model_examples_processed,311,0.0
replay,slowheat_replay_partial_output_beta_30_budget_0.25,total_model_examples_processed,617,0.0
replay,slowheat_replay_partial_output_beta_30_budget_0.25,total_model_examples_processed,919,0.0
replay,slowheat_replay_partial_output_beta_30_budget_0.25,total_model_examples_processed,1223,0.0
replay,slowheat_replay_partial_output_beta_30_budget_0.25,total_model_examples_processed,1523,0.0
replay,slowheat_replay_partial_output_beta_30_budget_0.25,total_model_examples_processed,1823,0.0
replay,slowheat_replay_partial_output_beta_30_budget_0.25,total_model_examples_processed,2129,0.0
replay,slowheat_replay_partial_output_beta_30_budget_0.25,total_model_examples_processed,2423,0.0
replay,slowheat_replay_partial_output_beta_30_budget_0.25,total_model_examples_processed,2729,0.0
replay,slowheat_replay_partial_output_beta_30_budget_0.25,total_model_examples_processed,3037,0.0
replay,slowheat_replay_partial_output_beta_30_budget_0.25,estimated_total_flops,311,4319312660.0
replay,slowheat_replay_partial_output_beta_30_budget_0.25,estimated_total_flops,617,4319312660.0
replay,slowheat_replay_partial_output_beta_30_budget_0.25,estimated_total_flops,919,4319312660.0
replay,slowheat_replay_partial_output_beta_30_budget_0.25,estimated_total_flops,1223,4319312660.0
replay,slowheat_replay_partial_output_beta_30_budget_0.25,estimated_total_flops,1523,4319312660.0
replay,slowheat_replay_partial_output_beta_30_budget_0.25,estimated_total_flops,1823,4319312660.0
replay,slowheat_replay_partial_output_beta_30_budget_0.25,estimated_total_flops,2129,4319312660.0
replay,slowheat_replay_partial_output_beta_30_budget_0.25,estimated_total_flops,2423,4319312660.0
replay,slowheat_replay_partial_output_beta_30_budget_0.25,estimated_total_flops,2729,4319312660.0
replay,slowheat_replay_partial_output_beta_30_budget_0.25,estimated_total_flops,3037,4319312660.0
replay,slowheat_replay_partial_output_beta_30_budget_0.25,estimated_overhead_flops,311,4319312660.0
replay,slowheat_replay_partial_output_beta_30_budget_0.25,estimated_overhead_flops,617,4319312660.0
replay,slowheat_replay_partial_output_beta_30_budget_0.25,estimated_overhead_flops,919,4319312660.0
replay,slowheat_replay_partial_output_beta_30_budget_0.25,estimated_overhead_flops,1223,4319312660.0
replay,slowheat_replay_partial_output_beta_30_budget_0.25,estimated_overhead_flops,1523,4319312660.0
replay,slowheat_replay_partial_output_beta_30_budget_0.25,estimated_overhead_flops,1823,4319312660.0
replay,slowheat_replay_partial_output_beta_30_budget_0.25,estimated_overhead_flops,2129,4319312660.0
replay,slowheat_replay_partial_output_beta_30_budget_0.25,estimated_overhead_flops,2423,4319312660.0
replay,slowheat_replay_partial_output_beta_30_budget_0.25,estimated_overhead_flops,2729,4319312660.0
replay,slowheat_replay_partial_output_beta_30_budget_0.25,estimated_overhead_flops,3037,4319312660.0
replay,slowheat_replay_partial_output_beta_30_budget_0.25,replay_memory_bytes,311,0.0
replay,slowheat_replay_partial_output_beta_30_budget_0.25,replay_memory_bytes,617,0.0
replay,slowheat_replay_partial_output_beta_30_budget_0.25,replay_memory_bytes,919,0.0
replay,slowheat_replay_partial_output_beta_30_budget_0.25,replay_memory_bytes,1223,0.0
replay,slowheat_replay_partial_output_beta_30_budget_0.25,replay_memory_bytes,1523,0.0
replay,slowheat_replay_partial_output_beta_30_budget_0.25,replay_memory_bytes,1823,0.0
replay,slowheat_replay_partial_output_beta_30_budget_0.25,replay_memory_bytes,2129,0.0
replay,slowheat_replay_partial_output_beta_30_budget_0.25,replay_memory_bytes,2423,0.0
replay,slowheat_replay_partial_output_beta_30_budget_0.25,replay_memory_bytes,2729,0.0
replay,slowheat_replay_partial_output_beta_30_budget_0.25,replay_memory_bytes,3037,0.0
replay,slowheat_replay_partial_output_beta_30_budget_0.25,stored_logits_bytes,311,0.0
replay,slowheat_replay_partial_output_beta_30_budget_0.25,stored_logits_bytes,617,0.0
replay,slowheat_replay_partial_output_beta_30_budget_0.25,stored_logits_bytes,919,0.0
replay,slowheat_replay_partial_output_beta_30_budget_0.25,stored_logits_bytes,1223,0.0
replay,slowheat_replay_partial_output_beta_30_budget_0.25,stored_logits_bytes,1523,0.0
replay,slowheat_replay_partial_output_beta_30_budget_0.25,stored_logits_bytes,1823,0.0
replay,slowheat_replay_partial_output_beta_30_budget_0.25,stored_logits_bytes,2129,0.0
replay,slowheat_replay_partial_output_beta_30_budget_0.25,stored_logits_bytes,2423,0.0
replay,slowheat_replay_partial_output_beta_30_budget_0.25,stored_logits_bytes,2729,0.0
replay,slowheat_replay_partial_output_beta_30_budget_0.25,stored_logits_bytes,3037,0.0
replay,slowheat_replay_hidden_beta_30_budget_0.25_calibrated,final_average_accuracy,311,0.005639999999999978
replay,slowheat_replay_hidden_beta_30_budget_0.25_calibrated,final_average_accuracy,617,0.0036800000000001276
replay,slowheat_replay_hidden_beta_30_budget_0.25_calibrated,final_average_accuracy,919,0.008159999999999945
replay,slowheat_replay_hidden_beta_30_budget_0.25_calibrated,final_average_accuracy,1223,0.008199999999999985
replay,slowheat_replay_hidden_beta_30_budget_0.25_calibrated,final_average_accuracy,1523,0.005920000000000036
replay,slowheat_replay_hidden_beta_30_budget_0.25_calibrated,final_average_accuracy,1823,0.010159999999999947
replay,slowheat_replay_hidden_beta_30_budget_0.25_calibrated,final_average_accuracy,2129,0.0031199999999999006
replay,slowheat_replay_hidden_beta_30_budget_0.25_calibrated,final_average_accuracy,2423,0.005479999999999929
replay,slowheat_replay_hidden_beta_30_budget_0.25_calibrated,final_average_accuracy,2729,0.006680000000000019
replay,slowheat_replay_hidden_beta_30_budget_0.25_calibrated,final_average_accuracy,3037,0.005199999999999982
replay,slowheat_replay_hidden_beta_30_budget_0.25_calibrated,average_forgetting,311,-0.015099999999999975
replay,slowheat_replay_hidden_beta_30_budget_0.25_calibrated,average_forgetting,617,-0.00899999999999998
replay,slowheat_replay_hidden_beta_30_budget_0.25_calibrated,average_forgetting,919,-0.015349999999999975
replay,slowheat_replay_hidden_beta_30_budget_0.25_calibrated,average_forgetting,1223,-0.01510000000000003
replay,slowheat_replay_hidden_beta_30_budget_0.25_calibrated,average_forgetting,1523,-0.01444999999999999
replay,slowheat_replay_hidden_beta_30_budget_0.25_calibrated,average_forgetting,1823,-0.016049999999999953
replay,slowheat_replay_hidden_beta_30_budget_0.25_calibrated,average_forgetting,2129,-0.009600000000000025
replay,slowheat_replay_hidden_beta_30_budget_0.25_calibrated,average_forgetting,2423,-0.012950000000000045
replay,slowheat_replay_hidden_beta_30_budget_0.25_calibrated,average_forgetting,2729,-0.013099999999999945
replay,slowheat_replay_hidden_beta_30_budget_0.25_calibrated,average_forgetting,3037,-0.012550000000000006
replay,slowheat_replay_hidden_beta_30_budget_0.25_calibrated,backward_transfer,311,0.015099999999999975
replay,slowheat_replay_hidden_beta_30_budget_0.25_calibrated,backward_transfer,617,0.00899999999999998
replay,slowheat_replay_hidden_beta_30_budget_0.25_calibrated,backward_transfer,919,0.015349999999999975
replay,slowheat_replay_hidden_beta_30_budget_0.25_calibrated,backward_transfer,1223,0.01510000000000003
replay,slowheat_replay_hidden_beta_30_budget_0.25_calibrated,backward_transfer,1523,0.01444999999999999
replay,slowheat_replay_hidden_beta_30_budget_0.25_calibrated,backward_transfer,1823,0.016049999999999953
replay,slowheat_replay_hidden_beta_30_budget_0.25_calibrated,backward_transfer,2129,0.009600000000000025
replay,slowheat_replay_hidden_beta_30_budget_0.25_calibrated,backward_transfer,2423,0.012950000000000045
replay,slowheat_replay_hidden_beta_30_budget_0.25_calibrated,backward_transfer,2729,0.013099999999999945
replay,slowheat_replay_hidden_beta_30_budget_0.25_calibrated,backward_transfer,3037,0.01319999999999999
replay,slowheat_replay_hidden_beta_30_budget_0.25_calibrated,forward_transfer,311,0.000899999999999998
replay,slowheat_replay_hidden_beta_30_budget_0.25_calibrated,forward_transfer,617,-0.009349999999999997
replay,slowheat_replay_hidden_beta_30_budget_0.25_calibrated,forward_transfer,919,0.007750000000000007
replay,slowheat_replay_hidden_beta_30_budget_0.25_calibrated,forward_transfer,1223,-0.00325000000000001
replay,slowheat_replay_hidden_beta_30_budget_0.25_calibrated,forward_transfer,1523,-0.0009499999999999995
replay,slowheat_replay_hidden_beta_30_budget_0.25_calibrated,forward_transfer,1823,-0.008450000000000003
replay,slowheat_replay_hidden_beta_30_budget_0.25_calibrated,forward_transfer,2129,-0.012550000000000002
replay,slowheat_replay_hidden_beta_30_budget_0.25_calibrated,forward_transfer,2423,-0.005749999999999995
replay,slowheat_replay_hidden_beta_30_budget_0.25_calibrated,forward_transfer,2729,0.0013999999999999985
replay,slowheat_replay_hidden_beta_30_budget_0.25_calibrated,forward_transfer,3037,-0.00364999999999999
replay,slowheat_replay_hidden_beta_30_budget_0.25_calibrated,task_aware_final_accuracy,311,0.005639999999999978
replay,slowheat_replay_hidden_beta_30_budget_0.25_calibrated,task_aware_final_accuracy,617,0.0036800000000001276
replay,slowheat_replay_hidden_beta_30_budget_0.25_calibrated,task_aware_final_accuracy,919,0.008159999999999945
replay,slowheat_replay_hidden_beta_30_budget_0.25_calibrated,task_aware_final_accuracy,1223,0.008199999999999985
replay,slowheat_replay_hidden_beta_30_budget_0.25_calibrated,task_aware_final_accuracy,1523,0.005920000000000036
replay,slowheat_replay_hidden_beta_30_budget_0.25_calibrated,task_aware_final_accuracy,1823,0.010159999999999947
replay,slowheat_replay_hidden_beta_30_budget_0.25_calibrated,task_aware_final_accuracy,2129,0.0031199999999999006
replay,slowheat_replay_hidden_beta_30_budget_0.25_calibrated,task_aware_final_accuracy,2423,0.005479999999999929
replay,slowheat_replay_hidden_beta_30_budget_0.25_calibrated,task_aware_final_accuracy,2729,0.006680000000000019
replay,slowheat_replay_hidden_beta_30_budget_0.25_calibrated,task_aware_final_accuracy,3037,0.005199999999999982
replay,slowheat_replay_hidden_beta_30_budget_0.25_calibrated,task_aware_forgetting,311,-0.015099999999999975
replay,slowheat_replay_hidden_beta_30_budget_0.25_calibrated,task_aware_forgetting,617,-0.00899999999999998
replay,slowheat_replay_hidden_beta_30_budget_0.25_calibrated,task_aware_forgetting,919,-0.015349999999999975
replay,slowheat_replay_hidden_beta_30_budget_0.25_calibrated,task_aware_forgetting,1223,-0.01510000000000003
replay,slowheat_replay_hidden_beta_30_budget_0.25_calibrated,task_aware_forgetting,1523,-0.01444999999999999
replay,slowheat_replay_hidden_beta_30_budget_0.25_calibrated,task_aware_forgetting,1823,-0.016049999999999953
replay,slowheat_replay_hidden_beta_30_budget_0.25_calibrated,task_aware_forgetting,2129,-0.009600000000000025
replay,slowheat_replay_hidden_beta_30_budget_0.25_calibrated,task_aware_forgetting,2423,-0.012950000000000045
replay,slowheat_replay_hidden_beta_30_budget_0.25_calibrated,task_aware_forgetting,2729,-0.013099999999999945
replay,slowheat_replay_hidden_beta_30_budget_0.25_calibrated,task_aware_forgetting,3037,-0.012550000000000006
replay,slowheat_replay_hidden_beta_30_budget_0.25_calibrated,classifier_gap,311,0.0
replay,slowheat_replay_hidden_beta_30_budget_0.25_calibrated,classifier_gap,617,0.0
replay,slowheat_replay_hidden_beta_30_budget_0.25_calibrated,classifier_gap,919,0.0
replay,slowheat_replay_hidden_beta_30_budget_0.25_calibrated,classifier_gap,1223,0.0
replay,slowheat_replay_hidden_beta_30_budget_0.25_calibrated,classifier_gap,1523,0.0
replay,slowheat_replay_hidden_beta_30_budget_0.25_calibrated,classifier_gap,1823,0.0
replay,slowheat_replay_hidden_beta_30_budget_0.25_calibrated,classifier_gap,2129,0.0
replay,slowheat_replay_hidden_beta_30_budget_0.25_calibrated,classifier_gap,2423,0.0
replay,slowheat_replay_hidden_beta_30_budget_0.25_calibrated,classifier_gap,2729,0.0
replay,slowheat_replay_hidden_beta_30_budget_0.25_calibrated,classifier_gap,3037,0.0
replay,slowheat_replay_hidden_beta_30_budget_0.25_calibrated,elapsed_seconds,311,8.220578837994253
replay,slowheat_replay_hidden_beta_30_budget_0.25_calibrated,elapsed_seconds,617,8.784374873008346
replay,slowheat_replay_hidden_beta_30_budget_0.25_calibrated,elapsed_seconds,919,8.943824716028757
replay,slowheat_replay_hidden_beta_30_budget_0.25_calibrated,elapsed_seconds,1223,7.95617253400269
replay,slowheat_replay_hidden_beta_30_budget_0.25_calibrated,elapsed_seconds,1523,8.894711369997822
replay,slowheat_replay_hidden_beta_30_budget_0.25_calibrated,elapsed_seconds,1823,8.146951942006126
replay,slowheat_replay_hidden_beta_30_budget_0.25_calibrated,elapsed_seconds,2129,8.146153578010853
replay,slowheat_replay_hidden_beta_30_budget_0.25_calibrated,elapsed_seconds,2423,9.342005214013625
replay,slowheat_replay_hidden_beta_30_budget_0.25_calibrated,elapsed_seconds,2729,8.220481213997118
replay,slowheat_replay_hidden_beta_30_budget_0.25_calibrated,elapsed_seconds,3037,8.519182632007869
replay,slowheat_replay_hidden_beta_30_budget_0.25_calibrated,learner_examples_processed,311,0.0
replay,slowheat_replay_hidden_beta_30_budget_0.25_calibrated,learner_examples_processed,617,0.0
replay,slowheat_replay_hidden_beta_30_budget_0.25_calibrated,learner_examples_processed,919,0.0
replay,slowheat_replay_hidden_beta_30_budget_0.25_calibrated,learner_examples_processed,1223,0.0
replay,slowheat_replay_hidden_beta_30_budget_0.25_calibrated,learner_examples_processed,1523,0.0
replay,slowheat_replay_hidden_beta_30_budget_0.25_calibrated,learner_examples_processed,1823,0.0
replay,slowheat_replay_hidden_beta_30_budget_0.25_calibrated,learner_examples_processed,2129,0.0
replay,slowheat_replay_hidden_beta_30_budget_0.25_calibrated,learner_examples_processed,2423,0.0
replay,slowheat_replay_hidden_beta_30_budget_0.25_calibrated,learner_examples_processed,2729,0.0
replay,slowheat_replay_hidden_beta_30_budget_0.25_calibrated,learner_examples_processed,3037,0.0
replay,slowheat_replay_hidden_beta_30_budget_0.25_calibrated,total_model_examples_processed,311,0.0
replay,slowheat_replay_hidden_beta_30_budget_0.25_calibrated,total_model_examples_processed,617,0.0
replay,slowheat_replay_hidden_beta_30_budget_0.25_calibrated,total_model_examples_processed,919,0.0
replay,slowheat_replay_hidden_beta_30_budget_0.25_calibrated,total_model_examples_processed,1223,0.0
replay,slowheat_replay_hidden_beta_30_budget_0.25_calibrated,total_model_examples_processed,1523,0.0
replay,slowheat_replay_hidden_beta_30_budget_0.25_calibrated,total_model_examples_processed,1823,0.0
replay,slowheat_replay_hidden_beta_30_budget_0.25_calibrated,total_model_examples_processed,2129,0.0
replay,slowheat_replay_hidden_beta_30_budget_0.25_calibrated,total_model_examples_processed,2423,0.0
replay,slowheat_replay_hidden_beta_30_budget_0.25_calibrated,total_model_examples_processed,2729,0.0
replay,slowheat_replay_hidden_beta_30_budget_0.25_calibrated,total_model_examples_processed,3037,0.0
replay,slowheat_replay_hidden_beta_30_budget_0.25_calibrated,estimated_total_flops,311,4280847360.0
replay,slowheat_replay_hidden_beta_30_budget_0.25_calibrated,estimated_total_flops,617,4280847360.0
replay,slowheat_replay_hidden_beta_30_budget_0.25_calibrated,estimated_total_flops,919,4280847360.0
replay,slowheat_replay_hidden_beta_30_budget_0.25_calibrated,estimated_total_flops,1223,4280847360.0
replay,slowheat_replay_hidden_beta_30_budget_0.25_calibrated,estimated_total_flops,1523,4280847360.0
replay,slowheat_replay_hidden_beta_30_budget_0.25_calibrated,estimated_total_flops,1823,4280847360.0
replay,slowheat_replay_hidden_beta_30_budget_0.25_calibrated,estimated_total_flops,2129,4280847360.0
replay,slowheat_replay_hidden_beta_30_budget_0.25_calibrated,estimated_total_flops,2423,4280847360.0
replay,slowheat_replay_hidden_beta_30_budget_0.25_calibrated,estimated_total_flops,2729,4280847360.0
replay,slowheat_replay_hidden_beta_30_budget_0.25_calibrated,estimated_total_flops,3037,4280847360.0
replay,slowheat_replay_hidden_beta_30_budget_0.25_calibrated,estimated_overhead_flops,311,4280847360.0
replay,slowheat_replay_hidden_beta_30_budget_0.25_calibrated,estimated_overhead_flops,617,4280847360.0
replay,slowheat_replay_hidden_beta_30_budget_0.25_calibrated,estimated_overhead_flops,919,4280847360.0
replay,slowheat_replay_hidden_beta_30_budget_0.25_calibrated,estimated_overhead_flops,1223,4280847360.0
replay,slowheat_replay_hidden_beta_30_budget_0.25_calibrated,estimated_overhead_flops,1523,4280847360.0
replay,slowheat_replay_hidden_beta_30_budget_0.25_calibrated,estimated_overhead_flops,1823,4280847360.0
replay,slowheat_replay_hidden_beta_30_budget_0.25_calibrated,estimated_overhead_flops,2129,4280847360.0
replay,slowheat_replay_hidden_beta_30_budget_0.25_calibrated,estimated_overhead_flops,2423,4280847360.0
replay,slowheat_replay_hidden_beta_30_budget_0.25_calibrated,estimated_overhead_flops,2729,4280847360.0
replay,slowheat_replay_hidden_beta_30_budget_0.25_calibrated,estimated_overhead_flops,3037,4280847360.0
replay,slowheat_replay_hidden_beta_30_budget_0.25_calibrated,replay_memory_bytes,311,0.0
replay,slowheat_replay_hidden_beta_30_budget_0.25_calibrated,replay_memory_bytes,617,0.0
replay,slowheat_replay_hidden_beta_30_budget_0.25_calibrated,replay_memory_bytes,919,0.0
replay,slowheat_replay_hidden_beta_30_budget_0.25_calibrated,replay_memory_bytes,1223,0.0
replay,slowheat_replay_hidden_beta_30_budget_0.25_calibrated,replay_memory_bytes,1523,0.0
replay,slowheat_replay_hidden_beta_30_budget_0.25_calibrated,replay_memory_bytes,1823,0.0
replay,slowheat_replay_hidden_beta_30_budget_0.25_calibrated,replay_memory_bytes,2129,0.0
replay,slowheat_replay_hidden_beta_30_budget_0.25_calibrated,replay_memory_bytes,2423,0.0
replay,slowheat_replay_hidden_beta_30_budget_0.25_calibrated,replay_memory_bytes,2729,0.0
replay,slowheat_replay_hidden_beta_30_budget_0.25_calibrated,replay_memory_bytes,3037,0.0
replay,slowheat_replay_hidden_beta_30_budget_0.25_calibrated,stored_logits_bytes,311,0.0
replay,slowheat_replay_hidden_beta_30_budget_0.25_calibrated,stored_logits_bytes,617,0.0
replay,slowheat_replay_hidden_beta_30_budget_0.25_calibrated,stored_logits_bytes,919,0.0
replay,slowheat_replay_hidden_beta_30_budget_0.25_calibrated,stored_logits_bytes,1223,0.0
replay,slowheat_replay_hidden_beta_30_budget_0.25_calibrated,stored_logits_bytes,1523,0.0
replay,slowheat_replay_hidden_beta_30_budget_0.25_calibrated,stored_logits_bytes,1823,0.0
replay,slowheat_replay_hidden_beta_30_budget_0.25_calibrated,stored_logits_bytes,2129,0.0
replay,slowheat_replay_hidden_beta_30_budget_0.25_calibrated,stored_logits_bytes,2423,0.0
replay,slowheat_replay_hidden_beta_30_budget_0.25_calibrated,stored_logits_bytes,2729,0.0
replay,slowheat_replay_hidden_beta_30_budget_0.25_calibrated,stored_logits_bytes,3037,0.0
derpp,vanilla,final_average_accuracy,311,-0.23204000000000002
derpp,vanilla,final_average_accuracy,617,-0.2544399999999999
derpp,vanilla,final_average_accuracy,919,-0.23243999999999998
derpp,vanilla,final_average_accuracy,1223,-0.24859999999999993
derpp,vanilla,final_average_accuracy,1523,-0.26971999999999996
derpp,vanilla,final_average_accuracy,1823,-0.24895999999999996
derpp,vanilla,final_average_accuracy,2129,-0.21816000000000002
derpp,vanilla,final_average_accuracy,2423,-0.21488000000000007
derpp,vanilla,final_average_accuracy,2729,-0.17919999999999991
derpp,vanilla,final_average_accuracy,3037,-0.25548000000000004
derpp,vanilla,average_forgetting,311,0.28995000000000004
derpp,vanilla,average_forgetting,617,0.31875
derpp,vanilla,average_forgetting,919,0.29120000000000007
derpp,vanilla,average_forgetting,1223,0.31089999999999995
derpp,vanilla,average_forgetting,1523,0.33930000000000005
derpp,vanilla,average_forgetting,1823,0.31344999999999995
derpp,vanilla,average_forgetting,2129,0.2741
derpp,vanilla,average_forgetting,2423,0.2684000000000001
derpp,vanilla,average_forgetting,2729,0.22680000000000003
derpp,vanilla,average_forgetting,3037,0.32135
derpp,vanilla,backward_transfer,311,-0.28995000000000004
derpp,vanilla,backward_transfer,617,-0.31875
derpp,vanilla,backward_transfer,919,-0.29120000000000007
derpp,vanilla,backward_transfer,1223,-0.31089999999999995
derpp,vanilla,backward_transfer,1523,-0.33930000000000005
derpp,vanilla,backward_transfer,1823,-0.31344999999999995
derpp,vanilla,backward_transfer,2129,-0.2741
derpp,vanilla,backward_transfer,2423,-0.26860000000000006
derpp,vanilla,backward_transfer,2729,-0.22680000000000003
derpp,vanilla,backward_transfer,3037,-0.32135
derpp,vanilla,forward_transfer,311,-0.0041499999999999974
derpp,vanilla,forward_transfer,617,0.012200000000000006
derpp,vanilla,forward_transfer,919,-0.0024999999999999988
derpp,vanilla,forward_transfer,1223,-0.0006499999999999995
derpp,vanilla,forward_transfer,1523,-0.003449999999999998
derpp,vanilla,forward_transfer,1823,0.008400000000000001
derpp,vanilla,forward_transfer,2129,0.009099999999999997
derpp,vanilla,forward_transfer,2423,-0.002149999999999999
derpp,vanilla,forward_transfer,2729,0.00920000000000001
derpp,vanilla,forward_transfer,3037,0.010050000000000007
derpp,vanilla,task_aware_final_accuracy,311,-0.23204000000000002
derpp,vanilla,task_aware_final_accuracy,617,-0.2544399999999999
derpp,vanilla,task_aware_final_accuracy,919,-0.23243999999999998
derpp,vanilla,task_aware_final_accuracy,1223,-0.24859999999999993
derpp,vanilla,task_aware_final_accuracy,1523,-0.26971999999999996
derpp,vanilla,task_aware_final_accuracy,1823,-0.24895999999999996
derpp,vanilla,task_aware_final_accuracy,2129,-0.21816000000000002
derpp,vanilla,task_aware_final_accuracy,2423,-0.21488000000000007
derpp,vanilla,task_aware_final_accuracy,2729,-0.17919999999999991
derpp,vanilla,task_aware_final_accuracy,3037,-0.25548000000000004
derpp,vanilla,task_aware_forgetting,311,0.28995000000000004
derpp,vanilla,task_aware_forgetting,617,0.31875
derpp,vanilla,task_aware_forgetting,919,0.29120000000000007
derpp,vanilla,task_aware_forgetting,1223,0.31089999999999995
derpp,vanilla,task_aware_forgetting,1523,0.33930000000000005
derpp,vanilla,task_aware_forgetting,1823,0.31344999999999995
derpp,vanilla,task_aware_forgetting,2129,0.2741
derpp,vanilla,task_aware_forgetting,2423,0.2684000000000001
derpp,vanilla,task_aware_forgetting,2729,0.22680000000000003
derpp,vanilla,task_aware_forgetting,3037,0.32135
derpp,vanilla,classifier_gap,311,0.0
derpp,vanilla,classifier_gap,617,0.0
derpp,vanilla,classifier_gap,919,0.0
derpp,vanilla,classifier_gap,1223,0.0
derpp,vanilla,classifier_gap,1523,0.0
derpp,vanilla,classifier_gap,1823,0.0
derpp,vanilla,classifier_gap,2129,0.0
derpp,vanilla,classifier_gap,2423,0.0
derpp,vanilla,classifier_gap,2729,0.0
derpp,vanilla,classifier_gap,3037,0.0
derpp,vanilla,elapsed_seconds,311,-4.829093931999523
derpp,vanilla,elapsed_seconds,617,-4.19825868398766
derpp,vanilla,elapsed_seconds,919,-4.348857076023705
derpp,vanilla,elapsed_seconds,1223,-5.140414107008837
derpp,vanilla,elapsed_seconds,1523,-5.166663331008749
derpp,vanilla,elapsed_seconds,1823,-5.594239098019898
derpp,vanilla,elapsed_seconds,2129,-5.36511850298848
derpp,vanilla,elapsed_seconds,2423,-4.953865578980185
derpp,vanilla,elapsed_seconds,2729,-4.273489701998187
derpp,vanilla,elapsed_seconds,3037,-4.799382263969164
derpp,vanilla,learner_examples_processed,311,-202240.0
derpp,vanilla,learner_examples_processed,617,-202240.0
derpp,vanilla,learner_examples_processed,919,-202240.0
derpp,vanilla,learner_examples_processed,1223,-202240.0
derpp,vanilla,learner_examples_processed,1523,-202240.0
derpp,vanilla,learner_examples_processed,1823,-202240.0
derpp,vanilla,learner_examples_processed,2129,-202240.0
derpp,vanilla,learner_examples_processed,2423,-202240.0
derpp,vanilla,learner_examples_processed,2729,-202240.0
derpp,vanilla,learner_examples_processed,3037,-202240.0
derpp,vanilla,total_model_examples_processed,311,-202240.0
derpp,vanilla,total_model_examples_processed,617,-202240.0
derpp,vanilla,total_model_examples_processed,919,-202240.0
derpp,vanilla,total_model_examples_processed,1223,-202240.0
derpp,vanilla,total_model_examples_processed,1523,-202240.0
derpp,vanilla,total_model_examples_processed,1823,-202240.0
derpp,vanilla,total_model_examples_processed,2129,-202240.0
derpp,vanilla,total_model_examples_processed,2423,-202240.0
derpp,vanilla,total_model_examples_processed,2729,-202240.0
derpp,vanilla,total_model_examples_processed,3037,-202240.0
derpp,vanilla,estimated_total_flops,311,-649238937600.0
derpp,vanilla,estimated_total_flops,617,-649238937600.0
derpp,vanilla,estimated_total_flops,919,-649238937600.0
derpp,vanilla,estimated_total_flops,1223,-649238937600.0
derpp,vanilla,estimated_total_flops,1523,-649238937600.0
derpp,vanilla,estimated_total_flops,1823,-649238937600.0
derpp,vanilla,estimated_total_flops,2129,-649238937600.0
derpp,vanilla,estimated_total_flops,2423,-649238937600.0
derpp,vanilla,estimated_total_flops,2729,-649238937600.0
derpp,vanilla,estimated_total_flops,3037,-649238937600.0
derpp,vanilla,estimated_overhead_flops,311,0.0
derpp,vanilla,estimated_overhead_flops,617,0.0
derpp,vanilla,estimated_overhead_flops,919,0.0
derpp,vanilla,estimated_overhead_flops,1223,0.0
derpp,vanilla,estimated_overhead_flops,1523,0.0
derpp,vanilla,estimated_overhead_flops,1823,0.0
derpp,vanilla,estimated_overhead_flops,2129,0.0
derpp,vanilla,estimated_overhead_flops,2423,0.0
derpp,vanilla,estimated_overhead_flops,2729,0.0
derpp,vanilla,estimated_overhead_flops,3037,0.0
derpp,vanilla,replay_memory_bytes,311,-628800.0
derpp,vanilla,replay_memory_bytes,617,-628800.0
derpp,vanilla,replay_memory_bytes,919,-628800.0
derpp,vanilla,replay_memory_bytes,1223,-628800.0
derpp,vanilla,replay_memory_bytes,1523,-628800.0
derpp,vanilla,replay_memory_bytes,1823,-628800.0
derpp,vanilla,replay_memory_bytes,2129,-628800.0
derpp,vanilla,replay_memory_bytes,2423,-628800.0
derpp,vanilla,replay_memory_bytes,2729,-628800.0
derpp,vanilla,replay_memory_bytes,3037,-628800.0
derpp,vanilla,stored_logits_bytes,311,-8000.0
derpp,vanilla,stored_logits_bytes,617,-8000.0
derpp,vanilla,stored_logits_bytes,919,-8000.0
derpp,vanilla,stored_logits_bytes,1223,-8000.0
derpp,vanilla,stored_logits_bytes,1523,-8000.0
derpp,vanilla,stored_logits_bytes,1823,-8000.0
derpp,vanilla,stored_logits_bytes,2129,-8000.0
derpp,vanilla,stored_logits_bytes,2423,-8000.0
derpp,vanilla,stored_logits_bytes,2729,-8000.0
derpp,vanilla,stored_logits_bytes,3037,-8000.0
derpp,slowheat,final_average_accuracy,311,-0.08064000000000004
derpp,slowheat,final_average_accuracy,617,-0.05871999999999988
derpp,slowheat,final_average_accuracy,919,-0.07455999999999996
derpp,slowheat,final_average_accuracy,1223,-0.07823999999999987
derpp,slowheat,final_average_accuracy,1523,-0.09455999999999998
derpp,slowheat,final_average_accuracy,1823,-0.05840000000000001
derpp,slowheat,final_average_accuracy,2129,-0.06988000000000005
derpp,slowheat,final_average_accuracy,2423,-0.08979999999999988
derpp,slowheat,final_average_accuracy,2729,-0.05871999999999988
derpp,slowheat,final_average_accuracy,3037,-0.07103999999999999
derpp,slowheat,average_forgetting,311,0.09240000000000001
derpp,slowheat,average_forgetting,617,0.06990000000000002
derpp,slowheat,average_forgetting,919,0.08830000000000005
derpp,slowheat,average_forgetting,1223,0.09514999999999996
derpp,slowheat,average_forgetting,1523,0.11375000000000002
derpp,slowheat,average_forgetting,1823,0.07125000000000001
derpp,slowheat,average_forgetting,2129,0.08355000000000001
derpp,slowheat,average_forgetting,2423,0.10650000000000001
derpp,slowheat,average_forgetting,2729,0.07095000000000004
derpp,slowheat,average_forgetting,3037,0.08465000000000006
derpp,slowheat,backward_transfer,311,-0.09240000000000001
derpp,slowheat,backward_transfer,617,-0.06990000000000002
derpp,slowheat,backward_transfer,919,-0.08830000000000005
derpp,slowheat,backward_transfer,1223,-0.09514999999999996
derpp,slowheat,backward_transfer,1523,-0.11375000000000002
derpp,slowheat,backward_transfer,1823,-0.07125000000000001
derpp,slowheat,backward_transfer,2129,-0.08355000000000001
derpp,slowheat,backward_transfer,2423,-0.10670000000000002
derpp,slowheat,backward_transfer,2729,-0.07095000000000004
derpp,slowheat,backward_transfer,3037,-0.08465000000000006
derpp,slowheat,forward_transfer,311,-0.013699999999999993
derpp,slowheat,forward_transfer,617,-0.0012499999999999976
derpp,slowheat,forward_transfer,919,0.003550000000000001
derpp,slowheat,forward_transfer,1223,0.0021500000000000043
derpp,slowheat,forward_transfer,1523,-0.005800000000000003
derpp,slowheat,forward_transfer,1823,-0.002749999999999999
derpp,slowheat,forward_transfer,2129,-0.005250000000000005
derpp,slowheat,forward_transfer,2423,0.002599999999999998
derpp,slowheat,forward_transfer,2729,0.01135000000000001
derpp,slowheat,forward_transfer,3037,-0.0011999999999999962
derpp,slowheat,task_aware_final_accuracy,311,-0.08064000000000004
derpp,slowheat,task_aware_final_accuracy,617,-0.05871999999999988
derpp,slowheat,task_aware_final_accuracy,919,-0.07455999999999996
derpp,slowheat,task_aware_final_accuracy,1223,-0.07823999999999987
derpp,slowheat,task_aware_final_accuracy,1523,-0.09455999999999998
derpp,slowheat,task_aware_final_accuracy,1823,-0.05840000000000001
derpp,slowheat,task_aware_final_accuracy,2129,-0.06988000000000005
derpp,slowheat,task_aware_final_accuracy,2423,-0.08979999999999988
derpp,slowheat,task_aware_final_accuracy,2729,-0.05871999999999988
derpp,slowheat,task_aware_final_accuracy,3037,-0.07103999999999999
derpp,slowheat,task_aware_forgetting,311,0.09240000000000001
derpp,slowheat,task_aware_forgetting,617,0.06990000000000002
derpp,slowheat,task_aware_forgetting,919,0.08830000000000005
derpp,slowheat,task_aware_forgetting,1223,0.09514999999999996
derpp,slowheat,task_aware_forgetting,1523,0.11375000000000002
derpp,slowheat,task_aware_forgetting,1823,0.07125000000000001
derpp,slowheat,task_aware_forgetting,2129,0.08355000000000001
derpp,slowheat,task_aware_forgetting,2423,0.10650000000000001
derpp,slowheat,task_aware_forgetting,2729,0.07095000000000004
derpp,slowheat,task_aware_forgetting,3037,0.08465000000000006
derpp,slowheat,classifier_gap,311,0.0
derpp,slowheat,classifier_gap,617,0.0
derpp,slowheat,classifier_gap,919,0.0
derpp,slowheat,classifier_gap,1223,0.0
derpp,slowheat,classifier_gap,1523,0.0
derpp,slowheat,classifier_gap,1823,0.0
derpp,slowheat,classifier_gap,2129,0.0
derpp,slowheat,classifier_gap,2423,0.0
derpp,slowheat,classifier_gap,2729,0.0
derpp,slowheat,classifier_gap,3037,0.0
derpp,slowheat,elapsed_seconds,311,7.151980424998328
derpp,slowheat,elapsed_seconds,617,7.1607413809979334
derpp,slowheat,elapsed_seconds,919,6.861606302001746
derpp,slowheat,elapsed_seconds,1223,6.208562468003947
derpp,slowheat,elapsed_seconds,1523,6.285544943006244
derpp,slowheat,elapsed_seconds,1823,6.286663354985649
derpp,slowheat,elapsed_seconds,2129,5.875704024016159
derpp,slowheat,elapsed_seconds,2423,6.6064949719875585
derpp,slowheat,elapsed_seconds,2729,6.827267054992262
derpp,slowheat,elapsed_seconds,3037,6.739165056031197
derpp,slowheat,learner_examples_processed,311,-202240.0
derpp,slowheat,learner_examples_processed,617,-202240.0
derpp,slowheat,learner_examples_processed,919,-202240.0
derpp,slowheat,learner_examples_processed,1223,-202240.0
derpp,slowheat,learner_examples_processed,1523,-202240.0
derpp,slowheat,learner_examples_processed,1823,-202240.0
derpp,slowheat,learner_examples_processed,2129,-202240.0
derpp,slowheat,learner_examples_processed,2423,-202240.0
derpp,slowheat,learner_examples_processed,2729,-202240.0
derpp,slowheat,learner_examples_processed,3037,-202240.0
derpp,slowheat,total_model_examples_processed,311,-202240.0
derpp,slowheat,total_model_examples_processed,617,-202240.0
derpp,slowheat,total_model_examples_processed,919,-202240.0
derpp,slowheat,total_model_examples_processed,1223,-202240.0
derpp,slowheat,total_model_examples_processed,1523,-202240.0
derpp,slowheat,total_model_examples_processed,1823,-202240.0
derpp,slowheat,total_model_examples_processed,2129,-202240.0
derpp,slowheat,total_model_examples_processed,2423,-202240.0
derpp,slowheat,total_model_examples_processed,2729,-202240.0
derpp,slowheat,total_model_examples_processed,3037,-202240.0
derpp,slowheat,estimated_total_flops,311,-645548995820.0
derpp,slowheat,estimated_total_flops,617,-645548995820.0
derpp,slowheat,estimated_total_flops,919,-645548995820.0
derpp,slowheat,estimated_total_flops,1223,-645548995820.0
derpp,slowheat,estimated_total_flops,1523,-645548995820.0
derpp,slowheat,estimated_total_flops,1823,-645548995820.0
derpp,slowheat,estimated_total_flops,2129,-645548995820.0
derpp,slowheat,estimated_total_flops,2423,-645548995820.0
derpp,slowheat,estimated_total_flops,2729,-645548995820.0
derpp,slowheat,estimated_total_flops,3037,-645548995820.0
derpp,slowheat,estimated_overhead_flops,311,3689941780.0
derpp,slowheat,estimated_overhead_flops,617,3689941780.0
derpp,slowheat,estimated_overhead_flops,919,3689941780.0
derpp,slowheat,estimated_overhead_flops,1223,3689941780.0
derpp,slowheat,estimated_overhead_flops,1523,3689941780.0
derpp,slowheat,estimated_overhead_flops,1823,3689941780.0
derpp,slowheat,estimated_overhead_flops,2129,3689941780.0
derpp,slowheat,estimated_overhead_flops,2423,3689941780.0
derpp,slowheat,estimated_overhead_flops,2729,3689941780.0
derpp,slowheat,estimated_overhead_flops,3037,3689941780.0
derpp,slowheat,replay_memory_bytes,311,-628800.0
derpp,slowheat,replay_memory_bytes,617,-628800.0
derpp,slowheat,replay_memory_bytes,919,-628800.0
derpp,slowheat,replay_memory_bytes,1223,-628800.0
derpp,slowheat,replay_memory_bytes,1523,-628800.0
derpp,slowheat,replay_memory_bytes,1823,-628800.0
derpp,slowheat,replay_memory_bytes,2129,-628800.0
derpp,slowheat,replay_memory_bytes,2423,-628800.0
derpp,slowheat,replay_memory_bytes,2729,-628800.0
derpp,slowheat,replay_memory_bytes,3037,-628800.0
derpp,slowheat,stored_logits_bytes,311,-8000.0
derpp,slowheat,stored_logits_bytes,617,-8000.0
derpp,slowheat,stored_logits_bytes,919,-8000.0
derpp,slowheat,stored_logits_bytes,1223,-8000.0
derpp,slowheat,stored_logits_bytes,1523,-8000.0
derpp,slowheat,stored_logits_bytes,1823,-8000.0
derpp,slowheat,stored_logits_bytes,2129,-8000.0
derpp,slowheat,stored_logits_bytes,2423,-8000.0
derpp,slowheat,stored_logits_bytes,2729,-8000.0
derpp,slowheat,stored_logits_bytes,3037,-8000.0
derpp,slowheat_beta_10,final_average_accuracy,311,-0.10124
derpp,slowheat_beta_10,final_average_accuracy,617,-0.09611999999999976
derpp,slowheat_beta_10,final_average_accuracy,919,-0.10483999999999993
derpp,slowheat_beta_10,final_average_accuracy,1223,-0.10460000000000003
derpp,slowheat_beta_10,final_average_accuracy,1523,-0.12508000000000008
derpp,slowheat_beta_10,final_average_accuracy,1823,-0.10539999999999983
derpp,slowheat_beta_10,final_average_accuracy,2129,-0.08043999999999996
derpp,slowheat_beta_10,final_average_accuracy,2423,-0.11271999999999993
derpp,slowheat_beta_10,final_average_accuracy,2729,-0.09195999999999982
derpp,slowheat_beta_10,final_average_accuracy,3037,-0.10771999999999993
derpp,slowheat_beta_10,average_forgetting,311,0.12144999999999995
derpp,slowheat_beta_10,average_forgetting,617,0.11679999999999996
derpp,slowheat_beta_10,average_forgetting,919,0.12785000000000005
derpp,slowheat_beta_10,average_forgetting,1223,0.12890000000000001
derpp,slowheat_beta_10,average_forgetting,1523,0.15345000000000003
derpp,slowheat_beta_10,average_forgetting,1823,0.13145
derpp,slowheat_beta_10,average_forgetting,2129,0.09744999999999998
derpp,slowheat_beta_10,average_forgetting,2423,0.13785
derpp,slowheat_beta_10,average_forgetting,2729,0.11575000000000002
derpp,slowheat_beta_10,average_forgetting,3037,0.13305
derpp,slowheat_beta_10,backward_transfer,311,-0.12144999999999995
derpp,slowheat_beta_10,backward_transfer,617,-0.11679999999999996
derpp,slowheat_beta_10,backward_transfer,919,-0.12785000000000005
derpp,slowheat_beta_10,backward_transfer,1223,-0.12890000000000001
derpp,slowheat_beta_10,backward_transfer,1523,-0.15345000000000003
derpp,slowheat_beta_10,backward_transfer,1823,-0.13145
derpp,slowheat_beta_10,backward_transfer,2129,-0.09744999999999998
derpp,slowheat_beta_10,backward_transfer,2423,-0.13805
derpp,slowheat_beta_10,backward_transfer,2729,-0.11575000000000002
derpp,slowheat_beta_10,backward_transfer,3037,-0.13305
derpp,slowheat_beta_10,forward_transfer,311,0.0006500000000000047
derpp,slowheat_beta_10,forward_transfer,617,-0.0011000000000000003
derpp,slowheat_beta_10,forward_transfer,919,-0.0011000000000000038
derpp,slowheat_beta_10,forward_transfer,1223,0.0018500000000000027
derpp,slowheat_beta_10,forward_transfer,1523,-0.010750000000000006
derpp,slowheat_beta_10,forward_transfer,1823,0.005249999999999998
derpp,slowheat_beta_10,forward_transfer,2129,-0.007800000000000001
derpp,slowheat_beta_10,forward_transfer,2423,-0.0038499999999999993
derpp,slowheat_beta_10,forward_transfer,2729,0.011300000000000008
derpp,slowheat_beta_10,forward_transfer,3037,-0.0010000000000000009
derpp,slowheat_beta_10,task_aware_final_accuracy,311,-0.10124
derpp,slowheat_beta_10,task_aware_final_accuracy,617,-0.09611999999999976
derpp,slowheat_beta_10,task_aware_final_accuracy,919,-0.10483999999999993
derpp,slowheat_beta_10,task_aware_final_accuracy,1223,-0.10460000000000003
derpp,slowheat_beta_10,task_aware_final_accuracy,1523,-0.12508000000000008
derpp,slowheat_beta_10,task_aware_final_accuracy,1823,-0.10539999999999983
derpp,slowheat_beta_10,task_aware_final_accuracy,2129,-0.08043999999999996
derpp,slowheat_beta_10,task_aware_final_accuracy,2423,-0.11271999999999993
derpp,slowheat_beta_10,task_aware_final_accuracy,2729,-0.09195999999999982
derpp,slowheat_beta_10,task_aware_final_accuracy,3037,-0.10771999999999993
derpp,slowheat_beta_10,task_aware_forgetting,311,0.12144999999999995
derpp,slowheat_beta_10,task_aware_forgetting,617,0.11679999999999996
derpp,slowheat_beta_10,task_aware_forgetting,919,0.12785000000000005
derpp,slowheat_beta_10,task_aware_forgetting,1223,0.12890000000000001
derpp,slowheat_beta_10,task_aware_forgetting,1523,0.15345000000000003
derpp,slowheat_beta_10,task_aware_forgetting,1823,0.13145
derpp,slowheat_beta_10,task_aware_forgetting,2129,0.09744999999999998
derpp,slowheat_beta_10,task_aware_forgetting,2423,0.13785
derpp,slowheat_beta_10,task_aware_forgetting,2729,0.11575000000000002
derpp,slowheat_beta_10,task_aware_forgetting,3037,0.13305
derpp,slowheat_beta_10,classifier_gap,311,0.0
derpp,slowheat_beta_10,classifier_gap,617,0.0
derpp,slowheat_beta_10,classifier_gap,919,0.0
derpp,slowheat_beta_10,classifier_gap,1223,0.0
derpp,slowheat_beta_10,classifier_gap,1523,0.0
derpp,slowheat_beta_10,classifier_gap,1823,0.0
derpp,slowheat_beta_10,classifier_gap,2129,0.0
derpp,slowheat_beta_10,classifier_gap,2423,0.0
derpp,slowheat_beta_10,classifier_gap,2729,0.0
derpp,slowheat_beta_10,classifier_gap,3037,0.0
derpp,slowheat_beta_10,elapsed_seconds,311,7.18653720500879
derpp,slowheat_beta_10,elapsed_seconds,617,7.178104168007849
derpp,slowheat_beta_10,elapsed_seconds,919,6.956711909006117
derpp,slowheat_beta_10,elapsed_seconds,1223,6.249002543016104
derpp,slowheat_beta_10,elapsed_seconds,1523,6.843464247009251
derpp,slowheat_beta_10,elapsed_seconds,1823,6.373331674025394
derpp,slowheat_beta_10,elapsed_seconds,2129,5.837096250004834
derpp,slowheat_beta_10,elapsed_seconds,2423,6.624443106004037
derpp,slowheat_beta_10,elapsed_seconds,2729,6.761647824983811
derpp,slowheat_beta_10,elapsed_seconds,3037,6.736646707024192
derpp,slowheat_beta_10,learner_examples_processed,311,-202240.0
derpp,slowheat_beta_10,learner_examples_processed,617,-202240.0
derpp,slowheat_beta_10,learner_examples_processed,919,-202240.0
derpp,slowheat_beta_10,learner_examples_processed,1223,-202240.0
derpp,slowheat_beta_10,learner_examples_processed,1523,-202240.0
derpp,slowheat_beta_10,learner_examples_processed,1823,-202240.0
derpp,slowheat_beta_10,learner_examples_processed,2129,-202240.0
derpp,slowheat_beta_10,learner_examples_processed,2423,-202240.0
derpp,slowheat_beta_10,learner_examples_processed,2729,-202240.0
derpp,slowheat_beta_10,learner_examples_processed,3037,-202240.0
derpp,slowheat_beta_10,total_model_examples_processed,311,-202240.0
derpp,slowheat_beta_10,total_model_examples_processed,617,-202240.0
derpp,slowheat_beta_10,total_model_examples_processed,919,-202240.0
derpp,slowheat_beta_10,total_model_examples_processed,1223,-202240.0
derpp,slowheat_beta_10,total_model_examples_processed,1523,-202240.0
derpp,slowheat_beta_10,total_model_examples_processed,1823,-202240.0
derpp,slowheat_beta_10,total_model_examples_processed,2129,-202240.0
derpp,slowheat_beta_10,total_model_examples_processed,2423,-202240.0
derpp,slowheat_beta_10,total_model_examples_processed,2729,-202240.0
derpp,slowheat_beta_10,total_model_examples_processed,3037,-202240.0
derpp,slowheat_beta_10,estimated_total_flops,311,-645548995820.0
derpp,slowheat_beta_10,estimated_total_flops,617,-645548995820.0
derpp,slowheat_beta_10,estimated_total_flops,919,-645548995820.0
derpp,slowheat_beta_10,estimated_total_flops,1223,-645548995820.0
derpp,slowheat_beta_10,estimated_total_flops,1523,-645548995820.0
derpp,slowheat_beta_10,estimated_total_flops,1823,-645548995820.0
derpp,slowheat_beta_10,estimated_total_flops,2129,-645548995820.0
derpp,slowheat_beta_10,estimated_total_flops,2423,-645548995820.0
derpp,slowheat_beta_10,estimated_total_flops,2729,-645548995820.0
derpp,slowheat_beta_10,estimated_total_flops,3037,-645548995820.0
derpp,slowheat_beta_10,estimated_overhead_flops,311,3689941780.0
derpp,slowheat_beta_10,estimated_overhead_flops,617,3689941780.0
derpp,slowheat_beta_10,estimated_overhead_flops,919,3689941780.0
derpp,slowheat_beta_10,estimated_overhead_flops,1223,3689941780.0
derpp,slowheat_beta_10,estimated_overhead_flops,1523,3689941780.0
derpp,slowheat_beta_10,estimated_overhead_flops,1823,3689941780.0
derpp,slowheat_beta_10,estimated_overhead_flops,2129,3689941780.0
derpp,slowheat_beta_10,estimated_overhead_flops,2423,3689941780.0
derpp,slowheat_beta_10,estimated_overhead_flops,2729,3689941780.0
derpp,slowheat_beta_10,estimated_overhead_flops,3037,3689941780.0
derpp,slowheat_beta_10,replay_memory_bytes,311,-628800.0
derpp,slowheat_beta_10,replay_memory_bytes,617,-628800.0
derpp,slowheat_beta_10,replay_memory_bytes,919,-628800.0
derpp,slowheat_beta_10,replay_memory_bytes,1223,-628800.0
derpp,slowheat_beta_10,replay_memory_bytes,1523,-628800.0
derpp,slowheat_beta_10,replay_memory_bytes,1823,-628800.0
derpp,slowheat_beta_10,replay_memory_bytes,2129,-628800.0
derpp,slowheat_beta_10,replay_memory_bytes,2423,-628800.0
derpp,slowheat_beta_10,replay_memory_bytes,2729,-628800.0
derpp,slowheat_beta_10,replay_memory_bytes,3037,-628800.0
derpp,slowheat_beta_10,stored_logits_bytes,311,-8000.0
derpp,slowheat_beta_10,stored_logits_bytes,617,-8000.0
derpp,slowheat_beta_10,stored_logits_bytes,919,-8000.0
derpp,slowheat_beta_10,stored_logits_bytes,1223,-8000.0
derpp,slowheat_beta_10,stored_logits_bytes,1523,-8000.0
derpp,slowheat_beta_10,stored_logits_bytes,1823,-8000.0
derpp,slowheat_beta_10,stored_logits_bytes,2129,-8000.0
derpp,slowheat_beta_10,stored_logits_bytes,2423,-8000.0
derpp,slowheat_beta_10,stored_logits_bytes,2729,-8000.0
derpp,slowheat_beta_10,stored_logits_bytes,3037,-8000.0
derpp,slowheat_beta_30,final_average_accuracy,311,-0.08064000000000004
derpp,slowheat_beta_30,final_average_accuracy,617,-0.05871999999999988
derpp,slowheat_beta_30,final_average_accuracy,919,-0.07455999999999996
derpp,slowheat_beta_30,final_average_accuracy,1223,-0.07823999999999987
derpp,slowheat_beta_30,final_average_accuracy,1523,-0.09455999999999998
derpp,slowheat_beta_30,final_average_accuracy,1823,-0.05840000000000001
derpp,slowheat_beta_30,final_average_accuracy,2129,-0.06988000000000005
derpp,slowheat_beta_30,final_average_accuracy,2423,-0.08979999999999988
derpp,slowheat_beta_30,final_average_accuracy,2729,-0.05871999999999988
derpp,slowheat_beta_30,final_average_accuracy,3037,-0.07103999999999999
derpp,slowheat_beta_30,average_forgetting,311,0.09240000000000001
derpp,slowheat_beta_30,average_forgetting,617,0.06990000000000002
derpp,slowheat_beta_30,average_forgetting,919,0.08830000000000005
derpp,slowheat_beta_30,average_forgetting,1223,0.09514999999999996
derpp,slowheat_beta_30,average_forgetting,1523,0.11375000000000002
derpp,slowheat_beta_30,average_forgetting,1823,0.07125000000000001
derpp,slowheat_beta_30,average_forgetting,2129,0.08355000000000001
derpp,slowheat_beta_30,average_forgetting,2423,0.10650000000000001
derpp,slowheat_beta_30,average_forgetting,2729,0.07095000000000004
derpp,slowheat_beta_30,average_forgetting,3037,0.08465000000000006
derpp,slowheat_beta_30,backward_transfer,311,-0.09240000000000001
derpp,slowheat_beta_30,backward_transfer,617,-0.06990000000000002
derpp,slowheat_beta_30,backward_transfer,919,-0.08830000000000005
derpp,slowheat_beta_30,backward_transfer,1223,-0.09514999999999996
derpp,slowheat_beta_30,backward_transfer,1523,-0.11375000000000002
derpp,slowheat_beta_30,backward_transfer,1823,-0.07125000000000001
derpp,slowheat_beta_30,backward_transfer,2129,-0.08355000000000001
derpp,slowheat_beta_30,backward_transfer,2423,-0.10670000000000002
derpp,slowheat_beta_30,backward_transfer,2729,-0.07095000000000004
derpp,slowheat_beta_30,backward_transfer,3037,-0.08465000000000006
derpp,slowheat_beta_30,forward_transfer,311,-0.013699999999999993
derpp,slowheat_beta_30,forward_transfer,617,-0.0012499999999999976
derpp,slowheat_beta_30,forward_transfer,919,0.003550000000000001
derpp,slowheat_beta_30,forward_transfer,1223,0.0021500000000000043
derpp,slowheat_beta_30,forward_transfer,1523,-0.005800000000000003
derpp,slowheat_beta_30,forward_transfer,1823,-0.002749999999999999
derpp,slowheat_beta_30,forward_transfer,2129,-0.005250000000000005
derpp,slowheat_beta_30,forward_transfer,2423,0.002599999999999998
derpp,slowheat_beta_30,forward_transfer,2729,0.01135000000000001
derpp,slowheat_beta_30,forward_transfer,3037,-0.0011999999999999962
derpp,slowheat_beta_30,task_aware_final_accuracy,311,-0.08064000000000004
derpp,slowheat_beta_30,task_aware_final_accuracy,617,-0.05871999999999988
derpp,slowheat_beta_30,task_aware_final_accuracy,919,-0.07455999999999996
derpp,slowheat_beta_30,task_aware_final_accuracy,1223,-0.07823999999999987
derpp,slowheat_beta_30,task_aware_final_accuracy,1523,-0.09455999999999998
derpp,slowheat_beta_30,task_aware_final_accuracy,1823,-0.05840000000000001
derpp,slowheat_beta_30,task_aware_final_accuracy,2129,-0.06988000000000005
derpp,slowheat_beta_30,task_aware_final_accuracy,2423,-0.08979999999999988
derpp,slowheat_beta_30,task_aware_final_accuracy,2729,-0.05871999999999988
derpp,slowheat_beta_30,task_aware_final_accuracy,3037,-0.07103999999999999
derpp,slowheat_beta_30,task_aware_forgetting,311,0.09240000000000001
derpp,slowheat_beta_30,task_aware_forgetting,617,0.06990000000000002
derpp,slowheat_beta_30,task_aware_forgetting,919,0.08830000000000005
derpp,slowheat_beta_30,task_aware_forgetting,1223,0.09514999999999996
derpp,slowheat_beta_30,task_aware_forgetting,1523,0.11375000000000002
derpp,slowheat_beta_30,task_aware_forgetting,1823,0.07125000000000001
derpp,slowheat_beta_30,task_aware_forgetting,2129,0.08355000000000001
derpp,slowheat_beta_30,task_aware_forgetting,2423,0.10650000000000001
derpp,slowheat_beta_30,task_aware_forgetting,2729,0.07095000000000004
derpp,slowheat_beta_30,task_aware_forgetting,3037,0.08465000000000006
derpp,slowheat_beta_30,classifier_gap,311,0.0
derpp,slowheat_beta_30,classifier_gap,617,0.0
derpp,slowheat_beta_30,classifier_gap,919,0.0
derpp,slowheat_beta_30,classifier_gap,1223,0.0
derpp,slowheat_beta_30,classifier_gap,1523,0.0
derpp,slowheat_beta_30,classifier_gap,1823,0.0
derpp,slowheat_beta_30,classifier_gap,2129,0.0
derpp,slowheat_beta_30,classifier_gap,2423,0.0
derpp,slowheat_beta_30,classifier_gap,2729,0.0
derpp,slowheat_beta_30,classifier_gap,3037,0.0
derpp,slowheat_beta_30,elapsed_seconds,311,7.124514031980652
derpp,slowheat_beta_30,elapsed_seconds,617,7.1736862520047
derpp,slowheat_beta_30,elapsed_seconds,919,6.927719064988196
derpp,slowheat_beta_30,elapsed_seconds,1223,6.2865439869929105
derpp,slowheat_beta_30,elapsed_seconds,1523,6.74207122498774
derpp,slowheat_beta_30,elapsed_seconds,1823,6.355868193000788
derpp,slowheat_beta_30,elapsed_seconds,2129,6.1313950729963835
derpp,slowheat_beta_30,elapsed_seconds,2423,6.606948528002249
derpp,slowheat_beta_30,elapsed_seconds,2729,6.8145204570028
derpp,slowheat_beta_30,elapsed_seconds,3037,6.727259334991686
derpp,slowheat_beta_30,learner_examples_processed,311,-202240.0
derpp,slowheat_beta_30,learner_examples_processed,617,-202240.0
derpp,slowheat_beta_30,learner_examples_processed,919,-202240.0
derpp,slowheat_beta_30,learner_examples_processed,1223,-202240.0
derpp,slowheat_beta_30,learner_examples_processed,1523,-202240.0
derpp,slowheat_beta_30,learner_examples_processed,1823,-202240.0
derpp,slowheat_beta_30,learner_examples_processed,2129,-202240.0
derpp,slowheat_beta_30,learner_examples_processed,2423,-202240.0
derpp,slowheat_beta_30,learner_examples_processed,2729,-202240.0
derpp,slowheat_beta_30,learner_examples_processed,3037,-202240.0
derpp,slowheat_beta_30,total_model_examples_processed,311,-202240.0
derpp,slowheat_beta_30,total_model_examples_processed,617,-202240.0
derpp,slowheat_beta_30,total_model_examples_processed,919,-202240.0
derpp,slowheat_beta_30,total_model_examples_processed,1223,-202240.0
derpp,slowheat_beta_30,total_model_examples_processed,1523,-202240.0
derpp,slowheat_beta_30,total_model_examples_processed,1823,-202240.0
derpp,slowheat_beta_30,total_model_examples_processed,2129,-202240.0
derpp,slowheat_beta_30,total_model_examples_processed,2423,-202240.0
derpp,slowheat_beta_30,total_model_examples_processed,2729,-202240.0
derpp,slowheat_beta_30,total_model_examples_processed,3037,-202240.0
derpp,slowheat_beta_30,estimated_total_flops,311,-645548995820.0
derpp,slowheat_beta_30,estimated_total_flops,617,-645548995820.0
derpp,slowheat_beta_30,estimated_total_flops,919,-645548995820.0
derpp,slowheat_beta_30,estimated_total_flops,1223,-645548995820.0
derpp,slowheat_beta_30,estimated_total_flops,1523,-645548995820.0
derpp,slowheat_beta_30,estimated_total_flops,1823,-645548995820.0
derpp,slowheat_beta_30,estimated_total_flops,2129,-645548995820.0
derpp,slowheat_beta_30,estimated_total_flops,2423,-645548995820.0
derpp,slowheat_beta_30,estimated_total_flops,2729,-645548995820.0
derpp,slowheat_beta_30,estimated_total_flops,3037,-645548995820.0
derpp,slowheat_beta_30,estimated_overhead_flops,311,3689941780.0
derpp,slowheat_beta_30,estimated_overhead_flops,617,3689941780.0
derpp,slowheat_beta_30,estimated_overhead_flops,919,3689941780.0
derpp,slowheat_beta_30,estimated_overhead_flops,1223,3689941780.0
derpp,slowheat_beta_30,estimated_overhead_flops,1523,3689941780.0
derpp,slowheat_beta_30,estimated_overhead_flops,1823,3689941780.0
derpp,slowheat_beta_30,estimated_overhead_flops,2129,3689941780.0
derpp,slowheat_beta_30,estimated_overhead_flops,2423,3689941780.0
derpp,slowheat_beta_30,estimated_overhead_flops,2729,3689941780.0
derpp,slowheat_beta_30,estimated_overhead_flops,3037,3689941780.0
derpp,slowheat_beta_30,replay_memory_bytes,311,-628800.0
derpp,slowheat_beta_30,replay_memory_bytes,617,-628800.0
derpp,slowheat_beta_30,replay_memory_bytes,919,-628800.0
derpp,slowheat_beta_30,replay_memory_bytes,1223,-628800.0
derpp,slowheat_beta_30,replay_memory_bytes,1523,-628800.0
derpp,slowheat_beta_30,replay_memory_bytes,1823,-628800.0
derpp,slowheat_beta_30,replay_memory_bytes,2129,-628800.0
derpp,slowheat_beta_30,replay_memory_bytes,2423,-628800.0
derpp,slowheat_beta_30,replay_memory_bytes,2729,-628800.0
derpp,slowheat_beta_30,replay_memory_bytes,3037,-628800.0
derpp,slowheat_beta_30,stored_logits_bytes,311,-8000.0
derpp,slowheat_beta_30,stored_logits_bytes,617,-8000.0
derpp,slowheat_beta_30,stored_logits_bytes,919,-8000.0
derpp,slowheat_beta_30,stored_logits_bytes,1223,-8000.0
derpp,slowheat_beta_30,stored_logits_bytes,1523,-8000.0
derpp,slowheat_beta_30,stored_logits_bytes,1823,-8000.0
derpp,slowheat_beta_30,stored_logits_bytes,2129,-8000.0
derpp,slowheat_beta_30,stored_logits_bytes,2423,-8000.0
derpp,slowheat_beta_30,stored_logits_bytes,2729,-8000.0
derpp,slowheat_beta_30,stored_logits_bytes,3037,-8000.0
derpp,slowheat_beta_100,final_average_accuracy,311,-0.0601600000000001
derpp,slowheat_beta_100,final_average_accuracy,617,-0.06819999999999982
derpp,slowheat_beta_100,final_average_accuracy,919,-0.05715999999999988
derpp,slowheat_beta_100,final_average_accuracy,1223,-0.05995999999999979
derpp,slowheat_beta_100,final_average_accuracy,1523,-0.07115999999999989
derpp,slowheat_beta_100,final_average_accuracy,1823,-0.048599999999999866
derpp,slowheat_beta_100,final_average_accuracy,2129,-0.06700000000000006
derpp,slowheat_beta_100,final_average_accuracy,2423,-0.06996000000000002
derpp,slowheat_beta_100,final_average_accuracy,2729,-0.05443999999999993
derpp,slowheat_beta_100,final_average_accuracy,3037,-0.0706
derpp,slowheat_beta_100,average_forgetting,311,0.06404999999999997
derpp,slowheat_beta_100,average_forgetting,617,0.07769999999999999
derpp,slowheat_beta_100,average_forgetting,919,0.0635
derpp,slowheat_beta_100,average_forgetting,1223,0.06689999999999999
derpp,slowheat_beta_100,average_forgetting,1523,0.07960000000000003
derpp,slowheat_beta_100,average_forgetting,1823,0.054550000000000015
derpp,slowheat_beta_100,average_forgetting,2129,0.07609999999999997
derpp,slowheat_beta_100,average_forgetting,2423,0.0797
derpp,slowheat_beta_100,average_forgetting,2729,0.062350000000000044
derpp,slowheat_beta_100,average_forgetting,3037,0.07949999999999999
derpp,slowheat_beta_100,backward_transfer,311,-0.06404999999999997
derpp,slowheat_beta_100,backward_transfer,617,-0.07769999999999999
derpp,slowheat_beta_100,backward_transfer,919,-0.0635
derpp,slowheat_beta_100,backward_transfer,1223,-0.06689999999999999
derpp,slowheat_beta_100,backward_transfer,1523,-0.07960000000000003
derpp,slowheat_beta_100,backward_transfer,1823,-0.054550000000000015
derpp,slowheat_beta_100,backward_transfer,2129,-0.07609999999999997
derpp,slowheat_beta_100,backward_transfer,2423,-0.0799
derpp,slowheat_beta_100,backward_transfer,2729,-0.062350000000000044
derpp,slowheat_beta_100,backward_transfer,3037,-0.07949999999999999
derpp,slowheat_beta_100,forward_transfer,311,-0.017799999999999993
derpp,slowheat_beta_100,forward_transfer,617,-0.0072000000000000015
derpp,slowheat_beta_100,forward_transfer,919,0.007199999999999998
derpp,slowheat_beta_100,forward_transfer,1223,-0.0008000000000000021
derpp,slowheat_beta_100,forward_transfer,1523,-0.004300000000000009
derpp,slowheat_beta_100,forward_transfer,1823,-0.0068499999999999985
derpp,slowheat_beta_100,forward_transfer,2129,-0.005750000000000002
derpp,slowheat_beta_100,forward_transfer,2423,-0.0024499999999999973
derpp,slowheat_beta_100,forward_transfer,2729,0.008500000000000004
derpp,slowheat_beta_100,forward_transfer,3037,-0.005399999999999997
derpp,slowheat_beta_100,task_aware_final_accuracy,311,-0.0601600000000001
derpp,slowheat_beta_100,task_aware_final_accuracy,617,-0.06819999999999982
derpp,slowheat_beta_100,task_aware_final_accuracy,919,-0.05715999999999988
derpp,slowheat_beta_100,task_aware_final_accuracy,1223,-0.05995999999999979
derpp,slowheat_beta_100,task_aware_final_accuracy,1523,-0.07115999999999989
derpp,slowheat_beta_100,task_aware_final_accuracy,1823,-0.048599999999999866
derpp,slowheat_beta_100,task_aware_final_accuracy,2129,-0.06700000000000006
derpp,slowheat_beta_100,task_aware_final_accuracy,2423,-0.06996000000000002
derpp,slowheat_beta_100,task_aware_final_accuracy,2729,-0.05443999999999993
derpp,slowheat_beta_100,task_aware_final_accuracy,3037,-0.0706
derpp,slowheat_beta_100,task_aware_forgetting,311,0.06404999999999997
derpp,slowheat_beta_100,task_aware_forgetting,617,0.07769999999999999
derpp,slowheat_beta_100,task_aware_forgetting,919,0.0635
derpp,slowheat_beta_100,task_aware_forgetting,1223,0.06689999999999999
derpp,slowheat_beta_100,task_aware_forgetting,1523,0.07960000000000003
derpp,slowheat_beta_100,task_aware_forgetting,1823,0.054550000000000015
derpp,slowheat_beta_100,task_aware_forgetting,2129,0.07609999999999997
derpp,slowheat_beta_100,task_aware_forgetting,2423,0.0797
derpp,slowheat_beta_100,task_aware_forgetting,2729,0.062350000000000044
derpp,slowheat_beta_100,task_aware_forgetting,3037,0.07949999999999999
derpp,slowheat_beta_100,classifier_gap,311,0.0
derpp,slowheat_beta_100,classifier_gap,617,0.0
derpp,slowheat_beta_100,classifier_gap,919,0.0
derpp,slowheat_beta_100,classifier_gap,1223,0.0
derpp,slowheat_beta_100,classifier_gap,1523,0.0
derpp,slowheat_beta_100,classifier_gap,1823,0.0
derpp,slowheat_beta_100,classifier_gap,2129,0.0
derpp,slowheat_beta_100,classifier_gap,2423,0.0
derpp,slowheat_beta_100,classifier_gap,2729,0.0
derpp,slowheat_beta_100,classifier_gap,3037,0.0
derpp,slowheat_beta_100,elapsed_seconds,311,7.106414843001403
derpp,slowheat_beta_100,elapsed_seconds,617,7.135983947024215
derpp,slowheat_beta_100,elapsed_seconds,919,6.939273434982169
derpp,slowheat_beta_100,elapsed_seconds,1223,6.276455840998096
derpp,slowheat_beta_100,elapsed_seconds,1523,6.72825285300496
derpp,slowheat_beta_100,elapsed_seconds,1823,6.329819731996395
derpp,slowheat_beta_100,elapsed_seconds,2129,6.221238450030796
derpp,slowheat_beta_100,elapsed_seconds,2423,6.618075794016477
derpp,slowheat_beta_100,elapsed_seconds,2729,6.78495316702174
derpp,slowheat_beta_100,elapsed_seconds,3037,6.731116049020784
derpp,slowheat_beta_100,learner_examples_processed,311,-202240.0
derpp,slowheat_beta_100,learner_examples_processed,617,-202240.0
derpp,slowheat_beta_100,learner_examples_processed,919,-202240.0
derpp,slowheat_beta_100,learner_examples_processed,1223,-202240.0
derpp,slowheat_beta_100,learner_examples_processed,1523,-202240.0
derpp,slowheat_beta_100,learner_examples_processed,1823,-202240.0
derpp,slowheat_beta_100,learner_examples_processed,2129,-202240.0
derpp,slowheat_beta_100,learner_examples_processed,2423,-202240.0
derpp,slowheat_beta_100,learner_examples_processed,2729,-202240.0
derpp,slowheat_beta_100,learner_examples_processed,3037,-202240.0
derpp,slowheat_beta_100,total_model_examples_processed,311,-202240.0
derpp,slowheat_beta_100,total_model_examples_processed,617,-202240.0
derpp,slowheat_beta_100,total_model_examples_processed,919,-202240.0
derpp,slowheat_beta_100,total_model_examples_processed,1223,-202240.0
derpp,slowheat_beta_100,total_model_examples_processed,1523,-202240.0
derpp,slowheat_beta_100,total_model_examples_processed,1823,-202240.0
derpp,slowheat_beta_100,total_model_examples_processed,2129,-202240.0
derpp,slowheat_beta_100,total_model_examples_processed,2423,-202240.0
derpp,slowheat_beta_100,total_model_examples_processed,2729,-202240.0
derpp,slowheat_beta_100,total_model_examples_processed,3037,-202240.0
derpp,slowheat_beta_100,estimated_total_flops,311,-645548995820.0
derpp,slowheat_beta_100,estimated_total_flops,617,-645548995820.0
derpp,slowheat_beta_100,estimated_total_flops,919,-645548995820.0
derpp,slowheat_beta_100,estimated_total_flops,1223,-645548995820.0
derpp,slowheat_beta_100,estimated_total_flops,1523,-645548995820.0
derpp,slowheat_beta_100,estimated_total_flops,1823,-645548995820.0
derpp,slowheat_beta_100,estimated_total_flops,2129,-645548995820.0
derpp,slowheat_beta_100,estimated_total_flops,2423,-645548995820.0
derpp,slowheat_beta_100,estimated_total_flops,2729,-645548995820.0
derpp,slowheat_beta_100,estimated_total_flops,3037,-645548995820.0
derpp,slowheat_beta_100,estimated_overhead_flops,311,3689941780.0
derpp,slowheat_beta_100,estimated_overhead_flops,617,3689941780.0
derpp,slowheat_beta_100,estimated_overhead_flops,919,3689941780.0
derpp,slowheat_beta_100,estimated_overhead_flops,1223,3689941780.0
derpp,slowheat_beta_100,estimated_overhead_flops,1523,3689941780.0
derpp,slowheat_beta_100,estimated_overhead_flops,1823,3689941780.0
derpp,slowheat_beta_100,estimated_overhead_flops,2129,3689941780.0
derpp,slowheat_beta_100,estimated_overhead_flops,2423,3689941780.0
derpp,slowheat_beta_100,estimated_overhead_flops,2729,3689941780.0
derpp,slowheat_beta_100,estimated_overhead_flops,3037,3689941780.0
derpp,slowheat_beta_100,replay_memory_bytes,311,-628800.0
derpp,slowheat_beta_100,replay_memory_bytes,617,-628800.0
derpp,slowheat_beta_100,replay_memory_bytes,919,-628800.0
derpp,slowheat_beta_100,replay_memory_bytes,1223,-628800.0
derpp,slowheat_beta_100,replay_memory_bytes,1523,-628800.0
derpp,slowheat_beta_100,replay_memory_bytes,1823,-628800.0
derpp,slowheat_beta_100,replay_memory_bytes,2129,-628800.0
derpp,slowheat_beta_100,replay_memory_bytes,2423,-628800.0
derpp,slowheat_beta_100,replay_memory_bytes,2729,-628800.0
derpp,slowheat_beta_100,replay_memory_bytes,3037,-628800.0
derpp,slowheat_beta_100,stored_logits_bytes,311,-8000.0
derpp,slowheat_beta_100,stored_logits_bytes,617,-8000.0
derpp,slowheat_beta_100,stored_logits_bytes,919,-8000.0
derpp,slowheat_beta_100,stored_logits_bytes,1223,-8000.0
derpp,slowheat_beta_100,stored_logits_bytes,1523,-8000.0
derpp,slowheat_beta_100,stored_logits_bytes,1823,-8000.0
derpp,slowheat_beta_100,stored_logits_bytes,2129,-8000.0
derpp,slowheat_beta_100,stored_logits_bytes,2423,-8000.0
derpp,slowheat_beta_100,stored_logits_bytes,2729,-8000.0
derpp,slowheat_beta_100,stored_logits_bytes,3037,-8000.0
derpp,slowheat_adaptive,final_average_accuracy,311,-0.07224000000000008
derpp,slowheat_adaptive,final_average_accuracy,617,-0.06447999999999998
derpp,slowheat_adaptive,final_average_accuracy,919,-0.07784000000000002
derpp,slowheat_adaptive,final_average_accuracy,1223,-0.07419999999999982
derpp,slowheat_adaptive,final_average_accuracy,1523,-0.10423999999999989
derpp,slowheat_adaptive,final_average_accuracy,1823,-0.06511999999999996
derpp,slowheat_adaptive,final_average_accuracy,2129,-0.06396000000000013
derpp,slowheat_adaptive,final_average_accuracy,2423,-0.05999999999999994
derpp,slowheat_adaptive,final_average_accuracy,2729,-0.05608000000000002
derpp,slowheat_adaptive,final_average_accuracy,3037,-0.07728000000000002
derpp,slowheat_adaptive,average_forgetting,311,0.08415000000000003
derpp,slowheat_adaptive,average_forgetting,617,0.07689999999999997
derpp,slowheat_adaptive,average_forgetting,919,0.09240000000000004
derpp,slowheat_adaptive,average_forgetting,1223,0.08875
derpp,slowheat_adaptive,average_forgetting,1523,0.12500000000000003
derpp,slowheat_adaptive,average_forgetting,1823,0.07915000000000003
derpp,slowheat_adaptive,average_forgetting,2129,0.07560000000000003
derpp,slowheat_adaptive,average_forgetting,2423,0.06845000000000001
derpp,slowheat_adaptive,average_forgetting,2729,0.06744999999999998
derpp,slowheat_adaptive,average_forgetting,3037,0.09140000000000001
derpp,slowheat_adaptive,backward_transfer,311,-0.08415000000000003
derpp,slowheat_adaptive,backward_transfer,617,-0.07689999999999997
derpp,slowheat_adaptive,backward_transfer,919,-0.09240000000000004
derpp,slowheat_adaptive,backward_transfer,1223,-0.08875
derpp,slowheat_adaptive,backward_transfer,1523,-0.12500000000000003
derpp,slowheat_adaptive,backward_transfer,1823,-0.07915000000000003
derpp,slowheat_adaptive,backward_transfer,2129,-0.07560000000000003
derpp,slowheat_adaptive,backward_transfer,2423,-0.06865000000000002
derpp,slowheat_adaptive,backward_transfer,2729,-0.06744999999999998
derpp,slowheat_adaptive,backward_transfer,3037,-0.09140000000000001
derpp,slowheat_adaptive,forward_transfer,311,-0.012349999999999993
derpp,slowheat_adaptive,forward_transfer,617,-0.0019000000000000059
derpp,slowheat_adaptive,forward_transfer,919,0.005149999999999998
derpp,slowheat_adaptive,forward_transfer,1223,0.0029500000000000012
derpp,slowheat_adaptive,forward_transfer,1523,-0.006800000000000004
derpp,slowheat_adaptive,forward_transfer,1823,-0.00485
derpp,slowheat_adaptive,forward_transfer,2129,-0.004750000000000004
derpp,slowheat_adaptive,forward_transfer,2423,-0.0016499999999999952
derpp,slowheat_adaptive,forward_transfer,2729,0.011850000000000003
derpp,slowheat_adaptive,forward_transfer,3037,-0.004049999999999998
derpp,slowheat_adaptive,task_aware_final_accuracy,311,-0.07224000000000008
derpp,slowheat_adaptive,task_aware_final_accuracy,617,-0.06447999999999998
derpp,slowheat_adaptive,task_aware_final_accuracy,919,-0.07784000000000002
derpp,slowheat_adaptive,task_aware_final_accuracy,1223,-0.07419999999999982
derpp,slowheat_adaptive,task_aware_final_accuracy,1523,-0.10423999999999989
derpp,slowheat_adaptive,task_aware_final_accuracy,1823,-0.06511999999999996
derpp,slowheat_adaptive,task_aware_final_accuracy,2129,-0.06396000000000013
derpp,slowheat_adaptive,task_aware_final_accuracy,2423,-0.05999999999999994
derpp,slowheat_adaptive,task_aware_final_accuracy,2729,-0.05608000000000002
derpp,slowheat_adaptive,task_aware_final_accuracy,3037,-0.07728000000000002
derpp,slowheat_adaptive,task_aware_forgetting,311,0.08415000000000003
derpp,slowheat_adaptive,task_aware_forgetting,617,0.07689999999999997
derpp,slowheat_adaptive,task_aware_forgetting,919,0.09240000000000004
derpp,slowheat_adaptive,task_aware_forgetting,1223,0.08875
derpp,slowheat_adaptive,task_aware_forgetting,1523,0.12500000000000003
derpp,slowheat_adaptive,task_aware_forgetting,1823,0.07915000000000003
derpp,slowheat_adaptive,task_aware_forgetting,2129,0.07560000000000003
derpp,slowheat_adaptive,task_aware_forgetting,2423,0.06845000000000001
derpp,slowheat_adaptive,task_aware_forgetting,2729,0.06744999999999998
derpp,slowheat_adaptive,task_aware_forgetting,3037,0.09140000000000001
derpp,slowheat_adaptive,classifier_gap,311,0.0
derpp,slowheat_adaptive,classifier_gap,617,0.0
derpp,slowheat_adaptive,classifier_gap,919,0.0
derpp,slowheat_adaptive,classifier_gap,1223,0.0
derpp,slowheat_adaptive,classifier_gap,1523,0.0
derpp,slowheat_adaptive,classifier_gap,1823,0.0
derpp,slowheat_adaptive,classifier_gap,2129,0.0
derpp,slowheat_adaptive,classifier_gap,2423,0.0
derpp,slowheat_adaptive,classifier_gap,2729,0.0
derpp,slowheat_adaptive,classifier_gap,3037,0.0
derpp,slowheat_adaptive,elapsed_seconds,311,7.1644067610031925
derpp,slowheat_adaptive,elapsed_seconds,617,7.142215555999428
derpp,slowheat_adaptive,elapsed_seconds,919,6.985785826982465
derpp,slowheat_adaptive,elapsed_seconds,1223,6.289562923018821
derpp,slowheat_adaptive,elapsed_seconds,1523,6.7715155059995595
derpp,slowheat_adaptive,elapsed_seconds,1823,6.319920384994475
derpp,slowheat_adaptive,elapsed_seconds,2129,6.20558500601328
derpp,slowheat_adaptive,elapsed_seconds,2423,6.63557617898914
derpp,slowheat_adaptive,elapsed_seconds,2729,6.768921437993413
derpp,slowheat_adaptive,elapsed_seconds,3037,6.7293524390261155
derpp,slowheat_adaptive,learner_examples_processed,311,-202240.0
derpp,slowheat_adaptive,learner_examples_processed,617,-202240.0
derpp,slowheat_adaptive,learner_examples_processed,919,-202240.0
derpp,slowheat_adaptive,learner_examples_processed,1223,-202240.0
derpp,slowheat_adaptive,learner_examples_processed,1523,-202240.0
derpp,slowheat_adaptive,learner_examples_processed,1823,-202240.0
derpp,slowheat_adaptive,learner_examples_processed,2129,-202240.0
derpp,slowheat_adaptive,learner_examples_processed,2423,-202240.0
derpp,slowheat_adaptive,learner_examples_processed,2729,-202240.0
derpp,slowheat_adaptive,learner_examples_processed,3037,-202240.0
derpp,slowheat_adaptive,total_model_examples_processed,311,-202240.0
derpp,slowheat_adaptive,total_model_examples_processed,617,-202240.0
derpp,slowheat_adaptive,total_model_examples_processed,919,-202240.0
derpp,slowheat_adaptive,total_model_examples_processed,1223,-202240.0
derpp,slowheat_adaptive,total_model_examples_processed,1523,-202240.0
derpp,slowheat_adaptive,total_model_examples_processed,1823,-202240.0
derpp,slowheat_adaptive,total_model_examples_processed,2129,-202240.0
derpp,slowheat_adaptive,total_model_examples_processed,2423,-202240.0
derpp,slowheat_adaptive,total_model_examples_processed,2729,-202240.0
derpp,slowheat_adaptive,total_model_examples_processed,3037,-202240.0
derpp,slowheat_adaptive,estimated_total_flops,311,-645548995820.0
derpp,slowheat_adaptive,estimated_total_flops,617,-645548995820.0
derpp,slowheat_adaptive,estimated_total_flops,919,-645548995820.0
derpp,slowheat_adaptive,estimated_total_flops,1223,-645548995820.0
derpp,slowheat_adaptive,estimated_total_flops,1523,-645548995820.0
derpp,slowheat_adaptive,estimated_total_flops,1823,-645548995820.0
derpp,slowheat_adaptive,estimated_total_flops,2129,-645548995820.0
derpp,slowheat_adaptive,estimated_total_flops,2423,-645548995820.0
derpp,slowheat_adaptive,estimated_total_flops,2729,-645548995820.0
derpp,slowheat_adaptive,estimated_total_flops,3037,-645548995820.0
derpp,slowheat_adaptive,estimated_overhead_flops,311,3689941780.0
derpp,slowheat_adaptive,estimated_overhead_flops,617,3689941780.0
derpp,slowheat_adaptive,estimated_overhead_flops,919,3689941780.0
derpp,slowheat_adaptive,estimated_overhead_flops,1223,3689941780.0
derpp,slowheat_adaptive,estimated_overhead_flops,1523,3689941780.0
derpp,slowheat_adaptive,estimated_overhead_flops,1823,3689941780.0
derpp,slowheat_adaptive,estimated_overhead_flops,2129,3689941780.0
derpp,slowheat_adaptive,estimated_overhead_flops,2423,3689941780.0
derpp,slowheat_adaptive,estimated_overhead_flops,2729,3689941780.0
derpp,slowheat_adaptive,estimated_overhead_flops,3037,3689941780.0
derpp,slowheat_adaptive,replay_memory_bytes,311,-628800.0
derpp,slowheat_adaptive,replay_memory_bytes,617,-628800.0
derpp,slowheat_adaptive,replay_memory_bytes,919,-628800.0
derpp,slowheat_adaptive,replay_memory_bytes,1223,-628800.0
derpp,slowheat_adaptive,replay_memory_bytes,1523,-628800.0
derpp,slowheat_adaptive,replay_memory_bytes,1823,-628800.0
derpp,slowheat_adaptive,replay_memory_bytes,2129,-628800.0
derpp,slowheat_adaptive,replay_memory_bytes,2423,-628800.0
derpp,slowheat_adaptive,replay_memory_bytes,2729,-628800.0
derpp,slowheat_adaptive,replay_memory_bytes,3037,-628800.0
derpp,slowheat_adaptive,stored_logits_bytes,311,-8000.0
derpp,slowheat_adaptive,stored_logits_bytes,617,-8000.0
derpp,slowheat_adaptive,stored_logits_bytes,919,-8000.0
derpp,slowheat_adaptive,stored_logits_bytes,1223,-8000.0
derpp,slowheat_adaptive,stored_logits_bytes,1523,-8000.0
derpp,slowheat_adaptive,stored_logits_bytes,1823,-8000.0
derpp,slowheat_adaptive,stored_logits_bytes,2129,-8000.0
derpp,slowheat_adaptive,stored_logits_bytes,2423,-8000.0
derpp,slowheat_adaptive,stored_logits_bytes,2729,-8000.0
derpp,slowheat_adaptive,stored_logits_bytes,3037,-8000.0
derpp,slowheat_native_state,final_average_accuracy,311,-0.03428000000000009
derpp,slowheat_native_state,final_average_accuracy,617,-0.04487999999999981
derpp,slowheat_native_state,final_average_accuracy,919,-0.046599999999999975
derpp,slowheat_native_state,final_average_accuracy,1223,-0.04171999999999987
derpp,slowheat_native_state,final_average_accuracy,1523,-0.06487999999999983
derpp,slowheat_native_state,final_average_accuracy,1823,-0.025639999999999996
derpp,slowheat_native_state,final_average_accuracy,2129,-0.03704000000000007
derpp,slowheat_native_state,final_average_accuracy,2423,-0.04059999999999997
derpp,slowheat_native_state,final_average_accuracy,2729,-0.024359999999999826
derpp,slowheat_native_state,final_average_accuracy,3037,-0.05608000000000002
derpp,slowheat_native_state,average_forgetting,311,0.03425
derpp,slowheat_native_state,average_forgetting,617,0.05255000000000001
derpp,slowheat_native_state,average_forgetting,919,0.05300000000000002
derpp,slowheat_native_state,average_forgetting,1223,0.04839999999999997
derpp,slowheat_native_state,average_forgetting,1523,0.07530000000000006
derpp,slowheat_native_state,average_forgetting,1823,0.030350000000000016
derpp,slowheat_native_state,average_forgetting,2129,0.04169999999999999
derpp,slowheat_native_state,average_forgetting,2423,0.04619999999999996
derpp,slowheat_native_state,average_forgetting,2729,0.02810000000000004
derpp,slowheat_native_state,average_forgetting,3037,0.06420000000000001
derpp,slowheat_native_state,backward_transfer,311,-0.03425
derpp,slowheat_native_state,backward_transfer,617,-0.05255000000000001
derpp,slowheat_native_state,backward_transfer,919,-0.05300000000000002
derpp,slowheat_native_state,backward_transfer,1223,-0.04839999999999997
derpp,slowheat_native_state,backward_transfer,1523,-0.07530000000000006
derpp,slowheat_native_state,backward_transfer,1823,-0.030350000000000016
derpp,slowheat_native_state,backward_transfer,2129,-0.04169999999999999
derpp,slowheat_native_state,backward_transfer,2423,-0.04639999999999997
derpp,slowheat_native_state,backward_transfer,2729,-0.02810000000000004
derpp,slowheat_native_state,backward_transfer,3037,-0.06420000000000001
derpp,slowheat_native_state,forward_transfer,311,-0.008299999999999995
derpp,slowheat_native_state,forward_transfer,617,-0.009900000000000003
derpp,slowheat_native_state,forward_transfer,919,0.0006999999999999923
derpp,slowheat_native_state,forward_transfer,1223,-0.002850000000000002
derpp,slowheat_native_state,forward_transfer,1523,-0.010050000000000007
derpp,slowheat_native_state,forward_transfer,1823,-0.005200000000000003
derpp,slowheat_native_state,forward_transfer,2129,-0.004600000000000003
derpp,slowheat_native_state,forward_transfer,2423,-0.00315
derpp,slowheat_native_state,forward_transfer,2729,0.009300000000000006
derpp,slowheat_native_state,forward_transfer,3037,-0.0011999999999999927
derpp,slowheat_native_state,task_aware_final_accuracy,311,-0.03428000000000009
derpp,slowheat_native_state,task_aware_final_accuracy,617,-0.04487999999999981
derpp,slowheat_native_state,task_aware_final_accuracy,919,-0.046599999999999975
derpp,slowheat_native_state,task_aware_final_accuracy,1223,-0.04171999999999987
derpp,slowheat_native_state,task_aware_final_accuracy,1523,-0.06487999999999983
derpp,slowheat_native_state,task_aware_final_accuracy,1823,-0.025639999999999996
derpp,slowheat_native_state,task_aware_final_accuracy,2129,-0.03704000000000007
derpp,slowheat_native_state,task_aware_final_accuracy,2423,-0.04059999999999997
derpp,slowheat_native_state,task_aware_final_accuracy,2729,-0.024359999999999826
derpp,slowheat_native_state,task_aware_final_accuracy,3037,-0.05608000000000002
derpp,slowheat_native_state,task_aware_forgetting,311,0.03425
derpp,slowheat_native_state,task_aware_forgetting,617,0.05255000000000001
derpp,slowheat_native_state,task_aware_forgetting,919,0.05300000000000002
derpp,slowheat_native_state,task_aware_forgetting,1223,0.04839999999999997
derpp,slowheat_native_state,task_aware_forgetting,1523,0.07530000000000006
derpp,slowheat_native_state,task_aware_forgetting,1823,0.030350000000000016
derpp,slowheat_native_state,task_aware_forgetting,2129,0.04169999999999999
derpp,slowheat_native_state,task_aware_forgetting,2423,0.04619999999999996
derpp,slowheat_native_state,task_aware_forgetting,2729,0.02810000000000004
derpp,slowheat_native_state,task_aware_forgetting,3037,0.06420000000000001
derpp,slowheat_native_state,classifier_gap,311,0.0
derpp,slowheat_native_state,classifier_gap,617,0.0
derpp,slowheat_native_state,classifier_gap,919,0.0
derpp,slowheat_native_state,classifier_gap,1223,0.0
derpp,slowheat_native_state,classifier_gap,1523,0.0
derpp,slowheat_native_state,classifier_gap,1823,0.0
derpp,slowheat_native_state,classifier_gap,2129,0.0
derpp,slowheat_native_state,classifier_gap,2423,0.0
derpp,slowheat_native_state,classifier_gap,2729,0.0
derpp,slowheat_native_state,classifier_gap,3037,0.0
derpp,slowheat_native_state,elapsed_seconds,311,5.371449747995939
derpp,slowheat_native_state,elapsed_seconds,617,5.350577256001998
derpp,slowheat_native_state,elapsed_seconds,919,5.183771659008926
derpp,slowheat_native_state,elapsed_seconds,1223,4.551258424995467
derpp,slowheat_native_state,elapsed_seconds,1523,4.929910509992624
derpp,slowheat_native_state,elapsed_seconds,1823,4.719010533997789
derpp,slowheat_native_state,elapsed_seconds,2129,4.520418171014171
derpp,slowheat_native_state,elapsed_seconds,2423,4.831362461991375
derpp,slowheat_native_state,elapsed_seconds,2729,5.022434868995333
derpp,slowheat_native_state,elapsed_seconds,3037,4.942318849993171
derpp,slowheat_native_state,learner_examples_processed,311,-202240.0
derpp,slowheat_native_state,learner_examples_processed,617,-202240.0
derpp,slowheat_native_state,learner_examples_processed,919,-202240.0
derpp,slowheat_native_state,learner_examples_processed,1223,-202240.0
derpp,slowheat_native_state,learner_examples_processed,1523,-202240.0
derpp,slowheat_native_state,learner_examples_processed,1823,-202240.0
derpp,slowheat_native_state,learner_examples_processed,2129,-202240.0
derpp,slowheat_native_state,learner_examples_processed,2423,-202240.0
derpp,slowheat_native_state,learner_examples_processed,2729,-202240.0
derpp,slowheat_native_state,learner_examples_processed,3037,-202240.0
derpp,slowheat_native_state,total_model_examples_processed,311,-202240.0
derpp,slowheat_native_state,total_model_examples_processed,617,-202240.0
derpp,slowheat_native_state,total_model_examples_processed,919,-202240.0
derpp,slowheat_native_state,total_model_examples_processed,1223,-202240.0
derpp,slowheat_native_state,total_model_examples_processed,1523,-202240.0
derpp,slowheat_native_state,total_model_examples_processed,1823,-202240.0
derpp,slowheat_native_state,total_model_examples_processed,2129,-202240.0
derpp,slowheat_native_state,total_model_examples_processed,2423,-202240.0
derpp,slowheat_native_state,total_model_examples_processed,2729,-202240.0
derpp,slowheat_native_state,total_model_examples_processed,3037,-202240.0
derpp,slowheat_native_state,estimated_total_flops,311,-645548995820.0
derpp,slowheat_native_state,estimated_total_flops,617,-645548995820.0
derpp,slowheat_native_state,estimated_total_flops,919,-645548995820.0
derpp,slowheat_native_state,estimated_total_flops,1223,-645548995820.0
derpp,slowheat_native_state,estimated_total_flops,1523,-645548995820.0
derpp,slowheat_native_state,estimated_total_flops,1823,-645548995820.0
derpp,slowheat_native_state,estimated_total_flops,2129,-645548995820.0
derpp,slowheat_native_state,estimated_total_flops,2423,-645548995820.0
derpp,slowheat_native_state,estimated_total_flops,2729,-645548995820.0
derpp,slowheat_native_state,estimated_total_flops,3037,-645548995820.0
derpp,slowheat_native_state,estimated_overhead_flops,311,3689941780.0
derpp,slowheat_native_state,estimated_overhead_flops,617,3689941780.0
derpp,slowheat_native_state,estimated_overhead_flops,919,3689941780.0
derpp,slowheat_native_state,estimated_overhead_flops,1223,3689941780.0
derpp,slowheat_native_state,estimated_overhead_flops,1523,3689941780.0
derpp,slowheat_native_state,estimated_overhead_flops,1823,3689941780.0
derpp,slowheat_native_state,estimated_overhead_flops,2129,3689941780.0
derpp,slowheat_native_state,estimated_overhead_flops,2423,3689941780.0
derpp,slowheat_native_state,estimated_overhead_flops,2729,3689941780.0
derpp,slowheat_native_state,estimated_overhead_flops,3037,3689941780.0
derpp,slowheat_native_state,replay_memory_bytes,311,-628800.0
derpp,slowheat_native_state,replay_memory_bytes,617,-628800.0
derpp,slowheat_native_state,replay_memory_bytes,919,-628800.0
derpp,slowheat_native_state,replay_memory_bytes,1223,-628800.0
derpp,slowheat_native_state,replay_memory_bytes,1523,-628800.0
derpp,slowheat_native_state,replay_memory_bytes,1823,-628800.0
derpp,slowheat_native_state,replay_memory_bytes,2129,-628800.0
derpp,slowheat_native_state,replay_memory_bytes,2423,-628800.0
derpp,slowheat_native_state,replay_memory_bytes,2729,-628800.0
derpp,slowheat_native_state,replay_memory_bytes,3037,-628800.0
derpp,slowheat_native_state,stored_logits_bytes,311,-8000.0
derpp,slowheat_native_state,stored_logits_bytes,617,-8000.0
derpp,slowheat_native_state,stored_logits_bytes,919,-8000.0
derpp,slowheat_native_state,stored_logits_bytes,1223,-8000.0
derpp,slowheat_native_state,stored_logits_bytes,1523,-8000.0
derpp,slowheat_native_state,stored_logits_bytes,1823,-8000.0
derpp,slowheat_native_state,stored_logits_bytes,2129,-8000.0
derpp,slowheat_native_state,stored_logits_bytes,2423,-8000.0
derpp,slowheat_native_state,stored_logits_bytes,2729,-8000.0
derpp,slowheat_native_state,stored_logits_bytes,3037,-8000.0
derpp,slowheat_unidirectional,final_average_accuracy,311,-0.12412000000000012
derpp,slowheat_unidirectional,final_average_accuracy,617,-0.11291999999999991
derpp,slowheat_unidirectional,final_average_accuracy,919,-0.14132
derpp,slowheat_unidirectional,final_average_accuracy,1223,-0.14623999999999981
derpp,slowheat_unidirectional,final_average_accuracy,1523,-0.14911999999999992
derpp,slowheat_unidirectional,final_average_accuracy,1823,-0.09955999999999998
derpp,slowheat_unidirectional,final_average_accuracy,2129,-0.09404000000000001
derpp,slowheat_unidirectional,final_average_accuracy,2423,-0.13196000000000008
derpp,slowheat_unidirectional,final_average_accuracy,2729,-0.10619999999999985
derpp,slowheat_unidirectional,final_average_accuracy,3037,-0.1439600000000001
derpp,slowheat_unidirectional,average_forgetting,311,0.14745000000000003
derpp,slowheat_unidirectional,average_forgetting,617,0.13624999999999998
derpp,slowheat_unidirectional,average_forgetting,919,0.17305000000000004
derpp,slowheat_unidirectional,average_forgetting,1223,0.17975
derpp,slowheat_unidirectional,average_forgetting,1523,0.18260000000000004
derpp,slowheat_unidirectional,average_forgetting,1823,0.12159999999999999
derpp,slowheat_unidirectional,average_forgetting,2129,0.1127
derpp,slowheat_unidirectional,average_forgetting,2423,0.15905
derpp,slowheat_unidirectional,average_forgetting,2729,0.13170000000000004
derpp,slowheat_unidirectional,average_forgetting,3037,0.17520000000000005
derpp,slowheat_unidirectional,backward_transfer,311,-0.14745000000000003
derpp,slowheat_unidirectional,backward_transfer,617,-0.13624999999999998
derpp,slowheat_unidirectional,backward_transfer,919,-0.17305000000000004
derpp,slowheat_unidirectional,backward_transfer,1223,-0.17975
derpp,slowheat_unidirectional,backward_transfer,1523,-0.18260000000000004
derpp,slowheat_unidirectional,backward_transfer,1823,-0.12159999999999999
derpp,slowheat_unidirectional,backward_transfer,2129,-0.1127
derpp,slowheat_unidirectional,backward_transfer,2423,-0.15925
derpp,slowheat_unidirectional,backward_transfer,2729,-0.13170000000000004
derpp,slowheat_unidirectional,backward_transfer,3037,-0.17520000000000005
derpp,slowheat_unidirectional,forward_transfer,311,-0.009799999999999993
derpp,slowheat_unidirectional,forward_transfer,617,-0.004300000000000005
derpp,slowheat_unidirectional,forward_transfer,919,0.003749999999999993
derpp,slowheat_unidirectional,forward_transfer,1223,-0.0006000000000000016
derpp,slowheat_unidirectional,forward_transfer,1523,-0.008550000000000006
derpp,slowheat_unidirectional,forward_transfer,1823,-0.0032000000000000015
derpp,slowheat_unidirectional,forward_transfer,2129,-0.009500000000000005
derpp,slowheat_unidirectional,forward_transfer,2423,9.999999999999593e-05
derpp,slowheat_unidirectional,forward_transfer,2729,0.013000000000000005
derpp,slowheat_unidirectional,forward_transfer,3037,-0.002799999999999997
derpp,slowheat_unidirectional,task_aware_final_accuracy,311,-0.12412000000000012
derpp,slowheat_unidirectional,task_aware_final_accuracy,617,-0.11291999999999991
derpp,slowheat_unidirectional,task_aware_final_accuracy,919,-0.14132
derpp,slowheat_unidirectional,task_aware_final_accuracy,1223,-0.14623999999999981
derpp,slowheat_unidirectional,task_aware_final_accuracy,1523,-0.14911999999999992
derpp,slowheat_unidirectional,task_aware_final_accuracy,1823,-0.09955999999999998
derpp,slowheat_unidirectional,task_aware_final_accuracy,2129,-0.09404000000000001
derpp,slowheat_unidirectional,task_aware_final_accuracy,2423,-0.13196000000000008
derpp,slowheat_unidirectional,task_aware_final_accuracy,2729,-0.10619999999999985
derpp,slowheat_unidirectional,task_aware_final_accuracy,3037,-0.1439600000000001
derpp,slowheat_unidirectional,task_aware_forgetting,311,0.14745000000000003
derpp,slowheat_unidirectional,task_aware_forgetting,617,0.13624999999999998
derpp,slowheat_unidirectional,task_aware_forgetting,919,0.17305000000000004
derpp,slowheat_unidirectional,task_aware_forgetting,1223,0.17975
derpp,slowheat_unidirectional,task_aware_forgetting,1523,0.18260000000000004
derpp,slowheat_unidirectional,task_aware_forgetting,1823,0.12159999999999999
derpp,slowheat_unidirectional,task_aware_forgetting,2129,0.1127
derpp,slowheat_unidirectional,task_aware_forgetting,2423,0.15905
derpp,slowheat_unidirectional,task_aware_forgetting,2729,0.13170000000000004
derpp,slowheat_unidirectional,task_aware_forgetting,3037,0.17520000000000005
derpp,slowheat_unidirectional,classifier_gap,311,0.0
derpp,slowheat_unidirectional,classifier_gap,617,0.0
derpp,slowheat_unidirectional,classifier_gap,919,0.0
derpp,slowheat_unidirectional,classifier_gap,1223,0.0
derpp,slowheat_unidirectional,classifier_gap,1523,0.0
derpp,slowheat_unidirectional,classifier_gap,1823,0.0
derpp,slowheat_unidirectional,classifier_gap,2129,0.0
derpp,slowheat_unidirectional,classifier_gap,2423,0.0
derpp,slowheat_unidirectional,classifier_gap,2729,0.0
derpp,slowheat_unidirectional,classifier_gap,3037,0.0
derpp,slowheat_unidirectional,elapsed_seconds,311,6.566462364018662
derpp,slowheat_unidirectional,elapsed_seconds,617,6.552223853010219
derpp,slowheat_unidirectional,elapsed_seconds,919,6.611180319014238
derpp,slowheat_unidirectional,elapsed_seconds,1223,5.674104656005511
derpp,slowheat_unidirectional,elapsed_seconds,1523,6.29653256299207
derpp,slowheat_unidirectional,elapsed_seconds,1823,5.824567563977325
derpp,slowheat_unidirectional,elapsed_seconds,2129,5.681068145000609
derpp,slowheat_unidirectional,elapsed_seconds,2423,6.038861838984303
derpp,slowheat_unidirectional,elapsed_seconds,2729,6.070900012011407
derpp,slowheat_unidirectional,elapsed_seconds,3037,6.032978117000312
derpp,slowheat_unidirectional,learner_examples_processed,311,-202240.0
derpp,slowheat_unidirectional,learner_examples_processed,617,-202240.0
derpp,slowheat_unidirectional,learner_examples_processed,919,-202240.0
derpp,slowheat_unidirectional,learner_examples_processed,1223,-202240.0
derpp,slowheat_unidirectional,learner_examples_processed,1523,-202240.0
derpp,slowheat_unidirectional,learner_examples_processed,1823,-202240.0
derpp,slowheat_unidirectional,learner_examples_processed,2129,-202240.0
derpp,slowheat_unidirectional,learner_examples_processed,2423,-202240.0
derpp,slowheat_unidirectional,learner_examples_processed,2729,-202240.0
derpp,slowheat_unidirectional,learner_examples_processed,3037,-202240.0
derpp,slowheat_unidirectional,total_model_examples_processed,311,-202240.0
derpp,slowheat_unidirectional,total_model_examples_processed,617,-202240.0
derpp,slowheat_unidirectional,total_model_examples_processed,919,-202240.0
derpp,slowheat_unidirectional,total_model_examples_processed,1223,-202240.0
derpp,slowheat_unidirectional,total_model_examples_processed,1523,-202240.0
derpp,slowheat_unidirectional,total_model_examples_processed,1823,-202240.0
derpp,slowheat_unidirectional,total_model_examples_processed,2129,-202240.0
derpp,slowheat_unidirectional,total_model_examples_processed,2423,-202240.0
derpp,slowheat_unidirectional,total_model_examples_processed,2729,-202240.0
derpp,slowheat_unidirectional,total_model_examples_processed,3037,-202240.0
derpp,slowheat_unidirectional,estimated_total_flops,311,-645548995820.0
derpp,slowheat_unidirectional,estimated_total_flops,617,-645548995820.0
derpp,slowheat_unidirectional,estimated_total_flops,919,-645548995820.0
derpp,slowheat_unidirectional,estimated_total_flops,1223,-645548995820.0
derpp,slowheat_unidirectional,estimated_total_flops,1523,-645548995820.0
derpp,slowheat_unidirectional,estimated_total_flops,1823,-645548995820.0
derpp,slowheat_unidirectional,estimated_total_flops,2129,-645548995820.0
derpp,slowheat_unidirectional,estimated_total_flops,2423,-645548995820.0
derpp,slowheat_unidirectional,estimated_total_flops,2729,-645548995820.0
derpp,slowheat_unidirectional,estimated_total_flops,3037,-645548995820.0
derpp,slowheat_unidirectional,estimated_overhead_flops,311,3689941780.0
derpp,slowheat_unidirectional,estimated_overhead_flops,617,3689941780.0
derpp,slowheat_unidirectional,estimated_overhead_flops,919,3689941780.0
derpp,slowheat_unidirectional,estimated_overhead_flops,1223,3689941780.0
derpp,slowheat_unidirectional,estimated_overhead_flops,1523,3689941780.0
derpp,slowheat_unidirectional,estimated_overhead_flops,1823,3689941780.0
derpp,slowheat_unidirectional,estimated_overhead_flops,2129,3689941780.0
derpp,slowheat_unidirectional,estimated_overhead_flops,2423,3689941780.0
derpp,slowheat_unidirectional,estimated_overhead_flops,2729,3689941780.0
derpp,slowheat_unidirectional,estimated_overhead_flops,3037,3689941780.0
derpp,slowheat_unidirectional,replay_memory_bytes,311,-628800.0
derpp,slowheat_unidirectional,replay_memory_bytes,617,-628800.0
derpp,slowheat_unidirectional,replay_memory_bytes,919,-628800.0
derpp,slowheat_unidirectional,replay_memory_bytes,1223,-628800.0
derpp,slowheat_unidirectional,replay_memory_bytes,1523,-628800.0
derpp,slowheat_unidirectional,replay_memory_bytes,1823,-628800.0
derpp,slowheat_unidirectional,replay_memory_bytes,2129,-628800.0
derpp,slowheat_unidirectional,replay_memory_bytes,2423,-628800.0
derpp,slowheat_unidirectional,replay_memory_bytes,2729,-628800.0
derpp,slowheat_unidirectional,replay_memory_bytes,3037,-628800.0
derpp,slowheat_unidirectional,stored_logits_bytes,311,-8000.0
derpp,slowheat_unidirectional,stored_logits_bytes,617,-8000.0
derpp,slowheat_unidirectional,stored_logits_bytes,919,-8000.0
derpp,slowheat_unidirectional,stored_logits_bytes,1223,-8000.0
derpp,slowheat_unidirectional,stored_logits_bytes,1523,-8000.0
derpp,slowheat_unidirectional,stored_logits_bytes,1823,-8000.0
derpp,slowheat_unidirectional,stored_logits_bytes,2129,-8000.0
derpp,slowheat_unidirectional,stored_logits_bytes,2423,-8000.0
derpp,slowheat_unidirectional,stored_logits_bytes,2729,-8000.0
derpp,slowheat_unidirectional,stored_logits_bytes,3037,-8000.0
derpp,slowheat_unbudgeted,final_average_accuracy,311,-0.06628000000000012
derpp,slowheat_unbudgeted,final_average_accuracy,617,-0.054079999999999906
derpp,slowheat_unbudgeted,final_average_accuracy,919,-0.06479999999999997
derpp,slowheat_unbudgeted,final_average_accuracy,1223,-0.08388000000000007
derpp,slowheat_unbudgeted,final_average_accuracy,1523,-0.11215999999999982
derpp,slowheat_unbudgeted,final_average_accuracy,1823,-0.07875999999999994
derpp,slowheat_unbudgeted,final_average_accuracy,2129,-0.06223999999999996
derpp,slowheat_unbudgeted,final_average_accuracy,2423,-0.05799999999999994
derpp,slowheat_unbudgeted,final_average_accuracy,2729,-0.05011999999999983
derpp,slowheat_unbudgeted,final_average_accuracy,3037,-0.0732799999999999
derpp,slowheat_unbudgeted,average_forgetting,311,0.0759
derpp,slowheat_unbudgeted,average_forgetting,617,0.061200000000000004
derpp,slowheat_unbudgeted,average_forgetting,919,0.07425000000000001
derpp,slowheat_unbudgeted,average_forgetting,1223,0.09779999999999997
derpp,slowheat_unbudgeted,average_forgetting,1523,0.13355000000000006
derpp,slowheat_unbudgeted,average_forgetting,1823,0.09525000000000003
derpp,slowheat_unbudgeted,average_forgetting,2129,0.07235
derpp,slowheat_unbudgeted,average_forgetting,2423,0.06604999999999997
derpp,slowheat_unbudgeted,average_forgetting,2729,0.05870000000000006
derpp,slowheat_unbudgeted,average_forgetting,3037,0.08620000000000003
derpp,slowheat_unbudgeted,backward_transfer,311,-0.0759
derpp,slowheat_unbudgeted,backward_transfer,617,-0.061200000000000004
derpp,slowheat_unbudgeted,backward_transfer,919,-0.07425000000000001
derpp,slowheat_unbudgeted,backward_transfer,1223,-0.09779999999999997
derpp,slowheat_unbudgeted,backward_transfer,1523,-0.13355000000000006
derpp,slowheat_unbudgeted,backward_transfer,1823,-0.09525000000000003
derpp,slowheat_unbudgeted,backward_transfer,2129,-0.07235
derpp,slowheat_unbudgeted,backward_transfer,2423,-0.06624999999999998
derpp,slowheat_unbudgeted,backward_transfer,2729,-0.05870000000000006
derpp,slowheat_unbudgeted,backward_transfer,3037,-0.08620000000000003
derpp,slowheat_unbudgeted,forward_transfer,311,-0.0055499999999999924
derpp,slowheat_unbudgeted,forward_transfer,617,-0.006200000000000004
derpp,slowheat_unbudgeted,forward_transfer,919,0.004449999999999999
derpp,slowheat_unbudgeted,forward_transfer,1223,0.0009999999999999974
derpp,slowheat_unbudgeted,forward_transfer,1523,-0.008600000000000007
derpp,slowheat_unbudgeted,forward_transfer,1823,-0.0006999999999999992
derpp,slowheat_unbudgeted,forward_transfer,2129,-0.003650000000000004
derpp,slowheat_unbudgeted,forward_transfer,2423,-0.005549999999999996
derpp,slowheat_unbudgeted,forward_transfer,2729,0.005200000000000003
derpp,slowheat_unbudgeted,forward_transfer,3037,-0.0008999999999999946
derpp,slowheat_unbudgeted,task_aware_final_accuracy,311,-0.06628000000000012
derpp,slowheat_unbudgeted,task_aware_final_accuracy,617,-0.054079999999999906
derpp,slowheat_unbudgeted,task_aware_final_accuracy,919,-0.06479999999999997
derpp,slowheat_unbudgeted,task_aware_final_accuracy,1223,-0.08388000000000007
derpp,slowheat_unbudgeted,task_aware_final_accuracy,1523,-0.11215999999999982
derpp,slowheat_unbudgeted,task_aware_final_accuracy,1823,-0.07875999999999994
derpp,slowheat_unbudgeted,task_aware_final_accuracy,2129,-0.06223999999999996
derpp,slowheat_unbudgeted,task_aware_final_accuracy,2423,-0.05799999999999994
derpp,slowheat_unbudgeted,task_aware_final_accuracy,2729,-0.05011999999999983
derpp,slowheat_unbudgeted,task_aware_final_accuracy,3037,-0.0732799999999999
derpp,slowheat_unbudgeted,task_aware_forgetting,311,0.0759
derpp,slowheat_unbudgeted,task_aware_forgetting,617,0.061200000000000004
derpp,slowheat_unbudgeted,task_aware_forgetting,919,0.07425000000000001
derpp,slowheat_unbudgeted,task_aware_forgetting,1223,0.09779999999999997
derpp,slowheat_unbudgeted,task_aware_forgetting,1523,0.13355000000000006
derpp,slowheat_unbudgeted,task_aware_forgetting,1823,0.09525000000000003
derpp,slowheat_unbudgeted,task_aware_forgetting,2129,0.07235
derpp,slowheat_unbudgeted,task_aware_forgetting,2423,0.06604999999999997
derpp,slowheat_unbudgeted,task_aware_forgetting,2729,0.05870000000000006
derpp,slowheat_unbudgeted,task_aware_forgetting,3037,0.08620000000000003
derpp,slowheat_unbudgeted,classifier_gap,311,0.0
derpp,slowheat_unbudgeted,classifier_gap,617,0.0
derpp,slowheat_unbudgeted,classifier_gap,919,0.0
derpp,slowheat_unbudgeted,classifier_gap,1223,0.0
derpp,slowheat_unbudgeted,classifier_gap,1523,0.0
derpp,slowheat_unbudgeted,classifier_gap,1823,0.0
derpp,slowheat_unbudgeted,classifier_gap,2129,0.0
derpp,slowheat_unbudgeted,classifier_gap,2423,0.0
derpp,slowheat_unbudgeted,classifier_gap,2729,0.0
derpp,slowheat_unbudgeted,classifier_gap,3037,0.0
derpp,slowheat_unbudgeted,elapsed_seconds,311,7.146432044013636
derpp,slowheat_unbudgeted,elapsed_seconds,617,7.106263390014647
derpp,slowheat_unbudgeted,elapsed_seconds,919,6.9677666789793875
derpp,slowheat_unbudgeted,elapsed_seconds,1223,6.235409726999933
derpp,slowheat_unbudgeted,elapsed_seconds,1523,6.744562405976467
derpp,slowheat_unbudgeted,elapsed_seconds,1823,6.012849220016506
derpp,slowheat_unbudgeted,elapsed_seconds,2129,6.222849214012967
derpp,slowheat_unbudgeted,elapsed_seconds,2423,6.639442178013269
derpp,slowheat_unbudgeted,elapsed_seconds,2729,6.734602781012654
derpp,slowheat_unbudgeted,elapsed_seconds,3037,6.4784880180086475
derpp,slowheat_unbudgeted,learner_examples_processed,311,-202240.0
derpp,slowheat_unbudgeted,learner_examples_processed,617,-202240.0
derpp,slowheat_unbudgeted,learner_examples_processed,919,-202240.0
derpp,slowheat_unbudgeted,learner_examples_processed,1223,-202240.0
derpp,slowheat_unbudgeted,learner_examples_processed,1523,-202240.0
derpp,slowheat_unbudgeted,learner_examples_processed,1823,-202240.0
derpp,slowheat_unbudgeted,learner_examples_processed,2129,-202240.0
derpp,slowheat_unbudgeted,learner_examples_processed,2423,-202240.0
derpp,slowheat_unbudgeted,learner_examples_processed,2729,-202240.0
derpp,slowheat_unbudgeted,learner_examples_processed,3037,-202240.0
derpp,slowheat_unbudgeted,total_model_examples_processed,311,-202240.0
derpp,slowheat_unbudgeted,total_model_examples_processed,617,-202240.0
derpp,slowheat_unbudgeted,total_model_examples_processed,919,-202240.0
derpp,slowheat_unbudgeted,total_model_examples_processed,1223,-202240.0
derpp,slowheat_unbudgeted,total_model_examples_processed,1523,-202240.0
derpp,slowheat_unbudgeted,total_model_examples_processed,1823,-202240.0
derpp,slowheat_unbudgeted,total_model_examples_processed,2129,-202240.0
derpp,slowheat_unbudgeted,total_model_examples_processed,2423,-202240.0
derpp,slowheat_unbudgeted,total_model_examples_processed,2729,-202240.0
derpp,slowheat_unbudgeted,total_model_examples_processed,3037,-202240.0
derpp,slowheat_unbudgeted,estimated_total_flops,311,-645548995820.0
derpp,slowheat_unbudgeted,estimated_total_flops,617,-645548995820.0
derpp,slowheat_unbudgeted,estimated_total_flops,919,-645548995820.0
derpp,slowheat_unbudgeted,estimated_total_flops,1223,-645548995820.0
derpp,slowheat_unbudgeted,estimated_total_flops,1523,-645548995820.0
derpp,slowheat_unbudgeted,estimated_total_flops,1823,-645548995820.0
derpp,slowheat_unbudgeted,estimated_total_flops,2129,-645548995820.0
derpp,slowheat_unbudgeted,estimated_total_flops,2423,-645548995820.0
derpp,slowheat_unbudgeted,estimated_total_flops,2729,-645548995820.0
derpp,slowheat_unbudgeted,estimated_total_flops,3037,-645548995820.0
derpp,slowheat_unbudgeted,estimated_overhead_flops,311,3689941780.0
derpp,slowheat_unbudgeted,estimated_overhead_flops,617,3689941780.0
derpp,slowheat_unbudgeted,estimated_overhead_flops,919,3689941780.0
derpp,slowheat_unbudgeted,estimated_overhead_flops,1223,3689941780.0
derpp,slowheat_unbudgeted,estimated_overhead_flops,1523,3689941780.0
derpp,slowheat_unbudgeted,estimated_overhead_flops,1823,3689941780.0
derpp,slowheat_unbudgeted,estimated_overhead_flops,2129,3689941780.0
derpp,slowheat_unbudgeted,estimated_overhead_flops,2423,3689941780.0
derpp,slowheat_unbudgeted,estimated_overhead_flops,2729,3689941780.0
derpp,slowheat_unbudgeted,estimated_overhead_flops,3037,3689941780.0
derpp,slowheat_unbudgeted,replay_memory_bytes,311,-628800.0
derpp,slowheat_unbudgeted,replay_memory_bytes,617,-628800.0
derpp,slowheat_unbudgeted,replay_memory_bytes,919,-628800.0
derpp,slowheat_unbudgeted,replay_memory_bytes,1223,-628800.0
derpp,slowheat_unbudgeted,replay_memory_bytes,1523,-628800.0
derpp,slowheat_unbudgeted,replay_memory_bytes,1823,-628800.0
derpp,slowheat_unbudgeted,replay_memory_bytes,2129,-628800.0
derpp,slowheat_unbudgeted,replay_memory_bytes,2423,-628800.0
derpp,slowheat_unbudgeted,replay_memory_bytes,2729,-628800.0
derpp,slowheat_unbudgeted,replay_memory_bytes,3037,-628800.0
derpp,slowheat_unbudgeted,stored_logits_bytes,311,-8000.0
derpp,slowheat_unbudgeted,stored_logits_bytes,617,-8000.0
derpp,slowheat_unbudgeted,stored_logits_bytes,919,-8000.0
derpp,slowheat_unbudgeted,stored_logits_bytes,1223,-8000.0
derpp,slowheat_unbudgeted,stored_logits_bytes,1523,-8000.0
derpp,slowheat_unbudgeted,stored_logits_bytes,1823,-8000.0
derpp,slowheat_unbudgeted,stored_logits_bytes,2129,-8000.0
derpp,slowheat_unbudgeted,stored_logits_bytes,2423,-8000.0
derpp,slowheat_unbudgeted,stored_logits_bytes,2729,-8000.0
derpp,slowheat_unbudgeted,stored_logits_bytes,3037,-8000.0
derpp,slowheat_none,final_average_accuracy,311,-0.24
derpp,slowheat_none,final_average_accuracy,617,-0.2789599999999999
derpp,slowheat_none,final_average_accuracy,919,-0.23383999999999994
derpp,slowheat_none,final_average_accuracy,1223,-0.2539199999999999
derpp,slowheat_none,final_average_accuracy,1523,-0.30291999999999986
derpp,slowheat_none,final_average_accuracy,1823,-0.23812
derpp,slowheat_none,final_average_accuracy,2129,-0.24672000000000005
derpp,slowheat_none,final_average_accuracy,2423,-0.26327999999999996
derpp,slowheat_none,final_average_accuracy,2729,-0.16188000000000002
derpp,slowheat_none,final_average_accuracy,3037,-0.24831999999999999
derpp,slowheat_none,average_forgetting,311,0.2994
derpp,slowheat_none,average_forgetting,617,0.34885
derpp,slowheat_none,average_forgetting,919,0.29305000000000003
derpp,slowheat_none,average_forgetting,1223,0.3185
derpp,slowheat_none,average_forgetting,1523,0.37860000000000005
derpp,slowheat_none,average_forgetting,1823,0.30074999999999996
derpp,slowheat_none,average_forgetting,2129,0.3096
derpp,slowheat_none,average_forgetting,2423,0.3298500000000001
derpp,slowheat_none,average_forgetting,2729,0.20525000000000002
derpp,slowheat_none,average_forgetting,3037,0.31235
derpp,slowheat_none,backward_transfer,311,-0.2994
derpp,slowheat_none,backward_transfer,617,-0.34885
derpp,slowheat_none,backward_transfer,919,-0.29305000000000003
derpp,slowheat_none,backward_transfer,1223,-0.3185
derpp,slowheat_none,backward_transfer,1523,-0.37860000000000005
derpp,slowheat_none,backward_transfer,1823,-0.30074999999999996
derpp,slowheat_none,backward_transfer,2129,-0.3096
derpp,slowheat_none,backward_transfer,2423,-0.33005000000000007
derpp,slowheat_none,backward_transfer,2729,-0.20525000000000002
derpp,slowheat_none,backward_transfer,3037,-0.31235
derpp,slowheat_none,forward_transfer,311,-0.005249999999999998
derpp,slowheat_none,forward_transfer,617,0.00044999999999999554
derpp,slowheat_none,forward_transfer,919,0.0009999999999999974
derpp,slowheat_none,forward_transfer,1223,0.004150000000000001
derpp,slowheat_none,forward_transfer,1523,-0.007700000000000002
derpp,slowheat_none,forward_transfer,1823,0.011150000000000004
derpp,slowheat_none,forward_transfer,2129,0.005599999999999997
derpp,slowheat_none,forward_transfer,2423,-0.0010000000000000044
derpp,slowheat_none,forward_transfer,2729,0.007550000000000005
derpp,slowheat_none,forward_transfer,3037,0.000800000000000009
derpp,slowheat_none,task_aware_final_accuracy,311,-0.24
derpp,slowheat_none,task_aware_final_accuracy,617,-0.2789599999999999
derpp,slowheat_none,task_aware_final_accuracy,919,-0.23383999999999994
derpp,slowheat_none,task_aware_final_accuracy,1223,-0.2539199999999999
derpp,slowheat_none,task_aware_final_accuracy,1523,-0.30291999999999986
derpp,slowheat_none,task_aware_final_accuracy,1823,-0.23812
derpp,slowheat_none,task_aware_final_accuracy,2129,-0.24672000000000005
derpp,slowheat_none,task_aware_final_accuracy,2423,-0.26327999999999996
derpp,slowheat_none,task_aware_final_accuracy,2729,-0.16188000000000002
derpp,slowheat_none,task_aware_final_accuracy,3037,-0.24831999999999999
derpp,slowheat_none,task_aware_forgetting,311,0.2994
derpp,slowheat_none,task_aware_forgetting,617,0.34885
derpp,slowheat_none,task_aware_forgetting,919,0.29305000000000003
derpp,slowheat_none,task_aware_forgetting,1223,0.3185
derpp,slowheat_none,task_aware_forgetting,1523,0.37860000000000005
derpp,slowheat_none,task_aware_forgetting,1823,0.30074999999999996
derpp,slowheat_none,task_aware_forgetting,2129,0.3096
derpp,slowheat_none,task_aware_forgetting,2423,0.3298500000000001
derpp,slowheat_none,task_aware_forgetting,2729,0.20525000000000002
derpp,slowheat_none,task_aware_forgetting,3037,0.31235
derpp,slowheat_none,classifier_gap,311,0.0
derpp,slowheat_none,classifier_gap,617,0.0
derpp,slowheat_none,classifier_gap,919,0.0
derpp,slowheat_none,classifier_gap,1223,0.0
derpp,slowheat_none,classifier_gap,1523,0.0
derpp,slowheat_none,classifier_gap,1823,0.0
derpp,slowheat_none,classifier_gap,2129,0.0
derpp,slowheat_none,classifier_gap,2423,0.0
derpp,slowheat_none,classifier_gap,2729,0.0
derpp,slowheat_none,classifier_gap,3037,0.0
derpp,slowheat_none,elapsed_seconds,311,7.132840582024073
derpp,slowheat_none,elapsed_seconds,617,7.094959050009493
derpp,slowheat_none,elapsed_seconds,919,7.005232386989519
derpp,slowheat_none,elapsed_seconds,1223,6.223991242994089
derpp,slowheat_none,elapsed_seconds,1523,6.721634488989366
derpp,slowheat_none,elapsed_seconds,1823,5.807402816019021
derpp,slowheat_none,elapsed_seconds,2129,6.225935744005255
derpp,slowheat_none,elapsed_seconds,2423,6.579917549999664
derpp,slowheat_none,elapsed_seconds,2729,6.786777225002879
derpp,slowheat_none,elapsed_seconds,3037,6.426159818016458
derpp,slowheat_none,learner_examples_processed,311,-202240.0
derpp,slowheat_none,learner_examples_processed,617,-202240.0
derpp,slowheat_none,learner_examples_processed,919,-202240.0
derpp,slowheat_none,learner_examples_processed,1223,-202240.0
derpp,slowheat_none,learner_examples_processed,1523,-202240.0
derpp,slowheat_none,learner_examples_processed,1823,-202240.0
derpp,slowheat_none,learner_examples_processed,2129,-202240.0
derpp,slowheat_none,learner_examples_processed,2423,-202240.0
derpp,slowheat_none,learner_examples_processed,2729,-202240.0
derpp,slowheat_none,learner_examples_processed,3037,-202240.0
derpp,slowheat_none,total_model_examples_processed,311,-202240.0
derpp,slowheat_none,total_model_examples_processed,617,-202240.0
derpp,slowheat_none,total_model_examples_processed,919,-202240.0
derpp,slowheat_none,total_model_examples_processed,1223,-202240.0
derpp,slowheat_none,total_model_examples_processed,1523,-202240.0
derpp,slowheat_none,total_model_examples_processed,1823,-202240.0
derpp,slowheat_none,total_model_examples_processed,2129,-202240.0
derpp,slowheat_none,total_model_examples_processed,2423,-202240.0
derpp,slowheat_none,total_model_examples_processed,2729,-202240.0
derpp,slowheat_none,total_model_examples_processed,3037,-202240.0
derpp,slowheat_none,estimated_total_flops,311,-645549029300.0
derpp,slowheat_none,estimated_total_flops,617,-645549029300.0
derpp,slowheat_none,estimated_total_flops,919,-645549029300.0
derpp,slowheat_none,estimated_total_flops,1223,-645549029300.0
derpp,slowheat_none,estimated_total_flops,1523,-645549029300.0
derpp,slowheat_none,estimated_total_flops,1823,-645549029300.0
derpp,slowheat_none,estimated_total_flops,2129,-645549029300.0
derpp,slowheat_none,estimated_total_flops,2423,-645549029300.0
derpp,slowheat_none,estimated_total_flops,2729,-645549029300.0
derpp,slowheat_none,estimated_total_flops,3037,-645549029300.0
derpp,slowheat_none,estimated_overhead_flops,311,3689908300.0
derpp,slowheat_none,estimated_overhead_flops,617,3689908300.0
derpp,slowheat_none,estimated_overhead_flops,919,3689908300.0
derpp,slowheat_none,estimated_overhead_flops,1223,3689908300.0
derpp,slowheat_none,estimated_overhead_flops,1523,3689908300.0
derpp,slowheat_none,estimated_overhead_flops,1823,3689908300.0
derpp,slowheat_none,estimated_overhead_flops,2129,3689908300.0
derpp,slowheat_none,estimated_overhead_flops,2423,3689908300.0
derpp,slowheat_none,estimated_overhead_flops,2729,3689908300.0
derpp,slowheat_none,estimated_overhead_flops,3037,3689908300.0
derpp,slowheat_none,replay_memory_bytes,311,-628800.0
derpp,slowheat_none,replay_memory_bytes,617,-628800.0
derpp,slowheat_none,replay_memory_bytes,919,-628800.0
derpp,slowheat_none,replay_memory_bytes,1223,-628800.0
derpp,slowheat_none,replay_memory_bytes,1523,-628800.0
derpp,slowheat_none,replay_memory_bytes,1823,-628800.0
derpp,slowheat_none,replay_memory_bytes,2129,-628800.0
derpp,slowheat_none,replay_memory_bytes,2423,-628800.0
derpp,slowheat_none,replay_memory_bytes,2729,-628800.0
derpp,slowheat_none,replay_memory_bytes,3037,-628800.0
derpp,slowheat_none,stored_logits_bytes,311,-8000.0
derpp,slowheat_none,stored_logits_bytes,617,-8000.0
derpp,slowheat_none,stored_logits_bytes,919,-8000.0
derpp,slowheat_none,stored_logits_bytes,1223,-8000.0
derpp,slowheat_none,stored_logits_bytes,1523,-8000.0
derpp,slowheat_none,stored_logits_bytes,1823,-8000.0
derpp,slowheat_none,stored_logits_bytes,2129,-8000.0
derpp,slowheat_none,stored_logits_bytes,2423,-8000.0
derpp,slowheat_none,stored_logits_bytes,2729,-8000.0
derpp,slowheat_none,stored_logits_bytes,3037,-8000.0
derpp,hard_freeze,final_average_accuracy,311,-0.04932000000000003
derpp,hard_freeze,final_average_accuracy,617,-0.06979999999999986
derpp,hard_freeze,final_average_accuracy,919,-0.04368000000000005
derpp,hard_freeze,final_average_accuracy,1223,-0.07503999999999988
derpp,hard_freeze,final_average_accuracy,1523,-0.050839999999999885
derpp,hard_freeze,final_average_accuracy,1823,-0.05367999999999995
derpp,hard_freeze,final_average_accuracy,2129,-0.04364000000000012
derpp,hard_freeze,final_average_accuracy,2423,-0.04359999999999997
derpp,hard_freeze,final_average_accuracy,2729,-0.04179999999999984
derpp,hard_freeze,final_average_accuracy,3037,-0.05908000000000002
derpp,hard_freeze,average_forgetting,311,0.0406
derpp,hard_freeze,average_forgetting,617,0.07145000000000001
derpp,hard_freeze,average_forgetting,919,0.04060000000000005
derpp,hard_freeze,average_forgetting,1223,0.0791
derpp,hard_freeze,average_forgetting,1523,0.04575000000000004
derpp,hard_freeze,average_forgetting,1823,0.05465000000000003
derpp,hard_freeze,average_forgetting,2129,0.03924999999999998
derpp,hard_freeze,average_forgetting,2423,0.040450000000000014
derpp,hard_freeze,average_forgetting,2729,0.03645000000000001
derpp,hard_freeze,average_forgetting,3037,0.05585000000000001
derpp,hard_freeze,backward_transfer,311,-0.0406
derpp,hard_freeze,backward_transfer,617,-0.07145000000000001
derpp,hard_freeze,backward_transfer,919,-0.04060000000000005
derpp,hard_freeze,backward_transfer,1223,-0.0791
derpp,hard_freeze,backward_transfer,1523,-0.04575000000000004
derpp,hard_freeze,backward_transfer,1823,-0.05465000000000003
derpp,hard_freeze,backward_transfer,2129,-0.03924999999999998
derpp,hard_freeze,backward_transfer,2423,-0.04065000000000002
derpp,hard_freeze,backward_transfer,2729,-0.03645000000000001
derpp,hard_freeze,backward_transfer,3037,-0.05585000000000001
derpp,hard_freeze,forward_transfer,311,-0.024949999999999996
derpp,hard_freeze,forward_transfer,617,-0.009650000000000002
derpp,hard_freeze,forward_transfer,919,0.006499999999999995
derpp,hard_freeze,forward_transfer,1223,-0.002749999999999999
derpp,hard_freeze,forward_transfer,1523,-0.007500000000000007
derpp,hard_freeze,forward_transfer,1823,-0.0059000000000000025
derpp,hard_freeze,forward_transfer,2129,-0.006400000000000003
derpp,hard_freeze,forward_transfer,2423,0.001850000000000001
derpp,hard_freeze,forward_transfer,2729,0.0025500000000000037
derpp,hard_freeze,forward_transfer,3037,-0.008449999999999996
derpp,hard_freeze,task_aware_final_accuracy,311,-0.04932000000000003
derpp,hard_freeze,task_aware_final_accuracy,617,-0.06979999999999986
derpp,hard_freeze,task_aware_final_accuracy,919,-0.04368000000000005
derpp,hard_freeze,task_aware_final_accuracy,1223,-0.07503999999999988
derpp,hard_freeze,task_aware_final_accuracy,1523,-0.050839999999999885
derpp,hard_freeze,task_aware_final_accuracy,1823,-0.05367999999999995
derpp,hard_freeze,task_aware_final_accuracy,2129,-0.04364000000000012
derpp,hard_freeze,task_aware_final_accuracy,2423,-0.04359999999999997
derpp,hard_freeze,task_aware_final_accuracy,2729,-0.04179999999999984
derpp,hard_freeze,task_aware_final_accuracy,3037,-0.05908000000000002
derpp,hard_freeze,task_aware_forgetting,311,0.0406
derpp,hard_freeze,task_aware_forgetting,617,0.07145000000000001
derpp,hard_freeze,task_aware_forgetting,919,0.04060000000000005
derpp,hard_freeze,task_aware_forgetting,1223,0.0791
derpp,hard_freeze,task_aware_forgetting,1523,0.04575000000000004
derpp,hard_freeze,task_aware_forgetting,1823,0.05465000000000003
derpp,hard_freeze,task_aware_forgetting,2129,0.03924999999999998
derpp,hard_freeze,task_aware_forgetting,2423,0.040450000000000014
derpp,hard_freeze,task_aware_forgetting,2729,0.03645000000000001
derpp,hard_freeze,task_aware_forgetting,3037,0.05585000000000001
derpp,hard_freeze,classifier_gap,311,0.0
derpp,hard_freeze,classifier_gap,617,0.0
derpp,hard_freeze,classifier_gap,919,0.0
derpp,hard_freeze,classifier_gap,1223,0.0
derpp,hard_freeze,classifier_gap,1523,0.0
derpp,hard_freeze,classifier_gap,1823,0.0
derpp,hard_freeze,classifier_gap,2129,0.0
derpp,hard_freeze,classifier_gap,2423,0.0
derpp,hard_freeze,classifier_gap,2729,0.0
derpp,hard_freeze,classifier_gap,3037,0.0
derpp,hard_freeze,elapsed_seconds,311,6.43434058999992
derpp,hard_freeze,elapsed_seconds,617,6.502063325984636
derpp,hard_freeze,elapsed_seconds,919,6.455679870006861
derpp,hard_freeze,elapsed_seconds,1223,5.582317116000922
derpp,hard_freeze,elapsed_seconds,1523,6.2435002149723005
derpp,hard_freeze,elapsed_seconds,1823,5.440153784002177
derpp,hard_freeze,elapsed_seconds,2129,5.5652784150152
derpp,hard_freeze,elapsed_seconds,2423,6.0172193860053085
derpp,hard_freeze,elapsed_seconds,2729,6.09525170098641
derpp,hard_freeze,elapsed_seconds,3037,5.980316118017072
derpp,hard_freeze,learner_examples_processed,311,-202240.0
derpp,hard_freeze,learner_examples_processed,617,-202240.0
derpp,hard_freeze,learner_examples_processed,919,-202240.0
derpp,hard_freeze,learner_examples_processed,1223,-202240.0
derpp,hard_freeze,learner_examples_processed,1523,-202240.0
derpp,hard_freeze,learner_examples_processed,1823,-202240.0
derpp,hard_freeze,learner_examples_processed,2129,-202240.0
derpp,hard_freeze,learner_examples_processed,2423,-202240.0
derpp,hard_freeze,learner_examples_processed,2729,-202240.0
derpp,hard_freeze,learner_examples_processed,3037,-202240.0
derpp,hard_freeze,total_model_examples_processed,311,-202240.0
derpp,hard_freeze,total_model_examples_processed,617,-202240.0
derpp,hard_freeze,total_model_examples_processed,919,-202240.0
derpp,hard_freeze,total_model_examples_processed,1223,-202240.0
derpp,hard_freeze,total_model_examples_processed,1523,-202240.0
derpp,hard_freeze,total_model_examples_processed,1823,-202240.0
derpp,hard_freeze,total_model_examples_processed,2129,-202240.0
derpp,hard_freeze,total_model_examples_processed,2423,-202240.0
derpp,hard_freeze,total_model_examples_processed,2729,-202240.0
derpp,hard_freeze,total_model_examples_processed,3037,-202240.0
derpp,hard_freeze,estimated_total_flops,311,-645548995820.0
derpp,hard_freeze,estimated_total_flops,617,-645548995820.0
derpp,hard_freeze,estimated_total_flops,919,-645548995820.0
derpp,hard_freeze,estimated_total_flops,1223,-645548995820.0
derpp,hard_freeze,estimated_total_flops,1523,-645548995820.0
derpp,hard_freeze,estimated_total_flops,1823,-645548995820.0
derpp,hard_freeze,estimated_total_flops,2129,-645548995820.0
derpp,hard_freeze,estimated_total_flops,2423,-645548995820.0
derpp,hard_freeze,estimated_total_flops,2729,-645548995820.0
derpp,hard_freeze,estimated_total_flops,3037,-645548995820.0
derpp,hard_freeze,estimated_overhead_flops,311,3689941780.0
derpp,hard_freeze,estimated_overhead_flops,617,3689941780.0
derpp,hard_freeze,estimated_overhead_flops,919,3689941780.0
derpp,hard_freeze,estimated_overhead_flops,1223,3689941780.0
derpp,hard_freeze,estimated_overhead_flops,1523,3689941780.0
derpp,hard_freeze,estimated_overhead_flops,1823,3689941780.0
derpp,hard_freeze,estimated_overhead_flops,2129,3689941780.0
derpp,hard_freeze,estimated_overhead_flops,2423,3689941780.0
derpp,hard_freeze,estimated_overhead_flops,2729,3689941780.0
derpp,hard_freeze,estimated_overhead_flops,3037,3689941780.0
derpp,hard_freeze,replay_memory_bytes,311,-628800.0
derpp,hard_freeze,replay_memory_bytes,617,-628800.0
derpp,hard_freeze,replay_memory_bytes,919,-628800.0
derpp,hard_freeze,replay_memory_bytes,1223,-628800.0
derpp,hard_freeze,replay_memory_bytes,1523,-628800.0
derpp,hard_freeze,replay_memory_bytes,1823,-628800.0
derpp,hard_freeze,replay_memory_bytes,2129,-628800.0
derpp,hard_freeze,replay_memory_bytes,2423,-628800.0
derpp,hard_freeze,replay_memory_bytes,2729,-628800.0
derpp,hard_freeze,replay_memory_bytes,3037,-628800.0
derpp,hard_freeze,stored_logits_bytes,311,-8000.0
derpp,hard_freeze,stored_logits_bytes,617,-8000.0
derpp,hard_freeze,stored_logits_bytes,919,-8000.0
derpp,hard_freeze,stored_logits_bytes,1223,-8000.0
derpp,hard_freeze,stored_logits_bytes,1523,-8000.0
derpp,hard_freeze,stored_logits_bytes,1823,-8000.0
derpp,hard_freeze,stored_logits_bytes,2129,-8000.0
derpp,hard_freeze,stored_logits_bytes,2423,-8000.0
derpp,hard_freeze,stored_logits_bytes,2729,-8000.0
derpp,hard_freeze,stored_logits_bytes,3037,-8000.0
derpp,replay,final_average_accuracy,311,-0.019479999999999942
derpp,replay,final_average_accuracy,617,-0.02415999999999996
derpp,replay,final_average_accuracy,919,-0.02088000000000001
derpp,replay,final_average_accuracy,1223,-0.024599999999999955
derpp,replay,final_average_accuracy,1523,-0.027760000000000007
derpp,replay,final_average_accuracy,1823,-0.02719999999999989
derpp,replay,final_average_accuracy,2129,-0.018960000000000088
derpp,replay,final_average_accuracy,2423,-0.02204000000000006
derpp,replay,final_average_accuracy,2729,-0.022559999999999913
derpp,replay,final_average_accuracy,3037,-0.020640000000000103
derpp,replay,average_forgetting,311,0.02564999999999998
derpp,replay,average_forgetting,617,0.029950000000000004
derpp,replay,average_forgetting,919,0.02560000000000001
derpp,replay,average_forgetting,1223,0.031
derpp,replay,average_forgetting,1523,0.036950000000000066
derpp,replay,average_forgetting,1823,0.03644999999999998
derpp,replay,average_forgetting,2129,0.024800000000000016
derpp,replay,average_forgetting,2423,0.027000000000000024
derpp,replay,average_forgetting,2729,0.0295
derpp,replay,average_forgetting,3037,0.02780000000000002
derpp,replay,backward_transfer,311,-0.02564999999999998
derpp,replay,backward_transfer,617,-0.029950000000000004
derpp,replay,backward_transfer,919,-0.02560000000000001
derpp,replay,backward_transfer,1223,-0.031
derpp,replay,backward_transfer,1523,-0.036950000000000066
derpp,replay,backward_transfer,1823,-0.03644999999999998
derpp,replay,backward_transfer,2129,-0.024800000000000016
derpp,replay,backward_transfer,2423,-0.02720000000000003
derpp,replay,backward_transfer,2729,-0.0295
derpp,replay,backward_transfer,3037,-0.02780000000000002
derpp,replay,forward_transfer,311,0.002800000000000004
derpp,replay,forward_transfer,617,0.0031999999999999945
derpp,replay,forward_transfer,919,-0.0019500000000000038
derpp,replay,forward_transfer,1223,0.007350000000000002
derpp,replay,forward_transfer,1523,-0.004350000000000003
derpp,replay,forward_transfer,1823,0.0067500000000000025
derpp,replay,forward_transfer,2129,0.006599999999999998
derpp,replay,forward_transfer,2423,0.0015999999999999973
derpp,replay,forward_transfer,2729,0.01195000000000001
derpp,replay,forward_transfer,3037,-0.0007000000000000027
derpp,replay,task_aware_final_accuracy,311,-0.019479999999999942
derpp,replay,task_aware_final_accuracy,617,-0.02415999999999996
derpp,replay,task_aware_final_accuracy,919,-0.02088000000000001
derpp,replay,task_aware_final_accuracy,1223,-0.024599999999999955
derpp,replay,task_aware_final_accuracy,1523,-0.027760000000000007
derpp,replay,task_aware_final_accuracy,1823,-0.02719999999999989
derpp,replay,task_aware_final_accuracy,2129,-0.018960000000000088
derpp,replay,task_aware_final_accuracy,2423,-0.02204000000000006
derpp,replay,task_aware_final_accuracy,2729,-0.022559999999999913
derpp,replay,task_aware_final_accuracy,3037,-0.020640000000000103
derpp,replay,task_aware_forgetting,311,0.02564999999999998
derpp,replay,task_aware_forgetting,617,0.029950000000000004
derpp,replay,task_aware_forgetting,919,0.02560000000000001
derpp,replay,task_aware_forgetting,1223,0.031
derpp,replay,task_aware_forgetting,1523,0.036950000000000066
derpp,replay,task_aware_forgetting,1823,0.03644999999999998
derpp,replay,task_aware_forgetting,2129,0.024800000000000016
derpp,replay,task_aware_forgetting,2423,0.027000000000000024
derpp,replay,task_aware_forgetting,2729,0.0295
derpp,replay,task_aware_forgetting,3037,0.02780000000000002
derpp,replay,classifier_gap,311,0.0
derpp,replay,classifier_gap,617,0.0
derpp,replay,classifier_gap,919,0.0
derpp,replay,classifier_gap,1223,0.0
derpp,replay,classifier_gap,1523,0.0
derpp,replay,classifier_gap,1823,0.0
derpp,replay,classifier_gap,2129,0.0
derpp,replay,classifier_gap,2423,0.0
derpp,replay,classifier_gap,2729,0.0
derpp,replay,classifier_gap,3037,0.0
derpp,replay,elapsed_seconds,311,-0.06798615798470564
derpp,replay,elapsed_seconds,617,-0.41642010599025525
derpp,replay,elapsed_seconds,919,-0.5536782590206712
derpp,replay,elapsed_seconds,1223,-0.7471576220123097
derpp,replay,elapsed_seconds,1523,-0.5806031610118225
derpp,replay,elapsed_seconds,1823,-0.8524502009968273
derpp,replay,elapsed_seconds,2129,-1.120701817999361
derpp,replay,elapsed_seconds,2423,-1.4910121190187056
derpp,replay,elapsed_seconds,2729,-0.35879215199383907
derpp,replay,elapsed_seconds,3037,-0.9189245489833411
derpp,replay,learner_examples_processed,311,0.0
derpp,replay,learner_examples_processed,617,0.0
derpp,replay,learner_examples_processed,919,0.0
derpp,replay,learner_examples_processed,1223,0.0
derpp,replay,learner_examples_processed,1523,0.0
derpp,replay,learner_examples_processed,1823,0.0
derpp,replay,learner_examples_processed,2129,0.0
derpp,replay,learner_examples_processed,2423,0.0
derpp,replay,learner_examples_processed,2729,0.0
derpp,replay,learner_examples_processed,3037,0.0
derpp,replay,total_model_examples_processed,311,0.0
derpp,replay,total_model_examples_processed,617,0.0
derpp,replay,total_model_examples_processed,919,0.0
derpp,replay,total_model_examples_processed,1223,0.0
derpp,replay,total_model_examples_processed,1523,0.0
derpp,replay,total_model_examples_processed,1823,0.0
derpp,replay,total_model_examples_processed,2129,0.0
derpp,replay,total_model_examples_processed,2423,0.0
derpp,replay,total_model_examples_processed,2729,0.0
derpp,replay,total_model_examples_processed,3037,0.0
derpp,replay,estimated_total_flops,311,0.0
derpp,replay,estimated_total_flops,617,0.0
derpp,replay,estimated_total_flops,919,0.0
derpp,replay,estimated_total_flops,1223,0.0
derpp,replay,estimated_total_flops,1523,0.0
derpp,replay,estimated_total_flops,1823,0.0
derpp,replay,estimated_total_flops,2129,0.0
derpp,replay,estimated_total_flops,2423,0.0
derpp,replay,estimated_total_flops,2729,0.0
derpp,replay,estimated_total_flops,3037,0.0
derpp,replay,estimated_overhead_flops,311,0.0
derpp,replay,estimated_overhead_flops,617,0.0
derpp,replay,estimated_overhead_flops,919,0.0
derpp,replay,estimated_overhead_flops,1223,0.0
derpp,replay,estimated_overhead_flops,1523,0.0
derpp,replay,estimated_overhead_flops,1823,0.0
derpp,replay,estimated_overhead_flops,2129,0.0
derpp,replay,estimated_overhead_flops,2423,0.0
derpp,replay,estimated_overhead_flops,2729,0.0
derpp,replay,estimated_overhead_flops,3037,0.0
derpp,replay,replay_memory_bytes,311,0.0
derpp,replay,replay_memory_bytes,617,0.0
derpp,replay,replay_memory_bytes,919,0.0
derpp,replay,replay_memory_bytes,1223,0.0
derpp,replay,replay_memory_bytes,1523,0.0
derpp,replay,replay_memory_bytes,1823,0.0
derpp,replay,replay_memory_bytes,2129,0.0
derpp,replay,replay_memory_bytes,2423,0.0
derpp,replay,replay_memory_bytes,2729,0.0
derpp,replay,replay_memory_bytes,3037,0.0
derpp,replay,stored_logits_bytes,311,-8000.0
derpp,replay,stored_logits_bytes,617,-8000.0
derpp,replay,stored_logits_bytes,919,-8000.0
derpp,replay,stored_logits_bytes,1223,-8000.0
derpp,replay,stored_logits_bytes,1523,-8000.0
derpp,replay,stored_logits_bytes,1823,-8000.0
derpp,replay,stored_logits_bytes,2129,-8000.0
derpp,replay,stored_logits_bytes,2423,-8000.0
derpp,replay,stored_logits_bytes,2729,-8000.0
derpp,replay,stored_logits_bytes,3037,-8000.0
derpp,distillation,final_average_accuracy,311,-0.20392
derpp,distillation,final_average_accuracy,617,-0.30184
derpp,distillation,final_average_accuracy,919,-0.17459999999999998
derpp,distillation,final_average_accuracy,1223,-0.21475999999999995
derpp,distillation,final_average_accuracy,1523,-0.19463999999999992
derpp,distillation,final_average_accuracy,1823,-0.18616
derpp,distillation,final_average_accuracy,2129,-0.27724000000000015
derpp,distillation,final_average_accuracy,2423,-0.25995999999999997
derpp,distillation,final_average_accuracy,2729,-0.24112
derpp,distillation,final_average_accuracy,3037,-0.28844000000000003
derpp,distillation,average_forgetting,311,0.15239999999999998
derpp,distillation,average_forgetting,617,0.24345000000000003
derpp,distillation,average_forgetting,919,0.09425000000000003
derpp,distillation,average_forgetting,1223,0.17769999999999994
derpp,distillation,average_forgetting,1523,0.13245
derpp,distillation,average_forgetting,1823,0.11410000000000001
derpp,distillation,average_forgetting,2129,0.20839999999999997
derpp,distillation,average_forgetting,2423,0.17839999999999995
derpp,distillation,average_forgetting,2729,0.18560000000000001
derpp,distillation,average_forgetting,3037,0.14730000000000001
derpp,distillation,backward_transfer,311,-0.15239999999999998
derpp,distillation,backward_transfer,617,-0.24345000000000003
derpp,distillation,backward_transfer,919,-0.08145000000000002
derpp,distillation,backward_transfer,1223,-0.17769999999999994
derpp,distillation,backward_transfer,1523,-0.12020000000000003
derpp,distillation,backward_transfer,1823,-0.11410000000000001
derpp,distillation,backward_transfer,2129,-0.20839999999999997
derpp,distillation,backward_transfer,2423,-0.17859999999999995
derpp,distillation,backward_transfer,2729,-0.17400000000000002
derpp,distillation,backward_transfer,3037,-0.14730000000000001
derpp,distillation,forward_transfer,311,0.018600000000000005
derpp,distillation,forward_transfer,617,0.004999999999999994
derpp,distillation,forward_transfer,919,-0.0039000000000000007
derpp,distillation,forward_transfer,1223,-0.001850000000000001
derpp,distillation,forward_transfer,1523,-0.013049999999999996
derpp,distillation,forward_transfer,1823,0.011450000000000002
derpp,distillation,forward_transfer,2129,-0.001749999999999998
derpp,distillation,forward_transfer,2423,0.0033500000000000023
derpp,distillation,forward_transfer,2729,0.01725
derpp,distillation,forward_transfer,3037,0.014900000000000004
derpp,distillation,task_aware_final_accuracy,311,-0.20392
derpp,distillation,task_aware_final_accuracy,617,-0.30184
derpp,distillation,task_aware_final_accuracy,919,-0.17459999999999998
derpp,distillation,task_aware_final_accuracy,1223,-0.21475999999999995
derpp,distillation,task_aware_final_accuracy,1523,-0.19463999999999992
derpp,distillation,task_aware_final_accuracy,1823,-0.18616
derpp,distillation,task_aware_final_accuracy,2129,-0.27724000000000015
derpp,distillation,task_aware_final_accuracy,2423,-0.25995999999999997
derpp,distillation,task_aware_final_accuracy,2729,-0.24112
derpp,distillation,task_aware_final_accuracy,3037,-0.28844000000000003
derpp,distillation,task_aware_forgetting,311,0.15239999999999998
derpp,distillation,task_aware_forgetting,617,0.24345000000000003
derpp,distillation,task_aware_forgetting,919,0.09425000000000003
derpp,distillation,task_aware_forgetting,1223,0.17769999999999994
derpp,distillation,task_aware_forgetting,1523,0.13245
derpp,distillation,task_aware_forgetting,1823,0.11410000000000001
derpp,distillation,task_aware_forgetting,2129,0.20839999999999997
derpp,distillation,task_aware_forgetting,2423,0.17839999999999995
derpp,distillation,task_aware_forgetting,2729,0.18560000000000001
derpp,distillation,task_aware_forgetting,3037,0.14730000000000001
derpp,distillation,classifier_gap,311,0.0
derpp,distillation,classifier_gap,617,0.0
derpp,distillation,classifier_gap,919,0.0
derpp,distillation,classifier_gap,1223,0.0
derpp,distillation,classifier_gap,1523,0.0
derpp,distillation,classifier_gap,1823,0.0
derpp,distillation,classifier_gap,2129,0.0
derpp,distillation,classifier_gap,2423,0.0
derpp,distillation,classifier_gap,2729,0.0
derpp,distillation,classifier_gap,3037,0.0
derpp,distillation,elapsed_seconds,311,-1.0815449969959445
derpp,distillation,elapsed_seconds,617,-1.5192502769932617
derpp,distillation,elapsed_seconds,919,-1.301301018014783
derpp,distillation,elapsed_seconds,1223,-2.0663383940118365
derpp,distillation,elapsed_seconds,1523,-1.4077669980179053
derpp,distillation,elapsed_seconds,1823,-1.9825638860056642
derpp,distillation,elapsed_seconds,2129,-2.072387528984109
derpp,distillation,elapsed_seconds,2423,-1.7064791229786351
derpp,distillation,elapsed_seconds,2729,-1.5300626220123377
derpp,distillation,elapsed_seconds,3037,-1.9818663249898236
derpp,distillation,learner_examples_processed,311,-202240.0
derpp,distillation,learner_examples_processed,617,-202240.0
derpp,distillation,learner_examples_processed,919,-202240.0
derpp,distillation,learner_examples_processed,1223,-202240.0
derpp,distillation,learner_examples_processed,1523,-202240.0
derpp,distillation,learner_examples_processed,1823,-202240.0
derpp,distillation,learner_examples_processed,2129,-202240.0
derpp,distillation,learner_examples_processed,2423,-202240.0
derpp,distillation,learner_examples_processed,2729,-202240.0
derpp,distillation,learner_examples_processed,3037,-202240.0
derpp,distillation,total_model_examples_processed,311,202240.0
derpp,distillation,total_model_examples_processed,617,202240.0
derpp,distillation,total_model_examples_processed,919,202240.0
derpp,distillation,total_model_examples_processed,1223,202240.0
derpp,distillation,total_model_examples_processed,1523,202240.0
derpp,distillation,total_model_examples_processed,1823,202240.0
derpp,distillation,total_model_examples_processed,2129,202240.0
derpp,distillation,total_model_examples_processed,2423,202240.0
derpp,distillation,total_model_examples_processed,2729,202240.0
derpp,distillation,total_model_examples_processed,3037,202240.0
derpp,distillation,estimated_total_flops,311,-216412979200.0
derpp,distillation,estimated_total_flops,617,-216412979200.0
derpp,distillation,estimated_total_flops,919,-216412979200.0
derpp,distillation,estimated_total_flops,1223,-216412979200.0
derpp,distillation,estimated_total_flops,1523,-216412979200.0
derpp,distillation,estimated_total_flops,1823,-216412979200.0
derpp,distillation,estimated_total_flops,2129,-216412979200.0
derpp,distillation,estimated_total_flops,2423,-216412979200.0
derpp,distillation,estimated_total_flops,2729,-216412979200.0
derpp,distillation,estimated_total_flops,3037,-216412979200.0
derpp,distillation,estimated_overhead_flops,311,0.0
derpp,distillation,estimated_overhead_flops,617,0.0
derpp,distillation,estimated_overhead_flops,919,0.0
derpp,distillation,estimated_overhead_flops,1223,0.0
derpp,distillation,estimated_overhead_flops,1523,0.0
derpp,distillation,estimated_overhead_flops,1823,0.0
derpp,distillation,estimated_overhead_flops,2129,0.0
derpp,distillation,estimated_overhead_flops,2423,0.0
derpp,distillation,estimated_overhead_flops,2729,0.0
derpp,distillation,estimated_overhead_flops,3037,0.0
derpp,distillation,replay_memory_bytes,311,-628800.0
derpp,distillation,replay_memory_bytes,617,-628800.0
derpp,distillation,replay_memory_bytes,919,-628800.0
derpp,distillation,replay_memory_bytes,1223,-628800.0
derpp,distillation,replay_memory_bytes,1523,-628800.0
derpp,distillation,replay_memory_bytes,1823,-628800.0
derpp,distillation,replay_memory_bytes,2129,-628800.0
derpp,distillation,replay_memory_bytes,2423,-628800.0
derpp,distillation,replay_memory_bytes,2729,-628800.0
derpp,distillation,replay_memory_bytes,3037,-628800.0
derpp,distillation,stored_logits_bytes,311,-8000.0
derpp,distillation,stored_logits_bytes,617,-8000.0
derpp,distillation,stored_logits_bytes,919,-8000.0
derpp,distillation,stored_logits_bytes,1223,-8000.0
derpp,distillation,stored_logits_bytes,1523,-8000.0
derpp,distillation,stored_logits_bytes,1823,-8000.0
derpp,distillation,stored_logits_bytes,2129,-8000.0
derpp,distillation,stored_logits_bytes,2423,-8000.0
derpp,distillation,stored_logits_bytes,2729,-8000.0
derpp,distillation,stored_logits_bytes,3037,-8000.0
derpp,slowheat_replay,final_average_accuracy,311,-0.010800000000000032
derpp,slowheat_replay,final_average_accuracy,617,-0.010759999999999992
derpp,slowheat_replay,final_average_accuracy,919,-0.011079999999999979
derpp,slowheat_replay,final_average_accuracy,1223,-0.01411999999999991
derpp,slowheat_replay,final_average_accuracy,1523,-0.014999999999999902
derpp,slowheat_replay,final_average_accuracy,1823,-0.01295999999999986
derpp,slowheat_replay,final_average_accuracy,2129,-0.012279999999999958
derpp,slowheat_replay,final_average_accuracy,2423,-0.012839999999999852
derpp,slowheat_replay,final_average_accuracy,2729,-0.013279999999999959
derpp,slowheat_replay,final_average_accuracy,3037,-0.014480000000000048
derpp,slowheat_replay,average_forgetting,311,0.004599999999999965
derpp,slowheat_replay,average_forgetting,617,0.008650000000000019
derpp,slowheat_replay,average_forgetting,919,0.008100000000000052
derpp,slowheat_replay,average_forgetting,1223,0.012149999999999939
derpp,slowheat_replay,average_forgetting,1523,0.013450000000000045
derpp,slowheat_replay,average_forgetting,1823,0.013850000000000029
derpp,slowheat_replay,average_forgetting,2129,0.009700000000000014
derpp,slowheat_replay,average_forgetting,2423,0.009399999999999964
derpp,slowheat_replay,average_forgetting,2729,0.012650000000000022
derpp,slowheat_replay,average_forgetting,3037,0.013200000000000045
derpp,slowheat_replay,backward_transfer,311,-0.004599999999999965
derpp,slowheat_replay,backward_transfer,617,-0.008650000000000019
derpp,slowheat_replay,backward_transfer,919,-0.008100000000000052
derpp,slowheat_replay,backward_transfer,1223,-0.012149999999999939
derpp,slowheat_replay,backward_transfer,1523,-0.013200000000000045
derpp,slowheat_replay,backward_transfer,1823,-0.013850000000000029
derpp,slowheat_replay,backward_transfer,2129,-0.009700000000000014
derpp,slowheat_replay,backward_transfer,2423,-0.00959999999999997
derpp,slowheat_replay,backward_transfer,2729,-0.012650000000000022
derpp,slowheat_replay,backward_transfer,3037,-0.012700000000000045
derpp,slowheat_replay,forward_transfer,311,-0.009749999999999995
derpp,slowheat_replay,forward_transfer,617,-0.004300000000000002
derpp,slowheat_replay,forward_transfer,919,0.0072499999999999995
derpp,slowheat_replay,forward_transfer,1223,0.00014999999999999736
derpp,slowheat_replay,forward_transfer,1523,-0.006600000000000009
derpp,slowheat_replay,forward_transfer,1823,-0.002599999999999998
derpp,slowheat_replay,forward_transfer,2129,-0.003050000000000004
derpp,slowheat_replay,forward_transfer,2423,-0.00425
derpp,slowheat_replay,forward_transfer,2729,0.013600000000000004
derpp,slowheat_replay,forward_transfer,3037,-0.008249999999999995
derpp,slowheat_replay,task_aware_final_accuracy,311,-0.010800000000000032
derpp,slowheat_replay,task_aware_final_accuracy,617,-0.010759999999999992
derpp,slowheat_replay,task_aware_final_accuracy,919,-0.011079999999999979
derpp,slowheat_replay,task_aware_final_accuracy,1223,-0.01411999999999991
derpp,slowheat_replay,task_aware_final_accuracy,1523,-0.014999999999999902
derpp,slowheat_replay,task_aware_final_accuracy,1823,-0.01295999999999986
derpp,slowheat_replay,task_aware_final_accuracy,2129,-0.012279999999999958
derpp,slowheat_replay,task_aware_final_accuracy,2423,-0.012839999999999852
derpp,slowheat_replay,task_aware_final_accuracy,2729,-0.013279999999999959
derpp,slowheat_replay,task_aware_final_accuracy,3037,-0.014480000000000048
derpp,slowheat_replay,task_aware_forgetting,311,0.004599999999999965
derpp,slowheat_replay,task_aware_forgetting,617,0.008650000000000019
derpp,slowheat_replay,task_aware_forgetting,919,0.008100000000000052
derpp,slowheat_replay,task_aware_forgetting,1223,0.012149999999999939
derpp,slowheat_replay,task_aware_forgetting,1523,0.013450000000000045
derpp,slowheat_replay,task_aware_forgetting,1823,0.013850000000000029
derpp,slowheat_replay,task_aware_forgetting,2129,0.009700000000000014
derpp,slowheat_replay,task_aware_forgetting,2423,0.009399999999999964
derpp,slowheat_replay,task_aware_forgetting,2729,0.012650000000000022
derpp,slowheat_replay,task_aware_forgetting,3037,0.013200000000000045
derpp,slowheat_replay,classifier_gap,311,0.0
derpp,slowheat_replay,classifier_gap,617,0.0
derpp,slowheat_replay,classifier_gap,919,0.0
derpp,slowheat_replay,classifier_gap,1223,0.0
derpp,slowheat_replay,classifier_gap,1523,0.0
derpp,slowheat_replay,classifier_gap,1823,0.0
derpp,slowheat_replay,classifier_gap,2129,0.0
derpp,slowheat_replay,classifier_gap,2423,0.0
derpp,slowheat_replay,classifier_gap,2729,0.0
derpp,slowheat_replay,classifier_gap,3037,0.0
derpp,slowheat_replay,elapsed_seconds,311,11.672912857000483
derpp,slowheat_replay,elapsed_seconds,617,11.640332259994466
derpp,slowheat_replay,elapsed_seconds,919,11.72485365200555
derpp,slowheat_replay,elapsed_seconds,1223,10.807953303010436
derpp,slowheat_replay,elapsed_seconds,1523,11.48997014798806
derpp,slowheat_replay,elapsed_seconds,1823,10.69246731500607
derpp,slowheat_replay,elapsed_seconds,2129,10.770335589011665
derpp,slowheat_replay,elapsed_seconds,2423,11.200392252008896
derpp,slowheat_replay,elapsed_seconds,2729,11.305623969004955
derpp,slowheat_replay,elapsed_seconds,3037,11.155839268991258
derpp,slowheat_replay,learner_examples_processed,311,0.0
derpp,slowheat_replay,learner_examples_processed,617,0.0
derpp,slowheat_replay,learner_examples_processed,919,0.0
derpp,slowheat_replay,learner_examples_processed,1223,0.0
derpp,slowheat_replay,learner_examples_processed,1523,0.0
derpp,slowheat_replay,learner_examples_processed,1823,0.0
derpp,slowheat_replay,learner_examples_processed,2129,0.0
derpp,slowheat_replay,learner_examples_processed,2423,0.0
derpp,slowheat_replay,learner_examples_processed,2729,0.0
derpp,slowheat_replay,learner_examples_processed,3037,0.0
derpp,slowheat_replay,total_model_examples_processed,311,0.0
derpp,slowheat_replay,total_model_examples_processed,617,0.0
derpp,slowheat_replay,total_model_examples_processed,919,0.0
derpp,slowheat_replay,total_model_examples_processed,1223,0.0
derpp,slowheat_replay,total_model_examples_processed,1523,0.0
derpp,slowheat_replay,total_model_examples_processed,1823,0.0
derpp,slowheat_replay,total_model_examples_processed,2129,0.0
derpp,slowheat_replay,total_model_examples_processed,2423,0.0
derpp,slowheat_replay,total_model_examples_processed,2729,0.0
derpp,slowheat_replay,total_model_examples_processed,3037,0.0
derpp,slowheat_replay,estimated_total_flops,311,4319312660.0
derpp,slowheat_replay,estimated_total_flops,617,4319312660.0
derpp,slowheat_replay,estimated_total_flops,919,4319312660.0
derpp,slowheat_replay,estimated_total_flops,1223,4319312660.0
derpp,slowheat_replay,estimated_total_flops,1523,4319312660.0
derpp,slowheat_replay,estimated_total_flops,1823,4319312660.0
derpp,slowheat_replay,estimated_total_flops,2129,4319312660.0
derpp,slowheat_replay,estimated_total_flops,2423,4319312660.0
derpp,slowheat_replay,estimated_total_flops,2729,4319312660.0
derpp,slowheat_replay,estimated_total_flops,3037,4319312660.0
derpp,slowheat_replay,estimated_overhead_flops,311,4319312660.0
derpp,slowheat_replay,estimated_overhead_flops,617,4319312660.0
derpp,slowheat_replay,estimated_overhead_flops,919,4319312660.0
derpp,slowheat_replay,estimated_overhead_flops,1223,4319312660.0
derpp,slowheat_replay,estimated_overhead_flops,1523,4319312660.0
derpp,slowheat_replay,estimated_overhead_flops,1823,4319312660.0
derpp,slowheat_replay,estimated_overhead_flops,2129,4319312660.0
derpp,slowheat_replay,estimated_overhead_flops,2423,4319312660.0
derpp,slowheat_replay,estimated_overhead_flops,2729,4319312660.0
derpp,slowheat_replay,estimated_overhead_flops,3037,4319312660.0
derpp,slowheat_replay,replay_memory_bytes,311,0.0
derpp,slowheat_replay,replay_memory_bytes,617,0.0
derpp,slowheat_replay,replay_memory_bytes,919,0.0
derpp,slowheat_replay,replay_memory_bytes,1223,0.0
derpp,slowheat_replay,replay_memory_bytes,1523,0.0
derpp,slowheat_replay,replay_memory_bytes,1823,0.0
derpp,slowheat_replay,replay_memory_bytes,2129,0.0
derpp,slowheat_replay,replay_memory_bytes,2423,0.0
derpp,slowheat_replay,replay_memory_bytes,2729,0.0
derpp,slowheat_replay,replay_memory_bytes,3037,0.0
derpp,slowheat_replay,stored_logits_bytes,311,-8000.0
derpp,slowheat_replay,stored_logits_bytes,617,-8000.0
derpp,slowheat_replay,stored_logits_bytes,919,-8000.0
derpp,slowheat_replay,stored_logits_bytes,1223,-8000.0
derpp,slowheat_replay,stored_logits_bytes,1523,-8000.0
derpp,slowheat_replay,stored_logits_bytes,1823,-8000.0
derpp,slowheat_replay,stored_logits_bytes,2129,-8000.0
derpp,slowheat_replay,stored_logits_bytes,2423,-8000.0
derpp,slowheat_replay,stored_logits_bytes,2729,-8000.0
derpp,slowheat_replay,stored_logits_bytes,3037,-8000.0
derpp,slowheat_distillation,final_average_accuracy,311,-0.28196
derpp,slowheat_distillation,final_average_accuracy,617,-0.31643999999999983
derpp,slowheat_distillation,final_average_accuracy,919,-0.24912
derpp,slowheat_distillation,final_average_accuracy,1223,-0.27627999999999997
derpp,slowheat_distillation,final_average_accuracy,1523,-0.29179999999999995
derpp,slowheat_distillation,final_average_accuracy,1823,-0.2685599999999999
derpp,slowheat_distillation,final_average_accuracy,2129,-0.23704000000000003
derpp,slowheat_distillation,final_average_accuracy,2423,-0.2682399999999999
derpp,slowheat_distillation,final_average_accuracy,2729,-0.25839999999999996
derpp,slowheat_distillation,final_average_accuracy,3037,-0.2952
derpp,slowheat_distillation,average_forgetting,311,0.10409999999999998
derpp,slowheat_distillation,average_forgetting,617,0.14635
derpp,slowheat_distillation,average_forgetting,919,0.07555000000000003
derpp,slowheat_distillation,average_forgetting,1223,0.12374999999999994
derpp,slowheat_distillation,average_forgetting,1523,0.08945000000000002
derpp,slowheat_distillation,average_forgetting,1823,0.0761
derpp,slowheat_distillation,average_forgetting,2129,0.05119999999999997
derpp,slowheat_distillation,average_forgetting,2423,0.06774999999999998
derpp,slowheat_distillation,average_forgetting,2729,0.07045000000000004
derpp,slowheat_distillation,average_forgetting,3037,0.030550000000000008
derpp,slowheat_distillation,backward_transfer,311,-0.10409999999999998
derpp,slowheat_distillation,backward_transfer,617,-0.14635
derpp,slowheat_distillation,backward_transfer,919,-0.07555000000000003
derpp,slowheat_distillation,backward_transfer,1223,-0.12374999999999994
derpp,slowheat_distillation,backward_transfer,1523,-0.08945000000000002
derpp,slowheat_distillation,backward_transfer,1823,-0.0676
derpp,slowheat_distillation,backward_transfer,2129,-0.03859999999999997
derpp,slowheat_distillation,backward_transfer,2423,-0.06189999999999998
derpp,slowheat_distillation,backward_transfer,2729,-0.07045000000000004
derpp,slowheat_distillation,backward_transfer,3037,-0.023750000000000007
derpp,slowheat_distillation,forward_transfer,311,-0.006649999999999996
derpp,slowheat_distillation,forward_transfer,617,0.016349999999999993
derpp,slowheat_distillation,forward_transfer,919,-0.006600000000000005
derpp,slowheat_distillation,forward_transfer,1223,-9.99999999999994e-05
derpp,slowheat_distillation,forward_transfer,1523,-0.006300000000000007
derpp,slowheat_distillation,forward_transfer,1823,0.006400000000000006
derpp,slowheat_distillation,forward_transfer,2129,0.008149999999999994
derpp,slowheat_distillation,forward_transfer,2423,0.004350000000000003
derpp,slowheat_distillation,forward_transfer,2729,0.0031000000000000055
derpp,slowheat_distillation,forward_transfer,3037,-0.0027499999999999955
derpp,slowheat_distillation,task_aware_final_accuracy,311,-0.28196
derpp,slowheat_distillation,task_aware_final_accuracy,617,-0.31643999999999983
derpp,slowheat_distillation,task_aware_final_accuracy,919,-0.24912
derpp,slowheat_distillation,task_aware_final_accuracy,1223,-0.27627999999999997
derpp,slowheat_distillation,task_aware_final_accuracy,1523,-0.29179999999999995
derpp,slowheat_distillation,task_aware_final_accuracy,1823,-0.2685599999999999
derpp,slowheat_distillation,task_aware_final_accuracy,2129,-0.23704000000000003
derpp,slowheat_distillation,task_aware_final_accuracy,2423,-0.2682399999999999
derpp,slowheat_distillation,task_aware_final_accuracy,2729,-0.25839999999999996
derpp,slowheat_distillation,task_aware_final_accuracy,3037,-0.2952
derpp,slowheat_distillation,task_aware_forgetting,311,0.10409999999999998
derpp,slowheat_distillation,task_aware_forgetting,617,0.14635
derpp,slowheat_distillation,task_aware_forgetting,919,0.07555000000000003
derpp,slowheat_distillation,task_aware_forgetting,1223,0.12374999999999994
derpp,slowheat_distillation,task_aware_forgetting,1523,0.08945000000000002
derpp,slowheat_distillation,task_aware_forgetting,1823,0.0761
derpp,slowheat_distillation,task_aware_forgetting,2129,0.05119999999999997
derpp,slowheat_distillation,task_aware_forgetting,2423,0.06774999999999998
derpp,slowheat_distillation,task_aware_forgetting,2729,0.07045000000000004
derpp,slowheat_distillation,task_aware_forgetting,3037,0.030550000000000008
derpp,slowheat_distillation,classifier_gap,311,0.0
derpp,slowheat_distillation,classifier_gap,617,0.0
derpp,slowheat_distillation,classifier_gap,919,0.0
derpp,slowheat_distillation,classifier_gap,1223,0.0
derpp,slowheat_distillation,classifier_gap,1523,0.0
derpp,slowheat_distillation,classifier_gap,1823,0.0
derpp,slowheat_distillation,classifier_gap,2129,0.0
derpp,slowheat_distillation,classifier_gap,2423,0.0
derpp,slowheat_distillation,classifier_gap,2729,0.0
derpp,slowheat_distillation,classifier_gap,3037,0.0
derpp,slowheat_distillation,elapsed_seconds,311,9.722214589011855
derpp,slowheat_distillation,elapsed_seconds,617,9.652991148992442
derpp,slowheat_distillation,elapsed_seconds,919,9.420170397992479
derpp,slowheat_distillation,elapsed_seconds,1223,8.713254410016816
derpp,slowheat_distillation,elapsed_seconds,1523,9.505034581961809
derpp,slowheat_distillation,elapsed_seconds,1823,8.523240401991643
derpp,slowheat_distillation,elapsed_seconds,2129,8.647106498014182
derpp,slowheat_distillation,elapsed_seconds,2423,9.274709074990824
derpp,slowheat_distillation,elapsed_seconds,2729,9.192499483004212
derpp,slowheat_distillation,elapsed_seconds,3037,9.03619671301567
derpp,slowheat_distillation,learner_examples_processed,311,-202240.0
derpp,slowheat_distillation,learner_examples_processed,617,-202240.0
derpp,slowheat_distillation,learner_examples_processed,919,-202240.0
derpp,slowheat_distillation,learner_examples_processed,1223,-202240.0
derpp,slowheat_distillation,learner_examples_processed,1523,-202240.0
derpp,slowheat_distillation,learner_examples_processed,1823,-202240.0
derpp,slowheat_distillation,learner_examples_processed,2129,-202240.0
derpp,slowheat_distillation,learner_examples_processed,2423,-202240.0
derpp,slowheat_distillation,learner_examples_processed,2729,-202240.0
derpp,slowheat_distillation,learner_examples_processed,3037,-202240.0
derpp,slowheat_distillation,total_model_examples_processed,311,202240.0
derpp,slowheat_distillation,total_model_examples_processed,617,202240.0
derpp,slowheat_distillation,total_model_examples_processed,919,202240.0
derpp,slowheat_distillation,total_model_examples_processed,1223,202240.0
derpp,slowheat_distillation,total_model_examples_processed,1523,202240.0
derpp,slowheat_distillation,total_model_examples_processed,1823,202240.0
derpp,slowheat_distillation,total_model_examples_processed,2129,202240.0
derpp,slowheat_distillation,total_model_examples_processed,2423,202240.0
derpp,slowheat_distillation,total_model_examples_processed,2729,202240.0
derpp,slowheat_distillation,total_model_examples_processed,3037,202240.0
derpp,slowheat_distillation,estimated_total_flops,311,-212723037420.0
derpp,slowheat_distillation,estimated_total_flops,617,-212723037420.0
derpp,slowheat_distillation,estimated_total_flops,919,-212723037420.0
derpp,slowheat_distillation,estimated_total_flops,1223,-212723037420.0
derpp,slowheat_distillation,estimated_total_flops,1523,-212723037420.0
derpp,slowheat_distillation,estimated_total_flops,1823,-212723037420.0
derpp,slowheat_distillation,estimated_total_flops,2129,-212723037420.0
derpp,slowheat_distillation,estimated_total_flops,2423,-212723037420.0
derpp,slowheat_distillation,estimated_total_flops,2729,-212723037420.0
derpp,slowheat_distillation,estimated_total_flops,3037,-212723037420.0
derpp,slowheat_distillation,estimated_overhead_flops,311,3689941780.0
derpp,slowheat_distillation,estimated_overhead_flops,617,3689941780.0
derpp,slowheat_distillation,estimated_overhead_flops,919,3689941780.0
derpp,slowheat_distillation,estimated_overhead_flops,1223,3689941780.0
derpp,slowheat_distillation,estimated_overhead_flops,1523,3689941780.0
derpp,slowheat_distillation,estimated_overhead_flops,1823,3689941780.0
derpp,slowheat_distillation,estimated_overhead_flops,2129,3689941780.0
derpp,slowheat_distillation,estimated_overhead_flops,2423,3689941780.0
derpp,slowheat_distillation,estimated_overhead_flops,2729,3689941780.0
derpp,slowheat_distillation,estimated_overhead_flops,3037,3689941780.0
derpp,slowheat_distillation,replay_memory_bytes,311,-628800.0
derpp,slowheat_distillation,replay_memory_bytes,617,-628800.0
derpp,slowheat_distillation,replay_memory_bytes,919,-628800.0
derpp,slowheat_distillation,replay_memory_bytes,1223,-628800.0
derpp,slowheat_distillation,replay_memory_bytes,1523,-628800.0
derpp,slowheat_distillation,replay_memory_bytes,1823,-628800.0
derpp,slowheat_distillation,replay_memory_bytes,2129,-628800.0
derpp,slowheat_distillation,replay_memory_bytes,2423,-628800.0
derpp,slowheat_distillation,replay_memory_bytes,2729,-628800.0
derpp,slowheat_distillation,replay_memory_bytes,3037,-628800.0
derpp,slowheat_distillation,stored_logits_bytes,311,-8000.0
derpp,slowheat_distillation,stored_logits_bytes,617,-8000.0
derpp,slowheat_distillation,stored_logits_bytes,919,-8000.0
derpp,slowheat_distillation,stored_logits_bytes,1223,-8000.0
derpp,slowheat_distillation,stored_logits_bytes,1523,-8000.0
derpp,slowheat_distillation,stored_logits_bytes,1823,-8000.0
derpp,slowheat_distillation,stored_logits_bytes,2129,-8000.0
derpp,slowheat_distillation,stored_logits_bytes,2423,-8000.0
derpp,slowheat_distillation,stored_logits_bytes,2729,-8000.0
derpp,slowheat_distillation,stored_logits_bytes,3037,-8000.0
derpp,slowheat_derpp_hidden_beta_30_budget_0.25,final_average_accuracy,311,0.001040000000000041
derpp,slowheat_derpp_hidden_beta_30_budget_0.25,final_average_accuracy,617,0.0018400000000001748
derpp,slowheat_derpp_hidden_beta_30_budget_0.25,final_average_accuracy,919,0.0012400000000001299
derpp,slowheat_derpp_hidden_beta_30_budget_0.25,final_average_accuracy,1223,0.00027999999999994696
derpp,slowheat_derpp_hidden_beta_30_budget_0.25,final_average_accuracy,1523,-0.00035999999999991594
derpp,slowheat_derpp_hidden_beta_30_budget_0.25,final_average_accuracy,1823,0.0021200000000000108
derpp,slowheat_derpp_hidden_beta_30_budget_0.25,final_average_accuracy,2129,0.001040000000000041
derpp,slowheat_derpp_hidden_beta_30_budget_0.25,final_average_accuracy,2423,0.000640000000000196
derpp,slowheat_derpp_hidden_beta_30_budget_0.25,final_average_accuracy,2729,0.0008000000000001339
derpp,slowheat_derpp_hidden_beta_30_budget_0.25,final_average_accuracy,3037,-0.00011999999999989797
derpp,slowheat_derpp_hidden_beta_30_budget_0.25,average_forgetting,311,-0.0072500000000000064
derpp,slowheat_derpp_hidden_beta_30_budget_0.25,average_forgetting,617,-0.00635000000000005
derpp,slowheat_derpp_hidden_beta_30_budget_0.25,average_forgetting,919,-0.006649999999999989
derpp,slowheat_derpp_hidden_beta_30_budget_0.25,average_forgetting,1223,-0.0061500000000000166
derpp,slowheat_derpp_hidden_beta_30_budget_0.25,average_forgetting,1523,-0.0031499999999999584
derpp,slowheat_derpp_hidden_beta_30_budget_0.25,average_forgetting,1823,-0.003149999999999986
derpp,slowheat_derpp_hidden_beta_30_budget_0.25,average_forgetting,2129,-0.005350000000000021
derpp,slowheat_derpp_hidden_beta_30_budget_0.25,average_forgetting,2423,-0.005750000000000005
derpp,slowheat_derpp_hidden_beta_30_budget_0.25,average_forgetting,2729,-0.005299999999999944
derpp,slowheat_derpp_hidden_beta_30_budget_0.25,average_forgetting,3037,-0.00655
derpp,slowheat_derpp_hidden_beta_30_budget_0.25,backward_transfer,311,0.007599999999999996
derpp,slowheat_derpp_hidden_beta_30_budget_0.25,backward_transfer,617,0.0065000000000000335
derpp,slowheat_derpp_hidden_beta_30_budget_0.25,backward_transfer,919,0.006849999999999995
derpp,slowheat_derpp_hidden_beta_30_budget_0.25,backward_transfer,1223,0.0061500000000000166
derpp,slowheat_derpp_hidden_beta_30_budget_0.25,backward_transfer,1523,0.003549999999999942
derpp,slowheat_derpp_hidden_beta_30_budget_0.25,backward_transfer,1823,0.0034999999999999754
derpp,slowheat_derpp_hidden_beta_30_budget_0.25,backward_transfer,2129,0.005350000000000021
derpp,slowheat_derpp_hidden_beta_30_budget_0.25,backward_transfer,2423,0.005750000000000005
derpp,slowheat_derpp_hidden_beta_30_budget_0.25,backward_transfer,2729,0.005299999999999944
derpp,slowheat_derpp_hidden_beta_30_budget_0.25,backward_transfer,3037,0.0068999999999999895
derpp,slowheat_derpp_hidden_beta_30_budget_0.25,forward_transfer,311,-0.010399999999999996
derpp,slowheat_derpp_hidden_beta_30_budget_0.25,forward_transfer,617,-0.009600000000000001
derpp,slowheat_derpp_hidden_beta_30_budget_0.25,forward_transfer,919,0.0012999999999999956
derpp,slowheat_derpp_hidden_beta_30_budget_0.25,forward_transfer,1223,-0.0017500000000000016
derpp,slowheat_derpp_hidden_beta_30_budget_0.25,forward_transfer,1523,-0.005050000000000002
derpp,slowheat_derpp_hidden_beta_30_budget_0.25,forward_transfer,1823,-0.0081
derpp,slowheat_derpp_hidden_beta_30_budget_0.25,forward_transfer,2129,-0.0038499999999999993
derpp,slowheat_derpp_hidden_beta_30_budget_0.25,forward_transfer,2423,-0.0038999999999999972
derpp,slowheat_derpp_hidden_beta_30_budget_0.25,forward_transfer,2729,0.003150000000000007
derpp,slowheat_derpp_hidden_beta_30_budget_0.25,forward_transfer,3037,-0.004599999999999993
derpp,slowheat_derpp_hidden_beta_30_budget_0.25,task_aware_final_accuracy,311,0.001040000000000041
derpp,slowheat_derpp_hidden_beta_30_budget_0.25,task_aware_final_accuracy,617,0.0018400000000001748
derpp,slowheat_derpp_hidden_beta_30_budget_0.25,task_aware_final_accuracy,919,0.0012400000000001299
derpp,slowheat_derpp_hidden_beta_30_budget_0.25,task_aware_final_accuracy,1223,0.00027999999999994696
derpp,slowheat_derpp_hidden_beta_30_budget_0.25,task_aware_final_accuracy,1523,-0.00035999999999991594
derpp,slowheat_derpp_hidden_beta_30_budget_0.25,task_aware_final_accuracy,1823,0.0021200000000000108
derpp,slowheat_derpp_hidden_beta_30_budget_0.25,task_aware_final_accuracy,2129,0.001040000000000041
derpp,slowheat_derpp_hidden_beta_30_budget_0.25,task_aware_final_accuracy,2423,0.000640000000000196
derpp,slowheat_derpp_hidden_beta_30_budget_0.25,task_aware_final_accuracy,2729,0.0008000000000001339
derpp,slowheat_derpp_hidden_beta_30_budget_0.25,task_aware_final_accuracy,3037,-0.00011999999999989797
derpp,slowheat_derpp_hidden_beta_30_budget_0.25,task_aware_forgetting,311,-0.0072500000000000064
derpp,slowheat_derpp_hidden_beta_30_budget_0.25,task_aware_forgetting,617,-0.00635000000000005
derpp,slowheat_derpp_hidden_beta_30_budget_0.25,task_aware_forgetting,919,-0.006649999999999989
derpp,slowheat_derpp_hidden_beta_30_budget_0.25,task_aware_forgetting,1223,-0.0061500000000000166
derpp,slowheat_derpp_hidden_beta_30_budget_0.25,task_aware_forgetting,1523,-0.0031499999999999584
derpp,slowheat_derpp_hidden_beta_30_budget_0.25,task_aware_forgetting,1823,-0.003149999999999986
derpp,slowheat_derpp_hidden_beta_30_budget_0.25,task_aware_forgetting,2129,-0.005350000000000021
derpp,slowheat_derpp_hidden_beta_30_budget_0.25,task_aware_forgetting,2423,-0.005750000000000005
derpp,slowheat_derpp_hidden_beta_30_budget_0.25,task_aware_forgetting,2729,-0.005299999999999944
derpp,slowheat_derpp_hidden_beta_30_budget_0.25,task_aware_forgetting,3037,-0.00655
derpp,slowheat_derpp_hidden_beta_30_budget_0.25,classifier_gap,311,0.0
derpp,slowheat_derpp_hidden_beta_30_budget_0.25,classifier_gap,617,0.0
derpp,slowheat_derpp_hidden_beta_30_budget_0.25,classifier_gap,919,0.0
derpp,slowheat_derpp_hidden_beta_30_budget_0.25,classifier_gap,1223,0.0
derpp,slowheat_derpp_hidden_beta_30_budget_0.25,classifier_gap,1523,0.0
derpp,slowheat_derpp_hidden_beta_30_budget_0.25,classifier_gap,1823,0.0
derpp,slowheat_derpp_hidden_beta_30_budget_0.25,classifier_gap,2129,0.0
derpp,slowheat_derpp_hidden_beta_30_budget_0.25,classifier_gap,2423,0.0
derpp,slowheat_derpp_hidden_beta_30_budget_0.25,classifier_gap,2729,0.0
derpp,slowheat_derpp_hidden_beta_30_budget_0.25,classifier_gap,3037,0.0
derpp,slowheat_derpp_hidden_beta_30_budget_0.25,elapsed_seconds,311,9.069992358010495
derpp,slowheat_derpp_hidden_beta_30_budget_0.25,elapsed_seconds,617,8.902450020977994
derpp,slowheat_derpp_hidden_beta_30_budget_0.25,elapsed_seconds,919,8.750724316982087
derpp,slowheat_derpp_hidden_beta_30_budget_0.25,elapsed_seconds,1223,7.941134927998064
derpp,slowheat_derpp_hidden_beta_30_budget_0.25,elapsed_seconds,1523,8.875911965995329
derpp,slowheat_derpp_hidden_beta_30_budget_0.25,elapsed_seconds,1823,7.910599022026872
derpp,slowheat_derpp_hidden_beta_30_budget_0.25,elapsed_seconds,2129,7.9135164380131755
derpp,slowheat_derpp_hidden_beta_30_budget_0.25,elapsed_seconds,2423,8.430919095000718
derpp,slowheat_derpp_hidden_beta_30_budget_0.25,elapsed_seconds,2729,8.45064020602149
derpp,slowheat_derpp_hidden_beta_30_budget_0.25,elapsed_seconds,3037,8.073792465002043
derpp,slowheat_derpp_hidden_beta_30_budget_0.25,learner_examples_processed,311,0.0
derpp,slowheat_derpp_hidden_beta_30_budget_0.25,learner_examples_processed,617,0.0
derpp,slowheat_derpp_hidden_beta_30_budget_0.25,learner_examples_processed,919,0.0
derpp,slowheat_derpp_hidden_beta_30_budget_0.25,learner_examples_processed,1223,0.0
derpp,slowheat_derpp_hidden_beta_30_budget_0.25,learner_examples_processed,1523,0.0
derpp,slowheat_derpp_hidden_beta_30_budget_0.25,learner_examples_processed,1823,0.0
derpp,slowheat_derpp_hidden_beta_30_budget_0.25,learner_examples_processed,2129,0.0
derpp,slowheat_derpp_hidden_beta_30_budget_0.25,learner_examples_processed,2423,0.0
derpp,slowheat_derpp_hidden_beta_30_budget_0.25,learner_examples_processed,2729,0.0
derpp,slowheat_derpp_hidden_beta_30_budget_0.25,learner_examples_processed,3037,0.0
derpp,slowheat_derpp_hidden_beta_30_budget_0.25,total_model_examples_processed,311,0.0
derpp,slowheat_derpp_hidden_beta_30_budget_0.25,total_model_examples_processed,617,0.0
derpp,slowheat_derpp_hidden_beta_30_budget_0.25,total_model_examples_processed,919,0.0
derpp,slowheat_derpp_hidden_beta_30_budget_0.25,total_model_examples_processed,1223,0.0
derpp,slowheat_derpp_hidden_beta_30_budget_0.25,total_model_examples_processed,1523,0.0
derpp,slowheat_derpp_hidden_beta_30_budget_0.25,total_model_examples_processed,1823,0.0
derpp,slowheat_derpp_hidden_beta_30_budget_0.25,total_model_examples_processed,2129,0.0
derpp,slowheat_derpp_hidden_beta_30_budget_0.25,total_model_examples_processed,2423,0.0
derpp,slowheat_derpp_hidden_beta_30_budget_0.25,total_model_examples_processed,2729,0.0
derpp,slowheat_derpp_hidden_beta_30_budget_0.25,total_model_examples_processed,3037,0.0
derpp,slowheat_derpp_hidden_beta_30_budget_0.25,estimated_total_flops,311,4280847360.0
derpp,slowheat_derpp_hidden_beta_30_budget_0.25,estimated_total_flops,617,4280847360.0
derpp,slowheat_derpp_hidden_beta_30_budget_0.25,estimated_total_flops,919,4280847360.0
derpp,slowheat_derpp_hidden_beta_30_budget_0.25,estimated_total_flops,1223,4280847360.0
derpp,slowheat_derpp_hidden_beta_30_budget_0.25,estimated_total_flops,1523,4280847360.0
derpp,slowheat_derpp_hidden_beta_30_budget_0.25,estimated_total_flops,1823,4280847360.0
derpp,slowheat_derpp_hidden_beta_30_budget_0.25,estimated_total_flops,2129,4280847360.0
derpp,slowheat_derpp_hidden_beta_30_budget_0.25,estimated_total_flops,2423,4280847360.0
derpp,slowheat_derpp_hidden_beta_30_budget_0.25,estimated_total_flops,2729,4280847360.0
derpp,slowheat_derpp_hidden_beta_30_budget_0.25,estimated_total_flops,3037,4280847360.0
derpp,slowheat_derpp_hidden_beta_30_budget_0.25,estimated_overhead_flops,311,4280847360.0
derpp,slowheat_derpp_hidden_beta_30_budget_0.25,estimated_overhead_flops,617,4280847360.0
derpp,slowheat_derpp_hidden_beta_30_budget_0.25,estimated_overhead_flops,919,4280847360.0
derpp,slowheat_derpp_hidden_beta_30_budget_0.25,estimated_overhead_flops,1223,4280847360.0
derpp,slowheat_derpp_hidden_beta_30_budget_0.25,estimated_overhead_flops,1523,4280847360.0
derpp,slowheat_derpp_hidden_beta_30_budget_0.25,estimated_overhead_flops,1823,4280847360.0
derpp,slowheat_derpp_hidden_beta_30_budget_0.25,estimated_overhead_flops,2129,4280847360.0
derpp,slowheat_derpp_hidden_beta_30_budget_0.25,estimated_overhead_flops,2423,4280847360.0
derpp,slowheat_derpp_hidden_beta_30_budget_0.25,estimated_overhead_flops,2729,4280847360.0
derpp,slowheat_derpp_hidden_beta_30_budget_0.25,estimated_overhead_flops,3037,4280847360.0
derpp,slowheat_derpp_hidden_beta_30_budget_0.25,replay_memory_bytes,311,0.0
derpp,slowheat_derpp_hidden_beta_30_budget_0.25,replay_memory_bytes,617,0.0
derpp,slowheat_derpp_hidden_beta_30_budget_0.25,replay_memory_bytes,919,0.0
derpp,slowheat_derpp_hidden_beta_30_budget_0.25,replay_memory_bytes,1223,0.0
derpp,slowheat_derpp_hidden_beta_30_budget_0.25,replay_memory_bytes,1523,0.0
derpp,slowheat_derpp_hidden_beta_30_budget_0.25,replay_memory_bytes,1823,0.0
derpp,slowheat_derpp_hidden_beta_30_budget_0.25,replay_memory_bytes,2129,0.0
derpp,slowheat_derpp_hidden_beta_30_budget_0.25,replay_memory_bytes,2423,0.0
derpp,slowheat_derpp_hidden_beta_30_budget_0.25,replay_memory_bytes,2729,0.0
derpp,slowheat_derpp_hidden_beta_30_budget_0.25,replay_memory_bytes,3037,0.0
derpp,slowheat_derpp_hidden_beta_30_budget_0.25,stored_logits_bytes,311,0.0
derpp,slowheat_derpp_hidden_beta_30_budget_0.25,stored_logits_bytes,617,0.0
derpp,slowheat_derpp_hidden_beta_30_budget_0.25,stored_logits_bytes,919,0.0
derpp,slowheat_derpp_hidden_beta_30_budget_0.25,stored_logits_bytes,1223,0.0
derpp,slowheat_derpp_hidden_beta_30_budget_0.25,stored_logits_bytes,1523,0.0
derpp,slowheat_derpp_hidden_beta_30_budget_0.25,stored_logits_bytes,1823,0.0
derpp,slowheat_derpp_hidden_beta_30_budget_0.25,stored_logits_bytes,2129,0.0
derpp,slowheat_derpp_hidden_beta_30_budget_0.25,stored_logits_bytes,2423,0.0
derpp,slowheat_derpp_hidden_beta_30_budget_0.25,stored_logits_bytes,2729,0.0
derpp,slowheat_derpp_hidden_beta_30_budget_0.25,stored_logits_bytes,3037,0.0
derpp,er_ace,final_average_accuracy,311,-0.019000000000000017
derpp,er_ace,final_average_accuracy,617,-0.023479999999999945
derpp,er_ace,final_average_accuracy,919,-0.020159999999999956
derpp,er_ace,final_average_accuracy,1223,-0.024960000000000093
derpp,er_ace,final_average_accuracy,1523,-0.02427999999999997
derpp,er_ace,final_average_accuracy,1823,-0.02751999999999999
derpp,er_ace,final_average_accuracy,2129,-0.016280000000000072
derpp,er_ace,final_average_accuracy,2423,-0.021079999999999988
derpp,er_ace,final_average_accuracy,2729,-0.023599999999999843
derpp,er_ace,final_average_accuracy,3037,-0.02432000000000001
derpp,er_ace,average_forgetting,311,0.024650000000000005
derpp,er_ace,average_forgetting,617,0.029799999999999993
derpp,er_ace,average_forgetting,919,0.02429999999999999
derpp,er_ace,average_forgetting,1223,0.030850000000000016
derpp,er_ace,average_forgetting,1523,0.03190000000000004
derpp,er_ace,average_forgetting,1823,0.037699999999999984
derpp,er_ace,average_forgetting,2129,0.021449999999999997
derpp,er_ace,average_forgetting,2423,0.025999999999999968
derpp,er_ace,average_forgetting,2729,0.030549999999999966
derpp,er_ace,average_forgetting,3037,0.033149999999999985
derpp,er_ace,backward_transfer,311,-0.024650000000000005
derpp,er_ace,backward_transfer,617,-0.029799999999999993
derpp,er_ace,backward_transfer,919,-0.02429999999999999
derpp,er_ace,backward_transfer,1223,-0.030850000000000016
derpp,er_ace,backward_transfer,1523,-0.03190000000000004
derpp,er_ace,backward_transfer,1823,-0.037699999999999984
derpp,er_ace,backward_transfer,2129,-0.021449999999999997
derpp,er_ace,backward_transfer,2423,-0.026199999999999973
derpp,er_ace,backward_transfer,2729,-0.030549999999999966
derpp,er_ace,backward_transfer,3037,-0.033149999999999985
derpp,er_ace,forward_transfer,311,0.005700000000000011
derpp,er_ace,forward_transfer,617,-0.0009499999999999995
derpp,er_ace,forward_transfer,919,-0.0023
derpp,er_ace,forward_transfer,1223,-0.003850000000000001
derpp,er_ace,forward_transfer,1523,-0.000900000000000005
derpp,er_ace,forward_transfer,1823,0.010200000000000004
derpp,er_ace,forward_transfer,2129,0.006149999999999999
derpp,er_ace,forward_transfer,2423,-0.0045000000000000005
derpp,er_ace,forward_transfer,2729,0.014850000000000002
derpp,er_ace,forward_transfer,3037,-0.0023999999999999994
derpp,er_ace,task_aware_final_accuracy,311,-0.019000000000000017
derpp,er_ace,task_aware_final_accuracy,617,-0.023479999999999945
derpp,er_ace,task_aware_final_accuracy,919,-0.020159999999999956
derpp,er_ace,task_aware_final_accuracy,1223,-0.024960000000000093
derpp,er_ace,task_aware_final_accuracy,1523,-0.02427999999999997
derpp,er_ace,task_aware_final_accuracy,1823,-0.02751999999999999
derpp,er_ace,task_aware_final_accuracy,2129,-0.016280000000000072
derpp,er_ace,task_aware_final_accuracy,2423,-0.021079999999999988
derpp,er_ace,task_aware_final_accuracy,2729,-0.023599999999999843
derpp,er_ace,task_aware_final_accuracy,3037,-0.02432000000000001
derpp,er_ace,task_aware_forgetting,311,0.024650000000000005
derpp,er_ace,task_aware_forgetting,617,0.029799999999999993
derpp,er_ace,task_aware_forgetting,919,0.02429999999999999
derpp,er_ace,task_aware_forgetting,1223,0.030850000000000016
derpp,er_ace,task_aware_forgetting,1523,0.03190000000000004
derpp,er_ace,task_aware_forgetting,1823,0.037699999999999984
derpp,er_ace,task_aware_forgetting,2129,0.021449999999999997
derpp,er_ace,task_aware_forgetting,2423,0.025999999999999968
derpp,er_ace,task_aware_forgetting,2729,0.030549999999999966
derpp,er_ace,task_aware_forgetting,3037,0.033149999999999985
derpp,er_ace,classifier_gap,311,0.0
derpp,er_ace,classifier_gap,617,0.0
derpp,er_ace,classifier_gap,919,0.0
derpp,er_ace,classifier_gap,1223,0.0
derpp,er_ace,classifier_gap,1523,0.0
derpp,er_ace,classifier_gap,1823,0.0
derpp,er_ace,classifier_gap,2129,0.0
derpp,er_ace,classifier_gap,2423,0.0
derpp,er_ace,classifier_gap,2729,0.0
derpp,er_ace,classifier_gap,3037,0.0
derpp,er_ace,elapsed_seconds,311,0.8331331470108125
derpp,er_ace,elapsed_seconds,617,0.7500101589830592
derpp,er_ace,elapsed_seconds,919,0.5592293929948937
derpp,er_ace,elapsed_seconds,1223,-1.618174863018794
derpp,er_ace,elapsed_seconds,1523,0.6716589219868183
derpp,er_ace,elapsed_seconds,1823,-0.0689173240098171
derpp,er_ace,elapsed_seconds,2129,-0.06840807700064033
derpp,er_ace,elapsed_seconds,2423,-0.01590515999123454
derpp,er_ace,elapsed_seconds,2729,0.47640802498790435
derpp,er_ace,elapsed_seconds,3037,-0.3461193999974057
derpp,er_ace,learner_examples_processed,311,0.0
derpp,er_ace,learner_examples_processed,617,0.0
derpp,er_ace,learner_examples_processed,919,0.0
derpp,er_ace,learner_examples_processed,1223,0.0
derpp,er_ace,learner_examples_processed,1523,0.0
derpp,er_ace,learner_examples_processed,1823,0.0
derpp,er_ace,learner_examples_processed,2129,0.0
derpp,er_ace,learner_examples_processed,2423,0.0
derpp,er_ace,learner_examples_processed,2729,0.0
derpp,er_ace,learner_examples_processed,3037,0.0
derpp,er_ace,total_model_examples_processed,311,0.0
derpp,er_ace,total_model_examples_processed,617,0.0
derpp,er_ace,total_model_examples_processed,919,0.0
derpp,er_ace,total_model_examples_processed,1223,0.0
derpp,er_ace,total_model_examples_processed,1523,0.0
derpp,er_ace,total_model_examples_processed,1823,0.0
derpp,er_ace,total_model_examples_processed,2129,0.0
derpp,er_ace,total_model_examples_processed,2423,0.0
derpp,er_ace,total_model_examples_processed,2729,0.0
derpp,er_ace,total_model_examples_processed,3037,0.0
derpp,er_ace,estimated_total_flops,311,0.0
derpp,er_ace,estimated_total_flops,617,0.0
derpp,er_ace,estimated_total_flops,919,0.0
derpp,er_ace,estimated_total_flops,1223,0.0
derpp,er_ace,estimated_total_flops,1523,0.0
derpp,er_ace,estimated_total_flops,1823,0.0
derpp,er_ace,estimated_total_flops,2129,0.0
derpp,er_ace,estimated_total_flops,2423,0.0
derpp,er_ace,estimated_total_flops,2729,0.0
derpp,er_ace,estimated_total_flops,3037,0.0
derpp,er_ace,estimated_overhead_flops,311,0.0
derpp,er_ace,estimated_overhead_flops,617,0.0
derpp,er_ace,estimated_overhead_flops,919,0.0
derpp,er_ace,estimated_overhead_flops,1223,0.0
derpp,er_ace,estimated_overhead_flops,1523,0.0
derpp,er_ace,estimated_overhead_flops,1823,0.0
derpp,er_ace,estimated_overhead_flops,2129,0.0
derpp,er_ace,estimated_overhead_flops,2423,0.0
derpp,er_ace,estimated_overhead_flops,2729,0.0
derpp,er_ace,estimated_overhead_flops,3037,0.0
derpp,er_ace,replay_memory_bytes,311,0.0
derpp,er_ace,replay_memory_bytes,617,0.0
derpp,er_ace,replay_memory_bytes,919,0.0
derpp,er_ace,replay_memory_bytes,1223,0.0
derpp,er_ace,replay_memory_bytes,1523,0.0
derpp,er_ace,replay_memory_bytes,1823,0.0
derpp,er_ace,replay_memory_bytes,2129,0.0
derpp,er_ace,replay_memory_bytes,2423,0.0
derpp,er_ace,replay_memory_bytes,2729,0.0
derpp,er_ace,replay_memory_bytes,3037,0.0
derpp,er_ace,stored_logits_bytes,311,-8000.0
derpp,er_ace,stored_logits_bytes,617,-8000.0
derpp,er_ace,stored_logits_bytes,919,-8000.0
derpp,er_ace,stored_logits_bytes,1223,-8000.0
derpp,er_ace,stored_logits_bytes,1523,-8000.0
derpp,er_ace,stored_logits_bytes,1823,-8000.0
derpp,er_ace,stored_logits_bytes,2129,-8000.0
derpp,er_ace,stored_logits_bytes,2423,-8000.0
derpp,er_ace,stored_logits_bytes,2729,-8000.0
derpp,er_ace,stored_logits_bytes,3037,-8000.0
derpp,slowheat_er_ace_hidden_beta_30_budget_0.25,final_average_accuracy,311,-0.015160000000000062
derpp,slowheat_er_ace_hidden_beta_30_budget_0.25,final_average_accuracy,617,-0.02051999999999976
derpp,slowheat_er_ace_hidden_beta_30_budget_0.25,final_average_accuracy,919,-0.013959999999999972
derpp,slowheat_er_ace_hidden_beta_30_budget_0.25,final_average_accuracy,1223,-0.016159999999999952
derpp,slowheat_er_ace_hidden_beta_30_budget_0.25,final_average_accuracy,1523,-0.02176
derpp,slowheat_er_ace_hidden_beta_30_budget_0.25,final_average_accuracy,1823,-0.016959999999999975
derpp,slowheat_er_ace_hidden_beta_30_budget_0.25,final_average_accuracy,2129,-0.014480000000000048
derpp,slowheat_er_ace_hidden_beta_30_budget_0.25,final_average_accuracy,2423,-0.014639999999999986
derpp,slowheat_er_ace_hidden_beta_30_budget_0.25,final_average_accuracy,2729,-0.014039999999999941
derpp,slowheat_er_ace_hidden_beta_30_budget_0.25,final_average_accuracy,3037,-0.015680000000000027
derpp,slowheat_er_ace_hidden_beta_30_budget_0.25,average_forgetting,311,0.009699999999999986
derpp,slowheat_er_ace_hidden_beta_30_budget_0.25,average_forgetting,617,0.019449999999999995
derpp,slowheat_er_ace_hidden_beta_30_budget_0.25,average_forgetting,919,0.011649999999999994
derpp,slowheat_er_ace_hidden_beta_30_budget_0.25,average_forgetting,1223,0.01479999999999998
derpp,slowheat_er_ace_hidden_beta_30_budget_0.25,average_forgetting,1523,0.02155000000000007
derpp,slowheat_er_ace_hidden_beta_30_budget_0.25,average_forgetting,1823,0.019899999999999973
derpp,slowheat_er_ace_hidden_beta_30_budget_0.25,average_forgetting,2129,0.01464999999999994
derpp,slowheat_er_ace_hidden_beta_30_budget_0.25,average_forgetting,2423,0.01154999999999995
derpp,slowheat_er_ace_hidden_beta_30_budget_0.25,average_forgetting,2729,0.013850000000000057
derpp,slowheat_er_ace_hidden_beta_30_budget_0.25,average_forgetting,3037,0.014650000000000024
derpp,slowheat_er_ace_hidden_beta_30_budget_0.25,backward_transfer,311,-0.009699999999999986
derpp,slowheat_er_ace_hidden_beta_30_budget_0.25,backward_transfer,617,-0.019449999999999995
derpp,slowheat_er_ace_hidden_beta_30_budget_0.25,backward_transfer,919,-0.011649999999999994
derpp,slowheat_er_ace_hidden_beta_30_budget_0.25,backward_transfer,1223,-0.01479999999999998
derpp,slowheat_er_ace_hidden_beta_30_budget_0.25,backward_transfer,1523,-0.02155000000000007
derpp,slowheat_er_ace_hidden_beta_30_budget_0.25,backward_transfer,1823,-0.019899999999999973
derpp,slowheat_er_ace_hidden_beta_30_budget_0.25,backward_transfer,2129,-0.01464999999999994
derpp,slowheat_er_ace_hidden_beta_30_budget_0.25,backward_transfer,2423,-0.011749999999999955
derpp,slowheat_er_ace_hidden_beta_30_budget_0.25,backward_transfer,2729,-0.013850000000000057
derpp,slowheat_er_ace_hidden_beta_30_budget_0.25,backward_transfer,3037,-0.01410000000000003
derpp,slowheat_er_ace_hidden_beta_30_budget_0.25,forward_transfer,311,0.0028499999999999984
derpp,slowheat_er_ace_hidden_beta_30_budget_0.25,forward_transfer,617,-0.004799999999999995
derpp,slowheat_er_ace_hidden_beta_30_budget_0.25,forward_transfer,919,0.0008499999999999966
derpp,slowheat_er_ace_hidden_beta_30_budget_0.25,forward_transfer,1223,0.0058999999999999955
derpp,slowheat_er_ace_hidden_beta_30_budget_0.25,forward_transfer,1523,-0.010999999999999996
derpp,slowheat_er_ace_hidden_beta_30_budget_0.25,forward_transfer,1823,-0.0053999999999999986
derpp,slowheat_er_ace_hidden_beta_30_budget_0.25,forward_transfer,2129,-0.008199999999999999
derpp,slowheat_er_ace_hidden_beta_30_budget_0.25,forward_transfer,2423,-0.007250000000000003
derpp,slowheat_er_ace_hidden_beta_30_budget_0.25,forward_transfer,2729,0.005000000000000008
derpp,slowheat_er_ace_hidden_beta_30_budget_0.25,forward_transfer,3037,-0.006099999999999991
derpp,slowheat_er_ace_hidden_beta_30_budget_0.25,task_aware_final_accuracy,311,-0.015160000000000062
derpp,slowheat_er_ace_hidden_beta_30_budget_0.25,task_aware_final_accuracy,617,-0.02051999999999976
derpp,slowheat_er_ace_hidden_beta_30_budget_0.25,task_aware_final_accuracy,919,-0.013959999999999972
derpp,slowheat_er_ace_hidden_beta_30_budget_0.25,task_aware_final_accuracy,1223,-0.016159999999999952
derpp,slowheat_er_ace_hidden_beta_30_budget_0.25,task_aware_final_accuracy,1523,-0.02176
derpp,slowheat_er_ace_hidden_beta_30_budget_0.25,task_aware_final_accuracy,1823,-0.016959999999999975
derpp,slowheat_er_ace_hidden_beta_30_budget_0.25,task_aware_final_accuracy,2129,-0.014480000000000048
derpp,slowheat_er_ace_hidden_beta_30_budget_0.25,task_aware_final_accuracy,2423,-0.014639999999999986
derpp,slowheat_er_ace_hidden_beta_30_budget_0.25,task_aware_final_accuracy,2729,-0.014039999999999941
derpp,slowheat_er_ace_hidden_beta_30_budget_0.25,task_aware_final_accuracy,3037,-0.015680000000000027
derpp,slowheat_er_ace_hidden_beta_30_budget_0.25,task_aware_forgetting,311,0.009699999999999986
derpp,slowheat_er_ace_hidden_beta_30_budget_0.25,task_aware_forgetting,617,0.019449999999999995
derpp,slowheat_er_ace_hidden_beta_30_budget_0.25,task_aware_forgetting,919,0.011649999999999994
derpp,slowheat_er_ace_hidden_beta_30_budget_0.25,task_aware_forgetting,1223,0.01479999999999998
derpp,slowheat_er_ace_hidden_beta_30_budget_0.25,task_aware_forgetting,1523,0.02155000000000007
derpp,slowheat_er_ace_hidden_beta_30_budget_0.25,task_aware_forgetting,1823,0.019899999999999973
derpp,slowheat_er_ace_hidden_beta_30_budget_0.25,task_aware_forgetting,2129,0.01464999999999994
derpp,slowheat_er_ace_hidden_beta_30_budget_0.25,task_aware_forgetting,2423,0.01154999999999995
derpp,slowheat_er_ace_hidden_beta_30_budget_0.25,task_aware_forgetting,2729,0.013850000000000057
derpp,slowheat_er_ace_hidden_beta_30_budget_0.25,task_aware_forgetting,3037,0.014650000000000024
derpp,slowheat_er_ace_hidden_beta_30_budget_0.25,classifier_gap,311,0.0
derpp,slowheat_er_ace_hidden_beta_30_budget_0.25,classifier_gap,617,0.0
derpp,slowheat_er_ace_hidden_beta_30_budget_0.25,classifier_gap,919,0.0
derpp,slowheat_er_ace_hidden_beta_30_budget_0.25,classifier_gap,1223,0.0
derpp,slowheat_er_ace_hidden_beta_30_budget_0.25,classifier_gap,1523,0.0
derpp,slowheat_er_ace_hidden_beta_30_budget_0.25,classifier_gap,1823,0.0
derpp,slowheat_er_ace_hidden_beta_30_budget_0.25,classifier_gap,2129,0.0
derpp,slowheat_er_ace_hidden_beta_30_budget_0.25,classifier_gap,2423,0.0
derpp,slowheat_er_ace_hidden_beta_30_budget_0.25,classifier_gap,2729,0.0
derpp,slowheat_er_ace_hidden_beta_30_budget_0.25,classifier_gap,3037,0.0
derpp,slowheat_er_ace_hidden_beta_30_budget_0.25,elapsed_seconds,311,8.780845450004563
derpp,slowheat_er_ace_hidden_beta_30_budget_0.25,elapsed_seconds,617,8.788694057991961
derpp,slowheat_er_ace_hidden_beta_30_budget_0.25,elapsed_seconds,919,8.447462629002985
derpp,slowheat_er_ace_hidden_beta_30_budget_0.25,elapsed_seconds,1223,7.544857086002594
derpp,slowheat_er_ace_hidden_beta_30_budget_0.25,elapsed_seconds,1523,8.719085565971909
derpp,slowheat_er_ace_hidden_beta_30_budget_0.25,elapsed_seconds,1823,7.7887645669979975
derpp,slowheat_er_ace_hidden_beta_30_budget_0.25,elapsed_seconds,2129,7.770033008011524
derpp,slowheat_er_ace_hidden_beta_30_budget_0.25,elapsed_seconds,2423,8.272029391984688
derpp,slowheat_er_ace_hidden_beta_30_budget_0.25,elapsed_seconds,2729,8.340187085996149
derpp,slowheat_er_ace_hidden_beta_30_budget_0.25,elapsed_seconds,3037,7.761068403022364
derpp,slowheat_er_ace_hidden_beta_30_budget_0.25,learner_examples_processed,311,0.0
derpp,slowheat_er_ace_hidden_beta_30_budget_0.25,learner_examples_processed,617,0.0
derpp,slowheat_er_ace_hidden_beta_30_budget_0.25,learner_examples_processed,919,0.0
derpp,slowheat_er_ace_hidden_beta_30_budget_0.25,learner_examples_processed,1223,0.0
derpp,slowheat_er_ace_hidden_beta_30_budget_0.25,learner_examples_processed,1523,0.0
derpp,slowheat_er_ace_hidden_beta_30_budget_0.25,learner_examples_processed,1823,0.0
derpp,slowheat_er_ace_hidden_beta_30_budget_0.25,learner_examples_processed,2129,0.0
derpp,slowheat_er_ace_hidden_beta_30_budget_0.25,learner_examples_processed,2423,0.0
derpp,slowheat_er_ace_hidden_beta_30_budget_0.25,learner_examples_processed,2729,0.0
derpp,slowheat_er_ace_hidden_beta_30_budget_0.25,learner_examples_processed,3037,0.0
derpp,slowheat_er_ace_hidden_beta_30_budget_0.25,total_model_examples_processed,311,0.0
derpp,slowheat_er_ace_hidden_beta_30_budget_0.25,total_model_examples_processed,617,0.0
derpp,slowheat_er_ace_hidden_beta_30_budget_0.25,total_model_examples_processed,919,0.0
derpp,slowheat_er_ace_hidden_beta_30_budget_0.25,total_model_examples_processed,1223,0.0
derpp,slowheat_er_ace_hidden_beta_30_budget_0.25,total_model_examples_processed,1523,0.0
derpp,slowheat_er_ace_hidden_beta_30_budget_0.25,total_model_examples_processed,1823,0.0
derpp,slowheat_er_ace_hidden_beta_30_budget_0.25,total_model_examples_processed,2129,0.0
derpp,slowheat_er_ace_hidden_beta_30_budget_0.25,total_model_examples_processed,2423,0.0
derpp,slowheat_er_ace_hidden_beta_30_budget_0.25,total_model_examples_processed,2729,0.0
derpp,slowheat_er_ace_hidden_beta_30_budget_0.25,total_model_examples_processed,3037,0.0
derpp,slowheat_er_ace_hidden_beta_30_budget_0.25,estimated_total_flops,311,4280847360.0
derpp,slowheat_er_ace_hidden_beta_30_budget_0.25,estimated_total_flops,617,4280847360.0
derpp,slowheat_er_ace_hidden_beta_30_budget_0.25,estimated_total_flops,919,4280847360.0
derpp,slowheat_er_ace_hidden_beta_30_budget_0.25,estimated_total_flops,1223,4280847360.0
derpp,slowheat_er_ace_hidden_beta_30_budget_0.25,estimated_total_flops,1523,4280847360.0
derpp,slowheat_er_ace_hidden_beta_30_budget_0.25,estimated_total_flops,1823,4280847360.0
derpp,slowheat_er_ace_hidden_beta_30_budget_0.25,estimated_total_flops,2129,4280847360.0
derpp,slowheat_er_ace_hidden_beta_30_budget_0.25,estimated_total_flops,2423,4280847360.0
derpp,slowheat_er_ace_hidden_beta_30_budget_0.25,estimated_total_flops,2729,4280847360.0
derpp,slowheat_er_ace_hidden_beta_30_budget_0.25,estimated_total_flops,3037,4280847360.0
derpp,slowheat_er_ace_hidden_beta_30_budget_0.25,estimated_overhead_flops,311,4280847360.0
derpp,slowheat_er_ace_hidden_beta_30_budget_0.25,estimated_overhead_flops,617,4280847360.0
derpp,slowheat_er_ace_hidden_beta_30_budget_0.25,estimated_overhead_flops,919,4280847360.0
derpp,slowheat_er_ace_hidden_beta_30_budget_0.25,estimated_overhead_flops,1223,4280847360.0
derpp,slowheat_er_ace_hidden_beta_30_budget_0.25,estimated_overhead_flops,1523,4280847360.0
derpp,slowheat_er_ace_hidden_beta_30_budget_0.25,estimated_overhead_flops,1823,4280847360.0
derpp,slowheat_er_ace_hidden_beta_30_budget_0.25,estimated_overhead_flops,2129,4280847360.0
derpp,slowheat_er_ace_hidden_beta_30_budget_0.25,estimated_overhead_flops,2423,4280847360.0
derpp,slowheat_er_ace_hidden_beta_30_budget_0.25,estimated_overhead_flops,2729,4280847360.0
derpp,slowheat_er_ace_hidden_beta_30_budget_0.25,estimated_overhead_flops,3037,4280847360.0
derpp,slowheat_er_ace_hidden_beta_30_budget_0.25,replay_memory_bytes,311,0.0
derpp,slowheat_er_ace_hidden_beta_30_budget_0.25,replay_memory_bytes,617,0.0
derpp,slowheat_er_ace_hidden_beta_30_budget_0.25,replay_memory_bytes,919,0.0
derpp,slowheat_er_ace_hidden_beta_30_budget_0.25,replay_memory_bytes,1223,0.0
derpp,slowheat_er_ace_hidden_beta_30_budget_0.25,replay_memory_bytes,1523,0.0
derpp,slowheat_er_ace_hidden_beta_30_budget_0.25,replay_memory_bytes,1823,0.0
derpp,slowheat_er_ace_hidden_beta_30_budget_0.25,replay_memory_bytes,2129,0.0
derpp,slowheat_er_ace_hidden_beta_30_budget_0.25,replay_memory_bytes,2423,0.0
derpp,slowheat_er_ace_hidden_beta_30_budget_0.25,replay_memory_bytes,2729,0.0
derpp,slowheat_er_ace_hidden_beta_30_budget_0.25,replay_memory_bytes,3037,0.0
derpp,slowheat_er_ace_hidden_beta_30_budget_0.25,stored_logits_bytes,311,-8000.0
derpp,slowheat_er_ace_hidden_beta_30_budget_0.25,stored_logits_bytes,617,-8000.0
derpp,slowheat_er_ace_hidden_beta_30_budget_0.25,stored_logits_bytes,919,-8000.0
derpp,slowheat_er_ace_hidden_beta_30_budget_0.25,stored_logits_bytes,1223,-8000.0
derpp,slowheat_er_ace_hidden_beta_30_budget_0.25,stored_logits_bytes,1523,-8000.0
derpp,slowheat_er_ace_hidden_beta_30_budget_0.25,stored_logits_bytes,1823,-8000.0
derpp,slowheat_er_ace_hidden_beta_30_budget_0.25,stored_logits_bytes,2129,-8000.0
derpp,slowheat_er_ace_hidden_beta_30_budget_0.25,stored_logits_bytes,2423,-8000.0
derpp,slowheat_er_ace_hidden_beta_30_budget_0.25,stored_logits_bytes,2729,-8000.0
derpp,slowheat_er_ace_hidden_beta_30_budget_0.25,stored_logits_bytes,3037,-8000.0
derpp,agem,final_average_accuracy,311,-0.019480000000000053
derpp,agem,final_average_accuracy,617,-0.022439999999999904
derpp,agem,final_average_accuracy,919,-0.020360000000000045
derpp,agem,final_average_accuracy,1223,-0.03071999999999997
derpp,agem,final_average_accuracy,1523,-0.02624000000000004
derpp,agem,final_average_accuracy,1823,-0.02719999999999989
derpp,agem,final_average_accuracy,2129,-0.0176400000000001
derpp,agem,final_average_accuracy,2423,-0.024919999999999942
derpp,agem,final_average_accuracy,2729,-0.021639999999999993
derpp,agem,final_average_accuracy,3037,-0.02448000000000017
derpp,agem,average_forgetting,311,0.024750000000000022
derpp,agem,average_forgetting,617,0.027999999999999997
derpp,agem,average_forgetting,919,0.024400000000000005
derpp,agem,average_forgetting,1223,0.03824999999999998
derpp,agem,average_forgetting,1523,0.03485000000000002
derpp,agem,average_forgetting,1823,0.035749999999999976
derpp,agem,average_forgetting,2129,0.02140000000000003
derpp,agem,average_forgetting,2423,0.03115000000000001
derpp,agem,average_forgetting,2729,0.02795000000000003
derpp,agem,average_forgetting,3037,0.03210000000000002
derpp,agem,backward_transfer,311,-0.024750000000000022
derpp,agem,backward_transfer,617,-0.027999999999999997
derpp,agem,backward_transfer,919,-0.024400000000000005
derpp,agem,backward_transfer,1223,-0.03824999999999998
derpp,agem,backward_transfer,1523,-0.03485000000000002
derpp,agem,backward_transfer,1823,-0.035749999999999976
derpp,agem,backward_transfer,2129,-0.02140000000000003
derpp,agem,backward_transfer,2423,-0.03135000000000002
derpp,agem,backward_transfer,2729,-0.02795000000000003
derpp,agem,backward_transfer,3037,-0.03210000000000002
derpp,agem,forward_transfer,311,-0.0038999999999999972
derpp,agem,forward_transfer,617,0.007599999999999999
derpp,agem,forward_transfer,919,0.0038000000000000013
derpp,agem,forward_transfer,1223,0.0002999999999999982
derpp,agem,forward_transfer,1523,-0.001349999999999997
derpp,agem,forward_transfer,1823,0.004700000000000003
derpp,agem,forward_transfer,2129,0.0183
derpp,agem,forward_transfer,2423,0.0049999999999999975
derpp,agem,forward_transfer,2729,0.002400000000000003
derpp,agem,forward_transfer,3037,0.0005000000000000039
derpp,agem,task_aware_final_accuracy,311,-0.019480000000000053
derpp,agem,task_aware_final_accuracy,617,-0.022439999999999904
derpp,agem,task_aware_final_accuracy,919,-0.020360000000000045
derpp,agem,task_aware_final_accuracy,1223,-0.03071999999999997
derpp,agem,task_aware_final_accuracy,1523,-0.02624000000000004
derpp,agem,task_aware_final_accuracy,1823,-0.02719999999999989
derpp,agem,task_aware_final_accuracy,2129,-0.0176400000000001
derpp,agem,task_aware_final_accuracy,2423,-0.024919999999999942
derpp,agem,task_aware_final_accuracy,2729,-0.021639999999999993
derpp,agem,task_aware_final_accuracy,3037,-0.02448000000000017
derpp,agem,task_aware_forgetting,311,0.024750000000000022
derpp,agem,task_aware_forgetting,617,0.027999999999999997
derpp,agem,task_aware_forgetting,919,0.024400000000000005
derpp,agem,task_aware_forgetting,1223,0.03824999999999998
derpp,agem,task_aware_forgetting,1523,0.03485000000000002
derpp,agem,task_aware_forgetting,1823,0.035749999999999976
derpp,agem,task_aware_forgetting,2129,0.02140000000000003
derpp,agem,task_aware_forgetting,2423,0.03115000000000001
derpp,agem,task_aware_forgetting,2729,0.02795000000000003
derpp,agem,task_aware_forgetting,3037,0.03210000000000002
derpp,agem,classifier_gap,311,0.0
derpp,agem,classifier_gap,617,0.0
derpp,agem,classifier_gap,919,0.0
derpp,agem,classifier_gap,1223,0.0
derpp,agem,classifier_gap,1523,0.0
derpp,agem,classifier_gap,1823,0.0
derpp,agem,classifier_gap,2129,0.0
derpp,agem,classifier_gap,2423,0.0
derpp,agem,classifier_gap,2729,0.0
derpp,agem,classifier_gap,3037,0.0
derpp,agem,elapsed_seconds,311,1.2202605319907889
derpp,agem,elapsed_seconds,617,1.2960226450231858
derpp,agem,elapsed_seconds,919,1.0587852989847306
derpp,agem,elapsed_seconds,1223,-0.07067046899464913
derpp,agem,elapsed_seconds,1523,1.1985505539923906
derpp,agem,elapsed_seconds,1823,0.4178355729964096
derpp,agem,elapsed_seconds,2129,0.32932938099838793
derpp,agem,elapsed_seconds,2423,0.36533106700517237
derpp,agem,elapsed_seconds,2729,0.8753297750081401
derpp,agem,elapsed_seconds,3037,0.4502893850149121
derpp,agem,learner_examples_processed,311,0.0
derpp,agem,learner_examples_processed,617,0.0
derpp,agem,learner_examples_processed,919,0.0
derpp,agem,learner_examples_processed,1223,0.0
derpp,agem,learner_examples_processed,1523,0.0
derpp,agem,learner_examples_processed,1823,0.0
derpp,agem,learner_examples_processed,2129,0.0
derpp,agem,learner_examples_processed,2423,0.0
derpp,agem,learner_examples_processed,2729,0.0
derpp,agem,learner_examples_processed,3037,0.0
derpp,agem,total_model_examples_processed,311,0.0
derpp,agem,total_model_examples_processed,617,0.0
derpp,agem,total_model_examples_processed,919,0.0
derpp,agem,total_model_examples_processed,1223,0.0
derpp,agem,total_model_examples_processed,1523,0.0
derpp,agem,total_model_examples_processed,1823,0.0
derpp,agem,total_model_examples_processed,2129,0.0
derpp,agem,total_model_examples_processed,2423,0.0
derpp,agem,total_model_examples_processed,2729,0.0
derpp,agem,total_model_examples_processed,3037,0.0
derpp,agem,estimated_total_flops,311,0.0
derpp,agem,estimated_total_flops,617,0.0
derpp,agem,estimated_total_flops,919,0.0
derpp,agem,estimated_total_flops,1223,0.0
derpp,agem,estimated_total_flops,1523,0.0
derpp,agem,estimated_total_flops,1823,0.0
derpp,agem,estimated_total_flops,2129,0.0
derpp,agem,estimated_total_flops,2423,0.0
derpp,agem,estimated_total_flops,2729,0.0
derpp,agem,estimated_total_flops,3037,0.0
derpp,agem,estimated_overhead_flops,311,0.0
derpp,agem,estimated_overhead_flops,617,0.0
derpp,agem,estimated_overhead_flops,919,0.0
derpp,agem,estimated_overhead_flops,1223,0.0
derpp,agem,estimated_overhead_flops,1523,0.0
derpp,agem,estimated_overhead_flops,1823,0.0
derpp,agem,estimated_overhead_flops,2129,0.0
derpp,agem,estimated_overhead_flops,2423,0.0
derpp,agem,estimated_overhead_flops,2729,0.0
derpp,agem,estimated_overhead_flops,3037,0.0
derpp,agem,replay_memory_bytes,311,0.0
derpp,agem,replay_memory_bytes,617,0.0
derpp,agem,replay_memory_bytes,919,0.0
derpp,agem,replay_memory_bytes,1223,0.0
derpp,agem,replay_memory_bytes,1523,0.0
derpp,agem,replay_memory_bytes,1823,0.0
derpp,agem,replay_memory_bytes,2129,0.0
derpp,agem,replay_memory_bytes,2423,0.0
derpp,agem,replay_memory_bytes,2729,0.0
derpp,agem,replay_memory_bytes,3037,0.0
derpp,agem,stored_logits_bytes,311,-8000.0
derpp,agem,stored_logits_bytes,617,-8000.0
derpp,agem,stored_logits_bytes,919,-8000.0
derpp,agem,stored_logits_bytes,1223,-8000.0
derpp,agem,stored_logits_bytes,1523,-8000.0
derpp,agem,stored_logits_bytes,1823,-8000.0
derpp,agem,stored_logits_bytes,2129,-8000.0
derpp,agem,stored_logits_bytes,2423,-8000.0
derpp,agem,stored_logits_bytes,2729,-8000.0
derpp,agem,stored_logits_bytes,3037,-8000.0
derpp,ewc,final_average_accuracy,311,-0.14351999999999998
derpp,ewc,final_average_accuracy,617,-0.16503999999999996
derpp,ewc,final_average_accuracy,919,-0.1583199999999999
derpp,ewc,final_average_accuracy,1223,-0.17311999999999994
derpp,ewc,final_average_accuracy,1523,-0.18223999999999985
derpp,ewc,final_average_accuracy,1823,-0.16348000000000007
derpp,ewc,final_average_accuracy,2129,-0.12268000000000012
derpp,ewc,final_average_accuracy,2423,-0.1315599999999999
derpp,ewc,final_average_accuracy,2729,-0.09119999999999984
derpp,ewc,final_average_accuracy,3037,-0.1304400000000001
derpp,ewc,average_forgetting,311,0.17815
derpp,ewc,average_forgetting,617,0.20670000000000002
derpp,ewc,average_forgetting,919,0.1972
derpp,ewc,average_forgetting,1223,0.21569999999999998
derpp,ewc,average_forgetting,1523,0.2298
derpp,ewc,average_forgetting,1823,0.20705
derpp,ewc,average_forgetting,2129,0.15395000000000003
derpp,ewc,average_forgetting,2423,0.16429999999999997
derpp,ewc,average_forgetting,2729,0.11524999999999999
derpp,ewc,average_forgetting,3037,0.16429999999999997
derpp,ewc,backward_transfer,311,-0.17815
derpp,ewc,backward_transfer,617,-0.20670000000000002
derpp,ewc,backward_transfer,919,-0.1972
derpp,ewc,backward_transfer,1223,-0.21569999999999998
derpp,ewc,backward_transfer,1523,-0.2298
derpp,ewc,backward_transfer,1823,-0.20705
derpp,ewc,backward_transfer,2129,-0.15395000000000003
derpp,ewc,backward_transfer,2423,-0.16449999999999998
derpp,ewc,backward_transfer,2729,-0.11524999999999999
derpp,ewc,backward_transfer,3037,-0.16429999999999997
derpp,ewc,forward_transfer,311,-0.0038499999999999923
derpp,ewc,forward_transfer,617,0.008299999999999991
derpp,ewc,forward_transfer,919,-0.0012500000000000011
derpp,ewc,forward_transfer,1223,0.0031000000000000003
derpp,ewc,forward_transfer,1523,-0.0010000000000000044
derpp,ewc,forward_transfer,1823,0.008549999999999999
derpp,ewc,forward_transfer,2129,0.0127
derpp,ewc,forward_transfer,2423,-0.008199999999999999
derpp,ewc,forward_transfer,2729,0.009850000000000001
derpp,ewc,forward_transfer,3037,0.0032500000000000064
derpp,ewc,task_aware_final_accuracy,311,-0.14351999999999998
derpp,ewc,task_aware_final_accuracy,617,-0.16503999999999996
derpp,ewc,task_aware_final_accuracy,919,-0.1583199999999999
derpp,ewc,task_aware_final_accuracy,1223,-0.17311999999999994
derpp,ewc,task_aware_final_accuracy,1523,-0.18223999999999985
derpp,ewc,task_aware_final_accuracy,1823,-0.16348000000000007
derpp,ewc,task_aware_final_accuracy,2129,-0.12268000000000012
derpp,ewc,task_aware_final_accuracy,2423,-0.1315599999999999
derpp,ewc,task_aware_final_accuracy,2729,-0.09119999999999984
derpp,ewc,task_aware_final_accuracy,3037,-0.1304400000000001
derpp,ewc,task_aware_forgetting,311,0.17815
derpp,ewc,task_aware_forgetting,617,0.20670000000000002
derpp,ewc,task_aware_forgetting,919,0.1972
derpp,ewc,task_aware_forgetting,1223,0.21569999999999998
derpp,ewc,task_aware_forgetting,1523,0.2298
derpp,ewc,task_aware_forgetting,1823,0.20705
derpp,ewc,task_aware_forgetting,2129,0.15395000000000003
derpp,ewc,task_aware_forgetting,2423,0.16429999999999997
derpp,ewc,task_aware_forgetting,2729,0.11524999999999999
derpp,ewc,task_aware_forgetting,3037,0.16429999999999997
derpp,ewc,classifier_gap,311,0.0
derpp,ewc,classifier_gap,617,0.0
derpp,ewc,classifier_gap,919,0.0
derpp,ewc,classifier_gap,1223,0.0
derpp,ewc,classifier_gap,1523,0.0
derpp,ewc,classifier_gap,1823,0.0
derpp,ewc,classifier_gap,2129,0.0
derpp,ewc,classifier_gap,2423,0.0
derpp,ewc,classifier_gap,2729,0.0
derpp,ewc,classifier_gap,3037,0.0
derpp,ewc,elapsed_seconds,311,2.0468220729962923
derpp,ewc,elapsed_seconds,617,1.9551255999831483
derpp,ewc,elapsed_seconds,919,1.6838724129775073
derpp,ewc,elapsed_seconds,1223,0.8344533900090028
derpp,ewc,elapsed_seconds,1523,2.0305540149856824
derpp,ewc,elapsed_seconds,1823,0.9179405749891885
derpp,ewc,elapsed_seconds,2129,1.0066222040331922
derpp,ewc,elapsed_seconds,2423,1.2566118859976996
derpp,ewc,elapsed_seconds,2729,1.4861899359966628
derpp,ewc,elapsed_seconds,3037,1.0987243310082704
derpp,ewc,learner_examples_processed,311,-202240.0
derpp,ewc,learner_examples_processed,617,-202240.0
derpp,ewc,learner_examples_processed,919,-202240.0
derpp,ewc,learner_examples_processed,1223,-202240.0
derpp,ewc,learner_examples_processed,1523,-202240.0
derpp,ewc,learner_examples_processed,1823,-202240.0
derpp,ewc,learner_examples_processed,2129,-202240.0
derpp,ewc,learner_examples_processed,2423,-202240.0
derpp,ewc,learner_examples_processed,2729,-202240.0
derpp,ewc,learner_examples_processed,3037,-202240.0
derpp,ewc,total_model_examples_processed,311,-202240.0
derpp,ewc,total_model_examples_processed,617,-202240.0
derpp,ewc,total_model_examples_processed,919,-202240.0
derpp,ewc,total_model_examples_processed,1223,-202240.0
derpp,ewc,total_model_examples_processed,1523,-202240.0
derpp,ewc,total_model_examples_processed,1823,-202240.0
derpp,ewc,total_model_examples_processed,2129,-202240.0
derpp,ewc,total_model_examples_processed,2423,-202240.0
derpp,ewc,total_model_examples_processed,2729,-202240.0
derpp,ewc,total_model_examples_processed,3037,-202240.0
derpp,ewc,estimated_total_flops,311,-642463518990.0
derpp,ewc,estimated_total_flops,617,-642463518990.0
derpp,ewc,estimated_total_flops,919,-642463518990.0
derpp,ewc,estimated_total_flops,1223,-642463518990.0
derpp,ewc,estimated_total_flops,1523,-642463518990.0
derpp,ewc,estimated_total_flops,1823,-642463518990.0
derpp,ewc,estimated_total_flops,2129,-642463518990.0
derpp,ewc,estimated_total_flops,2423,-642463518990.0
derpp,ewc,estimated_total_flops,2729,-642463518990.0
derpp,ewc,estimated_total_flops,3037,-642463518990.0
derpp,ewc,estimated_overhead_flops,311,6775418610.0
derpp,ewc,estimated_overhead_flops,617,6775418610.0
derpp,ewc,estimated_overhead_flops,919,6775418610.0
derpp,ewc,estimated_overhead_flops,1223,6775418610.0
derpp,ewc,estimated_overhead_flops,1523,6775418610.0
derpp,ewc,estimated_overhead_flops,1823,6775418610.0
derpp,ewc,estimated_overhead_flops,2129,6775418610.0
derpp,ewc,estimated_overhead_flops,2423,6775418610.0
derpp,ewc,estimated_overhead_flops,2729,6775418610.0
derpp,ewc,estimated_overhead_flops,3037,6775418610.0
derpp,ewc,replay_memory_bytes,311,-628800.0
derpp,ewc,replay_memory_bytes,617,-628800.0
derpp,ewc,replay_memory_bytes,919,-628800.0
derpp,ewc,replay_memory_bytes,1223,-628800.0
derpp,ewc,replay_memory_bytes,1523,-628800.0
derpp,ewc,replay_memory_bytes,1823,-628800.0
derpp,ewc,replay_memory_bytes,2129,-628800.0
derpp,ewc,replay_memory_bytes,2423,-628800.0
derpp,ewc,replay_memory_bytes,2729,-628800.0
derpp,ewc,replay_memory_bytes,3037,-628800.0
derpp,ewc,stored_logits_bytes,311,-8000.0
derpp,ewc,stored_logits_bytes,617,-8000.0
derpp,ewc,stored_logits_bytes,919,-8000.0
derpp,ewc,stored_logits_bytes,1223,-8000.0
derpp,ewc,stored_logits_bytes,1523,-8000.0
derpp,ewc,stored_logits_bytes,1823,-8000.0
derpp,ewc,stored_logits_bytes,2129,-8000.0
derpp,ewc,stored_logits_bytes,2423,-8000.0
derpp,ewc,stored_logits_bytes,2729,-8000.0
derpp,ewc,stored_logits_bytes,3037,-8000.0
derpp,si,final_average_accuracy,311,-0.014120000000000021
derpp,si,final_average_accuracy,617,-0.033360000000000056
derpp,si,final_average_accuracy,919,-0.022199999999999998
derpp,si,final_average_accuracy,1223,-0.023680000000000034
derpp,si,final_average_accuracy,1523,-0.02312000000000003
derpp,si,final_average_accuracy,1823,-0.02519999999999989
derpp,si,final_average_accuracy,2129,-0.02192000000000005
derpp,si,final_average_accuracy,2423,-0.032119999999999926
derpp,si,final_average_accuracy,2729,-0.018120000000000025
derpp,si,final_average_accuracy,3037,-0.020080000000000098
derpp,si,average_forgetting,311,0.010050000000000003
derpp,si,average_forgetting,617,0.03425
derpp,si,average_forgetting,919,0.01849999999999999
derpp,si,average_forgetting,1223,0.021900000000000003
derpp,si,average_forgetting,1523,0.025000000000000022
derpp,si,average_forgetting,1823,0.02980000000000002
derpp,si,average_forgetting,2129,0.022150000000000003
derpp,si,average_forgetting,2423,0.032299999999999995
derpp,si,average_forgetting,2729,0.01610000000000003
derpp,si,average_forgetting,3037,0.019200000000000023
derpp,si,backward_transfer,311,-0.010050000000000003
derpp,si,backward_transfer,617,-0.03425
derpp,si,backward_transfer,919,-0.01849999999999999
derpp,si,backward_transfer,1223,-0.021900000000000003
derpp,si,backward_transfer,1523,-0.025000000000000022
derpp,si,backward_transfer,1823,-0.02980000000000002
derpp,si,backward_transfer,2129,-0.022150000000000003
derpp,si,backward_transfer,2423,-0.0325
derpp,si,backward_transfer,2729,-0.01610000000000003
derpp,si,backward_transfer,3037,-0.019200000000000023
derpp,si,forward_transfer,311,-0.010649999999999993
derpp,si,forward_transfer,617,0.003349999999999992
derpp,si,forward_transfer,919,0.0012500000000000011
derpp,si,forward_transfer,1223,-0.0024500000000000025
derpp,si,forward_transfer,1523,-0.007550000000000001
derpp,si,forward_transfer,1823,0.0008000000000000004
derpp,si,forward_transfer,2129,0.001400000000000002
derpp,si,forward_transfer,2423,-0.0011499999999999982
derpp,si,forward_transfer,2729,0.008900000000000002
derpp,si,forward_transfer,3037,0.0015000000000000013
derpp,si,task_aware_final_accuracy,311,-0.014120000000000021
derpp,si,task_aware_final_accuracy,617,-0.033360000000000056
derpp,si,task_aware_final_accuracy,919,-0.022199999999999998
derpp,si,task_aware_final_accuracy,1223,-0.023680000000000034
derpp,si,task_aware_final_accuracy,1523,-0.02312000000000003
derpp,si,task_aware_final_accuracy,1823,-0.02519999999999989
derpp,si,task_aware_final_accuracy,2129,-0.02192000000000005
derpp,si,task_aware_final_accuracy,2423,-0.032119999999999926
derpp,si,task_aware_final_accuracy,2729,-0.018120000000000025
derpp,si,task_aware_final_accuracy,3037,-0.020080000000000098
derpp,si,task_aware_forgetting,311,0.010050000000000003
derpp,si,task_aware_forgetting,617,0.03425
derpp,si,task_aware_forgetting,919,0.01849999999999999
derpp,si,task_aware_forgetting,1223,0.021900000000000003
derpp,si,task_aware_forgetting,1523,0.025000000000000022
derpp,si,task_aware_forgetting,1823,0.02980000000000002
derpp,si,task_aware_forgetting,2129,0.022150000000000003
derpp,si,task_aware_forgetting,2423,0.032299999999999995
derpp,si,task_aware_forgetting,2729,0.01610000000000003
derpp,si,task_aware_forgetting,3037,0.019200000000000023
derpp,si,classifier_gap,311,0.0
derpp,si,classifier_gap,617,0.0
derpp,si,classifier_gap,919,0.0
derpp,si,classifier_gap,1223,0.0
derpp,si,classifier_gap,1523,0.0
derpp,si,classifier_gap,1823,0.0
derpp,si,classifier_gap,2129,0.0
derpp,si,classifier_gap,2423,0.0
derpp,si,classifier_gap,2729,0.0
derpp,si,classifier_gap,3037,0.0
derpp,si,elapsed_seconds,311,3.4764033549872693
derpp,si,elapsed_seconds,617,3.175794765003957
derpp,si,elapsed_seconds,919,3.1337652579823043
derpp,si,elapsed_seconds,1223,2.3273009870026726
derpp,si,elapsed_seconds,1523,3.2839948639739305
derpp,si,elapsed_seconds,1823,2.4539789910195395
derpp,si,elapsed_seconds,2129,2.2762218310090248
derpp,si,elapsed_seconds,2423,2.7229158139962237
derpp,si,elapsed_seconds,2729,2.871744962001685
derpp,si,elapsed_seconds,3037,2.5237086090201046
derpp,si,learner_examples_processed,311,-202240.0
derpp,si,learner_examples_processed,617,-202240.0
derpp,si,learner_examples_processed,919,-202240.0
derpp,si,learner_examples_processed,1223,-202240.0
derpp,si,learner_examples_processed,1523,-202240.0
derpp,si,learner_examples_processed,1823,-202240.0
derpp,si,learner_examples_processed,2129,-202240.0
derpp,si,learner_examples_processed,2423,-202240.0
derpp,si,learner_examples_processed,2729,-202240.0
derpp,si,learner_examples_processed,3037,-202240.0
derpp,si,total_model_examples_processed,311,-202240.0
derpp,si,total_model_examples_processed,617,-202240.0
derpp,si,total_model_examples_processed,919,-202240.0
derpp,si,total_model_examples_processed,1223,-202240.0
derpp,si,total_model_examples_processed,1523,-202240.0
derpp,si,total_model_examples_processed,1823,-202240.0
derpp,si,total_model_examples_processed,2129,-202240.0
derpp,si,total_model_examples_processed,2423,-202240.0
derpp,si,total_model_examples_processed,2729,-202240.0
derpp,si,total_model_examples_processed,3037,-202240.0
derpp,si,estimated_total_flops,311,-636106038420.0
derpp,si,estimated_total_flops,617,-636106038420.0
derpp,si,estimated_total_flops,919,-636106038420.0
derpp,si,estimated_total_flops,1223,-636106038420.0
derpp,si,estimated_total_flops,1523,-636106038420.0
derpp,si,estimated_total_flops,1823,-636106038420.0
derpp,si,estimated_total_flops,2129,-636106038420.0
derpp,si,estimated_total_flops,2423,-636106038420.0
derpp,si,estimated_total_flops,2729,-636106038420.0
derpp,si,estimated_total_flops,3037,-636106038420.0
derpp,si,estimated_overhead_flops,311,13132899180.0
derpp,si,estimated_overhead_flops,617,13132899180.0
derpp,si,estimated_overhead_flops,919,13132899180.0
derpp,si,estimated_overhead_flops,1223,13132899180.0
derpp,si,estimated_overhead_flops,1523,13132899180.0
derpp,si,estimated_overhead_flops,1823,13132899180.0
derpp,si,estimated_overhead_flops,2129,13132899180.0
derpp,si,estimated_overhead_flops,2423,13132899180.0
derpp,si,estimated_overhead_flops,2729,13132899180.0
derpp,si,estimated_overhead_flops,3037,13132899180.0
derpp,si,replay_memory_bytes,311,-628800.0
derpp,si,replay_memory_bytes,617,-628800.0
derpp,si,replay_memory_bytes,919,-628800.0
derpp,si,replay_memory_bytes,1223,-628800.0
derpp,si,replay_memory_bytes,1523,-628800.0
derpp,si,replay_memory_bytes,1823,-628800.0
derpp,si,replay_memory_bytes,2129,-628800.0
derpp,si,replay_memory_bytes,2423,-628800.0
derpp,si,replay_memory_bytes,2729,-628800.0
derpp,si,replay_memory_bytes,3037,-628800.0
derpp,si,stored_logits_bytes,311,-8000.0
derpp,si,stored_logits_bytes,617,-8000.0
derpp,si,stored_logits_bytes,919,-8000.0
derpp,si,stored_logits_bytes,1223,-8000.0
derpp,si,stored_logits_bytes,1523,-8000.0
derpp,si,stored_logits_bytes,1823,-8000.0
derpp,si,stored_logits_bytes,2129,-8000.0
derpp,si,stored_logits_bytes,2423,-8000.0
derpp,si,stored_logits_bytes,2729,-8000.0
derpp,si,stored_logits_bytes,3037,-8000.0
derpp,lwf_calibrated,final_average_accuracy,311,-0.6997200000000001
derpp,lwf_calibrated,final_average_accuracy,617,-0.66252
derpp,lwf_calibrated,final_average_accuracy,919,-0.6819200000000001
derpp,lwf_calibrated,final_average_accuracy,1223,-0.7141599999999999
derpp,lwf_calibrated,final_average_accuracy,1523,-0.6887599999999999
derpp,lwf_calibrated,final_average_accuracy,1823,-0.7265599999999999
derpp,lwf_calibrated,final_average_accuracy,2129,-0.69764
derpp,lwf_calibrated,final_average_accuracy,2423,-0.68072
derpp,lwf_calibrated,final_average_accuracy,2729,-0.67596
derpp,lwf_calibrated,final_average_accuracy,3037,-0.6841200000000001
derpp,lwf_calibrated,average_forgetting,311,0.010100000000000005
derpp,lwf_calibrated,average_forgetting,617,0.0014500000000000138
derpp,lwf_calibrated,average_forgetting,919,-0.002549999999999976
derpp,lwf_calibrated,average_forgetting,1223,0.022049999999999965
derpp,lwf_calibrated,average_forgetting,1523,0.03235000000000002
derpp,lwf_calibrated,average_forgetting,1823,0.025400000000000006
derpp,lwf_calibrated,average_forgetting,2129,0.022849999999999995
derpp,lwf_calibrated,average_forgetting,2423,0.0008999999999999876
derpp,lwf_calibrated,average_forgetting,2729,0.0022500000000000193
derpp,lwf_calibrated,average_forgetting,3037,0.0020000000000000087
derpp,lwf_calibrated,backward_transfer,311,-0.008700000000000006
derpp,lwf_calibrated,backward_transfer,617,-0.0002000000000000092
derpp,lwf_calibrated,backward_transfer,919,0.0074999999999999754
derpp,lwf_calibrated,backward_transfer,1223,-0.022049999999999965
derpp,lwf_calibrated,backward_transfer,1523,-0.02975000000000002
derpp,lwf_calibrated,backward_transfer,1823,-0.018850000000000002
derpp,lwf_calibrated,backward_transfer,2129,-0.014299999999999993
derpp,lwf_calibrated,backward_transfer,2423,-0.00034999999999999615
derpp,lwf_calibrated,backward_transfer,2729,9.999999999998552e-05
derpp,lwf_calibrated,backward_transfer,3037,-0.0004500000000000094
derpp,lwf_calibrated,forward_transfer,311,-0.008449999999999996
derpp,lwf_calibrated,forward_transfer,617,0.012350000000000003
derpp,lwf_calibrated,forward_transfer,919,-0.0049499999999999995
derpp,lwf_calibrated,forward_transfer,1223,-0.0002500000000000002
derpp,lwf_calibrated,forward_transfer,1523,-0.0003499999999999996
derpp,lwf_calibrated,forward_transfer,1823,-0.004499999999999997
derpp,lwf_calibrated,forward_transfer,2129,-0.00545
derpp,lwf_calibrated,forward_transfer,2423,-0.0015000000000000013
derpp,lwf_calibrated,forward_transfer,2729,0.016050000000000005
derpp,lwf_calibrated,forward_transfer,3037,0.00775
derpp,lwf_calibrated,task_aware_final_accuracy,311,-0.6997200000000001
derpp,lwf_calibrated,task_aware_final_accuracy,617,-0.66252
derpp,lwf_calibrated,task_aware_final_accuracy,919,-0.6819200000000001
derpp,lwf_calibrated,task_aware_final_accuracy,1223,-0.7141599999999999
derpp,lwf_calibrated,task_aware_final_accuracy,1523,-0.6887599999999999
derpp,lwf_calibrated,task_aware_final_accuracy,1823,-0.7265599999999999
derpp,lwf_calibrated,task_aware_final_accuracy,2129,-0.69764
derpp,lwf_calibrated,task_aware_final_accuracy,2423,-0.68072
derpp,lwf_calibrated,task_aware_final_accuracy,2729,-0.67596
derpp,lwf_calibrated,task_aware_final_accuracy,3037,-0.6841200000000001
derpp,lwf_calibrated,task_aware_forgetting,311,0.010100000000000005
derpp,lwf_calibrated,task_aware_forgetting,617,0.0014500000000000138
derpp,lwf_calibrated,task_aware_forgetting,919,-0.002549999999999976
derpp,lwf_calibrated,task_aware_forgetting,1223,0.022049999999999965
derpp,lwf_calibrated,task_aware_forgetting,1523,0.03235000000000002
derpp,lwf_calibrated,task_aware_forgetting,1823,0.025400000000000006
derpp,lwf_calibrated,task_aware_forgetting,2129,0.022849999999999995
derpp,lwf_calibrated,task_aware_forgetting,2423,0.0008999999999999876
derpp,lwf_calibrated,task_aware_forgetting,2729,0.0022500000000000193
derpp,lwf_calibrated,task_aware_forgetting,3037,0.0020000000000000087
derpp,lwf_calibrated,classifier_gap,311,0.0
derpp,lwf_calibrated,classifier_gap,617,0.0
derpp,lwf_calibrated,classifier_gap,919,0.0
derpp,lwf_calibrated,classifier_gap,1223,0.0
derpp,lwf_calibrated,classifier_gap,1523,0.0
derpp,lwf_calibrated,classifier_gap,1823,0.0
derpp,lwf_calibrated,classifier_gap,2129,0.0
derpp,lwf_calibrated,classifier_gap,2423,0.0
derpp,lwf_calibrated,classifier_gap,2729,0.0
derpp,lwf_calibrated,classifier_gap,3037,0.0
derpp,lwf_calibrated,elapsed_seconds,311,-1.1252598239807412
derpp,lwf_calibrated,elapsed_seconds,617,-0.851815069996519
derpp,lwf_calibrated,elapsed_seconds,919,-1.1991236430185381
derpp,lwf_calibrated,elapsed_seconds,1223,-1.7768484000116587
derpp,lwf_calibrated,elapsed_seconds,1523,-1.0884034220071044
derpp,lwf_calibrated,elapsed_seconds,1823,-1.7874224270053674
derpp,lwf_calibrated,elapsed_seconds,2129,-1.9651520469924435
derpp,lwf_calibrated,elapsed_seconds,2423,-1.7095835329964757
derpp,lwf_calibrated,elapsed_seconds,2729,-1.5779766339983325
derpp,lwf_calibrated,elapsed_seconds,3037,-1.7337224049842916
derpp,lwf_calibrated,learner_examples_processed,311,-202240.0
derpp,lwf_calibrated,learner_examples_processed,617,-202240.0
derpp,lwf_calibrated,learner_examples_processed,919,-202240.0
derpp,lwf_calibrated,learner_examples_processed,1223,-202240.0
derpp,lwf_calibrated,learner_examples_processed,1523,-202240.0
derpp,lwf_calibrated,learner_examples_processed,1823,-202240.0
derpp,lwf_calibrated,learner_examples_processed,2129,-202240.0
derpp,lwf_calibrated,learner_examples_processed,2423,-202240.0
derpp,lwf_calibrated,learner_examples_processed,2729,-202240.0
derpp,lwf_calibrated,learner_examples_processed,3037,-202240.0
derpp,lwf_calibrated,total_model_examples_processed,311,202240.0
derpp,lwf_calibrated,total_model_examples_processed,617,202240.0
derpp,lwf_calibrated,total_model_examples_processed,919,202240.0
derpp,lwf_calibrated,total_model_examples_processed,1223,202240.0
derpp,lwf_calibrated,total_model_examples_processed,1523,202240.0
derpp,lwf_calibrated,total_model_examples_processed,1823,202240.0
derpp,lwf_calibrated,total_model_examples_processed,2129,202240.0
derpp,lwf_calibrated,total_model_examples_processed,2423,202240.0
derpp,lwf_calibrated,total_model_examples_processed,2729,202240.0
derpp,lwf_calibrated,total_model_examples_processed,3037,202240.0
derpp,lwf_calibrated,estimated_total_flops,311,-216412979200.0
derpp,lwf_calibrated,estimated_total_flops,617,-216412979200.0
derpp,lwf_calibrated,estimated_total_flops,919,-216412979200.0
derpp,lwf_calibrated,estimated_total_flops,1223,-216412979200.0
derpp,lwf_calibrated,estimated_total_flops,1523,-216412979200.0
derpp,lwf_calibrated,estimated_total_flops,1823,-216412979200.0
derpp,lwf_calibrated,estimated_total_flops,2129,-216412979200.0
derpp,lwf_calibrated,estimated_total_flops,2423,-216412979200.0
derpp,lwf_calibrated,estimated_total_flops,2729,-216412979200.0
derpp,lwf_calibrated,estimated_total_flops,3037,-216412979200.0
derpp,lwf_calibrated,estimated_overhead_flops,311,0.0
derpp,lwf_calibrated,estimated_overhead_flops,617,0.0
derpp,lwf_calibrated,estimated_overhead_flops,919,0.0
derpp,lwf_calibrated,estimated_overhead_flops,1223,0.0
derpp,lwf_calibrated,estimated_overhead_flops,1523,0.0
derpp,lwf_calibrated,estimated_overhead_flops,1823,0.0
derpp,lwf_calibrated,estimated_overhead_flops,2129,0.0
derpp,lwf_calibrated,estimated_overhead_flops,2423,0.0
derpp,lwf_calibrated,estimated_overhead_flops,2729,0.0
derpp,lwf_calibrated,estimated_overhead_flops,3037,0.0
derpp,lwf_calibrated,replay_memory_bytes,311,-628800.0
derpp,lwf_calibrated,replay_memory_bytes,617,-628800.0
derpp,lwf_calibrated,replay_memory_bytes,919,-628800.0
derpp,lwf_calibrated,replay_memory_bytes,1223,-628800.0
derpp,lwf_calibrated,replay_memory_bytes,1523,-628800.0
derpp,lwf_calibrated,replay_memory_bytes,1823,-628800.0
derpp,lwf_calibrated,replay_memory_bytes,2129,-628800.0
derpp,lwf_calibrated,replay_memory_bytes,2423,-628800.0
derpp,lwf_calibrated,replay_memory_bytes,2729,-628800.0
derpp,lwf_calibrated,replay_memory_bytes,3037,-628800.0
derpp,lwf_calibrated,stored_logits_bytes,311,-8000.0
derpp,lwf_calibrated,stored_logits_bytes,617,-8000.0
derpp,lwf_calibrated,stored_logits_bytes,919,-8000.0
derpp,lwf_calibrated,stored_logits_bytes,1223,-8000.0
derpp,lwf_calibrated,stored_logits_bytes,1523,-8000.0
derpp,lwf_calibrated,stored_logits_bytes,1823,-8000.0
derpp,lwf_calibrated,stored_logits_bytes,2129,-8000.0
derpp,lwf_calibrated,stored_logits_bytes,2423,-8000.0
derpp,lwf_calibrated,stored_logits_bytes,2729,-8000.0
derpp,lwf_calibrated,stored_logits_bytes,3037,-8000.0
derpp,replay_balanced,final_average_accuracy,311,-0.019000000000000017
derpp,replay_balanced,final_average_accuracy,617,-0.023479999999999945
derpp,replay_balanced,final_average_accuracy,919,-0.020159999999999956
derpp,replay_balanced,final_average_accuracy,1223,-0.024960000000000093
derpp,replay_balanced,final_average_accuracy,1523,-0.02427999999999997
derpp,replay_balanced,final_average_accuracy,1823,-0.02751999999999999
derpp,replay_balanced,final_average_accuracy,2129,-0.016280000000000072
derpp,replay_balanced,final_average_accuracy,2423,-0.021079999999999988
derpp,replay_balanced,final_average_accuracy,2729,-0.023599999999999843
derpp,replay_balanced,final_average_accuracy,3037,-0.02432000000000001
derpp,replay_balanced,average_forgetting,311,0.024650000000000005
derpp,replay_balanced,average_forgetting,617,0.029799999999999993
derpp,replay_balanced,average_forgetting,919,0.02429999999999999
derpp,replay_balanced,average_forgetting,1223,0.030850000000000016
derpp,replay_balanced,average_forgetting,1523,0.03190000000000004
derpp,replay_balanced,average_forgetting,1823,0.037699999999999984
derpp,replay_balanced,average_forgetting,2129,0.021449999999999997
derpp,replay_balanced,average_forgetting,2423,0.025999999999999968
derpp,replay_balanced,average_forgetting,2729,0.030549999999999966
derpp,replay_balanced,average_forgetting,3037,0.033149999999999985
derpp,replay_balanced,backward_transfer,311,-0.024650000000000005
derpp,replay_balanced,backward_transfer,617,-0.029799999999999993
derpp,replay_balanced,backward_transfer,919,-0.02429999999999999
derpp,replay_balanced,backward_transfer,1223,-0.030850000000000016
derpp,replay_balanced,backward_transfer,1523,-0.03190000000000004
derpp,replay_balanced,backward_transfer,1823,-0.037699999999999984
derpp,replay_balanced,backward_transfer,2129,-0.021449999999999997
derpp,replay_balanced,backward_transfer,2423,-0.026199999999999973
derpp,replay_balanced,backward_transfer,2729,-0.030549999999999966
derpp,replay_balanced,backward_transfer,3037,-0.033149999999999985
derpp,replay_balanced,forward_transfer,311,0.005700000000000011
derpp,replay_balanced,forward_transfer,617,-0.0009499999999999995
derpp,replay_balanced,forward_transfer,919,-0.0023
derpp,replay_balanced,forward_transfer,1223,-0.003850000000000001
derpp,replay_balanced,forward_transfer,1523,-0.000900000000000005
derpp,replay_balanced,forward_transfer,1823,0.010200000000000004
derpp,replay_balanced,forward_transfer,2129,0.006149999999999999
derpp,replay_balanced,forward_transfer,2423,-0.0045000000000000005
derpp,replay_balanced,forward_transfer,2729,0.014850000000000002
derpp,replay_balanced,forward_transfer,3037,-0.0023999999999999994
derpp,replay_balanced,task_aware_final_accuracy,311,-0.019000000000000017
derpp,replay_balanced,task_aware_final_accuracy,617,-0.023479999999999945
derpp,replay_balanced,task_aware_final_accuracy,919,-0.020159999999999956
derpp,replay_balanced,task_aware_final_accuracy,1223,-0.024960000000000093
derpp,replay_balanced,task_aware_final_accuracy,1523,-0.02427999999999997
derpp,replay_balanced,task_aware_final_accuracy,1823,-0.02751999999999999
derpp,replay_balanced,task_aware_final_accuracy,2129,-0.016280000000000072
derpp,replay_balanced,task_aware_final_accuracy,2423,-0.021079999999999988
derpp,replay_balanced,task_aware_final_accuracy,2729,-0.023599999999999843
derpp,replay_balanced,task_aware_final_accuracy,3037,-0.02432000000000001
derpp,replay_balanced,task_aware_forgetting,311,0.024650000000000005
derpp,replay_balanced,task_aware_forgetting,617,0.029799999999999993
derpp,replay_balanced,task_aware_forgetting,919,0.02429999999999999
derpp,replay_balanced,task_aware_forgetting,1223,0.030850000000000016
derpp,replay_balanced,task_aware_forgetting,1523,0.03190000000000004
derpp,replay_balanced,task_aware_forgetting,1823,0.037699999999999984
derpp,replay_balanced,task_aware_forgetting,2129,0.021449999999999997
derpp,replay_balanced,task_aware_forgetting,2423,0.025999999999999968
derpp,replay_balanced,task_aware_forgetting,2729,0.030549999999999966
derpp,replay_balanced,task_aware_forgetting,3037,0.033149999999999985
derpp,replay_balanced,classifier_gap,311,0.0
derpp,replay_balanced,classifier_gap,617,0.0
derpp,replay_balanced,classifier_gap,919,0.0
derpp,replay_balanced,classifier_gap,1223,0.0
derpp,replay_balanced,classifier_gap,1523,0.0
derpp,replay_balanced,classifier_gap,1823,0.0
derpp,replay_balanced,classifier_gap,2129,0.0
derpp,replay_balanced,classifier_gap,2423,0.0
derpp,replay_balanced,classifier_gap,2729,0.0
derpp,replay_balanced,classifier_gap,3037,0.0
derpp,replay_balanced,elapsed_seconds,311,-1.565546980011277
derpp,replay_balanced,elapsed_seconds,617,-0.5483054729993455
derpp,replay_balanced,elapsed_seconds,919,-0.46997947699856013
derpp,replay_balanced,elapsed_seconds,1223,-1.0029071040044073
derpp,replay_balanced,elapsed_seconds,1523,0.10205797597882338
derpp,replay_balanced,elapsed_seconds,1823,-1.3079841459984891
derpp,replay_balanced,elapsed_seconds,2129,-0.7754608919785824
derpp,replay_balanced,elapsed_seconds,2423,-1.8605568899947684
derpp,replay_balanced,elapsed_seconds,2729,-0.5557798189984169
derpp,replay_balanced,elapsed_seconds,3037,-1.294703496969305
derpp,replay_balanced,learner_examples_processed,311,0.0
derpp,replay_balanced,learner_examples_processed,617,0.0
derpp,replay_balanced,learner_examples_processed,919,0.0
derpp,replay_balanced,learner_examples_processed,1223,0.0
derpp,replay_balanced,learner_examples_processed,1523,0.0
derpp,replay_balanced,learner_examples_processed,1823,0.0
derpp,replay_balanced,learner_examples_processed,2129,0.0
derpp,replay_balanced,learner_examples_processed,2423,0.0
derpp,replay_balanced,learner_examples_processed,2729,0.0
derpp,replay_balanced,learner_examples_processed,3037,0.0
derpp,replay_balanced,total_model_examples_processed,311,0.0
derpp,replay_balanced,total_model_examples_processed,617,0.0
derpp,replay_balanced,total_model_examples_processed,919,0.0
derpp,replay_balanced,total_model_examples_processed,1223,0.0
derpp,replay_balanced,total_model_examples_processed,1523,0.0
derpp,replay_balanced,total_model_examples_processed,1823,0.0
derpp,replay_balanced,total_model_examples_processed,2129,0.0
derpp,replay_balanced,total_model_examples_processed,2423,0.0
derpp,replay_balanced,total_model_examples_processed,2729,0.0
derpp,replay_balanced,total_model_examples_processed,3037,0.0
derpp,replay_balanced,estimated_total_flops,311,0.0
derpp,replay_balanced,estimated_total_flops,617,0.0
derpp,replay_balanced,estimated_total_flops,919,0.0
derpp,replay_balanced,estimated_total_flops,1223,0.0
derpp,replay_balanced,estimated_total_flops,1523,0.0
derpp,replay_balanced,estimated_total_flops,1823,0.0
derpp,replay_balanced,estimated_total_flops,2129,0.0
derpp,replay_balanced,estimated_total_flops,2423,0.0
derpp,replay_balanced,estimated_total_flops,2729,0.0
derpp,replay_balanced,estimated_total_flops,3037,0.0
derpp,replay_balanced,estimated_overhead_flops,311,0.0
derpp,replay_balanced,estimated_overhead_flops,617,0.0
derpp,replay_balanced,estimated_overhead_flops,919,0.0
derpp,replay_balanced,estimated_overhead_flops,1223,0.0
derpp,replay_balanced,estimated_overhead_flops,1523,0.0
derpp,replay_balanced,estimated_overhead_flops,1823,0.0
derpp,replay_balanced,estimated_overhead_flops,2129,0.0
derpp,replay_balanced,estimated_overhead_flops,2423,0.0
derpp,replay_balanced,estimated_overhead_flops,2729,0.0
derpp,replay_balanced,estimated_overhead_flops,3037,0.0
derpp,replay_balanced,replay_memory_bytes,311,0.0
derpp,replay_balanced,replay_memory_bytes,617,0.0
derpp,replay_balanced,replay_memory_bytes,919,0.0
derpp,replay_balanced,replay_memory_bytes,1223,0.0
derpp,replay_balanced,replay_memory_bytes,1523,0.0
derpp,replay_balanced,replay_memory_bytes,1823,0.0
derpp,replay_balanced,replay_memory_bytes,2129,0.0
derpp,replay_balanced,replay_memory_bytes,2423,0.0
derpp,replay_balanced,replay_memory_bytes,2729,0.0
derpp,replay_balanced,replay_memory_bytes,3037,0.0
derpp,replay_balanced,stored_logits_bytes,311,-8000.0
derpp,replay_balanced,stored_logits_bytes,617,-8000.0
derpp,replay_balanced,stored_logits_bytes,919,-8000.0
derpp,replay_balanced,stored_logits_bytes,1223,-8000.0
derpp,replay_balanced,stored_logits_bytes,1523,-8000.0
derpp,replay_balanced,stored_logits_bytes,1823,-8000.0
derpp,replay_balanced,stored_logits_bytes,2129,-8000.0
derpp,replay_balanced,stored_logits_bytes,2423,-8000.0
derpp,replay_balanced,stored_logits_bytes,2729,-8000.0
derpp,replay_balanced,stored_logits_bytes,3037,-8000.0
derpp,replay_more_epochs,final_average_accuracy,311,-0.023720000000000185
derpp,replay_more_epochs,final_average_accuracy,617,-0.02959999999999996
derpp,replay_more_epochs,final_average_accuracy,919,-0.02303999999999995
derpp,replay_more_epochs,final_average_accuracy,1223,-0.029000000000000026
derpp,replay_more_epochs,final_average_accuracy,1523,-0.038959999999999884
derpp,replay_more_epochs,final_average_accuracy,1823,-0.03379999999999994
derpp,replay_more_epochs,final_average_accuracy,2129,-0.017120000000000135
derpp,replay_more_epochs,final_average_accuracy,2423,-0.030159999999999965
derpp,replay_more_epochs,final_average_accuracy,2729,-0.026800000000000046
derpp,replay_more_epochs,final_average_accuracy,3037,-0.03072000000000019
derpp,replay_more_epochs,average_forgetting,311,0.029950000000000004
derpp,replay_more_epochs,average_forgetting,617,0.03895000000000001
derpp,replay_more_epochs,average_forgetting,919,0.029950000000000004
derpp,replay_more_epochs,average_forgetting,1223,0.03699999999999998
derpp,replay_more_epochs,average_forgetting,1523,0.05080000000000004
derpp,replay_more_epochs,average_forgetting,1823,0.04645000000000002
derpp,replay_more_epochs,average_forgetting,2129,0.02234999999999998
derpp,replay_more_epochs,average_forgetting,2423,0.03824999999999998
derpp,replay_more_epochs,average_forgetting,2729,0.03640000000000004
derpp,replay_more_epochs,average_forgetting,3037,0.040750000000000036
derpp,replay_more_epochs,backward_transfer,311,-0.029950000000000004
derpp,replay_more_epochs,backward_transfer,617,-0.03895000000000001
derpp,replay_more_epochs,backward_transfer,919,-0.029950000000000004
derpp,replay_more_epochs,backward_transfer,1223,-0.03699999999999998
derpp,replay_more_epochs,backward_transfer,1523,-0.05080000000000004
derpp,replay_more_epochs,backward_transfer,1823,-0.04645000000000002
derpp,replay_more_epochs,backward_transfer,2129,-0.02234999999999998
derpp,replay_more_epochs,backward_transfer,2423,-0.038449999999999984
derpp,replay_more_epochs,backward_transfer,2729,-0.03640000000000004
derpp,replay_more_epochs,backward_transfer,3037,-0.040750000000000036
derpp,replay_more_epochs,forward_transfer,311,0.015400000000000004
derpp,replay_more_epochs,forward_transfer,617,-0.0013000000000000025
derpp,replay_more_epochs,forward_transfer,919,0.004500000000000004
derpp,replay_more_epochs,forward_transfer,1223,0.014000000000000004
derpp,replay_more_epochs,forward_transfer,1523,0.0028499999999999984
derpp,replay_more_epochs,forward_transfer,1823,0.012850000000000002
derpp,replay_more_epochs,forward_transfer,2129,-0.0022500000000000055
derpp,replay_more_epochs,forward_transfer,2423,-0.0002999999999999982
derpp,replay_more_epochs,forward_transfer,2729,0.013700000000000004
derpp,replay_more_epochs,forward_transfer,3037,0.003150000000000007
derpp,replay_more_epochs,task_aware_final_accuracy,311,-0.023720000000000185
derpp,replay_more_epochs,task_aware_final_accuracy,617,-0.02959999999999996
derpp,replay_more_epochs,task_aware_final_accuracy,919,-0.02303999999999995
derpp,replay_more_epochs,task_aware_final_accuracy,1223,-0.029000000000000026
derpp,replay_more_epochs,task_aware_final_accuracy,1523,-0.038959999999999884
derpp,replay_more_epochs,task_aware_final_accuracy,1823,-0.03379999999999994
derpp,replay_more_epochs,task_aware_final_accuracy,2129,-0.017120000000000135
derpp,replay_more_epochs,task_aware_final_accuracy,2423,-0.030159999999999965
derpp,replay_more_epochs,task_aware_final_accuracy,2729,-0.026800000000000046
derpp,replay_more_epochs,task_aware_final_accuracy,3037,-0.03072000000000019
derpp,replay_more_epochs,task_aware_forgetting,311,0.029950000000000004
derpp,replay_more_epochs,task_aware_forgetting,617,0.03895000000000001
derpp,replay_more_epochs,task_aware_forgetting,919,0.029950000000000004
derpp,replay_more_epochs,task_aware_forgetting,1223,0.03699999999999998
derpp,replay_more_epochs,task_aware_forgetting,1523,0.05080000000000004
derpp,replay_more_epochs,task_aware_forgetting,1823,0.04645000000000002
derpp,replay_more_epochs,task_aware_forgetting,2129,0.02234999999999998
derpp,replay_more_epochs,task_aware_forgetting,2423,0.03824999999999998
derpp,replay_more_epochs,task_aware_forgetting,2729,0.03640000000000004
derpp,replay_more_epochs,task_aware_forgetting,3037,0.040750000000000036
derpp,replay_more_epochs,classifier_gap,311,0.0
derpp,replay_more_epochs,classifier_gap,617,0.0
derpp,replay_more_epochs,classifier_gap,919,0.0
derpp,replay_more_epochs,classifier_gap,1223,0.0
derpp,replay_more_epochs,classifier_gap,1523,0.0
derpp,replay_more_epochs,classifier_gap,1823,0.0
derpp,replay_more_epochs,classifier_gap,2129,0.0
derpp,replay_more_epochs,classifier_gap,2423,0.0
derpp,replay_more_epochs,classifier_gap,2729,0.0
derpp,replay_more_epochs,classifier_gap,3037,0.0
derpp,replay_more_epochs,elapsed_seconds,311,11.841545682982542
derpp,replay_more_epochs,elapsed_seconds,617,11.256002031994285
derpp,replay_more_epochs,elapsed_seconds,919,12.168118518980918
derpp,replay_more_epochs,elapsed_seconds,1223,11.884552542003803
derpp,replay_more_epochs,elapsed_seconds,1523,12.220652652002173
derpp,replay_more_epochs,elapsed_seconds,1823,10.849007490003714
derpp,replay_more_epochs,elapsed_seconds,2129,11.981058028031839
derpp,replay_more_epochs,elapsed_seconds,2423,11.47136598097859
derpp,replay_more_epochs,elapsed_seconds,2729,11.234660655987682
derpp,replay_more_epochs,elapsed_seconds,3037,11.377895280020311
derpp,replay_more_epochs,learner_examples_processed,311,707840.0
derpp,replay_more_epochs,learner_examples_processed,617,707840.0
derpp,replay_more_epochs,learner_examples_processed,919,707840.0
derpp,replay_more_epochs,learner_examples_processed,1223,707840.0
derpp,replay_more_epochs,learner_examples_processed,1523,707840.0
derpp,replay_more_epochs,learner_examples_processed,1823,707840.0
derpp,replay_more_epochs,learner_examples_processed,2129,707840.0
derpp,replay_more_epochs,learner_examples_processed,2423,707840.0
derpp,replay_more_epochs,learner_examples_processed,2729,707840.0
derpp,replay_more_epochs,learner_examples_processed,3037,707840.0
derpp,replay_more_epochs,total_model_examples_processed,311,707840.0
derpp,replay_more_epochs,total_model_examples_processed,617,707840.0
derpp,replay_more_epochs,total_model_examples_processed,919,707840.0
derpp,replay_more_epochs,total_model_examples_processed,1223,707840.0
derpp,replay_more_epochs,total_model_examples_processed,1523,707840.0
derpp,replay_more_epochs,total_model_examples_processed,1823,707840.0
derpp,replay_more_epochs,total_model_examples_processed,2129,707840.0
derpp,replay_more_epochs,total_model_examples_processed,2423,707840.0
derpp,replay_more_epochs,total_model_examples_processed,2729,707840.0
derpp,replay_more_epochs,total_model_examples_processed,3037,707840.0
derpp,replay_more_epochs,estimated_total_flops,311,2272336281600.0
derpp,replay_more_epochs,estimated_total_flops,617,2272336281600.0
derpp,replay_more_epochs,estimated_total_flops,919,2272336281600.0
derpp,replay_more_epochs,estimated_total_flops,1223,2272336281600.0
derpp,replay_more_epochs,estimated_total_flops,1523,2272336281600.0
derpp,replay_more_epochs,estimated_total_flops,1823,2272336281600.0
derpp,replay_more_epochs,estimated_total_flops,2129,2272336281600.0
derpp,replay_more_epochs,estimated_total_flops,2423,2272336281600.0
derpp,replay_more_epochs,estimated_total_flops,2729,2272336281600.0
derpp,replay_more_epochs,estimated_total_flops,3037,2272336281600.0
derpp,replay_more_epochs,estimated_overhead_flops,311,0.0
derpp,replay_more_epochs,estimated_overhead_flops,617,0.0
derpp,replay_more_epochs,estimated_overhead_flops,919,0.0
derpp,replay_more_epochs,estimated_overhead_flops,1223,0.0
derpp,replay_more_epochs,estimated_overhead_flops,1523,0.0
derpp,replay_more_epochs,estimated_overhead_flops,1823,0.0
derpp,replay_more_epochs,estimated_overhead_flops,2129,0.0
derpp,replay_more_epochs,estimated_overhead_flops,2423,0.0
derpp,replay_more_epochs,estimated_overhead_flops,2729,0.0
derpp,replay_more_epochs,estimated_overhead_flops,3037,0.0
derpp,replay_more_epochs,replay_memory_bytes,311,0.0
derpp,replay_more_epochs,replay_memory_bytes,617,0.0
derpp,replay_more_epochs,replay_memory_bytes,919,0.0
derpp,replay_more_epochs,replay_memory_bytes,1223,0.0
derpp,replay_more_epochs,replay_memory_bytes,1523,0.0
derpp,replay_more_epochs,replay_memory_bytes,1823,0.0
derpp,replay_more_epochs,replay_memory_bytes,2129,0.0
derpp,replay_more_epochs,replay_memory_bytes,2423,0.0
derpp,replay_more_epochs,replay_memory_bytes,2729,0.0
derpp,replay_more_epochs,replay_memory_bytes,3037,0.0
derpp,replay_more_epochs,stored_logits_bytes,311,-8000.0
derpp,replay_more_epochs,stored_logits_bytes,617,-8000.0
derpp,replay_more_epochs,stored_logits_bytes,919,-8000.0
derpp,replay_more_epochs,stored_logits_bytes,1223,-8000.0
derpp,replay_more_epochs,stored_logits_bytes,1523,-8000.0
derpp,replay_more_epochs,stored_logits_bytes,1823,-8000.0
derpp,replay_more_epochs,stored_logits_bytes,2129,-8000.0
derpp,replay_more_epochs,stored_logits_bytes,2423,-8000.0
derpp,replay_more_epochs,stored_logits_bytes,2729,-8000.0
derpp,replay_more_epochs,stored_logits_bytes,3037,-8000.0
derpp,replay_early_stopping,final_average_accuracy,311,-0.01660000000000006
derpp,replay_early_stopping,final_average_accuracy,617,-0.019919999999999938
derpp,replay_early_stopping,final_average_accuracy,919,-0.01647999999999994
derpp,replay_early_stopping,final_average_accuracy,1223,-0.02540000000000009
derpp,replay_early_stopping,final_average_accuracy,1523,-0.02171999999999985
derpp,replay_early_stopping,final_average_accuracy,1823,-0.021599999999999953
derpp,replay_early_stopping,final_average_accuracy,2129,-0.013880000000000003
derpp,replay_early_stopping,final_average_accuracy,2423,-0.021119999999999917
derpp,replay_early_stopping,final_average_accuracy,2729,-0.01843999999999979
derpp,replay_early_stopping,final_average_accuracy,3037,-0.021199999999999997
derpp,replay_early_stopping,average_forgetting,311,0.01645000000000002
derpp,replay_early_stopping,average_forgetting,617,0.015800000000000036
derpp,replay_early_stopping,average_forgetting,919,0.013350000000000056
derpp,replay_early_stopping,average_forgetting,1223,0.02729999999999999
derpp,replay_early_stopping,average_forgetting,1523,0.028300000000000047
derpp,replay_early_stopping,average_forgetting,1823,0.0247
derpp,replay_early_stopping,average_forgetting,2129,0.014399999999999996
derpp,replay_early_stopping,average_forgetting,2423,0.024949999999999972
derpp,replay_early_stopping,average_forgetting,2729,0.021650000000000003
derpp,replay_early_stopping,average_forgetting,3037,0.019850000000000062
derpp,replay_early_stopping,backward_transfer,311,-0.01645000000000002
derpp,replay_early_stopping,backward_transfer,617,-0.015800000000000036
derpp,replay_early_stopping,backward_transfer,919,-0.013350000000000056
derpp,replay_early_stopping,backward_transfer,1223,-0.02729999999999999
derpp,replay_early_stopping,backward_transfer,1523,-0.028300000000000047
derpp,replay_early_stopping,backward_transfer,1823,-0.0247
derpp,replay_early_stopping,backward_transfer,2129,-0.014399999999999996
derpp,replay_early_stopping,backward_transfer,2423,-0.025149999999999978
derpp,replay_early_stopping,backward_transfer,2729,-0.021650000000000003
derpp,replay_early_stopping,backward_transfer,3037,-0.019850000000000062
derpp,replay_early_stopping,forward_transfer,311,0.0005500000000000019
derpp,replay_early_stopping,forward_transfer,617,-0.001299999999999999
derpp,replay_early_stopping,forward_transfer,919,0.007449999999999998
derpp,replay_early_stopping,forward_transfer,1223,-0.004000000000000002
derpp,replay_early_stopping,forward_transfer,1523,-0.004800000000000002
derpp,replay_early_stopping,forward_transfer,1823,0.007450000000000002
derpp,replay_early_stopping,forward_transfer,2129,0.0068000000000000005
derpp,replay_early_stopping,forward_transfer,2423,-0.0011499999999999948
derpp,replay_early_stopping,forward_transfer,2729,0.012700000000000013
derpp,replay_early_stopping,forward_transfer,3037,-0.0012499999999999976
derpp,replay_early_stopping,task_aware_final_accuracy,311,-0.01660000000000006
derpp,replay_early_stopping,task_aware_final_accuracy,617,-0.019919999999999938
derpp,replay_early_stopping,task_aware_final_accuracy,919,-0.01647999999999994
derpp,replay_early_stopping,task_aware_final_accuracy,1223,-0.02540000000000009
derpp,replay_early_stopping,task_aware_final_accuracy,1523,-0.02171999999999985
derpp,replay_early_stopping,task_aware_final_accuracy,1823,-0.021599999999999953
derpp,replay_early_stopping,task_aware_final_accuracy,2129,-0.013880000000000003
derpp,replay_early_stopping,task_aware_final_accuracy,2423,-0.021119999999999917
derpp,replay_early_stopping,task_aware_final_accuracy,2729,-0.01843999999999979
derpp,replay_early_stopping,task_aware_final_accuracy,3037,-0.021199999999999997
derpp,replay_early_stopping,task_aware_forgetting,311,0.01645000000000002
derpp,replay_early_stopping,task_aware_forgetting,617,0.015800000000000036
derpp,replay_early_stopping,task_aware_forgetting,919,0.013350000000000056
derpp,replay_early_stopping,task_aware_forgetting,1223,0.02729999999999999
derpp,replay_early_stopping,task_aware_forgetting,1523,0.028300000000000047
derpp,replay_early_stopping,task_aware_forgetting,1823,0.0247
derpp,replay_early_stopping,task_aware_forgetting,2129,0.014399999999999996
derpp,replay_early_stopping,task_aware_forgetting,2423,0.024949999999999972
derpp,replay_early_stopping,task_aware_forgetting,2729,0.021650000000000003
derpp,replay_early_stopping,task_aware_forgetting,3037,0.019850000000000062
derpp,replay_early_stopping,classifier_gap,311,0.0
derpp,replay_early_stopping,classifier_gap,617,0.0
derpp,replay_early_stopping,classifier_gap,919,0.0
derpp,replay_early_stopping,classifier_gap,1223,0.0
derpp,replay_early_stopping,classifier_gap,1523,0.0
derpp,replay_early_stopping,classifier_gap,1823,0.0
derpp,replay_early_stopping,classifier_gap,2129,0.0
derpp,replay_early_stopping,classifier_gap,2423,0.0
derpp,replay_early_stopping,classifier_gap,2729,0.0
derpp,replay_early_stopping,classifier_gap,3037,0.0
derpp,replay_early_stopping,elapsed_seconds,311,-1.3248555609898176
derpp,replay_early_stopping,elapsed_seconds,617,-3.492257684993092
derpp,replay_early_stopping,elapsed_seconds,919,-2.408070787001634
derpp,replay_early_stopping,elapsed_seconds,1223,-0.6873785310017411
derpp,replay_early_stopping,elapsed_seconds,1523,-0.16121959101292305
derpp,replay_early_stopping,elapsed_seconds,1823,-2.7581094829947688
derpp,replay_early_stopping,elapsed_seconds,2129,-2.0906745929969475
derpp,replay_early_stopping,elapsed_seconds,2423,0.22109187400201336
derpp,replay_early_stopping,elapsed_seconds,2729,-1.680870036012493
derpp,replay_early_stopping,elapsed_seconds,3037,-2.199143224977888
derpp,replay_early_stopping,learner_examples_processed,311,-70784.0
derpp,replay_early_stopping,learner_examples_processed,617,-197184.0
derpp,replay_early_stopping,learner_examples_processed,919,-116288.0
derpp,replay_early_stopping,learner_examples_processed,1223,-10112.0
derpp,replay_early_stopping,learner_examples_processed,1523,15168.0
derpp,replay_early_stopping,learner_examples_processed,1823,-111232.0
derpp,replay_early_stopping,learner_examples_processed,2129,-75840.0
derpp,replay_early_stopping,learner_examples_processed,2423,126400.0
derpp,replay_early_stopping,learner_examples_processed,2729,-55616.0
derpp,replay_early_stopping,learner_examples_processed,3037,-101120.0
derpp,replay_early_stopping,total_model_examples_processed,311,-70784.0
derpp,replay_early_stopping,total_model_examples_processed,617,-197184.0
derpp,replay_early_stopping,total_model_examples_processed,919,-116288.0
derpp,replay_early_stopping,total_model_examples_processed,1223,-10112.0
derpp,replay_early_stopping,total_model_examples_processed,1523,15168.0
derpp,replay_early_stopping,total_model_examples_processed,1823,-111232.0
derpp,replay_early_stopping,total_model_examples_processed,2129,-75840.0
derpp,replay_early_stopping,total_model_examples_processed,2423,126400.0
derpp,replay_early_stopping,total_model_examples_processed,2729,-55616.0
derpp,replay_early_stopping,total_model_examples_processed,3037,-101120.0
derpp,replay_early_stopping,estimated_total_flops,311,-227233628160.0
derpp,replay_early_stopping,estimated_total_flops,617,-633007964160.0
derpp,replay_early_stopping,estimated_total_flops,919,-373312389120.0
derpp,replay_early_stopping,estimated_total_flops,1223,-32461946880.0
derpp,replay_early_stopping,estimated_total_flops,1523,48692920320.0
derpp,replay_early_stopping,estimated_total_flops,1823,-357081415680.0
derpp,replay_early_stopping,estimated_total_flops,2129,-243464601600.0
derpp,replay_early_stopping,estimated_total_flops,2423,405774336000.0
derpp,replay_early_stopping,estimated_total_flops,2729,-178540707840.0
derpp,replay_early_stopping,estimated_total_flops,3037,-324619468800.0
derpp,replay_early_stopping,estimated_overhead_flops,311,0.0
derpp,replay_early_stopping,estimated_overhead_flops,617,0.0
derpp,replay_early_stopping,estimated_overhead_flops,919,0.0
derpp,replay_early_stopping,estimated_overhead_flops,1223,0.0
derpp,replay_early_stopping,estimated_overhead_flops,1523,0.0
derpp,replay_early_stopping,estimated_overhead_flops,1823,0.0
derpp,replay_early_stopping,estimated_overhead_flops,2129,0.0
derpp,replay_early_stopping,estimated_overhead_flops,2423,0.0
derpp,replay_early_stopping,estimated_overhead_flops,2729,0.0
derpp,replay_early_stopping,estimated_overhead_flops,3037,0.0
derpp,replay_early_stopping,replay_memory_bytes,311,0.0
derpp,replay_early_stopping,replay_memory_bytes,617,0.0
derpp,replay_early_stopping,replay_memory_bytes,919,0.0
derpp,replay_early_stopping,replay_memory_bytes,1223,0.0
derpp,replay_early_stopping,replay_memory_bytes,1523,0.0
derpp,replay_early_stopping,replay_memory_bytes,1823,0.0
derpp,replay_early_stopping,replay_memory_bytes,2129,0.0
derpp,replay_early_stopping,replay_memory_bytes,2423,0.0
derpp,replay_early_stopping,replay_memory_bytes,2729,0.0
derpp,replay_early_stopping,replay_memory_bytes,3037,0.0
derpp,replay_early_stopping,stored_logits_bytes,311,-8000.0
derpp,replay_early_stopping,stored_logits_bytes,617,-8000.0
derpp,replay_early_stopping,stored_logits_bytes,919,-8000.0
derpp,replay_early_stopping,stored_logits_bytes,1223,-8000.0
derpp,replay_early_stopping,stored_logits_bytes,1523,-8000.0
derpp,replay_early_stopping,stored_logits_bytes,1823,-8000.0
derpp,replay_early_stopping,stored_logits_bytes,2129,-8000.0
derpp,replay_early_stopping,stored_logits_bytes,2423,-8000.0
derpp,replay_early_stopping,stored_logits_bytes,2729,-8000.0
derpp,replay_early_stopping,stored_logits_bytes,3037,-8000.0
derpp,replay_global_lr_reduction,final_average_accuracy,311,-0.05256000000000005
derpp,replay_global_lr_reduction,final_average_accuracy,617,-0.05355999999999983
derpp,replay_global_lr_reduction,final_average_accuracy,919,-0.05399999999999994
derpp,replay_global_lr_reduction,final_average_accuracy,1223,-0.0569599999999999
derpp,replay_global_lr_reduction,final_average_accuracy,1523,-0.05900000000000005
derpp,replay_global_lr_reduction,final_average_accuracy,1823,-0.05944000000000005
derpp,replay_global_lr_reduction,final_average_accuracy,2129,-0.053239999999999954
derpp,replay_global_lr_reduction,final_average_accuracy,2423,-0.053240000000000065
derpp,replay_global_lr_reduction,final_average_accuracy,2729,-0.05347999999999997
derpp,replay_global_lr_reduction,final_average_accuracy,3037,-0.06008000000000002
derpp,replay_global_lr_reduction,average_forgetting,311,0.009950000000000014
derpp,replay_global_lr_reduction,average_forgetting,617,0.01585000000000003
derpp,replay_global_lr_reduction,average_forgetting,919,0.015950000000000047
derpp,replay_global_lr_reduction,average_forgetting,1223,0.017499999999999988
derpp,replay_global_lr_reduction,average_forgetting,1523,0.02550000000000005
derpp,replay_global_lr_reduction,average_forgetting,1823,0.02585000000000004
derpp,replay_global_lr_reduction,average_forgetting,2129,0.017299999999999954
derpp,replay_global_lr_reduction,average_forgetting,2423,0.017049999999999954
derpp,replay_global_lr_reduction,average_forgetting,2729,0.01605000000000001
derpp,replay_global_lr_reduction,average_forgetting,3037,0.02645000000000003
derpp,replay_global_lr_reduction,backward_transfer,311,-0.009950000000000014
derpp,replay_global_lr_reduction,backward_transfer,617,-0.01585000000000003
derpp,replay_global_lr_reduction,backward_transfer,919,-0.015950000000000047
derpp,replay_global_lr_reduction,backward_transfer,1223,-0.017499999999999988
derpp,replay_global_lr_reduction,backward_transfer,1523,-0.02550000000000005
derpp,replay_global_lr_reduction,backward_transfer,1823,-0.02585000000000004
derpp,replay_global_lr_reduction,backward_transfer,2129,-0.017299999999999954
derpp,replay_global_lr_reduction,backward_transfer,2423,-0.01724999999999996
derpp,replay_global_lr_reduction,backward_transfer,2729,-0.01605000000000001
derpp,replay_global_lr_reduction,backward_transfer,3037,-0.02645000000000003
derpp,replay_global_lr_reduction,forward_transfer,311,0.00775
derpp,replay_global_lr_reduction,forward_transfer,617,-0.016750000000000004
derpp,replay_global_lr_reduction,forward_transfer,919,0.011249999999999996
derpp,replay_global_lr_reduction,forward_transfer,1223,0.004099999999999996
derpp,replay_global_lr_reduction,forward_transfer,1523,0.009199999999999996
derpp,replay_global_lr_reduction,forward_transfer,1823,0.025949999999999997
derpp,replay_global_lr_reduction,forward_transfer,2129,-0.0031500000000000035
derpp,replay_global_lr_reduction,forward_transfer,2423,0.009949999999999997
derpp,replay_global_lr_reduction,forward_transfer,2729,0.017400000000000002
derpp,replay_global_lr_reduction,forward_transfer,3037,-0.007449999999999995
derpp,replay_global_lr_reduction,task_aware_final_accuracy,311,-0.05256000000000005
derpp,replay_global_lr_reduction,task_aware_final_accuracy,617,-0.05355999999999983
derpp,replay_global_lr_reduction,task_aware_final_accuracy,919,-0.05399999999999994
derpp,replay_global_lr_reduction,task_aware_final_accuracy,1223,-0.0569599999999999
derpp,replay_global_lr_reduction,task_aware_final_accuracy,1523,-0.05900000000000005
derpp,replay_global_lr_reduction,task_aware_final_accuracy,1823,-0.05944000000000005
derpp,replay_global_lr_reduction,task_aware_final_accuracy,2129,-0.053239999999999954
derpp,replay_global_lr_reduction,task_aware_final_accuracy,2423,-0.053240000000000065
derpp,replay_global_lr_reduction,task_aware_final_accuracy,2729,-0.05347999999999997
derpp,replay_global_lr_reduction,task_aware_final_accuracy,3037,-0.06008000000000002
derpp,replay_global_lr_reduction,task_aware_forgetting,311,0.009950000000000014
derpp,replay_global_lr_reduction,task_aware_forgetting,617,0.01585000000000003
derpp,replay_global_lr_reduction,task_aware_forgetting,919,0.015950000000000047
derpp,replay_global_lr_reduction,task_aware_forgetting,1223,0.017499999999999988
derpp,replay_global_lr_reduction,task_aware_forgetting,1523,0.02550000000000005
derpp,replay_global_lr_reduction,task_aware_forgetting,1823,0.02585000000000004
derpp,replay_global_lr_reduction,task_aware_forgetting,2129,0.017299999999999954
derpp,replay_global_lr_reduction,task_aware_forgetting,2423,0.017049999999999954
derpp,replay_global_lr_reduction,task_aware_forgetting,2729,0.01605000000000001
derpp,replay_global_lr_reduction,task_aware_forgetting,3037,0.02645000000000003
derpp,replay_global_lr_reduction,classifier_gap,311,0.0
derpp,replay_global_lr_reduction,classifier_gap,617,0.0
derpp,replay_global_lr_reduction,classifier_gap,919,0.0
derpp,replay_global_lr_reduction,classifier_gap,1223,0.0
derpp,replay_global_lr_reduction,classifier_gap,1523,0.0
derpp,replay_global_lr_reduction,classifier_gap,1823,0.0
derpp,replay_global_lr_reduction,classifier_gap,2129,0.0
derpp,replay_global_lr_reduction,classifier_gap,2423,0.0
derpp,replay_global_lr_reduction,classifier_gap,2729,0.0
derpp,replay_global_lr_reduction,classifier_gap,3037,0.0
derpp,replay_global_lr_reduction,elapsed_seconds,311,-0.2648765500052832
derpp,replay_global_lr_reduction,elapsed_seconds,617,-0.2651080699870363
derpp,replay_global_lr_reduction,elapsed_seconds,919,-0.4240080269810278
derpp,replay_global_lr_reduction,elapsed_seconds,1223,-0.6898204690078273
derpp,replay_global_lr_reduction,elapsed_seconds,1523,-0.34464134500012733
derpp,replay_global_lr_reduction,elapsed_seconds,1823,-1.204192930017598
derpp,replay_global_lr_reduction,elapsed_seconds,2129,-1.225930635991972
derpp,replay_global_lr_reduction,elapsed_seconds,2423,-1.1178089900058694
derpp,replay_global_lr_reduction,elapsed_seconds,2729,-0.44478547599283047
derpp,replay_global_lr_reduction,elapsed_seconds,3037,-0.6483084659848828
derpp,replay_global_lr_reduction,learner_examples_processed,311,0.0
derpp,replay_global_lr_reduction,learner_examples_processed,617,0.0
derpp,replay_global_lr_reduction,learner_examples_processed,919,0.0
derpp,replay_global_lr_reduction,learner_examples_processed,1223,0.0
derpp,replay_global_lr_reduction,learner_examples_processed,1523,0.0
derpp,replay_global_lr_reduction,learner_examples_processed,1823,0.0
derpp,replay_global_lr_reduction,learner_examples_processed,2129,0.0
derpp,replay_global_lr_reduction,learner_examples_processed,2423,0.0
derpp,replay_global_lr_reduction,learner_examples_processed,2729,0.0
derpp,replay_global_lr_reduction,learner_examples_processed,3037,0.0
derpp,replay_global_lr_reduction,total_model_examples_processed,311,0.0
derpp,replay_global_lr_reduction,total_model_examples_processed,617,0.0
derpp,replay_global_lr_reduction,total_model_examples_processed,919,0.0
derpp,replay_global_lr_reduction,total_model_examples_processed,1223,0.0
derpp,replay_global_lr_reduction,total_model_examples_processed,1523,0.0
derpp,replay_global_lr_reduction,total_model_examples_processed,1823,0.0
derpp,replay_global_lr_reduction,total_model_examples_processed,2129,0.0
derpp,replay_global_lr_reduction,total_model_examples_processed,2423,0.0
derpp,replay_global_lr_reduction,total_model_examples_processed,2729,0.0
derpp,replay_global_lr_reduction,total_model_examples_processed,3037,0.0
derpp,replay_global_lr_reduction,estimated_total_flops,311,0.0
derpp,replay_global_lr_reduction,estimated_total_flops,617,0.0
derpp,replay_global_lr_reduction,estimated_total_flops,919,0.0
derpp,replay_global_lr_reduction,estimated_total_flops,1223,0.0
derpp,replay_global_lr_reduction,estimated_total_flops,1523,0.0
derpp,replay_global_lr_reduction,estimated_total_flops,1823,0.0
derpp,replay_global_lr_reduction,estimated_total_flops,2129,0.0
derpp,replay_global_lr_reduction,estimated_total_flops,2423,0.0
derpp,replay_global_lr_reduction,estimated_total_flops,2729,0.0
derpp,replay_global_lr_reduction,estimated_total_flops,3037,0.0
derpp,replay_global_lr_reduction,estimated_overhead_flops,311,0.0
derpp,replay_global_lr_reduction,estimated_overhead_flops,617,0.0
derpp,replay_global_lr_reduction,estimated_overhead_flops,919,0.0
derpp,replay_global_lr_reduction,estimated_overhead_flops,1223,0.0
derpp,replay_global_lr_reduction,estimated_overhead_flops,1523,0.0
derpp,replay_global_lr_reduction,estimated_overhead_flops,1823,0.0
derpp,replay_global_lr_reduction,estimated_overhead_flops,2129,0.0
derpp,replay_global_lr_reduction,estimated_overhead_flops,2423,0.0
derpp,replay_global_lr_reduction,estimated_overhead_flops,2729,0.0
derpp,replay_global_lr_reduction,estimated_overhead_flops,3037,0.0
derpp,replay_global_lr_reduction,replay_memory_bytes,311,0.0
derpp,replay_global_lr_reduction,replay_memory_bytes,617,0.0
derpp,replay_global_lr_reduction,replay_memory_bytes,919,0.0
derpp,replay_global_lr_reduction,replay_memory_bytes,1223,0.0
derpp,replay_global_lr_reduction,replay_memory_bytes,1523,0.0
derpp,replay_global_lr_reduction,replay_memory_bytes,1823,0.0
derpp,replay_global_lr_reduction,replay_memory_bytes,2129,0.0
derpp,replay_global_lr_reduction,replay_memory_bytes,2423,0.0
derpp,replay_global_lr_reduction,replay_memory_bytes,2729,0.0
derpp,replay_global_lr_reduction,replay_memory_bytes,3037,0.0
derpp,replay_global_lr_reduction,stored_logits_bytes,311,-8000.0
derpp,replay_global_lr_reduction,stored_logits_bytes,617,-8000.0
derpp,replay_global_lr_reduction,stored_logits_bytes,919,-8000.0
derpp,replay_global_lr_reduction,stored_logits_bytes,1223,-8000.0
derpp,replay_global_lr_reduction,stored_logits_bytes,1523,-8000.0
derpp,replay_global_lr_reduction,stored_logits_bytes,1823,-8000.0
derpp,replay_global_lr_reduction,stored_logits_bytes,2129,-8000.0
derpp,replay_global_lr_reduction,stored_logits_bytes,2423,-8000.0
derpp,replay_global_lr_reduction,stored_logits_bytes,2729,-8000.0
derpp,replay_global_lr_reduction,stored_logits_bytes,3037,-8000.0
derpp,slowheat_replay_hidden_beta_30_budget_0.25,final_average_accuracy,311,-0.013839999999999963
derpp,slowheat_replay_hidden_beta_30_budget_0.25,final_average_accuracy,617,-0.02047999999999983
derpp,slowheat_replay_hidden_beta_30_budget_0.25,final_average_accuracy,919,-0.012720000000000065
derpp,slowheat_replay_hidden_beta_30_budget_0.25,final_average_accuracy,1223,-0.01639999999999997
derpp,slowheat_replay_hidden_beta_30_budget_0.25,final_average_accuracy,1523,-0.02183999999999997
derpp,slowheat_replay_hidden_beta_30_budget_0.25,final_average_accuracy,1823,-0.017039999999999944
derpp,slowheat_replay_hidden_beta_30_budget_0.25,final_average_accuracy,2129,-0.015840000000000187
derpp,slowheat_replay_hidden_beta_30_budget_0.25,final_average_accuracy,2423,-0.01656000000000013
derpp,slowheat_replay_hidden_beta_30_budget_0.25,final_average_accuracy,2729,-0.015879999999999894
derpp,slowheat_replay_hidden_beta_30_budget_0.25,final_average_accuracy,3037,-0.01544000000000012
derpp,slowheat_replay_hidden_beta_30_budget_0.25,average_forgetting,311,0.010550000000000004
derpp,slowheat_replay_hidden_beta_30_budget_0.25,average_forgetting,617,0.020950000000000024
derpp,slowheat_replay_hidden_beta_30_budget_0.25,average_forgetting,919,0.010250000000000037
derpp,slowheat_replay_hidden_beta_30_budget_0.25,average_forgetting,1223,0.01589999999999997
derpp,slowheat_replay_hidden_beta_30_budget_0.25,average_forgetting,1523,0.022500000000000075
derpp,slowheat_replay_hidden_beta_30_budget_0.25,average_forgetting,1823,0.02040000000000003
derpp,slowheat_replay_hidden_beta_30_budget_0.25,average_forgetting,2129,0.015199999999999991
derpp,slowheat_replay_hidden_beta_30_budget_0.25,average_forgetting,2423,0.01404999999999998
derpp,slowheat_replay_hidden_beta_30_budget_0.25,average_forgetting,2729,0.016400000000000053
derpp,slowheat_replay_hidden_beta_30_budget_0.25,average_forgetting,3037,0.015250000000000014
derpp,slowheat_replay_hidden_beta_30_budget_0.25,backward_transfer,311,-0.010550000000000004
derpp,slowheat_replay_hidden_beta_30_budget_0.25,backward_transfer,617,-0.020950000000000024
derpp,slowheat_replay_hidden_beta_30_budget_0.25,backward_transfer,919,-0.010250000000000037
derpp,slowheat_replay_hidden_beta_30_budget_0.25,backward_transfer,1223,-0.01589999999999997
derpp,slowheat_replay_hidden_beta_30_budget_0.25,backward_transfer,1523,-0.022500000000000075
derpp,slowheat_replay_hidden_beta_30_budget_0.25,backward_transfer,1823,-0.02040000000000003
derpp,slowheat_replay_hidden_beta_30_budget_0.25,backward_transfer,2129,-0.015199999999999991
derpp,slowheat_replay_hidden_beta_30_budget_0.25,backward_transfer,2423,-0.014249999999999985
derpp,slowheat_replay_hidden_beta_30_budget_0.25,backward_transfer,2729,-0.016400000000000053
derpp,slowheat_replay_hidden_beta_30_budget_0.25,backward_transfer,3037,-0.01460000000000003
derpp,slowheat_replay_hidden_beta_30_budget_0.25,forward_transfer,311,0.003700000000000002
derpp,slowheat_replay_hidden_beta_30_budget_0.25,forward_transfer,617,-0.006150000000000003
derpp,slowheat_replay_hidden_beta_30_budget_0.25,forward_transfer,919,0.005800000000000003
derpp,slowheat_replay_hidden_beta_30_budget_0.25,forward_transfer,1223,0.0040999999999999925
derpp,slowheat_replay_hidden_beta_30_budget_0.25,forward_transfer,1523,-0.005300000000000003
derpp,slowheat_replay_hidden_beta_30_budget_0.25,forward_transfer,1823,-0.0017000000000000001
derpp,slowheat_replay_hidden_beta_30_budget_0.25,forward_transfer,2129,-0.005950000000000004
derpp,slowheat_replay_hidden_beta_30_budget_0.25,forward_transfer,2423,-0.0041499999999999974
derpp,slowheat_replay_hidden_beta_30_budget_0.25,forward_transfer,2729,0.013350000000000008
derpp,slowheat_replay_hidden_beta_30_budget_0.25,forward_transfer,3037,-0.004349999999999993
derpp,slowheat_replay_hidden_beta_30_budget_0.25,task_aware_final_accuracy,311,-0.013839999999999963
derpp,slowheat_replay_hidden_beta_30_budget_0.25,task_aware_final_accuracy,617,-0.02047999999999983
derpp,slowheat_replay_hidden_beta_30_budget_0.25,task_aware_final_accuracy,919,-0.012720000000000065
derpp,slowheat_replay_hidden_beta_30_budget_0.25,task_aware_final_accuracy,1223,-0.01639999999999997
derpp,slowheat_replay_hidden_beta_30_budget_0.25,task_aware_final_accuracy,1523,-0.02183999999999997
derpp,slowheat_replay_hidden_beta_30_budget_0.25,task_aware_final_accuracy,1823,-0.017039999999999944
derpp,slowheat_replay_hidden_beta_30_budget_0.25,task_aware_final_accuracy,2129,-0.015840000000000187
derpp,slowheat_replay_hidden_beta_30_budget_0.25,task_aware_final_accuracy,2423,-0.01656000000000013
derpp,slowheat_replay_hidden_beta_30_budget_0.25,task_aware_final_accuracy,2729,-0.015879999999999894
derpp,slowheat_replay_hidden_beta_30_budget_0.25,task_aware_final_accuracy,3037,-0.01544000000000012
derpp,slowheat_replay_hidden_beta_30_budget_0.25,task_aware_forgetting,311,0.010550000000000004
derpp,slowheat_replay_hidden_beta_30_budget_0.25,task_aware_forgetting,617,0.020950000000000024
derpp,slowheat_replay_hidden_beta_30_budget_0.25,task_aware_forgetting,919,0.010250000000000037
derpp,slowheat_replay_hidden_beta_30_budget_0.25,task_aware_forgetting,1223,0.01589999999999997
derpp,slowheat_replay_hidden_beta_30_budget_0.25,task_aware_forgetting,1523,0.022500000000000075
derpp,slowheat_replay_hidden_beta_30_budget_0.25,task_aware_forgetting,1823,0.02040000000000003
derpp,slowheat_replay_hidden_beta_30_budget_0.25,task_aware_forgetting,2129,0.015199999999999991
derpp,slowheat_replay_hidden_beta_30_budget_0.25,task_aware_forgetting,2423,0.01404999999999998
derpp,slowheat_replay_hidden_beta_30_budget_0.25,task_aware_forgetting,2729,0.016400000000000053
derpp,slowheat_replay_hidden_beta_30_budget_0.25,task_aware_forgetting,3037,0.015250000000000014
derpp,slowheat_replay_hidden_beta_30_budget_0.25,classifier_gap,311,0.0
derpp,slowheat_replay_hidden_beta_30_budget_0.25,classifier_gap,617,0.0
derpp,slowheat_replay_hidden_beta_30_budget_0.25,classifier_gap,919,0.0
derpp,slowheat_replay_hidden_beta_30_budget_0.25,classifier_gap,1223,0.0
derpp,slowheat_replay_hidden_beta_30_budget_0.25,classifier_gap,1523,0.0
derpp,slowheat_replay_hidden_beta_30_budget_0.25,classifier_gap,1823,0.0
derpp,slowheat_replay_hidden_beta_30_budget_0.25,classifier_gap,2129,0.0
derpp,slowheat_replay_hidden_beta_30_budget_0.25,classifier_gap,2423,0.0
derpp,slowheat_replay_hidden_beta_30_budget_0.25,classifier_gap,2729,0.0
derpp,slowheat_replay_hidden_beta_30_budget_0.25,classifier_gap,3037,0.0
derpp,slowheat_replay_hidden_beta_30_budget_0.25,elapsed_seconds,311,7.495456157019362
derpp,slowheat_replay_hidden_beta_30_budget_0.25,elapsed_seconds,617,8.087869048002176
derpp,slowheat_replay_hidden_beta_30_budget_0.25,elapsed_seconds,919,8.214096614014124
derpp,slowheat_replay_hidden_beta_30_budget_0.25,elapsed_seconds,1223,7.394980274984846
derpp,slowheat_replay_hidden_beta_30_budget_0.25,elapsed_seconds,1523,8.278620133991353
derpp,slowheat_replay_hidden_beta_30_budget_0.25,elapsed_seconds,1823,7.365774694015272
derpp,slowheat_replay_hidden_beta_30_budget_0.25,elapsed_seconds,2129,7.353696921025403
derpp,slowheat_replay_hidden_beta_30_budget_0.25,elapsed_seconds,2423,7.770573123008944
derpp,slowheat_replay_hidden_beta_30_budget_0.25,elapsed_seconds,2729,7.919505094003398
derpp,slowheat_replay_hidden_beta_30_budget_0.25,elapsed_seconds,3037,7.692887801997131
derpp,slowheat_replay_hidden_beta_30_budget_0.25,learner_examples_processed,311,0.0
derpp,slowheat_replay_hidden_beta_30_budget_0.25,learner_examples_processed,617,0.0
derpp,slowheat_replay_hidden_beta_30_budget_0.25,learner_examples_processed,919,0.0
derpp,slowheat_replay_hidden_beta_30_budget_0.25,learner_examples_processed,1223,0.0
derpp,slowheat_replay_hidden_beta_30_budget_0.25,learner_examples_processed,1523,0.0
derpp,slowheat_replay_hidden_beta_30_budget_0.25,learner_examples_processed,1823,0.0
derpp,slowheat_replay_hidden_beta_30_budget_0.25,learner_examples_processed,2129,0.0
derpp,slowheat_replay_hidden_beta_30_budget_0.25,learner_examples_processed,2423,0.0
derpp,slowheat_replay_hidden_beta_30_budget_0.25,learner_examples_processed,2729,0.0
derpp,slowheat_replay_hidden_beta_30_budget_0.25,learner_examples_processed,3037,0.0
derpp,slowheat_replay_hidden_beta_30_budget_0.25,total_model_examples_processed,311,0.0
derpp,slowheat_replay_hidden_beta_30_budget_0.25,total_model_examples_processed,617,0.0
derpp,slowheat_replay_hidden_beta_30_budget_0.25,total_model_examples_processed,919,0.0
derpp,slowheat_replay_hidden_beta_30_budget_0.25,total_model_examples_processed,1223,0.0
derpp,slowheat_replay_hidden_beta_30_budget_0.25,total_model_examples_processed,1523,0.0
derpp,slowheat_replay_hidden_beta_30_budget_0.25,total_model_examples_processed,1823,0.0
derpp,slowheat_replay_hidden_beta_30_budget_0.25,total_model_examples_processed,2129,0.0
derpp,slowheat_replay_hidden_beta_30_budget_0.25,total_model_examples_processed,2423,0.0
derpp,slowheat_replay_hidden_beta_30_budget_0.25,total_model_examples_processed,2729,0.0
derpp,slowheat_replay_hidden_beta_30_budget_0.25,total_model_examples_processed,3037,0.0
derpp,slowheat_replay_hidden_beta_30_budget_0.25,estimated_total_flops,311,4280847360.0
derpp,slowheat_replay_hidden_beta_30_budget_0.25,estimated_total_flops,617,4280847360.0
derpp,slowheat_replay_hidden_beta_30_budget_0.25,estimated_total_flops,919,4280847360.0
derpp,slowheat_replay_hidden_beta_30_budget_0.25,estimated_total_flops,1223,4280847360.0
derpp,slowheat_replay_hidden_beta_30_budget_0.25,estimated_total_flops,1523,4280847360.0
derpp,slowheat_replay_hidden_beta_30_budget_0.25,estimated_total_flops,1823,4280847360.0
derpp,slowheat_replay_hidden_beta_30_budget_0.25,estimated_total_flops,2129,4280847360.0
derpp,slowheat_replay_hidden_beta_30_budget_0.25,estimated_total_flops,2423,4280847360.0
derpp,slowheat_replay_hidden_beta_30_budget_0.25,estimated_total_flops,2729,4280847360.0
derpp,slowheat_replay_hidden_beta_30_budget_0.25,estimated_total_flops,3037,4280847360.0
derpp,slowheat_replay_hidden_beta_30_budget_0.25,estimated_overhead_flops,311,4280847360.0
derpp,slowheat_replay_hidden_beta_30_budget_0.25,estimated_overhead_flops,617,4280847360.0
derpp,slowheat_replay_hidden_beta_30_budget_0.25,estimated_overhead_flops,919,4280847360.0
derpp,slowheat_replay_hidden_beta_30_budget_0.25,estimated_overhead_flops,1223,4280847360.0
derpp,slowheat_replay_hidden_beta_30_budget_0.25,estimated_overhead_flops,1523,4280847360.0
derpp,slowheat_replay_hidden_beta_30_budget_0.25,estimated_overhead_flops,1823,4280847360.0
derpp,slowheat_replay_hidden_beta_30_budget_0.25,estimated_overhead_flops,2129,4280847360.0
derpp,slowheat_replay_hidden_beta_30_budget_0.25,estimated_overhead_flops,2423,4280847360.0
derpp,slowheat_replay_hidden_beta_30_budget_0.25,estimated_overhead_flops,2729,4280847360.0
derpp,slowheat_replay_hidden_beta_30_budget_0.25,estimated_overhead_flops,3037,4280847360.0
derpp,slowheat_replay_hidden_beta_30_budget_0.25,replay_memory_bytes,311,0.0
derpp,slowheat_replay_hidden_beta_30_budget_0.25,replay_memory_bytes,617,0.0
derpp,slowheat_replay_hidden_beta_30_budget_0.25,replay_memory_bytes,919,0.0
derpp,slowheat_replay_hidden_beta_30_budget_0.25,replay_memory_bytes,1223,0.0
derpp,slowheat_replay_hidden_beta_30_budget_0.25,replay_memory_bytes,1523,0.0
derpp,slowheat_replay_hidden_beta_30_budget_0.25,replay_memory_bytes,1823,0.0
derpp,slowheat_replay_hidden_beta_30_budget_0.25,replay_memory_bytes,2129,0.0
derpp,slowheat_replay_hidden_beta_30_budget_0.25,replay_memory_bytes,2423,0.0
derpp,slowheat_replay_hidden_beta_30_budget_0.25,replay_memory_bytes,2729,0.0
derpp,slowheat_replay_hidden_beta_30_budget_0.25,replay_memory_bytes,3037,0.0
derpp,slowheat_replay_hidden_beta_30_budget_0.25,stored_logits_bytes,311,-8000.0
derpp,slowheat_replay_hidden_beta_30_budget_0.25,stored_logits_bytes,617,-8000.0
derpp,slowheat_replay_hidden_beta_30_budget_0.25,stored_logits_bytes,919,-8000.0
derpp,slowheat_replay_hidden_beta_30_budget_0.25,stored_logits_bytes,1223,-8000.0
derpp,slowheat_replay_hidden_beta_30_budget_0.25,stored_logits_bytes,1523,-8000.0
derpp,slowheat_replay_hidden_beta_30_budget_0.25,stored_logits_bytes,1823,-8000.0
derpp,slowheat_replay_hidden_beta_30_budget_0.25,stored_logits_bytes,2129,-8000.0
derpp,slowheat_replay_hidden_beta_30_budget_0.25,stored_logits_bytes,2423,-8000.0
derpp,slowheat_replay_hidden_beta_30_budget_0.25,stored_logits_bytes,2729,-8000.0
derpp,slowheat_replay_hidden_beta_30_budget_0.25,stored_logits_bytes,3037,-8000.0
derpp,slowheat_hidden_beta_30_budget_0.25,final_average_accuracy,311,-0.14848000000000017
derpp,slowheat_hidden_beta_30_budget_0.25,final_average_accuracy,617,-0.1887199999999999
derpp,slowheat_hidden_beta_30_budget_0.25,final_average_accuracy,919,-0.14780000000000004
derpp,slowheat_hidden_beta_30_budget_0.25,final_average_accuracy,1223,-0.14356000000000002
derpp,slowheat_hidden_beta_30_budget_0.25,final_average_accuracy,1523,-0.16051999999999988
derpp,slowheat_hidden_beta_30_budget_0.25,final_average_accuracy,1823,-0.15111999999999992
derpp,slowheat_hidden_beta_30_budget_0.25,final_average_accuracy,2129,-0.13624000000000014
derpp,slowheat_hidden_beta_30_budget_0.25,final_average_accuracy,2423,-0.15135999999999994
derpp,slowheat_hidden_beta_30_budget_0.25,final_average_accuracy,2729,-0.13675999999999988
derpp,slowheat_hidden_beta_30_budget_0.25,final_average_accuracy,3037,-0.18976000000000004
derpp,slowheat_hidden_beta_30_budget_0.25,average_forgetting,311,0.1811
derpp,slowheat_hidden_beta_30_budget_0.25,average_forgetting,617,0.23135
derpp,slowheat_hidden_beta_30_budget_0.25,average_forgetting,919,0.17985000000000004
derpp,slowheat_hidden_beta_30_budget_0.25,average_forgetting,1223,0.17629999999999998
derpp,slowheat_hidden_beta_30_budget_0.25,average_forgetting,1523,0.19550000000000006
derpp,slowheat_hidden_beta_30_budget_0.25,average_forgetting,1823,0.18835000000000005
derpp,slowheat_hidden_beta_30_budget_0.25,average_forgetting,2129,0.16594999999999996
derpp,slowheat_hidden_beta_30_budget_0.25,average_forgetting,2423,0.18519999999999998
derpp,slowheat_hidden_beta_30_budget_0.25,average_forgetting,2729,0.16875000000000004
derpp,slowheat_hidden_beta_30_budget_0.25,average_forgetting,3037,0.23195000000000002
derpp,slowheat_hidden_beta_30_budget_0.25,backward_transfer,311,-0.1811
derpp,slowheat_hidden_beta_30_budget_0.25,backward_transfer,617,-0.23135
derpp,slowheat_hidden_beta_30_budget_0.25,backward_transfer,919,-0.17985000000000004
derpp,slowheat_hidden_beta_30_budget_0.25,backward_transfer,1223,-0.17629999999999998
derpp,slowheat_hidden_beta_30_budget_0.25,backward_transfer,1523,-0.19550000000000006
derpp,slowheat_hidden_beta_30_budget_0.25,backward_transfer,1823,-0.18835000000000005
derpp,slowheat_hidden_beta_30_budget_0.25,backward_transfer,2129,-0.16594999999999996
derpp,slowheat_hidden_beta_30_budget_0.25,backward_transfer,2423,-0.18539999999999998
derpp,slowheat_hidden_beta_30_budget_0.25,backward_transfer,2729,-0.16875000000000004
derpp,slowheat_hidden_beta_30_budget_0.25,backward_transfer,3037,-0.23195000000000002
derpp,slowheat_hidden_beta_30_budget_0.25,forward_transfer,311,-0.0019499999999999934
derpp,slowheat_hidden_beta_30_budget_0.25,forward_transfer,617,-0.008150000000000001
derpp,slowheat_hidden_beta_30_budget_0.25,forward_transfer,919,0.00435
derpp,slowheat_hidden_beta_30_budget_0.25,forward_transfer,1223,-0.0015500000000000062
derpp,slowheat_hidden_beta_30_budget_0.25,forward_transfer,1523,-0.006449999999999997
derpp,slowheat_hidden_beta_30_budget_0.25,forward_transfer,1823,0.0008500000000000035
derpp,slowheat_hidden_beta_30_budget_0.25,forward_transfer,2129,-0.008500000000000004
derpp,slowheat_hidden_beta_30_budget_0.25,forward_transfer,2423,-0.0058
derpp,slowheat_hidden_beta_30_budget_0.25,forward_transfer,2729,0.015400000000000007
derpp,slowheat_hidden_beta_30_budget_0.25,forward_transfer,3037,0.008650000000000005
derpp,slowheat_hidden_beta_30_budget_0.25,task_aware_final_accuracy,311,-0.14848000000000017
derpp,slowheat_hidden_beta_30_budget_0.25,task_aware_final_accuracy,617,-0.1887199999999999
derpp,slowheat_hidden_beta_30_budget_0.25,task_aware_final_accuracy,919,-0.14780000000000004
derpp,slowheat_hidden_beta_30_budget_0.25,task_aware_final_accuracy,1223,-0.14356000000000002
derpp,slowheat_hidden_beta_30_budget_0.25,task_aware_final_accuracy,1523,-0.16051999999999988
derpp,slowheat_hidden_beta_30_budget_0.25,task_aware_final_accuracy,1823,-0.15111999999999992
derpp,slowheat_hidden_beta_30_budget_0.25,task_aware_final_accuracy,2129,-0.13624000000000014
derpp,slowheat_hidden_beta_30_budget_0.25,task_aware_final_accuracy,2423,-0.15135999999999994
derpp,slowheat_hidden_beta_30_budget_0.25,task_aware_final_accuracy,2729,-0.13675999999999988
derpp,slowheat_hidden_beta_30_budget_0.25,task_aware_final_accuracy,3037,-0.18976000000000004
derpp,slowheat_hidden_beta_30_budget_0.25,task_aware_forgetting,311,0.1811
derpp,slowheat_hidden_beta_30_budget_0.25,task_aware_forgetting,617,0.23135
derpp,slowheat_hidden_beta_30_budget_0.25,task_aware_forgetting,919,0.17985000000000004
derpp,slowheat_hidden_beta_30_budget_0.25,task_aware_forgetting,1223,0.17629999999999998
derpp,slowheat_hidden_beta_30_budget_0.25,task_aware_forgetting,1523,0.19550000000000006
derpp,slowheat_hidden_beta_30_budget_0.25,task_aware_forgetting,1823,0.18835000000000005
derpp,slowheat_hidden_beta_30_budget_0.25,task_aware_forgetting,2129,0.16594999999999996
derpp,slowheat_hidden_beta_30_budget_0.25,task_aware_forgetting,2423,0.18519999999999998
derpp,slowheat_hidden_beta_30_budget_0.25,task_aware_forgetting,2729,0.16875000000000004
derpp,slowheat_hidden_beta_30_budget_0.25,task_aware_forgetting,3037,0.23195000000000002
derpp,slowheat_hidden_beta_30_budget_0.25,classifier_gap,311,0.0
derpp,slowheat_hidden_beta_30_budget_0.25,classifier_gap,617,0.0
derpp,slowheat_hidden_beta_30_budget_0.25,classifier_gap,919,0.0
derpp,slowheat_hidden_beta_30_budget_0.25,classifier_gap,1223,0.0
derpp,slowheat_hidden_beta_30_budget_0.25,classifier_gap,1523,0.0
derpp,slowheat_hidden_beta_30_budget_0.25,classifier_gap,1823,0.0
derpp,slowheat_hidden_beta_30_budget_0.25,classifier_gap,2129,0.0
derpp,slowheat_hidden_beta_30_budget_0.25,classifier_gap,2423,0.0
derpp,slowheat_hidden_beta_30_budget_0.25,classifier_gap,2729,0.0
derpp,slowheat_hidden_beta_30_budget_0.25,classifier_gap,3037,0.0
derpp,slowheat_hidden_beta_30_budget_0.25,elapsed_seconds,311,3.8277235670248047
derpp,slowheat_hidden_beta_30_budget_0.25,elapsed_seconds,617,3.997915057989303
derpp,slowheat_hidden_beta_30_budget_0.25,elapsed_seconds,919,4.00366891300655
derpp,slowheat_hidden_beta_30_budget_0.25,elapsed_seconds,1223,3.3369568820053246
derpp,slowheat_hidden_beta_30_budget_0.25,elapsed_seconds,1523,4.105938544991659
derpp,slowheat_hidden_beta_30_budget_0.25,elapsed_seconds,1823,3.1132122129783966
derpp,slowheat_hidden_beta_30_budget_0.25,elapsed_seconds,2129,3.2674744770338293
derpp,slowheat_hidden_beta_30_budget_0.25,elapsed_seconds,2423,3.7035899219918065
derpp,slowheat_hidden_beta_30_budget_0.25,elapsed_seconds,2729,3.8598825139924884
derpp,slowheat_hidden_beta_30_budget_0.25,elapsed_seconds,3037,3.31545582000399
derpp,slowheat_hidden_beta_30_budget_0.25,learner_examples_processed,311,-202240.0
derpp,slowheat_hidden_beta_30_budget_0.25,learner_examples_processed,617,-202240.0
derpp,slowheat_hidden_beta_30_budget_0.25,learner_examples_processed,919,-202240.0
derpp,slowheat_hidden_beta_30_budget_0.25,learner_examples_processed,1223,-202240.0
derpp,slowheat_hidden_beta_30_budget_0.25,learner_examples_processed,1523,-202240.0
derpp,slowheat_hidden_beta_30_budget_0.25,learner_examples_processed,1823,-202240.0
derpp,slowheat_hidden_beta_30_budget_0.25,learner_examples_processed,2129,-202240.0
derpp,slowheat_hidden_beta_30_budget_0.25,learner_examples_processed,2423,-202240.0
derpp,slowheat_hidden_beta_30_budget_0.25,learner_examples_processed,2729,-202240.0
derpp,slowheat_hidden_beta_30_budget_0.25,learner_examples_processed,3037,-202240.0
derpp,slowheat_hidden_beta_30_budget_0.25,total_model_examples_processed,311,-202240.0
derpp,slowheat_hidden_beta_30_budget_0.25,total_model_examples_processed,617,-202240.0
derpp,slowheat_hidden_beta_30_budget_0.25,total_model_examples_processed,919,-202240.0
derpp,slowheat_hidden_beta_30_budget_0.25,total_model_examples_processed,1223,-202240.0
derpp,slowheat_hidden_beta_30_budget_0.25,total_model_examples_processed,1523,-202240.0
derpp,slowheat_hidden_beta_30_budget_0.25,total_model_examples_processed,1823,-202240.0
derpp,slowheat_hidden_beta_30_budget_0.25,total_model_examples_processed,2129,-202240.0
derpp,slowheat_hidden_beta_30_budget_0.25,total_model_examples_processed,2423,-202240.0
derpp,slowheat_hidden_beta_30_budget_0.25,total_model_examples_processed,2729,-202240.0
derpp,slowheat_hidden_beta_30_budget_0.25,total_model_examples_processed,3037,-202240.0
derpp,slowheat_hidden_beta_30_budget_0.25,estimated_total_flops,311,-645579371520.0
derpp,slowheat_hidden_beta_30_budget_0.25,estimated_total_flops,617,-645579371520.0
derpp,slowheat_hidden_beta_30_budget_0.25,estimated_total_flops,919,-645579371520.0
derpp,slowheat_hidden_beta_30_budget_0.25,estimated_total_flops,1223,-645579371520.0
derpp,slowheat_hidden_beta_30_budget_0.25,estimated_total_flops,1523,-645579371520.0
derpp,slowheat_hidden_beta_30_budget_0.25,estimated_total_flops,1823,-645579371520.0
derpp,slowheat_hidden_beta_30_budget_0.25,estimated_total_flops,2129,-645579371520.0
derpp,slowheat_hidden_beta_30_budget_0.25,estimated_total_flops,2423,-645579371520.0
derpp,slowheat_hidden_beta_30_budget_0.25,estimated_total_flops,2729,-645579371520.0
derpp,slowheat_hidden_beta_30_budget_0.25,estimated_total_flops,3037,-645579371520.0
derpp,slowheat_hidden_beta_30_budget_0.25,estimated_overhead_flops,311,3659566080.0
derpp,slowheat_hidden_beta_30_budget_0.25,estimated_overhead_flops,617,3659566080.0
derpp,slowheat_hidden_beta_30_budget_0.25,estimated_overhead_flops,919,3659566080.0
derpp,slowheat_hidden_beta_30_budget_0.25,estimated_overhead_flops,1223,3659566080.0
derpp,slowheat_hidden_beta_30_budget_0.25,estimated_overhead_flops,1523,3659566080.0
derpp,slowheat_hidden_beta_30_budget_0.25,estimated_overhead_flops,1823,3659566080.0
derpp,slowheat_hidden_beta_30_budget_0.25,estimated_overhead_flops,2129,3659566080.0
derpp,slowheat_hidden_beta_30_budget_0.25,estimated_overhead_flops,2423,3659566080.0
derpp,slowheat_hidden_beta_30_budget_0.25,estimated_overhead_flops,2729,3659566080.0
derpp,slowheat_hidden_beta_30_budget_0.25,estimated_overhead_flops,3037,3659566080.0
derpp,slowheat_hidden_beta_30_budget_0.25,replay_memory_bytes,311,-628800.0
derpp,slowheat_hidden_beta_30_budget_0.25,replay_memory_bytes,617,-628800.0
derpp,slowheat_hidden_beta_30_budget_0.25,replay_memory_bytes,919,-628800.0
derpp,slowheat_hidden_beta_30_budget_0.25,replay_memory_bytes,1223,-628800.0
derpp,slowheat_hidden_beta_30_budget_0.25,replay_memory_bytes,1523,-628800.0
derpp,slowheat_hidden_beta_30_budget_0.25,replay_memory_bytes,1823,-628800.0
derpp,slowheat_hidden_beta_30_budget_0.25,replay_memory_bytes,2129,-628800.0
derpp,slowheat_hidden_beta_30_budget_0.25,replay_memory_bytes,2423,-628800.0
derpp,slowheat_hidden_beta_30_budget_0.25,replay_memory_bytes,2729,-628800.0
derpp,slowheat_hidden_beta_30_budget_0.25,replay_memory_bytes,3037,-628800.0
derpp,slowheat_hidden_beta_30_budget_0.25,stored_logits_bytes,311,-8000.0
derpp,slowheat_hidden_beta_30_budget_0.25,stored_logits_bytes,617,-8000.0
derpp,slowheat_hidden_beta_30_budget_0.25,stored_logits_bytes,919,-8000.0
derpp,slowheat_hidden_beta_30_budget_0.25,stored_logits_bytes,1223,-8000.0
derpp,slowheat_hidden_beta_30_budget_0.25,stored_logits_bytes,1523,-8000.0
derpp,slowheat_hidden_beta_30_budget_0.25,stored_logits_bytes,1823,-8000.0
derpp,slowheat_hidden_beta_30_budget_0.25,stored_logits_bytes,2129,-8000.0
derpp,slowheat_hidden_beta_30_budget_0.25,stored_logits_bytes,2423,-8000.0
derpp,slowheat_hidden_beta_30_budget_0.25,stored_logits_bytes,2729,-8000.0
derpp,slowheat_hidden_beta_30_budget_0.25,stored_logits_bytes,3037,-8000.0
derpp,slowheat_replay_hidden_adaptive_beta_30_budget_0.25,final_average_accuracy,311,-0.01515999999999984
derpp,slowheat_replay_hidden_adaptive_beta_30_budget_0.25,final_average_accuracy,617,-0.019119999999999804
derpp,slowheat_replay_hidden_adaptive_beta_30_budget_0.25,final_average_accuracy,919,-0.012440000000000007
derpp,slowheat_replay_hidden_adaptive_beta_30_budget_0.25,final_average_accuracy,1223,-0.014799999999999924
derpp,slowheat_replay_hidden_adaptive_beta_30_budget_0.25,final_average_accuracy,1523,-0.020319999999999894
derpp,slowheat_replay_hidden_adaptive_beta_30_budget_0.25,final_average_accuracy,1823,-0.015839999999999854
derpp,slowheat_replay_hidden_adaptive_beta_30_budget_0.25,final_average_accuracy,2129,-0.014160000000000061
derpp,slowheat_replay_hidden_adaptive_beta_30_budget_0.25,final_average_accuracy,2423,-0.01644000000000001
derpp,slowheat_replay_hidden_adaptive_beta_30_budget_0.25,final_average_accuracy,2729,-0.015000000000000013
derpp,slowheat_replay_hidden_adaptive_beta_30_budget_0.25,final_average_accuracy,3037,-0.015840000000000076
derpp,slowheat_replay_hidden_adaptive_beta_30_budget_0.25,average_forgetting,311,0.010499999999999982
derpp,slowheat_replay_hidden_adaptive_beta_30_budget_0.25,average_forgetting,617,0.018449999999999966
derpp,slowheat_replay_hidden_adaptive_beta_30_budget_0.25,average_forgetting,919,0.010400000000000048
derpp,slowheat_replay_hidden_adaptive_beta_30_budget_0.25,average_forgetting,1223,0.013749999999999984
derpp,slowheat_replay_hidden_adaptive_beta_30_budget_0.25,average_forgetting,1523,0.02020000000000005
derpp,slowheat_replay_hidden_adaptive_beta_30_budget_0.25,average_forgetting,1823,0.018250000000000044
derpp,slowheat_replay_hidden_adaptive_beta_30_budget_0.25,average_forgetting,2129,0.012399999999999967
derpp,slowheat_replay_hidden_adaptive_beta_30_budget_0.25,average_forgetting,2423,0.014050000000000007
derpp,slowheat_replay_hidden_adaptive_beta_30_budget_0.25,average_forgetting,2729,0.01450000000000004
derpp,slowheat_replay_hidden_adaptive_beta_30_budget_0.25,average_forgetting,3037,0.013850000000000029
derpp,slowheat_replay_hidden_adaptive_beta_30_budget_0.25,backward_transfer,311,-0.010499999999999982
derpp,slowheat_replay_hidden_adaptive_beta_30_budget_0.25,backward_transfer,617,-0.018449999999999966
derpp,slowheat_replay_hidden_adaptive_beta_30_budget_0.25,backward_transfer,919,-0.010400000000000048
derpp,slowheat_replay_hidden_adaptive_beta_30_budget_0.25,backward_transfer,1223,-0.013749999999999984
derpp,slowheat_replay_hidden_adaptive_beta_30_budget_0.25,backward_transfer,1523,-0.02020000000000005
derpp,slowheat_replay_hidden_adaptive_beta_30_budget_0.25,backward_transfer,1823,-0.018250000000000044
derpp,slowheat_replay_hidden_adaptive_beta_30_budget_0.25,backward_transfer,2129,-0.012399999999999967
derpp,slowheat_replay_hidden_adaptive_beta_30_budget_0.25,backward_transfer,2423,-0.014250000000000013
derpp,slowheat_replay_hidden_adaptive_beta_30_budget_0.25,backward_transfer,2729,-0.01450000000000004
derpp,slowheat_replay_hidden_adaptive_beta_30_budget_0.25,backward_transfer,3037,-0.013700000000000018
derpp,slowheat_replay_hidden_adaptive_beta_30_budget_0.25,forward_transfer,311,0.00665000000000001
derpp,slowheat_replay_hidden_adaptive_beta_30_budget_0.25,forward_transfer,617,-0.006799999999999997
derpp,slowheat_replay_hidden_adaptive_beta_30_budget_0.25,forward_transfer,919,-0.0016000000000000042
derpp,slowheat_replay_hidden_adaptive_beta_30_budget_0.25,forward_transfer,1223,0.0041499999999999974
derpp,slowheat_replay_hidden_adaptive_beta_30_budget_0.25,forward_transfer,1523,-0.00425
derpp,slowheat_replay_hidden_adaptive_beta_30_budget_0.25,forward_transfer,1823,-0.0036500000000000005
derpp,slowheat_replay_hidden_adaptive_beta_30_budget_0.25,forward_transfer,2129,-0.0033500000000000023
derpp,slowheat_replay_hidden_adaptive_beta_30_budget_0.25,forward_transfer,2423,-0.0009499999999999995
derpp,slowheat_replay_hidden_adaptive_beta_30_budget_0.25,forward_transfer,2729,0.010850000000000005
derpp,slowheat_replay_hidden_adaptive_beta_30_budget_0.25,forward_transfer,3037,-0.0016999999999999967
derpp,slowheat_replay_hidden_adaptive_beta_30_budget_0.25,task_aware_final_accuracy,311,-0.01515999999999984
derpp,slowheat_replay_hidden_adaptive_beta_30_budget_0.25,task_aware_final_accuracy,617,-0.019119999999999804
derpp,slowheat_replay_hidden_adaptive_beta_30_budget_0.25,task_aware_final_accuracy,919,-0.012440000000000007
derpp,slowheat_replay_hidden_adaptive_beta_30_budget_0.25,task_aware_final_accuracy,1223,-0.014799999999999924
derpp,slowheat_replay_hidden_adaptive_beta_30_budget_0.25,task_aware_final_accuracy,1523,-0.020319999999999894
derpp,slowheat_replay_hidden_adaptive_beta_30_budget_0.25,task_aware_final_accuracy,1823,-0.015839999999999854
derpp,slowheat_replay_hidden_adaptive_beta_30_budget_0.25,task_aware_final_accuracy,2129,-0.014160000000000061
derpp,slowheat_replay_hidden_adaptive_beta_30_budget_0.25,task_aware_final_accuracy,2423,-0.01644000000000001
derpp,slowheat_replay_hidden_adaptive_beta_30_budget_0.25,task_aware_final_accuracy,2729,-0.015000000000000013
derpp,slowheat_replay_hidden_adaptive_beta_30_budget_0.25,task_aware_final_accuracy,3037,-0.015840000000000076
derpp,slowheat_replay_hidden_adaptive_beta_30_budget_0.25,task_aware_forgetting,311,0.010499999999999982
derpp,slowheat_replay_hidden_adaptive_beta_30_budget_0.25,task_aware_forgetting,617,0.018449999999999966
derpp,slowheat_replay_hidden_adaptive_beta_30_budget_0.25,task_aware_forgetting,919,0.010400000000000048
derpp,slowheat_replay_hidden_adaptive_beta_30_budget_0.25,task_aware_forgetting,1223,0.013749999999999984
derpp,slowheat_replay_hidden_adaptive_beta_30_budget_0.25,task_aware_forgetting,1523,0.02020000000000005
derpp,slowheat_replay_hidden_adaptive_beta_30_budget_0.25,task_aware_forgetting,1823,0.018250000000000044
derpp,slowheat_replay_hidden_adaptive_beta_30_budget_0.25,task_aware_forgetting,2129,0.012399999999999967
derpp,slowheat_replay_hidden_adaptive_beta_30_budget_0.25,task_aware_forgetting,2423,0.014050000000000007
derpp,slowheat_replay_hidden_adaptive_beta_30_budget_0.25,task_aware_forgetting,2729,0.01450000000000004
derpp,slowheat_replay_hidden_adaptive_beta_30_budget_0.25,task_aware_forgetting,3037,0.013850000000000029
derpp,slowheat_replay_hidden_adaptive_beta_30_budget_0.25,classifier_gap,311,0.0
derpp,slowheat_replay_hidden_adaptive_beta_30_budget_0.25,classifier_gap,617,0.0
derpp,slowheat_replay_hidden_adaptive_beta_30_budget_0.25,classifier_gap,919,0.0
derpp,slowheat_replay_hidden_adaptive_beta_30_budget_0.25,classifier_gap,1223,0.0
derpp,slowheat_replay_hidden_adaptive_beta_30_budget_0.25,classifier_gap,1523,0.0
derpp,slowheat_replay_hidden_adaptive_beta_30_budget_0.25,classifier_gap,1823,0.0
derpp,slowheat_replay_hidden_adaptive_beta_30_budget_0.25,classifier_gap,2129,0.0
derpp,slowheat_replay_hidden_adaptive_beta_30_budget_0.25,classifier_gap,2423,0.0
derpp,slowheat_replay_hidden_adaptive_beta_30_budget_0.25,classifier_gap,2729,0.0
derpp,slowheat_replay_hidden_adaptive_beta_30_budget_0.25,classifier_gap,3037,0.0
derpp,slowheat_replay_hidden_adaptive_beta_30_budget_0.25,elapsed_seconds,311,8.116992721013958
derpp,slowheat_replay_hidden_adaptive_beta_30_budget_0.25,elapsed_seconds,617,8.176370287023019
derpp,slowheat_replay_hidden_adaptive_beta_30_budget_0.25,elapsed_seconds,919,8.037945887976093
derpp,slowheat_replay_hidden_adaptive_beta_30_budget_0.25,elapsed_seconds,1223,6.974027028976707
derpp,slowheat_replay_hidden_adaptive_beta_30_budget_0.25,elapsed_seconds,1523,8.239453804970253
derpp,slowheat_replay_hidden_adaptive_beta_30_budget_0.25,elapsed_seconds,1823,7.252298033999978
derpp,slowheat_replay_hidden_adaptive_beta_30_budget_0.25,elapsed_seconds,2129,7.33617502800189
derpp,slowheat_replay_hidden_adaptive_beta_30_budget_0.25,elapsed_seconds,2423,7.860497491987189
derpp,slowheat_replay_hidden_adaptive_beta_30_budget_0.25,elapsed_seconds,2729,7.9066088879772
derpp,slowheat_replay_hidden_adaptive_beta_30_budget_0.25,elapsed_seconds,3037,7.541334210021887
derpp,slowheat_replay_hidden_adaptive_beta_30_budget_0.25,learner_examples_processed,311,0.0
derpp,slowheat_replay_hidden_adaptive_beta_30_budget_0.25,learner_examples_processed,617,0.0
derpp,slowheat_replay_hidden_adaptive_beta_30_budget_0.25,learner_examples_processed,919,0.0
derpp,slowheat_replay_hidden_adaptive_beta_30_budget_0.25,learner_examples_processed,1223,0.0
derpp,slowheat_replay_hidden_adaptive_beta_30_budget_0.25,learner_examples_processed,1523,0.0
derpp,slowheat_replay_hidden_adaptive_beta_30_budget_0.25,learner_examples_processed,1823,0.0
derpp,slowheat_replay_hidden_adaptive_beta_30_budget_0.25,learner_examples_processed,2129,0.0
derpp,slowheat_replay_hidden_adaptive_beta_30_budget_0.25,learner_examples_processed,2423,0.0
derpp,slowheat_replay_hidden_adaptive_beta_30_budget_0.25,learner_examples_processed,2729,0.0
derpp,slowheat_replay_hidden_adaptive_beta_30_budget_0.25,learner_examples_processed,3037,0.0
derpp,slowheat_replay_hidden_adaptive_beta_30_budget_0.25,total_model_examples_processed,311,0.0
derpp,slowheat_replay_hidden_adaptive_beta_30_budget_0.25,total_model_examples_processed,617,0.0
derpp,slowheat_replay_hidden_adaptive_beta_30_budget_0.25,total_model_examples_processed,919,0.0
derpp,slowheat_replay_hidden_adaptive_beta_30_budget_0.25,total_model_examples_processed,1223,0.0
derpp,slowheat_replay_hidden_adaptive_beta_30_budget_0.25,total_model_examples_processed,1523,0.0
derpp,slowheat_replay_hidden_adaptive_beta_30_budget_0.25,total_model_examples_processed,1823,0.0
derpp,slowheat_replay_hidden_adaptive_beta_30_budget_0.25,total_model_examples_processed,2129,0.0
derpp,slowheat_replay_hidden_adaptive_beta_30_budget_0.25,total_model_examples_processed,2423,0.0
derpp,slowheat_replay_hidden_adaptive_beta_30_budget_0.25,total_model_examples_processed,2729,0.0
derpp,slowheat_replay_hidden_adaptive_beta_30_budget_0.25,total_model_examples_processed,3037,0.0
derpp,slowheat_replay_hidden_adaptive_beta_30_budget_0.25,estimated_total_flops,311,4280847360.0
derpp,slowheat_replay_hidden_adaptive_beta_30_budget_0.25,estimated_total_flops,617,4280847360.0
derpp,slowheat_replay_hidden_adaptive_beta_30_budget_0.25,estimated_total_flops,919,4280847360.0
derpp,slowheat_replay_hidden_adaptive_beta_30_budget_0.25,estimated_total_flops,1223,4280847360.0
derpp,slowheat_replay_hidden_adaptive_beta_30_budget_0.25,estimated_total_flops,1523,4280847360.0
derpp,slowheat_replay_hidden_adaptive_beta_30_budget_0.25,estimated_total_flops,1823,4280847360.0
derpp,slowheat_replay_hidden_adaptive_beta_30_budget_0.25,estimated_total_flops,2129,4280847360.0
derpp,slowheat_replay_hidden_adaptive_beta_30_budget_0.25,estimated_total_flops,2423,4280847360.0
derpp,slowheat_replay_hidden_adaptive_beta_30_budget_0.25,estimated_total_flops,2729,4280847360.0
derpp,slowheat_replay_hidden_adaptive_beta_30_budget_0.25,estimated_total_flops,3037,4280847360.0
derpp,slowheat_replay_hidden_adaptive_beta_30_budget_0.25,estimated_overhead_flops,311,4280847360.0
derpp,slowheat_replay_hidden_adaptive_beta_30_budget_0.25,estimated_overhead_flops,617,4280847360.0
derpp,slowheat_replay_hidden_adaptive_beta_30_budget_0.25,estimated_overhead_flops,919,4280847360.0
derpp,slowheat_replay_hidden_adaptive_beta_30_budget_0.25,estimated_overhead_flops,1223,4280847360.0
derpp,slowheat_replay_hidden_adaptive_beta_30_budget_0.25,estimated_overhead_flops,1523,4280847360.0
derpp,slowheat_replay_hidden_adaptive_beta_30_budget_0.25,estimated_overhead_flops,1823,4280847360.0
derpp,slowheat_replay_hidden_adaptive_beta_30_budget_0.25,estimated_overhead_flops,2129,4280847360.0
derpp,slowheat_replay_hidden_adaptive_beta_30_budget_0.25,estimated_overhead_flops,2423,4280847360.0
derpp,slowheat_replay_hidden_adaptive_beta_30_budget_0.25,estimated_overhead_flops,2729,4280847360.0
derpp,slowheat_replay_hidden_adaptive_beta_30_budget_0.25,estimated_overhead_flops,3037,4280847360.0
derpp,slowheat_replay_hidden_adaptive_beta_30_budget_0.25,replay_memory_bytes,311,0.0
derpp,slowheat_replay_hidden_adaptive_beta_30_budget_0.25,replay_memory_bytes,617,0.0
derpp,slowheat_replay_hidden_adaptive_beta_30_budget_0.25,replay_memory_bytes,919,0.0
derpp,slowheat_replay_hidden_adaptive_beta_30_budget_0.25,replay_memory_bytes,1223,0.0
derpp,slowheat_replay_hidden_adaptive_beta_30_budget_0.25,replay_memory_bytes,1523,0.0
derpp,slowheat_replay_hidden_adaptive_beta_30_budget_0.25,replay_memory_bytes,1823,0.0
derpp,slowheat_replay_hidden_adaptive_beta_30_budget_0.25,replay_memory_bytes,2129,0.0
derpp,slowheat_replay_hidden_adaptive_beta_30_budget_0.25,replay_memory_bytes,2423,0.0
derpp,slowheat_replay_hidden_adaptive_beta_30_budget_0.25,replay_memory_bytes,2729,0.0
derpp,slowheat_replay_hidden_adaptive_beta_30_budget_0.25,replay_memory_bytes,3037,0.0
derpp,slowheat_replay_hidden_adaptive_beta_30_budget_0.25,stored_logits_bytes,311,-8000.0
derpp,slowheat_replay_hidden_adaptive_beta_30_budget_0.25,stored_logits_bytes,617,-8000.0
derpp,slowheat_replay_hidden_adaptive_beta_30_budget_0.25,stored_logits_bytes,919,-8000.0
derpp,slowheat_replay_hidden_adaptive_beta_30_budget_0.25,stored_logits_bytes,1223,-8000.0
derpp,slowheat_replay_hidden_adaptive_beta_30_budget_0.25,stored_logits_bytes,1523,-8000.0
derpp,slowheat_replay_hidden_adaptive_beta_30_budget_0.25,stored_logits_bytes,1823,-8000.0
derpp,slowheat_replay_hidden_adaptive_beta_30_budget_0.25,stored_logits_bytes,2129,-8000.0
derpp,slowheat_replay_hidden_adaptive_beta_30_budget_0.25,stored_logits_bytes,2423,-8000.0
derpp,slowheat_replay_hidden_adaptive_beta_30_budget_0.25,stored_logits_bytes,2729,-8000.0
derpp,slowheat_replay_hidden_adaptive_beta_30_budget_0.25,stored_logits_bytes,3037,-8000.0
derpp,slowheat_replay_partial_output_beta_30_budget_0.25,final_average_accuracy,311,-0.01440000000000008
derpp,slowheat_replay_partial_output_beta_30_budget_0.25,final_average_accuracy,617,-0.014079999999999981
derpp,slowheat_replay_partial_output_beta_30_budget_0.25,final_average_accuracy,919,-0.010479999999999934
derpp,slowheat_replay_partial_output_beta_30_budget_0.25,final_average_accuracy,1223,-0.014800000000000146
derpp,slowheat_replay_partial_output_beta_30_budget_0.25,final_average_accuracy,1523,-0.016799999999999926
derpp,slowheat_replay_partial_output_beta_30_budget_0.25,final_average_accuracy,1823,-0.013839999999999963
derpp,slowheat_replay_partial_output_beta_30_budget_0.25,final_average_accuracy,2129,-0.010440000000000227
derpp,slowheat_replay_partial_output_beta_30_budget_0.25,final_average_accuracy,2423,-0.012040000000000162
derpp,slowheat_replay_partial_output_beta_30_budget_0.25,final_average_accuracy,2729,-0.01203999999999994
derpp,slowheat_replay_partial_output_beta_30_budget_0.25,final_average_accuracy,3037,-0.01440000000000008
derpp,slowheat_replay_partial_output_beta_30_budget_0.25,average_forgetting,311,0.007950000000000013
derpp,slowheat_replay_partial_output_beta_30_budget_0.25,average_forgetting,617,0.013550000000000006
derpp,slowheat_replay_partial_output_beta_30_budget_0.25,average_forgetting,919,0.006900000000000017
derpp,slowheat_replay_partial_output_beta_30_budget_0.25,average_forgetting,1223,0.013399999999999995
derpp,slowheat_replay_partial_output_beta_30_budget_0.25,average_forgetting,1523,0.015700000000000075
derpp,slowheat_replay_partial_output_beta_30_budget_0.25,average_forgetting,1823,0.01585000000000003
derpp,slowheat_replay_partial_output_beta_30_budget_0.25,average_forgetting,2129,0.007849999999999996
derpp,slowheat_replay_partial_output_beta_30_budget_0.25,average_forgetting,2423,0.009500000000000036
derpp,slowheat_replay_partial_output_beta_30_budget_0.25,average_forgetting,2729,0.011300000000000032
derpp,slowheat_replay_partial_output_beta_30_budget_0.25,average_forgetting,3037,0.012100000000000055
derpp,slowheat_replay_partial_output_beta_30_budget_0.25,backward_transfer,311,-0.007950000000000013
derpp,slowheat_replay_partial_output_beta_30_budget_0.25,backward_transfer,617,-0.013550000000000006
derpp,slowheat_replay_partial_output_beta_30_budget_0.25,backward_transfer,919,-0.006900000000000017
derpp,slowheat_replay_partial_output_beta_30_budget_0.25,backward_transfer,1223,-0.013399999999999995
derpp,slowheat_replay_partial_output_beta_30_budget_0.25,backward_transfer,1523,-0.015400000000000053
derpp,slowheat_replay_partial_output_beta_30_budget_0.25,backward_transfer,1823,-0.01585000000000003
derpp,slowheat_replay_partial_output_beta_30_budget_0.25,backward_transfer,2129,-0.007849999999999996
derpp,slowheat_replay_partial_output_beta_30_budget_0.25,backward_transfer,2423,-0.009700000000000042
derpp,slowheat_replay_partial_output_beta_30_budget_0.25,backward_transfer,2729,-0.011300000000000032
derpp,slowheat_replay_partial_output_beta_30_budget_0.25,backward_transfer,3037,-0.011750000000000038
derpp,slowheat_replay_partial_output_beta_30_budget_0.25,forward_transfer,311,-0.005149999999999995
derpp,slowheat_replay_partial_output_beta_30_budget_0.25,forward_transfer,617,-0.0011000000000000038
derpp,slowheat_replay_partial_output_beta_30_budget_0.25,forward_transfer,919,0.003199999999999998
derpp,slowheat_replay_partial_output_beta_30_budget_0.25,forward_transfer,1223,-0.002650000000000003
derpp,slowheat_replay_partial_output_beta_30_budget_0.25,forward_transfer,1523,-0.010950000000000005
derpp,slowheat_replay_partial_output_beta_30_budget_0.25,forward_transfer,1823,-0.003300000000000001
derpp,slowheat_replay_partial_output_beta_30_budget_0.25,forward_transfer,2129,-0.0025500000000000037
derpp,slowheat_replay_partial_output_beta_30_budget_0.25,forward_transfer,2423,-0.0032000000000000015
derpp,slowheat_replay_partial_output_beta_30_budget_0.25,forward_transfer,2729,0.013100000000000007
derpp,slowheat_replay_partial_output_beta_30_budget_0.25,forward_transfer,3037,-0.007949999999999994
derpp,slowheat_replay_partial_output_beta_30_budget_0.25,task_aware_final_accuracy,311,-0.01440000000000008
derpp,slowheat_replay_partial_output_beta_30_budget_0.25,task_aware_final_accuracy,617,-0.014079999999999981
derpp,slowheat_replay_partial_output_beta_30_budget_0.25,task_aware_final_accuracy,919,-0.010479999999999934
derpp,slowheat_replay_partial_output_beta_30_budget_0.25,task_aware_final_accuracy,1223,-0.014800000000000146
derpp,slowheat_replay_partial_output_beta_30_budget_0.25,task_aware_final_accuracy,1523,-0.016799999999999926
derpp,slowheat_replay_partial_output_beta_30_budget_0.25,task_aware_final_accuracy,1823,-0.013839999999999963
derpp,slowheat_replay_partial_output_beta_30_budget_0.25,task_aware_final_accuracy,2129,-0.010440000000000227
derpp,slowheat_replay_partial_output_beta_30_budget_0.25,task_aware_final_accuracy,2423,-0.012040000000000162
derpp,slowheat_replay_partial_output_beta_30_budget_0.25,task_aware_final_accuracy,2729,-0.01203999999999994
derpp,slowheat_replay_partial_output_beta_30_budget_0.25,task_aware_final_accuracy,3037,-0.01440000000000008
derpp,slowheat_replay_partial_output_beta_30_budget_0.25,task_aware_forgetting,311,0.007950000000000013
derpp,slowheat_replay_partial_output_beta_30_budget_0.25,task_aware_forgetting,617,0.013550000000000006
derpp,slowheat_replay_partial_output_beta_30_budget_0.25,task_aware_forgetting,919,0.006900000000000017
derpp,slowheat_replay_partial_output_beta_30_budget_0.25,task_aware_forgetting,1223,0.013399999999999995
derpp,slowheat_replay_partial_output_beta_30_budget_0.25,task_aware_forgetting,1523,0.015700000000000075
derpp,slowheat_replay_partial_output_beta_30_budget_0.25,task_aware_forgetting,1823,0.01585000000000003
derpp,slowheat_replay_partial_output_beta_30_budget_0.25,task_aware_forgetting,2129,0.007849999999999996
derpp,slowheat_replay_partial_output_beta_30_budget_0.25,task_aware_forgetting,2423,0.009500000000000036
derpp,slowheat_replay_partial_output_beta_30_budget_0.25,task_aware_forgetting,2729,0.011300000000000032
derpp,slowheat_replay_partial_output_beta_30_budget_0.25,task_aware_forgetting,3037,0.012100000000000055
derpp,slowheat_replay_partial_output_beta_30_budget_0.25,classifier_gap,311,0.0
derpp,slowheat_replay_partial_output_beta_30_budget_0.25,classifier_gap,617,0.0
derpp,slowheat_replay_partial_output_beta_30_budget_0.25,classifier_gap,919,0.0
derpp,slowheat_replay_partial_output_beta_30_budget_0.25,classifier_gap,1223,0.0
derpp,slowheat_replay_partial_output_beta_30_budget_0.25,classifier_gap,1523,0.0
derpp,slowheat_replay_partial_output_beta_30_budget_0.25,classifier_gap,1823,0.0
derpp,slowheat_replay_partial_output_beta_30_budget_0.25,classifier_gap,2129,0.0
derpp,slowheat_replay_partial_output_beta_30_budget_0.25,classifier_gap,2423,0.0
derpp,slowheat_replay_partial_output_beta_30_budget_0.25,classifier_gap,2729,0.0
derpp,slowheat_replay_partial_output_beta_30_budget_0.25,classifier_gap,3037,0.0
derpp,slowheat_replay_partial_output_beta_30_budget_0.25,elapsed_seconds,311,11.297087841987377
derpp,slowheat_replay_partial_output_beta_30_budget_0.25,elapsed_seconds,617,11.701811942999484
derpp,slowheat_replay_partial_output_beta_30_budget_0.25,elapsed_seconds,919,11.749728663009591
derpp,slowheat_replay_partial_output_beta_30_budget_0.25,elapsed_seconds,1223,10.672708008991322
derpp,slowheat_replay_partial_output_beta_30_budget_0.25,elapsed_seconds,1523,11.580378229962662
derpp,slowheat_replay_partial_output_beta_30_budget_0.25,elapsed_seconds,1823,10.656614297011402
derpp,slowheat_replay_partial_output_beta_30_budget_0.25,elapsed_seconds,2129,10.619225401023868
derpp,slowheat_replay_partial_output_beta_30_budget_0.25,elapsed_seconds,2423,11.21592902901466
derpp,slowheat_replay_partial_output_beta_30_budget_0.25,elapsed_seconds,2729,11.260414103016956
derpp,slowheat_replay_partial_output_beta_30_budget_0.25,elapsed_seconds,3037,11.138745284028118
derpp,slowheat_replay_partial_output_beta_30_budget_0.25,learner_examples_processed,311,0.0
derpp,slowheat_replay_partial_output_beta_30_budget_0.25,learner_examples_processed,617,0.0
derpp,slowheat_replay_partial_output_beta_30_budget_0.25,learner_examples_processed,919,0.0
derpp,slowheat_replay_partial_output_beta_30_budget_0.25,learner_examples_processed,1223,0.0
derpp,slowheat_replay_partial_output_beta_30_budget_0.25,learner_examples_processed,1523,0.0
derpp,slowheat_replay_partial_output_beta_30_budget_0.25,learner_examples_processed,1823,0.0
derpp,slowheat_replay_partial_output_beta_30_budget_0.25,learner_examples_processed,2129,0.0
derpp,slowheat_replay_partial_output_beta_30_budget_0.25,learner_examples_processed,2423,0.0
derpp,slowheat_replay_partial_output_beta_30_budget_0.25,learner_examples_processed,2729,0.0
derpp,slowheat_replay_partial_output_beta_30_budget_0.25,learner_examples_processed,3037,0.0
derpp,slowheat_replay_partial_output_beta_30_budget_0.25,total_model_examples_processed,311,0.0
derpp,slowheat_replay_partial_output_beta_30_budget_0.25,total_model_examples_processed,617,0.0
derpp,slowheat_replay_partial_output_beta_30_budget_0.25,total_model_examples_processed,919,0.0
derpp,slowheat_replay_partial_output_beta_30_budget_0.25,total_model_examples_processed,1223,0.0
derpp,slowheat_replay_partial_output_beta_30_budget_0.25,total_model_examples_processed,1523,0.0
derpp,slowheat_replay_partial_output_beta_30_budget_0.25,total_model_examples_processed,1823,0.0
derpp,slowheat_replay_partial_output_beta_30_budget_0.25,total_model_examples_processed,2129,0.0
derpp,slowheat_replay_partial_output_beta_30_budget_0.25,total_model_examples_processed,2423,0.0
derpp,slowheat_replay_partial_output_beta_30_budget_0.25,total_model_examples_processed,2729,0.0
derpp,slowheat_replay_partial_output_beta_30_budget_0.25,total_model_examples_processed,3037,0.0
derpp,slowheat_replay_partial_output_beta_30_budget_0.25,estimated_total_flops,311,4319312660.0
derpp,slowheat_replay_partial_output_beta_30_budget_0.25,estimated_total_flops,617,4319312660.0
derpp,slowheat_replay_partial_output_beta_30_budget_0.25,estimated_total_flops,919,4319312660.0
derpp,slowheat_replay_partial_output_beta_30_budget_0.25,estimated_total_flops,1223,4319312660.0
derpp,slowheat_replay_partial_output_beta_30_budget_0.25,estimated_total_flops,1523,4319312660.0
derpp,slowheat_replay_partial_output_beta_30_budget_0.25,estimated_total_flops,1823,4319312660.0
derpp,slowheat_replay_partial_output_beta_30_budget_0.25,estimated_total_flops,2129,4319312660.0
derpp,slowheat_replay_partial_output_beta_30_budget_0.25,estimated_total_flops,2423,4319312660.0
derpp,slowheat_replay_partial_output_beta_30_budget_0.25,estimated_total_flops,2729,4319312660.0
derpp,slowheat_replay_partial_output_beta_30_budget_0.25,estimated_total_flops,3037,4319312660.0
derpp,slowheat_replay_partial_output_beta_30_budget_0.25,estimated_overhead_flops,311,4319312660.0
derpp,slowheat_replay_partial_output_beta_30_budget_0.25,estimated_overhead_flops,617,4319312660.0
derpp,slowheat_replay_partial_output_beta_30_budget_0.25,estimated_overhead_flops,919,4319312660.0
derpp,slowheat_replay_partial_output_beta_30_budget_0.25,estimated_overhead_flops,1223,4319312660.0
derpp,slowheat_replay_partial_output_beta_30_budget_0.25,estimated_overhead_flops,1523,4319312660.0
derpp,slowheat_replay_partial_output_beta_30_budget_0.25,estimated_overhead_flops,1823,4319312660.0
derpp,slowheat_replay_partial_output_beta_30_budget_0.25,estimated_overhead_flops,2129,4319312660.0
derpp,slowheat_replay_partial_output_beta_30_budget_0.25,estimated_overhead_flops,2423,4319312660.0
derpp,slowheat_replay_partial_output_beta_30_budget_0.25,estimated_overhead_flops,2729,4319312660.0
derpp,slowheat_replay_partial_output_beta_30_budget_0.25,estimated_overhead_flops,3037,4319312660.0
derpp,slowheat_replay_partial_output_beta_30_budget_0.25,replay_memory_bytes,311,0.0
derpp,slowheat_replay_partial_output_beta_30_budget_0.25,replay_memory_bytes,617,0.0
derpp,slowheat_replay_partial_output_beta_30_budget_0.25,replay_memory_bytes,919,0.0
derpp,slowheat_replay_partial_output_beta_30_budget_0.25,replay_memory_bytes,1223,0.0
derpp,slowheat_replay_partial_output_beta_30_budget_0.25,replay_memory_bytes,1523,0.0
derpp,slowheat_replay_partial_output_beta_30_budget_0.25,replay_memory_bytes,1823,0.0
derpp,slowheat_replay_partial_output_beta_30_budget_0.25,replay_memory_bytes,2129,0.0
derpp,slowheat_replay_partial_output_beta_30_budget_0.25,replay_memory_bytes,2423,0.0
derpp,slowheat_replay_partial_output_beta_30_budget_0.25,replay_memory_bytes,2729,0.0
derpp,slowheat_replay_partial_output_beta_30_budget_0.25,replay_memory_bytes,3037,0.0
derpp,slowheat_replay_partial_output_beta_30_budget_0.25,stored_logits_bytes,311,-8000.0
derpp,slowheat_replay_partial_output_beta_30_budget_0.25,stored_logits_bytes,617,-8000.0
derpp,slowheat_replay_partial_output_beta_30_budget_0.25,stored_logits_bytes,919,-8000.0
derpp,slowheat_replay_partial_output_beta_30_budget_0.25,stored_logits_bytes,1223,-8000.0
derpp,slowheat_replay_partial_output_beta_30_budget_0.25,stored_logits_bytes,1523,-8000.0
derpp,slowheat_replay_partial_output_beta_30_budget_0.25,stored_logits_bytes,1823,-8000.0
derpp,slowheat_replay_partial_output_beta_30_budget_0.25,stored_logits_bytes,2129,-8000.0
derpp,slowheat_replay_partial_output_beta_30_budget_0.25,stored_logits_bytes,2423,-8000.0
derpp,slowheat_replay_partial_output_beta_30_budget_0.25,stored_logits_bytes,2729,-8000.0
derpp,slowheat_replay_partial_output_beta_30_budget_0.25,stored_logits_bytes,3037,-8000.0
derpp,slowheat_replay_hidden_beta_30_budget_0.25_calibrated,final_average_accuracy,311,-0.013839999999999963
derpp,slowheat_replay_hidden_beta_30_budget_0.25_calibrated,final_average_accuracy,617,-0.02047999999999983
derpp,slowheat_replay_hidden_beta_30_budget_0.25_calibrated,final_average_accuracy,919,-0.012720000000000065
derpp,slowheat_replay_hidden_beta_30_budget_0.25_calibrated,final_average_accuracy,1223,-0.01639999999999997
derpp,slowheat_replay_hidden_beta_30_budget_0.25_calibrated,final_average_accuracy,1523,-0.02183999999999997
derpp,slowheat_replay_hidden_beta_30_budget_0.25_calibrated,final_average_accuracy,1823,-0.017039999999999944
derpp,slowheat_replay_hidden_beta_30_budget_0.25_calibrated,final_average_accuracy,2129,-0.015840000000000187
derpp,slowheat_replay_hidden_beta_30_budget_0.25_calibrated,final_average_accuracy,2423,-0.01656000000000013
derpp,slowheat_replay_hidden_beta_30_budget_0.25_calibrated,final_average_accuracy,2729,-0.015879999999999894
derpp,slowheat_replay_hidden_beta_30_budget_0.25_calibrated,final_average_accuracy,3037,-0.01544000000000012
derpp,slowheat_replay_hidden_beta_30_budget_0.25_calibrated,average_forgetting,311,0.010550000000000004
derpp,slowheat_replay_hidden_beta_30_budget_0.25_calibrated,average_forgetting,617,0.020950000000000024
derpp,slowheat_replay_hidden_beta_30_budget_0.25_calibrated,average_forgetting,919,0.010250000000000037
derpp,slowheat_replay_hidden_beta_30_budget_0.25_calibrated,average_forgetting,1223,0.01589999999999997
derpp,slowheat_replay_hidden_beta_30_budget_0.25_calibrated,average_forgetting,1523,0.022500000000000075
derpp,slowheat_replay_hidden_beta_30_budget_0.25_calibrated,average_forgetting,1823,0.02040000000000003
derpp,slowheat_replay_hidden_beta_30_budget_0.25_calibrated,average_forgetting,2129,0.015199999999999991
derpp,slowheat_replay_hidden_beta_30_budget_0.25_calibrated,average_forgetting,2423,0.01404999999999998
derpp,slowheat_replay_hidden_beta_30_budget_0.25_calibrated,average_forgetting,2729,0.016400000000000053
derpp,slowheat_replay_hidden_beta_30_budget_0.25_calibrated,average_forgetting,3037,0.015250000000000014
derpp,slowheat_replay_hidden_beta_30_budget_0.25_calibrated,backward_transfer,311,-0.010550000000000004
derpp,slowheat_replay_hidden_beta_30_budget_0.25_calibrated,backward_transfer,617,-0.020950000000000024
derpp,slowheat_replay_hidden_beta_30_budget_0.25_calibrated,backward_transfer,919,-0.010250000000000037
derpp,slowheat_replay_hidden_beta_30_budget_0.25_calibrated,backward_transfer,1223,-0.01589999999999997
derpp,slowheat_replay_hidden_beta_30_budget_0.25_calibrated,backward_transfer,1523,-0.022500000000000075
derpp,slowheat_replay_hidden_beta_30_budget_0.25_calibrated,backward_transfer,1823,-0.02040000000000003
derpp,slowheat_replay_hidden_beta_30_budget_0.25_calibrated,backward_transfer,2129,-0.015199999999999991
derpp,slowheat_replay_hidden_beta_30_budget_0.25_calibrated,backward_transfer,2423,-0.014249999999999985
derpp,slowheat_replay_hidden_beta_30_budget_0.25_calibrated,backward_transfer,2729,-0.016400000000000053
derpp,slowheat_replay_hidden_beta_30_budget_0.25_calibrated,backward_transfer,3037,-0.01460000000000003
derpp,slowheat_replay_hidden_beta_30_budget_0.25_calibrated,forward_transfer,311,0.003700000000000002
derpp,slowheat_replay_hidden_beta_30_budget_0.25_calibrated,forward_transfer,617,-0.006150000000000003
derpp,slowheat_replay_hidden_beta_30_budget_0.25_calibrated,forward_transfer,919,0.005800000000000003
derpp,slowheat_replay_hidden_beta_30_budget_0.25_calibrated,forward_transfer,1223,0.0040999999999999925
derpp,slowheat_replay_hidden_beta_30_budget_0.25_calibrated,forward_transfer,1523,-0.005300000000000003
derpp,slowheat_replay_hidden_beta_30_budget_0.25_calibrated,forward_transfer,1823,-0.0017000000000000001
derpp,slowheat_replay_hidden_beta_30_budget_0.25_calibrated,forward_transfer,2129,-0.005950000000000004
derpp,slowheat_replay_hidden_beta_30_budget_0.25_calibrated,forward_transfer,2423,-0.0041499999999999974
derpp,slowheat_replay_hidden_beta_30_budget_0.25_calibrated,forward_transfer,2729,0.013350000000000008
derpp,slowheat_replay_hidden_beta_30_budget_0.25_calibrated,forward_transfer,3037,-0.004349999999999993
derpp,slowheat_replay_hidden_beta_30_budget_0.25_calibrated,task_aware_final_accuracy,311,-0.013839999999999963
derpp,slowheat_replay_hidden_beta_30_budget_0.25_calibrated,task_aware_final_accuracy,617,-0.02047999999999983
derpp,slowheat_replay_hidden_beta_30_budget_0.25_calibrated,task_aware_final_accuracy,919,-0.012720000000000065
derpp,slowheat_replay_hidden_beta_30_budget_0.25_calibrated,task_aware_final_accuracy,1223,-0.01639999999999997
derpp,slowheat_replay_hidden_beta_30_budget_0.25_calibrated,task_aware_final_accuracy,1523,-0.02183999999999997
derpp,slowheat_replay_hidden_beta_30_budget_0.25_calibrated,task_aware_final_accuracy,1823,-0.017039999999999944
derpp,slowheat_replay_hidden_beta_30_budget_0.25_calibrated,task_aware_final_accuracy,2129,-0.015840000000000187
derpp,slowheat_replay_hidden_beta_30_budget_0.25_calibrated,task_aware_final_accuracy,2423,-0.01656000000000013
derpp,slowheat_replay_hidden_beta_30_budget_0.25_calibrated,task_aware_final_accuracy,2729,-0.015879999999999894
derpp,slowheat_replay_hidden_beta_30_budget_0.25_calibrated,task_aware_final_accuracy,3037,-0.01544000000000012
derpp,slowheat_replay_hidden_beta_30_budget_0.25_calibrated,task_aware_forgetting,311,0.010550000000000004
derpp,slowheat_replay_hidden_beta_30_budget_0.25_calibrated,task_aware_forgetting,617,0.020950000000000024
derpp,slowheat_replay_hidden_beta_30_budget_0.25_calibrated,task_aware_forgetting,919,0.010250000000000037
derpp,slowheat_replay_hidden_beta_30_budget_0.25_calibrated,task_aware_forgetting,1223,0.01589999999999997
derpp,slowheat_replay_hidden_beta_30_budget_0.25_calibrated,task_aware_forgetting,1523,0.022500000000000075
derpp,slowheat_replay_hidden_beta_30_budget_0.25_calibrated,task_aware_forgetting,1823,0.02040000000000003
derpp,slowheat_replay_hidden_beta_30_budget_0.25_calibrated,task_aware_forgetting,2129,0.015199999999999991
derpp,slowheat_replay_hidden_beta_30_budget_0.25_calibrated,task_aware_forgetting,2423,0.01404999999999998
derpp,slowheat_replay_hidden_beta_30_budget_0.25_calibrated,task_aware_forgetting,2729,0.016400000000000053
derpp,slowheat_replay_hidden_beta_30_budget_0.25_calibrated,task_aware_forgetting,3037,0.015250000000000014
derpp,slowheat_replay_hidden_beta_30_budget_0.25_calibrated,classifier_gap,311,0.0
derpp,slowheat_replay_hidden_beta_30_budget_0.25_calibrated,classifier_gap,617,0.0
derpp,slowheat_replay_hidden_beta_30_budget_0.25_calibrated,classifier_gap,919,0.0
derpp,slowheat_replay_hidden_beta_30_budget_0.25_calibrated,classifier_gap,1223,0.0
derpp,slowheat_replay_hidden_beta_30_budget_0.25_calibrated,classifier_gap,1523,0.0
derpp,slowheat_replay_hidden_beta_30_budget_0.25_calibrated,classifier_gap,1823,0.0
derpp,slowheat_replay_hidden_beta_30_budget_0.25_calibrated,classifier_gap,2129,0.0
derpp,slowheat_replay_hidden_beta_30_budget_0.25_calibrated,classifier_gap,2423,0.0
derpp,slowheat_replay_hidden_beta_30_budget_0.25_calibrated,classifier_gap,2729,0.0
derpp,slowheat_replay_hidden_beta_30_budget_0.25_calibrated,classifier_gap,3037,0.0
derpp,slowheat_replay_hidden_beta_30_budget_0.25_calibrated,elapsed_seconds,311,8.152592680009548
derpp,slowheat_replay_hidden_beta_30_budget_0.25_calibrated,elapsed_seconds,617,8.367954767018091
derpp,slowheat_replay_hidden_beta_30_budget_0.25_calibrated,elapsed_seconds,919,8.390146457008086
derpp,slowheat_replay_hidden_beta_30_budget_0.25_calibrated,elapsed_seconds,1223,7.20901491199038
derpp,slowheat_replay_hidden_beta_30_budget_0.25_calibrated,elapsed_seconds,1523,8.314108208986
derpp,slowheat_replay_hidden_beta_30_budget_0.25_calibrated,elapsed_seconds,1823,7.294501741009299
derpp,slowheat_replay_hidden_beta_30_budget_0.25_calibrated,elapsed_seconds,2129,7.025451760011492
derpp,slowheat_replay_hidden_beta_30_budget_0.25_calibrated,elapsed_seconds,2423,7.850993094994919
derpp,slowheat_replay_hidden_beta_30_budget_0.25_calibrated,elapsed_seconds,2729,7.861689062003279
derpp,slowheat_replay_hidden_beta_30_budget_0.25_calibrated,elapsed_seconds,3037,7.600258083024528
derpp,slowheat_replay_hidden_beta_30_budget_0.25_calibrated,learner_examples_processed,311,0.0
derpp,slowheat_replay_hidden_beta_30_budget_0.25_calibrated,learner_examples_processed,617,0.0
derpp,slowheat_replay_hidden_beta_30_budget_0.25_calibrated,learner_examples_processed,919,0.0
derpp,slowheat_replay_hidden_beta_30_budget_0.25_calibrated,learner_examples_processed,1223,0.0
derpp,slowheat_replay_hidden_beta_30_budget_0.25_calibrated,learner_examples_processed,1523,0.0
derpp,slowheat_replay_hidden_beta_30_budget_0.25_calibrated,learner_examples_processed,1823,0.0
derpp,slowheat_replay_hidden_beta_30_budget_0.25_calibrated,learner_examples_processed,2129,0.0
derpp,slowheat_replay_hidden_beta_30_budget_0.25_calibrated,learner_examples_processed,2423,0.0
derpp,slowheat_replay_hidden_beta_30_budget_0.25_calibrated,learner_examples_processed,2729,0.0
derpp,slowheat_replay_hidden_beta_30_budget_0.25_calibrated,learner_examples_processed,3037,0.0
derpp,slowheat_replay_hidden_beta_30_budget_0.25_calibrated,total_model_examples_processed,311,0.0
derpp,slowheat_replay_hidden_beta_30_budget_0.25_calibrated,total_model_examples_processed,617,0.0
derpp,slowheat_replay_hidden_beta_30_budget_0.25_calibrated,total_model_examples_processed,919,0.0
derpp,slowheat_replay_hidden_beta_30_budget_0.25_calibrated,total_model_examples_processed,1223,0.0
derpp,slowheat_replay_hidden_beta_30_budget_0.25_calibrated,total_model_examples_processed,1523,0.0
derpp,slowheat_replay_hidden_beta_30_budget_0.25_calibrated,total_model_examples_processed,1823,0.0
derpp,slowheat_replay_hidden_beta_30_budget_0.25_calibrated,total_model_examples_processed,2129,0.0
derpp,slowheat_replay_hidden_beta_30_budget_0.25_calibrated,total_model_examples_processed,2423,0.0
derpp,slowheat_replay_hidden_beta_30_budget_0.25_calibrated,total_model_examples_processed,2729,0.0
derpp,slowheat_replay_hidden_beta_30_budget_0.25_calibrated,total_model_examples_processed,3037,0.0
derpp,slowheat_replay_hidden_beta_30_budget_0.25_calibrated,estimated_total_flops,311,4280847360.0
derpp,slowheat_replay_hidden_beta_30_budget_0.25_calibrated,estimated_total_flops,617,4280847360.0
derpp,slowheat_replay_hidden_beta_30_budget_0.25_calibrated,estimated_total_flops,919,4280847360.0
derpp,slowheat_replay_hidden_beta_30_budget_0.25_calibrated,estimated_total_flops,1223,4280847360.0
derpp,slowheat_replay_hidden_beta_30_budget_0.25_calibrated,estimated_total_flops,1523,4280847360.0
derpp,slowheat_replay_hidden_beta_30_budget_0.25_calibrated,estimated_total_flops,1823,4280847360.0
derpp,slowheat_replay_hidden_beta_30_budget_0.25_calibrated,estimated_total_flops,2129,4280847360.0
derpp,slowheat_replay_hidden_beta_30_budget_0.25_calibrated,estimated_total_flops,2423,4280847360.0
derpp,slowheat_replay_hidden_beta_30_budget_0.25_calibrated,estimated_total_flops,2729,4280847360.0
derpp,slowheat_replay_hidden_beta_30_budget_0.25_calibrated,estimated_total_flops,3037,4280847360.0
derpp,slowheat_replay_hidden_beta_30_budget_0.25_calibrated,estimated_overhead_flops,311,4280847360.0
derpp,slowheat_replay_hidden_beta_30_budget_0.25_calibrated,estimated_overhead_flops,617,4280847360.0
derpp,slowheat_replay_hidden_beta_30_budget_0.25_calibrated,estimated_overhead_flops,919,4280847360.0
derpp,slowheat_replay_hidden_beta_30_budget_0.25_calibrated,estimated_overhead_flops,1223,4280847360.0
derpp,slowheat_replay_hidden_beta_30_budget_0.25_calibrated,estimated_overhead_flops,1523,4280847360.0
derpp,slowheat_replay_hidden_beta_30_budget_0.25_calibrated,estimated_overhead_flops,1823,4280847360.0
derpp,slowheat_replay_hidden_beta_30_budget_0.25_calibrated,estimated_overhead_flops,2129,4280847360.0
derpp,slowheat_replay_hidden_beta_30_budget_0.25_calibrated,estimated_overhead_flops,2423,4280847360.0
derpp,slowheat_replay_hidden_beta_30_budget_0.25_calibrated,estimated_overhead_flops,2729,4280847360.0
derpp,slowheat_replay_hidden_beta_30_budget_0.25_calibrated,estimated_overhead_flops,3037,4280847360.0
derpp,slowheat_replay_hidden_beta_30_budget_0.25_calibrated,replay_memory_bytes,311,0.0
derpp,slowheat_replay_hidden_beta_30_budget_0.25_calibrated,replay_memory_bytes,617,0.0
derpp,slowheat_replay_hidden_beta_30_budget_0.25_calibrated,replay_memory_bytes,919,0.0
derpp,slowheat_replay_hidden_beta_30_budget_0.25_calibrated,replay_memory_bytes,1223,0.0
derpp,slowheat_replay_hidden_beta_30_budget_0.25_calibrated,replay_memory_bytes,1523,0.0
derpp,slowheat_replay_hidden_beta_30_budget_0.25_calibrated,replay_memory_bytes,1823,0.0
derpp,slowheat_replay_hidden_beta_30_budget_0.25_calibrated,replay_memory_bytes,2129,0.0
derpp,slowheat_replay_hidden_beta_30_budget_0.25_calibrated,replay_memory_bytes,2423,0.0
derpp,slowheat_replay_hidden_beta_30_budget_0.25_calibrated,replay_memory_bytes,2729,0.0
derpp,slowheat_replay_hidden_beta_30_budget_0.25_calibrated,replay_memory_bytes,3037,0.0
derpp,slowheat_replay_hidden_beta_30_budget_0.25_calibrated,stored_logits_bytes,311,-8000.0
derpp,slowheat_replay_hidden_beta_30_budget_0.25_calibrated,stored_logits_bytes,617,-8000.0
derpp,slowheat_replay_hidden_beta_30_budget_0.25_calibrated,stored_logits_bytes,919,-8000.0
derpp,slowheat_replay_hidden_beta_30_budget_0.25_calibrated,stored_logits_bytes,1223,-8000.0
derpp,slowheat_replay_hidden_beta_30_budget_0.25_calibrated,stored_logits_bytes,1523,-8000.0
derpp,slowheat_replay_hidden_beta_30_budget_0.25_calibrated,stored_logits_bytes,1823,-8000.0
derpp,slowheat_replay_hidden_beta_30_budget_0.25_calibrated,stored_logits_bytes,2129,-8000.0
derpp,slowheat_replay_hidden_beta_30_budget_0.25_calibrated,stored_logits_bytes,2423,-8000.0
derpp,slowheat_replay_hidden_beta_30_budget_0.25_calibrated,stored_logits_bytes,2729,-8000.0
derpp,slowheat_replay_hidden_beta_30_budget_0.25_calibrated,stored_logits_bytes,3037,-8000.0
