reference,method,metric,seed,difference
vanilla,slowheat_none,final_average_accuracy,2101606466,0.005900000000000016
vanilla,slowheat_none,final_average_accuracy,1872839281,-0.00360000000000002
vanilla,slowheat_none,final_average_accuracy,637029796,0.0010000000000000009
vanilla,slowheat_none,final_average_accuracy,1357204345,0.0020999999999999908
vanilla,slowheat_none,final_average_accuracy,1758462037,-0.0023000000000000242
vanilla,slowheat_none,final_average_accuracy,748737880,0.003799999999999998
vanilla,slowheat_none,final_average_accuracy,1611510062,9.999999999998899e-05
vanilla,slowheat_none,final_average_accuracy,333205446,0.001799999999999996
vanilla,slowheat_none,final_average_accuracy,130501536,0.00010000000000001674
vanilla,slowheat_none,final_average_accuracy,492612040,-0.0012000000000000066
vanilla,slowheat_none,average_forgetting,2101606466,0.0008749999999999591
vanilla,slowheat_none,average_forgetting,1872839281,0.0022499999999999742
vanilla,slowheat_none,average_forgetting,637029796,0.0025000000000001688
vanilla,slowheat_none,average_forgetting,1357204345,0.0007499999999999174
vanilla,slowheat_none,average_forgetting,1758462037,0.0007500000000000284
vanilla,slowheat_none,average_forgetting,748737880,0.0010000000000000009
vanilla,slowheat_none,average_forgetting,1611510062,-0.0007500000000000284
vanilla,slowheat_none,average_forgetting,333205446,0.0003750000000000142
vanilla,slowheat_none,average_forgetting,130501536,-0.0016249999999999876
vanilla,slowheat_none,average_forgetting,492612040,-0.0008750000000000702
vanilla,slowheat_none,backward_transfer,2101606466,-0.0008749999999999591
vanilla,slowheat_none,backward_transfer,1872839281,-0.0022499999999999742
vanilla,slowheat_none,backward_transfer,637029796,-0.0025000000000001688
vanilla,slowheat_none,backward_transfer,1357204345,-0.0007499999999999174
vanilla,slowheat_none,backward_transfer,1758462037,-0.0007500000000000284
vanilla,slowheat_none,backward_transfer,748737880,-0.0010000000000000009
vanilla,slowheat_none,backward_transfer,1611510062,0.0007500000000000284
vanilla,slowheat_none,backward_transfer,333205446,-0.0003750000000000142
vanilla,slowheat_none,backward_transfer,130501536,0.0016249999999999876
vanilla,slowheat_none,backward_transfer,492612040,0.0008750000000000702
vanilla,slowheat_none,forward_transfer,2101606466,-0.000125000000000014
vanilla,slowheat_none,forward_transfer,1872839281,-0.0010000000000000009
vanilla,slowheat_none,forward_transfer,637029796,-0.003375000000000003
vanilla,slowheat_none,forward_transfer,1357204345,0.000125000000000014
vanilla,slowheat_none,forward_transfer,1758462037,-0.000125000000000014
vanilla,slowheat_none,forward_transfer,748737880,-0.0016250000000000153
vanilla,slowheat_none,forward_transfer,1611510062,-0.000125000000000014
vanilla,slowheat_none,forward_transfer,333205446,-0.0002500000000000002
vanilla,slowheat_none,forward_transfer,130501536,0.0
vanilla,slowheat_none,forward_transfer,492612040,0.0
vanilla,slowheat_none,task_aware_final_accuracy,2101606466,0.026499999999999968
vanilla,slowheat_none,task_aware_final_accuracy,1872839281,0.016599999999999948
vanilla,slowheat_none,task_aware_final_accuracy,637029796,0.04059999999999997
vanilla,slowheat_none,task_aware_final_accuracy,1357204345,-0.05930000000000002
vanilla,slowheat_none,task_aware_final_accuracy,1758462037,0.012199999999999989
vanilla,slowheat_none,task_aware_final_accuracy,748737880,-0.016899999999999915
vanilla,slowheat_none,task_aware_final_accuracy,1611510062,0.02310000000000012
vanilla,slowheat_none,task_aware_final_accuracy,333205446,0.042199999999999904
vanilla,slowheat_none,task_aware_final_accuracy,130501536,0.04899999999999993
vanilla,slowheat_none,task_aware_final_accuracy,492612040,-0.005099999999999993
vanilla,slowheat_none,task_aware_forgetting,2101606466,-0.02487499999999998
vanilla,slowheat_none,task_aware_forgetting,1872839281,-0.022999999999999965
vanilla,slowheat_none,task_aware_forgetting,637029796,-0.04699999999999993
vanilla,slowheat_none,task_aware_forgetting,1357204345,0.07749999999999996
vanilla,slowheat_none,task_aware_forgetting,1758462037,-0.017374999999999974
vanilla,slowheat_none,task_aware_forgetting,748737880,0.026874999999999982
vanilla,slowheat_none,task_aware_forgetting,1611510062,-0.02950000000000008
vanilla,slowheat_none,task_aware_forgetting,333205446,-0.050124999999999975
vanilla,slowheat_none,task_aware_forgetting,130501536,-0.06275000000000008
vanilla,slowheat_none,task_aware_forgetting,492612040,0.003999999999999948
vanilla,slowheat_none,classifier_gap,2101606466,0.02059999999999995
vanilla,slowheat_none,classifier_gap,1872839281,0.02019999999999994
vanilla,slowheat_none,classifier_gap,637029796,0.03959999999999997
vanilla,slowheat_none,classifier_gap,1357204345,-0.06140000000000001
vanilla,slowheat_none,classifier_gap,1758462037,0.014500000000000013
vanilla,slowheat_none,classifier_gap,748737880,-0.020699999999999885
vanilla,slowheat_none,classifier_gap,1611510062,0.02300000000000013
vanilla,slowheat_none,classifier_gap,333205446,0.040399999999999936
vanilla,slowheat_none,classifier_gap,130501536,0.04889999999999989
vanilla,slowheat_none,classifier_gap,492612040,-0.003899999999999959
vanilla,slowheat_none,elapsed_seconds,2101606466,4.9806989839999005
vanilla,slowheat_none,elapsed_seconds,1872839281,4.859109968005214
vanilla,slowheat_none,elapsed_seconds,637029796,4.9285524529987015
vanilla,slowheat_none,elapsed_seconds,1357204345,4.803594292025082
vanilla,slowheat_none,elapsed_seconds,1758462037,4.9900414340081625
vanilla,slowheat_none,elapsed_seconds,748737880,4.741015426989179
vanilla,slowheat_none,elapsed_seconds,1611510062,5.042870803037658
vanilla,slowheat_none,elapsed_seconds,333205446,4.343348508991767
vanilla,slowheat_none,elapsed_seconds,130501536,4.93103268800769
vanilla,slowheat_none,elapsed_seconds,492612040,4.884511814045254
vanilla,slowheat_none,learner_examples_processed,2101606466,0.0
vanilla,slowheat_none,learner_examples_processed,1872839281,0.0
vanilla,slowheat_none,learner_examples_processed,637029796,0.0
vanilla,slowheat_none,learner_examples_processed,1357204345,0.0
vanilla,slowheat_none,learner_examples_processed,1758462037,0.0
vanilla,slowheat_none,learner_examples_processed,748737880,0.0
vanilla,slowheat_none,learner_examples_processed,1611510062,0.0
vanilla,slowheat_none,learner_examples_processed,333205446,0.0
vanilla,slowheat_none,learner_examples_processed,130501536,0.0
vanilla,slowheat_none,learner_examples_processed,492612040,0.0
vanilla,slowheat_none,total_model_examples_processed,2101606466,0.0
vanilla,slowheat_none,total_model_examples_processed,1872839281,0.0
vanilla,slowheat_none,total_model_examples_processed,637029796,0.0
vanilla,slowheat_none,total_model_examples_processed,1357204345,0.0
vanilla,slowheat_none,total_model_examples_processed,1758462037,0.0
vanilla,slowheat_none,total_model_examples_processed,748737880,0.0
vanilla,slowheat_none,total_model_examples_processed,1611510062,0.0
vanilla,slowheat_none,total_model_examples_processed,333205446,0.0
vanilla,slowheat_none,total_model_examples_processed,130501536,0.0
vanilla,slowheat_none,total_model_examples_processed,492612040,0.0
vanilla,slowheat_none,estimated_total_flops,2101606466,120068550.0
vanilla,slowheat_none,estimated_total_flops,1872839281,120068550.0
vanilla,slowheat_none,estimated_total_flops,637029796,120068550.0
vanilla,slowheat_none,estimated_total_flops,1357204345,120068550.0
vanilla,slowheat_none,estimated_total_flops,1758462037,120068550.0
vanilla,slowheat_none,estimated_total_flops,748737880,120068550.0
vanilla,slowheat_none,estimated_total_flops,1611510062,120068550.0
vanilla,slowheat_none,estimated_total_flops,333205446,120068550.0
vanilla,slowheat_none,estimated_total_flops,130501536,120068550.0
vanilla,slowheat_none,estimated_total_flops,492612040,120068550.0
vanilla,slowheat_none,estimated_overhead_flops,2101606466,120068550.0
vanilla,slowheat_none,estimated_overhead_flops,1872839281,120068550.0
vanilla,slowheat_none,estimated_overhead_flops,637029796,120068550.0
vanilla,slowheat_none,estimated_overhead_flops,1357204345,120068550.0
vanilla,slowheat_none,estimated_overhead_flops,1758462037,120068550.0
vanilla,slowheat_none,estimated_overhead_flops,748737880,120068550.0
vanilla,slowheat_none,estimated_overhead_flops,1611510062,120068550.0
vanilla,slowheat_none,estimated_overhead_flops,333205446,120068550.0
vanilla,slowheat_none,estimated_overhead_flops,130501536,120068550.0
vanilla,slowheat_none,estimated_overhead_flops,492612040,120068550.0
vanilla,slowheat_none,replay_memory_bytes,2101606466,0.0
vanilla,slowheat_none,replay_memory_bytes,1872839281,0.0
vanilla,slowheat_none,replay_memory_bytes,637029796,0.0
vanilla,slowheat_none,replay_memory_bytes,1357204345,0.0
vanilla,slowheat_none,replay_memory_bytes,1758462037,0.0
vanilla,slowheat_none,replay_memory_bytes,748737880,0.0
vanilla,slowheat_none,replay_memory_bytes,1611510062,0.0
vanilla,slowheat_none,replay_memory_bytes,333205446,0.0
vanilla,slowheat_none,replay_memory_bytes,130501536,0.0
vanilla,slowheat_none,replay_memory_bytes,492612040,0.0
vanilla,slowheat_none,stored_logits_bytes,2101606466,0.0
vanilla,slowheat_none,stored_logits_bytes,1872839281,0.0
vanilla,slowheat_none,stored_logits_bytes,637029796,0.0
vanilla,slowheat_none,stored_logits_bytes,1357204345,0.0
vanilla,slowheat_none,stored_logits_bytes,1758462037,0.0
vanilla,slowheat_none,stored_logits_bytes,748737880,0.0
vanilla,slowheat_none,stored_logits_bytes,1611510062,0.0
vanilla,slowheat_none,stored_logits_bytes,333205446,0.0
vanilla,slowheat_none,stored_logits_bytes,130501536,0.0
vanilla,slowheat_none,stored_logits_bytes,492612040,0.0
vanilla,slowheat_unidirectional,final_average_accuracy,2101606466,0.0002999999999999947
vanilla,slowheat_unidirectional,final_average_accuracy,1872839281,-0.009600000000000025
vanilla,slowheat_unidirectional,final_average_accuracy,637029796,-0.008099999999999996
vanilla,slowheat_unidirectional,final_average_accuracy,1357204345,-0.003799999999999998
vanilla,slowheat_unidirectional,final_average_accuracy,1758462037,-0.0020000000000000018
vanilla,slowheat_unidirectional,final_average_accuracy,748737880,-0.0020999999999999908
vanilla,slowheat_unidirectional,final_average_accuracy,1611510062,-0.013300000000000006
vanilla,slowheat_unidirectional,final_average_accuracy,333205446,0.0012999999999999678
vanilla,slowheat_unidirectional,final_average_accuracy,130501536,-0.0005999999999999894
vanilla,slowheat_unidirectional,final_average_accuracy,492612040,-0.0025000000000000022
vanilla,slowheat_unidirectional,average_forgetting,2101606466,-0.024124999999999952
vanilla,slowheat_unidirectional,average_forgetting,1872839281,-0.030874999999999986
vanilla,slowheat_unidirectional,average_forgetting,637029796,-0.024499999999999966
vanilla,slowheat_unidirectional,average_forgetting,1357204345,-0.022625000000000006
vanilla,slowheat_unidirectional,average_forgetting,1758462037,-0.030249999999999888
vanilla,slowheat_unidirectional,average_forgetting,748737880,-0.037250000000000005
vanilla,slowheat_unidirectional,average_forgetting,1611510062,-0.01562500000000011
vanilla,slowheat_unidirectional,average_forgetting,333205446,-0.02750000000000008
vanilla,slowheat_unidirectional,average_forgetting,130501536,-0.018500000000000072
vanilla,slowheat_unidirectional,average_forgetting,492612040,-0.02375000000000005
vanilla,slowheat_unidirectional,backward_transfer,2101606466,0.024124999999999952
vanilla,slowheat_unidirectional,backward_transfer,1872839281,0.030874999999999986
vanilla,slowheat_unidirectional,backward_transfer,637029796,0.024499999999999966
vanilla,slowheat_unidirectional,backward_transfer,1357204345,0.022625000000000006
vanilla,slowheat_unidirectional,backward_transfer,1758462037,0.030249999999999888
vanilla,slowheat_unidirectional,backward_transfer,748737880,0.037250000000000005
vanilla,slowheat_unidirectional,backward_transfer,1611510062,0.01562500000000011
vanilla,slowheat_unidirectional,backward_transfer,333205446,0.02750000000000008
vanilla,slowheat_unidirectional,backward_transfer,130501536,0.018500000000000072
vanilla,slowheat_unidirectional,backward_transfer,492612040,0.02375000000000005
vanilla,slowheat_unidirectional,forward_transfer,2101606466,-0.00037499999999998646
vanilla,slowheat_unidirectional,forward_transfer,1872839281,-0.000125000000000014
vanilla,slowheat_unidirectional,forward_transfer,637029796,-0.004500000000000004
vanilla,slowheat_unidirectional,forward_transfer,1357204345,0.0
vanilla,slowheat_unidirectional,forward_transfer,1758462037,0.00012499999999998623
vanilla,slowheat_unidirectional,forward_transfer,748737880,-0.0015000000000000013
vanilla,slowheat_unidirectional,forward_transfer,1611510062,0.0
vanilla,slowheat_unidirectional,forward_transfer,333205446,-0.0001250000000000001
vanilla,slowheat_unidirectional,forward_transfer,130501536,0.0
vanilla,slowheat_unidirectional,forward_transfer,492612040,0.0002500000000000002
vanilla,slowheat_unidirectional,task_aware_final_accuracy,2101606466,0.022199999999999998
vanilla,slowheat_unidirectional,task_aware_final_accuracy,1872839281,-0.0807000000000001
vanilla,slowheat_unidirectional,task_aware_final_accuracy,637029796,-0.019199999999999995
vanilla,slowheat_unidirectional,task_aware_final_accuracy,1357204345,-0.050999999999999934
vanilla,slowheat_unidirectional,task_aware_final_accuracy,1758462037,-0.028200000000000003
vanilla,slowheat_unidirectional,task_aware_final_accuracy,748737880,-0.012099999999999889
vanilla,slowheat_unidirectional,task_aware_final_accuracy,1611510062,-0.04469999999999996
vanilla,slowheat_unidirectional,task_aware_final_accuracy,333205446,0.012499999999999956
vanilla,slowheat_unidirectional,task_aware_final_accuracy,130501536,0.017800000000000038
vanilla,slowheat_unidirectional,task_aware_final_accuracy,492612040,0.03969999999999996
vanilla,slowheat_unidirectional,task_aware_forgetting,2101606466,-0.05149999999999999
vanilla,slowheat_unidirectional,task_aware_forgetting,1872839281,0.05800000000000005
vanilla,slowheat_unidirectional,task_aware_forgetting,637029796,-0.010624999999999996
vanilla,slowheat_unidirectional,task_aware_forgetting,1357204345,0.03637499999999999
vanilla,slowheat_unidirectional,task_aware_forgetting,1758462037,0.0025000000000000577
vanilla,slowheat_unidirectional,task_aware_forgetting,748737880,-0.024749999999999994
vanilla,slowheat_unidirectional,task_aware_forgetting,1611510062,0.023625000000000007
vanilla,slowheat_unidirectional,task_aware_forgetting,333205446,-0.04149999999999998
vanilla,slowheat_unidirectional,task_aware_forgetting,130501536,-0.04150000000000009
vanilla,slowheat_unidirectional,task_aware_forgetting,492612040,-0.07649999999999998
vanilla,slowheat_unidirectional,classifier_gap,2101606466,0.021899999999999975
vanilla,slowheat_unidirectional,classifier_gap,1872839281,-0.07110000000000011
vanilla,slowheat_unidirectional,classifier_gap,637029796,-0.011099999999999999
vanilla,slowheat_unidirectional,classifier_gap,1357204345,-0.04719999999999991
vanilla,slowheat_unidirectional,classifier_gap,1758462037,-0.0262
vanilla,slowheat_unidirectional,classifier_gap,748737880,-0.009999999999999898
vanilla,slowheat_unidirectional,classifier_gap,1611510062,-0.031399999999999983
vanilla,slowheat_unidirectional,classifier_gap,333205446,0.011199999999999988
vanilla,slowheat_unidirectional,classifier_gap,130501536,0.018400000000000027
vanilla,slowheat_unidirectional,classifier_gap,492612040,0.042200000000000015
vanilla,slowheat_unidirectional,elapsed_seconds,2101606466,4.410371108970139
vanilla,slowheat_unidirectional,elapsed_seconds,1872839281,4.389819130010437
vanilla,slowheat_unidirectional,elapsed_seconds,637029796,4.39081399096176
vanilla,slowheat_unidirectional,elapsed_seconds,1357204345,4.376240116020199
vanilla,slowheat_unidirectional,elapsed_seconds,1758462037,4.531736410979647
vanilla,slowheat_unidirectional,elapsed_seconds,748737880,3.8649030899978243
vanilla,slowheat_unidirectional,elapsed_seconds,1611510062,4.566675151058007
vanilla,slowheat_unidirectional,elapsed_seconds,333205446,3.9150719069875777
vanilla,slowheat_unidirectional,elapsed_seconds,130501536,4.4980323879863136
vanilla,slowheat_unidirectional,elapsed_seconds,492612040,4.499282184056938
vanilla,slowheat_unidirectional,learner_examples_processed,2101606466,0.0
vanilla,slowheat_unidirectional,learner_examples_processed,1872839281,0.0
vanilla,slowheat_unidirectional,learner_examples_processed,637029796,0.0
vanilla,slowheat_unidirectional,learner_examples_processed,1357204345,0.0
vanilla,slowheat_unidirectional,learner_examples_processed,1758462037,0.0
vanilla,slowheat_unidirectional,learner_examples_processed,748737880,0.0
vanilla,slowheat_unidirectional,learner_examples_processed,1611510062,0.0
vanilla,slowheat_unidirectional,learner_examples_processed,333205446,0.0
vanilla,slowheat_unidirectional,learner_examples_processed,130501536,0.0
vanilla,slowheat_unidirectional,learner_examples_processed,492612040,0.0
vanilla,slowheat_unidirectional,total_model_examples_processed,2101606466,0.0
vanilla,slowheat_unidirectional,total_model_examples_processed,1872839281,0.0
vanilla,slowheat_unidirectional,total_model_examples_processed,637029796,0.0
vanilla,slowheat_unidirectional,total_model_examples_processed,1357204345,0.0
vanilla,slowheat_unidirectional,total_model_examples_processed,1758462037,0.0
vanilla,slowheat_unidirectional,total_model_examples_processed,748737880,0.0
vanilla,slowheat_unidirectional,total_model_examples_processed,1611510062,0.0
vanilla,slowheat_unidirectional,total_model_examples_processed,333205446,0.0
vanilla,slowheat_unidirectional,total_model_examples_processed,130501536,0.0
vanilla,slowheat_unidirectional,total_model_examples_processed,492612040,0.0
vanilla,slowheat_unidirectional,estimated_total_flops,2101606466,120071470.0
vanilla,slowheat_unidirectional,estimated_total_flops,1872839281,120071470.0
vanilla,slowheat_unidirectional,estimated_total_flops,637029796,120071470.0
vanilla,slowheat_unidirectional,estimated_total_flops,1357204345,120071470.0
vanilla,slowheat_unidirectional,estimated_total_flops,1758462037,120071470.0
vanilla,slowheat_unidirectional,estimated_total_flops,748737880,120071470.0
vanilla,slowheat_unidirectional,estimated_total_flops,1611510062,120071470.0
vanilla,slowheat_unidirectional,estimated_total_flops,333205446,120071470.0
vanilla,slowheat_unidirectional,estimated_total_flops,130501536,120071470.0
vanilla,slowheat_unidirectional,estimated_total_flops,492612040,120071470.0
vanilla,slowheat_unidirectional,estimated_overhead_flops,2101606466,120071470.0
vanilla,slowheat_unidirectional,estimated_overhead_flops,1872839281,120071470.0
vanilla,slowheat_unidirectional,estimated_overhead_flops,637029796,120071470.0
vanilla,slowheat_unidirectional,estimated_overhead_flops,1357204345,120071470.0
vanilla,slowheat_unidirectional,estimated_overhead_flops,1758462037,120071470.0
vanilla,slowheat_unidirectional,estimated_overhead_flops,748737880,120071470.0
vanilla,slowheat_unidirectional,estimated_overhead_flops,1611510062,120071470.0
vanilla,slowheat_unidirectional,estimated_overhead_flops,333205446,120071470.0
vanilla,slowheat_unidirectional,estimated_overhead_flops,130501536,120071470.0
vanilla,slowheat_unidirectional,estimated_overhead_flops,492612040,120071470.0
vanilla,slowheat_unidirectional,replay_memory_bytes,2101606466,0.0
vanilla,slowheat_unidirectional,replay_memory_bytes,1872839281,0.0
vanilla,slowheat_unidirectional,replay_memory_bytes,637029796,0.0
vanilla,slowheat_unidirectional,replay_memory_bytes,1357204345,0.0
vanilla,slowheat_unidirectional,replay_memory_bytes,1758462037,0.0
vanilla,slowheat_unidirectional,replay_memory_bytes,748737880,0.0
vanilla,slowheat_unidirectional,replay_memory_bytes,1611510062,0.0
vanilla,slowheat_unidirectional,replay_memory_bytes,333205446,0.0
vanilla,slowheat_unidirectional,replay_memory_bytes,130501536,0.0
vanilla,slowheat_unidirectional,replay_memory_bytes,492612040,0.0
vanilla,slowheat_unidirectional,stored_logits_bytes,2101606466,0.0
vanilla,slowheat_unidirectional,stored_logits_bytes,1872839281,0.0
vanilla,slowheat_unidirectional,stored_logits_bytes,637029796,0.0
vanilla,slowheat_unidirectional,stored_logits_bytes,1357204345,0.0
vanilla,slowheat_unidirectional,stored_logits_bytes,1758462037,0.0
vanilla,slowheat_unidirectional,stored_logits_bytes,748737880,0.0
vanilla,slowheat_unidirectional,stored_logits_bytes,1611510062,0.0
vanilla,slowheat_unidirectional,stored_logits_bytes,333205446,0.0
vanilla,slowheat_unidirectional,stored_logits_bytes,130501536,0.0
vanilla,slowheat_unidirectional,stored_logits_bytes,492612040,0.0
vanilla,slowheat,final_average_accuracy,2101606466,-0.02149999999999999
vanilla,slowheat,final_average_accuracy,1872839281,-0.02250000000000002
vanilla,slowheat,final_average_accuracy,637029796,-0.015600000000000003
vanilla,slowheat,final_average_accuracy,1357204345,-0.011199999999999988
vanilla,slowheat,final_average_accuracy,1758462037,-0.010000000000000009
vanilla,slowheat,final_average_accuracy,748737880,-0.014499999999999985
vanilla,slowheat,final_average_accuracy,1611510062,-0.030600000000000016
vanilla,slowheat,final_average_accuracy,333205446,-0.005400000000000016
vanilla,slowheat,final_average_accuracy,130501536,-0.014899999999999997
vanilla,slowheat,final_average_accuracy,492612040,-0.014599999999999974
vanilla,slowheat,average_forgetting,2101606466,-0.06837500000000007
vanilla,slowheat,average_forgetting,1872839281,-0.05312499999999998
vanilla,slowheat,average_forgetting,637029796,-0.061124999999999874
vanilla,slowheat,average_forgetting,1357204345,-0.05762500000000004
vanilla,slowheat,average_forgetting,1758462037,-0.047374999999999945
vanilla,slowheat,average_forgetting,748737880,-0.051000000000000045
vanilla,slowheat,average_forgetting,1611510062,-0.05525000000000013
vanilla,slowheat,average_forgetting,333205446,-0.05675000000000008
vanilla,slowheat,average_forgetting,130501536,-0.054625000000000035
vanilla,slowheat,average_forgetting,492612040,-0.06850000000000012
vanilla,slowheat,backward_transfer,2101606466,0.06837500000000007
vanilla,slowheat,backward_transfer,1872839281,0.05312499999999998
vanilla,slowheat,backward_transfer,637029796,0.061124999999999874
vanilla,slowheat,backward_transfer,1357204345,0.05762500000000004
vanilla,slowheat,backward_transfer,1758462037,0.047374999999999945
vanilla,slowheat,backward_transfer,748737880,0.051000000000000045
vanilla,slowheat,backward_transfer,1611510062,0.05525000000000013
vanilla,slowheat,backward_transfer,333205446,0.05675000000000008
vanilla,slowheat,backward_transfer,130501536,0.054625000000000035
vanilla,slowheat,backward_transfer,492612040,0.06850000000000012
vanilla,slowheat,forward_transfer,2101606466,-0.00037499999999998646
vanilla,slowheat,forward_transfer,1872839281,0.00024999999999997247
vanilla,slowheat,forward_transfer,637029796,-0.003375000000000003
vanilla,slowheat,forward_transfer,1357204345,0.000125000000000014
vanilla,slowheat,forward_transfer,1758462037,-0.0006250000000000144
vanilla,slowheat,forward_transfer,748737880,-0.0028749999999999887
vanilla,slowheat,forward_transfer,1611510062,0.00012499999999998623
vanilla,slowheat,forward_transfer,333205446,-0.0002500000000000002
vanilla,slowheat,forward_transfer,130501536,0.0
vanilla,slowheat,forward_transfer,492612040,0.0001250000000000001
vanilla,slowheat,task_aware_final_accuracy,2101606466,-0.05300000000000005
vanilla,slowheat,task_aware_final_accuracy,1872839281,-0.07840000000000003
vanilla,slowheat,task_aware_final_accuracy,637029796,-0.025499999999999967
vanilla,slowheat,task_aware_final_accuracy,1357204345,-0.08299999999999996
vanilla,slowheat,task_aware_final_accuracy,1758462037,-0.03610000000000002
vanilla,slowheat,task_aware_final_accuracy,748737880,-0.030099999999999905
vanilla,slowheat,task_aware_final_accuracy,1611510062,-0.08689999999999998
vanilla,slowheat,task_aware_final_accuracy,333205446,-0.014900000000000024
vanilla,slowheat,task_aware_final_accuracy,130501536,-0.044499999999999984
vanilla,slowheat,task_aware_final_accuracy,492612040,-0.05439999999999989
vanilla,slowheat,task_aware_forgetting,2101606466,-0.02899999999999997
vanilla,slowheat,task_aware_forgetting,1872839281,0.016750000000000043
vanilla,slowheat,task_aware_forgetting,637029796,-0.04874999999999996
vanilla,slowheat,task_aware_forgetting,1357204345,0.032125000000000015
vanilla,slowheat,task_aware_forgetting,1758462037,-0.01474999999999993
vanilla,slowheat,task_aware_forgetting,748737880,-0.03150000000000003
vanilla,slowheat,task_aware_forgetting,1611510062,0.015125
vanilla,slowheat,task_aware_forgetting,333205446,-0.044875
vanilla,slowheat,task_aware_forgetting,130501536,-0.017625000000000002
vanilla,slowheat,task_aware_forgetting,492612040,-0.01874999999999999
vanilla,slowheat,classifier_gap,2101606466,-0.03150000000000003
vanilla,slowheat,classifier_gap,1872839281,-0.05590000000000006
vanilla,slowheat,classifier_gap,637029796,-0.009899999999999964
vanilla,slowheat,classifier_gap,1357204345,-0.07179999999999997
vanilla,slowheat,classifier_gap,1758462037,-0.026100000000000012
vanilla,slowheat,classifier_gap,748737880,-0.015599999999999892
vanilla,slowheat,classifier_gap,1611510062,-0.05629999999999996
vanilla,slowheat,classifier_gap,333205446,-0.009500000000000008
vanilla,slowheat,classifier_gap,130501536,-0.029600000000000015
vanilla,slowheat,classifier_gap,492612040,-0.03979999999999989
vanilla,slowheat,elapsed_seconds,2101606466,4.900078525999561
vanilla,slowheat,elapsed_seconds,1872839281,4.891306428005919
vanilla,slowheat,elapsed_seconds,637029796,5.004732291970868
vanilla,slowheat,elapsed_seconds,1357204345,5.220624038018286
vanilla,slowheat,elapsed_seconds,1758462037,4.994384518999141
vanilla,slowheat,elapsed_seconds,748737880,4.392217150016222
vanilla,slowheat,elapsed_seconds,1611510062,5.028922580007929
vanilla,slowheat,elapsed_seconds,333205446,4.369681451993529
vanilla,slowheat,elapsed_seconds,130501536,4.929443651053589
vanilla,slowheat,elapsed_seconds,492612040,4.86908160301391
vanilla,slowheat,learner_examples_processed,2101606466,0.0
vanilla,slowheat,learner_examples_processed,1872839281,0.0
vanilla,slowheat,learner_examples_processed,637029796,0.0
vanilla,slowheat,learner_examples_processed,1357204345,0.0
vanilla,slowheat,learner_examples_processed,1758462037,0.0
vanilla,slowheat,learner_examples_processed,748737880,0.0
vanilla,slowheat,learner_examples_processed,1611510062,0.0
vanilla,slowheat,learner_examples_processed,333205446,0.0
vanilla,slowheat,learner_examples_processed,130501536,0.0
vanilla,slowheat,learner_examples_processed,492612040,0.0
vanilla,slowheat,total_model_examples_processed,2101606466,0.0
vanilla,slowheat,total_model_examples_processed,1872839281,0.0
vanilla,slowheat,total_model_examples_processed,637029796,0.0
vanilla,slowheat,total_model_examples_processed,1357204345,0.0
vanilla,slowheat,total_model_examples_processed,1758462037,0.0
vanilla,slowheat,total_model_examples_processed,748737880,0.0
vanilla,slowheat,total_model_examples_processed,1611510062,0.0
vanilla,slowheat,total_model_examples_processed,333205446,0.0
vanilla,slowheat,total_model_examples_processed,130501536,0.0
vanilla,slowheat,total_model_examples_processed,492612040,0.0
vanilla,slowheat,estimated_total_flops,2101606466,120071470.0
vanilla,slowheat,estimated_total_flops,1872839281,120071470.0
vanilla,slowheat,estimated_total_flops,637029796,120071470.0
vanilla,slowheat,estimated_total_flops,1357204345,120071470.0
vanilla,slowheat,estimated_total_flops,1758462037,120071470.0
vanilla,slowheat,estimated_total_flops,748737880,120071470.0
vanilla,slowheat,estimated_total_flops,1611510062,120071470.0
vanilla,slowheat,estimated_total_flops,333205446,120071470.0
vanilla,slowheat,estimated_total_flops,130501536,120071470.0
vanilla,slowheat,estimated_total_flops,492612040,120071470.0
vanilla,slowheat,estimated_overhead_flops,2101606466,120071470.0
vanilla,slowheat,estimated_overhead_flops,1872839281,120071470.0
vanilla,slowheat,estimated_overhead_flops,637029796,120071470.0
vanilla,slowheat,estimated_overhead_flops,1357204345,120071470.0
vanilla,slowheat,estimated_overhead_flops,1758462037,120071470.0
vanilla,slowheat,estimated_overhead_flops,748737880,120071470.0
vanilla,slowheat,estimated_overhead_flops,1611510062,120071470.0
vanilla,slowheat,estimated_overhead_flops,333205446,120071470.0
vanilla,slowheat,estimated_overhead_flops,130501536,120071470.0
vanilla,slowheat,estimated_overhead_flops,492612040,120071470.0
vanilla,slowheat,replay_memory_bytes,2101606466,0.0
vanilla,slowheat,replay_memory_bytes,1872839281,0.0
vanilla,slowheat,replay_memory_bytes,637029796,0.0
vanilla,slowheat,replay_memory_bytes,1357204345,0.0
vanilla,slowheat,replay_memory_bytes,1758462037,0.0
vanilla,slowheat,replay_memory_bytes,748737880,0.0
vanilla,slowheat,replay_memory_bytes,1611510062,0.0
vanilla,slowheat,replay_memory_bytes,333205446,0.0
vanilla,slowheat,replay_memory_bytes,130501536,0.0
vanilla,slowheat,replay_memory_bytes,492612040,0.0
vanilla,slowheat,stored_logits_bytes,2101606466,0.0
vanilla,slowheat,stored_logits_bytes,1872839281,0.0
vanilla,slowheat,stored_logits_bytes,637029796,0.0
vanilla,slowheat,stored_logits_bytes,1357204345,0.0
vanilla,slowheat,stored_logits_bytes,1758462037,0.0
vanilla,slowheat,stored_logits_bytes,748737880,0.0
vanilla,slowheat,stored_logits_bytes,1611510062,0.0
vanilla,slowheat,stored_logits_bytes,333205446,0.0
vanilla,slowheat,stored_logits_bytes,130501536,0.0
vanilla,slowheat,stored_logits_bytes,492612040,0.0
vanilla,hard_freeze,final_average_accuracy,2101606466,-0.0184
vanilla,hard_freeze,final_average_accuracy,1872839281,-0.025500000000000023
vanilla,hard_freeze,final_average_accuracy,637029796,-0.017100000000000004
vanilla,hard_freeze,final_average_accuracy,1357204345,-0.02679999999999999
vanilla,hard_freeze,final_average_accuracy,1758462037,-0.02080000000000004
vanilla,hard_freeze,final_average_accuracy,748737880,-0.012999999999999984
vanilla,hard_freeze,final_average_accuracy,1611510062,-0.03420000000000001
vanilla,hard_freeze,final_average_accuracy,333205446,-0.022800000000000015
vanilla,hard_freeze,final_average_accuracy,130501536,-0.002899999999999986
vanilla,hard_freeze,final_average_accuracy,492612040,-0.017999999999999988
vanilla,hard_freeze,average_forgetting,2101606466,-0.06287500000000013
vanilla,hard_freeze,average_forgetting,1872839281,-0.06474999999999997
vanilla,hard_freeze,average_forgetting,637029796,-0.06400000000000006
vanilla,hard_freeze,average_forgetting,1357204345,-0.06924999999999992
vanilla,hard_freeze,average_forgetting,1758462037,-0.06787499999999991
vanilla,hard_freeze,average_forgetting,748737880,-0.0615
vanilla,hard_freeze,average_forgetting,1611510062,-0.06275000000000008
vanilla,hard_freeze,average_forgetting,333205446,-0.07100000000000006
vanilla,hard_freeze,average_forgetting,130501536,-0.12137500000000001
vanilla,hard_freeze,average_forgetting,492612040,-0.060125000000000095
vanilla,hard_freeze,backward_transfer,2101606466,0.06287500000000013
vanilla,hard_freeze,backward_transfer,1872839281,0.06474999999999997
vanilla,hard_freeze,backward_transfer,637029796,0.06400000000000006
vanilla,hard_freeze,backward_transfer,1357204345,0.06924999999999992
vanilla,hard_freeze,backward_transfer,1758462037,0.06787499999999991
vanilla,hard_freeze,backward_transfer,748737880,0.0615
vanilla,hard_freeze,backward_transfer,1611510062,0.06275000000000008
vanilla,hard_freeze,backward_transfer,333205446,0.07100000000000006
vanilla,hard_freeze,backward_transfer,130501536,0.12137500000000001
vanilla,hard_freeze,backward_transfer,492612040,0.060125000000000095
vanilla,hard_freeze,forward_transfer,2101606466,-0.0008749999999999869
vanilla,hard_freeze,forward_transfer,1872839281,-0.000250000000000028
vanilla,hard_freeze,forward_transfer,637029796,-0.0008750000000000147
vanilla,hard_freeze,forward_transfer,1357204345,0.000125000000000014
vanilla,hard_freeze,forward_transfer,1758462037,-0.000125000000000014
vanilla,hard_freeze,forward_transfer,748737880,-0.0011250000000000149
vanilla,hard_freeze,forward_transfer,1611510062,0.0
vanilla,hard_freeze,forward_transfer,333205446,-0.0001250000000000001
vanilla,hard_freeze,forward_transfer,130501536,0.0
vanilla,hard_freeze,forward_transfer,492612040,0.0007500000000000007
vanilla,hard_freeze,task_aware_final_accuracy,2101606466,-0.017000000000000126
vanilla,hard_freeze,task_aware_final_accuracy,1872839281,-0.0605
vanilla,hard_freeze,task_aware_final_accuracy,637029796,-0.024599999999999955
vanilla,hard_freeze,task_aware_final_accuracy,1357204345,-0.08739999999999992
vanilla,hard_freeze,task_aware_final_accuracy,1758462037,-0.05279999999999996
vanilla,hard_freeze,task_aware_final_accuracy,748737880,0.0343
vanilla,hard_freeze,task_aware_final_accuracy,1611510062,-0.08889999999999998
vanilla,hard_freeze,task_aware_final_accuracy,333205446,-0.016900000000000026
vanilla,hard_freeze,task_aware_final_accuracy,130501536,-0.04269999999999996
vanilla,hard_freeze,task_aware_final_accuracy,492612040,-0.06519999999999992
vanilla,hard_freeze,task_aware_forgetting,2101606466,-0.060624999999999984
vanilla,hard_freeze,task_aware_forgetting,1872839281,-0.015374999999999917
vanilla,hard_freeze,task_aware_forgetting,637029796,-0.054625000000000035
vanilla,hard_freeze,task_aware_forgetting,1357204345,0.009500000000000008
vanilla,hard_freeze,task_aware_forgetting,1758462037,-0.027874999999999983
vanilla,hard_freeze,task_aware_forgetting,748737880,-0.12062499999999998
vanilla,hard_freeze,task_aware_forgetting,1611510062,0.005874999999999964
vanilla,hard_freeze,task_aware_forgetting,333205446,-0.07837499999999997
vanilla,hard_freeze,task_aware_forgetting,130501536,-0.06837500000000007
vanilla,hard_freeze,task_aware_forgetting,492612040,-0.0011250000000000981
vanilla,hard_freeze,classifier_gap,2101606466,0.0013999999999999013
vanilla,hard_freeze,classifier_gap,1872839281,-0.03500000000000003
vanilla,hard_freeze,classifier_gap,637029796,-0.007499999999999951
vanilla,hard_freeze,classifier_gap,1357204345,-0.060599999999999876
vanilla,hard_freeze,classifier_gap,1758462037,-0.03199999999999992
vanilla,hard_freeze,classifier_gap,748737880,0.04730000000000001
vanilla,hard_freeze,classifier_gap,1611510062,-0.05469999999999997
vanilla,hard_freeze,classifier_gap,333205446,0.005899999999999961
vanilla,hard_freeze,classifier_gap,130501536,-0.0398
vanilla,hard_freeze,classifier_gap,492612040,-0.04719999999999991
vanilla,hard_freeze,elapsed_seconds,2101606466,4.619020838988945
vanilla,hard_freeze,elapsed_seconds,1872839281,4.425346425035968
vanilla,hard_freeze,elapsed_seconds,637029796,4.968985299987253
vanilla,hard_freeze,elapsed_seconds,1357204345,5.380841276026331
vanilla,hard_freeze,elapsed_seconds,1758462037,4.7482620339724235
vanilla,hard_freeze,elapsed_seconds,748737880,4.151111651037354
vanilla,hard_freeze,elapsed_seconds,1611510062,4.80881658103317
vanilla,hard_freeze,elapsed_seconds,333205446,4.867225731024519
vanilla,hard_freeze,elapsed_seconds,130501536,4.769028808048461
vanilla,hard_freeze,elapsed_seconds,492612040,4.6411504650022835
vanilla,hard_freeze,learner_examples_processed,2101606466,0.0
vanilla,hard_freeze,learner_examples_processed,1872839281,0.0
vanilla,hard_freeze,learner_examples_processed,637029796,0.0
vanilla,hard_freeze,learner_examples_processed,1357204345,0.0
vanilla,hard_freeze,learner_examples_processed,1758462037,0.0
vanilla,hard_freeze,learner_examples_processed,748737880,0.0
vanilla,hard_freeze,learner_examples_processed,1611510062,0.0
vanilla,hard_freeze,learner_examples_processed,333205446,0.0
vanilla,hard_freeze,learner_examples_processed,130501536,0.0
vanilla,hard_freeze,learner_examples_processed,492612040,0.0
vanilla,hard_freeze,total_model_examples_processed,2101606466,0.0
vanilla,hard_freeze,total_model_examples_processed,1872839281,0.0
vanilla,hard_freeze,total_model_examples_processed,637029796,0.0
vanilla,hard_freeze,total_model_examples_processed,1357204345,0.0
vanilla,hard_freeze,total_model_examples_processed,1758462037,0.0
vanilla,hard_freeze,total_model_examples_processed,748737880,0.0
vanilla,hard_freeze,total_model_examples_processed,1611510062,0.0
vanilla,hard_freeze,total_model_examples_processed,333205446,0.0
vanilla,hard_freeze,total_model_examples_processed,130501536,0.0
vanilla,hard_freeze,total_model_examples_processed,492612040,0.0
vanilla,hard_freeze,estimated_total_flops,2101606466,120071470.0
vanilla,hard_freeze,estimated_total_flops,1872839281,120071470.0
vanilla,hard_freeze,estimated_total_flops,637029796,120071470.0
vanilla,hard_freeze,estimated_total_flops,1357204345,120071470.0
vanilla,hard_freeze,estimated_total_flops,1758462037,120071470.0
vanilla,hard_freeze,estimated_total_flops,748737880,120071470.0
vanilla,hard_freeze,estimated_total_flops,1611510062,120071470.0
vanilla,hard_freeze,estimated_total_flops,333205446,120071470.0
vanilla,hard_freeze,estimated_total_flops,130501536,120071470.0
vanilla,hard_freeze,estimated_total_flops,492612040,120071470.0
vanilla,hard_freeze,estimated_overhead_flops,2101606466,120071470.0
vanilla,hard_freeze,estimated_overhead_flops,1872839281,120071470.0
vanilla,hard_freeze,estimated_overhead_flops,637029796,120071470.0
vanilla,hard_freeze,estimated_overhead_flops,1357204345,120071470.0
vanilla,hard_freeze,estimated_overhead_flops,1758462037,120071470.0
vanilla,hard_freeze,estimated_overhead_flops,748737880,120071470.0
vanilla,hard_freeze,estimated_overhead_flops,1611510062,120071470.0
vanilla,hard_freeze,estimated_overhead_flops,333205446,120071470.0
vanilla,hard_freeze,estimated_overhead_flops,130501536,120071470.0
vanilla,hard_freeze,estimated_overhead_flops,492612040,120071470.0
vanilla,hard_freeze,replay_memory_bytes,2101606466,0.0
vanilla,hard_freeze,replay_memory_bytes,1872839281,0.0
vanilla,hard_freeze,replay_memory_bytes,637029796,0.0
vanilla,hard_freeze,replay_memory_bytes,1357204345,0.0
vanilla,hard_freeze,replay_memory_bytes,1758462037,0.0
vanilla,hard_freeze,replay_memory_bytes,748737880,0.0
vanilla,hard_freeze,replay_memory_bytes,1611510062,0.0
vanilla,hard_freeze,replay_memory_bytes,333205446,0.0
vanilla,hard_freeze,replay_memory_bytes,130501536,0.0
vanilla,hard_freeze,replay_memory_bytes,492612040,0.0
vanilla,hard_freeze,stored_logits_bytes,2101606466,0.0
vanilla,hard_freeze,stored_logits_bytes,1872839281,0.0
vanilla,hard_freeze,stored_logits_bytes,637029796,0.0
vanilla,hard_freeze,stored_logits_bytes,1357204345,0.0
vanilla,hard_freeze,stored_logits_bytes,1758462037,0.0
vanilla,hard_freeze,stored_logits_bytes,748737880,0.0
vanilla,hard_freeze,stored_logits_bytes,1611510062,0.0
vanilla,hard_freeze,stored_logits_bytes,333205446,0.0
vanilla,hard_freeze,stored_logits_bytes,130501536,0.0
vanilla,hard_freeze,stored_logits_bytes,492612040,0.0
vanilla,lpr,final_average_accuracy,2101606466,0.193
vanilla,lpr,final_average_accuracy,1872839281,0.1927
vanilla,lpr,final_average_accuracy,637029796,0.18270000000000003
vanilla,lpr,final_average_accuracy,1357204345,0.18610000000000002
vanilla,lpr,final_average_accuracy,1758462037,0.19039999999999996
vanilla,lpr,final_average_accuracy,748737880,0.18650000000000003
vanilla,lpr,final_average_accuracy,1611510062,0.20920000000000005
vanilla,lpr,final_average_accuracy,333205446,0.19639999999999996
vanilla,lpr,final_average_accuracy,130501536,0.17790000000000006
vanilla,lpr,final_average_accuracy,492612040,0.20170000000000002
vanilla,lpr,average_forgetting,2101606466,-0.2340000000000001
vanilla,lpr,average_forgetting,1872839281,-0.23512500000000003
vanilla,lpr,average_forgetting,637029796,-0.2291249999999999
vanilla,lpr,average_forgetting,1357204345,-0.22050000000000003
vanilla,lpr,average_forgetting,1758462037,-0.22499999999999987
vanilla,lpr,average_forgetting,748737880,-0.22662499999999997
vanilla,lpr,average_forgetting,1611510062,-0.259375
vanilla,lpr,average_forgetting,333205446,-0.23712500000000003
vanilla,lpr,average_forgetting,130501536,-0.21850000000000003
vanilla,lpr,average_forgetting,492612040,-0.24224999999999997
vanilla,lpr,backward_transfer,2101606466,0.2340000000000001
vanilla,lpr,backward_transfer,1872839281,0.23512500000000003
vanilla,lpr,backward_transfer,637029796,0.2291249999999999
vanilla,lpr,backward_transfer,1357204345,0.22050000000000003
vanilla,lpr,backward_transfer,1758462037,0.22499999999999987
vanilla,lpr,backward_transfer,748737880,0.22662499999999997
vanilla,lpr,backward_transfer,1611510062,0.259375
vanilla,lpr,backward_transfer,333205446,0.23712500000000003
vanilla,lpr,backward_transfer,130501536,0.21850000000000003
vanilla,lpr,backward_transfer,492612040,0.24224999999999997
vanilla,lpr,forward_transfer,2101606466,0.065
vanilla,lpr,forward_transfer,1872839281,0.06437499999999997
vanilla,lpr,forward_transfer,637029796,0.170375
vanilla,lpr,forward_transfer,1357204345,0.09600000000000002
vanilla,lpr,forward_transfer,1758462037,0.13074999999999998
vanilla,lpr,forward_transfer,748737880,0.178875
vanilla,lpr,forward_transfer,1611510062,0.01312499999999997
vanilla,lpr,forward_transfer,333205446,0.15975
vanilla,lpr,forward_transfer,130501536,0.06125
vanilla,lpr,forward_transfer,492612040,0.05237499999999999
vanilla,lpr,task_aware_final_accuracy,2101606466,0.23850000000000005
vanilla,lpr,task_aware_final_accuracy,1872839281,0.18579999999999997
vanilla,lpr,task_aware_final_accuracy,637029796,0.22970000000000002
vanilla,lpr,task_aware_final_accuracy,1357204345,0.18079999999999985
vanilla,lpr,task_aware_final_accuracy,1758462037,0.2126
vanilla,lpr,task_aware_final_accuracy,748737880,0.24150000000000016
vanilla,lpr,task_aware_final_accuracy,1611510062,0.2003999999999999
vanilla,lpr,task_aware_final_accuracy,333205446,0.24729999999999985
vanilla,lpr,task_aware_final_accuracy,130501536,0.2124999999999999
vanilla,lpr,task_aware_final_accuracy,492612040,0.21309999999999996
vanilla,lpr,task_aware_forgetting,2101606466,-0.271
vanilla,lpr,task_aware_forgetting,1872839281,-0.21037499999999998
vanilla,lpr,task_aware_forgetting,637029796,-0.272
vanilla,lpr,task_aware_forgetting,1357204345,-0.19587500000000002
vanilla,lpr,task_aware_forgetting,1758462037,-0.23562499999999995
vanilla,lpr,task_aware_forgetting,748737880,-0.27825
vanilla,lpr,task_aware_forgetting,1611510062,-0.2305
vanilla,lpr,task_aware_forgetting,333205446,-0.28300000000000003
vanilla,lpr,task_aware_forgetting,130501536,-0.24100000000000002
vanilla,lpr,task_aware_forgetting,492612040,-0.239875
vanilla,lpr,classifier_gap,2101606466,0.04550000000000004
vanilla,lpr,classifier_gap,1872839281,-0.006900000000000073
vanilla,lpr,classifier_gap,637029796,0.046999999999999986
vanilla,lpr,classifier_gap,1357204345,-0.005300000000000138
vanilla,lpr,classifier_gap,1758462037,0.022200000000000053
vanilla,lpr,classifier_gap,748737880,0.05500000000000016
vanilla,lpr,classifier_gap,1611510062,-0.008800000000000141
vanilla,lpr,classifier_gap,333205446,0.05089999999999989
vanilla,lpr,classifier_gap,130501536,0.03459999999999985
vanilla,lpr,classifier_gap,492612040,0.011399999999999966
vanilla,lpr,elapsed_seconds,2101606466,3.1878363189753145
vanilla,lpr,elapsed_seconds,1872839281,2.1412708690040745
vanilla,lpr,elapsed_seconds,637029796,3.259463170019444
vanilla,lpr,elapsed_seconds,1357204345,3.849637612060178
vanilla,lpr,elapsed_seconds,1758462037,3.1692041909554973
vanilla,lpr,elapsed_seconds,748737880,2.2320489510311745
vanilla,lpr,elapsed_seconds,1611510062,3.21721209702082
vanilla,lpr,elapsed_seconds,333205446,3.2993205249658786
vanilla,lpr,elapsed_seconds,130501536,3.2004735660157166
vanilla,lpr,elapsed_seconds,492612040,3.108122566016391
vanilla,lpr,learner_examples_processed,2101606466,80640.0
vanilla,lpr,learner_examples_processed,1872839281,80640.0
vanilla,lpr,learner_examples_processed,637029796,80640.0
vanilla,lpr,learner_examples_processed,1357204345,80640.0
vanilla,lpr,learner_examples_processed,1758462037,80640.0
vanilla,lpr,learner_examples_processed,748737880,80640.0
vanilla,lpr,learner_examples_processed,1611510062,80640.0
vanilla,lpr,learner_examples_processed,333205446,80640.0
vanilla,lpr,learner_examples_processed,130501536,80640.0
vanilla,lpr,learner_examples_processed,492612040,80640.0
vanilla,lpr,total_model_examples_processed,2101606466,84920.0
vanilla,lpr,total_model_examples_processed,1872839281,84920.0
vanilla,lpr,total_model_examples_processed,637029796,84920.0
vanilla,lpr,total_model_examples_processed,1357204345,84920.0
vanilla,lpr,total_model_examples_processed,1758462037,84920.0
vanilla,lpr,total_model_examples_processed,748737880,84920.0
vanilla,lpr,total_model_examples_processed,1611510062,84920.0
vanilla,lpr,total_model_examples_processed,333205446,84920.0
vanilla,lpr,total_model_examples_processed,130501536,84920.0
vanilla,lpr,total_model_examples_processed,492612040,84920.0
vanilla,lpr,estimated_total_flops,2101606466,2777949456662.0
vanilla,lpr,estimated_total_flops,1872839281,2777949456662.0
vanilla,lpr,estimated_total_flops,637029796,2777949456662.0
vanilla,lpr,estimated_total_flops,1357204345,2777949456662.0
vanilla,lpr,estimated_total_flops,1758462037,2777949456662.0
vanilla,lpr,estimated_total_flops,748737880,2777949456662.0
vanilla,lpr,estimated_total_flops,1611510062,2777949456662.0
vanilla,lpr,estimated_total_flops,333205446,2777949456662.0
vanilla,lpr,estimated_total_flops,130501536,2777949456662.0
vanilla,lpr,estimated_total_flops,492612040,2777949456662.0
vanilla,lpr,estimated_overhead_flops,2101606466,17610205462.0
vanilla,lpr,estimated_overhead_flops,1872839281,17610205462.0
vanilla,lpr,estimated_overhead_flops,637029796,17610205462.0
vanilla,lpr,estimated_overhead_flops,1357204345,17610205462.0
vanilla,lpr,estimated_overhead_flops,1758462037,17610205462.0
vanilla,lpr,estimated_overhead_flops,748737880,17610205462.0
vanilla,lpr,estimated_overhead_flops,1611510062,17610205462.0
vanilla,lpr,estimated_overhead_flops,333205446,17610205462.0
vanilla,lpr,estimated_overhead_flops,130501536,17610205462.0
vanilla,lpr,estimated_overhead_flops,492612040,17610205462.0
vanilla,lpr,replay_memory_bytes,2101606466,2459200.0
vanilla,lpr,replay_memory_bytes,1872839281,2459200.0
vanilla,lpr,replay_memory_bytes,637029796,2459200.0
vanilla,lpr,replay_memory_bytes,1357204345,2459200.0
vanilla,lpr,replay_memory_bytes,1758462037,2459200.0
vanilla,lpr,replay_memory_bytes,748737880,2459200.0
vanilla,lpr,replay_memory_bytes,1611510062,2459200.0
vanilla,lpr,replay_memory_bytes,333205446,2459200.0
vanilla,lpr,replay_memory_bytes,130501536,2459200.0
vanilla,lpr,replay_memory_bytes,492612040,2459200.0
vanilla,lpr,stored_logits_bytes,2101606466,0.0
vanilla,lpr,stored_logits_bytes,1872839281,0.0
vanilla,lpr,stored_logits_bytes,637029796,0.0
vanilla,lpr,stored_logits_bytes,1357204345,0.0
vanilla,lpr,stored_logits_bytes,1758462037,0.0
vanilla,lpr,stored_logits_bytes,748737880,0.0
vanilla,lpr,stored_logits_bytes,1611510062,0.0
vanilla,lpr,stored_logits_bytes,333205446,0.0
vanilla,lpr,stored_logits_bytes,130501536,0.0
vanilla,lpr,stored_logits_bytes,492612040,0.0
vanilla,slowheat_lpr,final_average_accuracy,2101606466,0.19319999999999998
vanilla,slowheat_lpr,final_average_accuracy,1872839281,0.1999
vanilla,slowheat_lpr,final_average_accuracy,637029796,0.1915
vanilla,slowheat_lpr,final_average_accuracy,1357204345,0.18540000000000004
vanilla,slowheat_lpr,final_average_accuracy,1758462037,0.19369999999999998
vanilla,slowheat_lpr,final_average_accuracy,748737880,0.20310000000000003
vanilla,slowheat_lpr,final_average_accuracy,1611510062,0.21389999999999998
vanilla,slowheat_lpr,final_average_accuracy,333205446,0.19540000000000002
vanilla,slowheat_lpr,final_average_accuracy,130501536,0.1945
vanilla,slowheat_lpr,final_average_accuracy,492612040,0.22439999999999996
vanilla,slowheat_lpr,average_forgetting,2101606466,-0.28075000000000006
vanilla,slowheat_lpr,average_forgetting,1872839281,-0.28237499999999993
vanilla,slowheat_lpr,average_forgetting,637029796,-0.27249999999999985
vanilla,slowheat_lpr,average_forgetting,1357204345,-0.24687500000000007
vanilla,slowheat_lpr,average_forgetting,1758462037,-0.2687499999999998
vanilla,slowheat_lpr,average_forgetting,748737880,-0.27337500000000003
vanilla,slowheat_lpr,average_forgetting,1611510062,-0.31062500000000004
vanilla,slowheat_lpr,average_forgetting,333205446,-0.27337500000000015
vanilla,slowheat_lpr,average_forgetting,130501536,-0.2762500000000001
vanilla,slowheat_lpr,average_forgetting,492612040,-0.308875
vanilla,slowheat_lpr,backward_transfer,2101606466,0.28075000000000006
vanilla,slowheat_lpr,backward_transfer,1872839281,0.28237499999999993
vanilla,slowheat_lpr,backward_transfer,637029796,0.27249999999999985
vanilla,slowheat_lpr,backward_transfer,1357204345,0.24687500000000007
vanilla,slowheat_lpr,backward_transfer,1758462037,0.2687499999999998
vanilla,slowheat_lpr,backward_transfer,748737880,0.27337500000000003
vanilla,slowheat_lpr,backward_transfer,1611510062,0.31062500000000004
vanilla,slowheat_lpr,backward_transfer,333205446,0.27337500000000015
vanilla,slowheat_lpr,backward_transfer,130501536,0.2762500000000001
vanilla,slowheat_lpr,backward_transfer,492612040,0.308875
vanilla,slowheat_lpr,forward_transfer,2101606466,0.1905
vanilla,slowheat_lpr,forward_transfer,1872839281,0.05549999999999998
vanilla,slowheat_lpr,forward_transfer,637029796,0.0955
vanilla,slowheat_lpr,forward_transfer,1357204345,0.12662500000000002
vanilla,slowheat_lpr,forward_transfer,1758462037,0.1625
vanilla,slowheat_lpr,forward_transfer,748737880,0.092875
vanilla,slowheat_lpr,forward_transfer,1611510062,0.00849999999999998
vanilla,slowheat_lpr,forward_transfer,333205446,0.173625
vanilla,slowheat_lpr,forward_transfer,130501536,0.06662499999999999
vanilla,slowheat_lpr,forward_transfer,492612040,0.022249999999999992
vanilla,slowheat_lpr,task_aware_final_accuracy,2101606466,0.22830000000000006
vanilla,slowheat_lpr,task_aware_final_accuracy,1872839281,0.17309999999999992
vanilla,slowheat_lpr,task_aware_final_accuracy,637029796,0.20550000000000013
vanilla,slowheat_lpr,task_aware_final_accuracy,1357204345,0.1693
vanilla,slowheat_lpr,task_aware_final_accuracy,1758462037,0.20130000000000003
vanilla,slowheat_lpr,task_aware_final_accuracy,748737880,0.2239000000000001
vanilla,slowheat_lpr,task_aware_final_accuracy,1611510062,0.19389999999999996
vanilla,slowheat_lpr,task_aware_final_accuracy,333205446,0.2228
vanilla,slowheat_lpr,task_aware_final_accuracy,130501536,0.2166999999999999
vanilla,slowheat_lpr,task_aware_final_accuracy,492612040,0.1986
vanilla,slowheat_lpr,task_aware_forgetting,2101606466,-0.28174999999999994
vanilla,slowheat_lpr,task_aware_forgetting,1872839281,-0.2115
vanilla,slowheat_lpr,task_aware_forgetting,637029796,-0.26175
vanilla,slowheat_lpr,task_aware_forgetting,1357204345,-0.194375
vanilla,slowheat_lpr,task_aware_forgetting,1758462037,-0.24024999999999996
vanilla,slowheat_lpr,task_aware_forgetting,748737880,-0.264625
vanilla,slowheat_lpr,task_aware_forgetting,1611510062,-0.24987500000000004
vanilla,slowheat_lpr,task_aware_forgetting,333205446,-0.272875
vanilla,slowheat_lpr,task_aware_forgetting,130501536,-0.26825
vanilla,slowheat_lpr,task_aware_forgetting,492612040,-0.24662500000000004
vanilla,slowheat_lpr,classifier_gap,2101606466,0.035100000000000076
vanilla,slowheat_lpr,classifier_gap,1872839281,-0.0268000000000001
vanilla,slowheat_lpr,classifier_gap,637029796,0.014000000000000123
vanilla,slowheat_lpr,classifier_gap,1357204345,-0.016100000000000003
vanilla,slowheat_lpr,classifier_gap,1758462037,0.007600000000000051
vanilla,slowheat_lpr,classifier_gap,748737880,0.020800000000000096
vanilla,slowheat_lpr,classifier_gap,1611510062,-0.020000000000000018
vanilla,slowheat_lpr,classifier_gap,333205446,0.02739999999999998
vanilla,slowheat_lpr,classifier_gap,130501536,0.022199999999999886
vanilla,slowheat_lpr,classifier_gap,492612040,-0.025799999999999934
vanilla,slowheat_lpr,elapsed_seconds,2101606466,6.672666714992374
vanilla,slowheat_lpr,elapsed_seconds,1872839281,5.936706549022347
vanilla,slowheat_lpr,elapsed_seconds,637029796,7.00338341598399
vanilla,slowheat_lpr,elapsed_seconds,1357204345,7.610749354003929
vanilla,slowheat_lpr,elapsed_seconds,1758462037,6.93265098403208
vanilla,slowheat_lpr,elapsed_seconds,748737880,5.983618765021674
vanilla,slowheat_lpr,elapsed_seconds,1611510062,6.91425764298765
vanilla,slowheat_lpr,elapsed_seconds,333205446,7.150442267011385
vanilla,slowheat_lpr,elapsed_seconds,130501536,6.703368276997935
vanilla,slowheat_lpr,elapsed_seconds,492612040,6.939682069059927
vanilla,slowheat_lpr,learner_examples_processed,2101606466,80640.0
vanilla,slowheat_lpr,learner_examples_processed,1872839281,80640.0
vanilla,slowheat_lpr,learner_examples_processed,637029796,80640.0
vanilla,slowheat_lpr,learner_examples_processed,1357204345,80640.0
vanilla,slowheat_lpr,learner_examples_processed,1758462037,80640.0
vanilla,slowheat_lpr,learner_examples_processed,748737880,80640.0
vanilla,slowheat_lpr,learner_examples_processed,1611510062,80640.0
vanilla,slowheat_lpr,learner_examples_processed,333205446,80640.0
vanilla,slowheat_lpr,learner_examples_processed,130501536,80640.0
vanilla,slowheat_lpr,learner_examples_processed,492612040,80640.0
vanilla,slowheat_lpr,total_model_examples_processed,2101606466,84920.0
vanilla,slowheat_lpr,total_model_examples_processed,1872839281,84920.0
vanilla,slowheat_lpr,total_model_examples_processed,637029796,84920.0
vanilla,slowheat_lpr,total_model_examples_processed,1357204345,84920.0
vanilla,slowheat_lpr,total_model_examples_processed,1758462037,84920.0
vanilla,slowheat_lpr,total_model_examples_processed,748737880,84920.0
vanilla,slowheat_lpr,total_model_examples_processed,1611510062,84920.0
vanilla,slowheat_lpr,total_model_examples_processed,333205446,84920.0
vanilla,slowheat_lpr,total_model_examples_processed,130501536,84920.0
vanilla,slowheat_lpr,total_model_examples_processed,492612040,84920.0
vanilla,slowheat_lpr,estimated_total_flops,2101606466,2778088381942.0
vanilla,slowheat_lpr,estimated_total_flops,1872839281,2778088381942.0
vanilla,slowheat_lpr,estimated_total_flops,637029796,2778088381942.0
vanilla,slowheat_lpr,estimated_total_flops,1357204345,2778088381942.0
vanilla,slowheat_lpr,estimated_total_flops,1758462037,2778088381942.0
vanilla,slowheat_lpr,estimated_total_flops,748737880,2778088381942.0
vanilla,slowheat_lpr,estimated_total_flops,1611510062,2778088381942.0
vanilla,slowheat_lpr,estimated_total_flops,333205446,2778088381942.0
vanilla,slowheat_lpr,estimated_total_flops,130501536,2778088381942.0
vanilla,slowheat_lpr,estimated_total_flops,492612040,2778088381942.0
vanilla,slowheat_lpr,estimated_overhead_flops,2101606466,17749130742.0
vanilla,slowheat_lpr,estimated_overhead_flops,1872839281,17749130742.0
vanilla,slowheat_lpr,estimated_overhead_flops,637029796,17749130742.0
vanilla,slowheat_lpr,estimated_overhead_flops,1357204345,17749130742.0
vanilla,slowheat_lpr,estimated_overhead_flops,1758462037,17749130742.0
vanilla,slowheat_lpr,estimated_overhead_flops,748737880,17749130742.0
vanilla,slowheat_lpr,estimated_overhead_flops,1611510062,17749130742.0
vanilla,slowheat_lpr,estimated_overhead_flops,333205446,17749130742.0
vanilla,slowheat_lpr,estimated_overhead_flops,130501536,17749130742.0
vanilla,slowheat_lpr,estimated_overhead_flops,492612040,17749130742.0
vanilla,slowheat_lpr,replay_memory_bytes,2101606466,2459200.0
vanilla,slowheat_lpr,replay_memory_bytes,1872839281,2459200.0
vanilla,slowheat_lpr,replay_memory_bytes,637029796,2459200.0
vanilla,slowheat_lpr,replay_memory_bytes,1357204345,2459200.0
vanilla,slowheat_lpr,replay_memory_bytes,1758462037,2459200.0
vanilla,slowheat_lpr,replay_memory_bytes,748737880,2459200.0
vanilla,slowheat_lpr,replay_memory_bytes,1611510062,2459200.0
vanilla,slowheat_lpr,replay_memory_bytes,333205446,2459200.0
vanilla,slowheat_lpr,replay_memory_bytes,130501536,2459200.0
vanilla,slowheat_lpr,replay_memory_bytes,492612040,2459200.0
vanilla,slowheat_lpr,stored_logits_bytes,2101606466,0.0
vanilla,slowheat_lpr,stored_logits_bytes,1872839281,0.0
vanilla,slowheat_lpr,stored_logits_bytes,637029796,0.0
vanilla,slowheat_lpr,stored_logits_bytes,1357204345,0.0
vanilla,slowheat_lpr,stored_logits_bytes,1758462037,0.0
vanilla,slowheat_lpr,stored_logits_bytes,748737880,0.0
vanilla,slowheat_lpr,stored_logits_bytes,1611510062,0.0
vanilla,slowheat_lpr,stored_logits_bytes,333205446,0.0
vanilla,slowheat_lpr,stored_logits_bytes,130501536,0.0
vanilla,slowheat_lpr,stored_logits_bytes,492612040,0.0
vanilla,classifier_expander,final_average_accuracy,2101606466,0.14349999999999996
vanilla,classifier_expander,final_average_accuracy,1872839281,0.1342
vanilla,classifier_expander,final_average_accuracy,637029796,0.1689
vanilla,classifier_expander,final_average_accuracy,1357204345,0.17480000000000004
vanilla,classifier_expander,final_average_accuracy,1758462037,0.1689
vanilla,classifier_expander,final_average_accuracy,748737880,0.17119999999999994
vanilla,classifier_expander,final_average_accuracy,1611510062,0.15300000000000002
vanilla,classifier_expander,final_average_accuracy,333205446,0.1487
vanilla,classifier_expander,final_average_accuracy,130501536,0.1774
vanilla,classifier_expander,final_average_accuracy,492612040,0.1776
vanilla,classifier_expander,average_forgetting,2101606466,-0.543
vanilla,classifier_expander,average_forgetting,1872839281,-0.49325
vanilla,classifier_expander,average_forgetting,637029796,-0.53775
vanilla,classifier_expander,average_forgetting,1357204345,-0.5255
vanilla,classifier_expander,average_forgetting,1758462037,-0.6381249999999998
vanilla,classifier_expander,average_forgetting,748737880,-0.5483750000000001
vanilla,classifier_expander,average_forgetting,1611510062,-0.545
vanilla,classifier_expander,average_forgetting,333205446,-0.5347500000000001
vanilla,classifier_expander,average_forgetting,130501536,-0.576125
vanilla,classifier_expander,average_forgetting,492612040,-0.5426250000000001
vanilla,classifier_expander,backward_transfer,2101606466,0.604125
vanilla,classifier_expander,backward_transfer,1872839281,0.538875
vanilla,classifier_expander,backward_transfer,637029796,0.65875
vanilla,classifier_expander,backward_transfer,1357204345,0.6935
vanilla,classifier_expander,backward_transfer,1758462037,0.7162499999999998
vanilla,classifier_expander,backward_transfer,748737880,0.61675
vanilla,classifier_expander,backward_transfer,1611510062,0.7023750000000001
vanilla,classifier_expander,backward_transfer,333205446,0.6255000000000001
vanilla,classifier_expander,backward_transfer,130501536,0.685875
vanilla,classifier_expander,backward_transfer,492612040,0.6887500000000001
vanilla,classifier_expander,forward_transfer,2101606466,0.0915
vanilla,classifier_expander,forward_transfer,1872839281,0.13374999999999998
vanilla,classifier_expander,forward_transfer,637029796,0.108625
vanilla,classifier_expander,forward_transfer,1357204345,0.09050000000000001
vanilla,classifier_expander,forward_transfer,1758462037,0.11075
vanilla,classifier_expander,forward_transfer,748737880,0.138125
vanilla,classifier_expander,forward_transfer,1611510062,0.005874999999999964
vanilla,classifier_expander,forward_transfer,333205446,0.0052499999999999995
vanilla,classifier_expander,forward_transfer,130501536,0.090375
vanilla,classifier_expander,forward_transfer,492612040,0.01862499999999999
vanilla,classifier_expander,task_aware_final_accuracy,2101606466,0.2197
vanilla,classifier_expander,task_aware_final_accuracy,1872839281,0.1701999999999999
vanilla,classifier_expander,task_aware_final_accuracy,637029796,0.21020000000000016
vanilla,classifier_expander,task_aware_final_accuracy,1357204345,0.16879999999999995
vanilla,classifier_expander,task_aware_final_accuracy,1758462037,0.1946
vanilla,classifier_expander,task_aware_final_accuracy,748737880,0.21450000000000014
vanilla,classifier_expander,task_aware_final_accuracy,1611510062,0.18600000000000017
vanilla,classifier_expander,task_aware_final_accuracy,333205446,0.22949999999999993
vanilla,classifier_expander,task_aware_final_accuracy,130501536,0.22470000000000012
vanilla,classifier_expander,task_aware_final_accuracy,492612040,0.20300000000000007
vanilla,classifier_expander,task_aware_forgetting,2101606466,-0.276
vanilla,classifier_expander,task_aware_forgetting,1872839281,-0.21974999999999995
vanilla,classifier_expander,task_aware_forgetting,637029796,-0.27625
vanilla,classifier_expander,task_aware_forgetting,1357204345,-0.20212499999999997
vanilla,classifier_expander,task_aware_forgetting,1758462037,-0.24762499999999998
vanilla,classifier_expander,task_aware_forgetting,748737880,-0.2748750000000001
vanilla,classifier_expander,task_aware_forgetting,1611510062,-0.24237500000000003
vanilla,classifier_expander,task_aware_forgetting,333205446,-0.2915
vanilla,classifier_expander,task_aware_forgetting,130501536,-0.277625
vanilla,classifier_expander,task_aware_forgetting,492612040,-0.25200000000000006
vanilla,classifier_expander,classifier_gap,2101606466,0.07619999999999999
vanilla,classifier_expander,classifier_gap,1872839281,0.035999999999999865
vanilla,classifier_expander,classifier_gap,637029796,0.04130000000000017
vanilla,classifier_expander,classifier_gap,1357204345,-0.006000000000000061
vanilla,classifier_expander,classifier_gap,1758462037,0.0257
vanilla,classifier_expander,classifier_gap,748737880,0.04330000000000023
vanilla,classifier_expander,classifier_gap,1611510062,0.03300000000000014
vanilla,classifier_expander,classifier_gap,333205446,0.08079999999999993
vanilla,classifier_expander,classifier_gap,130501536,0.04730000000000012
vanilla,classifier_expander,classifier_gap,492612040,0.02540000000000009
vanilla,classifier_expander,elapsed_seconds,2101606466,3.8322142279939726
vanilla,classifier_expander,elapsed_seconds,1872839281,2.724069249990862
vanilla,classifier_expander,elapsed_seconds,637029796,3.898791099025402
vanilla,classifier_expander,elapsed_seconds,1357204345,4.482233215007
vanilla,classifier_expander,elapsed_seconds,1758462037,3.857158200989943
vanilla,classifier_expander,elapsed_seconds,748737880,2.866785828024149
vanilla,classifier_expander,elapsed_seconds,1611510062,3.839481302013155
vanilla,classifier_expander,elapsed_seconds,333205446,3.966497781977523
vanilla,classifier_expander,elapsed_seconds,130501536,3.7297952540102415
vanilla,classifier_expander,elapsed_seconds,492612040,3.72165382001549
vanilla,classifier_expander,learner_examples_processed,2101606466,81344.0
vanilla,classifier_expander,learner_examples_processed,1872839281,81344.0
vanilla,classifier_expander,learner_examples_processed,637029796,81344.0
vanilla,classifier_expander,learner_examples_processed,1357204345,81344.0
vanilla,classifier_expander,learner_examples_processed,1758462037,81344.0
vanilla,classifier_expander,learner_examples_processed,748737880,81344.0
vanilla,classifier_expander,learner_examples_processed,1611510062,81344.0
vanilla,classifier_expander,learner_examples_processed,333205446,81344.0
vanilla,classifier_expander,learner_examples_processed,130501536,81344.0
vanilla,classifier_expander,learner_examples_processed,492612040,81344.0
vanilla,classifier_expander,total_model_examples_processed,2101606466,161984.0
vanilla,classifier_expander,total_model_examples_processed,1872839281,161984.0
vanilla,classifier_expander,total_model_examples_processed,637029796,161984.0
vanilla,classifier_expander,total_model_examples_processed,1357204345,161984.0
vanilla,classifier_expander,total_model_examples_processed,1758462037,161984.0
vanilla,classifier_expander,total_model_examples_processed,748737880,161984.0
vanilla,classifier_expander,total_model_examples_processed,1611510062,161984.0
vanilla,classifier_expander,total_model_examples_processed,333205446,161984.0
vanilla,classifier_expander,total_model_examples_processed,130501536,161984.0
vanilla,classifier_expander,total_model_examples_processed,492612040,161984.0
vanilla,classifier_expander,estimated_total_flops,2101606466,3640149737472.0
vanilla,classifier_expander,estimated_total_flops,1872839281,3640149737472.0
vanilla,classifier_expander,estimated_total_flops,637029796,3640149737472.0
vanilla,classifier_expander,estimated_total_flops,1357204345,3640149737472.0
vanilla,classifier_expander,estimated_total_flops,1758462037,3640149737472.0
vanilla,classifier_expander,estimated_total_flops,748737880,3640149737472.0
vanilla,classifier_expander,estimated_total_flops,1611510062,3640149737472.0
vanilla,classifier_expander,estimated_total_flops,333205446,3640149737472.0
vanilla,classifier_expander,estimated_total_flops,130501536,3640149737472.0
vanilla,classifier_expander,estimated_total_flops,492612040,3640149737472.0
vanilla,classifier_expander,estimated_overhead_flops,2101606466,0.0
vanilla,classifier_expander,estimated_overhead_flops,1872839281,0.0
vanilla,classifier_expander,estimated_overhead_flops,637029796,0.0
vanilla,classifier_expander,estimated_overhead_flops,1357204345,0.0
vanilla,classifier_expander,estimated_overhead_flops,1758462037,0.0
vanilla,classifier_expander,estimated_overhead_flops,748737880,0.0
vanilla,classifier_expander,estimated_overhead_flops,1611510062,0.0
vanilla,classifier_expander,estimated_overhead_flops,333205446,0.0
vanilla,classifier_expander,estimated_overhead_flops,130501536,0.0
vanilla,classifier_expander,estimated_overhead_flops,492612040,0.0
vanilla,classifier_expander,replay_memory_bytes,2101606466,2459200.0
vanilla,classifier_expander,replay_memory_bytes,1872839281,2459200.0
vanilla,classifier_expander,replay_memory_bytes,637029796,2459200.0
vanilla,classifier_expander,replay_memory_bytes,1357204345,2459200.0
vanilla,classifier_expander,replay_memory_bytes,1758462037,2459200.0
vanilla,classifier_expander,replay_memory_bytes,748737880,2459200.0
vanilla,classifier_expander,replay_memory_bytes,1611510062,2459200.0
vanilla,classifier_expander,replay_memory_bytes,333205446,2459200.0
vanilla,classifier_expander,replay_memory_bytes,130501536,2459200.0
vanilla,classifier_expander,replay_memory_bytes,492612040,2459200.0
vanilla,classifier_expander,stored_logits_bytes,2101606466,0.0
vanilla,classifier_expander,stored_logits_bytes,1872839281,0.0
vanilla,classifier_expander,stored_logits_bytes,637029796,0.0
vanilla,classifier_expander,stored_logits_bytes,1357204345,0.0
vanilla,classifier_expander,stored_logits_bytes,1758462037,0.0
vanilla,classifier_expander,stored_logits_bytes,748737880,0.0
vanilla,classifier_expander,stored_logits_bytes,1611510062,0.0
vanilla,classifier_expander,stored_logits_bytes,333205446,0.0
vanilla,classifier_expander,stored_logits_bytes,130501536,0.0
vanilla,classifier_expander,stored_logits_bytes,492612040,0.0
vanilla,slowheat_classifier_expander,final_average_accuracy,2101606466,0.15780000000000005
vanilla,slowheat_classifier_expander,final_average_accuracy,1872839281,0.1323
vanilla,slowheat_classifier_expander,final_average_accuracy,637029796,0.15459999999999996
vanilla,slowheat_classifier_expander,final_average_accuracy,1357204345,0.15679999999999997
vanilla,slowheat_classifier_expander,final_average_accuracy,1758462037,0.14390000000000003
vanilla,slowheat_classifier_expander,final_average_accuracy,748737880,0.15
vanilla,slowheat_classifier_expander,final_average_accuracy,1611510062,0.15199999999999997
vanilla,slowheat_classifier_expander,final_average_accuracy,333205446,0.15509999999999996
vanilla,slowheat_classifier_expander,final_average_accuracy,130501536,0.16590000000000005
vanilla,slowheat_classifier_expander,final_average_accuracy,492612040,0.1615
vanilla,slowheat_classifier_expander,average_forgetting,2101606466,-0.6320000000000001
vanilla,slowheat_classifier_expander,average_forgetting,1872839281,-0.585125
vanilla,slowheat_classifier_expander,average_forgetting,637029796,-0.5838749999999999
vanilla,slowheat_classifier_expander,average_forgetting,1357204345,-0.5596249999999999
vanilla,slowheat_classifier_expander,average_forgetting,1758462037,-0.6189999999999999
vanilla,slowheat_classifier_expander,average_forgetting,748737880,-0.5783750000000001
vanilla,slowheat_classifier_expander,average_forgetting,1611510062,-0.570125
vanilla,slowheat_classifier_expander,average_forgetting,333205446,-0.6125
vanilla,slowheat_classifier_expander,average_forgetting,130501536,-0.65175
vanilla,slowheat_classifier_expander,average_forgetting,492612040,-0.6055
vanilla,slowheat_classifier_expander,backward_transfer,2101606466,0.77175
vanilla,slowheat_classifier_expander,backward_transfer,1872839281,0.658625
vanilla,slowheat_classifier_expander,backward_transfer,637029796,0.737875
vanilla,slowheat_classifier_expander,backward_transfer,1357204345,0.7517499999999999
vanilla,slowheat_classifier_expander,backward_transfer,1758462037,0.8022499999999999
vanilla,slowheat_classifier_expander,backward_transfer,748737880,0.7040000000000001
vanilla,slowheat_classifier_expander,backward_transfer,1611510062,0.752125
vanilla,slowheat_classifier_expander,backward_transfer,333205446,0.77275
vanilla,slowheat_classifier_expander,backward_transfer,130501536,0.80775
vanilla,slowheat_classifier_expander,backward_transfer,492612040,0.7998750000000001
vanilla,slowheat_classifier_expander,forward_transfer,2101606466,0.084125
vanilla,slowheat_classifier_expander,forward_transfer,1872839281,0.12137499999999998
vanilla,slowheat_classifier_expander,forward_transfer,637029796,0.109625
vanilla,slowheat_classifier_expander,forward_transfer,1357204345,0.07812500000000003
vanilla,slowheat_classifier_expander,forward_transfer,1758462037,0.04824999999999999
vanilla,slowheat_classifier_expander,forward_transfer,748737880,0.08199999999999999
vanilla,slowheat_classifier_expander,forward_transfer,1611510062,0.00899999999999998
vanilla,slowheat_classifier_expander,forward_transfer,333205446,0.002874999999999999
vanilla,slowheat_classifier_expander,forward_transfer,130501536,0.059375000000000004
vanilla,slowheat_classifier_expander,forward_transfer,492612040,0.027124999999999996
vanilla,slowheat_classifier_expander,task_aware_final_accuracy,2101606466,0.20430000000000004
vanilla,slowheat_classifier_expander,task_aware_final_accuracy,1872839281,0.15470000000000006
vanilla,slowheat_classifier_expander,task_aware_final_accuracy,637029796,0.19589999999999996
vanilla,slowheat_classifier_expander,task_aware_final_accuracy,1357204345,0.14469999999999983
vanilla,slowheat_classifier_expander,task_aware_final_accuracy,1758462037,0.1664
vanilla,slowheat_classifier_expander,task_aware_final_accuracy,748737880,0.1936000000000001
vanilla,slowheat_classifier_expander,task_aware_final_accuracy,1611510062,0.16759999999999997
vanilla,slowheat_classifier_expander,task_aware_final_accuracy,333205446,0.20609999999999995
vanilla,slowheat_classifier_expander,task_aware_final_accuracy,130501536,0.20179999999999998
vanilla,slowheat_classifier_expander,task_aware_final_accuracy,492612040,0.18109999999999993
vanilla,slowheat_classifier_expander,task_aware_forgetting,2101606466,-0.27912499999999996
vanilla,slowheat_classifier_expander,task_aware_forgetting,1872839281,-0.22349999999999995
vanilla,slowheat_classifier_expander,task_aware_forgetting,637029796,-0.277625
vanilla,slowheat_classifier_expander,task_aware_forgetting,1357204345,-0.203
vanilla,slowheat_classifier_expander,task_aware_forgetting,1758462037,-0.23512499999999997
vanilla,slowheat_classifier_expander,task_aware_forgetting,748737880,-0.26937500000000003
vanilla,slowheat_classifier_expander,task_aware_forgetting,1611510062,-0.23675000000000007
vanilla,slowheat_classifier_expander,task_aware_forgetting,333205446,-0.284625
vanilla,slowheat_classifier_expander,task_aware_forgetting,130501536,-0.2745
vanilla,slowheat_classifier_expander,task_aware_forgetting,492612040,-0.25375000000000003
vanilla,slowheat_classifier_expander,classifier_gap,2101606466,0.046499999999999986
vanilla,slowheat_classifier_expander,classifier_gap,1872839281,0.02240000000000003
vanilla,slowheat_classifier_expander,classifier_gap,637029796,0.0413
vanilla,slowheat_classifier_expander,classifier_gap,1357204345,-0.01210000000000011
vanilla,slowheat_classifier_expander,classifier_gap,1758462037,0.022499999999999964
vanilla,slowheat_classifier_expander,classifier_gap,748737880,0.04360000000000014
vanilla,slowheat_classifier_expander,classifier_gap,1611510062,0.015600000000000003
vanilla,slowheat_classifier_expander,classifier_gap,333205446,0.05099999999999999
vanilla,slowheat_classifier_expander,classifier_gap,130501536,0.03589999999999993
vanilla,slowheat_classifier_expander,classifier_gap,492612040,0.01959999999999995
vanilla,slowheat_classifier_expander,elapsed_seconds,2101606466,7.589469972939696
vanilla,slowheat_classifier_expander,elapsed_seconds,1872839281,7.316553077020217
vanilla,slowheat_classifier_expander,elapsed_seconds,637029796,7.719304772967007
vanilla,slowheat_classifier_expander,elapsed_seconds,1357204345,8.176340656995308
vanilla,slowheat_classifier_expander,elapsed_seconds,1758462037,7.569612484017853
vanilla,slowheat_classifier_expander,elapsed_seconds,748737880,7.153454748040531
vanilla,slowheat_classifier_expander,elapsed_seconds,1611510062,7.539870762033388
vanilla,slowheat_classifier_expander,elapsed_seconds,333205446,7.778236494981684
vanilla,slowheat_classifier_expander,elapsed_seconds,130501536,7.515082314028405
vanilla,slowheat_classifier_expander,elapsed_seconds,492612040,7.082322540984023
vanilla,slowheat_classifier_expander,learner_examples_processed,2101606466,81344.0
vanilla,slowheat_classifier_expander,learner_examples_processed,1872839281,81344.0
vanilla,slowheat_classifier_expander,learner_examples_processed,637029796,81344.0
vanilla,slowheat_classifier_expander,learner_examples_processed,1357204345,81344.0
vanilla,slowheat_classifier_expander,learner_examples_processed,1758462037,81344.0
vanilla,slowheat_classifier_expander,learner_examples_processed,748737880,81344.0
vanilla,slowheat_classifier_expander,learner_examples_processed,1611510062,81344.0
vanilla,slowheat_classifier_expander,learner_examples_processed,333205446,81344.0
vanilla,slowheat_classifier_expander,learner_examples_processed,130501536,81344.0
vanilla,slowheat_classifier_expander,learner_examples_processed,492612040,81344.0
vanilla,slowheat_classifier_expander,total_model_examples_processed,2101606466,161984.0
vanilla,slowheat_classifier_expander,total_model_examples_processed,1872839281,161984.0
vanilla,slowheat_classifier_expander,total_model_examples_processed,637029796,161984.0
vanilla,slowheat_classifier_expander,total_model_examples_processed,1357204345,161984.0
vanilla,slowheat_classifier_expander,total_model_examples_processed,1758462037,161984.0
vanilla,slowheat_classifier_expander,total_model_examples_processed,748737880,161984.0
vanilla,slowheat_classifier_expander,total_model_examples_processed,1611510062,161984.0
vanilla,slowheat_classifier_expander,total_model_examples_processed,333205446,161984.0
vanilla,slowheat_classifier_expander,total_model_examples_processed,130501536,161984.0
vanilla,slowheat_classifier_expander,total_model_examples_processed,492612040,161984.0
vanilla,slowheat_classifier_expander,estimated_total_flops,2101606466,3640288662752.0
vanilla,slowheat_classifier_expander,estimated_total_flops,1872839281,3640288662752.0
vanilla,slowheat_classifier_expander,estimated_total_flops,637029796,3640288662752.0
vanilla,slowheat_classifier_expander,estimated_total_flops,1357204345,3640288662752.0
vanilla,slowheat_classifier_expander,estimated_total_flops,1758462037,3640288662752.0
vanilla,slowheat_classifier_expander,estimated_total_flops,748737880,3640288662752.0
vanilla,slowheat_classifier_expander,estimated_total_flops,1611510062,3640288662752.0
vanilla,slowheat_classifier_expander,estimated_total_flops,333205446,3640288662752.0
vanilla,slowheat_classifier_expander,estimated_total_flops,130501536,3640288662752.0
vanilla,slowheat_classifier_expander,estimated_total_flops,492612040,3640288662752.0
vanilla,slowheat_classifier_expander,estimated_overhead_flops,2101606466,138925280.0
vanilla,slowheat_classifier_expander,estimated_overhead_flops,1872839281,138925280.0
vanilla,slowheat_classifier_expander,estimated_overhead_flops,637029796,138925280.0
vanilla,slowheat_classifier_expander,estimated_overhead_flops,1357204345,138925280.0
vanilla,slowheat_classifier_expander,estimated_overhead_flops,1758462037,138925280.0
vanilla,slowheat_classifier_expander,estimated_overhead_flops,748737880,138925280.0
vanilla,slowheat_classifier_expander,estimated_overhead_flops,1611510062,138925280.0
vanilla,slowheat_classifier_expander,estimated_overhead_flops,333205446,138925280.0
vanilla,slowheat_classifier_expander,estimated_overhead_flops,130501536,138925280.0
vanilla,slowheat_classifier_expander,estimated_overhead_flops,492612040,138925280.0
vanilla,slowheat_classifier_expander,replay_memory_bytes,2101606466,2459200.0
vanilla,slowheat_classifier_expander,replay_memory_bytes,1872839281,2459200.0
vanilla,slowheat_classifier_expander,replay_memory_bytes,637029796,2459200.0
vanilla,slowheat_classifier_expander,replay_memory_bytes,1357204345,2459200.0
vanilla,slowheat_classifier_expander,replay_memory_bytes,1758462037,2459200.0
vanilla,slowheat_classifier_expander,replay_memory_bytes,748737880,2459200.0
vanilla,slowheat_classifier_expander,replay_memory_bytes,1611510062,2459200.0
vanilla,slowheat_classifier_expander,replay_memory_bytes,333205446,2459200.0
vanilla,slowheat_classifier_expander,replay_memory_bytes,130501536,2459200.0
vanilla,slowheat_classifier_expander,replay_memory_bytes,492612040,2459200.0
vanilla,slowheat_classifier_expander,stored_logits_bytes,2101606466,0.0
vanilla,slowheat_classifier_expander,stored_logits_bytes,1872839281,0.0
vanilla,slowheat_classifier_expander,stored_logits_bytes,637029796,0.0
vanilla,slowheat_classifier_expander,stored_logits_bytes,1357204345,0.0
vanilla,slowheat_classifier_expander,stored_logits_bytes,1758462037,0.0
vanilla,slowheat_classifier_expander,stored_logits_bytes,748737880,0.0
vanilla,slowheat_classifier_expander,stored_logits_bytes,1611510062,0.0
vanilla,slowheat_classifier_expander,stored_logits_bytes,333205446,0.0
vanilla,slowheat_classifier_expander,stored_logits_bytes,130501536,0.0
vanilla,slowheat_classifier_expander,stored_logits_bytes,492612040,0.0
vanilla,scroll,final_average_accuracy,2101606466,0.1417
vanilla,scroll,final_average_accuracy,1872839281,0.14209999999999998
vanilla,scroll,final_average_accuracy,637029796,0.14100000000000001
vanilla,scroll,final_average_accuracy,1357204345,0.1586
vanilla,scroll,final_average_accuracy,1758462037,0.138
vanilla,scroll,final_average_accuracy,748737880,0.14270000000000002
vanilla,scroll,final_average_accuracy,1611510062,0.125
vanilla,scroll,final_average_accuracy,333205446,0.1492
vanilla,scroll,final_average_accuracy,130501536,0.10710000000000003
vanilla,scroll,final_average_accuracy,492612040,0.15270000000000003
vanilla,scroll,average_forgetting,2101606466,-0.6948750000000001
vanilla,scroll,average_forgetting,1872839281,-0.56225
vanilla,scroll,average_forgetting,637029796,-0.6941249999999999
vanilla,scroll,average_forgetting,1357204345,-0.608
vanilla,scroll,average_forgetting,1758462037,-0.6014999999999999
vanilla,scroll,average_forgetting,748737880,-0.55525
vanilla,scroll,average_forgetting,1611510062,-0.555875
vanilla,scroll,average_forgetting,333205446,-0.6538750000000001
vanilla,scroll,average_forgetting,130501536,-0.652625
vanilla,scroll,average_forgetting,492612040,-0.6187500000000001
vanilla,scroll,backward_transfer,2101606466,0.7346250000000001
vanilla,scroll,backward_transfer,1872839281,0.687125
vanilla,scroll,backward_transfer,637029796,0.8314999999999999
vanilla,scroll,backward_transfer,1357204345,0.647625
vanilla,scroll,backward_transfer,1758462037,0.6277499999999998
vanilla,scroll,backward_transfer,748737880,0.6234999999999999
vanilla,scroll,backward_transfer,1611510062,0.6508750000000001
vanilla,scroll,backward_transfer,333205446,0.84225
vanilla,scroll,backward_transfer,130501536,0.6936249999999999
vanilla,scroll,backward_transfer,492612040,0.6821250000000001
vanilla,scroll,forward_transfer,2101606466,-0.07875000000000001
vanilla,scroll,forward_transfer,1872839281,-0.06187500000000001
vanilla,scroll,forward_transfer,637029796,-0.044125
vanilla,scroll,forward_transfer,1357204345,0.0
vanilla,scroll,forward_transfer,1758462037,-0.07975000000000003
vanilla,scroll,forward_transfer,748737880,-0.104125
vanilla,scroll,forward_transfer,1611510062,-0.006250000000000033
vanilla,scroll,forward_transfer,333205446,-0.11599999999999999
vanilla,scroll,forward_transfer,130501536,0.0
vanilla,scroll,forward_transfer,492612040,-0.089
vanilla,scroll,task_aware_final_accuracy,2101606466,0.11439999999999995
vanilla,scroll,task_aware_final_accuracy,1872839281,0.09030000000000005
vanilla,scroll,task_aware_final_accuracy,637029796,0.11250000000000016
vanilla,scroll,task_aware_final_accuracy,1357204345,0.08830000000000005
vanilla,scroll,task_aware_final_accuracy,1758462037,0.11729999999999996
vanilla,scroll,task_aware_final_accuracy,748737880,0.15639999999999998
vanilla,scroll,task_aware_final_accuracy,1611510062,0.09650000000000003
vanilla,scroll,task_aware_final_accuracy,333205446,0.12309999999999988
vanilla,scroll,task_aware_final_accuracy,130501536,0.15090000000000003
vanilla,scroll,task_aware_final_accuracy,492612040,0.11860000000000015
vanilla,scroll,task_aware_forgetting,2101606466,-0.24274999999999997
vanilla,scroll,task_aware_forgetting,1872839281,-0.250625
vanilla,scroll,task_aware_forgetting,637029796,-0.2955
vanilla,scroll,task_aware_forgetting,1357204345,-0.217875
vanilla,scroll,task_aware_forgetting,1758462037,-0.284625
vanilla,scroll,task_aware_forgetting,748737880,-0.312375
vanilla,scroll,task_aware_forgetting,1611510062,-0.27537500000000004
vanilla,scroll,task_aware_forgetting,333205446,-0.253625
vanilla,scroll,task_aware_forgetting,130501536,-0.327
vanilla,scroll,task_aware_forgetting,492612040,-0.28400000000000003
vanilla,scroll,classifier_gap,2101606466,-0.027300000000000046
vanilla,scroll,classifier_gap,1872839281,-0.05179999999999996
vanilla,scroll,classifier_gap,637029796,-0.02849999999999986
vanilla,scroll,classifier_gap,1357204345,-0.07029999999999992
vanilla,scroll,classifier_gap,1758462037,-0.02070000000000005
vanilla,scroll,classifier_gap,748737880,0.01369999999999999
vanilla,scroll,classifier_gap,1611510062,-0.02849999999999997
vanilla,scroll,classifier_gap,333205446,-0.026100000000000123
vanilla,scroll,classifier_gap,130501536,0.043800000000000006
vanilla,scroll,classifier_gap,492612040,-0.03409999999999985
vanilla,scroll,elapsed_seconds,2101606466,-5.341735441994388
vanilla,scroll,elapsed_seconds,1872839281,-5.402816976013128
vanilla,scroll,elapsed_seconds,637029796,-5.288222194940317
vanilla,scroll,elapsed_seconds,1357204345,-4.674201402987819
vanilla,scroll,elapsed_seconds,1758462037,-5.27549040899612
vanilla,scroll,elapsed_seconds,748737880,-5.2901415770174935
vanilla,scroll,elapsed_seconds,1611510062,-5.277669656963553
vanilla,scroll,elapsed_seconds,333205446,-5.200687391974498
vanilla,scroll,elapsed_seconds,130501536,-5.314727995020803
vanilla,scroll,elapsed_seconds,492612040,-5.438041059940588
vanilla,scroll,learner_examples_processed,2101606466,-160512.0
vanilla,scroll,learner_examples_processed,1872839281,-160512.0
vanilla,scroll,learner_examples_processed,637029796,-160512.0
vanilla,scroll,learner_examples_processed,1357204345,-160512.0
vanilla,scroll,learner_examples_processed,1758462037,-160512.0
vanilla,scroll,learner_examples_processed,748737880,-160512.0
vanilla,scroll,learner_examples_processed,1611510062,-160512.0
vanilla,scroll,learner_examples_processed,333205446,-160512.0
vanilla,scroll,learner_examples_processed,130501536,-160512.0
vanilla,scroll,learner_examples_processed,492612040,-160512.0
vanilla,scroll,total_model_examples_processed,2101606466,-120512.0
vanilla,scroll,total_model_examples_processed,1872839281,-120512.0
vanilla,scroll,total_model_examples_processed,637029796,-120512.0
vanilla,scroll,total_model_examples_processed,1357204345,-120512.0
vanilla,scroll,total_model_examples_processed,1758462037,-120512.0
vanilla,scroll,total_model_examples_processed,748737880,-120512.0
vanilla,scroll,total_model_examples_processed,1611510062,-120512.0
vanilla,scroll,total_model_examples_processed,333205446,-120512.0
vanilla,scroll,total_model_examples_processed,130501536,-120512.0
vanilla,scroll,total_model_examples_processed,492612040,-120512.0
vanilla,scroll,estimated_total_flops,2101606466,-4945033934971.0
vanilla,scroll,estimated_total_flops,1872839281,-4945033934971.0
vanilla,scroll,estimated_total_flops,637029796,-4945033934971.0
vanilla,scroll,estimated_total_flops,1357204345,-4945033934971.0
vanilla,scroll,estimated_total_flops,1758462037,-4945033934971.0
vanilla,scroll,estimated_total_flops,748737880,-4945033934971.0
vanilla,scroll,estimated_total_flops,1611510062,-4945033934971.0
vanilla,scroll,estimated_total_flops,333205446,-4945033934971.0
vanilla,scroll,estimated_total_flops,130501536,-4945033934971.0
vanilla,scroll,estimated_total_flops,492612040,-4945033934971.0
vanilla,scroll,estimated_overhead_flops,2101606466,5368792965.0
vanilla,scroll,estimated_overhead_flops,1872839281,5368792965.0
vanilla,scroll,estimated_overhead_flops,637029796,5368792965.0
vanilla,scroll,estimated_overhead_flops,1357204345,5368792965.0
vanilla,scroll,estimated_overhead_flops,1758462037,5368792965.0
vanilla,scroll,estimated_overhead_flops,748737880,5368792965.0
vanilla,scroll,estimated_overhead_flops,1611510062,5368792965.0
vanilla,scroll,estimated_overhead_flops,333205446,5368792965.0
vanilla,scroll,estimated_overhead_flops,130501536,5368792965.0
vanilla,scroll,estimated_overhead_flops,492612040,5368792965.0
vanilla,scroll,replay_memory_bytes,2101606466,2459200.0
vanilla,scroll,replay_memory_bytes,1872839281,2459200.0
vanilla,scroll,replay_memory_bytes,637029796,2459200.0
vanilla,scroll,replay_memory_bytes,1357204345,2459200.0
vanilla,scroll,replay_memory_bytes,1758462037,2459200.0
vanilla,scroll,replay_memory_bytes,748737880,2459200.0
vanilla,scroll,replay_memory_bytes,1611510062,2459200.0
vanilla,scroll,replay_memory_bytes,333205446,2459200.0
vanilla,scroll,replay_memory_bytes,130501536,2459200.0
vanilla,scroll,replay_memory_bytes,492612040,2459200.0
vanilla,scroll,stored_logits_bytes,2101606466,0.0
vanilla,scroll,stored_logits_bytes,1872839281,0.0
vanilla,scroll,stored_logits_bytes,637029796,0.0
vanilla,scroll,stored_logits_bytes,1357204345,0.0
vanilla,scroll,stored_logits_bytes,1758462037,0.0
vanilla,scroll,stored_logits_bytes,748737880,0.0
vanilla,scroll,stored_logits_bytes,1611510062,0.0
vanilla,scroll,stored_logits_bytes,333205446,0.0
vanilla,scroll,stored_logits_bytes,130501536,0.0
vanilla,scroll,stored_logits_bytes,492612040,0.0
vanilla,slowheat_scroll,final_average_accuracy,2101606466,0.22269999999999995
vanilla,slowheat_scroll,final_average_accuracy,1872839281,0.20470000000000002
vanilla,slowheat_scroll,final_average_accuracy,637029796,0.19570000000000004
vanilla,slowheat_scroll,final_average_accuracy,1357204345,0.2065
vanilla,slowheat_scroll,final_average_accuracy,1758462037,0.17109999999999997
vanilla,slowheat_scroll,final_average_accuracy,748737880,0.21959999999999993
vanilla,slowheat_scroll,final_average_accuracy,1611510062,0.14680000000000004
vanilla,slowheat_scroll,final_average_accuracy,333205446,0.20029999999999998
vanilla,slowheat_scroll,final_average_accuracy,130501536,0.15700000000000008
vanilla,slowheat_scroll,final_average_accuracy,492612040,0.2518
vanilla,slowheat_scroll,average_forgetting,2101606466,-0.68725
vanilla,slowheat_scroll,average_forgetting,1872839281,-0.60375
vanilla,slowheat_scroll,average_forgetting,637029796,-0.5727499999999999
vanilla,slowheat_scroll,average_forgetting,1357204345,-0.6742499999999999
vanilla,slowheat_scroll,average_forgetting,1758462037,-0.591375
vanilla,slowheat_scroll,average_forgetting,748737880,-0.5465
vanilla,slowheat_scroll,average_forgetting,1611510062,-0.6222500000000001
vanilla,slowheat_scroll,average_forgetting,333205446,-0.6757500000000001
vanilla,slowheat_scroll,average_forgetting,130501536,-0.693125
vanilla,slowheat_scroll,average_forgetting,492612040,-0.6551250000000001
vanilla,slowheat_scroll,backward_transfer,2101606466,0.7353750000000001
vanilla,slowheat_scroll,backward_transfer,1872839281,0.627375
vanilla,slowheat_scroll,backward_transfer,637029796,0.6104999999999999
vanilla,slowheat_scroll,backward_transfer,1357204345,0.714
vanilla,slowheat_scroll,backward_transfer,1758462037,0.6048749999999998
vanilla,slowheat_scroll,backward_transfer,748737880,0.5465
vanilla,slowheat_scroll,backward_transfer,1611510062,0.6258750000000002
vanilla,slowheat_scroll,backward_transfer,333205446,0.7253750000000001
vanilla,slowheat_scroll,backward_transfer,130501536,0.706125
vanilla,slowheat_scroll,backward_transfer,492612040,0.7176250000000001
vanilla,slowheat_scroll,forward_transfer,2101606466,-0.07875000000000001
vanilla,slowheat_scroll,forward_transfer,1872839281,-0.06187500000000001
vanilla,slowheat_scroll,forward_transfer,637029796,-0.044125
vanilla,slowheat_scroll,forward_transfer,1357204345,0.0
vanilla,slowheat_scroll,forward_transfer,1758462037,-0.07975000000000003
vanilla,slowheat_scroll,forward_transfer,748737880,-0.104125
vanilla,slowheat_scroll,forward_transfer,1611510062,-0.006250000000000033
vanilla,slowheat_scroll,forward_transfer,333205446,-0.11599999999999999
vanilla,slowheat_scroll,forward_transfer,130501536,0.0
vanilla,slowheat_scroll,forward_transfer,492612040,-0.089
vanilla,slowheat_scroll,task_aware_final_accuracy,2101606466,0.17669999999999986
vanilla,slowheat_scroll,task_aware_final_accuracy,1872839281,0.13139999999999996
vanilla,slowheat_scroll,task_aware_final_accuracy,637029796,0.1401000000000001
vanilla,slowheat_scroll,task_aware_final_accuracy,1357204345,0.12150000000000005
vanilla,slowheat_scroll,task_aware_final_accuracy,1758462037,0.13529999999999998
vanilla,slowheat_scroll,task_aware_final_accuracy,748737880,0.19510000000000005
vanilla,slowheat_scroll,task_aware_final_accuracy,1611510062,0.13480000000000003
vanilla,slowheat_scroll,task_aware_final_accuracy,333205446,0.14750000000000008
vanilla,slowheat_scroll,task_aware_final_accuracy,130501536,0.1916000000000001
vanilla,slowheat_scroll,task_aware_final_accuracy,492612040,0.1774
vanilla,slowheat_scroll,task_aware_forgetting,2101606466,-0.28737499999999994
vanilla,slowheat_scroll,task_aware_forgetting,1872839281,-0.2425
vanilla,slowheat_scroll,task_aware_forgetting,637029796,-0.2865
vanilla,slowheat_scroll,task_aware_forgetting,1357204345,-0.20175
vanilla,slowheat_scroll,task_aware_forgetting,1758462037,-0.23512499999999997
vanilla,slowheat_scroll,task_aware_forgetting,748737880,-0.28950000000000004
vanilla,slowheat_scroll,task_aware_forgetting,1611510062,-0.265125
vanilla,slowheat_scroll,task_aware_forgetting,333205446,-0.243375
vanilla,slowheat_scroll,task_aware_forgetting,130501536,-0.28600000000000003
vanilla,slowheat_scroll,task_aware_forgetting,492612040,-0.266
vanilla,slowheat_scroll,classifier_gap,2101606466,-0.046000000000000096
vanilla,slowheat_scroll,classifier_gap,1872839281,-0.07330000000000009
vanilla,slowheat_scroll,classifier_gap,637029796,-0.05559999999999993
vanilla,slowheat_scroll,classifier_gap,1357204345,-0.08499999999999991
vanilla,slowheat_scroll,classifier_gap,1758462037,-0.0358
vanilla,slowheat_scroll,classifier_gap,748737880,-0.024499999999999855
vanilla,slowheat_scroll,classifier_gap,1611510062,-0.01200000000000001
vanilla,slowheat_scroll,classifier_gap,333205446,-0.0527999999999999
vanilla,slowheat_scroll,classifier_gap,130501536,0.03460000000000002
vanilla,slowheat_scroll,classifier_gap,492612040,-0.07440000000000002
vanilla,slowheat_scroll,elapsed_seconds,2101606466,-4.6016964570153505
vanilla,slowheat_scroll,elapsed_seconds,1872839281,-4.686398802965414
vanilla,slowheat_scroll,elapsed_seconds,637029796,-4.698984262009617
vanilla,slowheat_scroll,elapsed_seconds,1357204345,-3.946300773997791
vanilla,slowheat_scroll,elapsed_seconds,1758462037,-4.541247581015341
vanilla,slowheat_scroll,elapsed_seconds,748737880,-4.564415588974953
vanilla,slowheat_scroll,elapsed_seconds,1611510062,-4.554680954024661
vanilla,slowheat_scroll,elapsed_seconds,333205446,-4.470450681983493
vanilla,slowheat_scroll,elapsed_seconds,130501536,-4.571372222038917
vanilla,slowheat_scroll,elapsed_seconds,492612040,-4.729378896940034
vanilla,slowheat_scroll,learner_examples_processed,2101606466,-160512.0
vanilla,slowheat_scroll,learner_examples_processed,1872839281,-160512.0
vanilla,slowheat_scroll,learner_examples_processed,637029796,-160512.0
vanilla,slowheat_scroll,learner_examples_processed,1357204345,-160512.0
vanilla,slowheat_scroll,learner_examples_processed,1758462037,-160512.0
vanilla,slowheat_scroll,learner_examples_processed,748737880,-160512.0
vanilla,slowheat_scroll,learner_examples_processed,1611510062,-160512.0
vanilla,slowheat_scroll,learner_examples_processed,333205446,-160512.0
vanilla,slowheat_scroll,learner_examples_processed,130501536,-160512.0
vanilla,slowheat_scroll,learner_examples_processed,492612040,-160512.0
vanilla,slowheat_scroll,total_model_examples_processed,2101606466,-120512.0
vanilla,slowheat_scroll,total_model_examples_processed,1872839281,-120512.0
vanilla,slowheat_scroll,total_model_examples_processed,637029796,-120512.0
vanilla,slowheat_scroll,total_model_examples_processed,1357204345,-120512.0
vanilla,slowheat_scroll,total_model_examples_processed,1758462037,-120512.0
vanilla,slowheat_scroll,total_model_examples_processed,748737880,-120512.0
vanilla,slowheat_scroll,total_model_examples_processed,1611510062,-120512.0
vanilla,slowheat_scroll,total_model_examples_processed,333205446,-120512.0
vanilla,slowheat_scroll,total_model_examples_processed,130501536,-120512.0
vanilla,slowheat_scroll,total_model_examples_processed,492612040,-120512.0
vanilla,slowheat_scroll,estimated_total_flops,2101606466,-4945012340891.0
vanilla,slowheat_scroll,estimated_total_flops,1872839281,-4945012340891.0
vanilla,slowheat_scroll,estimated_total_flops,637029796,-4945012340891.0
vanilla,slowheat_scroll,estimated_total_flops,1357204345,-4945012340891.0
vanilla,slowheat_scroll,estimated_total_flops,1758462037,-4945012340891.0
vanilla,slowheat_scroll,estimated_total_flops,748737880,-4945012340891.0
vanilla,slowheat_scroll,estimated_total_flops,1611510062,-4945012340891.0
vanilla,slowheat_scroll,estimated_total_flops,333205446,-4945012340891.0
vanilla,slowheat_scroll,estimated_total_flops,130501536,-4945012340891.0
vanilla,slowheat_scroll,estimated_total_flops,492612040,-4945012340891.0
vanilla,slowheat_scroll,estimated_overhead_flops,2101606466,5390387045.0
vanilla,slowheat_scroll,estimated_overhead_flops,1872839281,5390387045.0
vanilla,slowheat_scroll,estimated_overhead_flops,637029796,5390387045.0
vanilla,slowheat_scroll,estimated_overhead_flops,1357204345,5390387045.0
vanilla,slowheat_scroll,estimated_overhead_flops,1758462037,5390387045.0
vanilla,slowheat_scroll,estimated_overhead_flops,748737880,5390387045.0
vanilla,slowheat_scroll,estimated_overhead_flops,1611510062,5390387045.0
vanilla,slowheat_scroll,estimated_overhead_flops,333205446,5390387045.0
vanilla,slowheat_scroll,estimated_overhead_flops,130501536,5390387045.0
vanilla,slowheat_scroll,estimated_overhead_flops,492612040,5390387045.0
vanilla,slowheat_scroll,replay_memory_bytes,2101606466,2459200.0
vanilla,slowheat_scroll,replay_memory_bytes,1872839281,2459200.0
vanilla,slowheat_scroll,replay_memory_bytes,637029796,2459200.0
vanilla,slowheat_scroll,replay_memory_bytes,1357204345,2459200.0
vanilla,slowheat_scroll,replay_memory_bytes,1758462037,2459200.0
vanilla,slowheat_scroll,replay_memory_bytes,748737880,2459200.0
vanilla,slowheat_scroll,replay_memory_bytes,1611510062,2459200.0
vanilla,slowheat_scroll,replay_memory_bytes,333205446,2459200.0
vanilla,slowheat_scroll,replay_memory_bytes,130501536,2459200.0
vanilla,slowheat_scroll,replay_memory_bytes,492612040,2459200.0
vanilla,slowheat_scroll,stored_logits_bytes,2101606466,0.0
vanilla,slowheat_scroll,stored_logits_bytes,1872839281,0.0
vanilla,slowheat_scroll,stored_logits_bytes,637029796,0.0
vanilla,slowheat_scroll,stored_logits_bytes,1357204345,0.0
vanilla,slowheat_scroll,stored_logits_bytes,1758462037,0.0
vanilla,slowheat_scroll,stored_logits_bytes,748737880,0.0
vanilla,slowheat_scroll,stored_logits_bytes,1611510062,0.0
vanilla,slowheat_scroll,stored_logits_bytes,333205446,0.0
vanilla,slowheat_scroll,stored_logits_bytes,130501536,0.0
vanilla,slowheat_scroll,stored_logits_bytes,492612040,0.0
lpr,vanilla,final_average_accuracy,2101606466,-0.193
lpr,vanilla,final_average_accuracy,1872839281,-0.1927
lpr,vanilla,final_average_accuracy,637029796,-0.18270000000000003
lpr,vanilla,final_average_accuracy,1357204345,-0.18610000000000002
lpr,vanilla,final_average_accuracy,1758462037,-0.19039999999999996
lpr,vanilla,final_average_accuracy,748737880,-0.18650000000000003
lpr,vanilla,final_average_accuracy,1611510062,-0.20920000000000005
lpr,vanilla,final_average_accuracy,333205446,-0.19639999999999996
lpr,vanilla,final_average_accuracy,130501536,-0.17790000000000006
lpr,vanilla,final_average_accuracy,492612040,-0.20170000000000002
lpr,vanilla,average_forgetting,2101606466,0.2340000000000001
lpr,vanilla,average_forgetting,1872839281,0.23512500000000003
lpr,vanilla,average_forgetting,637029796,0.2291249999999999
lpr,vanilla,average_forgetting,1357204345,0.22050000000000003
lpr,vanilla,average_forgetting,1758462037,0.22499999999999987
lpr,vanilla,average_forgetting,748737880,0.22662499999999997
lpr,vanilla,average_forgetting,1611510062,0.259375
lpr,vanilla,average_forgetting,333205446,0.23712500000000003
lpr,vanilla,average_forgetting,130501536,0.21850000000000003
lpr,vanilla,average_forgetting,492612040,0.24224999999999997
lpr,vanilla,backward_transfer,2101606466,-0.2340000000000001
lpr,vanilla,backward_transfer,1872839281,-0.23512500000000003
lpr,vanilla,backward_transfer,637029796,-0.2291249999999999
lpr,vanilla,backward_transfer,1357204345,-0.22050000000000003
lpr,vanilla,backward_transfer,1758462037,-0.22499999999999987
lpr,vanilla,backward_transfer,748737880,-0.22662499999999997
lpr,vanilla,backward_transfer,1611510062,-0.259375
lpr,vanilla,backward_transfer,333205446,-0.23712500000000003
lpr,vanilla,backward_transfer,130501536,-0.21850000000000003
lpr,vanilla,backward_transfer,492612040,-0.24224999999999997
lpr,vanilla,forward_transfer,2101606466,-0.065
lpr,vanilla,forward_transfer,1872839281,-0.06437499999999997
lpr,vanilla,forward_transfer,637029796,-0.170375
lpr,vanilla,forward_transfer,1357204345,-0.09600000000000002
lpr,vanilla,forward_transfer,1758462037,-0.13074999999999998
lpr,vanilla,forward_transfer,748737880,-0.178875
lpr,vanilla,forward_transfer,1611510062,-0.01312499999999997
lpr,vanilla,forward_transfer,333205446,-0.15975
lpr,vanilla,forward_transfer,130501536,-0.06125
lpr,vanilla,forward_transfer,492612040,-0.05237499999999999
lpr,vanilla,task_aware_final_accuracy,2101606466,-0.23850000000000005
lpr,vanilla,task_aware_final_accuracy,1872839281,-0.18579999999999997
lpr,vanilla,task_aware_final_accuracy,637029796,-0.22970000000000002
lpr,vanilla,task_aware_final_accuracy,1357204345,-0.18079999999999985
lpr,vanilla,task_aware_final_accuracy,1758462037,-0.2126
lpr,vanilla,task_aware_final_accuracy,748737880,-0.24150000000000016
lpr,vanilla,task_aware_final_accuracy,1611510062,-0.2003999999999999
lpr,vanilla,task_aware_final_accuracy,333205446,-0.24729999999999985
lpr,vanilla,task_aware_final_accuracy,130501536,-0.2124999999999999
lpr,vanilla,task_aware_final_accuracy,492612040,-0.21309999999999996
lpr,vanilla,task_aware_forgetting,2101606466,0.271
lpr,vanilla,task_aware_forgetting,1872839281,0.21037499999999998
lpr,vanilla,task_aware_forgetting,637029796,0.272
lpr,vanilla,task_aware_forgetting,1357204345,0.19587500000000002
lpr,vanilla,task_aware_forgetting,1758462037,0.23562499999999995
lpr,vanilla,task_aware_forgetting,748737880,0.27825
lpr,vanilla,task_aware_forgetting,1611510062,0.2305
lpr,vanilla,task_aware_forgetting,333205446,0.28300000000000003
lpr,vanilla,task_aware_forgetting,130501536,0.24100000000000002
lpr,vanilla,task_aware_forgetting,492612040,0.239875
lpr,vanilla,classifier_gap,2101606466,-0.04550000000000004
lpr,vanilla,classifier_gap,1872839281,0.006900000000000073
lpr,vanilla,classifier_gap,637029796,-0.046999999999999986
lpr,vanilla,classifier_gap,1357204345,0.005300000000000138
lpr,vanilla,classifier_gap,1758462037,-0.022200000000000053
lpr,vanilla,classifier_gap,748737880,-0.05500000000000016
lpr,vanilla,classifier_gap,1611510062,0.008800000000000141
lpr,vanilla,classifier_gap,333205446,-0.05089999999999989
lpr,vanilla,classifier_gap,130501536,-0.03459999999999985
lpr,vanilla,classifier_gap,492612040,-0.011399999999999966
lpr,vanilla,elapsed_seconds,2101606466,-3.1878363189753145
lpr,vanilla,elapsed_seconds,1872839281,-2.1412708690040745
lpr,vanilla,elapsed_seconds,637029796,-3.259463170019444
lpr,vanilla,elapsed_seconds,1357204345,-3.849637612060178
lpr,vanilla,elapsed_seconds,1758462037,-3.1692041909554973
lpr,vanilla,elapsed_seconds,748737880,-2.2320489510311745
lpr,vanilla,elapsed_seconds,1611510062,-3.21721209702082
lpr,vanilla,elapsed_seconds,333205446,-3.2993205249658786
lpr,vanilla,elapsed_seconds,130501536,-3.2004735660157166
lpr,vanilla,elapsed_seconds,492612040,-3.108122566016391
lpr,vanilla,learner_examples_processed,2101606466,-80640.0
lpr,vanilla,learner_examples_processed,1872839281,-80640.0
lpr,vanilla,learner_examples_processed,637029796,-80640.0
lpr,vanilla,learner_examples_processed,1357204345,-80640.0
lpr,vanilla,learner_examples_processed,1758462037,-80640.0
lpr,vanilla,learner_examples_processed,748737880,-80640.0
lpr,vanilla,learner_examples_processed,1611510062,-80640.0
lpr,vanilla,learner_examples_processed,333205446,-80640.0
lpr,vanilla,learner_examples_processed,130501536,-80640.0
lpr,vanilla,learner_examples_processed,492612040,-80640.0
lpr,vanilla,total_model_examples_processed,2101606466,-84920.0
lpr,vanilla,total_model_examples_processed,1872839281,-84920.0
lpr,vanilla,total_model_examples_processed,637029796,-84920.0
lpr,vanilla,total_model_examples_processed,1357204345,-84920.0
lpr,vanilla,total_model_examples_processed,1758462037,-84920.0
lpr,vanilla,total_model_examples_processed,748737880,-84920.0
lpr,vanilla,total_model_examples_processed,1611510062,-84920.0
lpr,vanilla,total_model_examples_processed,333205446,-84920.0
lpr,vanilla,total_model_examples_processed,130501536,-84920.0
lpr,vanilla,total_model_examples_processed,492612040,-84920.0
lpr,vanilla,estimated_total_flops,2101606466,-2777949456662.0
lpr,vanilla,estimated_total_flops,1872839281,-2777949456662.0
lpr,vanilla,estimated_total_flops,637029796,-2777949456662.0
lpr,vanilla,estimated_total_flops,1357204345,-2777949456662.0
lpr,vanilla,estimated_total_flops,1758462037,-2777949456662.0
lpr,vanilla,estimated_total_flops,748737880,-2777949456662.0
lpr,vanilla,estimated_total_flops,1611510062,-2777949456662.0
lpr,vanilla,estimated_total_flops,333205446,-2777949456662.0
lpr,vanilla,estimated_total_flops,130501536,-2777949456662.0
lpr,vanilla,estimated_total_flops,492612040,-2777949456662.0
lpr,vanilla,estimated_overhead_flops,2101606466,-17610205462.0
lpr,vanilla,estimated_overhead_flops,1872839281,-17610205462.0
lpr,vanilla,estimated_overhead_flops,637029796,-17610205462.0
lpr,vanilla,estimated_overhead_flops,1357204345,-17610205462.0
lpr,vanilla,estimated_overhead_flops,1758462037,-17610205462.0
lpr,vanilla,estimated_overhead_flops,748737880,-17610205462.0
lpr,vanilla,estimated_overhead_flops,1611510062,-17610205462.0
lpr,vanilla,estimated_overhead_flops,333205446,-17610205462.0
lpr,vanilla,estimated_overhead_flops,130501536,-17610205462.0
lpr,vanilla,estimated_overhead_flops,492612040,-17610205462.0
lpr,vanilla,replay_memory_bytes,2101606466,-2459200.0
lpr,vanilla,replay_memory_bytes,1872839281,-2459200.0
lpr,vanilla,replay_memory_bytes,637029796,-2459200.0
lpr,vanilla,replay_memory_bytes,1357204345,-2459200.0
lpr,vanilla,replay_memory_bytes,1758462037,-2459200.0
lpr,vanilla,replay_memory_bytes,748737880,-2459200.0
lpr,vanilla,replay_memory_bytes,1611510062,-2459200.0
lpr,vanilla,replay_memory_bytes,333205446,-2459200.0
lpr,vanilla,replay_memory_bytes,130501536,-2459200.0
lpr,vanilla,replay_memory_bytes,492612040,-2459200.0
lpr,vanilla,stored_logits_bytes,2101606466,0.0
lpr,vanilla,stored_logits_bytes,1872839281,0.0
lpr,vanilla,stored_logits_bytes,637029796,0.0
lpr,vanilla,stored_logits_bytes,1357204345,0.0
lpr,vanilla,stored_logits_bytes,1758462037,0.0
lpr,vanilla,stored_logits_bytes,748737880,0.0
lpr,vanilla,stored_logits_bytes,1611510062,0.0
lpr,vanilla,stored_logits_bytes,333205446,0.0
lpr,vanilla,stored_logits_bytes,130501536,0.0
lpr,vanilla,stored_logits_bytes,492612040,0.0
lpr,slowheat_none,final_average_accuracy,2101606466,-0.1871
lpr,slowheat_none,final_average_accuracy,1872839281,-0.19630000000000003
lpr,slowheat_none,final_average_accuracy,637029796,-0.18170000000000003
lpr,slowheat_none,final_average_accuracy,1357204345,-0.18400000000000002
lpr,slowheat_none,final_average_accuracy,1758462037,-0.19269999999999998
lpr,slowheat_none,final_average_accuracy,748737880,-0.18270000000000003
lpr,slowheat_none,final_average_accuracy,1611510062,-0.20910000000000006
lpr,slowheat_none,final_average_accuracy,333205446,-0.19459999999999997
lpr,slowheat_none,final_average_accuracy,130501536,-0.17780000000000004
lpr,slowheat_none,final_average_accuracy,492612040,-0.20290000000000002
lpr,slowheat_none,average_forgetting,2101606466,0.23487500000000006
lpr,slowheat_none,average_forgetting,1872839281,0.237375
lpr,slowheat_none,average_forgetting,637029796,0.23162500000000008
lpr,slowheat_none,average_forgetting,1357204345,0.22124999999999995
lpr,slowheat_none,average_forgetting,1758462037,0.2257499999999999
lpr,slowheat_none,average_forgetting,748737880,0.22762499999999997
lpr,slowheat_none,average_forgetting,1611510062,0.258625
lpr,slowheat_none,average_forgetting,333205446,0.23750000000000004
lpr,slowheat_none,average_forgetting,130501536,0.21687500000000004
lpr,slowheat_none,average_forgetting,492612040,0.2413749999999999
lpr,slowheat_none,backward_transfer,2101606466,-0.23487500000000006
lpr,slowheat_none,backward_transfer,1872839281,-0.237375
lpr,slowheat_none,backward_transfer,637029796,-0.23162500000000008
lpr,slowheat_none,backward_transfer,1357204345,-0.22124999999999995
lpr,slowheat_none,backward_transfer,1758462037,-0.2257499999999999
lpr,slowheat_none,backward_transfer,748737880,-0.22762499999999997
lpr,slowheat_none,backward_transfer,1611510062,-0.258625
lpr,slowheat_none,backward_transfer,333205446,-0.23750000000000004
lpr,slowheat_none,backward_transfer,130501536,-0.21687500000000004
lpr,slowheat_none,backward_transfer,492612040,-0.2413749999999999
lpr,slowheat_none,forward_transfer,2101606466,-0.06512500000000002
lpr,slowheat_none,forward_transfer,1872839281,-0.06537499999999997
lpr,slowheat_none,forward_transfer,637029796,-0.17375000000000002
lpr,slowheat_none,forward_transfer,1357204345,-0.095875
lpr,slowheat_none,forward_transfer,1758462037,-0.13087500000000002
lpr,slowheat_none,forward_transfer,748737880,-0.1805
lpr,slowheat_none,forward_transfer,1611510062,-0.013249999999999984
lpr,slowheat_none,forward_transfer,333205446,-0.16
lpr,slowheat_none,forward_transfer,130501536,-0.06125
lpr,slowheat_none,forward_transfer,492612040,-0.05237499999999999
lpr,slowheat_none,task_aware_final_accuracy,2101606466,-0.21200000000000008
lpr,slowheat_none,task_aware_final_accuracy,1872839281,-0.16920000000000002
lpr,slowheat_none,task_aware_final_accuracy,637029796,-0.18910000000000005
lpr,slowheat_none,task_aware_final_accuracy,1357204345,-0.24009999999999987
lpr,slowheat_none,task_aware_final_accuracy,1758462037,-0.20040000000000002
lpr,slowheat_none,task_aware_final_accuracy,748737880,-0.2584000000000001
lpr,slowheat_none,task_aware_final_accuracy,1611510062,-0.1772999999999998
lpr,slowheat_none,task_aware_final_accuracy,333205446,-0.20509999999999995
lpr,slowheat_none,task_aware_final_accuracy,130501536,-0.16349999999999998
lpr,slowheat_none,task_aware_final_accuracy,492612040,-0.21819999999999995
lpr,slowheat_none,task_aware_forgetting,2101606466,0.246125
lpr,slowheat_none,task_aware_forgetting,1872839281,0.187375
lpr,slowheat_none,task_aware_forgetting,637029796,0.22500000000000006
lpr,slowheat_none,task_aware_forgetting,1357204345,0.273375
lpr,slowheat_none,task_aware_forgetting,1758462037,0.21824999999999997
lpr,slowheat_none,task_aware_forgetting,748737880,0.305125
lpr,slowheat_none,task_aware_forgetting,1611510062,0.20099999999999993
lpr,slowheat_none,task_aware_forgetting,333205446,0.23287500000000003
lpr,slowheat_none,task_aware_forgetting,130501536,0.17824999999999994
lpr,slowheat_none,task_aware_forgetting,492612040,0.24387499999999995
lpr,slowheat_none,classifier_gap,2101606466,-0.02490000000000009
lpr,slowheat_none,classifier_gap,1872839281,0.027100000000000013
lpr,slowheat_none,classifier_gap,637029796,-0.007400000000000018
lpr,slowheat_none,classifier_gap,1357204345,-0.05609999999999987
lpr,slowheat_none,classifier_gap,1758462037,-0.00770000000000004
lpr,slowheat_none,classifier_gap,748737880,-0.07570000000000005
lpr,slowheat_none,classifier_gap,1611510062,0.03180000000000027
lpr,slowheat_none,classifier_gap,333205446,-0.010499999999999954
lpr,slowheat_none,classifier_gap,130501536,0.014300000000000035
lpr,slowheat_none,classifier_gap,492612040,-0.015299999999999925
lpr,slowheat_none,elapsed_seconds,2101606466,1.792862665024586
lpr,slowheat_none,elapsed_seconds,1872839281,2.7178390990011394
lpr,slowheat_none,elapsed_seconds,637029796,1.6690892829792574
lpr,slowheat_none,elapsed_seconds,1357204345,0.9539566799649037
lpr,slowheat_none,elapsed_seconds,1758462037,1.8208372430526651
lpr,slowheat_none,elapsed_seconds,748737880,2.5089664759580046
lpr,slowheat_none,elapsed_seconds,1611510062,1.8256587060168386
lpr,slowheat_none,elapsed_seconds,333205446,1.0440279840258881
lpr,slowheat_none,elapsed_seconds,130501536,1.7305591219919734
lpr,slowheat_none,elapsed_seconds,492612040,1.7763892480288632
lpr,slowheat_none,learner_examples_processed,2101606466,-80640.0
lpr,slowheat_none,learner_examples_processed,1872839281,-80640.0
lpr,slowheat_none,learner_examples_processed,637029796,-80640.0
lpr,slowheat_none,learner_examples_processed,1357204345,-80640.0
lpr,slowheat_none,learner_examples_processed,1758462037,-80640.0
lpr,slowheat_none,learner_examples_processed,748737880,-80640.0
lpr,slowheat_none,learner_examples_processed,1611510062,-80640.0
lpr,slowheat_none,learner_examples_processed,333205446,-80640.0
lpr,slowheat_none,learner_examples_processed,130501536,-80640.0
lpr,slowheat_none,learner_examples_processed,492612040,-80640.0
lpr,slowheat_none,total_model_examples_processed,2101606466,-84920.0
lpr,slowheat_none,total_model_examples_processed,1872839281,-84920.0
lpr,slowheat_none,total_model_examples_processed,637029796,-84920.0
lpr,slowheat_none,total_model_examples_processed,1357204345,-84920.0
lpr,slowheat_none,total_model_examples_processed,1758462037,-84920.0
lpr,slowheat_none,total_model_examples_processed,748737880,-84920.0
lpr,slowheat_none,total_model_examples_processed,1611510062,-84920.0
lpr,slowheat_none,total_model_examples_processed,333205446,-84920.0
lpr,slowheat_none,total_model_examples_processed,130501536,-84920.0
lpr,slowheat_none,total_model_examples_processed,492612040,-84920.0
lpr,slowheat_none,estimated_total_flops,2101606466,-2777829388112.0
lpr,slowheat_none,estimated_total_flops,1872839281,-2777829388112.0
lpr,slowheat_none,estimated_total_flops,637029796,-2777829388112.0
lpr,slowheat_none,estimated_total_flops,1357204345,-2777829388112.0
lpr,slowheat_none,estimated_total_flops,1758462037,-2777829388112.0
lpr,slowheat_none,estimated_total_flops,748737880,-2777829388112.0
lpr,slowheat_none,estimated_total_flops,1611510062,-2777829388112.0
lpr,slowheat_none,estimated_total_flops,333205446,-2777829388112.0
lpr,slowheat_none,estimated_total_flops,130501536,-2777829388112.0
lpr,slowheat_none,estimated_total_flops,492612040,-2777829388112.0
lpr,slowheat_none,estimated_overhead_flops,2101606466,-17490136912.0
lpr,slowheat_none,estimated_overhead_flops,1872839281,-17490136912.0
lpr,slowheat_none,estimated_overhead_flops,637029796,-17490136912.0
lpr,slowheat_none,estimated_overhead_flops,1357204345,-17490136912.0
lpr,slowheat_none,estimated_overhead_flops,1758462037,-17490136912.0
lpr,slowheat_none,estimated_overhead_flops,748737880,-17490136912.0
lpr,slowheat_none,estimated_overhead_flops,1611510062,-17490136912.0
lpr,slowheat_none,estimated_overhead_flops,333205446,-17490136912.0
lpr,slowheat_none,estimated_overhead_flops,130501536,-17490136912.0
lpr,slowheat_none,estimated_overhead_flops,492612040,-17490136912.0
lpr,slowheat_none,replay_memory_bytes,2101606466,-2459200.0
lpr,slowheat_none,replay_memory_bytes,1872839281,-2459200.0
lpr,slowheat_none,replay_memory_bytes,637029796,-2459200.0
lpr,slowheat_none,replay_memory_bytes,1357204345,-2459200.0
lpr,slowheat_none,replay_memory_bytes,1758462037,-2459200.0
lpr,slowheat_none,replay_memory_bytes,748737880,-2459200.0
lpr,slowheat_none,replay_memory_bytes,1611510062,-2459200.0
lpr,slowheat_none,replay_memory_bytes,333205446,-2459200.0
lpr,slowheat_none,replay_memory_bytes,130501536,-2459200.0
lpr,slowheat_none,replay_memory_bytes,492612040,-2459200.0
lpr,slowheat_none,stored_logits_bytes,2101606466,0.0
lpr,slowheat_none,stored_logits_bytes,1872839281,0.0
lpr,slowheat_none,stored_logits_bytes,637029796,0.0
lpr,slowheat_none,stored_logits_bytes,1357204345,0.0
lpr,slowheat_none,stored_logits_bytes,1758462037,0.0
lpr,slowheat_none,stored_logits_bytes,748737880,0.0
lpr,slowheat_none,stored_logits_bytes,1611510062,0.0
lpr,slowheat_none,stored_logits_bytes,333205446,0.0
lpr,slowheat_none,stored_logits_bytes,130501536,0.0
lpr,slowheat_none,stored_logits_bytes,492612040,0.0
lpr,slowheat_unidirectional,final_average_accuracy,2101606466,-0.1927
lpr,slowheat_unidirectional,final_average_accuracy,1872839281,-0.20230000000000004
lpr,slowheat_unidirectional,final_average_accuracy,637029796,-0.19080000000000003
lpr,slowheat_unidirectional,final_average_accuracy,1357204345,-0.1899
lpr,slowheat_unidirectional,final_average_accuracy,1758462037,-0.19239999999999996
lpr,slowheat_unidirectional,final_average_accuracy,748737880,-0.18860000000000002
lpr,slowheat_unidirectional,final_average_accuracy,1611510062,-0.22250000000000006
lpr,slowheat_unidirectional,final_average_accuracy,333205446,-0.1951
lpr,slowheat_unidirectional,final_average_accuracy,130501536,-0.17850000000000005
lpr,slowheat_unidirectional,final_average_accuracy,492612040,-0.20420000000000002
lpr,slowheat_unidirectional,average_forgetting,2101606466,0.20987500000000014
lpr,slowheat_unidirectional,average_forgetting,1872839281,0.20425000000000004
lpr,slowheat_unidirectional,average_forgetting,637029796,0.20462499999999995
lpr,slowheat_unidirectional,average_forgetting,1357204345,0.19787500000000002
lpr,slowheat_unidirectional,average_forgetting,1758462037,0.19474999999999998
lpr,slowheat_unidirectional,average_forgetting,748737880,0.18937499999999996
lpr,slowheat_unidirectional,average_forgetting,1611510062,0.2437499999999999
lpr,slowheat_unidirectional,average_forgetting,333205446,0.20962499999999995
lpr,slowheat_unidirectional,average_forgetting,130501536,0.19999999999999996
lpr,slowheat_unidirectional,average_forgetting,492612040,0.21849999999999992
lpr,slowheat_unidirectional,backward_transfer,2101606466,-0.20987500000000014
lpr,slowheat_unidirectional,backward_transfer,1872839281,-0.20425000000000004
lpr,slowheat_unidirectional,backward_transfer,637029796,-0.20462499999999995
lpr,slowheat_unidirectional,backward_transfer,1357204345,-0.19787500000000002
lpr,slowheat_unidirectional,backward_transfer,1758462037,-0.19474999999999998
lpr,slowheat_unidirectional,backward_transfer,748737880,-0.18937499999999996
lpr,slowheat_unidirectional,backward_transfer,1611510062,-0.2437499999999999
lpr,slowheat_unidirectional,backward_transfer,333205446,-0.20962499999999995
lpr,slowheat_unidirectional,backward_transfer,130501536,-0.19999999999999996
lpr,slowheat_unidirectional,backward_transfer,492612040,-0.21849999999999992
lpr,slowheat_unidirectional,forward_transfer,2101606466,-0.06537499999999999
lpr,slowheat_unidirectional,forward_transfer,1872839281,-0.06449999999999999
lpr,slowheat_unidirectional,forward_transfer,637029796,-0.174875
lpr,slowheat_unidirectional,forward_transfer,1357204345,-0.09600000000000002
lpr,slowheat_unidirectional,forward_transfer,1758462037,-0.130625
lpr,slowheat_unidirectional,forward_transfer,748737880,-0.180375
lpr,slowheat_unidirectional,forward_transfer,1611510062,-0.01312499999999997
lpr,slowheat_unidirectional,forward_transfer,333205446,-0.159875
lpr,slowheat_unidirectional,forward_transfer,130501536,-0.06125
lpr,slowheat_unidirectional,forward_transfer,492612040,-0.05212499999999999
lpr,slowheat_unidirectional,task_aware_final_accuracy,2101606466,-0.21630000000000005
lpr,slowheat_unidirectional,task_aware_final_accuracy,1872839281,-0.26650000000000007
lpr,slowheat_unidirectional,task_aware_final_accuracy,637029796,-0.2489
lpr,slowheat_unidirectional,task_aware_final_accuracy,1357204345,-0.23179999999999978
lpr,slowheat_unidirectional,task_aware_final_accuracy,1758462037,-0.24080000000000001
lpr,slowheat_unidirectional,task_aware_final_accuracy,748737880,-0.25360000000000005
lpr,slowheat_unidirectional,task_aware_final_accuracy,1611510062,-0.24509999999999987
lpr,slowheat_unidirectional,task_aware_final_accuracy,333205446,-0.2347999999999999
lpr,slowheat_unidirectional,task_aware_final_accuracy,130501536,-0.19469999999999987
lpr,slowheat_unidirectional,task_aware_final_accuracy,492612040,-0.1734
lpr,slowheat_unidirectional,task_aware_forgetting,2101606466,0.2195
lpr,slowheat_unidirectional,task_aware_forgetting,1872839281,0.26837500000000003
lpr,slowheat_unidirectional,task_aware_forgetting,637029796,0.261375
lpr,slowheat_unidirectional,task_aware_forgetting,1357204345,0.23225
lpr,slowheat_unidirectional,task_aware_forgetting,1758462037,0.238125
lpr,slowheat_unidirectional,task_aware_forgetting,748737880,0.25350000000000006
lpr,slowheat_unidirectional,task_aware_forgetting,1611510062,0.25412500000000005
lpr,slowheat_unidirectional,task_aware_forgetting,333205446,0.24150000000000002
lpr,slowheat_unidirectional,task_aware_forgetting,130501536,0.19949999999999993
lpr,slowheat_unidirectional,task_aware_forgetting,492612040,0.16337500000000002
lpr,slowheat_unidirectional,classifier_gap,2101606466,-0.023600000000000065
lpr,slowheat_unidirectional,classifier_gap,1872839281,-0.06420000000000003
lpr,slowheat_unidirectional,classifier_gap,637029796,-0.058099999999999985
lpr,slowheat_unidirectional,classifier_gap,1357204345,-0.04189999999999977
lpr,slowheat_unidirectional,classifier_gap,1758462037,-0.048400000000000054
lpr,slowheat_unidirectional,classifier_gap,748737880,-0.06500000000000006
lpr,slowheat_unidirectional,classifier_gap,1611510062,-0.022599999999999842
lpr,slowheat_unidirectional,classifier_gap,333205446,-0.0396999999999999
lpr,slowheat_unidirectional,classifier_gap,130501536,-0.016199999999999826
lpr,slowheat_unidirectional,classifier_gap,492612040,0.03080000000000005
lpr,slowheat_unidirectional,elapsed_seconds,2101606466,1.2225347899948247
lpr,slowheat_unidirectional,elapsed_seconds,1872839281,2.2485482610063627
lpr,slowheat_unidirectional,elapsed_seconds,637029796,1.1313508209423162
lpr,slowheat_unidirectional,elapsed_seconds,1357204345,0.5266025039600208
lpr,slowheat_unidirectional,elapsed_seconds,1758462037,1.3625322200241499
lpr,slowheat_unidirectional,elapsed_seconds,748737880,1.6328541389666498
lpr,slowheat_unidirectional,elapsed_seconds,1611510062,1.3494630540371872
lpr,slowheat_unidirectional,elapsed_seconds,333205446,0.6157513820216991
lpr,slowheat_unidirectional,elapsed_seconds,130501536,1.297558821970597
lpr,slowheat_unidirectional,elapsed_seconds,492612040,1.3911596180405468
lpr,slowheat_unidirectional,learner_examples_processed,2101606466,-80640.0
lpr,slowheat_unidirectional,learner_examples_processed,1872839281,-80640.0
lpr,slowheat_unidirectional,learner_examples_processed,637029796,-80640.0
lpr,slowheat_unidirectional,learner_examples_processed,1357204345,-80640.0
lpr,slowheat_unidirectional,learner_examples_processed,1758462037,-80640.0
lpr,slowheat_unidirectional,learner_examples_processed,748737880,-80640.0
lpr,slowheat_unidirectional,learner_examples_processed,1611510062,-80640.0
lpr,slowheat_unidirectional,learner_examples_processed,333205446,-80640.0
lpr,slowheat_unidirectional,learner_examples_processed,130501536,-80640.0
lpr,slowheat_unidirectional,learner_examples_processed,492612040,-80640.0
lpr,slowheat_unidirectional,total_model_examples_processed,2101606466,-84920.0
lpr,slowheat_unidirectional,total_model_examples_processed,1872839281,-84920.0
lpr,slowheat_unidirectional,total_model_examples_processed,637029796,-84920.0
lpr,slowheat_unidirectional,total_model_examples_processed,1357204345,-84920.0
lpr,slowheat_unidirectional,total_model_examples_processed,1758462037,-84920.0
lpr,slowheat_unidirectional,total_model_examples_processed,748737880,-84920.0
lpr,slowheat_unidirectional,total_model_examples_processed,1611510062,-84920.0
lpr,slowheat_unidirectional,total_model_examples_processed,333205446,-84920.0
lpr,slowheat_unidirectional,total_model_examples_processed,130501536,-84920.0
lpr,slowheat_unidirectional,total_model_examples_processed,492612040,-84920.0
lpr,slowheat_unidirectional,estimated_total_flops,2101606466,-2777829385192.0
lpr,slowheat_unidirectional,estimated_total_flops,1872839281,-2777829385192.0
lpr,slowheat_unidirectional,estimated_total_flops,637029796,-2777829385192.0
lpr,slowheat_unidirectional,estimated_total_flops,1357204345,-2777829385192.0
lpr,slowheat_unidirectional,estimated_total_flops,1758462037,-2777829385192.0
lpr,slowheat_unidirectional,estimated_total_flops,748737880,-2777829385192.0
lpr,slowheat_unidirectional,estimated_total_flops,1611510062,-2777829385192.0
lpr,slowheat_unidirectional,estimated_total_flops,333205446,-2777829385192.0
lpr,slowheat_unidirectional,estimated_total_flops,130501536,-2777829385192.0
lpr,slowheat_unidirectional,estimated_total_flops,492612040,-2777829385192.0
lpr,slowheat_unidirectional,estimated_overhead_flops,2101606466,-17490133992.0
lpr,slowheat_unidirectional,estimated_overhead_flops,1872839281,-17490133992.0
lpr,slowheat_unidirectional,estimated_overhead_flops,637029796,-17490133992.0
lpr,slowheat_unidirectional,estimated_overhead_flops,1357204345,-17490133992.0
lpr,slowheat_unidirectional,estimated_overhead_flops,1758462037,-17490133992.0
lpr,slowheat_unidirectional,estimated_overhead_flops,748737880,-17490133992.0
lpr,slowheat_unidirectional,estimated_overhead_flops,1611510062,-17490133992.0
lpr,slowheat_unidirectional,estimated_overhead_flops,333205446,-17490133992.0
lpr,slowheat_unidirectional,estimated_overhead_flops,130501536,-17490133992.0
lpr,slowheat_unidirectional,estimated_overhead_flops,492612040,-17490133992.0
lpr,slowheat_unidirectional,replay_memory_bytes,2101606466,-2459200.0
lpr,slowheat_unidirectional,replay_memory_bytes,1872839281,-2459200.0
lpr,slowheat_unidirectional,replay_memory_bytes,637029796,-2459200.0
lpr,slowheat_unidirectional,replay_memory_bytes,1357204345,-2459200.0
lpr,slowheat_unidirectional,replay_memory_bytes,1758462037,-2459200.0
lpr,slowheat_unidirectional,replay_memory_bytes,748737880,-2459200.0
lpr,slowheat_unidirectional,replay_memory_bytes,1611510062,-2459200.0
lpr,slowheat_unidirectional,replay_memory_bytes,333205446,-2459200.0
lpr,slowheat_unidirectional,replay_memory_bytes,130501536,-2459200.0
lpr,slowheat_unidirectional,replay_memory_bytes,492612040,-2459200.0
lpr,slowheat_unidirectional,stored_logits_bytes,2101606466,0.0
lpr,slowheat_unidirectional,stored_logits_bytes,1872839281,0.0
lpr,slowheat_unidirectional,stored_logits_bytes,637029796,0.0
lpr,slowheat_unidirectional,stored_logits_bytes,1357204345,0.0
lpr,slowheat_unidirectional,stored_logits_bytes,1758462037,0.0
lpr,slowheat_unidirectional,stored_logits_bytes,748737880,0.0
lpr,slowheat_unidirectional,stored_logits_bytes,1611510062,0.0
lpr,slowheat_unidirectional,stored_logits_bytes,333205446,0.0
lpr,slowheat_unidirectional,stored_logits_bytes,130501536,0.0
lpr,slowheat_unidirectional,stored_logits_bytes,492612040,0.0
lpr,slowheat,final_average_accuracy,2101606466,-0.2145
lpr,slowheat,final_average_accuracy,1872839281,-0.21520000000000003
lpr,slowheat,final_average_accuracy,637029796,-0.19830000000000003
lpr,slowheat,final_average_accuracy,1357204345,-0.1973
lpr,slowheat,final_average_accuracy,1758462037,-0.20039999999999997
lpr,slowheat,final_average_accuracy,748737880,-0.201
lpr,slowheat,final_average_accuracy,1611510062,-0.23980000000000007
lpr,slowheat,final_average_accuracy,333205446,-0.20179999999999998
lpr,slowheat,final_average_accuracy,130501536,-0.19280000000000005
lpr,slowheat,final_average_accuracy,492612040,-0.2163
lpr,slowheat,average_forgetting,2101606466,0.16562500000000002
lpr,slowheat,average_forgetting,1872839281,0.18200000000000005
lpr,slowheat,average_forgetting,637029796,0.16800000000000004
lpr,slowheat,average_forgetting,1357204345,0.162875
lpr,slowheat,average_forgetting,1758462037,0.17762499999999992
lpr,slowheat,average_forgetting,748737880,0.17562499999999992
lpr,slowheat,average_forgetting,1611510062,0.2041249999999999
lpr,slowheat,average_forgetting,333205446,0.18037499999999995
lpr,slowheat,average_forgetting,130501536,0.163875
lpr,slowheat,average_forgetting,492612040,0.17374999999999985
lpr,slowheat,backward_transfer,2101606466,-0.16562500000000002
lpr,slowheat,backward_transfer,1872839281,-0.18200000000000005
lpr,slowheat,backward_transfer,637029796,-0.16800000000000004
lpr,slowheat,backward_transfer,1357204345,-0.162875
lpr,slowheat,backward_transfer,1758462037,-0.17762499999999992
lpr,slowheat,backward_transfer,748737880,-0.17562499999999992
lpr,slowheat,backward_transfer,1611510062,-0.2041249999999999
lpr,slowheat,backward_transfer,333205446,-0.18037499999999995
lpr,slowheat,backward_transfer,130501536,-0.163875
lpr,slowheat,backward_transfer,492612040,-0.17374999999999985
lpr,slowheat,forward_transfer,2101606466,-0.06537499999999999
lpr,slowheat,forward_transfer,1872839281,-0.064125
lpr,slowheat,forward_transfer,637029796,-0.17375000000000002
lpr,slowheat,forward_transfer,1357204345,-0.095875
lpr,slowheat,forward_transfer,1758462037,-0.13137500000000002
lpr,slowheat,forward_transfer,748737880,-0.18174999999999997
lpr,slowheat,forward_transfer,1611510062,-0.012999999999999984
lpr,slowheat,forward_transfer,333205446,-0.16
lpr,slowheat,forward_transfer,130501536,-0.06125
lpr,slowheat,forward_transfer,492612040,-0.05224999999999999
lpr,slowheat,task_aware_final_accuracy,2101606466,-0.2915000000000001
lpr,slowheat,task_aware_final_accuracy,1872839281,-0.2642
lpr,slowheat,task_aware_final_accuracy,637029796,-0.2552
lpr,slowheat,task_aware_final_accuracy,1357204345,-0.2637999999999998
lpr,slowheat,task_aware_final_accuracy,1758462037,-0.24870000000000003
lpr,slowheat,task_aware_final_accuracy,748737880,-0.27160000000000006
lpr,slowheat,task_aware_final_accuracy,1611510062,-0.2872999999999999
lpr,slowheat,task_aware_final_accuracy,333205446,-0.2621999999999999
lpr,slowheat,task_aware_final_accuracy,130501536,-0.2569999999999999
lpr,slowheat,task_aware_final_accuracy,492612040,-0.26749999999999985
lpr,slowheat,task_aware_forgetting,2101606466,0.24200000000000002
lpr,slowheat,task_aware_forgetting,1872839281,0.22712500000000002
lpr,slowheat,task_aware_forgetting,637029796,0.22325000000000003
lpr,slowheat,task_aware_forgetting,1357204345,0.22800000000000004
lpr,slowheat,task_aware_forgetting,1758462037,0.22087500000000002
lpr,slowheat,task_aware_forgetting,748737880,0.24675
lpr,slowheat,task_aware_forgetting,1611510062,0.245625
lpr,slowheat,task_aware_forgetting,333205446,0.238125
lpr,slowheat,task_aware_forgetting,130501536,0.22337500000000002
lpr,slowheat,task_aware_forgetting,492612040,0.22112500000000002
lpr,slowheat,classifier_gap,2101606466,-0.07700000000000007
lpr,slowheat,classifier_gap,1872839281,-0.04899999999999999
lpr,slowheat,classifier_gap,637029796,-0.05689999999999995
lpr,slowheat,classifier_gap,1357204345,-0.06649999999999984
lpr,slowheat,classifier_gap,1758462037,-0.048300000000000065
lpr,slowheat,classifier_gap,748737880,-0.07060000000000005
lpr,slowheat,classifier_gap,1611510062,-0.04749999999999982
lpr,slowheat,classifier_gap,333205446,-0.0603999999999999
lpr,slowheat,classifier_gap,130501536,-0.06419999999999987
lpr,slowheat,classifier_gap,492612040,-0.05119999999999986
lpr,slowheat,elapsed_seconds,2101606466,1.7122422070242465
lpr,slowheat,elapsed_seconds,1872839281,2.7500355590018444
lpr,slowheat,elapsed_seconds,637029796,1.7452691219514236
lpr,slowheat,elapsed_seconds,1357204345,1.3709864259581082
lpr,slowheat,elapsed_seconds,1758462037,1.8251803280436434
lpr,slowheat,elapsed_seconds,748737880,2.1601681989850476
lpr,slowheat,elapsed_seconds,1611510062,1.8117104829871096
lpr,slowheat,elapsed_seconds,333205446,1.0703609270276502
lpr,slowheat,elapsed_seconds,130501536,1.7289700850378722
lpr,slowheat,elapsed_seconds,492612040,1.7609590369975194
lpr,slowheat,learner_examples_processed,2101606466,-80640.0
lpr,slowheat,learner_examples_processed,1872839281,-80640.0
lpr,slowheat,learner_examples_processed,637029796,-80640.0
lpr,slowheat,learner_examples_processed,1357204345,-80640.0
lpr,slowheat,learner_examples_processed,1758462037,-80640.0
lpr,slowheat,learner_examples_processed,748737880,-80640.0
lpr,slowheat,learner_examples_processed,1611510062,-80640.0
lpr,slowheat,learner_examples_processed,333205446,-80640.0
lpr,slowheat,learner_examples_processed,130501536,-80640.0
lpr,slowheat,learner_examples_processed,492612040,-80640.0
lpr,slowheat,total_model_examples_processed,2101606466,-84920.0
lpr,slowheat,total_model_examples_processed,1872839281,-84920.0
lpr,slowheat,total_model_examples_processed,637029796,-84920.0
lpr,slowheat,total_model_examples_processed,1357204345,-84920.0
lpr,slowheat,total_model_examples_processed,1758462037,-84920.0
lpr,slowheat,total_model_examples_processed,748737880,-84920.0
lpr,slowheat,total_model_examples_processed,1611510062,-84920.0
lpr,slowheat,total_model_examples_processed,333205446,-84920.0
lpr,slowheat,total_model_examples_processed,130501536,-84920.0
lpr,slowheat,total_model_examples_processed,492612040,-84920.0
lpr,slowheat,estimated_total_flops,2101606466,-2777829385192.0
lpr,slowheat,estimated_total_flops,1872839281,-2777829385192.0
lpr,slowheat,estimated_total_flops,637029796,-2777829385192.0
lpr,slowheat,estimated_total_flops,1357204345,-2777829385192.0
lpr,slowheat,estimated_total_flops,1758462037,-2777829385192.0
lpr,slowheat,estimated_total_flops,748737880,-2777829385192.0
lpr,slowheat,estimated_total_flops,1611510062,-2777829385192.0
lpr,slowheat,estimated_total_flops,333205446,-2777829385192.0
lpr,slowheat,estimated_total_flops,130501536,-2777829385192.0
lpr,slowheat,estimated_total_flops,492612040,-2777829385192.0
lpr,slowheat,estimated_overhead_flops,2101606466,-17490133992.0
lpr,slowheat,estimated_overhead_flops,1872839281,-17490133992.0
lpr,slowheat,estimated_overhead_flops,637029796,-17490133992.0
lpr,slowheat,estimated_overhead_flops,1357204345,-17490133992.0
lpr,slowheat,estimated_overhead_flops,1758462037,-17490133992.0
lpr,slowheat,estimated_overhead_flops,748737880,-17490133992.0
lpr,slowheat,estimated_overhead_flops,1611510062,-17490133992.0
lpr,slowheat,estimated_overhead_flops,333205446,-17490133992.0
lpr,slowheat,estimated_overhead_flops,130501536,-17490133992.0
lpr,slowheat,estimated_overhead_flops,492612040,-17490133992.0
lpr,slowheat,replay_memory_bytes,2101606466,-2459200.0
lpr,slowheat,replay_memory_bytes,1872839281,-2459200.0
lpr,slowheat,replay_memory_bytes,637029796,-2459200.0
lpr,slowheat,replay_memory_bytes,1357204345,-2459200.0
lpr,slowheat,replay_memory_bytes,1758462037,-2459200.0
lpr,slowheat,replay_memory_bytes,748737880,-2459200.0
lpr,slowheat,replay_memory_bytes,1611510062,-2459200.0
lpr,slowheat,replay_memory_bytes,333205446,-2459200.0
lpr,slowheat,replay_memory_bytes,130501536,-2459200.0
lpr,slowheat,replay_memory_bytes,492612040,-2459200.0
lpr,slowheat,stored_logits_bytes,2101606466,0.0
lpr,slowheat,stored_logits_bytes,1872839281,0.0
lpr,slowheat,stored_logits_bytes,637029796,0.0
lpr,slowheat,stored_logits_bytes,1357204345,0.0
lpr,slowheat,stored_logits_bytes,1758462037,0.0
lpr,slowheat,stored_logits_bytes,748737880,0.0
lpr,slowheat,stored_logits_bytes,1611510062,0.0
lpr,slowheat,stored_logits_bytes,333205446,0.0
lpr,slowheat,stored_logits_bytes,130501536,0.0
lpr,slowheat,stored_logits_bytes,492612040,0.0
lpr,hard_freeze,final_average_accuracy,2101606466,-0.2114
lpr,hard_freeze,final_average_accuracy,1872839281,-0.21820000000000003
lpr,hard_freeze,final_average_accuracy,637029796,-0.19980000000000003
lpr,hard_freeze,final_average_accuracy,1357204345,-0.2129
lpr,hard_freeze,final_average_accuracy,1758462037,-0.2112
lpr,hard_freeze,final_average_accuracy,748737880,-0.1995
lpr,hard_freeze,final_average_accuracy,1611510062,-0.24340000000000006
lpr,hard_freeze,final_average_accuracy,333205446,-0.21919999999999998
lpr,hard_freeze,final_average_accuracy,130501536,-0.18080000000000004
lpr,hard_freeze,final_average_accuracy,492612040,-0.2197
lpr,hard_freeze,average_forgetting,2101606466,0.17112499999999997
lpr,hard_freeze,average_forgetting,1872839281,0.17037500000000005
lpr,hard_freeze,average_forgetting,637029796,0.16512499999999986
lpr,hard_freeze,average_forgetting,1357204345,0.1512500000000001
lpr,hard_freeze,average_forgetting,1758462037,0.15712499999999996
lpr,hard_freeze,average_forgetting,748737880,0.16512499999999997
lpr,hard_freeze,average_forgetting,1611510062,0.19662499999999994
lpr,hard_freeze,average_forgetting,333205446,0.16612499999999997
lpr,hard_freeze,average_forgetting,130501536,0.09712500000000002
lpr,hard_freeze,average_forgetting,492612040,0.18212499999999987
lpr,hard_freeze,backward_transfer,2101606466,-0.17112499999999997
lpr,hard_freeze,backward_transfer,1872839281,-0.17037500000000005
lpr,hard_freeze,backward_transfer,637029796,-0.16512499999999986
lpr,hard_freeze,backward_transfer,1357204345,-0.1512500000000001
lpr,hard_freeze,backward_transfer,1758462037,-0.15712499999999996
lpr,hard_freeze,backward_transfer,748737880,-0.16512499999999997
lpr,hard_freeze,backward_transfer,1611510062,-0.19662499999999994
lpr,hard_freeze,backward_transfer,333205446,-0.16612499999999997
lpr,hard_freeze,backward_transfer,130501536,-0.09712500000000002
lpr,hard_freeze,backward_transfer,492612040,-0.18212499999999987
lpr,hard_freeze,forward_transfer,2101606466,-0.06587499999999999
lpr,hard_freeze,forward_transfer,1872839281,-0.064625
lpr,hard_freeze,forward_transfer,637029796,-0.17125
lpr,hard_freeze,forward_transfer,1357204345,-0.095875
lpr,hard_freeze,forward_transfer,1758462037,-0.13087500000000002
lpr,hard_freeze,forward_transfer,748737880,-0.18
lpr,hard_freeze,forward_transfer,1611510062,-0.01312499999999997
lpr,hard_freeze,forward_transfer,333205446,-0.159875
lpr,hard_freeze,forward_transfer,130501536,-0.06125
lpr,hard_freeze,forward_transfer,492612040,-0.05162499999999999
lpr,hard_freeze,task_aware_final_accuracy,2101606466,-0.25550000000000017
lpr,hard_freeze,task_aware_final_accuracy,1872839281,-0.24629999999999996
lpr,hard_freeze,task_aware_final_accuracy,637029796,-0.25429999999999997
lpr,hard_freeze,task_aware_final_accuracy,1357204345,-0.26819999999999977
lpr,hard_freeze,task_aware_final_accuracy,1758462037,-0.26539999999999997
lpr,hard_freeze,task_aware_final_accuracy,748737880,-0.20720000000000016
lpr,hard_freeze,task_aware_final_accuracy,1611510062,-0.2892999999999999
lpr,hard_freeze,task_aware_final_accuracy,333205446,-0.2641999999999999
lpr,hard_freeze,task_aware_final_accuracy,130501536,-0.25519999999999987
lpr,hard_freeze,task_aware_final_accuracy,492612040,-0.2782999999999999
lpr,hard_freeze,task_aware_forgetting,2101606466,0.210375
lpr,hard_freeze,task_aware_forgetting,1872839281,0.19500000000000006
lpr,hard_freeze,task_aware_forgetting,637029796,0.21737499999999996
lpr,hard_freeze,task_aware_forgetting,1357204345,0.20537500000000003
lpr,hard_freeze,task_aware_forgetting,1758462037,0.20774999999999996
lpr,hard_freeze,task_aware_forgetting,748737880,0.15762500000000004
lpr,hard_freeze,task_aware_forgetting,1611510062,0.23637499999999997
lpr,hard_freeze,task_aware_forgetting,333205446,0.20462500000000003
lpr,hard_freeze,task_aware_forgetting,130501536,0.17262499999999995
lpr,hard_freeze,task_aware_forgetting,492612040,0.2387499999999999
lpr,hard_freeze,classifier_gap,2101606466,-0.04410000000000014
lpr,hard_freeze,classifier_gap,1872839281,-0.02809999999999996
lpr,hard_freeze,classifier_gap,637029796,-0.05449999999999994
lpr,hard_freeze,classifier_gap,1357204345,-0.05529999999999974
lpr,hard_freeze,classifier_gap,1758462037,-0.05419999999999997
lpr,hard_freeze,classifier_gap,748737880,-0.007700000000000151
lpr,hard_freeze,classifier_gap,1611510062,-0.04589999999999983
lpr,hard_freeze,classifier_gap,333205446,-0.04499999999999993
lpr,hard_freeze,classifier_gap,130501536,-0.07439999999999986
lpr,hard_freeze,classifier_gap,492612040,-0.058599999999999874
lpr,hard_freeze,elapsed_seconds,2101606466,1.4311845200136304
lpr,hard_freeze,elapsed_seconds,1872839281,2.284075556031894
lpr,hard_freeze,elapsed_seconds,637029796,1.7095221299678087
lpr,hard_freeze,elapsed_seconds,1357204345,1.5312036639661528
lpr,hard_freeze,elapsed_seconds,1758462037,1.5790578430169262
lpr,hard_freeze,elapsed_seconds,748737880,1.9190627000061795
lpr,hard_freeze,elapsed_seconds,1611510062,1.5916044840123504
lpr,hard_freeze,elapsed_seconds,333205446,1.56790520605864
lpr,hard_freeze,elapsed_seconds,130501536,1.568555242032744
lpr,hard_freeze,elapsed_seconds,492612040,1.5330278989858925
lpr,hard_freeze,learner_examples_processed,2101606466,-80640.0
lpr,hard_freeze,learner_examples_processed,1872839281,-80640.0
lpr,hard_freeze,learner_examples_processed,637029796,-80640.0
lpr,hard_freeze,learner_examples_processed,1357204345,-80640.0
lpr,hard_freeze,learner_examples_processed,1758462037,-80640.0
lpr,hard_freeze,learner_examples_processed,748737880,-80640.0
lpr,hard_freeze,learner_examples_processed,1611510062,-80640.0
lpr,hard_freeze,learner_examples_processed,333205446,-80640.0
lpr,hard_freeze,learner_examples_processed,130501536,-80640.0
lpr,hard_freeze,learner_examples_processed,492612040,-80640.0
lpr,hard_freeze,total_model_examples_processed,2101606466,-84920.0
lpr,hard_freeze,total_model_examples_processed,1872839281,-84920.0
lpr,hard_freeze,total_model_examples_processed,637029796,-84920.0
lpr,hard_freeze,total_model_examples_processed,1357204345,-84920.0
lpr,hard_freeze,total_model_examples_processed,1758462037,-84920.0
lpr,hard_freeze,total_model_examples_processed,748737880,-84920.0
lpr,hard_freeze,total_model_examples_processed,1611510062,-84920.0
lpr,hard_freeze,total_model_examples_processed,333205446,-84920.0
lpr,hard_freeze,total_model_examples_processed,130501536,-84920.0
lpr,hard_freeze,total_model_examples_processed,492612040,-84920.0
lpr,hard_freeze,estimated_total_flops,2101606466,-2777829385192.0
lpr,hard_freeze,estimated_total_flops,1872839281,-2777829385192.0
lpr,hard_freeze,estimated_total_flops,637029796,-2777829385192.0
lpr,hard_freeze,estimated_total_flops,1357204345,-2777829385192.0
lpr,hard_freeze,estimated_total_flops,1758462037,-2777829385192.0
lpr,hard_freeze,estimated_total_flops,748737880,-2777829385192.0
lpr,hard_freeze,estimated_total_flops,1611510062,-2777829385192.0
lpr,hard_freeze,estimated_total_flops,333205446,-2777829385192.0
lpr,hard_freeze,estimated_total_flops,130501536,-2777829385192.0
lpr,hard_freeze,estimated_total_flops,492612040,-2777829385192.0
lpr,hard_freeze,estimated_overhead_flops,2101606466,-17490133992.0
lpr,hard_freeze,estimated_overhead_flops,1872839281,-17490133992.0
lpr,hard_freeze,estimated_overhead_flops,637029796,-17490133992.0
lpr,hard_freeze,estimated_overhead_flops,1357204345,-17490133992.0
lpr,hard_freeze,estimated_overhead_flops,1758462037,-17490133992.0
lpr,hard_freeze,estimated_overhead_flops,748737880,-17490133992.0
lpr,hard_freeze,estimated_overhead_flops,1611510062,-17490133992.0
lpr,hard_freeze,estimated_overhead_flops,333205446,-17490133992.0
lpr,hard_freeze,estimated_overhead_flops,130501536,-17490133992.0
lpr,hard_freeze,estimated_overhead_flops,492612040,-17490133992.0
lpr,hard_freeze,replay_memory_bytes,2101606466,-2459200.0
lpr,hard_freeze,replay_memory_bytes,1872839281,-2459200.0
lpr,hard_freeze,replay_memory_bytes,637029796,-2459200.0
lpr,hard_freeze,replay_memory_bytes,1357204345,-2459200.0
lpr,hard_freeze,replay_memory_bytes,1758462037,-2459200.0
lpr,hard_freeze,replay_memory_bytes,748737880,-2459200.0
lpr,hard_freeze,replay_memory_bytes,1611510062,-2459200.0
lpr,hard_freeze,replay_memory_bytes,333205446,-2459200.0
lpr,hard_freeze,replay_memory_bytes,130501536,-2459200.0
lpr,hard_freeze,replay_memory_bytes,492612040,-2459200.0
lpr,hard_freeze,stored_logits_bytes,2101606466,0.0
lpr,hard_freeze,stored_logits_bytes,1872839281,0.0
lpr,hard_freeze,stored_logits_bytes,637029796,0.0
lpr,hard_freeze,stored_logits_bytes,1357204345,0.0
lpr,hard_freeze,stored_logits_bytes,1758462037,0.0
lpr,hard_freeze,stored_logits_bytes,748737880,0.0
lpr,hard_freeze,stored_logits_bytes,1611510062,0.0
lpr,hard_freeze,stored_logits_bytes,333205446,0.0
lpr,hard_freeze,stored_logits_bytes,130501536,0.0
lpr,hard_freeze,stored_logits_bytes,492612040,0.0
lpr,slowheat_lpr,final_average_accuracy,2101606466,0.00019999999999997797
lpr,slowheat_lpr,final_average_accuracy,1872839281,0.007199999999999984
lpr,slowheat_lpr,final_average_accuracy,637029796,0.008799999999999975
lpr,slowheat_lpr,final_average_accuracy,1357204345,-0.0006999999999999784
lpr,slowheat_lpr,final_average_accuracy,1758462037,0.003300000000000025
lpr,slowheat_lpr,final_average_accuracy,748737880,0.016600000000000004
lpr,slowheat_lpr,final_average_accuracy,1611510062,0.0046999999999999265
lpr,slowheat_lpr,final_average_accuracy,333205446,-0.0009999999999999454
lpr,slowheat_lpr,final_average_accuracy,130501536,0.016599999999999948
lpr,slowheat_lpr,final_average_accuracy,492612040,0.022699999999999942
lpr,slowheat_lpr,average_forgetting,2101606466,-0.04674999999999996
lpr,slowheat_lpr,average_forgetting,1872839281,-0.0472499999999999
lpr,slowheat_lpr,average_forgetting,637029796,-0.04337499999999994
lpr,slowheat_lpr,average_forgetting,1357204345,-0.026375000000000037
lpr,slowheat_lpr,average_forgetting,1758462037,-0.043749999999999956
lpr,slowheat_lpr,average_forgetting,748737880,-0.04675000000000007
lpr,slowheat_lpr,average_forgetting,1611510062,-0.05125000000000002
lpr,slowheat_lpr,average_forgetting,333205446,-0.036250000000000115
lpr,slowheat_lpr,average_forgetting,130501536,-0.05775000000000008
lpr,slowheat_lpr,average_forgetting,492612040,-0.06662500000000005
lpr,slowheat_lpr,backward_transfer,2101606466,0.04674999999999996
lpr,slowheat_lpr,backward_transfer,1872839281,0.0472499999999999
lpr,slowheat_lpr,backward_transfer,637029796,0.04337499999999994
lpr,slowheat_lpr,backward_transfer,1357204345,0.026375000000000037
lpr,slowheat_lpr,backward_transfer,1758462037,0.043749999999999956
lpr,slowheat_lpr,backward_transfer,748737880,0.04675000000000007
lpr,slowheat_lpr,backward_transfer,1611510062,0.05125000000000002
lpr,slowheat_lpr,backward_transfer,333205446,0.036250000000000115
lpr,slowheat_lpr,backward_transfer,130501536,0.05775000000000008
lpr,slowheat_lpr,backward_transfer,492612040,0.06662500000000005
lpr,slowheat_lpr,forward_transfer,2101606466,0.1255
lpr,slowheat_lpr,forward_transfer,1872839281,-0.008874999999999994
lpr,slowheat_lpr,forward_transfer,637029796,-0.074875
lpr,slowheat_lpr,forward_transfer,1357204345,0.030625
lpr,slowheat_lpr,forward_transfer,1758462037,0.03175000000000001
lpr,slowheat_lpr,forward_transfer,748737880,-0.086
lpr,slowheat_lpr,forward_transfer,1611510062,-0.00462499999999999
lpr,slowheat_lpr,forward_transfer,333205446,0.013874999999999998
lpr,slowheat_lpr,forward_transfer,130501536,0.005374999999999991
lpr,slowheat_lpr,forward_transfer,492612040,-0.030125
lpr,slowheat_lpr,task_aware_final_accuracy,2101606466,-0.010199999999999987
lpr,slowheat_lpr,task_aware_final_accuracy,1872839281,-0.012700000000000045
lpr,slowheat_lpr,task_aware_final_accuracy,637029796,-0.02419999999999989
lpr,slowheat_lpr,task_aware_final_accuracy,1357204345,-0.011499999999999844
lpr,slowheat_lpr,task_aware_final_accuracy,1758462037,-0.011299999999999977
lpr,slowheat_lpr,task_aware_final_accuracy,748737880,-0.01760000000000006
lpr,slowheat_lpr,task_aware_final_accuracy,1611510062,-0.00649999999999995
lpr,slowheat_lpr,task_aware_final_accuracy,333205446,-0.024499999999999855
lpr,slowheat_lpr,task_aware_final_accuracy,130501536,0.0041999999999999815
lpr,slowheat_lpr,task_aware_final_accuracy,492612040,-0.014499999999999957
lpr,slowheat_lpr,task_aware_forgetting,2101606466,-0.010749999999999954
lpr,slowheat_lpr,task_aware_forgetting,1872839281,-0.0011250000000000149
lpr,slowheat_lpr,task_aware_forgetting,637029796,0.010250000000000009
lpr,slowheat_lpr,task_aware_forgetting,1357204345,0.001500000000000029
lpr,slowheat_lpr,task_aware_forgetting,1758462037,-0.004625000000000018
lpr,slowheat_lpr,task_aware_forgetting,748737880,0.013624999999999998
lpr,slowheat_lpr,task_aware_forgetting,1611510062,-0.01937500000000003
lpr,slowheat_lpr,task_aware_forgetting,333205446,0.010125000000000023
lpr,slowheat_lpr,task_aware_forgetting,130501536,-0.027249999999999996
lpr,slowheat_lpr,task_aware_forgetting,492612040,-0.006750000000000034
lpr,slowheat_lpr,classifier_gap,2101606466,-0.010399999999999965
lpr,slowheat_lpr,classifier_gap,1872839281,-0.01990000000000003
lpr,slowheat_lpr,classifier_gap,637029796,-0.03299999999999986
lpr,slowheat_lpr,classifier_gap,1357204345,-0.010799999999999865
lpr,slowheat_lpr,classifier_gap,1758462037,-0.014600000000000002
lpr,slowheat_lpr,classifier_gap,748737880,-0.034200000000000064
lpr,slowheat_lpr,classifier_gap,1611510062,-0.011199999999999877
lpr,slowheat_lpr,classifier_gap,333205446,-0.02349999999999991
lpr,slowheat_lpr,classifier_gap,130501536,-0.012399999999999967
lpr,slowheat_lpr,classifier_gap,492612040,-0.0371999999999999
lpr,slowheat_lpr,elapsed_seconds,2101606466,3.4848303960170597
lpr,slowheat_lpr,elapsed_seconds,1872839281,3.7954356800182723
lpr,slowheat_lpr,elapsed_seconds,637029796,3.7439202459645458
lpr,slowheat_lpr,elapsed_seconds,1357204345,3.7611117419437505
lpr,slowheat_lpr,elapsed_seconds,1758462037,3.7634467930765823
lpr,slowheat_lpr,elapsed_seconds,748737880,3.7515698139905
lpr,slowheat_lpr,elapsed_seconds,1611510062,3.69704554596683
lpr,slowheat_lpr,elapsed_seconds,333205446,3.851121742045507
lpr,slowheat_lpr,elapsed_seconds,130501536,3.5028947109822184
lpr,slowheat_lpr,elapsed_seconds,492612040,3.831559503043536
lpr,slowheat_lpr,learner_examples_processed,2101606466,0.0
lpr,slowheat_lpr,learner_examples_processed,1872839281,0.0
lpr,slowheat_lpr,learner_examples_processed,637029796,0.0
lpr,slowheat_lpr,learner_examples_processed,1357204345,0.0
lpr,slowheat_lpr,learner_examples_processed,1758462037,0.0
lpr,slowheat_lpr,learner_examples_processed,748737880,0.0
lpr,slowheat_lpr,learner_examples_processed,1611510062,0.0
lpr,slowheat_lpr,learner_examples_processed,333205446,0.0
lpr,slowheat_lpr,learner_examples_processed,130501536,0.0
lpr,slowheat_lpr,learner_examples_processed,492612040,0.0
lpr,slowheat_lpr,total_model_examples_processed,2101606466,0.0
lpr,slowheat_lpr,total_model_examples_processed,1872839281,0.0
lpr,slowheat_lpr,total_model_examples_processed,637029796,0.0
lpr,slowheat_lpr,total_model_examples_processed,1357204345,0.0
lpr,slowheat_lpr,total_model_examples_processed,1758462037,0.0
lpr,slowheat_lpr,total_model_examples_processed,748737880,0.0
lpr,slowheat_lpr,total_model_examples_processed,1611510062,0.0
lpr,slowheat_lpr,total_model_examples_processed,333205446,0.0
lpr,slowheat_lpr,total_model_examples_processed,130501536,0.0
lpr,slowheat_lpr,total_model_examples_processed,492612040,0.0
lpr,slowheat_lpr,estimated_total_flops,2101606466,138925280.0
lpr,slowheat_lpr,estimated_total_flops,1872839281,138925280.0
lpr,slowheat_lpr,estimated_total_flops,637029796,138925280.0
lpr,slowheat_lpr,estimated_total_flops,1357204345,138925280.0
lpr,slowheat_lpr,estimated_total_flops,1758462037,138925280.0
lpr,slowheat_lpr,estimated_total_flops,748737880,138925280.0
lpr,slowheat_lpr,estimated_total_flops,1611510062,138925280.0
lpr,slowheat_lpr,estimated_total_flops,333205446,138925280.0
lpr,slowheat_lpr,estimated_total_flops,130501536,138925280.0
lpr,slowheat_lpr,estimated_total_flops,492612040,138925280.0
lpr,slowheat_lpr,estimated_overhead_flops,2101606466,138925280.0
lpr,slowheat_lpr,estimated_overhead_flops,1872839281,138925280.0
lpr,slowheat_lpr,estimated_overhead_flops,637029796,138925280.0
lpr,slowheat_lpr,estimated_overhead_flops,1357204345,138925280.0
lpr,slowheat_lpr,estimated_overhead_flops,1758462037,138925280.0
lpr,slowheat_lpr,estimated_overhead_flops,748737880,138925280.0
lpr,slowheat_lpr,estimated_overhead_flops,1611510062,138925280.0
lpr,slowheat_lpr,estimated_overhead_flops,333205446,138925280.0
lpr,slowheat_lpr,estimated_overhead_flops,130501536,138925280.0
lpr,slowheat_lpr,estimated_overhead_flops,492612040,138925280.0
lpr,slowheat_lpr,replay_memory_bytes,2101606466,0.0
lpr,slowheat_lpr,replay_memory_bytes,1872839281,0.0
lpr,slowheat_lpr,replay_memory_bytes,637029796,0.0
lpr,slowheat_lpr,replay_memory_bytes,1357204345,0.0
lpr,slowheat_lpr,replay_memory_bytes,1758462037,0.0
lpr,slowheat_lpr,replay_memory_bytes,748737880,0.0
lpr,slowheat_lpr,replay_memory_bytes,1611510062,0.0
lpr,slowheat_lpr,replay_memory_bytes,333205446,0.0
lpr,slowheat_lpr,replay_memory_bytes,130501536,0.0
lpr,slowheat_lpr,replay_memory_bytes,492612040,0.0
lpr,slowheat_lpr,stored_logits_bytes,2101606466,0.0
lpr,slowheat_lpr,stored_logits_bytes,1872839281,0.0
lpr,slowheat_lpr,stored_logits_bytes,637029796,0.0
lpr,slowheat_lpr,stored_logits_bytes,1357204345,0.0
lpr,slowheat_lpr,stored_logits_bytes,1758462037,0.0
lpr,slowheat_lpr,stored_logits_bytes,748737880,0.0
lpr,slowheat_lpr,stored_logits_bytes,1611510062,0.0
lpr,slowheat_lpr,stored_logits_bytes,333205446,0.0
lpr,slowheat_lpr,stored_logits_bytes,130501536,0.0
lpr,slowheat_lpr,stored_logits_bytes,492612040,0.0
lpr,classifier_expander,final_average_accuracy,2101606466,-0.049500000000000044
lpr,classifier_expander,final_average_accuracy,1872839281,-0.058499999999999996
lpr,classifier_expander,final_average_accuracy,637029796,-0.013800000000000034
lpr,classifier_expander,final_average_accuracy,1357204345,-0.011299999999999977
lpr,classifier_expander,final_average_accuracy,1758462037,-0.021499999999999964
lpr,classifier_expander,final_average_accuracy,748737880,-0.015300000000000091
lpr,classifier_expander,final_average_accuracy,1611510062,-0.05620000000000003
lpr,classifier_expander,final_average_accuracy,333205446,-0.047699999999999965
lpr,classifier_expander,final_average_accuracy,130501536,-0.000500000000000056
lpr,classifier_expander,final_average_accuracy,492612040,-0.02410000000000001
lpr,classifier_expander,average_forgetting,2101606466,-0.30899999999999994
lpr,classifier_expander,average_forgetting,1872839281,-0.258125
lpr,classifier_expander,average_forgetting,637029796,-0.30862500000000004
lpr,classifier_expander,average_forgetting,1357204345,-0.30499999999999994
lpr,classifier_expander,average_forgetting,1758462037,-0.413125
lpr,classifier_expander,average_forgetting,748737880,-0.3217500000000001
lpr,classifier_expander,average_forgetting,1611510062,-0.285625
lpr,classifier_expander,average_forgetting,333205446,-0.29762500000000003
lpr,classifier_expander,average_forgetting,130501536,-0.35762499999999997
lpr,classifier_expander,average_forgetting,492612040,-0.3003750000000001
lpr,classifier_expander,backward_transfer,2101606466,0.370125
lpr,classifier_expander,backward_transfer,1872839281,0.30375
lpr,classifier_expander,backward_transfer,637029796,0.429625
lpr,classifier_expander,backward_transfer,1357204345,0.4729999999999999
lpr,classifier_expander,backward_transfer,1758462037,0.49125
lpr,classifier_expander,backward_transfer,748737880,0.39012500000000006
lpr,classifier_expander,backward_transfer,1611510062,0.44300000000000006
lpr,classifier_expander,backward_transfer,333205446,0.388375
lpr,classifier_expander,backward_transfer,130501536,0.467375
lpr,classifier_expander,backward_transfer,492612040,0.4465000000000001
lpr,classifier_expander,forward_transfer,2101606466,0.026499999999999996
lpr,classifier_expander,forward_transfer,1872839281,0.06937499999999999
lpr,classifier_expander,forward_transfer,637029796,-0.061750000000000006
lpr,classifier_expander,forward_transfer,1357204345,-0.005500000000000005
lpr,classifier_expander,forward_transfer,1758462037,-0.01999999999999999
lpr,classifier_expander,forward_transfer,748737880,-0.04075000000000001
lpr,classifier_expander,forward_transfer,1611510062,-0.0072500000000000064
lpr,classifier_expander,forward_transfer,333205446,-0.1545
lpr,classifier_expander,forward_transfer,130501536,0.029124999999999998
lpr,classifier_expander,forward_transfer,492612040,-0.03375
lpr,classifier_expander,task_aware_final_accuracy,2101606466,-0.01880000000000004
lpr,classifier_expander,task_aware_final_accuracy,1872839281,-0.015600000000000058
lpr,classifier_expander,task_aware_final_accuracy,637029796,-0.01949999999999985
lpr,classifier_expander,task_aware_final_accuracy,1357204345,-0.0119999999999999
lpr,classifier_expander,task_aware_final_accuracy,1758462037,-0.018000000000000016
lpr,classifier_expander,task_aware_final_accuracy,748737880,-0.027000000000000024
lpr,classifier_expander,task_aware_final_accuracy,1611510062,-0.014399999999999746
lpr,classifier_expander,task_aware_final_accuracy,333205446,-0.017799999999999927
lpr,classifier_expander,task_aware_final_accuracy,130501536,0.01220000000000021
lpr,classifier_expander,task_aware_final_accuracy,492612040,-0.010099999999999887
lpr,classifier_expander,task_aware_forgetting,2101606466,-0.0050000000000000044
lpr,classifier_expander,task_aware_forgetting,1872839281,-0.009374999999999967
lpr,classifier_expander,task_aware_forgetting,637029796,-0.004250000000000004
lpr,classifier_expander,task_aware_forgetting,1357204345,-0.00624999999999995
lpr,classifier_expander,task_aware_forgetting,1758462037,-0.012000000000000038
lpr,classifier_expander,task_aware_forgetting,748737880,0.0033749999999999614
lpr,classifier_expander,task_aware_forgetting,1611510062,-0.011875000000000024
lpr,classifier_expander,task_aware_forgetting,333205446,-0.00849999999999998
lpr,classifier_expander,task_aware_forgetting,130501536,-0.03662499999999999
lpr,classifier_expander,task_aware_forgetting,492612040,-0.012125000000000052
lpr,classifier_expander,classifier_gap,2101606466,0.03069999999999995
lpr,classifier_expander,classifier_gap,1872839281,0.04289999999999994
lpr,classifier_expander,classifier_gap,637029796,-0.005699999999999816
lpr,classifier_expander,classifier_gap,1357204345,-0.0006999999999999229
lpr,classifier_expander,classifier_gap,1758462037,0.0034999999999999476
lpr,classifier_expander,classifier_gap,748737880,-0.011699999999999933
lpr,classifier_expander,classifier_gap,1611510062,0.04180000000000028
lpr,classifier_expander,classifier_gap,333205446,0.029900000000000038
lpr,classifier_expander,classifier_gap,130501536,0.012700000000000267
lpr,classifier_expander,classifier_gap,492612040,0.014000000000000123
lpr,classifier_expander,elapsed_seconds,2101606466,0.6443779090186581
lpr,classifier_expander,elapsed_seconds,1872839281,0.5827983809867874
lpr,classifier_expander,elapsed_seconds,637029796,0.6393279290059581
lpr,classifier_expander,elapsed_seconds,1357204345,0.6325956029468216
lpr,classifier_expander,elapsed_seconds,1758462037,0.6879540100344457
lpr,classifier_expander,elapsed_seconds,748737880,0.6347368769929744
lpr,classifier_expander,elapsed_seconds,1611510062,0.6222692049923353
lpr,classifier_expander,elapsed_seconds,333205446,0.6671772570116445
lpr,classifier_expander,elapsed_seconds,130501536,0.5293216879945248
lpr,classifier_expander,elapsed_seconds,492612040,0.6135312539990991
lpr,classifier_expander,learner_examples_processed,2101606466,704.0
lpr,classifier_expander,learner_examples_processed,1872839281,704.0
lpr,classifier_expander,learner_examples_processed,637029796,704.0
lpr,classifier_expander,learner_examples_processed,1357204345,704.0
lpr,classifier_expander,learner_examples_processed,1758462037,704.0
lpr,classifier_expander,learner_examples_processed,748737880,704.0
lpr,classifier_expander,learner_examples_processed,1611510062,704.0
lpr,classifier_expander,learner_examples_processed,333205446,704.0
lpr,classifier_expander,learner_examples_processed,130501536,704.0
lpr,classifier_expander,learner_examples_processed,492612040,704.0
lpr,classifier_expander,total_model_examples_processed,2101606466,77064.0
lpr,classifier_expander,total_model_examples_processed,1872839281,77064.0
lpr,classifier_expander,total_model_examples_processed,637029796,77064.0
lpr,classifier_expander,total_model_examples_processed,1357204345,77064.0
lpr,classifier_expander,total_model_examples_processed,1758462037,77064.0
lpr,classifier_expander,total_model_examples_processed,748737880,77064.0
lpr,classifier_expander,total_model_examples_processed,1611510062,77064.0
lpr,classifier_expander,total_model_examples_processed,333205446,77064.0
lpr,classifier_expander,total_model_examples_processed,130501536,77064.0
lpr,classifier_expander,total_model_examples_processed,492612040,77064.0
lpr,classifier_expander,estimated_total_flops,2101606466,862200280810.0
lpr,classifier_expander,estimated_total_flops,1872839281,862200280810.0
lpr,classifier_expander,estimated_total_flops,637029796,862200280810.0
lpr,classifier_expander,estimated_total_flops,1357204345,862200280810.0
lpr,classifier_expander,estimated_total_flops,1758462037,862200280810.0
lpr,classifier_expander,estimated_total_flops,748737880,862200280810.0
lpr,classifier_expander,estimated_total_flops,1611510062,862200280810.0
lpr,classifier_expander,estimated_total_flops,333205446,862200280810.0
lpr,classifier_expander,estimated_total_flops,130501536,862200280810.0
lpr,classifier_expander,estimated_total_flops,492612040,862200280810.0
lpr,classifier_expander,estimated_overhead_flops,2101606466,-17610205462.0
lpr,classifier_expander,estimated_overhead_flops,1872839281,-17610205462.0
lpr,classifier_expander,estimated_overhead_flops,637029796,-17610205462.0
lpr,classifier_expander,estimated_overhead_flops,1357204345,-17610205462.0
lpr,classifier_expander,estimated_overhead_flops,1758462037,-17610205462.0
lpr,classifier_expander,estimated_overhead_flops,748737880,-17610205462.0
lpr,classifier_expander,estimated_overhead_flops,1611510062,-17610205462.0
lpr,classifier_expander,estimated_overhead_flops,333205446,-17610205462.0
lpr,classifier_expander,estimated_overhead_flops,130501536,-17610205462.0
lpr,classifier_expander,estimated_overhead_flops,492612040,-17610205462.0
lpr,classifier_expander,replay_memory_bytes,2101606466,0.0
lpr,classifier_expander,replay_memory_bytes,1872839281,0.0
lpr,classifier_expander,replay_memory_bytes,637029796,0.0
lpr,classifier_expander,replay_memory_bytes,1357204345,0.0
lpr,classifier_expander,replay_memory_bytes,1758462037,0.0
lpr,classifier_expander,replay_memory_bytes,748737880,0.0
lpr,classifier_expander,replay_memory_bytes,1611510062,0.0
lpr,classifier_expander,replay_memory_bytes,333205446,0.0
lpr,classifier_expander,replay_memory_bytes,130501536,0.0
lpr,classifier_expander,replay_memory_bytes,492612040,0.0
lpr,classifier_expander,stored_logits_bytes,2101606466,0.0
lpr,classifier_expander,stored_logits_bytes,1872839281,0.0
lpr,classifier_expander,stored_logits_bytes,637029796,0.0
lpr,classifier_expander,stored_logits_bytes,1357204345,0.0
lpr,classifier_expander,stored_logits_bytes,1758462037,0.0
lpr,classifier_expander,stored_logits_bytes,748737880,0.0
lpr,classifier_expander,stored_logits_bytes,1611510062,0.0
lpr,classifier_expander,stored_logits_bytes,333205446,0.0
lpr,classifier_expander,stored_logits_bytes,130501536,0.0
lpr,classifier_expander,stored_logits_bytes,492612040,0.0
lpr,slowheat_classifier_expander,final_average_accuracy,2101606466,-0.035199999999999954
lpr,slowheat_classifier_expander,final_average_accuracy,1872839281,-0.06040000000000001
lpr,slowheat_classifier_expander,final_average_accuracy,637029796,-0.02810000000000007
lpr,slowheat_classifier_expander,final_average_accuracy,1357204345,-0.029300000000000048
lpr,slowheat_classifier_expander,final_average_accuracy,1758462037,-0.04649999999999993
lpr,slowheat_classifier_expander,final_average_accuracy,748737880,-0.03650000000000003
lpr,slowheat_classifier_expander,final_average_accuracy,1611510062,-0.057200000000000084
lpr,slowheat_classifier_expander,final_average_accuracy,333205446,-0.0413
lpr,slowheat_classifier_expander,final_average_accuracy,130501536,-0.01200000000000001
lpr,slowheat_classifier_expander,final_average_accuracy,492612040,-0.040200000000000014
lpr,slowheat_classifier_expander,average_forgetting,2101606466,-0.39799999999999996
lpr,slowheat_classifier_expander,average_forgetting,1872839281,-0.35
lpr,slowheat_classifier_expander,average_forgetting,637029796,-0.35475
lpr,slowheat_classifier_expander,average_forgetting,1357204345,-0.3391249999999999
lpr,slowheat_classifier_expander,average_forgetting,1758462037,-0.394
lpr,slowheat_classifier_expander,average_forgetting,748737880,-0.35175000000000006
lpr,slowheat_classifier_expander,average_forgetting,1611510062,-0.31075
lpr,slowheat_classifier_expander,average_forgetting,333205446,-0.375375
lpr,slowheat_classifier_expander,average_forgetting,130501536,-0.43324999999999997
lpr,slowheat_classifier_expander,average_forgetting,492612040,-0.3632500000000001
lpr,slowheat_classifier_expander,backward_transfer,2101606466,0.53775
lpr,slowheat_classifier_expander,backward_transfer,1872839281,0.4235
lpr,slowheat_classifier_expander,backward_transfer,637029796,0.50875
lpr,slowheat_classifier_expander,backward_transfer,1357204345,0.53125
lpr,slowheat_classifier_expander,backward_transfer,1758462037,0.57725
lpr,slowheat_classifier_expander,backward_transfer,748737880,0.4773750000000001
lpr,slowheat_classifier_expander,backward_transfer,1611510062,0.49275
lpr,slowheat_classifier_expander,backward_transfer,333205446,0.535625
lpr,slowheat_classifier_expander,backward_transfer,130501536,0.5892499999999999
lpr,slowheat_classifier_expander,backward_transfer,492612040,0.557625
lpr,slowheat_classifier_expander,forward_transfer,2101606466,0.019125000000000003
lpr,slowheat_classifier_expander,forward_transfer,1872839281,0.05700000000000001
lpr,slowheat_classifier_expander,forward_transfer,637029796,-0.06075
lpr,slowheat_classifier_expander,forward_transfer,1357204345,-0.017874999999999995
lpr,slowheat_classifier_expander,forward_transfer,1758462037,-0.0825
lpr,slowheat_classifier_expander,forward_transfer,748737880,-0.09687499999999999
lpr,slowheat_classifier_expander,forward_transfer,1611510062,-0.00412499999999999
lpr,slowheat_classifier_expander,forward_transfer,333205446,-0.156875
lpr,slowheat_classifier_expander,forward_transfer,130501536,-0.0018749999999999947
lpr,slowheat_classifier_expander,forward_transfer,492612040,-0.025249999999999995
lpr,slowheat_classifier_expander,task_aware_final_accuracy,2101606466,-0.03420000000000001
lpr,slowheat_classifier_expander,task_aware_final_accuracy,1872839281,-0.031099999999999905
lpr,slowheat_classifier_expander,task_aware_final_accuracy,637029796,-0.03380000000000005
lpr,slowheat_classifier_expander,task_aware_final_accuracy,1357204345,-0.03610000000000002
lpr,slowheat_classifier_expander,task_aware_final_accuracy,1758462037,-0.04620000000000002
lpr,slowheat_classifier_expander,task_aware_final_accuracy,748737880,-0.047900000000000054
lpr,slowheat_classifier_expander,task_aware_final_accuracy,1611510062,-0.03279999999999994
lpr,slowheat_classifier_expander,task_aware_final_accuracy,333205446,-0.0411999999999999
lpr,slowheat_classifier_expander,task_aware_final_accuracy,130501536,-0.010699999999999932
lpr,slowheat_classifier_expander,task_aware_final_accuracy,492612040,-0.03200000000000003
lpr,slowheat_classifier_expander,task_aware_forgetting,2101606466,-0.008124999999999993
lpr,slowheat_classifier_expander,task_aware_forgetting,1872839281,-0.01312499999999997
lpr,slowheat_classifier_expander,task_aware_forgetting,637029796,-0.005625000000000019
lpr,slowheat_classifier_expander,task_aware_forgetting,1357204345,-0.0071249999999999925
lpr,slowheat_classifier_expander,task_aware_forgetting,1758462037,0.0004999999999999727
lpr,slowheat_classifier_expander,task_aware_forgetting,748737880,0.008874999999999994
lpr,slowheat_classifier_expander,task_aware_forgetting,1611510062,-0.006250000000000061
lpr,slowheat_classifier_expander,task_aware_forgetting,333205446,-0.0016249999999999876
lpr,slowheat_classifier_expander,task_aware_forgetting,130501536,-0.0335
lpr,slowheat_classifier_expander,task_aware_forgetting,492612040,-0.013875000000000026
lpr,slowheat_classifier_expander,classifier_gap,2101606466,0.0009999999999999454
lpr,slowheat_classifier_expander,classifier_gap,1872839281,0.029300000000000104
lpr,slowheat_classifier_expander,classifier_gap,637029796,-0.005699999999999983
lpr,slowheat_classifier_expander,classifier_gap,1357204345,-0.006799999999999973
lpr,slowheat_classifier_expander,classifier_gap,1758462037,0.00029999999999991145
lpr,slowheat_classifier_expander,classifier_gap,748737880,-0.011400000000000021
lpr,slowheat_classifier_expander,classifier_gap,1611510062,0.024400000000000144
lpr,slowheat_classifier_expander,classifier_gap,333205446,0.00010000000000010001
lpr,slowheat_classifier_expander,classifier_gap,130501536,0.0013000000000000789
lpr,slowheat_classifier_expander,classifier_gap,492612040,0.008199999999999985
lpr,slowheat_classifier_expander,elapsed_seconds,2101606466,4.401633653964382
lpr,slowheat_classifier_expander,elapsed_seconds,1872839281,5.175282208016142
lpr,slowheat_classifier_expander,elapsed_seconds,637029796,4.459841602947563
lpr,slowheat_classifier_expander,elapsed_seconds,1357204345,4.32670304493513
lpr,slowheat_classifier_expander,elapsed_seconds,1758462037,4.400408293062355
lpr,slowheat_classifier_expander,elapsed_seconds,748737880,4.921405797009356
lpr,slowheat_classifier_expander,elapsed_seconds,1611510062,4.322658665012568
lpr,slowheat_classifier_expander,elapsed_seconds,333205446,4.478915970015805
lpr,slowheat_classifier_expander,elapsed_seconds,130501536,4.314608748012688
lpr,slowheat_classifier_expander,elapsed_seconds,492612040,3.9741999749676324
lpr,slowheat_classifier_expander,learner_examples_processed,2101606466,704.0
lpr,slowheat_classifier_expander,learner_examples_processed,1872839281,704.0
lpr,slowheat_classifier_expander,learner_examples_processed,637029796,704.0
lpr,slowheat_classifier_expander,learner_examples_processed,1357204345,704.0
lpr,slowheat_classifier_expander,learner_examples_processed,1758462037,704.0
lpr,slowheat_classifier_expander,learner_examples_processed,748737880,704.0
lpr,slowheat_classifier_expander,learner_examples_processed,1611510062,704.0
lpr,slowheat_classifier_expander,learner_examples_processed,333205446,704.0
lpr,slowheat_classifier_expander,learner_examples_processed,130501536,704.0
lpr,slowheat_classifier_expander,learner_examples_processed,492612040,704.0
lpr,slowheat_classifier_expander,total_model_examples_processed,2101606466,77064.0
lpr,slowheat_classifier_expander,total_model_examples_processed,1872839281,77064.0
lpr,slowheat_classifier_expander,total_model_examples_processed,637029796,77064.0
lpr,slowheat_classifier_expander,total_model_examples_processed,1357204345,77064.0
lpr,slowheat_classifier_expander,total_model_examples_processed,1758462037,77064.0
lpr,slowheat_classifier_expander,total_model_examples_processed,748737880,77064.0
lpr,slowheat_classifier_expander,total_model_examples_processed,1611510062,77064.0
lpr,slowheat_classifier_expander,total_model_examples_processed,333205446,77064.0
lpr,slowheat_classifier_expander,total_model_examples_processed,130501536,77064.0
lpr,slowheat_classifier_expander,total_model_examples_processed,492612040,77064.0
lpr,slowheat_classifier_expander,estimated_total_flops,2101606466,862339206090.0
lpr,slowheat_classifier_expander,estimated_total_flops,1872839281,862339206090.0
lpr,slowheat_classifier_expander,estimated_total_flops,637029796,862339206090.0
lpr,slowheat_classifier_expander,estimated_total_flops,1357204345,862339206090.0
lpr,slowheat_classifier_expander,estimated_total_flops,1758462037,862339206090.0
lpr,slowheat_classifier_expander,estimated_total_flops,748737880,862339206090.0
lpr,slowheat_classifier_expander,estimated_total_flops,1611510062,862339206090.0
lpr,slowheat_classifier_expander,estimated_total_flops,333205446,862339206090.0
lpr,slowheat_classifier_expander,estimated_total_flops,130501536,862339206090.0
lpr,slowheat_classifier_expander,estimated_total_flops,492612040,862339206090.0
lpr,slowheat_classifier_expander,estimated_overhead_flops,2101606466,-17471280182.0
lpr,slowheat_classifier_expander,estimated_overhead_flops,1872839281,-17471280182.0
lpr,slowheat_classifier_expander,estimated_overhead_flops,637029796,-17471280182.0
lpr,slowheat_classifier_expander,estimated_overhead_flops,1357204345,-17471280182.0
lpr,slowheat_classifier_expander,estimated_overhead_flops,1758462037,-17471280182.0
lpr,slowheat_classifier_expander,estimated_overhead_flops,748737880,-17471280182.0
lpr,slowheat_classifier_expander,estimated_overhead_flops,1611510062,-17471280182.0
lpr,slowheat_classifier_expander,estimated_overhead_flops,333205446,-17471280182.0
lpr,slowheat_classifier_expander,estimated_overhead_flops,130501536,-17471280182.0
lpr,slowheat_classifier_expander,estimated_overhead_flops,492612040,-17471280182.0
lpr,slowheat_classifier_expander,replay_memory_bytes,2101606466,0.0
lpr,slowheat_classifier_expander,replay_memory_bytes,1872839281,0.0
lpr,slowheat_classifier_expander,replay_memory_bytes,637029796,0.0
lpr,slowheat_classifier_expander,replay_memory_bytes,1357204345,0.0
lpr,slowheat_classifier_expander,replay_memory_bytes,1758462037,0.0
lpr,slowheat_classifier_expander,replay_memory_bytes,748737880,0.0
lpr,slowheat_classifier_expander,replay_memory_bytes,1611510062,0.0
lpr,slowheat_classifier_expander,replay_memory_bytes,333205446,0.0
lpr,slowheat_classifier_expander,replay_memory_bytes,130501536,0.0
lpr,slowheat_classifier_expander,replay_memory_bytes,492612040,0.0
lpr,slowheat_classifier_expander,stored_logits_bytes,2101606466,0.0
lpr,slowheat_classifier_expander,stored_logits_bytes,1872839281,0.0
lpr,slowheat_classifier_expander,stored_logits_bytes,637029796,0.0
lpr,slowheat_classifier_expander,stored_logits_bytes,1357204345,0.0
lpr,slowheat_classifier_expander,stored_logits_bytes,1758462037,0.0
lpr,slowheat_classifier_expander,stored_logits_bytes,748737880,0.0
lpr,slowheat_classifier_expander,stored_logits_bytes,1611510062,0.0
lpr,slowheat_classifier_expander,stored_logits_bytes,333205446,0.0
lpr,slowheat_classifier_expander,stored_logits_bytes,130501536,0.0
lpr,slowheat_classifier_expander,stored_logits_bytes,492612040,0.0
lpr,scroll,final_average_accuracy,2101606466,-0.05130000000000001
lpr,scroll,final_average_accuracy,1872839281,-0.050600000000000034
lpr,scroll,final_average_accuracy,637029796,-0.041700000000000015
lpr,scroll,final_average_accuracy,1357204345,-0.027500000000000024
lpr,scroll,final_average_accuracy,1758462037,-0.05239999999999995
lpr,scroll,final_average_accuracy,748737880,-0.043800000000000006
lpr,scroll,final_average_accuracy,1611510062,-0.08420000000000005
lpr,scroll,final_average_accuracy,333205446,-0.047199999999999964
lpr,scroll,final_average_accuracy,130501536,-0.07080000000000003
lpr,scroll,final_average_accuracy,492612040,-0.04899999999999999
lpr,scroll,average_forgetting,2101606466,-0.460875
lpr,scroll,average_forgetting,1872839281,-0.327125
lpr,scroll,average_forgetting,637029796,-0.46499999999999997
lpr,scroll,average_forgetting,1357204345,-0.38749999999999996
lpr,scroll,average_forgetting,1758462037,-0.3765
lpr,scroll,average_forgetting,748737880,-0.32862500000000006
lpr,scroll,average_forgetting,1611510062,-0.2965
lpr,scroll,average_forgetting,333205446,-0.41675000000000006
lpr,scroll,average_forgetting,130501536,-0.434125
lpr,scroll,average_forgetting,492612040,-0.3765000000000001
lpr,scroll,backward_transfer,2101606466,0.500625
lpr,scroll,backward_transfer,1872839281,0.45199999999999996
lpr,scroll,backward_transfer,637029796,0.602375
lpr,scroll,backward_transfer,1357204345,0.427125
lpr,scroll,backward_transfer,1758462037,0.40275
lpr,scroll,backward_transfer,748737880,0.39687500000000003
lpr,scroll,backward_transfer,1611510062,0.3915
lpr,scroll,backward_transfer,333205446,0.605125
lpr,scroll,backward_transfer,130501536,0.47512499999999996
lpr,scroll,backward_transfer,492612040,0.43987500000000007
lpr,scroll,forward_transfer,2101606466,-0.14375000000000002
lpr,scroll,forward_transfer,1872839281,-0.12624999999999997
lpr,scroll,forward_transfer,637029796,-0.2145
lpr,scroll,forward_transfer,1357204345,-0.09600000000000002
lpr,scroll,forward_transfer,1758462037,-0.21050000000000002
lpr,scroll,forward_transfer,748737880,-0.283
lpr,scroll,forward_transfer,1611510062,-0.019375000000000003
lpr,scroll,forward_transfer,333205446,-0.27575
lpr,scroll,forward_transfer,130501536,-0.06125
lpr,scroll,forward_transfer,492612040,-0.141375
lpr,scroll,task_aware_final_accuracy,2101606466,-0.1241000000000001
lpr,scroll,task_aware_final_accuracy,1872839281,-0.09549999999999992
lpr,scroll,task_aware_final_accuracy,637029796,-0.11719999999999986
lpr,scroll,task_aware_final_accuracy,1357204345,-0.0924999999999998
lpr,scroll,task_aware_final_accuracy,1758462037,-0.09530000000000005
lpr,scroll,task_aware_final_accuracy,748737880,-0.08510000000000018
lpr,scroll,task_aware_final_accuracy,1611510062,-0.10389999999999988
lpr,scroll,task_aware_final_accuracy,333205446,-0.12419999999999998
lpr,scroll,task_aware_final_accuracy,130501536,-0.06159999999999988
lpr,scroll,task_aware_final_accuracy,492612040,-0.0944999999999998
lpr,scroll,task_aware_forgetting,2101606466,0.028250000000000025
lpr,scroll,task_aware_forgetting,1872839281,-0.04025000000000001
lpr,scroll,task_aware_forgetting,637029796,-0.023499999999999993
lpr,scroll,task_aware_forgetting,1357204345,-0.021999999999999992
lpr,scroll,task_aware_forgetting,1758462037,-0.049000000000000044
lpr,scroll,task_aware_forgetting,748737880,-0.03412499999999999
lpr,scroll,task_aware_forgetting,1611510062,-0.044875
lpr,scroll,task_aware_forgetting,333205446,0.029375000000000012
lpr,scroll,task_aware_forgetting,130501536,-0.086
lpr,scroll,task_aware_forgetting,492612040,-0.04412500000000005
lpr,scroll,classifier_gap,2101606466,-0.07280000000000009
lpr,scroll,classifier_gap,1872839281,-0.044899999999999884
lpr,scroll,classifier_gap,637029796,-0.07549999999999985
lpr,scroll,classifier_gap,1357204345,-0.06499999999999978
lpr,scroll,classifier_gap,1758462037,-0.042900000000000105
lpr,scroll,classifier_gap,748737880,-0.04130000000000017
lpr,scroll,classifier_gap,1611510062,-0.01969999999999983
lpr,scroll,classifier_gap,333205446,-0.07700000000000001
lpr,scroll,classifier_gap,130501536,0.009200000000000153
lpr,scroll,classifier_gap,492612040,-0.04549999999999982
lpr,scroll,elapsed_seconds,2101606466,-8.529571760969702
lpr,scroll,elapsed_seconds,1872839281,-7.544087845017202
lpr,scroll,elapsed_seconds,637029796,-8.547685364959762
lpr,scroll,elapsed_seconds,1357204345,-8.523839015047997
lpr,scroll,elapsed_seconds,1758462037,-8.444694599951617
lpr,scroll,elapsed_seconds,748737880,-7.522190528048668
lpr,scroll,elapsed_seconds,1611510062,-8.494881753984373
lpr,scroll,elapsed_seconds,333205446,-8.500007916940376
lpr,scroll,elapsed_seconds,130501536,-8.51520156103652
lpr,scroll,elapsed_seconds,492612040,-8.546163625956979
lpr,scroll,learner_examples_processed,2101606466,-241152.0
lpr,scroll,learner_examples_processed,1872839281,-241152.0
lpr,scroll,learner_examples_processed,637029796,-241152.0
lpr,scroll,learner_examples_processed,1357204345,-241152.0
lpr,scroll,learner_examples_processed,1758462037,-241152.0
lpr,scroll,learner_examples_processed,748737880,-241152.0
lpr,scroll,learner_examples_processed,1611510062,-241152.0
lpr,scroll,learner_examples_processed,333205446,-241152.0
lpr,scroll,learner_examples_processed,130501536,-241152.0
lpr,scroll,learner_examples_processed,492612040,-241152.0
lpr,scroll,total_model_examples_processed,2101606466,-205432.0
lpr,scroll,total_model_examples_processed,1872839281,-205432.0
lpr,scroll,total_model_examples_processed,637029796,-205432.0
lpr,scroll,total_model_examples_processed,1357204345,-205432.0
lpr,scroll,total_model_examples_processed,1758462037,-205432.0
lpr,scroll,total_model_examples_processed,748737880,-205432.0
lpr,scroll,total_model_examples_processed,1611510062,-205432.0
lpr,scroll,total_model_examples_processed,333205446,-205432.0
lpr,scroll,total_model_examples_processed,130501536,-205432.0
lpr,scroll,total_model_examples_processed,492612040,-205432.0
lpr,scroll,estimated_total_flops,2101606466,-7722983391633.0
lpr,scroll,estimated_total_flops,1872839281,-7722983391633.0
lpr,scroll,estimated_total_flops,637029796,-7722983391633.0
lpr,scroll,estimated_total_flops,1357204345,-7722983391633.0
lpr,scroll,estimated_total_flops,1758462037,-7722983391633.0
lpr,scroll,estimated_total_flops,748737880,-7722983391633.0
lpr,scroll,estimated_total_flops,1611510062,-7722983391633.0
lpr,scroll,estimated_total_flops,333205446,-7722983391633.0
lpr,scroll,estimated_total_flops,130501536,-7722983391633.0
lpr,scroll,estimated_total_flops,492612040,-7722983391633.0
lpr,scroll,estimated_overhead_flops,2101606466,-12241412497.0
lpr,scroll,estimated_overhead_flops,1872839281,-12241412497.0
lpr,scroll,estimated_overhead_flops,637029796,-12241412497.0
lpr,scroll,estimated_overhead_flops,1357204345,-12241412497.0
lpr,scroll,estimated_overhead_flops,1758462037,-12241412497.0
lpr,scroll,estimated_overhead_flops,748737880,-12241412497.0
lpr,scroll,estimated_overhead_flops,1611510062,-12241412497.0
lpr,scroll,estimated_overhead_flops,333205446,-12241412497.0
lpr,scroll,estimated_overhead_flops,130501536,-12241412497.0
lpr,scroll,estimated_overhead_flops,492612040,-12241412497.0
lpr,scroll,replay_memory_bytes,2101606466,0.0
lpr,scroll,replay_memory_bytes,1872839281,0.0
lpr,scroll,replay_memory_bytes,637029796,0.0
lpr,scroll,replay_memory_bytes,1357204345,0.0
lpr,scroll,replay_memory_bytes,1758462037,0.0
lpr,scroll,replay_memory_bytes,748737880,0.0
lpr,scroll,replay_memory_bytes,1611510062,0.0
lpr,scroll,replay_memory_bytes,333205446,0.0
lpr,scroll,replay_memory_bytes,130501536,0.0
lpr,scroll,replay_memory_bytes,492612040,0.0
lpr,scroll,stored_logits_bytes,2101606466,0.0
lpr,scroll,stored_logits_bytes,1872839281,0.0
lpr,scroll,stored_logits_bytes,637029796,0.0
lpr,scroll,stored_logits_bytes,1357204345,0.0
lpr,scroll,stored_logits_bytes,1758462037,0.0
lpr,scroll,stored_logits_bytes,748737880,0.0
lpr,scroll,stored_logits_bytes,1611510062,0.0
lpr,scroll,stored_logits_bytes,333205446,0.0
lpr,scroll,stored_logits_bytes,130501536,0.0
lpr,scroll,stored_logits_bytes,492612040,0.0
lpr,slowheat_scroll,final_average_accuracy,2101606466,0.02969999999999995
lpr,slowheat_scroll,final_average_accuracy,1872839281,0.01200000000000001
lpr,slowheat_scroll,final_average_accuracy,637029796,0.013000000000000012
lpr,slowheat_scroll,final_average_accuracy,1357204345,0.020399999999999974
lpr,slowheat_scroll,final_average_accuracy,1758462037,-0.019299999999999984
lpr,slowheat_scroll,final_average_accuracy,748737880,0.03309999999999991
lpr,slowheat_scroll,final_average_accuracy,1611510062,-0.06240000000000001
lpr,slowheat_scroll,final_average_accuracy,333205446,0.0039000000000000146
lpr,slowheat_scroll,final_average_accuracy,130501536,-0.020899999999999974
lpr,slowheat_scroll,final_average_accuracy,492612040,0.05010000000000003
lpr,slowheat_scroll,average_forgetting,2101606466,-0.45324999999999993
lpr,slowheat_scroll,average_forgetting,1872839281,-0.368625
lpr,slowheat_scroll,average_forgetting,637029796,-0.343625
lpr,slowheat_scroll,average_forgetting,1357204345,-0.4537499999999999
lpr,slowheat_scroll,average_forgetting,1758462037,-0.36637500000000006
lpr,slowheat_scroll,average_forgetting,748737880,-0.3198750000000001
lpr,slowheat_scroll,average_forgetting,1611510062,-0.36287500000000006
lpr,slowheat_scroll,average_forgetting,333205446,-0.43862500000000004
lpr,slowheat_scroll,average_forgetting,130501536,-0.474625
lpr,slowheat_scroll,average_forgetting,492612040,-0.4128750000000001
lpr,slowheat_scroll,backward_transfer,2101606466,0.5013749999999999
lpr,slowheat_scroll,backward_transfer,1872839281,0.39225
lpr,slowheat_scroll,backward_transfer,637029796,0.381375
lpr,slowheat_scroll,backward_transfer,1357204345,0.49349999999999994
lpr,slowheat_scroll,backward_transfer,1758462037,0.379875
lpr,slowheat_scroll,backward_transfer,748737880,0.3198750000000001
lpr,slowheat_scroll,backward_transfer,1611510062,0.3665000000000001
lpr,slowheat_scroll,backward_transfer,333205446,0.4882500000000001
lpr,slowheat_scroll,backward_transfer,130501536,0.487625
lpr,slowheat_scroll,backward_transfer,492612040,0.4753750000000001
lpr,slowheat_scroll,forward_transfer,2101606466,-0.14375000000000002
lpr,slowheat_scroll,forward_transfer,1872839281,-0.12624999999999997
lpr,slowheat_scroll,forward_transfer,637029796,-0.2145
lpr,slowheat_scroll,forward_transfer,1357204345,-0.09600000000000002
lpr,slowheat_scroll,forward_transfer,1758462037,-0.21050000000000002
lpr,slowheat_scroll,forward_transfer,748737880,-0.283
lpr,slowheat_scroll,forward_transfer,1611510062,-0.019375000000000003
lpr,slowheat_scroll,forward_transfer,333205446,-0.27575
lpr,slowheat_scroll,forward_transfer,130501536,-0.06125
lpr,slowheat_scroll,forward_transfer,492612040,-0.141375
lpr,slowheat_scroll,task_aware_final_accuracy,2101606466,-0.06180000000000019
lpr,slowheat_scroll,task_aware_final_accuracy,1872839281,-0.054400000000000004
lpr,slowheat_scroll,task_aware_final_accuracy,637029796,-0.0895999999999999
lpr,slowheat_scroll,task_aware_final_accuracy,1357204345,-0.0592999999999998
lpr,slowheat_scroll,task_aware_final_accuracy,1758462037,-0.07730000000000004
lpr,slowheat_scroll,task_aware_final_accuracy,748737880,-0.04640000000000011
lpr,slowheat_scroll,task_aware_final_accuracy,1611510062,-0.06559999999999988
lpr,slowheat_scroll,task_aware_final_accuracy,333205446,-0.09979999999999978
lpr,slowheat_scroll,task_aware_final_accuracy,130501536,-0.020899999999999808
lpr,slowheat_scroll,task_aware_final_accuracy,492612040,-0.035699999999999954
lpr,slowheat_scroll,task_aware_forgetting,2101606466,-0.016374999999999973
lpr,slowheat_scroll,task_aware_forgetting,1872839281,-0.032125000000000015
lpr,slowheat_scroll,task_aware_forgetting,637029796,-0.014500000000000013
lpr,slowheat_scroll,task_aware_forgetting,1357204345,-0.005874999999999991
lpr,slowheat_scroll,task_aware_forgetting,1758462037,0.0004999999999999727
lpr,slowheat_scroll,task_aware_forgetting,748737880,-0.01125000000000001
lpr,slowheat_scroll,task_aware_forgetting,1611510062,-0.03462499999999999
lpr,slowheat_scroll,task_aware_forgetting,333205446,0.039624999999999994
lpr,slowheat_scroll,task_aware_forgetting,130501536,-0.04500000000000001
lpr,slowheat_scroll,task_aware_forgetting,492612040,-0.026125000000000037
lpr,slowheat_scroll,classifier_gap,2101606466,-0.09150000000000014
lpr,slowheat_scroll,classifier_gap,1872839281,-0.06640000000000001
lpr,slowheat_scroll,classifier_gap,637029796,-0.10259999999999991
lpr,slowheat_scroll,classifier_gap,1357204345,-0.07969999999999977
lpr,slowheat_scroll,classifier_gap,1758462037,-0.05800000000000005
lpr,slowheat_scroll,classifier_gap,748737880,-0.07950000000000002
lpr,slowheat_scroll,classifier_gap,1611510062,-0.0031999999999998696
lpr,slowheat_scroll,classifier_gap,333205446,-0.10369999999999979
lpr,slowheat_scroll,classifier_gap,130501536,1.6653345369377348e-16
lpr,slowheat_scroll,classifier_gap,492612040,-0.08579999999999999
lpr,slowheat_scroll,elapsed_seconds,2101606466,-7.789532775990665
lpr,slowheat_scroll,elapsed_seconds,1872839281,-6.827669671969488
lpr,slowheat_scroll,elapsed_seconds,637029796,-7.958447432029061
lpr,slowheat_scroll,elapsed_seconds,1357204345,-7.795938386057969
lpr,slowheat_scroll,elapsed_seconds,1758462037,-7.710451771970838
lpr,slowheat_scroll,elapsed_seconds,748737880,-6.796464540006127
lpr,slowheat_scroll,elapsed_seconds,1611510062,-7.771893051045481
lpr,slowheat_scroll,elapsed_seconds,333205446,-7.769771206949372
lpr,slowheat_scroll,elapsed_seconds,130501536,-7.771845788054634
lpr,slowheat_scroll,elapsed_seconds,492612040,-7.837501462956425
lpr,slowheat_scroll,learner_examples_processed,2101606466,-241152.0
lpr,slowheat_scroll,learner_examples_processed,1872839281,-241152.0
lpr,slowheat_scroll,learner_examples_processed,637029796,-241152.0
lpr,slowheat_scroll,learner_examples_processed,1357204345,-241152.0
lpr,slowheat_scroll,learner_examples_processed,1758462037,-241152.0
lpr,slowheat_scroll,learner_examples_processed,748737880,-241152.0
lpr,slowheat_scroll,learner_examples_processed,1611510062,-241152.0
lpr,slowheat_scroll,learner_examples_processed,333205446,-241152.0
lpr,slowheat_scroll,learner_examples_processed,130501536,-241152.0
lpr,slowheat_scroll,learner_examples_processed,492612040,-241152.0
lpr,slowheat_scroll,total_model_examples_processed,2101606466,-205432.0
lpr,slowheat_scroll,total_model_examples_processed,1872839281,-205432.0
lpr,slowheat_scroll,total_model_examples_processed,637029796,-205432.0
lpr,slowheat_scroll,total_model_examples_processed,1357204345,-205432.0
lpr,slowheat_scroll,total_model_examples_processed,1758462037,-205432.0
lpr,slowheat_scroll,total_model_examples_processed,748737880,-205432.0
lpr,slowheat_scroll,total_model_examples_processed,1611510062,-205432.0
lpr,slowheat_scroll,total_model_examples_processed,333205446,-205432.0
lpr,slowheat_scroll,total_model_examples_processed,130501536,-205432.0
lpr,slowheat_scroll,total_model_examples_processed,492612040,-205432.0
lpr,slowheat_scroll,estimated_total_flops,2101606466,-7722961797553.0
lpr,slowheat_scroll,estimated_total_flops,1872839281,-7722961797553.0
lpr,slowheat_scroll,estimated_total_flops,637029796,-7722961797553.0
lpr,slowheat_scroll,estimated_total_flops,1357204345,-7722961797553.0
lpr,slowheat_scroll,estimated_total_flops,1758462037,-7722961797553.0
lpr,slowheat_scroll,estimated_total_flops,748737880,-7722961797553.0
lpr,slowheat_scroll,estimated_total_flops,1611510062,-7722961797553.0
lpr,slowheat_scroll,estimated_total_flops,333205446,-7722961797553.0
lpr,slowheat_scroll,estimated_total_flops,130501536,-7722961797553.0
lpr,slowheat_scroll,estimated_total_flops,492612040,-7722961797553.0
lpr,slowheat_scroll,estimated_overhead_flops,2101606466,-12219818417.0
lpr,slowheat_scroll,estimated_overhead_flops,1872839281,-12219818417.0
lpr,slowheat_scroll,estimated_overhead_flops,637029796,-12219818417.0
lpr,slowheat_scroll,estimated_overhead_flops,1357204345,-12219818417.0
lpr,slowheat_scroll,estimated_overhead_flops,1758462037,-12219818417.0
lpr,slowheat_scroll,estimated_overhead_flops,748737880,-12219818417.0
lpr,slowheat_scroll,estimated_overhead_flops,1611510062,-12219818417.0
lpr,slowheat_scroll,estimated_overhead_flops,333205446,-12219818417.0
lpr,slowheat_scroll,estimated_overhead_flops,130501536,-12219818417.0
lpr,slowheat_scroll,estimated_overhead_flops,492612040,-12219818417.0
lpr,slowheat_scroll,replay_memory_bytes,2101606466,0.0
lpr,slowheat_scroll,replay_memory_bytes,1872839281,0.0
lpr,slowheat_scroll,replay_memory_bytes,637029796,0.0
lpr,slowheat_scroll,replay_memory_bytes,1357204345,0.0
lpr,slowheat_scroll,replay_memory_bytes,1758462037,0.0
lpr,slowheat_scroll,replay_memory_bytes,748737880,0.0
lpr,slowheat_scroll,replay_memory_bytes,1611510062,0.0
lpr,slowheat_scroll,replay_memory_bytes,333205446,0.0
lpr,slowheat_scroll,replay_memory_bytes,130501536,0.0
lpr,slowheat_scroll,replay_memory_bytes,492612040,0.0
lpr,slowheat_scroll,stored_logits_bytes,2101606466,0.0
lpr,slowheat_scroll,stored_logits_bytes,1872839281,0.0
lpr,slowheat_scroll,stored_logits_bytes,637029796,0.0
lpr,slowheat_scroll,stored_logits_bytes,1357204345,0.0
lpr,slowheat_scroll,stored_logits_bytes,1758462037,0.0
lpr,slowheat_scroll,stored_logits_bytes,748737880,0.0
lpr,slowheat_scroll,stored_logits_bytes,1611510062,0.0
lpr,slowheat_scroll,stored_logits_bytes,333205446,0.0
lpr,slowheat_scroll,stored_logits_bytes,130501536,0.0
lpr,slowheat_scroll,stored_logits_bytes,492612040,0.0
classifier_expander,vanilla,final_average_accuracy,2101606466,-0.14349999999999996
classifier_expander,vanilla,final_average_accuracy,1872839281,-0.1342
classifier_expander,vanilla,final_average_accuracy,637029796,-0.1689
classifier_expander,vanilla,final_average_accuracy,1357204345,-0.17480000000000004
classifier_expander,vanilla,final_average_accuracy,1758462037,-0.1689
classifier_expander,vanilla,final_average_accuracy,748737880,-0.17119999999999994
classifier_expander,vanilla,final_average_accuracy,1611510062,-0.15300000000000002
classifier_expander,vanilla,final_average_accuracy,333205446,-0.1487
classifier_expander,vanilla,final_average_accuracy,130501536,-0.1774
classifier_expander,vanilla,final_average_accuracy,492612040,-0.1776
classifier_expander,vanilla,average_forgetting,2101606466,0.543
classifier_expander,vanilla,average_forgetting,1872839281,0.49325
classifier_expander,vanilla,average_forgetting,637029796,0.53775
classifier_expander,vanilla,average_forgetting,1357204345,0.5255
classifier_expander,vanilla,average_forgetting,1758462037,0.6381249999999998
classifier_expander,vanilla,average_forgetting,748737880,0.5483750000000001
classifier_expander,vanilla,average_forgetting,1611510062,0.545
classifier_expander,vanilla,average_forgetting,333205446,0.5347500000000001
classifier_expander,vanilla,average_forgetting,130501536,0.576125
classifier_expander,vanilla,average_forgetting,492612040,0.5426250000000001
classifier_expander,vanilla,backward_transfer,2101606466,-0.604125
classifier_expander,vanilla,backward_transfer,1872839281,-0.538875
classifier_expander,vanilla,backward_transfer,637029796,-0.65875
classifier_expander,vanilla,backward_transfer,1357204345,-0.6935
classifier_expander,vanilla,backward_transfer,1758462037,-0.7162499999999998
classifier_expander,vanilla,backward_transfer,748737880,-0.61675
classifier_expander,vanilla,backward_transfer,1611510062,-0.7023750000000001
classifier_expander,vanilla,backward_transfer,333205446,-0.6255000000000001
classifier_expander,vanilla,backward_transfer,130501536,-0.685875
classifier_expander,vanilla,backward_transfer,492612040,-0.6887500000000001
classifier_expander,vanilla,forward_transfer,2101606466,-0.0915
classifier_expander,vanilla,forward_transfer,1872839281,-0.13374999999999998
classifier_expander,vanilla,forward_transfer,637029796,-0.108625
classifier_expander,vanilla,forward_transfer,1357204345,-0.09050000000000001
classifier_expander,vanilla,forward_transfer,1758462037,-0.11075
classifier_expander,vanilla,forward_transfer,748737880,-0.138125
classifier_expander,vanilla,forward_transfer,1611510062,-0.005874999999999964
classifier_expander,vanilla,forward_transfer,333205446,-0.0052499999999999995
classifier_expander,vanilla,forward_transfer,130501536,-0.090375
classifier_expander,vanilla,forward_transfer,492612040,-0.01862499999999999
classifier_expander,vanilla,task_aware_final_accuracy,2101606466,-0.2197
classifier_expander,vanilla,task_aware_final_accuracy,1872839281,-0.1701999999999999
classifier_expander,vanilla,task_aware_final_accuracy,637029796,-0.21020000000000016
classifier_expander,vanilla,task_aware_final_accuracy,1357204345,-0.16879999999999995
classifier_expander,vanilla,task_aware_final_accuracy,1758462037,-0.1946
classifier_expander,vanilla,task_aware_final_accuracy,748737880,-0.21450000000000014
classifier_expander,vanilla,task_aware_final_accuracy,1611510062,-0.18600000000000017
classifier_expander,vanilla,task_aware_final_accuracy,333205446,-0.22949999999999993
classifier_expander,vanilla,task_aware_final_accuracy,130501536,-0.22470000000000012
classifier_expander,vanilla,task_aware_final_accuracy,492612040,-0.20300000000000007
classifier_expander,vanilla,task_aware_forgetting,2101606466,0.276
classifier_expander,vanilla,task_aware_forgetting,1872839281,0.21974999999999995
classifier_expander,vanilla,task_aware_forgetting,637029796,0.27625
classifier_expander,vanilla,task_aware_forgetting,1357204345,0.20212499999999997
classifier_expander,vanilla,task_aware_forgetting,1758462037,0.24762499999999998
classifier_expander,vanilla,task_aware_forgetting,748737880,0.2748750000000001
classifier_expander,vanilla,task_aware_forgetting,1611510062,0.24237500000000003
classifier_expander,vanilla,task_aware_forgetting,333205446,0.2915
classifier_expander,vanilla,task_aware_forgetting,130501536,0.277625
classifier_expander,vanilla,task_aware_forgetting,492612040,0.25200000000000006
classifier_expander,vanilla,classifier_gap,2101606466,-0.07619999999999999
classifier_expander,vanilla,classifier_gap,1872839281,-0.035999999999999865
classifier_expander,vanilla,classifier_gap,637029796,-0.04130000000000017
classifier_expander,vanilla,classifier_gap,1357204345,0.006000000000000061
classifier_expander,vanilla,classifier_gap,1758462037,-0.0257
classifier_expander,vanilla,classifier_gap,748737880,-0.04330000000000023
classifier_expander,vanilla,classifier_gap,1611510062,-0.03300000000000014
classifier_expander,vanilla,classifier_gap,333205446,-0.08079999999999993
classifier_expander,vanilla,classifier_gap,130501536,-0.04730000000000012
classifier_expander,vanilla,classifier_gap,492612040,-0.02540000000000009
classifier_expander,vanilla,elapsed_seconds,2101606466,-3.8322142279939726
classifier_expander,vanilla,elapsed_seconds,1872839281,-2.724069249990862
classifier_expander,vanilla,elapsed_seconds,637029796,-3.898791099025402
classifier_expander,vanilla,elapsed_seconds,1357204345,-4.482233215007
classifier_expander,vanilla,elapsed_seconds,1758462037,-3.857158200989943
classifier_expander,vanilla,elapsed_seconds,748737880,-2.866785828024149
classifier_expander,vanilla,elapsed_seconds,1611510062,-3.839481302013155
classifier_expander,vanilla,elapsed_seconds,333205446,-3.966497781977523
classifier_expander,vanilla,elapsed_seconds,130501536,-3.7297952540102415
classifier_expander,vanilla,elapsed_seconds,492612040,-3.72165382001549
classifier_expander,vanilla,learner_examples_processed,2101606466,-81344.0
classifier_expander,vanilla,learner_examples_processed,1872839281,-81344.0
classifier_expander,vanilla,learner_examples_processed,637029796,-81344.0
classifier_expander,vanilla,learner_examples_processed,1357204345,-81344.0
classifier_expander,vanilla,learner_examples_processed,1758462037,-81344.0
classifier_expander,vanilla,learner_examples_processed,748737880,-81344.0
classifier_expander,vanilla,learner_examples_processed,1611510062,-81344.0
classifier_expander,vanilla,learner_examples_processed,333205446,-81344.0
classifier_expander,vanilla,learner_examples_processed,130501536,-81344.0
classifier_expander,vanilla,learner_examples_processed,492612040,-81344.0
classifier_expander,vanilla,total_model_examples_processed,2101606466,-161984.0
classifier_expander,vanilla,total_model_examples_processed,1872839281,-161984.0
classifier_expander,vanilla,total_model_examples_processed,637029796,-161984.0
classifier_expander,vanilla,total_model_examples_processed,1357204345,-161984.0
classifier_expander,vanilla,total_model_examples_processed,1758462037,-161984.0
classifier_expander,vanilla,total_model_examples_processed,748737880,-161984.0
classifier_expander,vanilla,total_model_examples_processed,1611510062,-161984.0
classifier_expander,vanilla,total_model_examples_processed,333205446,-161984.0
classifier_expander,vanilla,total_model_examples_processed,130501536,-161984.0
classifier_expander,vanilla,total_model_examples_processed,492612040,-161984.0
classifier_expander,vanilla,estimated_total_flops,2101606466,-3640149737472.0
classifier_expander,vanilla,estimated_total_flops,1872839281,-3640149737472.0
classifier_expander,vanilla,estimated_total_flops,637029796,-3640149737472.0
classifier_expander,vanilla,estimated_total_flops,1357204345,-3640149737472.0
classifier_expander,vanilla,estimated_total_flops,1758462037,-3640149737472.0
classifier_expander,vanilla,estimated_total_flops,748737880,-3640149737472.0
classifier_expander,vanilla,estimated_total_flops,1611510062,-3640149737472.0
classifier_expander,vanilla,estimated_total_flops,333205446,-3640149737472.0
classifier_expander,vanilla,estimated_total_flops,130501536,-3640149737472.0
classifier_expander,vanilla,estimated_total_flops,492612040,-3640149737472.0
classifier_expander,vanilla,estimated_overhead_flops,2101606466,0.0
classifier_expander,vanilla,estimated_overhead_flops,1872839281,0.0
classifier_expander,vanilla,estimated_overhead_flops,637029796,0.0
classifier_expander,vanilla,estimated_overhead_flops,1357204345,0.0
classifier_expander,vanilla,estimated_overhead_flops,1758462037,0.0
classifier_expander,vanilla,estimated_overhead_flops,748737880,0.0
classifier_expander,vanilla,estimated_overhead_flops,1611510062,0.0
classifier_expander,vanilla,estimated_overhead_flops,333205446,0.0
classifier_expander,vanilla,estimated_overhead_flops,130501536,0.0
classifier_expander,vanilla,estimated_overhead_flops,492612040,0.0
classifier_expander,vanilla,replay_memory_bytes,2101606466,-2459200.0
classifier_expander,vanilla,replay_memory_bytes,1872839281,-2459200.0
classifier_expander,vanilla,replay_memory_bytes,637029796,-2459200.0
classifier_expander,vanilla,replay_memory_bytes,1357204345,-2459200.0
classifier_expander,vanilla,replay_memory_bytes,1758462037,-2459200.0
classifier_expander,vanilla,replay_memory_bytes,748737880,-2459200.0
classifier_expander,vanilla,replay_memory_bytes,1611510062,-2459200.0
classifier_expander,vanilla,replay_memory_bytes,333205446,-2459200.0
classifier_expander,vanilla,replay_memory_bytes,130501536,-2459200.0
classifier_expander,vanilla,replay_memory_bytes,492612040,-2459200.0
classifier_expander,vanilla,stored_logits_bytes,2101606466,0.0
classifier_expander,vanilla,stored_logits_bytes,1872839281,0.0
classifier_expander,vanilla,stored_logits_bytes,637029796,0.0
classifier_expander,vanilla,stored_logits_bytes,1357204345,0.0
classifier_expander,vanilla,stored_logits_bytes,1758462037,0.0
classifier_expander,vanilla,stored_logits_bytes,748737880,0.0
classifier_expander,vanilla,stored_logits_bytes,1611510062,0.0
classifier_expander,vanilla,stored_logits_bytes,333205446,0.0
classifier_expander,vanilla,stored_logits_bytes,130501536,0.0
classifier_expander,vanilla,stored_logits_bytes,492612040,0.0
classifier_expander,slowheat_none,final_average_accuracy,2101606466,-0.13759999999999994
classifier_expander,slowheat_none,final_average_accuracy,1872839281,-0.13780000000000003
classifier_expander,slowheat_none,final_average_accuracy,637029796,-0.1679
classifier_expander,slowheat_none,final_average_accuracy,1357204345,-0.17270000000000005
classifier_expander,slowheat_none,final_average_accuracy,1758462037,-0.17120000000000002
classifier_expander,slowheat_none,final_average_accuracy,748737880,-0.16739999999999994
classifier_expander,slowheat_none,final_average_accuracy,1611510062,-0.15290000000000004
classifier_expander,slowheat_none,final_average_accuracy,333205446,-0.1469
classifier_expander,slowheat_none,final_average_accuracy,130501536,-0.17729999999999999
classifier_expander,slowheat_none,final_average_accuracy,492612040,-0.17880000000000001
classifier_expander,slowheat_none,average_forgetting,2101606466,0.543875
classifier_expander,slowheat_none,average_forgetting,1872839281,0.4955
classifier_expander,slowheat_none,average_forgetting,637029796,0.5402500000000001
classifier_expander,slowheat_none,average_forgetting,1357204345,0.5262499999999999
classifier_expander,slowheat_none,average_forgetting,1758462037,0.6388749999999999
classifier_expander,slowheat_none,average_forgetting,748737880,0.5493750000000001
classifier_expander,slowheat_none,average_forgetting,1611510062,0.54425
classifier_expander,slowheat_none,average_forgetting,333205446,0.5351250000000001
classifier_expander,slowheat_none,average_forgetting,130501536,0.5745
classifier_expander,slowheat_none,average_forgetting,492612040,0.54175
classifier_expander,slowheat_none,backward_transfer,2101606466,-0.605
classifier_expander,slowheat_none,backward_transfer,1872839281,-0.5411250000000001
classifier_expander,slowheat_none,backward_transfer,637029796,-0.6612500000000001
classifier_expander,slowheat_none,backward_transfer,1357204345,-0.6942499999999998
classifier_expander,slowheat_none,backward_transfer,1758462037,-0.7169999999999999
classifier_expander,slowheat_none,backward_transfer,748737880,-0.61775
classifier_expander,slowheat_none,backward_transfer,1611510062,-0.701625
classifier_expander,slowheat_none,backward_transfer,333205446,-0.6258750000000001
classifier_expander,slowheat_none,backward_transfer,130501536,-0.68425
classifier_expander,slowheat_none,backward_transfer,492612040,-0.687875
classifier_expander,slowheat_none,forward_transfer,2101606466,-0.09162500000000001
classifier_expander,slowheat_none,forward_transfer,1872839281,-0.13474999999999998
classifier_expander,slowheat_none,forward_transfer,637029796,-0.11199999999999999
classifier_expander,slowheat_none,forward_transfer,1357204345,-0.090375
classifier_expander,slowheat_none,forward_transfer,1758462037,-0.11087500000000002
classifier_expander,slowheat_none,forward_transfer,748737880,-0.13974999999999999
classifier_expander,slowheat_none,forward_transfer,1611510062,-0.005999999999999978
classifier_expander,slowheat_none,forward_transfer,333205446,-0.0055
classifier_expander,slowheat_none,forward_transfer,130501536,-0.090375
classifier_expander,slowheat_none,forward_transfer,492612040,-0.01862499999999999
classifier_expander,slowheat_none,task_aware_final_accuracy,2101606466,-0.19320000000000004
classifier_expander,slowheat_none,task_aware_final_accuracy,1872839281,-0.15359999999999996
classifier_expander,slowheat_none,task_aware_final_accuracy,637029796,-0.1696000000000002
classifier_expander,slowheat_none,task_aware_final_accuracy,1357204345,-0.22809999999999997
classifier_expander,slowheat_none,task_aware_final_accuracy,1758462037,-0.1824
classifier_expander,slowheat_none,task_aware_final_accuracy,748737880,-0.23140000000000005
classifier_expander,slowheat_none,task_aware_final_accuracy,1611510062,-0.16290000000000004
classifier_expander,slowheat_none,task_aware_final_accuracy,333205446,-0.18730000000000002
classifier_expander,slowheat_none,task_aware_final_accuracy,130501536,-0.1757000000000002
classifier_expander,slowheat_none,task_aware_final_accuracy,492612040,-0.20810000000000006
classifier_expander,slowheat_none,task_aware_forgetting,2101606466,0.25112500000000004
classifier_expander,slowheat_none,task_aware_forgetting,1872839281,0.19674999999999998
classifier_expander,slowheat_none,task_aware_forgetting,637029796,0.22925000000000006
classifier_expander,slowheat_none,task_aware_forgetting,1357204345,0.2796249999999999
classifier_expander,slowheat_none,task_aware_forgetting,1758462037,0.23025
classifier_expander,slowheat_none,task_aware_forgetting,748737880,0.3017500000000001
classifier_expander,slowheat_none,task_aware_forgetting,1611510062,0.21287499999999995
classifier_expander,slowheat_none,task_aware_forgetting,333205446,0.241375
classifier_expander,slowheat_none,task_aware_forgetting,130501536,0.21487499999999993
classifier_expander,slowheat_none,task_aware_forgetting,492612040,0.256
classifier_expander,slowheat_none,classifier_gap,2101606466,-0.05560000000000004
classifier_expander,slowheat_none,classifier_gap,1872839281,-0.015799999999999925
classifier_expander,slowheat_none,classifier_gap,637029796,-0.0017000000000002014
classifier_expander,slowheat_none,classifier_gap,1357204345,-0.05539999999999995
classifier_expander,slowheat_none,classifier_gap,1758462037,-0.011199999999999988
classifier_expander,slowheat_none,classifier_gap,748737880,-0.06400000000000011
classifier_expander,slowheat_none,classifier_gap,1611510062,-0.010000000000000009
classifier_expander,slowheat_none,classifier_gap,333205446,-0.04039999999999999
classifier_expander,slowheat_none,classifier_gap,130501536,0.0015999999999997683
classifier_expander,slowheat_none,classifier_gap,492612040,-0.029300000000000048
classifier_expander,slowheat_none,elapsed_seconds,2101606466,1.148484756005928
classifier_expander,slowheat_none,elapsed_seconds,1872839281,2.135040718014352
classifier_expander,slowheat_none,elapsed_seconds,637029796,1.0297613539732993
classifier_expander,slowheat_none,elapsed_seconds,1357204345,0.32136107701808214
classifier_expander,slowheat_none,elapsed_seconds,1758462037,1.1328832330182195
classifier_expander,slowheat_none,elapsed_seconds,748737880,1.8742295989650302
classifier_expander,slowheat_none,elapsed_seconds,1611510062,1.2033895010245033
classifier_expander,slowheat_none,elapsed_seconds,333205446,0.3768507270142436
classifier_expander,slowheat_none,elapsed_seconds,130501536,1.2012374339974485
classifier_expander,slowheat_none,elapsed_seconds,492612040,1.162857994029764
classifier_expander,slowheat_none,learner_examples_processed,2101606466,-81344.0
classifier_expander,slowheat_none,learner_examples_processed,1872839281,-81344.0
classifier_expander,slowheat_none,learner_examples_processed,637029796,-81344.0
classifier_expander,slowheat_none,learner_examples_processed,1357204345,-81344.0
classifier_expander,slowheat_none,learner_examples_processed,1758462037,-81344.0
classifier_expander,slowheat_none,learner_examples_processed,748737880,-81344.0
classifier_expander,slowheat_none,learner_examples_processed,1611510062,-81344.0
classifier_expander,slowheat_none,learner_examples_processed,333205446,-81344.0
classifier_expander,slowheat_none,learner_examples_processed,130501536,-81344.0
classifier_expander,slowheat_none,learner_examples_processed,492612040,-81344.0
classifier_expander,slowheat_none,total_model_examples_processed,2101606466,-161984.0
classifier_expander,slowheat_none,total_model_examples_processed,1872839281,-161984.0
classifier_expander,slowheat_none,total_model_examples_processed,637029796,-161984.0
classifier_expander,slowheat_none,total_model_examples_processed,1357204345,-161984.0
classifier_expander,slowheat_none,total_model_examples_processed,1758462037,-161984.0
classifier_expander,slowheat_none,total_model_examples_processed,748737880,-161984.0
classifier_expander,slowheat_none,total_model_examples_processed,1611510062,-161984.0
classifier_expander,slowheat_none,total_model_examples_processed,333205446,-161984.0
classifier_expander,slowheat_none,total_model_examples_processed,130501536,-161984.0
classifier_expander,slowheat_none,total_model_examples_processed,492612040,-161984.0
classifier_expander,slowheat_none,estimated_total_flops,2101606466,-3640029668922.0
classifier_expander,slowheat_none,estimated_total_flops,1872839281,-3640029668922.0
classifier_expander,slowheat_none,estimated_total_flops,637029796,-3640029668922.0
classifier_expander,slowheat_none,estimated_total_flops,1357204345,-3640029668922.0
classifier_expander,slowheat_none,estimated_total_flops,1758462037,-3640029668922.0
classifier_expander,slowheat_none,estimated_total_flops,748737880,-3640029668922.0
classifier_expander,slowheat_none,estimated_total_flops,1611510062,-3640029668922.0
classifier_expander,slowheat_none,estimated_total_flops,333205446,-3640029668922.0
classifier_expander,slowheat_none,estimated_total_flops,130501536,-3640029668922.0
classifier_expander,slowheat_none,estimated_total_flops,492612040,-3640029668922.0
classifier_expander,slowheat_none,estimated_overhead_flops,2101606466,120068550.0
classifier_expander,slowheat_none,estimated_overhead_flops,1872839281,120068550.0
classifier_expander,slowheat_none,estimated_overhead_flops,637029796,120068550.0
classifier_expander,slowheat_none,estimated_overhead_flops,1357204345,120068550.0
classifier_expander,slowheat_none,estimated_overhead_flops,1758462037,120068550.0
classifier_expander,slowheat_none,estimated_overhead_flops,748737880,120068550.0
classifier_expander,slowheat_none,estimated_overhead_flops,1611510062,120068550.0
classifier_expander,slowheat_none,estimated_overhead_flops,333205446,120068550.0
classifier_expander,slowheat_none,estimated_overhead_flops,130501536,120068550.0
classifier_expander,slowheat_none,estimated_overhead_flops,492612040,120068550.0
classifier_expander,slowheat_none,replay_memory_bytes,2101606466,-2459200.0
classifier_expander,slowheat_none,replay_memory_bytes,1872839281,-2459200.0
classifier_expander,slowheat_none,replay_memory_bytes,637029796,-2459200.0
classifier_expander,slowheat_none,replay_memory_bytes,1357204345,-2459200.0
classifier_expander,slowheat_none,replay_memory_bytes,1758462037,-2459200.0
classifier_expander,slowheat_none,replay_memory_bytes,748737880,-2459200.0
classifier_expander,slowheat_none,replay_memory_bytes,1611510062,-2459200.0
classifier_expander,slowheat_none,replay_memory_bytes,333205446,-2459200.0
classifier_expander,slowheat_none,replay_memory_bytes,130501536,-2459200.0
classifier_expander,slowheat_none,replay_memory_bytes,492612040,-2459200.0
classifier_expander,slowheat_none,stored_logits_bytes,2101606466,0.0
classifier_expander,slowheat_none,stored_logits_bytes,1872839281,0.0
classifier_expander,slowheat_none,stored_logits_bytes,637029796,0.0
classifier_expander,slowheat_none,stored_logits_bytes,1357204345,0.0
classifier_expander,slowheat_none,stored_logits_bytes,1758462037,0.0
classifier_expander,slowheat_none,stored_logits_bytes,748737880,0.0
classifier_expander,slowheat_none,stored_logits_bytes,1611510062,0.0
classifier_expander,slowheat_none,stored_logits_bytes,333205446,0.0
classifier_expander,slowheat_none,stored_logits_bytes,130501536,0.0
classifier_expander,slowheat_none,stored_logits_bytes,492612040,0.0
classifier_expander,slowheat_unidirectional,final_average_accuracy,2101606466,-0.14319999999999997
classifier_expander,slowheat_unidirectional,final_average_accuracy,1872839281,-0.14380000000000004
classifier_expander,slowheat_unidirectional,final_average_accuracy,637029796,-0.177
classifier_expander,slowheat_unidirectional,final_average_accuracy,1357204345,-0.17860000000000004
classifier_expander,slowheat_unidirectional,final_average_accuracy,1758462037,-0.1709
classifier_expander,slowheat_unidirectional,final_average_accuracy,748737880,-0.17329999999999993
classifier_expander,slowheat_unidirectional,final_average_accuracy,1611510062,-0.16630000000000003
classifier_expander,slowheat_unidirectional,final_average_accuracy,333205446,-0.14740000000000003
classifier_expander,slowheat_unidirectional,final_average_accuracy,130501536,-0.178
classifier_expander,slowheat_unidirectional,final_average_accuracy,492612040,-0.1801
classifier_expander,slowheat_unidirectional,average_forgetting,2101606466,0.5188750000000001
classifier_expander,slowheat_unidirectional,average_forgetting,1872839281,0.46237500000000004
classifier_expander,slowheat_unidirectional,average_forgetting,637029796,0.51325
classifier_expander,slowheat_unidirectional,average_forgetting,1357204345,0.502875
classifier_expander,slowheat_unidirectional,average_forgetting,1758462037,0.6078749999999999
classifier_expander,slowheat_unidirectional,average_forgetting,748737880,0.511125
classifier_expander,slowheat_unidirectional,average_forgetting,1611510062,0.5293749999999999
classifier_expander,slowheat_unidirectional,average_forgetting,333205446,0.50725
classifier_expander,slowheat_unidirectional,average_forgetting,130501536,0.5576249999999999
classifier_expander,slowheat_unidirectional,average_forgetting,492612040,0.518875
classifier_expander,slowheat_unidirectional,backward_transfer,2101606466,-0.5800000000000001
classifier_expander,slowheat_unidirectional,backward_transfer,1872839281,-0.508
classifier_expander,slowheat_unidirectional,backward_transfer,637029796,-0.63425
classifier_expander,slowheat_unidirectional,backward_transfer,1357204345,-0.6708749999999999
classifier_expander,slowheat_unidirectional,backward_transfer,1758462037,-0.6859999999999999
classifier_expander,slowheat_unidirectional,backward_transfer,748737880,-0.5795
classifier_expander,slowheat_unidirectional,backward_transfer,1611510062,-0.68675
classifier_expander,slowheat_unidirectional,backward_transfer,333205446,-0.598
classifier_expander,slowheat_unidirectional,backward_transfer,130501536,-0.6673749999999999
classifier_expander,slowheat_unidirectional,backward_transfer,492612040,-0.665
classifier_expander,slowheat_unidirectional,forward_transfer,2101606466,-0.09187499999999998
classifier_expander,slowheat_unidirectional,forward_transfer,1872839281,-0.133875
classifier_expander,slowheat_unidirectional,forward_transfer,637029796,-0.113125
classifier_expander,slowheat_unidirectional,forward_transfer,1357204345,-0.09050000000000001
classifier_expander,slowheat_unidirectional,forward_transfer,1758462037,-0.11062500000000001
classifier_expander,slowheat_unidirectional,forward_transfer,748737880,-0.139625
classifier_expander,slowheat_unidirectional,forward_transfer,1611510062,-0.005874999999999964
classifier_expander,slowheat_unidirectional,forward_transfer,333205446,-0.005375
classifier_expander,slowheat_unidirectional,forward_transfer,130501536,-0.090375
classifier_expander,slowheat_unidirectional,forward_transfer,492612040,-0.01837499999999999
classifier_expander,slowheat_unidirectional,task_aware_final_accuracy,2101606466,-0.1975
classifier_expander,slowheat_unidirectional,task_aware_final_accuracy,1872839281,-0.2509
classifier_expander,slowheat_unidirectional,task_aware_final_accuracy,637029796,-0.22940000000000016
classifier_expander,slowheat_unidirectional,task_aware_final_accuracy,1357204345,-0.21979999999999988
classifier_expander,slowheat_unidirectional,task_aware_final_accuracy,1758462037,-0.2228
classifier_expander,slowheat_unidirectional,task_aware_final_accuracy,748737880,-0.22660000000000002
classifier_expander,slowheat_unidirectional,task_aware_final_accuracy,1611510062,-0.23070000000000013
classifier_expander,slowheat_unidirectional,task_aware_final_accuracy,333205446,-0.21699999999999997
classifier_expander,slowheat_unidirectional,task_aware_final_accuracy,130501536,-0.20690000000000008
classifier_expander,slowheat_unidirectional,task_aware_final_accuracy,492612040,-0.1633000000000001
classifier_expander,slowheat_unidirectional,task_aware_forgetting,2101606466,0.2245
classifier_expander,slowheat_unidirectional,task_aware_forgetting,1872839281,0.27775
classifier_expander,slowheat_unidirectional,task_aware_forgetting,637029796,0.265625
classifier_expander,slowheat_unidirectional,task_aware_forgetting,1357204345,0.23849999999999996
classifier_expander,slowheat_unidirectional,task_aware_forgetting,1758462037,0.25012500000000004
classifier_expander,slowheat_unidirectional,task_aware_forgetting,748737880,0.25012500000000004
classifier_expander,slowheat_unidirectional,task_aware_forgetting,1611510062,0.266
classifier_expander,slowheat_unidirectional,task_aware_forgetting,333205446,0.25
classifier_expander,slowheat_unidirectional,task_aware_forgetting,130501536,0.23612499999999992
classifier_expander,slowheat_unidirectional,task_aware_forgetting,492612040,0.17550000000000007
classifier_expander,slowheat_unidirectional,classifier_gap,2101606466,-0.054300000000000015
classifier_expander,slowheat_unidirectional,classifier_gap,1872839281,-0.10709999999999997
classifier_expander,slowheat_unidirectional,classifier_gap,637029796,-0.05240000000000017
classifier_expander,slowheat_unidirectional,classifier_gap,1357204345,-0.04119999999999985
classifier_expander,slowheat_unidirectional,classifier_gap,1758462037,-0.0519
classifier_expander,slowheat_unidirectional,classifier_gap,748737880,-0.053300000000000125
classifier_expander,slowheat_unidirectional,classifier_gap,1611510062,-0.06440000000000012
classifier_expander,slowheat_unidirectional,classifier_gap,333205446,-0.06959999999999994
classifier_expander,slowheat_unidirectional,classifier_gap,130501536,-0.028900000000000092
classifier_expander,slowheat_unidirectional,classifier_gap,492612040,0.016799999999999926
classifier_expander,slowheat_unidirectional,elapsed_seconds,2101606466,0.5781568809761666
classifier_expander,slowheat_unidirectional,elapsed_seconds,1872839281,1.6657498800195754
classifier_expander,slowheat_unidirectional,elapsed_seconds,637029796,0.49202289193635806
classifier_expander,slowheat_unidirectional,elapsed_seconds,1357204345,-0.10599309898680076
classifier_expander,slowheat_unidirectional,elapsed_seconds,1758462037,0.6745782099897042
classifier_expander,slowheat_unidirectional,elapsed_seconds,748737880,0.9981172619736753
classifier_expander,slowheat_unidirectional,elapsed_seconds,1611510062,0.727193849044852
classifier_expander,slowheat_unidirectional,elapsed_seconds,333205446,-0.05142587498994544
classifier_expander,slowheat_unidirectional,elapsed_seconds,130501536,0.7682371339760721
classifier_expander,slowheat_unidirectional,elapsed_seconds,492612040,0.7776283640414476
classifier_expander,slowheat_unidirectional,learner_examples_processed,2101606466,-81344.0
classifier_expander,slowheat_unidirectional,learner_examples_processed,1872839281,-81344.0
classifier_expander,slowheat_unidirectional,learner_examples_processed,637029796,-81344.0
classifier_expander,slowheat_unidirectional,learner_examples_processed,1357204345,-81344.0
classifier_expander,slowheat_unidirectional,learner_examples_processed,1758462037,-81344.0
classifier_expander,slowheat_unidirectional,learner_examples_processed,748737880,-81344.0
classifier_expander,slowheat_unidirectional,learner_examples_processed,1611510062,-81344.0
classifier_expander,slowheat_unidirectional,learner_examples_processed,333205446,-81344.0
classifier_expander,slowheat_unidirectional,learner_examples_processed,130501536,-81344.0
classifier_expander,slowheat_unidirectional,learner_examples_processed,492612040,-81344.0
classifier_expander,slowheat_unidirectional,total_model_examples_processed,2101606466,-161984.0
classifier_expander,slowheat_unidirectional,total_model_examples_processed,1872839281,-161984.0
classifier_expander,slowheat_unidirectional,total_model_examples_processed,637029796,-161984.0
classifier_expander,slowheat_unidirectional,total_model_examples_processed,1357204345,-161984.0
classifier_expander,slowheat_unidirectional,total_model_examples_processed,1758462037,-161984.0
classifier_expander,slowheat_unidirectional,total_model_examples_processed,748737880,-161984.0
classifier_expander,slowheat_unidirectional,total_model_examples_processed,1611510062,-161984.0
classifier_expander,slowheat_unidirectional,total_model_examples_processed,333205446,-161984.0
classifier_expander,slowheat_unidirectional,total_model_examples_processed,130501536,-161984.0
classifier_expander,slowheat_unidirectional,total_model_examples_processed,492612040,-161984.0
classifier_expander,slowheat_unidirectional,estimated_total_flops,2101606466,-3640029666002.0
classifier_expander,slowheat_unidirectional,estimated_total_flops,1872839281,-3640029666002.0
classifier_expander,slowheat_unidirectional,estimated_total_flops,637029796,-3640029666002.0
classifier_expander,slowheat_unidirectional,estimated_total_flops,1357204345,-3640029666002.0
classifier_expander,slowheat_unidirectional,estimated_total_flops,1758462037,-3640029666002.0
classifier_expander,slowheat_unidirectional,estimated_total_flops,748737880,-3640029666002.0
classifier_expander,slowheat_unidirectional,estimated_total_flops,1611510062,-3640029666002.0
classifier_expander,slowheat_unidirectional,estimated_total_flops,333205446,-3640029666002.0
classifier_expander,slowheat_unidirectional,estimated_total_flops,130501536,-3640029666002.0
classifier_expander,slowheat_unidirectional,estimated_total_flops,492612040,-3640029666002.0
classifier_expander,slowheat_unidirectional,estimated_overhead_flops,2101606466,120071470.0
classifier_expander,slowheat_unidirectional,estimated_overhead_flops,1872839281,120071470.0
classifier_expander,slowheat_unidirectional,estimated_overhead_flops,637029796,120071470.0
classifier_expander,slowheat_unidirectional,estimated_overhead_flops,1357204345,120071470.0
classifier_expander,slowheat_unidirectional,estimated_overhead_flops,1758462037,120071470.0
classifier_expander,slowheat_unidirectional,estimated_overhead_flops,748737880,120071470.0
classifier_expander,slowheat_unidirectional,estimated_overhead_flops,1611510062,120071470.0
classifier_expander,slowheat_unidirectional,estimated_overhead_flops,333205446,120071470.0
classifier_expander,slowheat_unidirectional,estimated_overhead_flops,130501536,120071470.0
classifier_expander,slowheat_unidirectional,estimated_overhead_flops,492612040,120071470.0
classifier_expander,slowheat_unidirectional,replay_memory_bytes,2101606466,-2459200.0
classifier_expander,slowheat_unidirectional,replay_memory_bytes,1872839281,-2459200.0
classifier_expander,slowheat_unidirectional,replay_memory_bytes,637029796,-2459200.0
classifier_expander,slowheat_unidirectional,replay_memory_bytes,1357204345,-2459200.0
classifier_expander,slowheat_unidirectional,replay_memory_bytes,1758462037,-2459200.0
classifier_expander,slowheat_unidirectional,replay_memory_bytes,748737880,-2459200.0
classifier_expander,slowheat_unidirectional,replay_memory_bytes,1611510062,-2459200.0
classifier_expander,slowheat_unidirectional,replay_memory_bytes,333205446,-2459200.0
classifier_expander,slowheat_unidirectional,replay_memory_bytes,130501536,-2459200.0
classifier_expander,slowheat_unidirectional,replay_memory_bytes,492612040,-2459200.0
classifier_expander,slowheat_unidirectional,stored_logits_bytes,2101606466,0.0
classifier_expander,slowheat_unidirectional,stored_logits_bytes,1872839281,0.0
classifier_expander,slowheat_unidirectional,stored_logits_bytes,637029796,0.0
classifier_expander,slowheat_unidirectional,stored_logits_bytes,1357204345,0.0
classifier_expander,slowheat_unidirectional,stored_logits_bytes,1758462037,0.0
classifier_expander,slowheat_unidirectional,stored_logits_bytes,748737880,0.0
classifier_expander,slowheat_unidirectional,stored_logits_bytes,1611510062,0.0
classifier_expander,slowheat_unidirectional,stored_logits_bytes,333205446,0.0
classifier_expander,slowheat_unidirectional,stored_logits_bytes,130501536,0.0
classifier_expander,slowheat_unidirectional,stored_logits_bytes,492612040,0.0
classifier_expander,slowheat,final_average_accuracy,2101606466,-0.16499999999999995
classifier_expander,slowheat,final_average_accuracy,1872839281,-0.15670000000000003
classifier_expander,slowheat,final_average_accuracy,637029796,-0.1845
classifier_expander,slowheat,final_average_accuracy,1357204345,-0.18600000000000003
classifier_expander,slowheat,final_average_accuracy,1758462037,-0.1789
classifier_expander,slowheat,final_average_accuracy,748737880,-0.18569999999999992
classifier_expander,slowheat,final_average_accuracy,1611510062,-0.18360000000000004
classifier_expander,slowheat,final_average_accuracy,333205446,-0.15410000000000001
classifier_expander,slowheat,final_average_accuracy,130501536,-0.1923
classifier_expander,slowheat,final_average_accuracy,492612040,-0.19219999999999998
classifier_expander,slowheat,average_forgetting,2101606466,0.47462499999999996
classifier_expander,slowheat,average_forgetting,1872839281,0.44012500000000004
classifier_expander,slowheat,average_forgetting,637029796,0.4766250000000001
classifier_expander,slowheat,average_forgetting,1357204345,0.46787499999999993
classifier_expander,slowheat,average_forgetting,1758462037,0.5907499999999999
classifier_expander,slowheat,average_forgetting,748737880,0.497375
classifier_expander,slowheat,average_forgetting,1611510062,0.4897499999999999
classifier_expander,slowheat,average_forgetting,333205446,0.478
classifier_expander,slowheat,average_forgetting,130501536,0.5215
classifier_expander,slowheat,average_forgetting,492612040,0.47412499999999996
classifier_expander,slowheat,backward_transfer,2101606466,-0.53575
classifier_expander,slowheat,backward_transfer,1872839281,-0.48575000000000007
classifier_expander,slowheat,backward_transfer,637029796,-0.5976250000000001
classifier_expander,slowheat,backward_transfer,1357204345,-0.635875
classifier_expander,slowheat,backward_transfer,1758462037,-0.6688749999999999
classifier_expander,slowheat,backward_transfer,748737880,-0.56575
classifier_expander,slowheat,backward_transfer,1611510062,-0.647125
classifier_expander,slowheat,backward_transfer,333205446,-0.56875
classifier_expander,slowheat,backward_transfer,130501536,-0.63125
classifier_expander,slowheat,backward_transfer,492612040,-0.62025
classifier_expander,slowheat,forward_transfer,2101606466,-0.09187499999999998
classifier_expander,slowheat,forward_transfer,1872839281,-0.1335
classifier_expander,slowheat,forward_transfer,637029796,-0.11199999999999999
classifier_expander,slowheat,forward_transfer,1357204345,-0.090375
classifier_expander,slowheat,forward_transfer,1758462037,-0.11137500000000002
classifier_expander,slowheat,forward_transfer,748737880,-0.14099999999999996
classifier_expander,slowheat,forward_transfer,1611510062,-0.005749999999999977
classifier_expander,slowheat,forward_transfer,333205446,-0.0055
classifier_expander,slowheat,forward_transfer,130501536,-0.090375
classifier_expander,slowheat,forward_transfer,492612040,-0.01849999999999999
classifier_expander,slowheat,task_aware_final_accuracy,2101606466,-0.27270000000000005
classifier_expander,slowheat,task_aware_final_accuracy,1872839281,-0.24859999999999993
classifier_expander,slowheat,task_aware_final_accuracy,637029796,-0.23570000000000013
classifier_expander,slowheat,task_aware_final_accuracy,1357204345,-0.2517999999999999
classifier_expander,slowheat,task_aware_final_accuracy,1758462037,-0.23070000000000002
classifier_expander,slowheat,task_aware_final_accuracy,748737880,-0.24460000000000004
classifier_expander,slowheat,task_aware_final_accuracy,1611510062,-0.27290000000000014
classifier_expander,slowheat,task_aware_final_accuracy,333205446,-0.24439999999999995
classifier_expander,slowheat,task_aware_final_accuracy,130501536,-0.2692000000000001
classifier_expander,slowheat,task_aware_final_accuracy,492612040,-0.25739999999999996
classifier_expander,slowheat,task_aware_forgetting,2101606466,0.24700000000000003
classifier_expander,slowheat,task_aware_forgetting,1872839281,0.2365
classifier_expander,slowheat,task_aware_forgetting,637029796,0.22750000000000004
classifier_expander,slowheat,task_aware_forgetting,1357204345,0.23424999999999999
classifier_expander,slowheat,task_aware_forgetting,1758462037,0.23287500000000005
classifier_expander,slowheat,task_aware_forgetting,748737880,0.24337500000000004
classifier_expander,slowheat,task_aware_forgetting,1611510062,0.25750000000000006
classifier_expander,slowheat,task_aware_forgetting,333205446,0.24662499999999998
classifier_expander,slowheat,task_aware_forgetting,130501536,0.26
classifier_expander,slowheat,task_aware_forgetting,492612040,0.23325000000000007
classifier_expander,slowheat,classifier_gap,2101606466,-0.10770000000000002
classifier_expander,slowheat,classifier_gap,1872839281,-0.09189999999999993
classifier_expander,slowheat,classifier_gap,637029796,-0.051200000000000134
classifier_expander,slowheat,classifier_gap,1357204345,-0.06579999999999991
classifier_expander,slowheat,classifier_gap,1758462037,-0.05180000000000001
classifier_expander,slowheat,classifier_gap,748737880,-0.05890000000000012
classifier_expander,slowheat,classifier_gap,1611510062,-0.0893000000000001
classifier_expander,slowheat,classifier_gap,333205446,-0.09029999999999994
classifier_expander,slowheat,classifier_gap,130501536,-0.07690000000000013
classifier_expander,slowheat,classifier_gap,492612040,-0.06519999999999998
classifier_expander,slowheat,elapsed_seconds,2101606466,1.0678642980055884
classifier_expander,slowheat,elapsed_seconds,1872839281,2.167237178015057
classifier_expander,slowheat,elapsed_seconds,637029796,1.1059411929454654
classifier_expander,slowheat,elapsed_seconds,1357204345,0.7383908230112866
classifier_expander,slowheat,elapsed_seconds,1758462037,1.1372263180091977
classifier_expander,slowheat,elapsed_seconds,748737880,1.5254313219920732
classifier_expander,slowheat,elapsed_seconds,1611510062,1.1894412779947743
classifier_expander,slowheat,elapsed_seconds,333205446,0.40318367001600564
classifier_expander,slowheat,elapsed_seconds,130501536,1.1996483970433474
classifier_expander,slowheat,elapsed_seconds,492612040,1.1474277829984203
classifier_expander,slowheat,learner_examples_processed,2101606466,-81344.0
classifier_expander,slowheat,learner_examples_processed,1872839281,-81344.0
classifier_expander,slowheat,learner_examples_processed,637029796,-81344.0
classifier_expander,slowheat,learner_examples_processed,1357204345,-81344.0
classifier_expander,slowheat,learner_examples_processed,1758462037,-81344.0
classifier_expander,slowheat,learner_examples_processed,748737880,-81344.0
classifier_expander,slowheat,learner_examples_processed,1611510062,-81344.0
classifier_expander,slowheat,learner_examples_processed,333205446,-81344.0
classifier_expander,slowheat,learner_examples_processed,130501536,-81344.0
classifier_expander,slowheat,learner_examples_processed,492612040,-81344.0
classifier_expander,slowheat,total_model_examples_processed,2101606466,-161984.0
classifier_expander,slowheat,total_model_examples_processed,1872839281,-161984.0
classifier_expander,slowheat,total_model_examples_processed,637029796,-161984.0
classifier_expander,slowheat,total_model_examples_processed,1357204345,-161984.0
classifier_expander,slowheat,total_model_examples_processed,1758462037,-161984.0
classifier_expander,slowheat,total_model_examples_processed,748737880,-161984.0
classifier_expander,slowheat,total_model_examples_processed,1611510062,-161984.0
classifier_expander,slowheat,total_model_examples_processed,333205446,-161984.0
classifier_expander,slowheat,total_model_examples_processed,130501536,-161984.0
classifier_expander,slowheat,total_model_examples_processed,492612040,-161984.0
classifier_expander,slowheat,estimated_total_flops,2101606466,-3640029666002.0
classifier_expander,slowheat,estimated_total_flops,1872839281,-3640029666002.0
classifier_expander,slowheat,estimated_total_flops,637029796,-3640029666002.0
classifier_expander,slowheat,estimated_total_flops,1357204345,-3640029666002.0
classifier_expander,slowheat,estimated_total_flops,1758462037,-3640029666002.0
classifier_expander,slowheat,estimated_total_flops,748737880,-3640029666002.0
classifier_expander,slowheat,estimated_total_flops,1611510062,-3640029666002.0
classifier_expander,slowheat,estimated_total_flops,333205446,-3640029666002.0
classifier_expander,slowheat,estimated_total_flops,130501536,-3640029666002.0
classifier_expander,slowheat,estimated_total_flops,492612040,-3640029666002.0
classifier_expander,slowheat,estimated_overhead_flops,2101606466,120071470.0
classifier_expander,slowheat,estimated_overhead_flops,1872839281,120071470.0
classifier_expander,slowheat,estimated_overhead_flops,637029796,120071470.0
classifier_expander,slowheat,estimated_overhead_flops,1357204345,120071470.0
classifier_expander,slowheat,estimated_overhead_flops,1758462037,120071470.0
classifier_expander,slowheat,estimated_overhead_flops,748737880,120071470.0
classifier_expander,slowheat,estimated_overhead_flops,1611510062,120071470.0
classifier_expander,slowheat,estimated_overhead_flops,333205446,120071470.0
classifier_expander,slowheat,estimated_overhead_flops,130501536,120071470.0
classifier_expander,slowheat,estimated_overhead_flops,492612040,120071470.0
classifier_expander,slowheat,replay_memory_bytes,2101606466,-2459200.0
classifier_expander,slowheat,replay_memory_bytes,1872839281,-2459200.0
classifier_expander,slowheat,replay_memory_bytes,637029796,-2459200.0
classifier_expander,slowheat,replay_memory_bytes,1357204345,-2459200.0
classifier_expander,slowheat,replay_memory_bytes,1758462037,-2459200.0
classifier_expander,slowheat,replay_memory_bytes,748737880,-2459200.0
classifier_expander,slowheat,replay_memory_bytes,1611510062,-2459200.0
classifier_expander,slowheat,replay_memory_bytes,333205446,-2459200.0
classifier_expander,slowheat,replay_memory_bytes,130501536,-2459200.0
classifier_expander,slowheat,replay_memory_bytes,492612040,-2459200.0
classifier_expander,slowheat,stored_logits_bytes,2101606466,0.0
classifier_expander,slowheat,stored_logits_bytes,1872839281,0.0
classifier_expander,slowheat,stored_logits_bytes,637029796,0.0
classifier_expander,slowheat,stored_logits_bytes,1357204345,0.0
classifier_expander,slowheat,stored_logits_bytes,1758462037,0.0
classifier_expander,slowheat,stored_logits_bytes,748737880,0.0
classifier_expander,slowheat,stored_logits_bytes,1611510062,0.0
classifier_expander,slowheat,stored_logits_bytes,333205446,0.0
classifier_expander,slowheat,stored_logits_bytes,130501536,0.0
classifier_expander,slowheat,stored_logits_bytes,492612040,0.0
classifier_expander,hard_freeze,final_average_accuracy,2101606466,-0.16189999999999996
classifier_expander,hard_freeze,final_average_accuracy,1872839281,-0.15970000000000004
classifier_expander,hard_freeze,final_average_accuracy,637029796,-0.186
classifier_expander,hard_freeze,final_average_accuracy,1357204345,-0.20160000000000003
classifier_expander,hard_freeze,final_average_accuracy,1758462037,-0.18970000000000004
classifier_expander,hard_freeze,final_average_accuracy,748737880,-0.18419999999999992
classifier_expander,hard_freeze,final_average_accuracy,1611510062,-0.18720000000000003
classifier_expander,hard_freeze,final_average_accuracy,333205446,-0.1715
classifier_expander,hard_freeze,final_average_accuracy,130501536,-0.1803
classifier_expander,hard_freeze,final_average_accuracy,492612040,-0.1956
classifier_expander,hard_freeze,average_forgetting,2101606466,0.4801249999999999
classifier_expander,hard_freeze,average_forgetting,1872839281,0.42850000000000005
classifier_expander,hard_freeze,average_forgetting,637029796,0.4737499999999999
classifier_expander,hard_freeze,average_forgetting,1357204345,0.45625000000000004
classifier_expander,hard_freeze,average_forgetting,1758462037,0.5702499999999999
classifier_expander,hard_freeze,average_forgetting,748737880,0.48687500000000006
classifier_expander,hard_freeze,average_forgetting,1611510062,0.48224999999999996
classifier_expander,hard_freeze,average_forgetting,333205446,0.46375
classifier_expander,hard_freeze,average_forgetting,130501536,0.45475
classifier_expander,hard_freeze,average_forgetting,492612040,0.4825
classifier_expander,hard_freeze,backward_transfer,2101606466,-0.54125
classifier_expander,hard_freeze,backward_transfer,1872839281,-0.4741250000000001
classifier_expander,hard_freeze,backward_transfer,637029796,-0.5947499999999999
classifier_expander,hard_freeze,backward_transfer,1357204345,-0.62425
classifier_expander,hard_freeze,backward_transfer,1758462037,-0.6483749999999999
classifier_expander,hard_freeze,backward_transfer,748737880,-0.55525
classifier_expander,hard_freeze,backward_transfer,1611510062,-0.639625
classifier_expander,hard_freeze,backward_transfer,333205446,-0.5545
classifier_expander,hard_freeze,backward_transfer,130501536,-0.5645
classifier_expander,hard_freeze,backward_transfer,492612040,-0.628625
classifier_expander,hard_freeze,forward_transfer,2101606466,-0.09237499999999998
classifier_expander,hard_freeze,forward_transfer,1872839281,-0.134
classifier_expander,hard_freeze,forward_transfer,637029796,-0.10950000000000001
classifier_expander,hard_freeze,forward_transfer,1357204345,-0.090375
classifier_expander,hard_freeze,forward_transfer,1758462037,-0.11087500000000002
classifier_expander,hard_freeze,forward_transfer,748737880,-0.13924999999999998
classifier_expander,hard_freeze,forward_transfer,1611510062,-0.005874999999999964
classifier_expander,hard_freeze,forward_transfer,333205446,-0.005375
classifier_expander,hard_freeze,forward_transfer,130501536,-0.090375
classifier_expander,hard_freeze,forward_transfer,492612040,-0.017874999999999988
classifier_expander,hard_freeze,task_aware_final_accuracy,2101606466,-0.23670000000000013
classifier_expander,hard_freeze,task_aware_final_accuracy,1872839281,-0.2306999999999999
classifier_expander,hard_freeze,task_aware_final_accuracy,637029796,-0.23480000000000012
classifier_expander,hard_freeze,task_aware_final_accuracy,1357204345,-0.2561999999999999
classifier_expander,hard_freeze,task_aware_final_accuracy,1758462037,-0.24739999999999995
classifier_expander,hard_freeze,task_aware_final_accuracy,748737880,-0.18020000000000014
classifier_expander,hard_freeze,task_aware_final_accuracy,1611510062,-0.27490000000000014
classifier_expander,hard_freeze,task_aware_final_accuracy,333205446,-0.24639999999999995
classifier_expander,hard_freeze,task_aware_final_accuracy,130501536,-0.2674000000000001
classifier_expander,hard_freeze,task_aware_final_accuracy,492612040,-0.2682
classifier_expander,hard_freeze,task_aware_forgetting,2101606466,0.215375
classifier_expander,hard_freeze,task_aware_forgetting,1872839281,0.20437500000000003
classifier_expander,hard_freeze,task_aware_forgetting,637029796,0.22162499999999996
classifier_expander,hard_freeze,task_aware_forgetting,1357204345,0.21162499999999998
classifier_expander,hard_freeze,task_aware_forgetting,1758462037,0.21975
classifier_expander,hard_freeze,task_aware_forgetting,748737880,0.15425000000000008
classifier_expander,hard_freeze,task_aware_forgetting,1611510062,0.24825
classifier_expander,hard_freeze,task_aware_forgetting,333205446,0.213125
classifier_expander,hard_freeze,task_aware_forgetting,130501536,0.20924999999999994
classifier_expander,hard_freeze,task_aware_forgetting,492612040,0.25087499999999996
classifier_expander,hard_freeze,classifier_gap,2101606466,-0.07480000000000009
classifier_expander,hard_freeze,classifier_gap,1872839281,-0.0709999999999999
classifier_expander,hard_freeze,classifier_gap,637029796,-0.04880000000000012
classifier_expander,hard_freeze,classifier_gap,1357204345,-0.054599999999999815
classifier_expander,hard_freeze,classifier_gap,1758462037,-0.05769999999999992
classifier_expander,hard_freeze,classifier_gap,748737880,0.0039999999999997815
classifier_expander,hard_freeze,classifier_gap,1611510062,-0.08770000000000011
classifier_expander,hard_freeze,classifier_gap,333205446,-0.07489999999999997
classifier_expander,hard_freeze,classifier_gap,130501536,-0.08710000000000012
classifier_expander,hard_freeze,classifier_gap,492612040,-0.0726
classifier_expander,hard_freeze,elapsed_seconds,2101606466,0.7868066109949723
classifier_expander,hard_freeze,elapsed_seconds,1872839281,1.7012771750451066
classifier_expander,hard_freeze,elapsed_seconds,637029796,1.0701942009618506
classifier_expander,hard_freeze,elapsed_seconds,1357204345,0.8986080610193312
classifier_expander,hard_freeze,elapsed_seconds,1758462037,0.8911038329824805
classifier_expander,hard_freeze,elapsed_seconds,748737880,1.284325823013205
classifier_expander,hard_freeze,elapsed_seconds,1611510062,0.9693352790200152
classifier_expander,hard_freeze,elapsed_seconds,333205446,0.9007279490469955
classifier_expander,hard_freeze,elapsed_seconds,130501536,1.0392335540382192
classifier_expander,hard_freeze,elapsed_seconds,492612040,0.9194966449867934
classifier_expander,hard_freeze,learner_examples_processed,2101606466,-81344.0
classifier_expander,hard_freeze,learner_examples_processed,1872839281,-81344.0
classifier_expander,hard_freeze,learner_examples_processed,637029796,-81344.0
classifier_expander,hard_freeze,learner_examples_processed,1357204345,-81344.0
classifier_expander,hard_freeze,learner_examples_processed,1758462037,-81344.0
classifier_expander,hard_freeze,learner_examples_processed,748737880,-81344.0
classifier_expander,hard_freeze,learner_examples_processed,1611510062,-81344.0
classifier_expander,hard_freeze,learner_examples_processed,333205446,-81344.0
classifier_expander,hard_freeze,learner_examples_processed,130501536,-81344.0
classifier_expander,hard_freeze,learner_examples_processed,492612040,-81344.0
classifier_expander,hard_freeze,total_model_examples_processed,2101606466,-161984.0
classifier_expander,hard_freeze,total_model_examples_processed,1872839281,-161984.0
classifier_expander,hard_freeze,total_model_examples_processed,637029796,-161984.0
classifier_expander,hard_freeze,total_model_examples_processed,1357204345,-161984.0
classifier_expander,hard_freeze,total_model_examples_processed,1758462037,-161984.0
classifier_expander,hard_freeze,total_model_examples_processed,748737880,-161984.0
classifier_expander,hard_freeze,total_model_examples_processed,1611510062,-161984.0
classifier_expander,hard_freeze,total_model_examples_processed,333205446,-161984.0
classifier_expander,hard_freeze,total_model_examples_processed,130501536,-161984.0
classifier_expander,hard_freeze,total_model_examples_processed,492612040,-161984.0
classifier_expander,hard_freeze,estimated_total_flops,2101606466,-3640029666002.0
classifier_expander,hard_freeze,estimated_total_flops,1872839281,-3640029666002.0
classifier_expander,hard_freeze,estimated_total_flops,637029796,-3640029666002.0
classifier_expander,hard_freeze,estimated_total_flops,1357204345,-3640029666002.0
classifier_expander,hard_freeze,estimated_total_flops,1758462037,-3640029666002.0
classifier_expander,hard_freeze,estimated_total_flops,748737880,-3640029666002.0
classifier_expander,hard_freeze,estimated_total_flops,1611510062,-3640029666002.0
classifier_expander,hard_freeze,estimated_total_flops,333205446,-3640029666002.0
classifier_expander,hard_freeze,estimated_total_flops,130501536,-3640029666002.0
classifier_expander,hard_freeze,estimated_total_flops,492612040,-3640029666002.0
classifier_expander,hard_freeze,estimated_overhead_flops,2101606466,120071470.0
classifier_expander,hard_freeze,estimated_overhead_flops,1872839281,120071470.0
classifier_expander,hard_freeze,estimated_overhead_flops,637029796,120071470.0
classifier_expander,hard_freeze,estimated_overhead_flops,1357204345,120071470.0
classifier_expander,hard_freeze,estimated_overhead_flops,1758462037,120071470.0
classifier_expander,hard_freeze,estimated_overhead_flops,748737880,120071470.0
classifier_expander,hard_freeze,estimated_overhead_flops,1611510062,120071470.0
classifier_expander,hard_freeze,estimated_overhead_flops,333205446,120071470.0
classifier_expander,hard_freeze,estimated_overhead_flops,130501536,120071470.0
classifier_expander,hard_freeze,estimated_overhead_flops,492612040,120071470.0
classifier_expander,hard_freeze,replay_memory_bytes,2101606466,-2459200.0
classifier_expander,hard_freeze,replay_memory_bytes,1872839281,-2459200.0
classifier_expander,hard_freeze,replay_memory_bytes,637029796,-2459200.0
classifier_expander,hard_freeze,replay_memory_bytes,1357204345,-2459200.0
classifier_expander,hard_freeze,replay_memory_bytes,1758462037,-2459200.0
classifier_expander,hard_freeze,replay_memory_bytes,748737880,-2459200.0
classifier_expander,hard_freeze,replay_memory_bytes,1611510062,-2459200.0
classifier_expander,hard_freeze,replay_memory_bytes,333205446,-2459200.0
classifier_expander,hard_freeze,replay_memory_bytes,130501536,-2459200.0
classifier_expander,hard_freeze,replay_memory_bytes,492612040,-2459200.0
classifier_expander,hard_freeze,stored_logits_bytes,2101606466,0.0
classifier_expander,hard_freeze,stored_logits_bytes,1872839281,0.0
classifier_expander,hard_freeze,stored_logits_bytes,637029796,0.0
classifier_expander,hard_freeze,stored_logits_bytes,1357204345,0.0
classifier_expander,hard_freeze,stored_logits_bytes,1758462037,0.0
classifier_expander,hard_freeze,stored_logits_bytes,748737880,0.0
classifier_expander,hard_freeze,stored_logits_bytes,1611510062,0.0
classifier_expander,hard_freeze,stored_logits_bytes,333205446,0.0
classifier_expander,hard_freeze,stored_logits_bytes,130501536,0.0
classifier_expander,hard_freeze,stored_logits_bytes,492612040,0.0
classifier_expander,lpr,final_average_accuracy,2101606466,0.049500000000000044
classifier_expander,lpr,final_average_accuracy,1872839281,0.058499999999999996
classifier_expander,lpr,final_average_accuracy,637029796,0.013800000000000034
classifier_expander,lpr,final_average_accuracy,1357204345,0.011299999999999977
classifier_expander,lpr,final_average_accuracy,1758462037,0.021499999999999964
classifier_expander,lpr,final_average_accuracy,748737880,0.015300000000000091
classifier_expander,lpr,final_average_accuracy,1611510062,0.05620000000000003
classifier_expander,lpr,final_average_accuracy,333205446,0.047699999999999965
classifier_expander,lpr,final_average_accuracy,130501536,0.000500000000000056
classifier_expander,lpr,final_average_accuracy,492612040,0.02410000000000001
classifier_expander,lpr,average_forgetting,2101606466,0.30899999999999994
classifier_expander,lpr,average_forgetting,1872839281,0.258125
classifier_expander,lpr,average_forgetting,637029796,0.30862500000000004
classifier_expander,lpr,average_forgetting,1357204345,0.30499999999999994
classifier_expander,lpr,average_forgetting,1758462037,0.413125
classifier_expander,lpr,average_forgetting,748737880,0.3217500000000001
classifier_expander,lpr,average_forgetting,1611510062,0.285625
classifier_expander,lpr,average_forgetting,333205446,0.29762500000000003
classifier_expander,lpr,average_forgetting,130501536,0.35762499999999997
classifier_expander,lpr,average_forgetting,492612040,0.3003750000000001
classifier_expander,lpr,backward_transfer,2101606466,-0.370125
classifier_expander,lpr,backward_transfer,1872839281,-0.30375
classifier_expander,lpr,backward_transfer,637029796,-0.429625
classifier_expander,lpr,backward_transfer,1357204345,-0.4729999999999999
classifier_expander,lpr,backward_transfer,1758462037,-0.49125
classifier_expander,lpr,backward_transfer,748737880,-0.39012500000000006
classifier_expander,lpr,backward_transfer,1611510062,-0.44300000000000006
classifier_expander,lpr,backward_transfer,333205446,-0.388375
classifier_expander,lpr,backward_transfer,130501536,-0.467375
classifier_expander,lpr,backward_transfer,492612040,-0.4465000000000001
classifier_expander,lpr,forward_transfer,2101606466,-0.026499999999999996
classifier_expander,lpr,forward_transfer,1872839281,-0.06937499999999999
classifier_expander,lpr,forward_transfer,637029796,0.061750000000000006
classifier_expander,lpr,forward_transfer,1357204345,0.005500000000000005
classifier_expander,lpr,forward_transfer,1758462037,0.01999999999999999
classifier_expander,lpr,forward_transfer,748737880,0.04075000000000001
classifier_expander,lpr,forward_transfer,1611510062,0.0072500000000000064
classifier_expander,lpr,forward_transfer,333205446,0.1545
classifier_expander,lpr,forward_transfer,130501536,-0.029124999999999998
classifier_expander,lpr,forward_transfer,492612040,0.03375
classifier_expander,lpr,task_aware_final_accuracy,2101606466,0.01880000000000004
classifier_expander,lpr,task_aware_final_accuracy,1872839281,0.015600000000000058
classifier_expander,lpr,task_aware_final_accuracy,637029796,0.01949999999999985
classifier_expander,lpr,task_aware_final_accuracy,1357204345,0.0119999999999999
classifier_expander,lpr,task_aware_final_accuracy,1758462037,0.018000000000000016
classifier_expander,lpr,task_aware_final_accuracy,748737880,0.027000000000000024
classifier_expander,lpr,task_aware_final_accuracy,1611510062,0.014399999999999746
classifier_expander,lpr,task_aware_final_accuracy,333205446,0.017799999999999927
classifier_expander,lpr,task_aware_final_accuracy,130501536,-0.01220000000000021
classifier_expander,lpr,task_aware_final_accuracy,492612040,0.010099999999999887
classifier_expander,lpr,task_aware_forgetting,2101606466,0.0050000000000000044
classifier_expander,lpr,task_aware_forgetting,1872839281,0.009374999999999967
classifier_expander,lpr,task_aware_forgetting,637029796,0.004250000000000004
classifier_expander,lpr,task_aware_forgetting,1357204345,0.00624999999999995
classifier_expander,lpr,task_aware_forgetting,1758462037,0.012000000000000038
classifier_expander,lpr,task_aware_forgetting,748737880,-0.0033749999999999614
classifier_expander,lpr,task_aware_forgetting,1611510062,0.011875000000000024
classifier_expander,lpr,task_aware_forgetting,333205446,0.00849999999999998
classifier_expander,lpr,task_aware_forgetting,130501536,0.03662499999999999
classifier_expander,lpr,task_aware_forgetting,492612040,0.012125000000000052
classifier_expander,lpr,classifier_gap,2101606466,-0.03069999999999995
classifier_expander,lpr,classifier_gap,1872839281,-0.04289999999999994
classifier_expander,lpr,classifier_gap,637029796,0.005699999999999816
classifier_expander,lpr,classifier_gap,1357204345,0.0006999999999999229
classifier_expander,lpr,classifier_gap,1758462037,-0.0034999999999999476
classifier_expander,lpr,classifier_gap,748737880,0.011699999999999933
classifier_expander,lpr,classifier_gap,1611510062,-0.04180000000000028
classifier_expander,lpr,classifier_gap,333205446,-0.029900000000000038
classifier_expander,lpr,classifier_gap,130501536,-0.012700000000000267
classifier_expander,lpr,classifier_gap,492612040,-0.014000000000000123
classifier_expander,lpr,elapsed_seconds,2101606466,-0.6443779090186581
classifier_expander,lpr,elapsed_seconds,1872839281,-0.5827983809867874
classifier_expander,lpr,elapsed_seconds,637029796,-0.6393279290059581
classifier_expander,lpr,elapsed_seconds,1357204345,-0.6325956029468216
classifier_expander,lpr,elapsed_seconds,1758462037,-0.6879540100344457
classifier_expander,lpr,elapsed_seconds,748737880,-0.6347368769929744
classifier_expander,lpr,elapsed_seconds,1611510062,-0.6222692049923353
classifier_expander,lpr,elapsed_seconds,333205446,-0.6671772570116445
classifier_expander,lpr,elapsed_seconds,130501536,-0.5293216879945248
classifier_expander,lpr,elapsed_seconds,492612040,-0.6135312539990991
classifier_expander,lpr,learner_examples_processed,2101606466,-704.0
classifier_expander,lpr,learner_examples_processed,1872839281,-704.0
classifier_expander,lpr,learner_examples_processed,637029796,-704.0
classifier_expander,lpr,learner_examples_processed,1357204345,-704.0
classifier_expander,lpr,learner_examples_processed,1758462037,-704.0
classifier_expander,lpr,learner_examples_processed,748737880,-704.0
classifier_expander,lpr,learner_examples_processed,1611510062,-704.0
classifier_expander,lpr,learner_examples_processed,333205446,-704.0
classifier_expander,lpr,learner_examples_processed,130501536,-704.0
classifier_expander,lpr,learner_examples_processed,492612040,-704.0
classifier_expander,lpr,total_model_examples_processed,2101606466,-77064.0
classifier_expander,lpr,total_model_examples_processed,1872839281,-77064.0
classifier_expander,lpr,total_model_examples_processed,637029796,-77064.0
classifier_expander,lpr,total_model_examples_processed,1357204345,-77064.0
classifier_expander,lpr,total_model_examples_processed,1758462037,-77064.0
classifier_expander,lpr,total_model_examples_processed,748737880,-77064.0
classifier_expander,lpr,total_model_examples_processed,1611510062,-77064.0
classifier_expander,lpr,total_model_examples_processed,333205446,-77064.0
classifier_expander,lpr,total_model_examples_processed,130501536,-77064.0
classifier_expander,lpr,total_model_examples_processed,492612040,-77064.0
classifier_expander,lpr,estimated_total_flops,2101606466,-862200280810.0
classifier_expander,lpr,estimated_total_flops,1872839281,-862200280810.0
classifier_expander,lpr,estimated_total_flops,637029796,-862200280810.0
classifier_expander,lpr,estimated_total_flops,1357204345,-862200280810.0
classifier_expander,lpr,estimated_total_flops,1758462037,-862200280810.0
classifier_expander,lpr,estimated_total_flops,748737880,-862200280810.0
classifier_expander,lpr,estimated_total_flops,1611510062,-862200280810.0
classifier_expander,lpr,estimated_total_flops,333205446,-862200280810.0
classifier_expander,lpr,estimated_total_flops,130501536,-862200280810.0
classifier_expander,lpr,estimated_total_flops,492612040,-862200280810.0
classifier_expander,lpr,estimated_overhead_flops,2101606466,17610205462.0
classifier_expander,lpr,estimated_overhead_flops,1872839281,17610205462.0
classifier_expander,lpr,estimated_overhead_flops,637029796,17610205462.0
classifier_expander,lpr,estimated_overhead_flops,1357204345,17610205462.0
classifier_expander,lpr,estimated_overhead_flops,1758462037,17610205462.0
classifier_expander,lpr,estimated_overhead_flops,748737880,17610205462.0
classifier_expander,lpr,estimated_overhead_flops,1611510062,17610205462.0
classifier_expander,lpr,estimated_overhead_flops,333205446,17610205462.0
classifier_expander,lpr,estimated_overhead_flops,130501536,17610205462.0
classifier_expander,lpr,estimated_overhead_flops,492612040,17610205462.0
classifier_expander,lpr,replay_memory_bytes,2101606466,0.0
classifier_expander,lpr,replay_memory_bytes,1872839281,0.0
classifier_expander,lpr,replay_memory_bytes,637029796,0.0
classifier_expander,lpr,replay_memory_bytes,1357204345,0.0
classifier_expander,lpr,replay_memory_bytes,1758462037,0.0
classifier_expander,lpr,replay_memory_bytes,748737880,0.0
classifier_expander,lpr,replay_memory_bytes,1611510062,0.0
classifier_expander,lpr,replay_memory_bytes,333205446,0.0
classifier_expander,lpr,replay_memory_bytes,130501536,0.0
classifier_expander,lpr,replay_memory_bytes,492612040,0.0
classifier_expander,lpr,stored_logits_bytes,2101606466,0.0
classifier_expander,lpr,stored_logits_bytes,1872839281,0.0
classifier_expander,lpr,stored_logits_bytes,637029796,0.0
classifier_expander,lpr,stored_logits_bytes,1357204345,0.0
classifier_expander,lpr,stored_logits_bytes,1758462037,0.0
classifier_expander,lpr,stored_logits_bytes,748737880,0.0
classifier_expander,lpr,stored_logits_bytes,1611510062,0.0
classifier_expander,lpr,stored_logits_bytes,333205446,0.0
classifier_expander,lpr,stored_logits_bytes,130501536,0.0
classifier_expander,lpr,stored_logits_bytes,492612040,0.0
classifier_expander,slowheat_lpr,final_average_accuracy,2101606466,0.04970000000000002
classifier_expander,slowheat_lpr,final_average_accuracy,1872839281,0.06569999999999998
classifier_expander,slowheat_lpr,final_average_accuracy,637029796,0.02260000000000001
classifier_expander,slowheat_lpr,final_average_accuracy,1357204345,0.010599999999999998
classifier_expander,slowheat_lpr,final_average_accuracy,1758462037,0.02479999999999999
classifier_expander,slowheat_lpr,final_average_accuracy,748737880,0.031900000000000095
classifier_expander,slowheat_lpr,final_average_accuracy,1611510062,0.060899999999999954
classifier_expander,slowheat_lpr,final_average_accuracy,333205446,0.04670000000000002
classifier_expander,slowheat_lpr,final_average_accuracy,130501536,0.017100000000000004
classifier_expander,slowheat_lpr,final_average_accuracy,492612040,0.04679999999999995
classifier_expander,slowheat_lpr,average_forgetting,2101606466,0.26225
classifier_expander,slowheat_lpr,average_forgetting,1872839281,0.2108750000000001
classifier_expander,slowheat_lpr,average_forgetting,637029796,0.2652500000000001
classifier_expander,slowheat_lpr,average_forgetting,1357204345,0.2786249999999999
classifier_expander,slowheat_lpr,average_forgetting,1758462037,0.36937500000000006
classifier_expander,slowheat_lpr,average_forgetting,748737880,0.275
classifier_expander,slowheat_lpr,average_forgetting,1611510062,0.234375
classifier_expander,slowheat_lpr,average_forgetting,333205446,0.2613749999999999
classifier_expander,slowheat_lpr,average_forgetting,130501536,0.2998749999999999
classifier_expander,slowheat_lpr,average_forgetting,492612040,0.23375000000000007
classifier_expander,slowheat_lpr,backward_transfer,2101606466,-0.323375
classifier_expander,slowheat_lpr,backward_transfer,1872839281,-0.2565000000000001
classifier_expander,slowheat_lpr,backward_transfer,637029796,-0.38625000000000004
classifier_expander,slowheat_lpr,backward_transfer,1357204345,-0.4466249999999999
classifier_expander,slowheat_lpr,backward_transfer,1758462037,-0.44750000000000006
classifier_expander,slowheat_lpr,backward_transfer,748737880,-0.343375
classifier_expander,slowheat_lpr,backward_transfer,1611510062,-0.39175000000000004
classifier_expander,slowheat_lpr,backward_transfer,333205446,-0.3521249999999999
classifier_expander,slowheat_lpr,backward_transfer,130501536,-0.4096249999999999
classifier_expander,slowheat_lpr,backward_transfer,492612040,-0.3798750000000001
classifier_expander,slowheat_lpr,forward_transfer,2101606466,0.099
classifier_expander,slowheat_lpr,forward_transfer,1872839281,-0.07824999999999999
classifier_expander,slowheat_lpr,forward_transfer,637029796,-0.01312499999999999
classifier_expander,slowheat_lpr,forward_transfer,1357204345,0.036125000000000004
classifier_expander,slowheat_lpr,forward_transfer,1758462037,0.05175
classifier_expander,slowheat_lpr,forward_transfer,748737880,-0.045249999999999985
classifier_expander,slowheat_lpr,forward_transfer,1611510062,0.002625000000000016
classifier_expander,slowheat_lpr,forward_transfer,333205446,0.168375
classifier_expander,slowheat_lpr,forward_transfer,130501536,-0.023750000000000007
classifier_expander,slowheat_lpr,forward_transfer,492612040,0.0036250000000000032
classifier_expander,slowheat_lpr,task_aware_final_accuracy,2101606466,0.008600000000000052
classifier_expander,slowheat_lpr,task_aware_final_accuracy,1872839281,0.0029000000000000137
classifier_expander,slowheat_lpr,task_aware_final_accuracy,637029796,-0.0047000000000000375
classifier_expander,slowheat_lpr,task_aware_final_accuracy,1357204345,0.000500000000000056
classifier_expander,slowheat_lpr,task_aware_final_accuracy,1758462037,0.006700000000000039
classifier_expander,slowheat_lpr,task_aware_final_accuracy,748737880,0.009399999999999964
classifier_expander,slowheat_lpr,task_aware_final_accuracy,1611510062,0.007899999999999796
classifier_expander,slowheat_lpr,task_aware_final_accuracy,333205446,-0.006699999999999928
classifier_expander,slowheat_lpr,task_aware_final_accuracy,130501536,-0.00800000000000023
classifier_expander,slowheat_lpr,task_aware_final_accuracy,492612040,-0.0044000000000000705
classifier_expander,slowheat_lpr,task_aware_forgetting,2101606466,-0.00574999999999995
classifier_expander,slowheat_lpr,task_aware_forgetting,1872839281,0.008249999999999952
classifier_expander,slowheat_lpr,task_aware_forgetting,637029796,0.014500000000000013
classifier_expander,slowheat_lpr,task_aware_forgetting,1357204345,0.007749999999999979
classifier_expander,slowheat_lpr,task_aware_forgetting,1758462037,0.00737500000000002
classifier_expander,slowheat_lpr,task_aware_forgetting,748737880,0.010250000000000037
classifier_expander,slowheat_lpr,task_aware_forgetting,1611510062,-0.007500000000000007
classifier_expander,slowheat_lpr,task_aware_forgetting,333205446,0.018625000000000003
classifier_expander,slowheat_lpr,task_aware_forgetting,130501536,0.009374999999999994
classifier_expander,slowheat_lpr,task_aware_forgetting,492612040,0.005375000000000019
classifier_expander,slowheat_lpr,classifier_gap,2101606466,-0.041099999999999914
classifier_expander,slowheat_lpr,classifier_gap,1872839281,-0.06279999999999997
classifier_expander,slowheat_lpr,classifier_gap,637029796,-0.027300000000000046
classifier_expander,slowheat_lpr,classifier_gap,1357204345,-0.010099999999999942
classifier_expander,slowheat_lpr,classifier_gap,1758462037,-0.01809999999999995
classifier_expander,slowheat_lpr,classifier_gap,748737880,-0.02250000000000013
classifier_expander,slowheat_lpr,classifier_gap,1611510062,-0.05300000000000016
classifier_expander,slowheat_lpr,classifier_gap,333205446,-0.05339999999999995
classifier_expander,slowheat_lpr,classifier_gap,130501536,-0.025100000000000233
classifier_expander,slowheat_lpr,classifier_gap,492612040,-0.05120000000000002
classifier_expander,slowheat_lpr,elapsed_seconds,2101606466,2.8404524869984016
classifier_expander,slowheat_lpr,elapsed_seconds,1872839281,3.212637299031485
classifier_expander,slowheat_lpr,elapsed_seconds,637029796,3.1045923169585876
classifier_expander,slowheat_lpr,elapsed_seconds,1357204345,3.128516138996929
classifier_expander,slowheat_lpr,elapsed_seconds,1758462037,3.0754927830421366
classifier_expander,slowheat_lpr,elapsed_seconds,748737880,3.1168329369975254
classifier_expander,slowheat_lpr,elapsed_seconds,1611510062,3.074776340974495
classifier_expander,slowheat_lpr,elapsed_seconds,333205446,3.1839444850338623
classifier_expander,slowheat_lpr,elapsed_seconds,130501536,2.9735730229876935
classifier_expander,slowheat_lpr,elapsed_seconds,492612040,3.218028249044437
classifier_expander,slowheat_lpr,learner_examples_processed,2101606466,-704.0
classifier_expander,slowheat_lpr,learner_examples_processed,1872839281,-704.0
classifier_expander,slowheat_lpr,learner_examples_processed,637029796,-704.0
classifier_expander,slowheat_lpr,learner_examples_processed,1357204345,-704.0
classifier_expander,slowheat_lpr,learner_examples_processed,1758462037,-704.0
classifier_expander,slowheat_lpr,learner_examples_processed,748737880,-704.0
classifier_expander,slowheat_lpr,learner_examples_processed,1611510062,-704.0
classifier_expander,slowheat_lpr,learner_examples_processed,333205446,-704.0
classifier_expander,slowheat_lpr,learner_examples_processed,130501536,-704.0
classifier_expander,slowheat_lpr,learner_examples_processed,492612040,-704.0
classifier_expander,slowheat_lpr,total_model_examples_processed,2101606466,-77064.0
classifier_expander,slowheat_lpr,total_model_examples_processed,1872839281,-77064.0
classifier_expander,slowheat_lpr,total_model_examples_processed,637029796,-77064.0
classifier_expander,slowheat_lpr,total_model_examples_processed,1357204345,-77064.0
classifier_expander,slowheat_lpr,total_model_examples_processed,1758462037,-77064.0
classifier_expander,slowheat_lpr,total_model_examples_processed,748737880,-77064.0
classifier_expander,slowheat_lpr,total_model_examples_processed,1611510062,-77064.0
classifier_expander,slowheat_lpr,total_model_examples_processed,333205446,-77064.0
classifier_expander,slowheat_lpr,total_model_examples_processed,130501536,-77064.0
classifier_expander,slowheat_lpr,total_model_examples_processed,492612040,-77064.0
classifier_expander,slowheat_lpr,estimated_total_flops,2101606466,-862061355530.0
classifier_expander,slowheat_lpr,estimated_total_flops,1872839281,-862061355530.0
classifier_expander,slowheat_lpr,estimated_total_flops,637029796,-862061355530.0
classifier_expander,slowheat_lpr,estimated_total_flops,1357204345,-862061355530.0
classifier_expander,slowheat_lpr,estimated_total_flops,1758462037,-862061355530.0
classifier_expander,slowheat_lpr,estimated_total_flops,748737880,-862061355530.0
classifier_expander,slowheat_lpr,estimated_total_flops,1611510062,-862061355530.0
classifier_expander,slowheat_lpr,estimated_total_flops,333205446,-862061355530.0
classifier_expander,slowheat_lpr,estimated_total_flops,130501536,-862061355530.0
classifier_expander,slowheat_lpr,estimated_total_flops,492612040,-862061355530.0
classifier_expander,slowheat_lpr,estimated_overhead_flops,2101606466,17749130742.0
classifier_expander,slowheat_lpr,estimated_overhead_flops,1872839281,17749130742.0
classifier_expander,slowheat_lpr,estimated_overhead_flops,637029796,17749130742.0
classifier_expander,slowheat_lpr,estimated_overhead_flops,1357204345,17749130742.0
classifier_expander,slowheat_lpr,estimated_overhead_flops,1758462037,17749130742.0
classifier_expander,slowheat_lpr,estimated_overhead_flops,748737880,17749130742.0
classifier_expander,slowheat_lpr,estimated_overhead_flops,1611510062,17749130742.0
classifier_expander,slowheat_lpr,estimated_overhead_flops,333205446,17749130742.0
classifier_expander,slowheat_lpr,estimated_overhead_flops,130501536,17749130742.0
classifier_expander,slowheat_lpr,estimated_overhead_flops,492612040,17749130742.0
classifier_expander,slowheat_lpr,replay_memory_bytes,2101606466,0.0
classifier_expander,slowheat_lpr,replay_memory_bytes,1872839281,0.0
classifier_expander,slowheat_lpr,replay_memory_bytes,637029796,0.0
classifier_expander,slowheat_lpr,replay_memory_bytes,1357204345,0.0
classifier_expander,slowheat_lpr,replay_memory_bytes,1758462037,0.0
classifier_expander,slowheat_lpr,replay_memory_bytes,748737880,0.0
classifier_expander,slowheat_lpr,replay_memory_bytes,1611510062,0.0
classifier_expander,slowheat_lpr,replay_memory_bytes,333205446,0.0
classifier_expander,slowheat_lpr,replay_memory_bytes,130501536,0.0
classifier_expander,slowheat_lpr,replay_memory_bytes,492612040,0.0
classifier_expander,slowheat_lpr,stored_logits_bytes,2101606466,0.0
classifier_expander,slowheat_lpr,stored_logits_bytes,1872839281,0.0
classifier_expander,slowheat_lpr,stored_logits_bytes,637029796,0.0
classifier_expander,slowheat_lpr,stored_logits_bytes,1357204345,0.0
classifier_expander,slowheat_lpr,stored_logits_bytes,1758462037,0.0
classifier_expander,slowheat_lpr,stored_logits_bytes,748737880,0.0
classifier_expander,slowheat_lpr,stored_logits_bytes,1611510062,0.0
classifier_expander,slowheat_lpr,stored_logits_bytes,333205446,0.0
classifier_expander,slowheat_lpr,stored_logits_bytes,130501536,0.0
classifier_expander,slowheat_lpr,stored_logits_bytes,492612040,0.0
classifier_expander,slowheat_classifier_expander,final_average_accuracy,2101606466,0.01430000000000009
classifier_expander,slowheat_classifier_expander,final_average_accuracy,1872839281,-0.0019000000000000128
classifier_expander,slowheat_classifier_expander,final_average_accuracy,637029796,-0.014300000000000035
classifier_expander,slowheat_classifier_expander,final_average_accuracy,1357204345,-0.01800000000000007
classifier_expander,slowheat_classifier_expander,final_average_accuracy,1758462037,-0.024999999999999967
classifier_expander,slowheat_classifier_expander,final_average_accuracy,748737880,-0.02119999999999994
classifier_expander,slowheat_classifier_expander,final_average_accuracy,1611510062,-0.0010000000000000564
classifier_expander,slowheat_classifier_expander,final_average_accuracy,333205446,0.006399999999999961
classifier_expander,slowheat_classifier_expander,final_average_accuracy,130501536,-0.011499999999999955
classifier_expander,slowheat_classifier_expander,final_average_accuracy,492612040,-0.016100000000000003
classifier_expander,slowheat_classifier_expander,average_forgetting,2101606466,-0.08900000000000002
classifier_expander,slowheat_classifier_expander,average_forgetting,1872839281,-0.09187499999999998
classifier_expander,slowheat_classifier_expander,average_forgetting,637029796,-0.04612499999999997
classifier_expander,slowheat_classifier_expander,average_forgetting,1357204345,-0.03412499999999996
classifier_expander,slowheat_classifier_expander,average_forgetting,1758462037,0.019124999999999975
classifier_expander,slowheat_classifier_expander,average_forgetting,748737880,-0.02999999999999997
classifier_expander,slowheat_classifier_expander,average_forgetting,1611510062,-0.02512500000000001
classifier_expander,slowheat_classifier_expander,average_forgetting,333205446,-0.07775000000000001
classifier_expander,slowheat_classifier_expander,average_forgetting,130501536,-0.075625
classifier_expander,slowheat_classifier_expander,average_forgetting,492612040,-0.06287499999999999
classifier_expander,slowheat_classifier_expander,backward_transfer,2101606466,0.16762500000000002
classifier_expander,slowheat_classifier_expander,backward_transfer,1872839281,0.11974999999999997
classifier_expander,slowheat_classifier_expander,backward_transfer,637029796,0.07912500000000006
classifier_expander,slowheat_classifier_expander,backward_transfer,1357204345,0.058250000000000024
classifier_expander,slowheat_classifier_expander,backward_transfer,1758462037,0.08600000000000002
classifier_expander,slowheat_classifier_expander,backward_transfer,748737880,0.08725000000000005
classifier_expander,slowheat_classifier_expander,backward_transfer,1611510062,0.04974999999999999
classifier_expander,slowheat_classifier_expander,backward_transfer,333205446,0.14725
classifier_expander,slowheat_classifier_expander,backward_transfer,130501536,0.12187499999999998
classifier_expander,slowheat_classifier_expander,backward_transfer,492612040,0.11112499999999997
classifier_expander,slowheat_classifier_expander,forward_transfer,2101606466,-0.007374999999999993
classifier_expander,slowheat_classifier_expander,forward_transfer,1872839281,-0.012374999999999988
classifier_expander,slowheat_classifier_expander,forward_transfer,637029796,0.0010000000000000078
classifier_expander,slowheat_classifier_expander,forward_transfer,1357204345,-0.01237499999999999
classifier_expander,slowheat_classifier_expander,forward_transfer,1758462037,-0.06250000000000001
classifier_expander,slowheat_classifier_expander,forward_transfer,748737880,-0.05612499999999999
classifier_expander,slowheat_classifier_expander,forward_transfer,1611510062,0.0031250000000000167
classifier_expander,slowheat_classifier_expander,forward_transfer,333205446,-0.0023750000000000004
classifier_expander,slowheat_classifier_expander,forward_transfer,130501536,-0.030999999999999993
classifier_expander,slowheat_classifier_expander,forward_transfer,492612040,0.008500000000000008
classifier_expander,slowheat_classifier_expander,task_aware_final_accuracy,2101606466,-0.01539999999999997
classifier_expander,slowheat_classifier_expander,task_aware_final_accuracy,1872839281,-0.015499999999999847
classifier_expander,slowheat_classifier_expander,task_aware_final_accuracy,637029796,-0.014300000000000201
classifier_expander,slowheat_classifier_expander,task_aware_final_accuracy,1357204345,-0.02410000000000012
classifier_expander,slowheat_classifier_expander,task_aware_final_accuracy,1758462037,-0.028200000000000003
classifier_expander,slowheat_classifier_expander,task_aware_final_accuracy,748737880,-0.02090000000000003
classifier_expander,slowheat_classifier_expander,task_aware_final_accuracy,1611510062,-0.018400000000000194
classifier_expander,slowheat_classifier_expander,task_aware_final_accuracy,333205446,-0.023399999999999976
classifier_expander,slowheat_classifier_expander,task_aware_final_accuracy,130501536,-0.022900000000000142
classifier_expander,slowheat_classifier_expander,task_aware_final_accuracy,492612040,-0.02190000000000014
classifier_expander,slowheat_classifier_expander,task_aware_forgetting,2101606466,-0.003124999999999989
classifier_expander,slowheat_classifier_expander,task_aware_forgetting,1872839281,-0.0037500000000000033
classifier_expander,slowheat_classifier_expander,task_aware_forgetting,637029796,-0.001375000000000015
classifier_expander,slowheat_classifier_expander,task_aware_forgetting,1357204345,-0.0008750000000000424
classifier_expander,slowheat_classifier_expander,task_aware_forgetting,1758462037,0.012500000000000011
classifier_expander,slowheat_classifier_expander,task_aware_forgetting,748737880,0.005500000000000033
classifier_expander,slowheat_classifier_expander,task_aware_forgetting,1611510062,0.005624999999999963
classifier_expander,slowheat_classifier_expander,task_aware_forgetting,333205446,0.006874999999999992
classifier_expander,slowheat_classifier_expander,task_aware_forgetting,130501536,0.003124999999999989
classifier_expander,slowheat_classifier_expander,task_aware_forgetting,492612040,-0.0017499999999999738
classifier_expander,slowheat_classifier_expander,classifier_gap,2101606466,-0.029700000000000004
classifier_expander,slowheat_classifier_expander,classifier_gap,1872839281,-0.013599999999999834
classifier_expander,slowheat_classifier_expander,classifier_gap,637029796,-1.6653345369377348e-16
classifier_expander,slowheat_classifier_expander,classifier_gap,1357204345,-0.00610000000000005
classifier_expander,slowheat_classifier_expander,classifier_gap,1758462037,-0.003200000000000036
classifier_expander,slowheat_classifier_expander,classifier_gap,748737880,0.00029999999999991145
classifier_expander,slowheat_classifier_expander,classifier_gap,1611510062,-0.017400000000000138
classifier_expander,slowheat_classifier_expander,classifier_gap,333205446,-0.029799999999999938
classifier_expander,slowheat_classifier_expander,classifier_gap,130501536,-0.011400000000000188
classifier_expander,slowheat_classifier_expander,classifier_gap,492612040,-0.005800000000000138
classifier_expander,slowheat_classifier_expander,elapsed_seconds,2101606466,3.7572557449457236
classifier_expander,slowheat_classifier_expander,elapsed_seconds,1872839281,4.592483827029355
classifier_expander,slowheat_classifier_expander,elapsed_seconds,637029796,3.820513673941605
classifier_expander,slowheat_classifier_expander,elapsed_seconds,1357204345,3.694107441988308
classifier_expander,slowheat_classifier_expander,elapsed_seconds,1758462037,3.7124542830279097
classifier_expander,slowheat_classifier_expander,elapsed_seconds,748737880,4.286668920016382
classifier_expander,slowheat_classifier_expander,elapsed_seconds,1611510062,3.700389460020233
classifier_expander,slowheat_classifier_expander,elapsed_seconds,333205446,3.8117387130041607
classifier_expander,slowheat_classifier_expander,elapsed_seconds,130501536,3.785287060018163
classifier_expander,slowheat_classifier_expander,elapsed_seconds,492612040,3.3606687209685333
classifier_expander,slowheat_classifier_expander,learner_examples_processed,2101606466,0.0
classifier_expander,slowheat_classifier_expander,learner_examples_processed,1872839281,0.0
classifier_expander,slowheat_classifier_expander,learner_examples_processed,637029796,0.0
classifier_expander,slowheat_classifier_expander,learner_examples_processed,1357204345,0.0
classifier_expander,slowheat_classifier_expander,learner_examples_processed,1758462037,0.0
classifier_expander,slowheat_classifier_expander,learner_examples_processed,748737880,0.0
classifier_expander,slowheat_classifier_expander,learner_examples_processed,1611510062,0.0
classifier_expander,slowheat_classifier_expander,learner_examples_processed,333205446,0.0
classifier_expander,slowheat_classifier_expander,learner_examples_processed,130501536,0.0
classifier_expander,slowheat_classifier_expander,learner_examples_processed,492612040,0.0
classifier_expander,slowheat_classifier_expander,total_model_examples_processed,2101606466,0.0
classifier_expander,slowheat_classifier_expander,total_model_examples_processed,1872839281,0.0
classifier_expander,slowheat_classifier_expander,total_model_examples_processed,637029796,0.0
classifier_expander,slowheat_classifier_expander,total_model_examples_processed,1357204345,0.0
classifier_expander,slowheat_classifier_expander,total_model_examples_processed,1758462037,0.0
classifier_expander,slowheat_classifier_expander,total_model_examples_processed,748737880,0.0
classifier_expander,slowheat_classifier_expander,total_model_examples_processed,1611510062,0.0
classifier_expander,slowheat_classifier_expander,total_model_examples_processed,333205446,0.0
classifier_expander,slowheat_classifier_expander,total_model_examples_processed,130501536,0.0
classifier_expander,slowheat_classifier_expander,total_model_examples_processed,492612040,0.0
classifier_expander,slowheat_classifier_expander,estimated_total_flops,2101606466,138925280.0
classifier_expander,slowheat_classifier_expander,estimated_total_flops,1872839281,138925280.0
classifier_expander,slowheat_classifier_expander,estimated_total_flops,637029796,138925280.0
classifier_expander,slowheat_classifier_expander,estimated_total_flops,1357204345,138925280.0
classifier_expander,slowheat_classifier_expander,estimated_total_flops,1758462037,138925280.0
classifier_expander,slowheat_classifier_expander,estimated_total_flops,748737880,138925280.0
classifier_expander,slowheat_classifier_expander,estimated_total_flops,1611510062,138925280.0
classifier_expander,slowheat_classifier_expander,estimated_total_flops,333205446,138925280.0
classifier_expander,slowheat_classifier_expander,estimated_total_flops,130501536,138925280.0
classifier_expander,slowheat_classifier_expander,estimated_total_flops,492612040,138925280.0
classifier_expander,slowheat_classifier_expander,estimated_overhead_flops,2101606466,138925280.0
classifier_expander,slowheat_classifier_expander,estimated_overhead_flops,1872839281,138925280.0
classifier_expander,slowheat_classifier_expander,estimated_overhead_flops,637029796,138925280.0
classifier_expander,slowheat_classifier_expander,estimated_overhead_flops,1357204345,138925280.0
classifier_expander,slowheat_classifier_expander,estimated_overhead_flops,1758462037,138925280.0
classifier_expander,slowheat_classifier_expander,estimated_overhead_flops,748737880,138925280.0
classifier_expander,slowheat_classifier_expander,estimated_overhead_flops,1611510062,138925280.0
classifier_expander,slowheat_classifier_expander,estimated_overhead_flops,333205446,138925280.0
classifier_expander,slowheat_classifier_expander,estimated_overhead_flops,130501536,138925280.0
classifier_expander,slowheat_classifier_expander,estimated_overhead_flops,492612040,138925280.0
classifier_expander,slowheat_classifier_expander,replay_memory_bytes,2101606466,0.0
classifier_expander,slowheat_classifier_expander,replay_memory_bytes,1872839281,0.0
classifier_expander,slowheat_classifier_expander,replay_memory_bytes,637029796,0.0
classifier_expander,slowheat_classifier_expander,replay_memory_bytes,1357204345,0.0
classifier_expander,slowheat_classifier_expander,replay_memory_bytes,1758462037,0.0
classifier_expander,slowheat_classifier_expander,replay_memory_bytes,748737880,0.0
classifier_expander,slowheat_classifier_expander,replay_memory_bytes,1611510062,0.0
classifier_expander,slowheat_classifier_expander,replay_memory_bytes,333205446,0.0
classifier_expander,slowheat_classifier_expander,replay_memory_bytes,130501536,0.0
classifier_expander,slowheat_classifier_expander,replay_memory_bytes,492612040,0.0
classifier_expander,slowheat_classifier_expander,stored_logits_bytes,2101606466,0.0
classifier_expander,slowheat_classifier_expander,stored_logits_bytes,1872839281,0.0
classifier_expander,slowheat_classifier_expander,stored_logits_bytes,637029796,0.0
classifier_expander,slowheat_classifier_expander,stored_logits_bytes,1357204345,0.0
classifier_expander,slowheat_classifier_expander,stored_logits_bytes,1758462037,0.0
classifier_expander,slowheat_classifier_expander,stored_logits_bytes,748737880,0.0
classifier_expander,slowheat_classifier_expander,stored_logits_bytes,1611510062,0.0
classifier_expander,slowheat_classifier_expander,stored_logits_bytes,333205446,0.0
classifier_expander,slowheat_classifier_expander,stored_logits_bytes,130501536,0.0
classifier_expander,slowheat_classifier_expander,stored_logits_bytes,492612040,0.0
classifier_expander,scroll,final_average_accuracy,2101606466,-0.0017999999999999683
classifier_expander,scroll,final_average_accuracy,1872839281,0.007899999999999963
classifier_expander,scroll,final_average_accuracy,637029796,-0.02789999999999998
classifier_expander,scroll,final_average_accuracy,1357204345,-0.016200000000000048
classifier_expander,scroll,final_average_accuracy,1758462037,-0.030899999999999983
classifier_expander,scroll,final_average_accuracy,748737880,-0.028499999999999914
classifier_expander,scroll,final_average_accuracy,1611510062,-0.028000000000000025
classifier_expander,scroll,final_average_accuracy,333205446,0.0005000000000000004
classifier_expander,scroll,final_average_accuracy,130501536,-0.07029999999999997
classifier_expander,scroll,final_average_accuracy,492612040,-0.024899999999999978
classifier_expander,scroll,average_forgetting,2101606466,-0.15187500000000004
classifier_expander,scroll,average_forgetting,1872839281,-0.069
classifier_expander,scroll,average_forgetting,637029796,-0.15637499999999996
classifier_expander,scroll,average_forgetting,1357204345,-0.08249999999999999
classifier_expander,scroll,average_forgetting,1758462037,0.03662500000000002
classifier_expander,scroll,average_forgetting,748737880,-0.0068749999999999645
classifier_expander,scroll,average_forgetting,1611510062,-0.010874999999999968
classifier_expander,scroll,average_forgetting,333205446,-0.11912500000000001
classifier_expander,scroll,average_forgetting,130501536,-0.07650000000000001
classifier_expander,scroll,average_forgetting,492612040,-0.076125
classifier_expander,scroll,backward_transfer,2101606466,0.1305
classifier_expander,scroll,backward_transfer,1872839281,0.14824999999999994
classifier_expander,scroll,backward_transfer,637029796,0.17275000000000004
classifier_expander,scroll,backward_transfer,1357204345,-0.04587499999999997
classifier_expander,scroll,backward_transfer,1758462037,-0.08850000000000002
classifier_expander,scroll,backward_transfer,748737880,0.006749999999999978
classifier_expander,scroll,backward_transfer,1611510062,-0.051500000000000046
classifier_expander,scroll,backward_transfer,333205446,0.21675
classifier_expander,scroll,backward_transfer,130501536,0.007749999999999979
classifier_expander,scroll,backward_transfer,492612040,-0.0066250000000000475
classifier_expander,scroll,forward_transfer,2101606466,-0.17025
classifier_expander,scroll,forward_transfer,1872839281,-0.195625
classifier_expander,scroll,forward_transfer,637029796,-0.15275
classifier_expander,scroll,forward_transfer,1357204345,-0.09050000000000001
classifier_expander,scroll,forward_transfer,1758462037,-0.19050000000000003
classifier_expander,scroll,forward_transfer,748737880,-0.24224999999999997
classifier_expander,scroll,forward_transfer,1611510062,-0.012124999999999997
classifier_expander,scroll,forward_transfer,333205446,-0.12125
classifier_expander,scroll,forward_transfer,130501536,-0.090375
classifier_expander,scroll,forward_transfer,492612040,-0.107625
classifier_expander,scroll,task_aware_final_accuracy,2101606466,-0.10530000000000006
classifier_expander,scroll,task_aware_final_accuracy,1872839281,-0.07989999999999986
classifier_expander,scroll,task_aware_final_accuracy,637029796,-0.09770000000000001
classifier_expander,scroll,task_aware_final_accuracy,1357204345,-0.0804999999999999
classifier_expander,scroll,task_aware_final_accuracy,1758462037,-0.07730000000000004
classifier_expander,scroll,task_aware_final_accuracy,748737880,-0.05810000000000015
classifier_expander,scroll,task_aware_final_accuracy,1611510062,-0.08950000000000014
classifier_expander,scroll,task_aware_final_accuracy,333205446,-0.10640000000000005
classifier_expander,scroll,task_aware_final_accuracy,130501536,-0.07380000000000009
classifier_expander,scroll,task_aware_final_accuracy,492612040,-0.08439999999999992
classifier_expander,scroll,task_aware_forgetting,2101606466,0.03325000000000003
classifier_expander,scroll,task_aware_forgetting,1872839281,-0.03087500000000004
classifier_expander,scroll,task_aware_forgetting,637029796,-0.01924999999999999
classifier_expander,scroll,task_aware_forgetting,1357204345,-0.015750000000000042
classifier_expander,scroll,task_aware_forgetting,1758462037,-0.037000000000000005
classifier_expander,scroll,task_aware_forgetting,748737880,-0.03749999999999995
classifier_expander,scroll,task_aware_forgetting,1611510062,-0.032999999999999974
classifier_expander,scroll,task_aware_forgetting,333205446,0.03787499999999999
classifier_expander,scroll,task_aware_forgetting,130501536,-0.049375
classifier_expander,scroll,task_aware_forgetting,492612040,-0.032
classifier_expander,scroll,classifier_gap,2101606466,-0.10350000000000004
classifier_expander,scroll,classifier_gap,1872839281,-0.08779999999999982
classifier_expander,scroll,classifier_gap,637029796,-0.06980000000000003
classifier_expander,scroll,classifier_gap,1357204345,-0.06429999999999986
classifier_expander,scroll,classifier_gap,1758462037,-0.04640000000000005
classifier_expander,scroll,classifier_gap,748737880,-0.029600000000000237
classifier_expander,scroll,classifier_gap,1611510062,-0.06150000000000011
classifier_expander,scroll,classifier_gap,333205446,-0.10690000000000005
classifier_expander,scroll,classifier_gap,130501536,-0.003500000000000114
classifier_expander,scroll,classifier_gap,492612040,-0.05949999999999994
classifier_expander,scroll,elapsed_seconds,2101606466,-9.17394966998836
classifier_expander,scroll,elapsed_seconds,1872839281,-8.12688622600399
classifier_expander,scroll,elapsed_seconds,637029796,-9.18701329396572
classifier_expander,scroll,elapsed_seconds,1357204345,-9.156434617994819
classifier_expander,scroll,elapsed_seconds,1758462037,-9.132648609986063
classifier_expander,scroll,elapsed_seconds,748737880,-8.156927405041642
classifier_expander,scroll,elapsed_seconds,1611510062,-9.117150958976708
classifier_expander,scroll,elapsed_seconds,333205446,-9.16718517395202
classifier_expander,scroll,elapsed_seconds,130501536,-9.044523249031045
classifier_expander,scroll,elapsed_seconds,492612040,-9.159694879956078
classifier_expander,scroll,learner_examples_processed,2101606466,-241856.0
classifier_expander,scroll,learner_examples_processed,1872839281,-241856.0
classifier_expander,scroll,learner_examples_processed,637029796,-241856.0
classifier_expander,scroll,learner_examples_processed,1357204345,-241856.0
classifier_expander,scroll,learner_examples_processed,1758462037,-241856.0
classifier_expander,scroll,learner_examples_processed,748737880,-241856.0
classifier_expander,scroll,learner_examples_processed,1611510062,-241856.0
classifier_expander,scroll,learner_examples_processed,333205446,-241856.0
classifier_expander,scroll,learner_examples_processed,130501536,-241856.0
classifier_expander,scroll,learner_examples_processed,492612040,-241856.0
classifier_expander,scroll,total_model_examples_processed,2101606466,-282496.0
classifier_expander,scroll,total_model_examples_processed,1872839281,-282496.0
classifier_expander,scroll,total_model_examples_processed,637029796,-282496.0
classifier_expander,scroll,total_model_examples_processed,1357204345,-282496.0
classifier_expander,scroll,total_model_examples_processed,1758462037,-282496.0
classifier_expander,scroll,total_model_examples_processed,748737880,-282496.0
classifier_expander,scroll,total_model_examples_processed,1611510062,-282496.0
classifier_expander,scroll,total_model_examples_processed,333205446,-282496.0
classifier_expander,scroll,total_model_examples_processed,130501536,-282496.0
classifier_expander,scroll,total_model_examples_processed,492612040,-282496.0
classifier_expander,scroll,estimated_total_flops,2101606466,-8585183672443.0
classifier_expander,scroll,estimated_total_flops,1872839281,-8585183672443.0
classifier_expander,scroll,estimated_total_flops,637029796,-8585183672443.0
classifier_expander,scroll,estimated_total_flops,1357204345,-8585183672443.0
classifier_expander,scroll,estimated_total_flops,1758462037,-8585183672443.0
classifier_expander,scroll,estimated_total_flops,748737880,-8585183672443.0
classifier_expander,scroll,estimated_total_flops,1611510062,-8585183672443.0
classifier_expander,scroll,estimated_total_flops,333205446,-8585183672443.0
classifier_expander,scroll,estimated_total_flops,130501536,-8585183672443.0
classifier_expander,scroll,estimated_total_flops,492612040,-8585183672443.0
classifier_expander,scroll,estimated_overhead_flops,2101606466,5368792965.0
classifier_expander,scroll,estimated_overhead_flops,1872839281,5368792965.0
classifier_expander,scroll,estimated_overhead_flops,637029796,5368792965.0
classifier_expander,scroll,estimated_overhead_flops,1357204345,5368792965.0
classifier_expander,scroll,estimated_overhead_flops,1758462037,5368792965.0
classifier_expander,scroll,estimated_overhead_flops,748737880,5368792965.0
classifier_expander,scroll,estimated_overhead_flops,1611510062,5368792965.0
classifier_expander,scroll,estimated_overhead_flops,333205446,5368792965.0
classifier_expander,scroll,estimated_overhead_flops,130501536,5368792965.0
classifier_expander,scroll,estimated_overhead_flops,492612040,5368792965.0
classifier_expander,scroll,replay_memory_bytes,2101606466,0.0
classifier_expander,scroll,replay_memory_bytes,1872839281,0.0
classifier_expander,scroll,replay_memory_bytes,637029796,0.0
classifier_expander,scroll,replay_memory_bytes,1357204345,0.0
classifier_expander,scroll,replay_memory_bytes,1758462037,0.0
classifier_expander,scroll,replay_memory_bytes,748737880,0.0
classifier_expander,scroll,replay_memory_bytes,1611510062,0.0
classifier_expander,scroll,replay_memory_bytes,333205446,0.0
classifier_expander,scroll,replay_memory_bytes,130501536,0.0
classifier_expander,scroll,replay_memory_bytes,492612040,0.0
classifier_expander,scroll,stored_logits_bytes,2101606466,0.0
classifier_expander,scroll,stored_logits_bytes,1872839281,0.0
classifier_expander,scroll,stored_logits_bytes,637029796,0.0
classifier_expander,scroll,stored_logits_bytes,1357204345,0.0
classifier_expander,scroll,stored_logits_bytes,1758462037,0.0
classifier_expander,scroll,stored_logits_bytes,748737880,0.0
classifier_expander,scroll,stored_logits_bytes,1611510062,0.0
classifier_expander,scroll,stored_logits_bytes,333205446,0.0
classifier_expander,scroll,stored_logits_bytes,130501536,0.0
classifier_expander,scroll,stored_logits_bytes,492612040,0.0
classifier_expander,slowheat_scroll,final_average_accuracy,2101606466,0.07919999999999999
classifier_expander,slowheat_scroll,final_average_accuracy,1872839281,0.07050000000000001
classifier_expander,slowheat_scroll,final_average_accuracy,637029796,0.026800000000000046
classifier_expander,slowheat_scroll,final_average_accuracy,1357204345,0.03169999999999995
classifier_expander,slowheat_scroll,final_average_accuracy,1758462037,0.0021999999999999797
classifier_expander,slowheat_scroll,final_average_accuracy,748737880,0.0484
classifier_expander,slowheat_scroll,final_average_accuracy,1611510062,-0.006199999999999983
classifier_expander,slowheat_scroll,final_average_accuracy,333205446,0.05159999999999998
classifier_expander,slowheat_scroll,final_average_accuracy,130501536,-0.020399999999999918
classifier_expander,slowheat_scroll,final_average_accuracy,492612040,0.07420000000000004
classifier_expander,slowheat_scroll,average_forgetting,2101606466,-0.14425000000000002
classifier_expander,slowheat_scroll,average_forgetting,1872839281,-0.11049999999999996
classifier_expander,slowheat_scroll,average_forgetting,637029796,-0.034999999999999976
classifier_expander,slowheat_scroll,average_forgetting,1357204345,-0.14874999999999997
classifier_expander,slowheat_scroll,average_forgetting,1758462037,0.04674999999999996
classifier_expander,slowheat_scroll,average_forgetting,748737880,0.0018750000000000155
classifier_expander,slowheat_scroll,average_forgetting,1611510062,-0.07725000000000004
classifier_expander,slowheat_scroll,average_forgetting,333205446,-0.14100000000000004
classifier_expander,slowheat_scroll,average_forgetting,130501536,-0.11700000000000005
classifier_expander,slowheat_scroll,average_forgetting,492612040,-0.11249999999999996
classifier_expander,slowheat_scroll,backward_transfer,2101606466,0.13124999999999998
classifier_expander,slowheat_scroll,backward_transfer,1872839281,0.08849999999999994
classifier_expander,slowheat_scroll,backward_transfer,637029796,-0.04824999999999996
classifier_expander,slowheat_scroll,backward_transfer,1357204345,0.020500000000000004
classifier_expander,slowheat_scroll,backward_transfer,1758462037,-0.111375
classifier_expander,slowheat_scroll,backward_transfer,748737880,-0.07024999999999998
classifier_expander,slowheat_scroll,backward_transfer,1611510062,-0.07649999999999996
classifier_expander,slowheat_scroll,backward_transfer,333205446,0.09987500000000002
classifier_expander,slowheat_scroll,backward_transfer,130501536,0.02024999999999999
classifier_expander,slowheat_scroll,backward_transfer,492612040,0.028874999999999984
classifier_expander,slowheat_scroll,forward_transfer,2101606466,-0.17025
classifier_expander,slowheat_scroll,forward_transfer,1872839281,-0.195625
classifier_expander,slowheat_scroll,forward_transfer,637029796,-0.15275
classifier_expander,slowheat_scroll,forward_transfer,1357204345,-0.09050000000000001
classifier_expander,slowheat_scroll,forward_transfer,1758462037,-0.19050000000000003
classifier_expander,slowheat_scroll,forward_transfer,748737880,-0.24224999999999997
classifier_expander,slowheat_scroll,forward_transfer,1611510062,-0.012124999999999997
classifier_expander,slowheat_scroll,forward_transfer,333205446,-0.12125
classifier_expander,slowheat_scroll,forward_transfer,130501536,-0.090375
classifier_expander,slowheat_scroll,forward_transfer,492612040,-0.107625
classifier_expander,slowheat_scroll,task_aware_final_accuracy,2101606466,-0.04300000000000015
classifier_expander,slowheat_scroll,task_aware_final_accuracy,1872839281,-0.038799999999999946
classifier_expander,slowheat_scroll,task_aware_final_accuracy,637029796,-0.07010000000000005
classifier_expander,slowheat_scroll,task_aware_final_accuracy,1357204345,-0.0472999999999999
classifier_expander,slowheat_scroll,task_aware_final_accuracy,1758462037,-0.05930000000000002
classifier_expander,slowheat_scroll,task_aware_final_accuracy,748737880,-0.019400000000000084
classifier_expander,slowheat_scroll,task_aware_final_accuracy,1611510062,-0.051200000000000134
classifier_expander,slowheat_scroll,task_aware_final_accuracy,333205446,-0.08199999999999985
classifier_expander,slowheat_scroll,task_aware_final_accuracy,130501536,-0.03310000000000002
classifier_expander,slowheat_scroll,task_aware_final_accuracy,492612040,-0.025600000000000067
classifier_expander,slowheat_scroll,task_aware_forgetting,2101606466,-0.011374999999999968
classifier_expander,slowheat_scroll,task_aware_forgetting,1872839281,-0.022750000000000048
classifier_expander,slowheat_scroll,task_aware_forgetting,637029796,-0.010250000000000009
classifier_expander,slowheat_scroll,task_aware_forgetting,1357204345,0.0003749999999999587
classifier_expander,slowheat_scroll,task_aware_forgetting,1758462037,0.012500000000000011
classifier_expander,slowheat_scroll,task_aware_forgetting,748737880,-0.014624999999999971
classifier_expander,slowheat_scroll,task_aware_forgetting,1611510062,-0.022749999999999965
classifier_expander,slowheat_scroll,task_aware_forgetting,333205446,0.04812499999999997
classifier_expander,slowheat_scroll,task_aware_forgetting,130501536,-0.008375000000000021
classifier_expander,slowheat_scroll,task_aware_forgetting,492612040,-0.013999999999999985
classifier_expander,slowheat_scroll,classifier_gap,2101606466,-0.12220000000000009
classifier_expander,slowheat_scroll,classifier_gap,1872839281,-0.10929999999999995
classifier_expander,slowheat_scroll,classifier_gap,637029796,-0.0969000000000001
classifier_expander,slowheat_scroll,classifier_gap,1357204345,-0.07899999999999985
classifier_expander,slowheat_scroll,classifier_gap,1758462037,-0.0615
classifier_expander,slowheat_scroll,classifier_gap,748737880,-0.06780000000000008
classifier_expander,slowheat_scroll,classifier_gap,1611510062,-0.04500000000000015
classifier_expander,slowheat_scroll,classifier_gap,333205446,-0.13359999999999983
classifier_expander,slowheat_scroll,classifier_gap,130501536,-0.0127000000000001
classifier_expander,slowheat_scroll,classifier_gap,492612040,-0.09980000000000011
classifier_expander,slowheat_scroll,elapsed_seconds,2101606466,-8.433910685009323
classifier_expander,slowheat_scroll,elapsed_seconds,1872839281,-7.410468052956276
classifier_expander,slowheat_scroll,elapsed_seconds,637029796,-8.59777536103502
classifier_expander,slowheat_scroll,elapsed_seconds,1357204345,-8.42853398900479
classifier_expander,slowheat_scroll,elapsed_seconds,1758462037,-8.398405782005284
classifier_expander,slowheat_scroll,elapsed_seconds,748737880,-7.431201416999102
classifier_expander,slowheat_scroll,elapsed_seconds,1611510062,-8.394162256037816
classifier_expander,slowheat_scroll,elapsed_seconds,333205446,-8.436948463961016
classifier_expander,slowheat_scroll,elapsed_seconds,130501536,-8.301167476049159
classifier_expander,slowheat_scroll,elapsed_seconds,492612040,-8.451032716955524
classifier_expander,slowheat_scroll,learner_examples_processed,2101606466,-241856.0
classifier_expander,slowheat_scroll,learner_examples_processed,1872839281,-241856.0
classifier_expander,slowheat_scroll,learner_examples_processed,637029796,-241856.0
classifier_expander,slowheat_scroll,learner_examples_processed,1357204345,-241856.0
classifier_expander,slowheat_scroll,learner_examples_processed,1758462037,-241856.0
classifier_expander,slowheat_scroll,learner_examples_processed,748737880,-241856.0
classifier_expander,slowheat_scroll,learner_examples_processed,1611510062,-241856.0
classifier_expander,slowheat_scroll,learner_examples_processed,333205446,-241856.0
classifier_expander,slowheat_scroll,learner_examples_processed,130501536,-241856.0
classifier_expander,slowheat_scroll,learner_examples_processed,492612040,-241856.0
classifier_expander,slowheat_scroll,total_model_examples_processed,2101606466,-282496.0
classifier_expander,slowheat_scroll,total_model_examples_processed,1872839281,-282496.0
classifier_expander,slowheat_scroll,total_model_examples_processed,637029796,-282496.0
classifier_expander,slowheat_scroll,total_model_examples_processed,1357204345,-282496.0
classifier_expander,slowheat_scroll,total_model_examples_processed,1758462037,-282496.0
classifier_expander,slowheat_scroll,total_model_examples_processed,748737880,-282496.0
classifier_expander,slowheat_scroll,total_model_examples_processed,1611510062,-282496.0
classifier_expander,slowheat_scroll,total_model_examples_processed,333205446,-282496.0
classifier_expander,slowheat_scroll,total_model_examples_processed,130501536,-282496.0
classifier_expander,slowheat_scroll,total_model_examples_processed,492612040,-282496.0
classifier_expander,slowheat_scroll,estimated_total_flops,2101606466,-8585162078363.0
classifier_expander,slowheat_scroll,estimated_total_flops,1872839281,-8585162078363.0
classifier_expander,slowheat_scroll,estimated_total_flops,637029796,-8585162078363.0
classifier_expander,slowheat_scroll,estimated_total_flops,1357204345,-8585162078363.0
classifier_expander,slowheat_scroll,estimated_total_flops,1758462037,-8585162078363.0
classifier_expander,slowheat_scroll,estimated_total_flops,748737880,-8585162078363.0
classifier_expander,slowheat_scroll,estimated_total_flops,1611510062,-8585162078363.0
classifier_expander,slowheat_scroll,estimated_total_flops,333205446,-8585162078363.0
classifier_expander,slowheat_scroll,estimated_total_flops,130501536,-8585162078363.0
classifier_expander,slowheat_scroll,estimated_total_flops,492612040,-8585162078363.0
classifier_expander,slowheat_scroll,estimated_overhead_flops,2101606466,5390387045.0
classifier_expander,slowheat_scroll,estimated_overhead_flops,1872839281,5390387045.0
classifier_expander,slowheat_scroll,estimated_overhead_flops,637029796,5390387045.0
classifier_expander,slowheat_scroll,estimated_overhead_flops,1357204345,5390387045.0
classifier_expander,slowheat_scroll,estimated_overhead_flops,1758462037,5390387045.0
classifier_expander,slowheat_scroll,estimated_overhead_flops,748737880,5390387045.0
classifier_expander,slowheat_scroll,estimated_overhead_flops,1611510062,5390387045.0
classifier_expander,slowheat_scroll,estimated_overhead_flops,333205446,5390387045.0
classifier_expander,slowheat_scroll,estimated_overhead_flops,130501536,5390387045.0
classifier_expander,slowheat_scroll,estimated_overhead_flops,492612040,5390387045.0
classifier_expander,slowheat_scroll,replay_memory_bytes,2101606466,0.0
classifier_expander,slowheat_scroll,replay_memory_bytes,1872839281,0.0
classifier_expander,slowheat_scroll,replay_memory_bytes,637029796,0.0
classifier_expander,slowheat_scroll,replay_memory_bytes,1357204345,0.0
classifier_expander,slowheat_scroll,replay_memory_bytes,1758462037,0.0
classifier_expander,slowheat_scroll,replay_memory_bytes,748737880,0.0
classifier_expander,slowheat_scroll,replay_memory_bytes,1611510062,0.0
classifier_expander,slowheat_scroll,replay_memory_bytes,333205446,0.0
classifier_expander,slowheat_scroll,replay_memory_bytes,130501536,0.0
classifier_expander,slowheat_scroll,replay_memory_bytes,492612040,0.0
classifier_expander,slowheat_scroll,stored_logits_bytes,2101606466,0.0
classifier_expander,slowheat_scroll,stored_logits_bytes,1872839281,0.0
classifier_expander,slowheat_scroll,stored_logits_bytes,637029796,0.0
classifier_expander,slowheat_scroll,stored_logits_bytes,1357204345,0.0
classifier_expander,slowheat_scroll,stored_logits_bytes,1758462037,0.0
classifier_expander,slowheat_scroll,stored_logits_bytes,748737880,0.0
classifier_expander,slowheat_scroll,stored_logits_bytes,1611510062,0.0
classifier_expander,slowheat_scroll,stored_logits_bytes,333205446,0.0
classifier_expander,slowheat_scroll,stored_logits_bytes,130501536,0.0
classifier_expander,slowheat_scroll,stored_logits_bytes,492612040,0.0
scroll,vanilla,final_average_accuracy,2101606466,-0.1417
scroll,vanilla,final_average_accuracy,1872839281,-0.14209999999999998
scroll,vanilla,final_average_accuracy,637029796,-0.14100000000000001
scroll,vanilla,final_average_accuracy,1357204345,-0.1586
scroll,vanilla,final_average_accuracy,1758462037,-0.138
scroll,vanilla,final_average_accuracy,748737880,-0.14270000000000002
scroll,vanilla,final_average_accuracy,1611510062,-0.125
scroll,vanilla,final_average_accuracy,333205446,-0.1492
scroll,vanilla,final_average_accuracy,130501536,-0.10710000000000003
scroll,vanilla,final_average_accuracy,492612040,-0.15270000000000003
scroll,vanilla,average_forgetting,2101606466,0.6948750000000001
scroll,vanilla,average_forgetting,1872839281,0.56225
scroll,vanilla,average_forgetting,637029796,0.6941249999999999
scroll,vanilla,average_forgetting,1357204345,0.608
scroll,vanilla,average_forgetting,1758462037,0.6014999999999999
scroll,vanilla,average_forgetting,748737880,0.55525
scroll,vanilla,average_forgetting,1611510062,0.555875
scroll,vanilla,average_forgetting,333205446,0.6538750000000001
scroll,vanilla,average_forgetting,130501536,0.652625
scroll,vanilla,average_forgetting,492612040,0.6187500000000001
scroll,vanilla,backward_transfer,2101606466,-0.7346250000000001
scroll,vanilla,backward_transfer,1872839281,-0.687125
scroll,vanilla,backward_transfer,637029796,-0.8314999999999999
scroll,vanilla,backward_transfer,1357204345,-0.647625
scroll,vanilla,backward_transfer,1758462037,-0.6277499999999998
scroll,vanilla,backward_transfer,748737880,-0.6234999999999999
scroll,vanilla,backward_transfer,1611510062,-0.6508750000000001
scroll,vanilla,backward_transfer,333205446,-0.84225
scroll,vanilla,backward_transfer,130501536,-0.6936249999999999
scroll,vanilla,backward_transfer,492612040,-0.6821250000000001
scroll,vanilla,forward_transfer,2101606466,0.07875000000000001
scroll,vanilla,forward_transfer,1872839281,0.06187500000000001
scroll,vanilla,forward_transfer,637029796,0.044125
scroll,vanilla,forward_transfer,1357204345,0.0
scroll,vanilla,forward_transfer,1758462037,0.07975000000000003
scroll,vanilla,forward_transfer,748737880,0.104125
scroll,vanilla,forward_transfer,1611510062,0.006250000000000033
scroll,vanilla,forward_transfer,333205446,0.11599999999999999
scroll,vanilla,forward_transfer,130501536,0.0
scroll,vanilla,forward_transfer,492612040,0.089
scroll,vanilla,task_aware_final_accuracy,2101606466,-0.11439999999999995
scroll,vanilla,task_aware_final_accuracy,1872839281,-0.09030000000000005
scroll,vanilla,task_aware_final_accuracy,637029796,-0.11250000000000016
scroll,vanilla,task_aware_final_accuracy,1357204345,-0.08830000000000005
scroll,vanilla,task_aware_final_accuracy,1758462037,-0.11729999999999996
scroll,vanilla,task_aware_final_accuracy,748737880,-0.15639999999999998
scroll,vanilla,task_aware_final_accuracy,1611510062,-0.09650000000000003
scroll,vanilla,task_aware_final_accuracy,333205446,-0.12309999999999988
scroll,vanilla,task_aware_final_accuracy,130501536,-0.15090000000000003
scroll,vanilla,task_aware_final_accuracy,492612040,-0.11860000000000015
scroll,vanilla,task_aware_forgetting,2101606466,0.24274999999999997
scroll,vanilla,task_aware_forgetting,1872839281,0.250625
scroll,vanilla,task_aware_forgetting,637029796,0.2955
scroll,vanilla,task_aware_forgetting,1357204345,0.217875
scroll,vanilla,task_aware_forgetting,1758462037,0.284625
scroll,vanilla,task_aware_forgetting,748737880,0.312375
scroll,vanilla,task_aware_forgetting,1611510062,0.27537500000000004
scroll,vanilla,task_aware_forgetting,333205446,0.253625
scroll,vanilla,task_aware_forgetting,130501536,0.327
scroll,vanilla,task_aware_forgetting,492612040,0.28400000000000003
scroll,vanilla,classifier_gap,2101606466,0.027300000000000046
scroll,vanilla,classifier_gap,1872839281,0.05179999999999996
scroll,vanilla,classifier_gap,637029796,0.02849999999999986
scroll,vanilla,classifier_gap,1357204345,0.07029999999999992
scroll,vanilla,classifier_gap,1758462037,0.02070000000000005
scroll,vanilla,classifier_gap,748737880,-0.01369999999999999
scroll,vanilla,classifier_gap,1611510062,0.02849999999999997
scroll,vanilla,classifier_gap,333205446,0.026100000000000123
scroll,vanilla,classifier_gap,130501536,-0.043800000000000006
scroll,vanilla,classifier_gap,492612040,0.03409999999999985
scroll,vanilla,elapsed_seconds,2101606466,5.341735441994388
scroll,vanilla,elapsed_seconds,1872839281,5.402816976013128
scroll,vanilla,elapsed_seconds,637029796,5.288222194940317
scroll,vanilla,elapsed_seconds,1357204345,4.674201402987819
scroll,vanilla,elapsed_seconds,1758462037,5.27549040899612
scroll,vanilla,elapsed_seconds,748737880,5.2901415770174935
scroll,vanilla,elapsed_seconds,1611510062,5.277669656963553
scroll,vanilla,elapsed_seconds,333205446,5.200687391974498
scroll,vanilla,elapsed_seconds,130501536,5.314727995020803
scroll,vanilla,elapsed_seconds,492612040,5.438041059940588
scroll,vanilla,learner_examples_processed,2101606466,160512.0
scroll,vanilla,learner_examples_processed,1872839281,160512.0
scroll,vanilla,learner_examples_processed,637029796,160512.0
scroll,vanilla,learner_examples_processed,1357204345,160512.0
scroll,vanilla,learner_examples_processed,1758462037,160512.0
scroll,vanilla,learner_examples_processed,748737880,160512.0
scroll,vanilla,learner_examples_processed,1611510062,160512.0
scroll,vanilla,learner_examples_processed,333205446,160512.0
scroll,vanilla,learner_examples_processed,130501536,160512.0
scroll,vanilla,learner_examples_processed,492612040,160512.0
scroll,vanilla,total_model_examples_processed,2101606466,120512.0
scroll,vanilla,total_model_examples_processed,1872839281,120512.0
scroll,vanilla,total_model_examples_processed,637029796,120512.0
scroll,vanilla,total_model_examples_processed,1357204345,120512.0
scroll,vanilla,total_model_examples_processed,1758462037,120512.0
scroll,vanilla,total_model_examples_processed,748737880,120512.0
scroll,vanilla,total_model_examples_processed,1611510062,120512.0
scroll,vanilla,total_model_examples_processed,333205446,120512.0
scroll,vanilla,total_model_examples_processed,130501536,120512.0
scroll,vanilla,total_model_examples_processed,492612040,120512.0
scroll,vanilla,estimated_total_flops,2101606466,4945033934971.0
scroll,vanilla,estimated_total_flops,1872839281,4945033934971.0
scroll,vanilla,estimated_total_flops,637029796,4945033934971.0
scroll,vanilla,estimated_total_flops,1357204345,4945033934971.0
scroll,vanilla,estimated_total_flops,1758462037,4945033934971.0
scroll,vanilla,estimated_total_flops,748737880,4945033934971.0
scroll,vanilla,estimated_total_flops,1611510062,4945033934971.0
scroll,vanilla,estimated_total_flops,333205446,4945033934971.0
scroll,vanilla,estimated_total_flops,130501536,4945033934971.0
scroll,vanilla,estimated_total_flops,492612040,4945033934971.0
scroll,vanilla,estimated_overhead_flops,2101606466,-5368792965.0
scroll,vanilla,estimated_overhead_flops,1872839281,-5368792965.0
scroll,vanilla,estimated_overhead_flops,637029796,-5368792965.0
scroll,vanilla,estimated_overhead_flops,1357204345,-5368792965.0
scroll,vanilla,estimated_overhead_flops,1758462037,-5368792965.0
scroll,vanilla,estimated_overhead_flops,748737880,-5368792965.0
scroll,vanilla,estimated_overhead_flops,1611510062,-5368792965.0
scroll,vanilla,estimated_overhead_flops,333205446,-5368792965.0
scroll,vanilla,estimated_overhead_flops,130501536,-5368792965.0
scroll,vanilla,estimated_overhead_flops,492612040,-5368792965.0
scroll,vanilla,replay_memory_bytes,2101606466,-2459200.0
scroll,vanilla,replay_memory_bytes,1872839281,-2459200.0
scroll,vanilla,replay_memory_bytes,637029796,-2459200.0
scroll,vanilla,replay_memory_bytes,1357204345,-2459200.0
scroll,vanilla,replay_memory_bytes,1758462037,-2459200.0
scroll,vanilla,replay_memory_bytes,748737880,-2459200.0
scroll,vanilla,replay_memory_bytes,1611510062,-2459200.0
scroll,vanilla,replay_memory_bytes,333205446,-2459200.0
scroll,vanilla,replay_memory_bytes,130501536,-2459200.0
scroll,vanilla,replay_memory_bytes,492612040,-2459200.0
scroll,vanilla,stored_logits_bytes,2101606466,0.0
scroll,vanilla,stored_logits_bytes,1872839281,0.0
scroll,vanilla,stored_logits_bytes,637029796,0.0
scroll,vanilla,stored_logits_bytes,1357204345,0.0
scroll,vanilla,stored_logits_bytes,1758462037,0.0
scroll,vanilla,stored_logits_bytes,748737880,0.0
scroll,vanilla,stored_logits_bytes,1611510062,0.0
scroll,vanilla,stored_logits_bytes,333205446,0.0
scroll,vanilla,stored_logits_bytes,130501536,0.0
scroll,vanilla,stored_logits_bytes,492612040,0.0
scroll,slowheat_none,final_average_accuracy,2101606466,-0.13579999999999998
scroll,slowheat_none,final_average_accuracy,1872839281,-0.1457
scroll,slowheat_none,final_average_accuracy,637029796,-0.14
scroll,slowheat_none,final_average_accuracy,1357204345,-0.1565
scroll,slowheat_none,final_average_accuracy,1758462037,-0.14030000000000004
scroll,slowheat_none,final_average_accuracy,748737880,-0.13890000000000002
scroll,slowheat_none,final_average_accuracy,1611510062,-0.12490000000000001
scroll,slowheat_none,final_average_accuracy,333205446,-0.1474
scroll,slowheat_none,final_average_accuracy,130501536,-0.10700000000000001
scroll,slowheat_none,final_average_accuracy,492612040,-0.15390000000000004
scroll,slowheat_none,average_forgetting,2101606466,0.6957500000000001
scroll,slowheat_none,average_forgetting,1872839281,0.5645
scroll,slowheat_none,average_forgetting,637029796,0.696625
scroll,slowheat_none,average_forgetting,1357204345,0.6087499999999999
scroll,slowheat_none,average_forgetting,1758462037,0.60225
scroll,slowheat_none,average_forgetting,748737880,0.55625
scroll,slowheat_none,average_forgetting,1611510062,0.555125
scroll,slowheat_none,average_forgetting,333205446,0.6542500000000001
scroll,slowheat_none,average_forgetting,130501536,0.651
scroll,slowheat_none,average_forgetting,492612040,0.617875
scroll,slowheat_none,backward_transfer,2101606466,-0.7355
scroll,slowheat_none,backward_transfer,1872839281,-0.689375
scroll,slowheat_none,backward_transfer,637029796,-0.8340000000000001
scroll,slowheat_none,backward_transfer,1357204345,-0.6483749999999999
scroll,slowheat_none,backward_transfer,1758462037,-0.6284999999999998
scroll,slowheat_none,backward_transfer,748737880,-0.6245
scroll,slowheat_none,backward_transfer,1611510062,-0.6501250000000001
scroll,slowheat_none,backward_transfer,333205446,-0.8426250000000001
scroll,slowheat_none,backward_transfer,130501536,-0.692
scroll,slowheat_none,backward_transfer,492612040,-0.6812499999999999
scroll,slowheat_none,forward_transfer,2101606466,0.078625
scroll,slowheat_none,forward_transfer,1872839281,0.06087500000000001
scroll,slowheat_none,forward_transfer,637029796,0.040749999999999995
scroll,slowheat_none,forward_transfer,1357204345,0.000125000000000014
scroll,slowheat_none,forward_transfer,1758462037,0.07962500000000002
scroll,slowheat_none,forward_transfer,748737880,0.10249999999999998
scroll,slowheat_none,forward_transfer,1611510062,0.006125000000000019
scroll,slowheat_none,forward_transfer,333205446,0.11574999999999999
scroll,slowheat_none,forward_transfer,130501536,0.0
scroll,slowheat_none,forward_transfer,492612040,0.089
scroll,slowheat_none,task_aware_final_accuracy,2101606466,-0.08789999999999998
scroll,slowheat_none,task_aware_final_accuracy,1872839281,-0.0737000000000001
scroll,slowheat_none,task_aware_final_accuracy,637029796,-0.07190000000000019
scroll,slowheat_none,task_aware_final_accuracy,1357204345,-0.14760000000000006
scroll,slowheat_none,task_aware_final_accuracy,1758462037,-0.10509999999999997
scroll,slowheat_none,task_aware_final_accuracy,748737880,-0.1732999999999999
scroll,slowheat_none,task_aware_final_accuracy,1611510062,-0.07339999999999991
scroll,slowheat_none,task_aware_final_accuracy,333205446,-0.08089999999999997
scroll,slowheat_none,task_aware_final_accuracy,130501536,-0.1019000000000001
scroll,slowheat_none,task_aware_final_accuracy,492612040,-0.12370000000000014
scroll,slowheat_none,task_aware_forgetting,2101606466,0.21787499999999999
scroll,slowheat_none,task_aware_forgetting,1872839281,0.22762500000000002
scroll,slowheat_none,task_aware_forgetting,637029796,0.24850000000000005
scroll,slowheat_none,task_aware_forgetting,1357204345,0.29537499999999994
scroll,slowheat_none,task_aware_forgetting,1758462037,0.26725
scroll,slowheat_none,task_aware_forgetting,748737880,0.33925
scroll,slowheat_none,task_aware_forgetting,1611510062,0.24587499999999993
scroll,slowheat_none,task_aware_forgetting,333205446,0.20350000000000001
scroll,slowheat_none,task_aware_forgetting,130501536,0.26424999999999993
scroll,slowheat_none,task_aware_forgetting,492612040,0.28800000000000003
scroll,slowheat_none,classifier_gap,2101606466,0.0479
scroll,slowheat_none,classifier_gap,1872839281,0.0719999999999999
scroll,slowheat_none,classifier_gap,637029796,0.06809999999999983
scroll,slowheat_none,classifier_gap,1357204345,0.008899999999999908
scroll,slowheat_none,classifier_gap,1758462037,0.035200000000000065
scroll,slowheat_none,classifier_gap,748737880,-0.034399999999999875
scroll,slowheat_none,classifier_gap,1611510062,0.0515000000000001
scroll,slowheat_none,classifier_gap,333205446,0.06650000000000006
scroll,slowheat_none,classifier_gap,130501536,0.005099999999999882
scroll,slowheat_none,classifier_gap,492612040,0.030199999999999894
scroll,slowheat_none,elapsed_seconds,2101606466,10.322434425994288
scroll,slowheat_none,elapsed_seconds,1872839281,10.261926944018342
scroll,slowheat_none,elapsed_seconds,637029796,10.216774647939019
scroll,slowheat_none,elapsed_seconds,1357204345,9.477795695012901
scroll,slowheat_none,elapsed_seconds,1758462037,10.265531843004283
scroll,slowheat_none,elapsed_seconds,748737880,10.031157004006673
scroll,slowheat_none,elapsed_seconds,1611510062,10.320540460001212
scroll,slowheat_none,elapsed_seconds,333205446,9.544035900966264
scroll,slowheat_none,elapsed_seconds,130501536,10.245760683028493
scroll,slowheat_none,elapsed_seconds,492612040,10.322552873985842
scroll,slowheat_none,learner_examples_processed,2101606466,160512.0
scroll,slowheat_none,learner_examples_processed,1872839281,160512.0
scroll,slowheat_none,learner_examples_processed,637029796,160512.0
scroll,slowheat_none,learner_examples_processed,1357204345,160512.0
scroll,slowheat_none,learner_examples_processed,1758462037,160512.0
scroll,slowheat_none,learner_examples_processed,748737880,160512.0
scroll,slowheat_none,learner_examples_processed,1611510062,160512.0
scroll,slowheat_none,learner_examples_processed,333205446,160512.0
scroll,slowheat_none,learner_examples_processed,130501536,160512.0
scroll,slowheat_none,learner_examples_processed,492612040,160512.0
scroll,slowheat_none,total_model_examples_processed,2101606466,120512.0
scroll,slowheat_none,total_model_examples_processed,1872839281,120512.0
scroll,slowheat_none,total_model_examples_processed,637029796,120512.0
scroll,slowheat_none,total_model_examples_processed,1357204345,120512.0
scroll,slowheat_none,total_model_examples_processed,1758462037,120512.0
scroll,slowheat_none,total_model_examples_processed,748737880,120512.0
scroll,slowheat_none,total_model_examples_processed,1611510062,120512.0
scroll,slowheat_none,total_model_examples_processed,333205446,120512.0
scroll,slowheat_none,total_model_examples_processed,130501536,120512.0
scroll,slowheat_none,total_model_examples_processed,492612040,120512.0
scroll,slowheat_none,estimated_total_flops,2101606466,4945154003521.0
scroll,slowheat_none,estimated_total_flops,1872839281,4945154003521.0
scroll,slowheat_none,estimated_total_flops,637029796,4945154003521.0
scroll,slowheat_none,estimated_total_flops,1357204345,4945154003521.0
scroll,slowheat_none,estimated_total_flops,1758462037,4945154003521.0
scroll,slowheat_none,estimated_total_flops,748737880,4945154003521.0
scroll,slowheat_none,estimated_total_flops,1611510062,4945154003521.0
scroll,slowheat_none,estimated_total_flops,333205446,4945154003521.0
scroll,slowheat_none,estimated_total_flops,130501536,4945154003521.0
scroll,slowheat_none,estimated_total_flops,492612040,4945154003521.0
scroll,slowheat_none,estimated_overhead_flops,2101606466,-5248724415.0
scroll,slowheat_none,estimated_overhead_flops,1872839281,-5248724415.0
scroll,slowheat_none,estimated_overhead_flops,637029796,-5248724415.0
scroll,slowheat_none,estimated_overhead_flops,1357204345,-5248724415.0
scroll,slowheat_none,estimated_overhead_flops,1758462037,-5248724415.0
scroll,slowheat_none,estimated_overhead_flops,748737880,-5248724415.0
scroll,slowheat_none,estimated_overhead_flops,1611510062,-5248724415.0
scroll,slowheat_none,estimated_overhead_flops,333205446,-5248724415.0
scroll,slowheat_none,estimated_overhead_flops,130501536,-5248724415.0
scroll,slowheat_none,estimated_overhead_flops,492612040,-5248724415.0
scroll,slowheat_none,replay_memory_bytes,2101606466,-2459200.0
scroll,slowheat_none,replay_memory_bytes,1872839281,-2459200.0
scroll,slowheat_none,replay_memory_bytes,637029796,-2459200.0
scroll,slowheat_none,replay_memory_bytes,1357204345,-2459200.0
scroll,slowheat_none,replay_memory_bytes,1758462037,-2459200.0
scroll,slowheat_none,replay_memory_bytes,748737880,-2459200.0
scroll,slowheat_none,replay_memory_bytes,1611510062,-2459200.0
scroll,slowheat_none,replay_memory_bytes,333205446,-2459200.0
scroll,slowheat_none,replay_memory_bytes,130501536,-2459200.0
scroll,slowheat_none,replay_memory_bytes,492612040,-2459200.0
scroll,slowheat_none,stored_logits_bytes,2101606466,0.0
scroll,slowheat_none,stored_logits_bytes,1872839281,0.0
scroll,slowheat_none,stored_logits_bytes,637029796,0.0
scroll,slowheat_none,stored_logits_bytes,1357204345,0.0
scroll,slowheat_none,stored_logits_bytes,1758462037,0.0
scroll,slowheat_none,stored_logits_bytes,748737880,0.0
scroll,slowheat_none,stored_logits_bytes,1611510062,0.0
scroll,slowheat_none,stored_logits_bytes,333205446,0.0
scroll,slowheat_none,stored_logits_bytes,130501536,0.0
scroll,slowheat_none,stored_logits_bytes,492612040,0.0
scroll,slowheat_unidirectional,final_average_accuracy,2101606466,-0.1414
scroll,slowheat_unidirectional,final_average_accuracy,1872839281,-0.1517
scroll,slowheat_unidirectional,final_average_accuracy,637029796,-0.1491
scroll,slowheat_unidirectional,final_average_accuracy,1357204345,-0.1624
scroll,slowheat_unidirectional,final_average_accuracy,1758462037,-0.14
scroll,slowheat_unidirectional,final_average_accuracy,748737880,-0.1448
scroll,slowheat_unidirectional,final_average_accuracy,1611510062,-0.1383
scroll,slowheat_unidirectional,final_average_accuracy,333205446,-0.14790000000000003
scroll,slowheat_unidirectional,final_average_accuracy,130501536,-0.10770000000000002
scroll,slowheat_unidirectional,final_average_accuracy,492612040,-0.15520000000000003
scroll,slowheat_unidirectional,average_forgetting,2101606466,0.6707500000000002
scroll,slowheat_unidirectional,average_forgetting,1872839281,0.531375
scroll,slowheat_unidirectional,average_forgetting,637029796,0.6696249999999999
scroll,slowheat_unidirectional,average_forgetting,1357204345,0.585375
scroll,slowheat_unidirectional,average_forgetting,1758462037,0.57125
scroll,slowheat_unidirectional,average_forgetting,748737880,0.518
scroll,slowheat_unidirectional,average_forgetting,1611510062,0.5402499999999999
scroll,slowheat_unidirectional,average_forgetting,333205446,0.626375
scroll,slowheat_unidirectional,average_forgetting,130501536,0.6341249999999999
scroll,slowheat_unidirectional,average_forgetting,492612040,0.595
scroll,slowheat_unidirectional,backward_transfer,2101606466,-0.7105000000000001
scroll,slowheat_unidirectional,backward_transfer,1872839281,-0.65625
scroll,slowheat_unidirectional,backward_transfer,637029796,-0.8069999999999999
scroll,slowheat_unidirectional,backward_transfer,1357204345,-0.625
scroll,slowheat_unidirectional,backward_transfer,1758462037,-0.5974999999999999
scroll,slowheat_unidirectional,backward_transfer,748737880,-0.5862499999999999
scroll,slowheat_unidirectional,backward_transfer,1611510062,-0.6352499999999999
scroll,slowheat_unidirectional,backward_transfer,333205446,-0.81475
scroll,slowheat_unidirectional,backward_transfer,130501536,-0.675125
scroll,slowheat_unidirectional,backward_transfer,492612040,-0.6583749999999999
scroll,slowheat_unidirectional,forward_transfer,2101606466,0.07837500000000003
scroll,slowheat_unidirectional,forward_transfer,1872839281,0.06175
scroll,slowheat_unidirectional,forward_transfer,637029796,0.039624999999999994
scroll,slowheat_unidirectional,forward_transfer,1357204345,0.0
scroll,slowheat_unidirectional,forward_transfer,1758462037,0.07987500000000002
scroll,slowheat_unidirectional,forward_transfer,748737880,0.102625
scroll,slowheat_unidirectional,forward_transfer,1611510062,0.006250000000000033
scroll,slowheat_unidirectional,forward_transfer,333205446,0.11587499999999999
scroll,slowheat_unidirectional,forward_transfer,130501536,0.0
scroll,slowheat_unidirectional,forward_transfer,492612040,0.08925
scroll,slowheat_unidirectional,task_aware_final_accuracy,2101606466,-0.09219999999999995
scroll,slowheat_unidirectional,task_aware_final_accuracy,1872839281,-0.17100000000000015
scroll,slowheat_unidirectional,task_aware_final_accuracy,637029796,-0.13170000000000015
scroll,slowheat_unidirectional,task_aware_final_accuracy,1357204345,-0.13929999999999998
scroll,slowheat_unidirectional,task_aware_final_accuracy,1758462037,-0.14549999999999996
scroll,slowheat_unidirectional,task_aware_final_accuracy,748737880,-0.16849999999999987
scroll,slowheat_unidirectional,task_aware_final_accuracy,1611510062,-0.1412
scroll,slowheat_unidirectional,task_aware_final_accuracy,333205446,-0.11059999999999992
scroll,slowheat_unidirectional,task_aware_final_accuracy,130501536,-0.1331
scroll,slowheat_unidirectional,task_aware_final_accuracy,492612040,-0.07890000000000019
scroll,slowheat_unidirectional,task_aware_forgetting,2101606466,0.19124999999999998
scroll,slowheat_unidirectional,task_aware_forgetting,1872839281,0.30862500000000004
scroll,slowheat_unidirectional,task_aware_forgetting,637029796,0.284875
scroll,slowheat_unidirectional,task_aware_forgetting,1357204345,0.25425
scroll,slowheat_unidirectional,task_aware_forgetting,1758462037,0.2871250000000001
scroll,slowheat_unidirectional,task_aware_forgetting,748737880,0.287625
scroll,slowheat_unidirectional,task_aware_forgetting,1611510062,0.29900000000000004
scroll,slowheat_unidirectional,task_aware_forgetting,333205446,0.212125
scroll,slowheat_unidirectional,task_aware_forgetting,130501536,0.2854999999999999
scroll,slowheat_unidirectional,task_aware_forgetting,492612040,0.20750000000000007
scroll,slowheat_unidirectional,classifier_gap,2101606466,0.04920000000000002
scroll,slowheat_unidirectional,classifier_gap,1872839281,-0.01930000000000015
scroll,slowheat_unidirectional,classifier_gap,637029796,0.01739999999999986
scroll,slowheat_unidirectional,classifier_gap,1357204345,0.02310000000000001
scroll,slowheat_unidirectional,classifier_gap,1758462037,-0.005499999999999949
scroll,slowheat_unidirectional,classifier_gap,748737880,-0.023699999999999888
scroll,slowheat_unidirectional,classifier_gap,1611510062,-0.0029000000000000137
scroll,slowheat_unidirectional,classifier_gap,333205446,0.03730000000000011
scroll,slowheat_unidirectional,classifier_gap,130501536,-0.025399999999999978
scroll,slowheat_unidirectional,classifier_gap,492612040,0.07629999999999987
scroll,slowheat_unidirectional,elapsed_seconds,2101606466,9.752106550964527
scroll,slowheat_unidirectional,elapsed_seconds,1872839281,9.792636106023565
scroll,slowheat_unidirectional,elapsed_seconds,637029796,9.679036185902078
scroll,slowheat_unidirectional,elapsed_seconds,1357204345,9.050441519008018
scroll,slowheat_unidirectional,elapsed_seconds,1758462037,9.807226819975767
scroll,slowheat_unidirectional,elapsed_seconds,748737880,9.155044667015318
scroll,slowheat_unidirectional,elapsed_seconds,1611510062,9.84434480802156
scroll,slowheat_unidirectional,elapsed_seconds,333205446,9.115759298962075
scroll,slowheat_unidirectional,elapsed_seconds,130501536,9.812760383007117
scroll,slowheat_unidirectional,elapsed_seconds,492612040,9.937323243997525
scroll,slowheat_unidirectional,learner_examples_processed,2101606466,160512.0
scroll,slowheat_unidirectional,learner_examples_processed,1872839281,160512.0
scroll,slowheat_unidirectional,learner_examples_processed,637029796,160512.0
scroll,slowheat_unidirectional,learner_examples_processed,1357204345,160512.0
scroll,slowheat_unidirectional,learner_examples_processed,1758462037,160512.0
scroll,slowheat_unidirectional,learner_examples_processed,748737880,160512.0
scroll,slowheat_unidirectional,learner_examples_processed,1611510062,160512.0
scroll,slowheat_unidirectional,learner_examples_processed,333205446,160512.0
scroll,slowheat_unidirectional,learner_examples_processed,130501536,160512.0
scroll,slowheat_unidirectional,learner_examples_processed,492612040,160512.0
scroll,slowheat_unidirectional,total_model_examples_processed,2101606466,120512.0
scroll,slowheat_unidirectional,total_model_examples_processed,1872839281,120512.0
scroll,slowheat_unidirectional,total_model_examples_processed,637029796,120512.0
scroll,slowheat_unidirectional,total_model_examples_processed,1357204345,120512.0
scroll,slowheat_unidirectional,total_model_examples_processed,1758462037,120512.0
scroll,slowheat_unidirectional,total_model_examples_processed,748737880,120512.0
scroll,slowheat_unidirectional,total_model_examples_processed,1611510062,120512.0
scroll,slowheat_unidirectional,total_model_examples_processed,333205446,120512.0
scroll,slowheat_unidirectional,total_model_examples_processed,130501536,120512.0
scroll,slowheat_unidirectional,total_model_examples_processed,492612040,120512.0
scroll,slowheat_unidirectional,estimated_total_flops,2101606466,4945154006441.0
scroll,slowheat_unidirectional,estimated_total_flops,1872839281,4945154006441.0
scroll,slowheat_unidirectional,estimated_total_flops,637029796,4945154006441.0
scroll,slowheat_unidirectional,estimated_total_flops,1357204345,4945154006441.0
scroll,slowheat_unidirectional,estimated_total_flops,1758462037,4945154006441.0
scroll,slowheat_unidirectional,estimated_total_flops,748737880,4945154006441.0
scroll,slowheat_unidirectional,estimated_total_flops,1611510062,4945154006441.0
scroll,slowheat_unidirectional,estimated_total_flops,333205446,4945154006441.0
scroll,slowheat_unidirectional,estimated_total_flops,130501536,4945154006441.0
scroll,slowheat_unidirectional,estimated_total_flops,492612040,4945154006441.0
scroll,slowheat_unidirectional,estimated_overhead_flops,2101606466,-5248721495.0
scroll,slowheat_unidirectional,estimated_overhead_flops,1872839281,-5248721495.0
scroll,slowheat_unidirectional,estimated_overhead_flops,637029796,-5248721495.0
scroll,slowheat_unidirectional,estimated_overhead_flops,1357204345,-5248721495.0
scroll,slowheat_unidirectional,estimated_overhead_flops,1758462037,-5248721495.0
scroll,slowheat_unidirectional,estimated_overhead_flops,748737880,-5248721495.0
scroll,slowheat_unidirectional,estimated_overhead_flops,1611510062,-5248721495.0
scroll,slowheat_unidirectional,estimated_overhead_flops,333205446,-5248721495.0
scroll,slowheat_unidirectional,estimated_overhead_flops,130501536,-5248721495.0
scroll,slowheat_unidirectional,estimated_overhead_flops,492612040,-5248721495.0
scroll,slowheat_unidirectional,replay_memory_bytes,2101606466,-2459200.0
scroll,slowheat_unidirectional,replay_memory_bytes,1872839281,-2459200.0
scroll,slowheat_unidirectional,replay_memory_bytes,637029796,-2459200.0
scroll,slowheat_unidirectional,replay_memory_bytes,1357204345,-2459200.0
scroll,slowheat_unidirectional,replay_memory_bytes,1758462037,-2459200.0
scroll,slowheat_unidirectional,replay_memory_bytes,748737880,-2459200.0
scroll,slowheat_unidirectional,replay_memory_bytes,1611510062,-2459200.0
scroll,slowheat_unidirectional,replay_memory_bytes,333205446,-2459200.0
scroll,slowheat_unidirectional,replay_memory_bytes,130501536,-2459200.0
scroll,slowheat_unidirectional,replay_memory_bytes,492612040,-2459200.0
scroll,slowheat_unidirectional,stored_logits_bytes,2101606466,0.0
scroll,slowheat_unidirectional,stored_logits_bytes,1872839281,0.0
scroll,slowheat_unidirectional,stored_logits_bytes,637029796,0.0
scroll,slowheat_unidirectional,stored_logits_bytes,1357204345,0.0
scroll,slowheat_unidirectional,stored_logits_bytes,1758462037,0.0
scroll,slowheat_unidirectional,stored_logits_bytes,748737880,0.0
scroll,slowheat_unidirectional,stored_logits_bytes,1611510062,0.0
scroll,slowheat_unidirectional,stored_logits_bytes,333205446,0.0
scroll,slowheat_unidirectional,stored_logits_bytes,130501536,0.0
scroll,slowheat_unidirectional,stored_logits_bytes,492612040,0.0
scroll,slowheat,final_average_accuracy,2101606466,-0.16319999999999998
scroll,slowheat,final_average_accuracy,1872839281,-0.1646
scroll,slowheat,final_average_accuracy,637029796,-0.15660000000000002
scroll,slowheat,final_average_accuracy,1357204345,-0.16979999999999998
scroll,slowheat,final_average_accuracy,1758462037,-0.14800000000000002
scroll,slowheat,final_average_accuracy,748737880,-0.1572
scroll,slowheat,final_average_accuracy,1611510062,-0.15560000000000002
scroll,slowheat,final_average_accuracy,333205446,-0.15460000000000002
scroll,slowheat,final_average_accuracy,130501536,-0.12200000000000003
scroll,slowheat,final_average_accuracy,492612040,-0.1673
scroll,slowheat,average_forgetting,2101606466,0.6265000000000001
scroll,slowheat,average_forgetting,1872839281,0.509125
scroll,slowheat,average_forgetting,637029796,0.633
scroll,slowheat,average_forgetting,1357204345,0.550375
scroll,slowheat,average_forgetting,1758462037,0.554125
scroll,slowheat,average_forgetting,748737880,0.50425
scroll,slowheat,average_forgetting,1611510062,0.5006249999999999
scroll,slowheat,average_forgetting,333205446,0.597125
scroll,slowheat,average_forgetting,130501536,0.598
scroll,slowheat,average_forgetting,492612040,0.5502499999999999
scroll,slowheat,backward_transfer,2101606466,-0.66625
scroll,slowheat,backward_transfer,1872839281,-0.634
scroll,slowheat,backward_transfer,637029796,-0.770375
scroll,slowheat,backward_transfer,1357204345,-0.59
scroll,slowheat,backward_transfer,1758462037,-0.5803749999999999
scroll,slowheat,backward_transfer,748737880,-0.5725
scroll,slowheat,backward_transfer,1611510062,-0.5956249999999998
scroll,slowheat,backward_transfer,333205446,-0.7855
scroll,slowheat,backward_transfer,130501536,-0.639
scroll,slowheat,backward_transfer,492612040,-0.6136249999999999
scroll,slowheat,forward_transfer,2101606466,0.07837500000000003
scroll,slowheat,forward_transfer,1872839281,0.062124999999999986
scroll,slowheat,forward_transfer,637029796,0.040749999999999995
scroll,slowheat,forward_transfer,1357204345,0.000125000000000014
scroll,slowheat,forward_transfer,1758462037,0.07912500000000001
scroll,slowheat,forward_transfer,748737880,0.10125
scroll,slowheat,forward_transfer,1611510062,0.0063750000000000195
scroll,slowheat,forward_transfer,333205446,0.11574999999999999
scroll,slowheat,forward_transfer,130501536,0.0
scroll,slowheat,forward_transfer,492612040,0.08912500000000001
scroll,slowheat,task_aware_final_accuracy,2101606466,-0.1674
scroll,slowheat,task_aware_final_accuracy,1872839281,-0.16870000000000007
scroll,slowheat,task_aware_final_accuracy,637029796,-0.13800000000000012
scroll,slowheat,task_aware_final_accuracy,1357204345,-0.1713
scroll,slowheat,task_aware_final_accuracy,1758462037,-0.15339999999999998
scroll,slowheat,task_aware_final_accuracy,748737880,-0.1864999999999999
scroll,slowheat,task_aware_final_accuracy,1611510062,-0.1834
scroll,slowheat,task_aware_final_accuracy,333205446,-0.1379999999999999
scroll,slowheat,task_aware_final_accuracy,130501536,-0.19540000000000002
scroll,slowheat,task_aware_final_accuracy,492612040,-0.17300000000000004
scroll,slowheat,task_aware_forgetting,2101606466,0.21375
scroll,slowheat,task_aware_forgetting,1872839281,0.26737500000000003
scroll,slowheat,task_aware_forgetting,637029796,0.24675000000000002
scroll,slowheat,task_aware_forgetting,1357204345,0.25
scroll,slowheat,task_aware_forgetting,1758462037,0.2698750000000001
scroll,slowheat,task_aware_forgetting,748737880,0.280875
scroll,slowheat,task_aware_forgetting,1611510062,0.2905
scroll,slowheat,task_aware_forgetting,333205446,0.20875
scroll,slowheat,task_aware_forgetting,130501536,0.309375
scroll,slowheat,task_aware_forgetting,492612040,0.2652500000000001
scroll,slowheat,classifier_gap,2101606466,-0.0041999999999999815
scroll,slowheat,classifier_gap,1872839281,-0.0041000000000001036
scroll,slowheat,classifier_gap,637029796,0.018599999999999894
scroll,slowheat,classifier_gap,1357204345,-0.0015000000000000568
scroll,slowheat,classifier_gap,1758462037,-0.00539999999999996
scroll,slowheat,classifier_gap,748737880,-0.02929999999999988
scroll,slowheat,classifier_gap,1611510062,-0.02779999999999999
scroll,slowheat,classifier_gap,333205446,0.016600000000000115
scroll,slowheat,classifier_gap,130501536,-0.07340000000000002
scroll,slowheat,classifier_gap,492612040,-0.005700000000000038
scroll,slowheat,elapsed_seconds,2101606466,10.241813967993949
scroll,slowheat,elapsed_seconds,1872839281,10.294123404019047
scroll,slowheat,elapsed_seconds,637029796,10.292954486911185
scroll,slowheat,elapsed_seconds,1357204345,9.894825441006105
scroll,slowheat,elapsed_seconds,1758462037,10.26987492799526
scroll,slowheat,elapsed_seconds,748737880,9.682358727033716
scroll,slowheat,elapsed_seconds,1611510062,10.306592236971483
scroll,slowheat,elapsed_seconds,333205446,9.570368843968026
scroll,slowheat,elapsed_seconds,130501536,10.244171646074392
scroll,slowheat,elapsed_seconds,492612040,10.307122662954498
scroll,slowheat,learner_examples_processed,2101606466,160512.0
scroll,slowheat,learner_examples_processed,1872839281,160512.0
scroll,slowheat,learner_examples_processed,637029796,160512.0
scroll,slowheat,learner_examples_processed,1357204345,160512.0
scroll,slowheat,learner_examples_processed,1758462037,160512.0
scroll,slowheat,learner_examples_processed,748737880,160512.0
scroll,slowheat,learner_examples_processed,1611510062,160512.0
scroll,slowheat,learner_examples_processed,333205446,160512.0
scroll,slowheat,learner_examples_processed,130501536,160512.0
scroll,slowheat,learner_examples_processed,492612040,160512.0
scroll,slowheat,total_model_examples_processed,2101606466,120512.0
scroll,slowheat,total_model_examples_processed,1872839281,120512.0
scroll,slowheat,total_model_examples_processed,637029796,120512.0
scroll,slowheat,total_model_examples_processed,1357204345,120512.0
scroll,slowheat,total_model_examples_processed,1758462037,120512.0
scroll,slowheat,total_model_examples_processed,748737880,120512.0
scroll,slowheat,total_model_examples_processed,1611510062,120512.0
scroll,slowheat,total_model_examples_processed,333205446,120512.0
scroll,slowheat,total_model_examples_processed,130501536,120512.0
scroll,slowheat,total_model_examples_processed,492612040,120512.0
scroll,slowheat,estimated_total_flops,2101606466,4945154006441.0
scroll,slowheat,estimated_total_flops,1872839281,4945154006441.0
scroll,slowheat,estimated_total_flops,637029796,4945154006441.0
scroll,slowheat,estimated_total_flops,1357204345,4945154006441.0
scroll,slowheat,estimated_total_flops,1758462037,4945154006441.0
scroll,slowheat,estimated_total_flops,748737880,4945154006441.0
scroll,slowheat,estimated_total_flops,1611510062,4945154006441.0
scroll,slowheat,estimated_total_flops,333205446,4945154006441.0
scroll,slowheat,estimated_total_flops,130501536,4945154006441.0
scroll,slowheat,estimated_total_flops,492612040,4945154006441.0
scroll,slowheat,estimated_overhead_flops,2101606466,-5248721495.0
scroll,slowheat,estimated_overhead_flops,1872839281,-5248721495.0
scroll,slowheat,estimated_overhead_flops,637029796,-5248721495.0
scroll,slowheat,estimated_overhead_flops,1357204345,-5248721495.0
scroll,slowheat,estimated_overhead_flops,1758462037,-5248721495.0
scroll,slowheat,estimated_overhead_flops,748737880,-5248721495.0
scroll,slowheat,estimated_overhead_flops,1611510062,-5248721495.0
scroll,slowheat,estimated_overhead_flops,333205446,-5248721495.0
scroll,slowheat,estimated_overhead_flops,130501536,-5248721495.0
scroll,slowheat,estimated_overhead_flops,492612040,-5248721495.0
scroll,slowheat,replay_memory_bytes,2101606466,-2459200.0
scroll,slowheat,replay_memory_bytes,1872839281,-2459200.0
scroll,slowheat,replay_memory_bytes,637029796,-2459200.0
scroll,slowheat,replay_memory_bytes,1357204345,-2459200.0
scroll,slowheat,replay_memory_bytes,1758462037,-2459200.0
scroll,slowheat,replay_memory_bytes,748737880,-2459200.0
scroll,slowheat,replay_memory_bytes,1611510062,-2459200.0
scroll,slowheat,replay_memory_bytes,333205446,-2459200.0
scroll,slowheat,replay_memory_bytes,130501536,-2459200.0
scroll,slowheat,replay_memory_bytes,492612040,-2459200.0
scroll,slowheat,stored_logits_bytes,2101606466,0.0
scroll,slowheat,stored_logits_bytes,1872839281,0.0
scroll,slowheat,stored_logits_bytes,637029796,0.0
scroll,slowheat,stored_logits_bytes,1357204345,0.0
scroll,slowheat,stored_logits_bytes,1758462037,0.0
scroll,slowheat,stored_logits_bytes,748737880,0.0
scroll,slowheat,stored_logits_bytes,1611510062,0.0
scroll,slowheat,stored_logits_bytes,333205446,0.0
scroll,slowheat,stored_logits_bytes,130501536,0.0
scroll,slowheat,stored_logits_bytes,492612040,0.0
scroll,hard_freeze,final_average_accuracy,2101606466,-0.1601
scroll,hard_freeze,final_average_accuracy,1872839281,-0.1676
scroll,hard_freeze,final_average_accuracy,637029796,-0.15810000000000002
scroll,hard_freeze,final_average_accuracy,1357204345,-0.18539999999999998
scroll,hard_freeze,final_average_accuracy,1758462037,-0.15880000000000005
scroll,hard_freeze,final_average_accuracy,748737880,-0.1557
scroll,hard_freeze,final_average_accuracy,1611510062,-0.1592
scroll,hard_freeze,final_average_accuracy,333205446,-0.17200000000000001
scroll,hard_freeze,final_average_accuracy,130501536,-0.11000000000000001
scroll,hard_freeze,final_average_accuracy,492612040,-0.17070000000000002
scroll,hard_freeze,average_forgetting,2101606466,0.6319999999999999
scroll,hard_freeze,average_forgetting,1872839281,0.49750000000000005
scroll,hard_freeze,average_forgetting,637029796,0.6301249999999998
scroll,hard_freeze,average_forgetting,1357204345,0.5387500000000001
scroll,hard_freeze,average_forgetting,1758462037,0.533625
scroll,hard_freeze,average_forgetting,748737880,0.49375
scroll,hard_freeze,average_forgetting,1611510062,0.4931249999999999
scroll,hard_freeze,average_forgetting,333205446,0.582875
scroll,hard_freeze,average_forgetting,130501536,0.53125
scroll,hard_freeze,average_forgetting,492612040,0.5586249999999999
scroll,hard_freeze,backward_transfer,2101606466,-0.67175
scroll,hard_freeze,backward_transfer,1872839281,-0.622375
scroll,hard_freeze,backward_transfer,637029796,-0.7674999999999998
scroll,hard_freeze,backward_transfer,1357204345,-0.5783750000000001
scroll,hard_freeze,backward_transfer,1758462037,-0.5598749999999999
scroll,hard_freeze,backward_transfer,748737880,-0.562
scroll,hard_freeze,backward_transfer,1611510062,-0.588125
scroll,hard_freeze,backward_transfer,333205446,-0.77125
scroll,hard_freeze,backward_transfer,130501536,-0.5722499999999999
scroll,hard_freeze,backward_transfer,492612040,-0.6219999999999999
scroll,hard_freeze,forward_transfer,2101606466,0.07787500000000003
scroll,hard_freeze,forward_transfer,1872839281,0.061624999999999985
scroll,hard_freeze,forward_transfer,637029796,0.04324999999999998
scroll,hard_freeze,forward_transfer,1357204345,0.000125000000000014
scroll,hard_freeze,forward_transfer,1758462037,0.07962500000000002
scroll,hard_freeze,forward_transfer,748737880,0.10299999999999998
scroll,hard_freeze,forward_transfer,1611510062,0.006250000000000033
scroll,hard_freeze,forward_transfer,333205446,0.11587499999999999
scroll,hard_freeze,forward_transfer,130501536,0.0
scroll,hard_freeze,forward_transfer,492612040,0.08975
scroll,hard_freeze,task_aware_final_accuracy,2101606466,-0.13140000000000007
scroll,hard_freeze,task_aware_final_accuracy,1872839281,-0.15080000000000005
scroll,hard_freeze,task_aware_final_accuracy,637029796,-0.1371000000000001
scroll,hard_freeze,task_aware_final_accuracy,1357204345,-0.17569999999999997
scroll,hard_freeze,task_aware_final_accuracy,1758462037,-0.17009999999999992
scroll,hard_freeze,task_aware_final_accuracy,748737880,-0.12209999999999999
scroll,hard_freeze,task_aware_final_accuracy,1611510062,-0.1854
scroll,hard_freeze,task_aware_final_accuracy,333205446,-0.1399999999999999
scroll,hard_freeze,task_aware_final_accuracy,130501536,-0.1936
scroll,hard_freeze,task_aware_final_accuracy,492612040,-0.18380000000000007
scroll,hard_freeze,task_aware_forgetting,2101606466,0.18212499999999998
scroll,hard_freeze,task_aware_forgetting,1872839281,0.23525000000000007
scroll,hard_freeze,task_aware_forgetting,637029796,0.24087499999999995
scroll,hard_freeze,task_aware_forgetting,1357204345,0.22737500000000002
scroll,hard_freeze,task_aware_forgetting,1758462037,0.25675000000000003
scroll,hard_freeze,task_aware_forgetting,748737880,0.19175000000000003
scroll,hard_freeze,task_aware_forgetting,1611510062,0.28125
scroll,hard_freeze,task_aware_forgetting,333205446,0.17525000000000002
scroll,hard_freeze,task_aware_forgetting,130501536,0.25862499999999994
scroll,hard_freeze,task_aware_forgetting,492612040,0.282875
scroll,hard_freeze,classifier_gap,2101606466,0.028699999999999948
scroll,hard_freeze,classifier_gap,1872839281,0.016799999999999926
scroll,hard_freeze,classifier_gap,637029796,0.020999999999999908
scroll,hard_freeze,classifier_gap,1357204345,0.009700000000000042
scroll,hard_freeze,classifier_gap,1758462037,-0.011299999999999866
scroll,hard_freeze,classifier_gap,748737880,0.03360000000000002
scroll,hard_freeze,classifier_gap,1611510062,-0.0262
scroll,hard_freeze,classifier_gap,333205446,0.032000000000000084
scroll,hard_freeze,classifier_gap,130501536,-0.08360000000000001
scroll,hard_freeze,classifier_gap,492612040,-0.013100000000000056
scroll,hard_freeze,elapsed_seconds,2101606466,9.960756280983333
scroll,hard_freeze,elapsed_seconds,1872839281,9.828163401049096
scroll,hard_freeze,elapsed_seconds,637029796,10.25720749492757
scroll,hard_freeze,elapsed_seconds,1357204345,10.05504267901415
scroll,hard_freeze,elapsed_seconds,1758462037,10.023752442968544
scroll,hard_freeze,elapsed_seconds,748737880,9.441253228054848
scroll,hard_freeze,elapsed_seconds,1611510062,10.086486237996724
scroll,hard_freeze,elapsed_seconds,333205446,10.067913122999016
scroll,hard_freeze,elapsed_seconds,130501536,10.083756803069264
scroll,hard_freeze,elapsed_seconds,492612040,10.079191524942871
scroll,hard_freeze,learner_examples_processed,2101606466,160512.0
scroll,hard_freeze,learner_examples_processed,1872839281,160512.0
scroll,hard_freeze,learner_examples_processed,637029796,160512.0
scroll,hard_freeze,learner_examples_processed,1357204345,160512.0
scroll,hard_freeze,learner_examples_processed,1758462037,160512.0
scroll,hard_freeze,learner_examples_processed,748737880,160512.0
scroll,hard_freeze,learner_examples_processed,1611510062,160512.0
scroll,hard_freeze,learner_examples_processed,333205446,160512.0
scroll,hard_freeze,learner_examples_processed,130501536,160512.0
scroll,hard_freeze,learner_examples_processed,492612040,160512.0
scroll,hard_freeze,total_model_examples_processed,2101606466,120512.0
scroll,hard_freeze,total_model_examples_processed,1872839281,120512.0
scroll,hard_freeze,total_model_examples_processed,637029796,120512.0
scroll,hard_freeze,total_model_examples_processed,1357204345,120512.0
scroll,hard_freeze,total_model_examples_processed,1758462037,120512.0
scroll,hard_freeze,total_model_examples_processed,748737880,120512.0
scroll,hard_freeze,total_model_examples_processed,1611510062,120512.0
scroll,hard_freeze,total_model_examples_processed,333205446,120512.0
scroll,hard_freeze,total_model_examples_processed,130501536,120512.0
scroll,hard_freeze,total_model_examples_processed,492612040,120512.0
scroll,hard_freeze,estimated_total_flops,2101606466,4945154006441.0
scroll,hard_freeze,estimated_total_flops,1872839281,4945154006441.0
scroll,hard_freeze,estimated_total_flops,637029796,4945154006441.0
scroll,hard_freeze,estimated_total_flops,1357204345,4945154006441.0
scroll,hard_freeze,estimated_total_flops,1758462037,4945154006441.0
scroll,hard_freeze,estimated_total_flops,748737880,4945154006441.0
scroll,hard_freeze,estimated_total_flops,1611510062,4945154006441.0
scroll,hard_freeze,estimated_total_flops,333205446,4945154006441.0
scroll,hard_freeze,estimated_total_flops,130501536,4945154006441.0
scroll,hard_freeze,estimated_total_flops,492612040,4945154006441.0
scroll,hard_freeze,estimated_overhead_flops,2101606466,-5248721495.0
scroll,hard_freeze,estimated_overhead_flops,1872839281,-5248721495.0
scroll,hard_freeze,estimated_overhead_flops,637029796,-5248721495.0
scroll,hard_freeze,estimated_overhead_flops,1357204345,-5248721495.0
scroll,hard_freeze,estimated_overhead_flops,1758462037,-5248721495.0
scroll,hard_freeze,estimated_overhead_flops,748737880,-5248721495.0
scroll,hard_freeze,estimated_overhead_flops,1611510062,-5248721495.0
scroll,hard_freeze,estimated_overhead_flops,333205446,-5248721495.0
scroll,hard_freeze,estimated_overhead_flops,130501536,-5248721495.0
scroll,hard_freeze,estimated_overhead_flops,492612040,-5248721495.0
scroll,hard_freeze,replay_memory_bytes,2101606466,-2459200.0
scroll,hard_freeze,replay_memory_bytes,1872839281,-2459200.0
scroll,hard_freeze,replay_memory_bytes,637029796,-2459200.0
scroll,hard_freeze,replay_memory_bytes,1357204345,-2459200.0
scroll,hard_freeze,replay_memory_bytes,1758462037,-2459200.0
scroll,hard_freeze,replay_memory_bytes,748737880,-2459200.0
scroll,hard_freeze,replay_memory_bytes,1611510062,-2459200.0
scroll,hard_freeze,replay_memory_bytes,333205446,-2459200.0
scroll,hard_freeze,replay_memory_bytes,130501536,-2459200.0
scroll,hard_freeze,replay_memory_bytes,492612040,-2459200.0
scroll,hard_freeze,stored_logits_bytes,2101606466,0.0
scroll,hard_freeze,stored_logits_bytes,1872839281,0.0
scroll,hard_freeze,stored_logits_bytes,637029796,0.0
scroll,hard_freeze,stored_logits_bytes,1357204345,0.0
scroll,hard_freeze,stored_logits_bytes,1758462037,0.0
scroll,hard_freeze,stored_logits_bytes,748737880,0.0
scroll,hard_freeze,stored_logits_bytes,1611510062,0.0
scroll,hard_freeze,stored_logits_bytes,333205446,0.0
scroll,hard_freeze,stored_logits_bytes,130501536,0.0
scroll,hard_freeze,stored_logits_bytes,492612040,0.0
scroll,lpr,final_average_accuracy,2101606466,0.05130000000000001
scroll,lpr,final_average_accuracy,1872839281,0.050600000000000034
scroll,lpr,final_average_accuracy,637029796,0.041700000000000015
scroll,lpr,final_average_accuracy,1357204345,0.027500000000000024
scroll,lpr,final_average_accuracy,1758462037,0.05239999999999995
scroll,lpr,final_average_accuracy,748737880,0.043800000000000006
scroll,lpr,final_average_accuracy,1611510062,0.08420000000000005
scroll,lpr,final_average_accuracy,333205446,0.047199999999999964
scroll,lpr,final_average_accuracy,130501536,0.07080000000000003
scroll,lpr,final_average_accuracy,492612040,0.04899999999999999
scroll,lpr,average_forgetting,2101606466,0.460875
scroll,lpr,average_forgetting,1872839281,0.327125
scroll,lpr,average_forgetting,637029796,0.46499999999999997
scroll,lpr,average_forgetting,1357204345,0.38749999999999996
scroll,lpr,average_forgetting,1758462037,0.3765
scroll,lpr,average_forgetting,748737880,0.32862500000000006
scroll,lpr,average_forgetting,1611510062,0.2965
scroll,lpr,average_forgetting,333205446,0.41675000000000006
scroll,lpr,average_forgetting,130501536,0.434125
scroll,lpr,average_forgetting,492612040,0.3765000000000001
scroll,lpr,backward_transfer,2101606466,-0.500625
scroll,lpr,backward_transfer,1872839281,-0.45199999999999996
scroll,lpr,backward_transfer,637029796,-0.602375
scroll,lpr,backward_transfer,1357204345,-0.427125
scroll,lpr,backward_transfer,1758462037,-0.40275
scroll,lpr,backward_transfer,748737880,-0.39687500000000003
scroll,lpr,backward_transfer,1611510062,-0.3915
scroll,lpr,backward_transfer,333205446,-0.605125
scroll,lpr,backward_transfer,130501536,-0.47512499999999996
scroll,lpr,backward_transfer,492612040,-0.43987500000000007
scroll,lpr,forward_transfer,2101606466,0.14375000000000002
scroll,lpr,forward_transfer,1872839281,0.12624999999999997
scroll,lpr,forward_transfer,637029796,0.2145
scroll,lpr,forward_transfer,1357204345,0.09600000000000002
scroll,lpr,forward_transfer,1758462037,0.21050000000000002
scroll,lpr,forward_transfer,748737880,0.283
scroll,lpr,forward_transfer,1611510062,0.019375000000000003
scroll,lpr,forward_transfer,333205446,0.27575
scroll,lpr,forward_transfer,130501536,0.06125
scroll,lpr,forward_transfer,492612040,0.141375
scroll,lpr,task_aware_final_accuracy,2101606466,0.1241000000000001
scroll,lpr,task_aware_final_accuracy,1872839281,0.09549999999999992
scroll,lpr,task_aware_final_accuracy,637029796,0.11719999999999986
scroll,lpr,task_aware_final_accuracy,1357204345,0.0924999999999998
scroll,lpr,task_aware_final_accuracy,1758462037,0.09530000000000005
scroll,lpr,task_aware_final_accuracy,748737880,0.08510000000000018
scroll,lpr,task_aware_final_accuracy,1611510062,0.10389999999999988
scroll,lpr,task_aware_final_accuracy,333205446,0.12419999999999998
scroll,lpr,task_aware_final_accuracy,130501536,0.06159999999999988
scroll,lpr,task_aware_final_accuracy,492612040,0.0944999999999998
scroll,lpr,task_aware_forgetting,2101606466,-0.028250000000000025
scroll,lpr,task_aware_forgetting,1872839281,0.04025000000000001
scroll,lpr,task_aware_forgetting,637029796,0.023499999999999993
scroll,lpr,task_aware_forgetting,1357204345,0.021999999999999992
scroll,lpr,task_aware_forgetting,1758462037,0.049000000000000044
scroll,lpr,task_aware_forgetting,748737880,0.03412499999999999
scroll,lpr,task_aware_forgetting,1611510062,0.044875
scroll,lpr,task_aware_forgetting,333205446,-0.029375000000000012
scroll,lpr,task_aware_forgetting,130501536,0.086
scroll,lpr,task_aware_forgetting,492612040,0.04412500000000005
scroll,lpr,classifier_gap,2101606466,0.07280000000000009
scroll,lpr,classifier_gap,1872839281,0.044899999999999884
scroll,lpr,classifier_gap,637029796,0.07549999999999985
scroll,lpr,classifier_gap,1357204345,0.06499999999999978
scroll,lpr,classifier_gap,1758462037,0.042900000000000105
scroll,lpr,classifier_gap,748737880,0.04130000000000017
scroll,lpr,classifier_gap,1611510062,0.01969999999999983
scroll,lpr,classifier_gap,333205446,0.07700000000000001
scroll,lpr,classifier_gap,130501536,-0.009200000000000153
scroll,lpr,classifier_gap,492612040,0.04549999999999982
scroll,lpr,elapsed_seconds,2101606466,8.529571760969702
scroll,lpr,elapsed_seconds,1872839281,7.544087845017202
scroll,lpr,elapsed_seconds,637029796,8.547685364959762
scroll,lpr,elapsed_seconds,1357204345,8.523839015047997
scroll,lpr,elapsed_seconds,1758462037,8.444694599951617
scroll,lpr,elapsed_seconds,748737880,7.522190528048668
scroll,lpr,elapsed_seconds,1611510062,8.494881753984373
scroll,lpr,elapsed_seconds,333205446,8.500007916940376
scroll,lpr,elapsed_seconds,130501536,8.51520156103652
scroll,lpr,elapsed_seconds,492612040,8.546163625956979
scroll,lpr,learner_examples_processed,2101606466,241152.0
scroll,lpr,learner_examples_processed,1872839281,241152.0
scroll,lpr,learner_examples_processed,637029796,241152.0
scroll,lpr,learner_examples_processed,1357204345,241152.0
scroll,lpr,learner_examples_processed,1758462037,241152.0
scroll,lpr,learner_examples_processed,748737880,241152.0
scroll,lpr,learner_examples_processed,1611510062,241152.0
scroll,lpr,learner_examples_processed,333205446,241152.0
scroll,lpr,learner_examples_processed,130501536,241152.0
scroll,lpr,learner_examples_processed,492612040,241152.0
scroll,lpr,total_model_examples_processed,2101606466,205432.0
scroll,lpr,total_model_examples_processed,1872839281,205432.0
scroll,lpr,total_model_examples_processed,637029796,205432.0
scroll,lpr,total_model_examples_processed,1357204345,205432.0
scroll,lpr,total_model_examples_processed,1758462037,205432.0
scroll,lpr,total_model_examples_processed,748737880,205432.0
scroll,lpr,total_model_examples_processed,1611510062,205432.0
scroll,lpr,total_model_examples_processed,333205446,205432.0
scroll,lpr,total_model_examples_processed,130501536,205432.0
scroll,lpr,total_model_examples_processed,492612040,205432.0
scroll,lpr,estimated_total_flops,2101606466,7722983391633.0
scroll,lpr,estimated_total_flops,1872839281,7722983391633.0
scroll,lpr,estimated_total_flops,637029796,7722983391633.0
scroll,lpr,estimated_total_flops,1357204345,7722983391633.0
scroll,lpr,estimated_total_flops,1758462037,7722983391633.0
scroll,lpr,estimated_total_flops,748737880,7722983391633.0
scroll,lpr,estimated_total_flops,1611510062,7722983391633.0
scroll,lpr,estimated_total_flops,333205446,7722983391633.0
scroll,lpr,estimated_total_flops,130501536,7722983391633.0
scroll,lpr,estimated_total_flops,492612040,7722983391633.0
scroll,lpr,estimated_overhead_flops,2101606466,12241412497.0
scroll,lpr,estimated_overhead_flops,1872839281,12241412497.0
scroll,lpr,estimated_overhead_flops,637029796,12241412497.0
scroll,lpr,estimated_overhead_flops,1357204345,12241412497.0
scroll,lpr,estimated_overhead_flops,1758462037,12241412497.0
scroll,lpr,estimated_overhead_flops,748737880,12241412497.0
scroll,lpr,estimated_overhead_flops,1611510062,12241412497.0
scroll,lpr,estimated_overhead_flops,333205446,12241412497.0
scroll,lpr,estimated_overhead_flops,130501536,12241412497.0
scroll,lpr,estimated_overhead_flops,492612040,12241412497.0
scroll,lpr,replay_memory_bytes,2101606466,0.0
scroll,lpr,replay_memory_bytes,1872839281,0.0
scroll,lpr,replay_memory_bytes,637029796,0.0
scroll,lpr,replay_memory_bytes,1357204345,0.0
scroll,lpr,replay_memory_bytes,1758462037,0.0
scroll,lpr,replay_memory_bytes,748737880,0.0
scroll,lpr,replay_memory_bytes,1611510062,0.0
scroll,lpr,replay_memory_bytes,333205446,0.0
scroll,lpr,replay_memory_bytes,130501536,0.0
scroll,lpr,replay_memory_bytes,492612040,0.0
scroll,lpr,stored_logits_bytes,2101606466,0.0
scroll,lpr,stored_logits_bytes,1872839281,0.0
scroll,lpr,stored_logits_bytes,637029796,0.0
scroll,lpr,stored_logits_bytes,1357204345,0.0
scroll,lpr,stored_logits_bytes,1758462037,0.0
scroll,lpr,stored_logits_bytes,748737880,0.0
scroll,lpr,stored_logits_bytes,1611510062,0.0
scroll,lpr,stored_logits_bytes,333205446,0.0
scroll,lpr,stored_logits_bytes,130501536,0.0
scroll,lpr,stored_logits_bytes,492612040,0.0
scroll,slowheat_lpr,final_average_accuracy,2101606466,0.05149999999999999
scroll,slowheat_lpr,final_average_accuracy,1872839281,0.05780000000000002
scroll,slowheat_lpr,final_average_accuracy,637029796,0.05049999999999999
scroll,slowheat_lpr,final_average_accuracy,1357204345,0.026800000000000046
scroll,slowheat_lpr,final_average_accuracy,1758462037,0.05569999999999997
scroll,slowheat_lpr,final_average_accuracy,748737880,0.06040000000000001
scroll,slowheat_lpr,final_average_accuracy,1611510062,0.08889999999999998
scroll,slowheat_lpr,final_average_accuracy,333205446,0.04620000000000002
scroll,slowheat_lpr,final_average_accuracy,130501536,0.08739999999999998
scroll,slowheat_lpr,final_average_accuracy,492612040,0.07169999999999993
scroll,slowheat_lpr,average_forgetting,2101606466,0.414125
scroll,slowheat_lpr,average_forgetting,1872839281,0.2798750000000001
scroll,slowheat_lpr,average_forgetting,637029796,0.421625
scroll,slowheat_lpr,average_forgetting,1357204345,0.3611249999999999
scroll,slowheat_lpr,average_forgetting,1758462037,0.33275000000000005
scroll,slowheat_lpr,average_forgetting,748737880,0.281875
scroll,slowheat_lpr,average_forgetting,1611510062,0.24524999999999997
scroll,slowheat_lpr,average_forgetting,333205446,0.38049999999999995
scroll,slowheat_lpr,average_forgetting,130501536,0.3763749999999999
scroll,slowheat_lpr,average_forgetting,492612040,0.30987500000000007
scroll,slowheat_lpr,backward_transfer,2101606466,-0.45387500000000003
scroll,slowheat_lpr,backward_transfer,1872839281,-0.40475000000000005
scroll,slowheat_lpr,backward_transfer,637029796,-0.559
scroll,slowheat_lpr,backward_transfer,1357204345,-0.40074999999999994
scroll,slowheat_lpr,backward_transfer,1758462037,-0.35900000000000004
scroll,slowheat_lpr,backward_transfer,748737880,-0.35012499999999996
scroll,slowheat_lpr,backward_transfer,1611510062,-0.34025
scroll,slowheat_lpr,backward_transfer,333205446,-0.5688749999999999
scroll,slowheat_lpr,backward_transfer,130501536,-0.4173749999999999
scroll,slowheat_lpr,backward_transfer,492612040,-0.37325
scroll,slowheat_lpr,forward_transfer,2101606466,0.26925000000000004
scroll,slowheat_lpr,forward_transfer,1872839281,0.117375
scroll,slowheat_lpr,forward_transfer,637029796,0.139625
scroll,slowheat_lpr,forward_transfer,1357204345,0.12662500000000002
scroll,slowheat_lpr,forward_transfer,1758462037,0.24225000000000002
scroll,slowheat_lpr,forward_transfer,748737880,0.197
scroll,slowheat_lpr,forward_transfer,1611510062,0.014750000000000013
scroll,slowheat_lpr,forward_transfer,333205446,0.289625
scroll,slowheat_lpr,forward_transfer,130501536,0.06662499999999999
scroll,slowheat_lpr,forward_transfer,492612040,0.11124999999999999
scroll,slowheat_lpr,task_aware_final_accuracy,2101606466,0.11390000000000011
scroll,slowheat_lpr,task_aware_final_accuracy,1872839281,0.08279999999999987
scroll,slowheat_lpr,task_aware_final_accuracy,637029796,0.09299999999999997
scroll,slowheat_lpr,task_aware_final_accuracy,1357204345,0.08099999999999996
scroll,slowheat_lpr,task_aware_final_accuracy,1758462037,0.08400000000000007
scroll,slowheat_lpr,task_aware_final_accuracy,748737880,0.06750000000000012
scroll,slowheat_lpr,task_aware_final_accuracy,1611510062,0.09739999999999993
scroll,slowheat_lpr,task_aware_final_accuracy,333205446,0.09970000000000012
scroll,slowheat_lpr,task_aware_final_accuracy,130501536,0.06579999999999986
scroll,slowheat_lpr,task_aware_final_accuracy,492612040,0.07999999999999985
scroll,slowheat_lpr,task_aware_forgetting,2101606466,-0.03899999999999998
scroll,slowheat_lpr,task_aware_forgetting,1872839281,0.03912499999999999
scroll,slowheat_lpr,task_aware_forgetting,637029796,0.03375
scroll,slowheat_lpr,task_aware_forgetting,1357204345,0.02350000000000002
scroll,slowheat_lpr,task_aware_forgetting,1758462037,0.044375000000000026
scroll,slowheat_lpr,task_aware_forgetting,748737880,0.04774999999999999
scroll,slowheat_lpr,task_aware_forgetting,1611510062,0.025499999999999967
scroll,slowheat_lpr,task_aware_forgetting,333205446,-0.01924999999999999
scroll,slowheat_lpr,task_aware_forgetting,130501536,0.05875
scroll,slowheat_lpr,task_aware_forgetting,492612040,0.03737500000000002
scroll,slowheat_lpr,classifier_gap,2101606466,0.06240000000000012
scroll,slowheat_lpr,classifier_gap,1872839281,0.024999999999999856
scroll,slowheat_lpr,classifier_gap,637029796,0.04249999999999998
scroll,slowheat_lpr,classifier_gap,1357204345,0.054199999999999915
scroll,slowheat_lpr,classifier_gap,1758462037,0.028300000000000103
scroll,slowheat_lpr,classifier_gap,748737880,0.007100000000000106
scroll,slowheat_lpr,classifier_gap,1611510062,0.008499999999999952
scroll,slowheat_lpr,classifier_gap,333205446,0.0535000000000001
scroll,slowheat_lpr,classifier_gap,130501536,-0.02160000000000012
scroll,slowheat_lpr,classifier_gap,492612040,0.008299999999999919
scroll,slowheat_lpr,elapsed_seconds,2101606466,12.014402156986762
scroll,slowheat_lpr,elapsed_seconds,1872839281,11.339523525035474
scroll,slowheat_lpr,elapsed_seconds,637029796,12.291605610924307
scroll,slowheat_lpr,elapsed_seconds,1357204345,12.284950756991748
scroll,slowheat_lpr,elapsed_seconds,1758462037,12.2081413930282
scroll,slowheat_lpr,elapsed_seconds,748737880,11.273760342039168
scroll,slowheat_lpr,elapsed_seconds,1611510062,12.191927299951203
scroll,slowheat_lpr,elapsed_seconds,333205446,12.351129658985883
scroll,slowheat_lpr,elapsed_seconds,130501536,12.018096272018738
scroll,slowheat_lpr,elapsed_seconds,492612040,12.377723129000515
scroll,slowheat_lpr,learner_examples_processed,2101606466,241152.0
scroll,slowheat_lpr,learner_examples_processed,1872839281,241152.0
scroll,slowheat_lpr,learner_examples_processed,637029796,241152.0
scroll,slowheat_lpr,learner_examples_processed,1357204345,241152.0
scroll,slowheat_lpr,learner_examples_processed,1758462037,241152.0
scroll,slowheat_lpr,learner_examples_processed,748737880,241152.0
scroll,slowheat_lpr,learner_examples_processed,1611510062,241152.0
scroll,slowheat_lpr,learner_examples_processed,333205446,241152.0
scroll,slowheat_lpr,learner_examples_processed,130501536,241152.0
scroll,slowheat_lpr,learner_examples_processed,492612040,241152.0
scroll,slowheat_lpr,total_model_examples_processed,2101606466,205432.0
scroll,slowheat_lpr,total_model_examples_processed,1872839281,205432.0
scroll,slowheat_lpr,total_model_examples_processed,637029796,205432.0
scroll,slowheat_lpr,total_model_examples_processed,1357204345,205432.0
scroll,slowheat_lpr,total_model_examples_processed,1758462037,205432.0
scroll,slowheat_lpr,total_model_examples_processed,748737880,205432.0
scroll,slowheat_lpr,total_model_examples_processed,1611510062,205432.0
scroll,slowheat_lpr,total_model_examples_processed,333205446,205432.0
scroll,slowheat_lpr,total_model_examples_processed,130501536,205432.0
scroll,slowheat_lpr,total_model_examples_processed,492612040,205432.0
scroll,slowheat_lpr,estimated_total_flops,2101606466,7723122316913.0
scroll,slowheat_lpr,estimated_total_flops,1872839281,7723122316913.0
scroll,slowheat_lpr,estimated_total_flops,637029796,7723122316913.0
scroll,slowheat_lpr,estimated_total_flops,1357204345,7723122316913.0
scroll,slowheat_lpr,estimated_total_flops,1758462037,7723122316913.0
scroll,slowheat_lpr,estimated_total_flops,748737880,7723122316913.0
scroll,slowheat_lpr,estimated_total_flops,1611510062,7723122316913.0
scroll,slowheat_lpr,estimated_total_flops,333205446,7723122316913.0
scroll,slowheat_lpr,estimated_total_flops,130501536,7723122316913.0
scroll,slowheat_lpr,estimated_total_flops,492612040,7723122316913.0
scroll,slowheat_lpr,estimated_overhead_flops,2101606466,12380337777.0
scroll,slowheat_lpr,estimated_overhead_flops,1872839281,12380337777.0
scroll,slowheat_lpr,estimated_overhead_flops,637029796,12380337777.0
scroll,slowheat_lpr,estimated_overhead_flops,1357204345,12380337777.0
scroll,slowheat_lpr,estimated_overhead_flops,1758462037,12380337777.0
scroll,slowheat_lpr,estimated_overhead_flops,748737880,12380337777.0
scroll,slowheat_lpr,estimated_overhead_flops,1611510062,12380337777.0
scroll,slowheat_lpr,estimated_overhead_flops,333205446,12380337777.0
scroll,slowheat_lpr,estimated_overhead_flops,130501536,12380337777.0
scroll,slowheat_lpr,estimated_overhead_flops,492612040,12380337777.0
scroll,slowheat_lpr,replay_memory_bytes,2101606466,0.0
scroll,slowheat_lpr,replay_memory_bytes,1872839281,0.0
scroll,slowheat_lpr,replay_memory_bytes,637029796,0.0
scroll,slowheat_lpr,replay_memory_bytes,1357204345,0.0
scroll,slowheat_lpr,replay_memory_bytes,1758462037,0.0
scroll,slowheat_lpr,replay_memory_bytes,748737880,0.0
scroll,slowheat_lpr,replay_memory_bytes,1611510062,0.0
scroll,slowheat_lpr,replay_memory_bytes,333205446,0.0
scroll,slowheat_lpr,replay_memory_bytes,130501536,0.0
scroll,slowheat_lpr,replay_memory_bytes,492612040,0.0
scroll,slowheat_lpr,stored_logits_bytes,2101606466,0.0
scroll,slowheat_lpr,stored_logits_bytes,1872839281,0.0
scroll,slowheat_lpr,stored_logits_bytes,637029796,0.0
scroll,slowheat_lpr,stored_logits_bytes,1357204345,0.0
scroll,slowheat_lpr,stored_logits_bytes,1758462037,0.0
scroll,slowheat_lpr,stored_logits_bytes,748737880,0.0
scroll,slowheat_lpr,stored_logits_bytes,1611510062,0.0
scroll,slowheat_lpr,stored_logits_bytes,333205446,0.0
scroll,slowheat_lpr,stored_logits_bytes,130501536,0.0
scroll,slowheat_lpr,stored_logits_bytes,492612040,0.0
scroll,classifier_expander,final_average_accuracy,2101606466,0.0017999999999999683
scroll,classifier_expander,final_average_accuracy,1872839281,-0.007899999999999963
scroll,classifier_expander,final_average_accuracy,637029796,0.02789999999999998
scroll,classifier_expander,final_average_accuracy,1357204345,0.016200000000000048
scroll,classifier_expander,final_average_accuracy,1758462037,0.030899999999999983
scroll,classifier_expander,final_average_accuracy,748737880,0.028499999999999914
scroll,classifier_expander,final_average_accuracy,1611510062,0.028000000000000025
scroll,classifier_expander,final_average_accuracy,333205446,-0.0005000000000000004
scroll,classifier_expander,final_average_accuracy,130501536,0.07029999999999997
scroll,classifier_expander,final_average_accuracy,492612040,0.024899999999999978
scroll,classifier_expander,average_forgetting,2101606466,0.15187500000000004
scroll,classifier_expander,average_forgetting,1872839281,0.069
scroll,classifier_expander,average_forgetting,637029796,0.15637499999999996
scroll,classifier_expander,average_forgetting,1357204345,0.08249999999999999
scroll,classifier_expander,average_forgetting,1758462037,-0.03662500000000002
scroll,classifier_expander,average_forgetting,748737880,0.0068749999999999645
scroll,classifier_expander,average_forgetting,1611510062,0.010874999999999968
scroll,classifier_expander,average_forgetting,333205446,0.11912500000000001
scroll,classifier_expander,average_forgetting,130501536,0.07650000000000001
scroll,classifier_expander,average_forgetting,492612040,0.076125
scroll,classifier_expander,backward_transfer,2101606466,-0.1305
scroll,classifier_expander,backward_transfer,1872839281,-0.14824999999999994
scroll,classifier_expander,backward_transfer,637029796,-0.17275000000000004
scroll,classifier_expander,backward_transfer,1357204345,0.04587499999999997
scroll,classifier_expander,backward_transfer,1758462037,0.08850000000000002
scroll,classifier_expander,backward_transfer,748737880,-0.006749999999999978
scroll,classifier_expander,backward_transfer,1611510062,0.051500000000000046
scroll,classifier_expander,backward_transfer,333205446,-0.21675
scroll,classifier_expander,backward_transfer,130501536,-0.007749999999999979
scroll,classifier_expander,backward_transfer,492612040,0.0066250000000000475
scroll,classifier_expander,forward_transfer,2101606466,0.17025
scroll,classifier_expander,forward_transfer,1872839281,0.195625
scroll,classifier_expander,forward_transfer,637029796,0.15275
scroll,classifier_expander,forward_transfer,1357204345,0.09050000000000001
scroll,classifier_expander,forward_transfer,1758462037,0.19050000000000003
scroll,classifier_expander,forward_transfer,748737880,0.24224999999999997
scroll,classifier_expander,forward_transfer,1611510062,0.012124999999999997
scroll,classifier_expander,forward_transfer,333205446,0.12125
scroll,classifier_expander,forward_transfer,130501536,0.090375
scroll,classifier_expander,forward_transfer,492612040,0.107625
scroll,classifier_expander,task_aware_final_accuracy,2101606466,0.10530000000000006
scroll,classifier_expander,task_aware_final_accuracy,1872839281,0.07989999999999986
scroll,classifier_expander,task_aware_final_accuracy,637029796,0.09770000000000001
scroll,classifier_expander,task_aware_final_accuracy,1357204345,0.0804999999999999
scroll,classifier_expander,task_aware_final_accuracy,1758462037,0.07730000000000004
scroll,classifier_expander,task_aware_final_accuracy,748737880,0.05810000000000015
scroll,classifier_expander,task_aware_final_accuracy,1611510062,0.08950000000000014
scroll,classifier_expander,task_aware_final_accuracy,333205446,0.10640000000000005
scroll,classifier_expander,task_aware_final_accuracy,130501536,0.07380000000000009
scroll,classifier_expander,task_aware_final_accuracy,492612040,0.08439999999999992
scroll,classifier_expander,task_aware_forgetting,2101606466,-0.03325000000000003
scroll,classifier_expander,task_aware_forgetting,1872839281,0.03087500000000004
scroll,classifier_expander,task_aware_forgetting,637029796,0.01924999999999999
scroll,classifier_expander,task_aware_forgetting,1357204345,0.015750000000000042
scroll,classifier_expander,task_aware_forgetting,1758462037,0.037000000000000005
scroll,classifier_expander,task_aware_forgetting,748737880,0.03749999999999995
scroll,classifier_expander,task_aware_forgetting,1611510062,0.032999999999999974
scroll,classifier_expander,task_aware_forgetting,333205446,-0.03787499999999999
scroll,classifier_expander,task_aware_forgetting,130501536,0.049375
scroll,classifier_expander,task_aware_forgetting,492612040,0.032
scroll,classifier_expander,classifier_gap,2101606466,0.10350000000000004
scroll,classifier_expander,classifier_gap,1872839281,0.08779999999999982
scroll,classifier_expander,classifier_gap,637029796,0.06980000000000003
scroll,classifier_expander,classifier_gap,1357204345,0.06429999999999986
scroll,classifier_expander,classifier_gap,1758462037,0.04640000000000005
scroll,classifier_expander,classifier_gap,748737880,0.029600000000000237
scroll,classifier_expander,classifier_gap,1611510062,0.06150000000000011
scroll,classifier_expander,classifier_gap,333205446,0.10690000000000005
scroll,classifier_expander,classifier_gap,130501536,0.003500000000000114
scroll,classifier_expander,classifier_gap,492612040,0.05949999999999994
scroll,classifier_expander,elapsed_seconds,2101606466,9.17394966998836
scroll,classifier_expander,elapsed_seconds,1872839281,8.12688622600399
scroll,classifier_expander,elapsed_seconds,637029796,9.18701329396572
scroll,classifier_expander,elapsed_seconds,1357204345,9.156434617994819
scroll,classifier_expander,elapsed_seconds,1758462037,9.132648609986063
scroll,classifier_expander,elapsed_seconds,748737880,8.156927405041642
scroll,classifier_expander,elapsed_seconds,1611510062,9.117150958976708
scroll,classifier_expander,elapsed_seconds,333205446,9.16718517395202
scroll,classifier_expander,elapsed_seconds,130501536,9.044523249031045
scroll,classifier_expander,elapsed_seconds,492612040,9.159694879956078
scroll,classifier_expander,learner_examples_processed,2101606466,241856.0
scroll,classifier_expander,learner_examples_processed,1872839281,241856.0
scroll,classifier_expander,learner_examples_processed,637029796,241856.0
scroll,classifier_expander,learner_examples_processed,1357204345,241856.0
scroll,classifier_expander,learner_examples_processed,1758462037,241856.0
scroll,classifier_expander,learner_examples_processed,748737880,241856.0
scroll,classifier_expander,learner_examples_processed,1611510062,241856.0
scroll,classifier_expander,learner_examples_processed,333205446,241856.0
scroll,classifier_expander,learner_examples_processed,130501536,241856.0
scroll,classifier_expander,learner_examples_processed,492612040,241856.0
scroll,classifier_expander,total_model_examples_processed,2101606466,282496.0
scroll,classifier_expander,total_model_examples_processed,1872839281,282496.0
scroll,classifier_expander,total_model_examples_processed,637029796,282496.0
scroll,classifier_expander,total_model_examples_processed,1357204345,282496.0
scroll,classifier_expander,total_model_examples_processed,1758462037,282496.0
scroll,classifier_expander,total_model_examples_processed,748737880,282496.0
scroll,classifier_expander,total_model_examples_processed,1611510062,282496.0
scroll,classifier_expander,total_model_examples_processed,333205446,282496.0
scroll,classifier_expander,total_model_examples_processed,130501536,282496.0
scroll,classifier_expander,total_model_examples_processed,492612040,282496.0
scroll,classifier_expander,estimated_total_flops,2101606466,8585183672443.0
scroll,classifier_expander,estimated_total_flops,1872839281,8585183672443.0
scroll,classifier_expander,estimated_total_flops,637029796,8585183672443.0
scroll,classifier_expander,estimated_total_flops,1357204345,8585183672443.0
scroll,classifier_expander,estimated_total_flops,1758462037,8585183672443.0
scroll,classifier_expander,estimated_total_flops,748737880,8585183672443.0
scroll,classifier_expander,estimated_total_flops,1611510062,8585183672443.0
scroll,classifier_expander,estimated_total_flops,333205446,8585183672443.0
scroll,classifier_expander,estimated_total_flops,130501536,8585183672443.0
scroll,classifier_expander,estimated_total_flops,492612040,8585183672443.0
scroll,classifier_expander,estimated_overhead_flops,2101606466,-5368792965.0
scroll,classifier_expander,estimated_overhead_flops,1872839281,-5368792965.0
scroll,classifier_expander,estimated_overhead_flops,637029796,-5368792965.0
scroll,classifier_expander,estimated_overhead_flops,1357204345,-5368792965.0
scroll,classifier_expander,estimated_overhead_flops,1758462037,-5368792965.0
scroll,classifier_expander,estimated_overhead_flops,748737880,-5368792965.0
scroll,classifier_expander,estimated_overhead_flops,1611510062,-5368792965.0
scroll,classifier_expander,estimated_overhead_flops,333205446,-5368792965.0
scroll,classifier_expander,estimated_overhead_flops,130501536,-5368792965.0
scroll,classifier_expander,estimated_overhead_flops,492612040,-5368792965.0
scroll,classifier_expander,replay_memory_bytes,2101606466,0.0
scroll,classifier_expander,replay_memory_bytes,1872839281,0.0
scroll,classifier_expander,replay_memory_bytes,637029796,0.0
scroll,classifier_expander,replay_memory_bytes,1357204345,0.0
scroll,classifier_expander,replay_memory_bytes,1758462037,0.0
scroll,classifier_expander,replay_memory_bytes,748737880,0.0
scroll,classifier_expander,replay_memory_bytes,1611510062,0.0
scroll,classifier_expander,replay_memory_bytes,333205446,0.0
scroll,classifier_expander,replay_memory_bytes,130501536,0.0
scroll,classifier_expander,replay_memory_bytes,492612040,0.0
scroll,classifier_expander,stored_logits_bytes,2101606466,0.0
scroll,classifier_expander,stored_logits_bytes,1872839281,0.0
scroll,classifier_expander,stored_logits_bytes,637029796,0.0
scroll,classifier_expander,stored_logits_bytes,1357204345,0.0
scroll,classifier_expander,stored_logits_bytes,1758462037,0.0
scroll,classifier_expander,stored_logits_bytes,748737880,0.0
scroll,classifier_expander,stored_logits_bytes,1611510062,0.0
scroll,classifier_expander,stored_logits_bytes,333205446,0.0
scroll,classifier_expander,stored_logits_bytes,130501536,0.0
scroll,classifier_expander,stored_logits_bytes,492612040,0.0
scroll,slowheat_classifier_expander,final_average_accuracy,2101606466,0.01610000000000006
scroll,slowheat_classifier_expander,final_average_accuracy,1872839281,-0.009799999999999975
scroll,slowheat_classifier_expander,final_average_accuracy,637029796,0.013599999999999945
scroll,slowheat_classifier_expander,final_average_accuracy,1357204345,-0.0018000000000000238
scroll,slowheat_classifier_expander,final_average_accuracy,1758462037,0.005900000000000016
scroll,slowheat_classifier_expander,final_average_accuracy,748737880,0.007299999999999973
scroll,slowheat_classifier_expander,final_average_accuracy,1611510062,0.02699999999999997
scroll,slowheat_classifier_expander,final_average_accuracy,333205446,0.005899999999999961
scroll,slowheat_classifier_expander,final_average_accuracy,130501536,0.05880000000000002
scroll,slowheat_classifier_expander,final_average_accuracy,492612040,0.008799999999999975
scroll,slowheat_classifier_expander,average_forgetting,2101606466,0.06287500000000001
scroll,slowheat_classifier_expander,average_forgetting,1872839281,-0.02287499999999998
scroll,slowheat_classifier_expander,average_forgetting,637029796,0.11024999999999999
scroll,slowheat_classifier_expander,average_forgetting,1357204345,0.04837500000000003
scroll,slowheat_classifier_expander,average_forgetting,1758462037,-0.017500000000000043
scroll,slowheat_classifier_expander,average_forgetting,748737880,-0.023125000000000007
scroll,slowheat_classifier_expander,average_forgetting,1611510062,-0.01425000000000004
scroll,slowheat_classifier_expander,average_forgetting,333205446,0.041374999999999995
scroll,slowheat_classifier_expander,average_forgetting,130501536,0.0008750000000000147
scroll,slowheat_classifier_expander,average_forgetting,492612040,0.013250000000000012
scroll,slowheat_classifier_expander,backward_transfer,2101606466,0.03712500000000002
scroll,slowheat_classifier_expander,backward_transfer,1872839281,-0.02849999999999997
scroll,slowheat_classifier_expander,backward_transfer,637029796,-0.09362499999999999
scroll,slowheat_classifier_expander,backward_transfer,1357204345,0.104125
scroll,slowheat_classifier_expander,backward_transfer,1758462037,0.17450000000000004
scroll,slowheat_classifier_expander,backward_transfer,748737880,0.08050000000000007
scroll,slowheat_classifier_expander,backward_transfer,1611510062,0.10125000000000003
scroll,slowheat_classifier_expander,backward_transfer,333205446,-0.0695
scroll,slowheat_classifier_expander,backward_transfer,130501536,0.114125
scroll,slowheat_classifier_expander,backward_transfer,492612040,0.11775000000000002
scroll,slowheat_classifier_expander,forward_transfer,2101606466,0.16287500000000002
scroll,slowheat_classifier_expander,forward_transfer,1872839281,0.18325
scroll,slowheat_classifier_expander,forward_transfer,637029796,0.15375
scroll,slowheat_classifier_expander,forward_transfer,1357204345,0.07812500000000003
scroll,slowheat_classifier_expander,forward_transfer,1758462037,0.128
scroll,slowheat_classifier_expander,forward_transfer,748737880,0.18612499999999998
scroll,slowheat_classifier_expander,forward_transfer,1611510062,0.015250000000000014
scroll,slowheat_classifier_expander,forward_transfer,333205446,0.118875
scroll,slowheat_classifier_expander,forward_transfer,130501536,0.059375000000000004
scroll,slowheat_classifier_expander,forward_transfer,492612040,0.116125
scroll,slowheat_classifier_expander,task_aware_final_accuracy,2101606466,0.08990000000000009
scroll,slowheat_classifier_expander,task_aware_final_accuracy,1872839281,0.06440000000000001
scroll,slowheat_classifier_expander,task_aware_final_accuracy,637029796,0.08339999999999981
scroll,slowheat_classifier_expander,task_aware_final_accuracy,1357204345,0.056399999999999784
scroll,slowheat_classifier_expander,task_aware_final_accuracy,1758462037,0.04910000000000003
scroll,slowheat_classifier_expander,task_aware_final_accuracy,748737880,0.03720000000000012
scroll,slowheat_classifier_expander,task_aware_final_accuracy,1611510062,0.07109999999999994
scroll,slowheat_classifier_expander,task_aware_final_accuracy,333205446,0.08300000000000007
scroll,slowheat_classifier_expander,task_aware_final_accuracy,130501536,0.050899999999999945
scroll,slowheat_classifier_expander,task_aware_final_accuracy,492612040,0.06249999999999978
scroll,slowheat_classifier_expander,task_aware_forgetting,2101606466,-0.03637500000000002
scroll,slowheat_classifier_expander,task_aware_forgetting,1872839281,0.027125000000000038
scroll,slowheat_classifier_expander,task_aware_forgetting,637029796,0.017874999999999974
scroll,slowheat_classifier_expander,task_aware_forgetting,1357204345,0.014875
scroll,slowheat_classifier_expander,task_aware_forgetting,1758462037,0.049500000000000016
scroll,slowheat_classifier_expander,task_aware_forgetting,748737880,0.04299999999999998
scroll,slowheat_classifier_expander,task_aware_forgetting,1611510062,0.03862499999999994
scroll,slowheat_classifier_expander,task_aware_forgetting,333205446,-0.031
scroll,slowheat_classifier_expander,task_aware_forgetting,130501536,0.05249999999999999
scroll,slowheat_classifier_expander,task_aware_forgetting,492612040,0.030250000000000027
scroll,slowheat_classifier_expander,classifier_gap,2101606466,0.07380000000000003
scroll,slowheat_classifier_expander,classifier_gap,1872839281,0.07419999999999999
scroll,slowheat_classifier_expander,classifier_gap,637029796,0.06979999999999986
scroll,slowheat_classifier_expander,classifier_gap,1357204345,0.05819999999999981
scroll,slowheat_classifier_expander,classifier_gap,1758462037,0.043200000000000016
scroll,slowheat_classifier_expander,classifier_gap,748737880,0.02990000000000015
scroll,slowheat_classifier_expander,classifier_gap,1611510062,0.04409999999999997
scroll,slowheat_classifier_expander,classifier_gap,333205446,0.07710000000000011
scroll,slowheat_classifier_expander,classifier_gap,130501536,-0.007900000000000074
scroll,slowheat_classifier_expander,classifier_gap,492612040,0.0536999999999998
scroll,slowheat_classifier_expander,elapsed_seconds,2101606466,12.931205414934084
scroll,slowheat_classifier_expander,elapsed_seconds,1872839281,12.719370053033344
scroll,slowheat_classifier_expander,elapsed_seconds,637029796,13.007526967907324
scroll,slowheat_classifier_expander,elapsed_seconds,1357204345,12.850542059983127
scroll,slowheat_classifier_expander,elapsed_seconds,1758462037,12.845102893013973
scroll,slowheat_classifier_expander,elapsed_seconds,748737880,12.443596325058024
scroll,slowheat_classifier_expander,elapsed_seconds,1611510062,12.817540418996941
scroll,slowheat_classifier_expander,elapsed_seconds,333205446,12.978923886956181
scroll,slowheat_classifier_expander,elapsed_seconds,130501536,12.829810309049208
scroll,slowheat_classifier_expander,elapsed_seconds,492612040,12.520363600924611
scroll,slowheat_classifier_expander,learner_examples_processed,2101606466,241856.0
scroll,slowheat_classifier_expander,learner_examples_processed,1872839281,241856.0
scroll,slowheat_classifier_expander,learner_examples_processed,637029796,241856.0
scroll,slowheat_classifier_expander,learner_examples_processed,1357204345,241856.0
scroll,slowheat_classifier_expander,learner_examples_processed,1758462037,241856.0
scroll,slowheat_classifier_expander,learner_examples_processed,748737880,241856.0
scroll,slowheat_classifier_expander,learner_examples_processed,1611510062,241856.0
scroll,slowheat_classifier_expander,learner_examples_processed,333205446,241856.0
scroll,slowheat_classifier_expander,learner_examples_processed,130501536,241856.0
scroll,slowheat_classifier_expander,learner_examples_processed,492612040,241856.0
scroll,slowheat_classifier_expander,total_model_examples_processed,2101606466,282496.0
scroll,slowheat_classifier_expander,total_model_examples_processed,1872839281,282496.0
scroll,slowheat_classifier_expander,total_model_examples_processed,637029796,282496.0
scroll,slowheat_classifier_expander,total_model_examples_processed,1357204345,282496.0
scroll,slowheat_classifier_expander,total_model_examples_processed,1758462037,282496.0
scroll,slowheat_classifier_expander,total_model_examples_processed,748737880,282496.0
scroll,slowheat_classifier_expander,total_model_examples_processed,1611510062,282496.0
scroll,slowheat_classifier_expander,total_model_examples_processed,333205446,282496.0
scroll,slowheat_classifier_expander,total_model_examples_processed,130501536,282496.0
scroll,slowheat_classifier_expander,total_model_examples_processed,492612040,282496.0
scroll,slowheat_classifier_expander,estimated_total_flops,2101606466,8585322597723.0
scroll,slowheat_classifier_expander,estimated_total_flops,1872839281,8585322597723.0
scroll,slowheat_classifier_expander,estimated_total_flops,637029796,8585322597723.0
scroll,slowheat_classifier_expander,estimated_total_flops,1357204345,8585322597723.0
scroll,slowheat_classifier_expander,estimated_total_flops,1758462037,8585322597723.0
scroll,slowheat_classifier_expander,estimated_total_flops,748737880,8585322597723.0
scroll,slowheat_classifier_expander,estimated_total_flops,1611510062,8585322597723.0
scroll,slowheat_classifier_expander,estimated_total_flops,333205446,8585322597723.0
scroll,slowheat_classifier_expander,estimated_total_flops,130501536,8585322597723.0
scroll,slowheat_classifier_expander,estimated_total_flops,492612040,8585322597723.0
scroll,slowheat_classifier_expander,estimated_overhead_flops,2101606466,-5229867685.0
scroll,slowheat_classifier_expander,estimated_overhead_flops,1872839281,-5229867685.0
scroll,slowheat_classifier_expander,estimated_overhead_flops,637029796,-5229867685.0
scroll,slowheat_classifier_expander,estimated_overhead_flops,1357204345,-5229867685.0
scroll,slowheat_classifier_expander,estimated_overhead_flops,1758462037,-5229867685.0
scroll,slowheat_classifier_expander,estimated_overhead_flops,748737880,-5229867685.0
scroll,slowheat_classifier_expander,estimated_overhead_flops,1611510062,-5229867685.0
scroll,slowheat_classifier_expander,estimated_overhead_flops,333205446,-5229867685.0
scroll,slowheat_classifier_expander,estimated_overhead_flops,130501536,-5229867685.0
scroll,slowheat_classifier_expander,estimated_overhead_flops,492612040,-5229867685.0
scroll,slowheat_classifier_expander,replay_memory_bytes,2101606466,0.0
scroll,slowheat_classifier_expander,replay_memory_bytes,1872839281,0.0
scroll,slowheat_classifier_expander,replay_memory_bytes,637029796,0.0
scroll,slowheat_classifier_expander,replay_memory_bytes,1357204345,0.0
scroll,slowheat_classifier_expander,replay_memory_bytes,1758462037,0.0
scroll,slowheat_classifier_expander,replay_memory_bytes,748737880,0.0
scroll,slowheat_classifier_expander,replay_memory_bytes,1611510062,0.0
scroll,slowheat_classifier_expander,replay_memory_bytes,333205446,0.0
scroll,slowheat_classifier_expander,replay_memory_bytes,130501536,0.0
scroll,slowheat_classifier_expander,replay_memory_bytes,492612040,0.0
scroll,slowheat_classifier_expander,stored_logits_bytes,2101606466,0.0
scroll,slowheat_classifier_expander,stored_logits_bytes,1872839281,0.0
scroll,slowheat_classifier_expander,stored_logits_bytes,637029796,0.0
scroll,slowheat_classifier_expander,stored_logits_bytes,1357204345,0.0
scroll,slowheat_classifier_expander,stored_logits_bytes,1758462037,0.0
scroll,slowheat_classifier_expander,stored_logits_bytes,748737880,0.0
scroll,slowheat_classifier_expander,stored_logits_bytes,1611510062,0.0
scroll,slowheat_classifier_expander,stored_logits_bytes,333205446,0.0
scroll,slowheat_classifier_expander,stored_logits_bytes,130501536,0.0
scroll,slowheat_classifier_expander,stored_logits_bytes,492612040,0.0
scroll,slowheat_scroll,final_average_accuracy,2101606466,0.08099999999999996
scroll,slowheat_scroll,final_average_accuracy,1872839281,0.06260000000000004
scroll,slowheat_scroll,final_average_accuracy,637029796,0.054700000000000026
scroll,slowheat_scroll,final_average_accuracy,1357204345,0.0479
scroll,slowheat_scroll,final_average_accuracy,1758462037,0.03309999999999996
scroll,slowheat_scroll,final_average_accuracy,748737880,0.07689999999999991
scroll,slowheat_scroll,final_average_accuracy,1611510062,0.02180000000000004
scroll,slowheat_scroll,final_average_accuracy,333205446,0.05109999999999998
scroll,slowheat_scroll,final_average_accuracy,130501536,0.049900000000000055
scroll,slowheat_scroll,final_average_accuracy,492612040,0.09910000000000002
scroll,slowheat_scroll,average_forgetting,2101606466,0.007625000000000021
scroll,slowheat_scroll,average_forgetting,1872839281,-0.041499999999999954
scroll,slowheat_scroll,average_forgetting,637029796,0.12137499999999998
scroll,slowheat_scroll,average_forgetting,1357204345,-0.06624999999999998
scroll,slowheat_scroll,average_forgetting,1758462037,0.01012499999999994
scroll,slowheat_scroll,average_forgetting,748737880,0.00874999999999998
scroll,slowheat_scroll,average_forgetting,1611510062,-0.06637500000000007
scroll,slowheat_scroll,average_forgetting,333205446,-0.021875000000000033
scroll,slowheat_scroll,average_forgetting,130501536,-0.040500000000000036
scroll,slowheat_scroll,average_forgetting,492612040,-0.03637499999999996
scroll,slowheat_scroll,backward_transfer,2101606466,0.0007499999999999868
scroll,slowheat_scroll,backward_transfer,1872839281,-0.05975
scroll,slowheat_scroll,backward_transfer,637029796,-0.221
scroll,slowheat_scroll,backward_transfer,1357204345,0.06637499999999998
scroll,slowheat_scroll,backward_transfer,1758462037,-0.02287499999999998
scroll,slowheat_scroll,backward_transfer,748737880,-0.07699999999999996
scroll,slowheat_scroll,backward_transfer,1611510062,-0.02499999999999991
scroll,slowheat_scroll,backward_transfer,333205446,-0.11687499999999998
scroll,slowheat_scroll,backward_transfer,130501536,0.012500000000000011
scroll,slowheat_scroll,backward_transfer,492612040,0.03550000000000003
scroll,slowheat_scroll,forward_transfer,2101606466,0.0
scroll,slowheat_scroll,forward_transfer,1872839281,0.0
scroll,slowheat_scroll,forward_transfer,637029796,0.0
scroll,slowheat_scroll,forward_transfer,1357204345,0.0
scroll,slowheat_scroll,forward_transfer,1758462037,0.0
scroll,slowheat_scroll,forward_transfer,748737880,0.0
scroll,slowheat_scroll,forward_transfer,1611510062,0.0
scroll,slowheat_scroll,forward_transfer,333205446,0.0
scroll,slowheat_scroll,forward_transfer,130501536,0.0
scroll,slowheat_scroll,forward_transfer,492612040,0.0
scroll,slowheat_scroll,task_aware_final_accuracy,2101606466,0.06229999999999991
scroll,slowheat_scroll,task_aware_final_accuracy,1872839281,0.041099999999999914
scroll,slowheat_scroll,task_aware_final_accuracy,637029796,0.027599999999999958
scroll,slowheat_scroll,task_aware_final_accuracy,1357204345,0.03320000000000001
scroll,slowheat_scroll,task_aware_final_accuracy,1758462037,0.018000000000000016
scroll,slowheat_scroll,task_aware_final_accuracy,748737880,0.03870000000000007
scroll,slowheat_scroll,task_aware_final_accuracy,1611510062,0.0383
scroll,slowheat_scroll,task_aware_final_accuracy,333205446,0.0244000000000002
scroll,slowheat_scroll,task_aware_final_accuracy,130501536,0.04070000000000007
scroll,slowheat_scroll,task_aware_final_accuracy,492612040,0.05879999999999985
scroll,slowheat_scroll,task_aware_forgetting,2101606466,-0.044625
scroll,slowheat_scroll,task_aware_forgetting,1872839281,0.008124999999999993
scroll,slowheat_scroll,task_aware_forgetting,637029796,0.00899999999999998
scroll,slowheat_scroll,task_aware_forgetting,1357204345,0.016125
scroll,slowheat_scroll,task_aware_forgetting,1758462037,0.049500000000000016
scroll,slowheat_scroll,task_aware_forgetting,748737880,0.02287499999999998
scroll,slowheat_scroll,task_aware_forgetting,1611510062,0.010250000000000009
scroll,slowheat_scroll,task_aware_forgetting,333205446,0.010249999999999981
scroll,slowheat_scroll,task_aware_forgetting,130501536,0.04099999999999998
scroll,slowheat_scroll,task_aware_forgetting,492612040,0.018000000000000016
scroll,slowheat_scroll,classifier_gap,2101606466,-0.01870000000000005
scroll,slowheat_scroll,classifier_gap,1872839281,-0.02150000000000013
scroll,slowheat_scroll,classifier_gap,637029796,-0.02710000000000007
scroll,slowheat_scroll,classifier_gap,1357204345,-0.01469999999999999
scroll,slowheat_scroll,classifier_gap,1758462037,-0.015099999999999947
scroll,slowheat_scroll,classifier_gap,748737880,-0.038199999999999845
scroll,slowheat_scroll,classifier_gap,1611510062,0.01649999999999996
scroll,slowheat_scroll,classifier_gap,333205446,-0.02669999999999978
scroll,slowheat_scroll,classifier_gap,130501536,-0.009199999999999986
scroll,slowheat_scroll,classifier_gap,492612040,-0.04030000000000017
scroll,slowheat_scroll,elapsed_seconds,2101606466,0.7400389849790372
scroll,slowheat_scroll,elapsed_seconds,1872839281,0.7164181730477139
scroll,slowheat_scroll,elapsed_seconds,637029796,0.5892379329307005
scroll,slowheat_scroll,elapsed_seconds,1357204345,0.727900628990028
scroll,slowheat_scroll,elapsed_seconds,1758462037,0.7342428279807791
scroll,slowheat_scroll,elapsed_seconds,748737880,0.7257259880425408
scroll,slowheat_scroll,elapsed_seconds,1611510062,0.722988702938892
scroll,slowheat_scroll,elapsed_seconds,333205446,0.7302367099910043
scroll,slowheat_scroll,elapsed_seconds,130501536,0.7433557729818858
scroll,slowheat_scroll,elapsed_seconds,492612040,0.7086621630005538
scroll,slowheat_scroll,learner_examples_processed,2101606466,0.0
scroll,slowheat_scroll,learner_examples_processed,1872839281,0.0
scroll,slowheat_scroll,learner_examples_processed,637029796,0.0
scroll,slowheat_scroll,learner_examples_processed,1357204345,0.0
scroll,slowheat_scroll,learner_examples_processed,1758462037,0.0
scroll,slowheat_scroll,learner_examples_processed,748737880,0.0
scroll,slowheat_scroll,learner_examples_processed,1611510062,0.0
scroll,slowheat_scroll,learner_examples_processed,333205446,0.0
scroll,slowheat_scroll,learner_examples_processed,130501536,0.0
scroll,slowheat_scroll,learner_examples_processed,492612040,0.0
scroll,slowheat_scroll,total_model_examples_processed,2101606466,0.0
scroll,slowheat_scroll,total_model_examples_processed,1872839281,0.0
scroll,slowheat_scroll,total_model_examples_processed,637029796,0.0
scroll,slowheat_scroll,total_model_examples_processed,1357204345,0.0
scroll,slowheat_scroll,total_model_examples_processed,1758462037,0.0
scroll,slowheat_scroll,total_model_examples_processed,748737880,0.0
scroll,slowheat_scroll,total_model_examples_processed,1611510062,0.0
scroll,slowheat_scroll,total_model_examples_processed,333205446,0.0
scroll,slowheat_scroll,total_model_examples_processed,130501536,0.0
scroll,slowheat_scroll,total_model_examples_processed,492612040,0.0
scroll,slowheat_scroll,estimated_total_flops,2101606466,21594080.0
scroll,slowheat_scroll,estimated_total_flops,1872839281,21594080.0
scroll,slowheat_scroll,estimated_total_flops,637029796,21594080.0
scroll,slowheat_scroll,estimated_total_flops,1357204345,21594080.0
scroll,slowheat_scroll,estimated_total_flops,1758462037,21594080.0
scroll,slowheat_scroll,estimated_total_flops,748737880,21594080.0
scroll,slowheat_scroll,estimated_total_flops,1611510062,21594080.0
scroll,slowheat_scroll,estimated_total_flops,333205446,21594080.0
scroll,slowheat_scroll,estimated_total_flops,130501536,21594080.0
scroll,slowheat_scroll,estimated_total_flops,492612040,21594080.0
scroll,slowheat_scroll,estimated_overhead_flops,2101606466,21594080.0
scroll,slowheat_scroll,estimated_overhead_flops,1872839281,21594080.0
scroll,slowheat_scroll,estimated_overhead_flops,637029796,21594080.0
scroll,slowheat_scroll,estimated_overhead_flops,1357204345,21594080.0
scroll,slowheat_scroll,estimated_overhead_flops,1758462037,21594080.0
scroll,slowheat_scroll,estimated_overhead_flops,748737880,21594080.0
scroll,slowheat_scroll,estimated_overhead_flops,1611510062,21594080.0
scroll,slowheat_scroll,estimated_overhead_flops,333205446,21594080.0
scroll,slowheat_scroll,estimated_overhead_flops,130501536,21594080.0
scroll,slowheat_scroll,estimated_overhead_flops,492612040,21594080.0
scroll,slowheat_scroll,replay_memory_bytes,2101606466,0.0
scroll,slowheat_scroll,replay_memory_bytes,1872839281,0.0
scroll,slowheat_scroll,replay_memory_bytes,637029796,0.0
scroll,slowheat_scroll,replay_memory_bytes,1357204345,0.0
scroll,slowheat_scroll,replay_memory_bytes,1758462037,0.0
scroll,slowheat_scroll,replay_memory_bytes,748737880,0.0
scroll,slowheat_scroll,replay_memory_bytes,1611510062,0.0
scroll,slowheat_scroll,replay_memory_bytes,333205446,0.0
scroll,slowheat_scroll,replay_memory_bytes,130501536,0.0
scroll,slowheat_scroll,replay_memory_bytes,492612040,0.0
scroll,slowheat_scroll,stored_logits_bytes,2101606466,0.0
scroll,slowheat_scroll,stored_logits_bytes,1872839281,0.0
scroll,slowheat_scroll,stored_logits_bytes,637029796,0.0
scroll,slowheat_scroll,stored_logits_bytes,1357204345,0.0
scroll,slowheat_scroll,stored_logits_bytes,1758462037,0.0
scroll,slowheat_scroll,stored_logits_bytes,748737880,0.0
scroll,slowheat_scroll,stored_logits_bytes,1611510062,0.0
scroll,slowheat_scroll,stored_logits_bytes,333205446,0.0
scroll,slowheat_scroll,stored_logits_bytes,130501536,0.0
scroll,slowheat_scroll,stored_logits_bytes,492612040,0.0
