reference,method,metric,seed,difference
vanilla,slowheat_none,final_average_accuracy,2101606466,-0.0007000000000000062
vanilla,slowheat_none,final_average_accuracy,1872839281,0.0012000000000000066
vanilla,slowheat_none,final_average_accuracy,637029796,-0.0007999999999999952
vanilla,slowheat_none,final_average_accuracy,1357204345,-0.00020000000000000573
vanilla,slowheat_none,final_average_accuracy,1758462037,0.00040000000000001146
vanilla,slowheat_none,final_average_accuracy,748737880,0.0
vanilla,slowheat_none,final_average_accuracy,1611510062,0.0030000000000000027
vanilla,slowheat_none,final_average_accuracy,333205446,-0.001700000000000007
vanilla,slowheat_none,final_average_accuracy,130501536,0.0008999999999999841
vanilla,slowheat_none,final_average_accuracy,492612040,-0.0032999999999999696
vanilla,slowheat_none,average_forgetting,2101606466,-0.004750000000000032
vanilla,slowheat_none,average_forgetting,1872839281,-0.0003750000000000142
vanilla,slowheat_none,average_forgetting,637029796,-0.008500000000000063
vanilla,slowheat_none,average_forgetting,1357204345,-0.007000000000000006
vanilla,slowheat_none,average_forgetting,1758462037,0.0068750000000000755
vanilla,slowheat_none,average_forgetting,748737880,-0.009000000000000008
vanilla,slowheat_none,average_forgetting,1611510062,-0.0036249999999998783
vanilla,slowheat_none,average_forgetting,333205446,-0.0017499999999999183
vanilla,slowheat_none,average_forgetting,130501536,0.0016249999999998765
vanilla,slowheat_none,average_forgetting,492612040,-0.0021250000000000435
vanilla,slowheat_none,backward_transfer,2101606466,0.004750000000000032
vanilla,slowheat_none,backward_transfer,1872839281,0.0003750000000000142
vanilla,slowheat_none,backward_transfer,637029796,0.008500000000000063
vanilla,slowheat_none,backward_transfer,1357204345,0.007000000000000006
vanilla,slowheat_none,backward_transfer,1758462037,-0.0068750000000000755
vanilla,slowheat_none,backward_transfer,748737880,0.009000000000000008
vanilla,slowheat_none,backward_transfer,1611510062,0.0036249999999998783
vanilla,slowheat_none,backward_transfer,333205446,0.0017499999999999183
vanilla,slowheat_none,backward_transfer,130501536,-0.0016249999999998765
vanilla,slowheat_none,backward_transfer,492612040,0.0021250000000000435
vanilla,slowheat_none,forward_transfer,2101606466,0.0
vanilla,slowheat_none,forward_transfer,1872839281,0.0
vanilla,slowheat_none,forward_transfer,637029796,0.0005000000000000004
vanilla,slowheat_none,forward_transfer,1357204345,0.002250000000000002
vanilla,slowheat_none,forward_transfer,1758462037,0.0
vanilla,slowheat_none,forward_transfer,748737880,0.000125
vanilla,slowheat_none,forward_transfer,1611510062,0.0001250000000000001
vanilla,slowheat_none,forward_transfer,333205446,-0.0022499999999999742
vanilla,slowheat_none,forward_transfer,130501536,-0.000125
vanilla,slowheat_none,forward_transfer,492612040,-0.0003750000000000142
vanilla,slowheat_none,task_aware_final_accuracy,2101606466,0.07850000000000001
vanilla,slowheat_none,task_aware_final_accuracy,1872839281,-0.05049999999999999
vanilla,slowheat_none,task_aware_final_accuracy,637029796,0.03210000000000002
vanilla,slowheat_none,task_aware_final_accuracy,1357204345,-0.010399999999999965
vanilla,slowheat_none,task_aware_final_accuracy,1758462037,0.04269999999999996
vanilla,slowheat_none,task_aware_final_accuracy,748737880,-0.0502999999999999
vanilla,slowheat_none,task_aware_final_accuracy,1611510062,-0.038900000000000046
vanilla,slowheat_none,task_aware_final_accuracy,333205446,-0.012499999999999845
vanilla,slowheat_none,task_aware_final_accuracy,130501536,0.028900000000000037
vanilla,slowheat_none,task_aware_final_accuracy,492612040,0.006399999999999961
vanilla,slowheat_none,task_aware_forgetting,2101606466,-0.10374999999999995
vanilla,slowheat_none,task_aware_forgetting,1872839281,0.06424999999999997
vanilla,slowheat_none,task_aware_forgetting,637029796,-0.04962500000000003
vanilla,slowheat_none,task_aware_forgetting,1357204345,0.005749999999999977
vanilla,slowheat_none,task_aware_forgetting,1758462037,-0.04600000000000004
vanilla,slowheat_none,task_aware_forgetting,748737880,0.05387499999999995
vanilla,slowheat_none,task_aware_forgetting,1611510062,0.048750000000000016
vanilla,slowheat_none,task_aware_forgetting,333205446,0.011750000000000038
vanilla,slowheat_none,task_aware_forgetting,130501536,-0.033375000000000044
vanilla,slowheat_none,task_aware_forgetting,492612040,-0.014249999999999985
vanilla,slowheat_none,classifier_gap,2101606466,0.07919999999999999
vanilla,slowheat_none,classifier_gap,1872839281,-0.051700000000000024
vanilla,slowheat_none,classifier_gap,637029796,0.03290000000000004
vanilla,slowheat_none,classifier_gap,1357204345,-0.010199999999999931
vanilla,slowheat_none,classifier_gap,1758462037,0.042300000000000004
vanilla,slowheat_none,classifier_gap,748737880,-0.0502999999999999
vanilla,slowheat_none,classifier_gap,1611510062,-0.04190000000000005
vanilla,slowheat_none,classifier_gap,333205446,-0.010799999999999865
vanilla,slowheat_none,classifier_gap,130501536,0.02800000000000008
vanilla,slowheat_none,classifier_gap,492612040,0.009699999999999931
vanilla,slowheat_none,elapsed_seconds,2101606466,166.73202539197518
vanilla,slowheat_none,elapsed_seconds,1872839281,159.85855174198514
vanilla,slowheat_none,elapsed_seconds,637029796,162.52863019303186
vanilla,slowheat_none,elapsed_seconds,1357204345,32.88884896601667
vanilla,slowheat_none,elapsed_seconds,1758462037,35.6660958249995
vanilla,slowheat_none,elapsed_seconds,748737880,31.37894593697274
vanilla,slowheat_none,elapsed_seconds,1611510062,31.111686251009814
vanilla,slowheat_none,elapsed_seconds,333205446,31.83625439699972
vanilla,slowheat_none,elapsed_seconds,130501536,34.83768274798058
vanilla,slowheat_none,elapsed_seconds,492612040,30.01227665002807
vanilla,slowheat_none,learner_examples_processed,2101606466,0.0
vanilla,slowheat_none,learner_examples_processed,1872839281,0.0
vanilla,slowheat_none,learner_examples_processed,637029796,0.0
vanilla,slowheat_none,learner_examples_processed,1357204345,0.0
vanilla,slowheat_none,learner_examples_processed,1758462037,0.0
vanilla,slowheat_none,learner_examples_processed,748737880,0.0
vanilla,slowheat_none,learner_examples_processed,1611510062,0.0
vanilla,slowheat_none,learner_examples_processed,333205446,0.0
vanilla,slowheat_none,learner_examples_processed,130501536,0.0
vanilla,slowheat_none,learner_examples_processed,492612040,0.0
vanilla,slowheat_none,total_model_examples_processed,2101606466,0.0
vanilla,slowheat_none,total_model_examples_processed,1872839281,0.0
vanilla,slowheat_none,total_model_examples_processed,637029796,0.0
vanilla,slowheat_none,total_model_examples_processed,1357204345,0.0
vanilla,slowheat_none,total_model_examples_processed,1758462037,0.0
vanilla,slowheat_none,total_model_examples_processed,748737880,0.0
vanilla,slowheat_none,total_model_examples_processed,1611510062,0.0
vanilla,slowheat_none,total_model_examples_processed,333205446,0.0
vanilla,slowheat_none,total_model_examples_processed,130501536,0.0
vanilla,slowheat_none,total_model_examples_processed,492612040,0.0
vanilla,slowheat_none,estimated_total_flops,2101606466,16757612550.0
vanilla,slowheat_none,estimated_total_flops,1872839281,16757612550.0
vanilla,slowheat_none,estimated_total_flops,637029796,16757612550.0
vanilla,slowheat_none,estimated_total_flops,1357204345,16757612550.0
vanilla,slowheat_none,estimated_total_flops,1758462037,16757612550.0
vanilla,slowheat_none,estimated_total_flops,748737880,16757612550.0
vanilla,slowheat_none,estimated_total_flops,1611510062,16757612550.0
vanilla,slowheat_none,estimated_total_flops,333205446,16757612550.0
vanilla,slowheat_none,estimated_total_flops,130501536,16757612550.0
vanilla,slowheat_none,estimated_total_flops,492612040,16757612550.0
vanilla,slowheat_none,estimated_overhead_flops,2101606466,16757612550.0
vanilla,slowheat_none,estimated_overhead_flops,1872839281,16757612550.0
vanilla,slowheat_none,estimated_overhead_flops,637029796,16757612550.0
vanilla,slowheat_none,estimated_overhead_flops,1357204345,16757612550.0
vanilla,slowheat_none,estimated_overhead_flops,1758462037,16757612550.0
vanilla,slowheat_none,estimated_overhead_flops,748737880,16757612550.0
vanilla,slowheat_none,estimated_overhead_flops,1611510062,16757612550.0
vanilla,slowheat_none,estimated_overhead_flops,333205446,16757612550.0
vanilla,slowheat_none,estimated_overhead_flops,130501536,16757612550.0
vanilla,slowheat_none,estimated_overhead_flops,492612040,16757612550.0
vanilla,slowheat_none,replay_memory_bytes,2101606466,0.0
vanilla,slowheat_none,replay_memory_bytes,1872839281,0.0
vanilla,slowheat_none,replay_memory_bytes,637029796,0.0
vanilla,slowheat_none,replay_memory_bytes,1357204345,0.0
vanilla,slowheat_none,replay_memory_bytes,1758462037,0.0
vanilla,slowheat_none,replay_memory_bytes,748737880,0.0
vanilla,slowheat_none,replay_memory_bytes,1611510062,0.0
vanilla,slowheat_none,replay_memory_bytes,333205446,0.0
vanilla,slowheat_none,replay_memory_bytes,130501536,0.0
vanilla,slowheat_none,replay_memory_bytes,492612040,0.0
vanilla,slowheat_none,stored_logits_bytes,2101606466,0.0
vanilla,slowheat_none,stored_logits_bytes,1872839281,0.0
vanilla,slowheat_none,stored_logits_bytes,637029796,0.0
vanilla,slowheat_none,stored_logits_bytes,1357204345,0.0
vanilla,slowheat_none,stored_logits_bytes,1758462037,0.0
vanilla,slowheat_none,stored_logits_bytes,748737880,0.0
vanilla,slowheat_none,stored_logits_bytes,1611510062,0.0
vanilla,slowheat_none,stored_logits_bytes,333205446,0.0
vanilla,slowheat_none,stored_logits_bytes,130501536,0.0
vanilla,slowheat_none,stored_logits_bytes,492612040,0.0
vanilla,slowheat_none,replay_metadata_bytes,2101606466,0.0
vanilla,slowheat_none,replay_metadata_bytes,1872839281,0.0
vanilla,slowheat_none,replay_metadata_bytes,637029796,0.0
vanilla,slowheat_none,replay_metadata_bytes,1357204345,0.0
vanilla,slowheat_none,replay_metadata_bytes,1758462037,0.0
vanilla,slowheat_none,replay_metadata_bytes,748737880,0.0
vanilla,slowheat_none,replay_metadata_bytes,1611510062,0.0
vanilla,slowheat_none,replay_metadata_bytes,333205446,0.0
vanilla,slowheat_none,replay_metadata_bytes,130501536,0.0
vanilla,slowheat_none,replay_metadata_bytes,492612040,0.0
vanilla,slowheat_none,selector_forward_examples,2101606466,0.0
vanilla,slowheat_none,selector_forward_examples,1872839281,0.0
vanilla,slowheat_none,selector_forward_examples,637029796,0.0
vanilla,slowheat_none,selector_forward_examples,1357204345,0.0
vanilla,slowheat_none,selector_forward_examples,1758462037,0.0
vanilla,slowheat_none,selector_forward_examples,748737880,0.0
vanilla,slowheat_none,selector_forward_examples,1611510062,0.0
vanilla,slowheat_none,selector_forward_examples,333205446,0.0
vanilla,slowheat_none,selector_forward_examples,130501536,0.0
vanilla,slowheat_none,selector_forward_examples,492612040,0.0
vanilla,slowheat_none,selection_seconds,2101606466,0.0
vanilla,slowheat_none,selection_seconds,1872839281,0.0
vanilla,slowheat_none,selection_seconds,637029796,0.0
vanilla,slowheat_none,selection_seconds,1357204345,0.0
vanilla,slowheat_none,selection_seconds,1758462037,0.0
vanilla,slowheat_none,selection_seconds,748737880,0.0
vanilla,slowheat_none,selection_seconds,1611510062,0.0
vanilla,slowheat_none,selection_seconds,333205446,0.0
vanilla,slowheat_none,selection_seconds,130501536,0.0
vanilla,slowheat_none,selection_seconds,492612040,0.0
vanilla,slowheat_unidirectional,final_average_accuracy,2101606466,-0.007200000000000012
vanilla,slowheat_unidirectional,final_average_accuracy,1872839281,-0.001700000000000007
vanilla,slowheat_unidirectional,final_average_accuracy,637029796,-0.001700000000000007
vanilla,slowheat_unidirectional,final_average_accuracy,1357204345,-0.006900000000000017
vanilla,slowheat_unidirectional,final_average_accuracy,1758462037,-0.0019000000000000128
vanilla,slowheat_unidirectional,final_average_accuracy,748737880,-0.010699999999999987
vanilla,slowheat_unidirectional,final_average_accuracy,1611510062,-0.005700000000000011
vanilla,slowheat_unidirectional,final_average_accuracy,333205446,-0.0058
vanilla,slowheat_unidirectional,final_average_accuracy,130501536,0.0012999999999999678
vanilla,slowheat_unidirectional,final_average_accuracy,492612040,-0.007699999999999985
vanilla,slowheat_unidirectional,average_forgetting,2101606466,-0.007249999999999979
vanilla,slowheat_unidirectional,average_forgetting,1872839281,-0.022750000000000048
vanilla,slowheat_unidirectional,average_forgetting,637029796,-0.015875000000000083
vanilla,slowheat_unidirectional,average_forgetting,1357204345,-0.004874999999999963
vanilla,slowheat_unidirectional,average_forgetting,1758462037,0.005249999999999977
vanilla,slowheat_unidirectional,average_forgetting,748737880,-0.01012499999999994
vanilla,slowheat_unidirectional,average_forgetting,1611510062,-0.004749999999999921
vanilla,slowheat_unidirectional,average_forgetting,333205446,-0.0021249999999999325
vanilla,slowheat_unidirectional,average_forgetting,130501536,-0.005249999999999977
vanilla,slowheat_unidirectional,average_forgetting,492612040,-0.01112499999999994
vanilla,slowheat_unidirectional,backward_transfer,2101606466,0.007249999999999979
vanilla,slowheat_unidirectional,backward_transfer,1872839281,0.022750000000000048
vanilla,slowheat_unidirectional,backward_transfer,637029796,0.015875000000000083
vanilla,slowheat_unidirectional,backward_transfer,1357204345,0.004874999999999963
vanilla,slowheat_unidirectional,backward_transfer,1758462037,-0.005249999999999977
vanilla,slowheat_unidirectional,backward_transfer,748737880,0.01012499999999994
vanilla,slowheat_unidirectional,backward_transfer,1611510062,0.004749999999999921
vanilla,slowheat_unidirectional,backward_transfer,333205446,0.0021249999999999325
vanilla,slowheat_unidirectional,backward_transfer,130501536,0.005249999999999977
vanilla,slowheat_unidirectional,backward_transfer,492612040,0.01112499999999994
vanilla,slowheat_unidirectional,forward_transfer,2101606466,0.0
vanilla,slowheat_unidirectional,forward_transfer,1872839281,0.0
vanilla,slowheat_unidirectional,forward_transfer,637029796,0.0011249999999999871
vanilla,slowheat_unidirectional,forward_transfer,1357204345,0.0002500000000000002
vanilla,slowheat_unidirectional,forward_transfer,1758462037,0.0
vanilla,slowheat_unidirectional,forward_transfer,748737880,0.000125
vanilla,slowheat_unidirectional,forward_transfer,1611510062,0.0002500000000000002
vanilla,slowheat_unidirectional,forward_transfer,333205446,-0.00024999999999997247
vanilla,slowheat_unidirectional,forward_transfer,130501536,0.000125
vanilla,slowheat_unidirectional,forward_transfer,492612040,-0.0003750000000000142
vanilla,slowheat_unidirectional,task_aware_final_accuracy,2101606466,0.050899999999999945
vanilla,slowheat_unidirectional,task_aware_final_accuracy,1872839281,-0.011700000000000044
vanilla,slowheat_unidirectional,task_aware_final_accuracy,637029796,-0.02739999999999998
vanilla,slowheat_unidirectional,task_aware_final_accuracy,1357204345,-0.0030000000000000027
vanilla,slowheat_unidirectional,task_aware_final_accuracy,1758462037,0.05720000000000003
vanilla,slowheat_unidirectional,task_aware_final_accuracy,748737880,-0.014699999999999935
vanilla,slowheat_unidirectional,task_aware_final_accuracy,1611510062,-0.03880000000000006
vanilla,slowheat_unidirectional,task_aware_final_accuracy,333205446,0.01880000000000004
vanilla,slowheat_unidirectional,task_aware_final_accuracy,130501536,0.012800000000000034
vanilla,slowheat_unidirectional,task_aware_final_accuracy,492612040,0.030100000000000016
vanilla,slowheat_unidirectional,task_aware_forgetting,2101606466,-0.07987499999999992
vanilla,slowheat_unidirectional,task_aware_forgetting,1872839281,-0.010249999999999981
vanilla,slowheat_unidirectional,task_aware_forgetting,637029796,0.016249999999999987
vanilla,slowheat_unidirectional,task_aware_forgetting,1357204345,-0.009749999999999981
vanilla,slowheat_unidirectional,task_aware_forgetting,1758462037,-0.06862499999999999
vanilla,slowheat_unidirectional,task_aware_forgetting,748737880,-0.005125000000000046
vanilla,slowheat_unidirectional,task_aware_forgetting,1611510062,0.03662500000000002
vanilla,slowheat_unidirectional,task_aware_forgetting,333205446,-0.03287499999999999
vanilla,slowheat_unidirectional,task_aware_forgetting,130501536,-0.019625000000000004
vanilla,slowheat_unidirectional,task_aware_forgetting,492612040,-0.058374999999999955
vanilla,slowheat_unidirectional,classifier_gap,2101606466,0.058099999999999985
vanilla,slowheat_unidirectional,classifier_gap,1872839281,-0.010000000000000064
vanilla,slowheat_unidirectional,classifier_gap,637029796,-0.025699999999999945
vanilla,slowheat_unidirectional,classifier_gap,1357204345,0.0039000000000000146
vanilla,slowheat_unidirectional,classifier_gap,1758462037,0.05910000000000004
vanilla,slowheat_unidirectional,classifier_gap,748737880,-0.003999999999999948
vanilla,slowheat_unidirectional,classifier_gap,1611510062,-0.033100000000000074
vanilla,slowheat_unidirectional,classifier_gap,333205446,0.02460000000000001
vanilla,slowheat_unidirectional,classifier_gap,130501536,0.011500000000000066
vanilla,slowheat_unidirectional,classifier_gap,492612040,0.0378
vanilla,slowheat_unidirectional,elapsed_seconds,2101606466,171.2161389819812
vanilla,slowheat_unidirectional,elapsed_seconds,1872839281,170.21921535400907
vanilla,slowheat_unidirectional,elapsed_seconds,637029796,168.46571762600797
vanilla,slowheat_unidirectional,elapsed_seconds,1357204345,40.48566952103283
vanilla,slowheat_unidirectional,elapsed_seconds,1758462037,42.671131987997796
vanilla,slowheat_unidirectional,elapsed_seconds,748737880,38.8457576239889
vanilla,slowheat_unidirectional,elapsed_seconds,1611510062,38.94926457499969
vanilla,slowheat_unidirectional,elapsed_seconds,333205446,39.241735365998466
vanilla,slowheat_unidirectional,elapsed_seconds,130501536,42.8982921949646
vanilla,slowheat_unidirectional,elapsed_seconds,492612040,37.20567230900633
vanilla,slowheat_unidirectional,learner_examples_processed,2101606466,0.0
vanilla,slowheat_unidirectional,learner_examples_processed,1872839281,0.0
vanilla,slowheat_unidirectional,learner_examples_processed,637029796,0.0
vanilla,slowheat_unidirectional,learner_examples_processed,1357204345,0.0
vanilla,slowheat_unidirectional,learner_examples_processed,1758462037,0.0
vanilla,slowheat_unidirectional,learner_examples_processed,748737880,0.0
vanilla,slowheat_unidirectional,learner_examples_processed,1611510062,0.0
vanilla,slowheat_unidirectional,learner_examples_processed,333205446,0.0
vanilla,slowheat_unidirectional,learner_examples_processed,130501536,0.0
vanilla,slowheat_unidirectional,learner_examples_processed,492612040,0.0
vanilla,slowheat_unidirectional,total_model_examples_processed,2101606466,0.0
vanilla,slowheat_unidirectional,total_model_examples_processed,1872839281,0.0
vanilla,slowheat_unidirectional,total_model_examples_processed,637029796,0.0
vanilla,slowheat_unidirectional,total_model_examples_processed,1357204345,0.0
vanilla,slowheat_unidirectional,total_model_examples_processed,1758462037,0.0
vanilla,slowheat_unidirectional,total_model_examples_processed,748737880,0.0
vanilla,slowheat_unidirectional,total_model_examples_processed,1611510062,0.0
vanilla,slowheat_unidirectional,total_model_examples_processed,333205446,0.0
vanilla,slowheat_unidirectional,total_model_examples_processed,130501536,0.0
vanilla,slowheat_unidirectional,total_model_examples_processed,492612040,0.0
vanilla,slowheat_unidirectional,estimated_total_flops,2101606466,16757731790.0
vanilla,slowheat_unidirectional,estimated_total_flops,1872839281,16757731790.0
vanilla,slowheat_unidirectional,estimated_total_flops,637029796,16757731790.0
vanilla,slowheat_unidirectional,estimated_total_flops,1357204345,16757731790.0
vanilla,slowheat_unidirectional,estimated_total_flops,1758462037,16757731790.0
vanilla,slowheat_unidirectional,estimated_total_flops,748737880,16757731790.0
vanilla,slowheat_unidirectional,estimated_total_flops,1611510062,16757731790.0
vanilla,slowheat_unidirectional,estimated_total_flops,333205446,16757731790.0
vanilla,slowheat_unidirectional,estimated_total_flops,130501536,16757731790.0
vanilla,slowheat_unidirectional,estimated_total_flops,492612040,16757731790.0
vanilla,slowheat_unidirectional,estimated_overhead_flops,2101606466,16757731790.0
vanilla,slowheat_unidirectional,estimated_overhead_flops,1872839281,16757731790.0
vanilla,slowheat_unidirectional,estimated_overhead_flops,637029796,16757731790.0
vanilla,slowheat_unidirectional,estimated_overhead_flops,1357204345,16757731790.0
vanilla,slowheat_unidirectional,estimated_overhead_flops,1758462037,16757731790.0
vanilla,slowheat_unidirectional,estimated_overhead_flops,748737880,16757731790.0
vanilla,slowheat_unidirectional,estimated_overhead_flops,1611510062,16757731790.0
vanilla,slowheat_unidirectional,estimated_overhead_flops,333205446,16757731790.0
vanilla,slowheat_unidirectional,estimated_overhead_flops,130501536,16757731790.0
vanilla,slowheat_unidirectional,estimated_overhead_flops,492612040,16757731790.0
vanilla,slowheat_unidirectional,replay_memory_bytes,2101606466,0.0
vanilla,slowheat_unidirectional,replay_memory_bytes,1872839281,0.0
vanilla,slowheat_unidirectional,replay_memory_bytes,637029796,0.0
vanilla,slowheat_unidirectional,replay_memory_bytes,1357204345,0.0
vanilla,slowheat_unidirectional,replay_memory_bytes,1758462037,0.0
vanilla,slowheat_unidirectional,replay_memory_bytes,748737880,0.0
vanilla,slowheat_unidirectional,replay_memory_bytes,1611510062,0.0
vanilla,slowheat_unidirectional,replay_memory_bytes,333205446,0.0
vanilla,slowheat_unidirectional,replay_memory_bytes,130501536,0.0
vanilla,slowheat_unidirectional,replay_memory_bytes,492612040,0.0
vanilla,slowheat_unidirectional,stored_logits_bytes,2101606466,0.0
vanilla,slowheat_unidirectional,stored_logits_bytes,1872839281,0.0
vanilla,slowheat_unidirectional,stored_logits_bytes,637029796,0.0
vanilla,slowheat_unidirectional,stored_logits_bytes,1357204345,0.0
vanilla,slowheat_unidirectional,stored_logits_bytes,1758462037,0.0
vanilla,slowheat_unidirectional,stored_logits_bytes,748737880,0.0
vanilla,slowheat_unidirectional,stored_logits_bytes,1611510062,0.0
vanilla,slowheat_unidirectional,stored_logits_bytes,333205446,0.0
vanilla,slowheat_unidirectional,stored_logits_bytes,130501536,0.0
vanilla,slowheat_unidirectional,stored_logits_bytes,492612040,0.0
vanilla,slowheat_unidirectional,replay_metadata_bytes,2101606466,0.0
vanilla,slowheat_unidirectional,replay_metadata_bytes,1872839281,0.0
vanilla,slowheat_unidirectional,replay_metadata_bytes,637029796,0.0
vanilla,slowheat_unidirectional,replay_metadata_bytes,1357204345,0.0
vanilla,slowheat_unidirectional,replay_metadata_bytes,1758462037,0.0
vanilla,slowheat_unidirectional,replay_metadata_bytes,748737880,0.0
vanilla,slowheat_unidirectional,replay_metadata_bytes,1611510062,0.0
vanilla,slowheat_unidirectional,replay_metadata_bytes,333205446,0.0
vanilla,slowheat_unidirectional,replay_metadata_bytes,130501536,0.0
vanilla,slowheat_unidirectional,replay_metadata_bytes,492612040,0.0
vanilla,slowheat_unidirectional,selector_forward_examples,2101606466,0.0
vanilla,slowheat_unidirectional,selector_forward_examples,1872839281,0.0
vanilla,slowheat_unidirectional,selector_forward_examples,637029796,0.0
vanilla,slowheat_unidirectional,selector_forward_examples,1357204345,0.0
vanilla,slowheat_unidirectional,selector_forward_examples,1758462037,0.0
vanilla,slowheat_unidirectional,selector_forward_examples,748737880,0.0
vanilla,slowheat_unidirectional,selector_forward_examples,1611510062,0.0
vanilla,slowheat_unidirectional,selector_forward_examples,333205446,0.0
vanilla,slowheat_unidirectional,selector_forward_examples,130501536,0.0
vanilla,slowheat_unidirectional,selector_forward_examples,492612040,0.0
vanilla,slowheat_unidirectional,selection_seconds,2101606466,0.0
vanilla,slowheat_unidirectional,selection_seconds,1872839281,0.0
vanilla,slowheat_unidirectional,selection_seconds,637029796,0.0
vanilla,slowheat_unidirectional,selection_seconds,1357204345,0.0
vanilla,slowheat_unidirectional,selection_seconds,1758462037,0.0
vanilla,slowheat_unidirectional,selection_seconds,748737880,0.0
vanilla,slowheat_unidirectional,selection_seconds,1611510062,0.0
vanilla,slowheat_unidirectional,selection_seconds,333205446,0.0
vanilla,slowheat_unidirectional,selection_seconds,130501536,0.0
vanilla,slowheat_unidirectional,selection_seconds,492612040,0.0
vanilla,slowheat,final_average_accuracy,2101606466,-0.005400000000000016
vanilla,slowheat,final_average_accuracy,1872839281,-0.005700000000000011
vanilla,slowheat,final_average_accuracy,637029796,-0.0067000000000000115
vanilla,slowheat,final_average_accuracy,1357204345,-0.008500000000000008
vanilla,slowheat,final_average_accuracy,1758462037,-0.00739999999999999
vanilla,slowheat,final_average_accuracy,748737880,-0.005699999999999983
vanilla,slowheat,final_average_accuracy,1611510062,-0.008599999999999997
vanilla,slowheat,final_average_accuracy,333205446,-0.011300000000000004
vanilla,slowheat,final_average_accuracy,130501536,-0.0038000000000000256
vanilla,slowheat,final_average_accuracy,492612040,-0.009699999999999986
vanilla,slowheat,average_forgetting,2101606466,-0.007875000000000076
vanilla,slowheat,average_forgetting,1872839281,-0.0296249999999999
vanilla,slowheat,average_forgetting,637029796,-0.02925000000000011
vanilla,slowheat,average_forgetting,1357204345,-0.015000000000000013
vanilla,slowheat,average_forgetting,1758462037,0.0
vanilla,slowheat,average_forgetting,748737880,-0.024375000000000036
vanilla,slowheat,average_forgetting,1611510062,-0.013499999999999956
vanilla,slowheat,average_forgetting,333205446,-0.02312499999999995
vanilla,slowheat,average_forgetting,130501536,-0.03200000000000003
vanilla,slowheat,average_forgetting,492612040,-0.014125000000000054
vanilla,slowheat,backward_transfer,2101606466,0.007875000000000076
vanilla,slowheat,backward_transfer,1872839281,0.0296249999999999
vanilla,slowheat,backward_transfer,637029796,0.02925000000000011
vanilla,slowheat,backward_transfer,1357204345,0.015000000000000013
vanilla,slowheat,backward_transfer,1758462037,0.0
vanilla,slowheat,backward_transfer,748737880,0.024375000000000036
vanilla,slowheat,backward_transfer,1611510062,0.013499999999999956
vanilla,slowheat,backward_transfer,333205446,0.02312499999999995
vanilla,slowheat,backward_transfer,130501536,0.03200000000000003
vanilla,slowheat,backward_transfer,492612040,0.014125000000000054
vanilla,slowheat,forward_transfer,2101606466,0.0
vanilla,slowheat,forward_transfer,1872839281,0.0
vanilla,slowheat,forward_transfer,637029796,0.00012499999999998623
vanilla,slowheat,forward_transfer,1357204345,0.0007500000000000007
vanilla,slowheat,forward_transfer,1758462037,0.0
vanilla,slowheat,forward_transfer,748737880,0.0
vanilla,slowheat,forward_transfer,1611510062,0.0006250000000000006
vanilla,slowheat,forward_transfer,333205446,-0.0005000000000000004
vanilla,slowheat,forward_transfer,130501536,0.000125
vanilla,slowheat,forward_transfer,492612040,0.0005000000000000004
vanilla,slowheat,task_aware_final_accuracy,2101606466,0.013599999999999945
vanilla,slowheat,task_aware_final_accuracy,1872839281,-0.03550000000000009
vanilla,slowheat,task_aware_final_accuracy,637029796,0.013500000000000068
vanilla,slowheat,task_aware_final_accuracy,1357204345,-0.016199999999999992
vanilla,slowheat,task_aware_final_accuracy,1758462037,0.013799999999999923
vanilla,slowheat,task_aware_final_accuracy,748737880,-0.010999999999999899
vanilla,slowheat,task_aware_final_accuracy,1611510062,-0.039100000000000024
vanilla,slowheat,task_aware_final_accuracy,333205446,-0.012299999999999867
vanilla,slowheat,task_aware_final_accuracy,130501536,-0.028900000000000037
vanilla,slowheat,task_aware_final_accuracy,492612040,0.07999999999999996
vanilla,slowheat,task_aware_forgetting,2101606466,-0.03162499999999996
vanilla,slowheat,task_aware_forgetting,1872839281,0.007625000000000048
vanilla,slowheat,task_aware_forgetting,637029796,-0.05450000000000005
vanilla,slowheat,task_aware_forgetting,1357204345,-0.005375000000000019
vanilla,slowheat,task_aware_forgetting,1758462037,-0.026500000000000024
vanilla,slowheat,task_aware_forgetting,748737880,-0.017750000000000044
vanilla,slowheat,task_aware_forgetting,1611510062,0.024625000000000064
vanilla,slowheat,task_aware_forgetting,333205446,-0.021874999999999978
vanilla,slowheat,task_aware_forgetting,130501536,-0.0006249999999999867
vanilla,slowheat,task_aware_forgetting,492612040,-0.12624999999999997
vanilla,slowheat,classifier_gap,2101606466,0.01899999999999996
vanilla,slowheat,classifier_gap,1872839281,-0.029800000000000104
vanilla,slowheat,classifier_gap,637029796,0.020200000000000107
vanilla,slowheat,classifier_gap,1357204345,-0.007699999999999985
vanilla,slowheat,classifier_gap,1758462037,0.02119999999999994
vanilla,slowheat,classifier_gap,748737880,-0.005299999999999916
vanilla,slowheat,classifier_gap,1611510062,-0.030500000000000027
vanilla,slowheat,classifier_gap,333205446,-0.0009999999999998344
vanilla,slowheat,classifier_gap,130501536,-0.02510000000000001
vanilla,slowheat,classifier_gap,492612040,0.08969999999999995
vanilla,slowheat,elapsed_seconds,2101606466,226.03785048000282
vanilla,slowheat,elapsed_seconds,1872839281,173.15970165701583
vanilla,slowheat,elapsed_seconds,637029796,171.2031165759836
vanilla,slowheat,elapsed_seconds,1357204345,44.61269198602531
vanilla,slowheat,elapsed_seconds,1758462037,45.354802668996854
vanilla,slowheat,elapsed_seconds,748737880,41.35504616401158
vanilla,slowheat,elapsed_seconds,1611510062,41.2298858690192
vanilla,slowheat,elapsed_seconds,333205446,41.624783243983984
vanilla,slowheat,elapsed_seconds,130501536,44.87889999098843
vanilla,slowheat,elapsed_seconds,492612040,39.698613860004116
vanilla,slowheat,learner_examples_processed,2101606466,0.0
vanilla,slowheat,learner_examples_processed,1872839281,0.0
vanilla,slowheat,learner_examples_processed,637029796,0.0
vanilla,slowheat,learner_examples_processed,1357204345,0.0
vanilla,slowheat,learner_examples_processed,1758462037,0.0
vanilla,slowheat,learner_examples_processed,748737880,0.0
vanilla,slowheat,learner_examples_processed,1611510062,0.0
vanilla,slowheat,learner_examples_processed,333205446,0.0
vanilla,slowheat,learner_examples_processed,130501536,0.0
vanilla,slowheat,learner_examples_processed,492612040,0.0
vanilla,slowheat,total_model_examples_processed,2101606466,0.0
vanilla,slowheat,total_model_examples_processed,1872839281,0.0
vanilla,slowheat,total_model_examples_processed,637029796,0.0
vanilla,slowheat,total_model_examples_processed,1357204345,0.0
vanilla,slowheat,total_model_examples_processed,1758462037,0.0
vanilla,slowheat,total_model_examples_processed,748737880,0.0
vanilla,slowheat,total_model_examples_processed,1611510062,0.0
vanilla,slowheat,total_model_examples_processed,333205446,0.0
vanilla,slowheat,total_model_examples_processed,130501536,0.0
vanilla,slowheat,total_model_examples_processed,492612040,0.0
vanilla,slowheat,estimated_total_flops,2101606466,16757731790.0
vanilla,slowheat,estimated_total_flops,1872839281,16757731790.0
vanilla,slowheat,estimated_total_flops,637029796,16757731790.0
vanilla,slowheat,estimated_total_flops,1357204345,16757731790.0
vanilla,slowheat,estimated_total_flops,1758462037,16757731790.0
vanilla,slowheat,estimated_total_flops,748737880,16757731790.0
vanilla,slowheat,estimated_total_flops,1611510062,16757731790.0
vanilla,slowheat,estimated_total_flops,333205446,16757731790.0
vanilla,slowheat,estimated_total_flops,130501536,16757731790.0
vanilla,slowheat,estimated_total_flops,492612040,16757731790.0
vanilla,slowheat,estimated_overhead_flops,2101606466,16757731790.0
vanilla,slowheat,estimated_overhead_flops,1872839281,16757731790.0
vanilla,slowheat,estimated_overhead_flops,637029796,16757731790.0
vanilla,slowheat,estimated_overhead_flops,1357204345,16757731790.0
vanilla,slowheat,estimated_overhead_flops,1758462037,16757731790.0
vanilla,slowheat,estimated_overhead_flops,748737880,16757731790.0
vanilla,slowheat,estimated_overhead_flops,1611510062,16757731790.0
vanilla,slowheat,estimated_overhead_flops,333205446,16757731790.0
vanilla,slowheat,estimated_overhead_flops,130501536,16757731790.0
vanilla,slowheat,estimated_overhead_flops,492612040,16757731790.0
vanilla,slowheat,replay_memory_bytes,2101606466,0.0
vanilla,slowheat,replay_memory_bytes,1872839281,0.0
vanilla,slowheat,replay_memory_bytes,637029796,0.0
vanilla,slowheat,replay_memory_bytes,1357204345,0.0
vanilla,slowheat,replay_memory_bytes,1758462037,0.0
vanilla,slowheat,replay_memory_bytes,748737880,0.0
vanilla,slowheat,replay_memory_bytes,1611510062,0.0
vanilla,slowheat,replay_memory_bytes,333205446,0.0
vanilla,slowheat,replay_memory_bytes,130501536,0.0
vanilla,slowheat,replay_memory_bytes,492612040,0.0
vanilla,slowheat,stored_logits_bytes,2101606466,0.0
vanilla,slowheat,stored_logits_bytes,1872839281,0.0
vanilla,slowheat,stored_logits_bytes,637029796,0.0
vanilla,slowheat,stored_logits_bytes,1357204345,0.0
vanilla,slowheat,stored_logits_bytes,1758462037,0.0
vanilla,slowheat,stored_logits_bytes,748737880,0.0
vanilla,slowheat,stored_logits_bytes,1611510062,0.0
vanilla,slowheat,stored_logits_bytes,333205446,0.0
vanilla,slowheat,stored_logits_bytes,130501536,0.0
vanilla,slowheat,stored_logits_bytes,492612040,0.0
vanilla,slowheat,replay_metadata_bytes,2101606466,0.0
vanilla,slowheat,replay_metadata_bytes,1872839281,0.0
vanilla,slowheat,replay_metadata_bytes,637029796,0.0
vanilla,slowheat,replay_metadata_bytes,1357204345,0.0
vanilla,slowheat,replay_metadata_bytes,1758462037,0.0
vanilla,slowheat,replay_metadata_bytes,748737880,0.0
vanilla,slowheat,replay_metadata_bytes,1611510062,0.0
vanilla,slowheat,replay_metadata_bytes,333205446,0.0
vanilla,slowheat,replay_metadata_bytes,130501536,0.0
vanilla,slowheat,replay_metadata_bytes,492612040,0.0
vanilla,slowheat,selector_forward_examples,2101606466,0.0
vanilla,slowheat,selector_forward_examples,1872839281,0.0
vanilla,slowheat,selector_forward_examples,637029796,0.0
vanilla,slowheat,selector_forward_examples,1357204345,0.0
vanilla,slowheat,selector_forward_examples,1758462037,0.0
vanilla,slowheat,selector_forward_examples,748737880,0.0
vanilla,slowheat,selector_forward_examples,1611510062,0.0
vanilla,slowheat,selector_forward_examples,333205446,0.0
vanilla,slowheat,selector_forward_examples,130501536,0.0
vanilla,slowheat,selector_forward_examples,492612040,0.0
vanilla,slowheat,selection_seconds,2101606466,0.0
vanilla,slowheat,selection_seconds,1872839281,0.0
vanilla,slowheat,selection_seconds,637029796,0.0
vanilla,slowheat,selection_seconds,1357204345,0.0
vanilla,slowheat,selection_seconds,1758462037,0.0
vanilla,slowheat,selection_seconds,748737880,0.0
vanilla,slowheat,selection_seconds,1611510062,0.0
vanilla,slowheat,selection_seconds,333205446,0.0
vanilla,slowheat,selection_seconds,130501536,0.0
vanilla,slowheat,selection_seconds,492612040,0.0
vanilla,hard_freeze,final_average_accuracy,2101606466,-0.043200000000000016
vanilla,hard_freeze,final_average_accuracy,1872839281,-0.023299999999999987
vanilla,hard_freeze,final_average_accuracy,637029796,-0.05350000000000002
vanilla,hard_freeze,final_average_accuracy,1357204345,-0.02980000000000002
vanilla,hard_freeze,final_average_accuracy,1758462037,-0.03720000000000001
vanilla,hard_freeze,final_average_accuracy,748737880,-0.04069999999999996
vanilla,hard_freeze,final_average_accuracy,1611510062,-0.03200000000000003
vanilla,hard_freeze,final_average_accuracy,333205446,-0.03710000000000002
vanilla,hard_freeze,final_average_accuracy,130501536,-0.016500000000000042
vanilla,hard_freeze,final_average_accuracy,492612040,-0.037000000000000005
vanilla,hard_freeze,average_forgetting,2101606466,-0.10175000000000001
vanilla,hard_freeze,average_forgetting,1872839281,-0.1283749999999999
vanilla,hard_freeze,average_forgetting,637029796,-0.08912500000000001
vanilla,hard_freeze,average_forgetting,1357204345,-0.08687500000000004
vanilla,hard_freeze,average_forgetting,1758462037,-0.1343749999999999
vanilla,hard_freeze,average_forgetting,748737880,-0.13224999999999998
vanilla,hard_freeze,average_forgetting,1611510062,-0.09899999999999987
vanilla,hard_freeze,average_forgetting,333205446,-0.09237499999999998
vanilla,hard_freeze,average_forgetting,130501536,-0.114375
vanilla,hard_freeze,average_forgetting,492612040,-0.07650000000000001
vanilla,hard_freeze,backward_transfer,2101606466,0.10175000000000001
vanilla,hard_freeze,backward_transfer,1872839281,0.1283749999999999
vanilla,hard_freeze,backward_transfer,637029796,0.08912500000000001
vanilla,hard_freeze,backward_transfer,1357204345,0.08687500000000004
vanilla,hard_freeze,backward_transfer,1758462037,0.1343749999999999
vanilla,hard_freeze,backward_transfer,748737880,0.13224999999999998
vanilla,hard_freeze,backward_transfer,1611510062,0.09899999999999987
vanilla,hard_freeze,backward_transfer,333205446,0.09237499999999998
vanilla,hard_freeze,backward_transfer,130501536,0.114375
vanilla,hard_freeze,backward_transfer,492612040,0.07650000000000001
vanilla,hard_freeze,forward_transfer,2101606466,0.0
vanilla,hard_freeze,forward_transfer,1872839281,0.0
vanilla,hard_freeze,forward_transfer,637029796,0.0007500000000000007
vanilla,hard_freeze,forward_transfer,1357204345,0.0016250000000000014
vanilla,hard_freeze,forward_transfer,1758462037,0.0
vanilla,hard_freeze,forward_transfer,748737880,0.000375
vanilla,hard_freeze,forward_transfer,1611510062,0.001125000000000001
vanilla,hard_freeze,forward_transfer,333205446,0.0015000000000000013
vanilla,hard_freeze,forward_transfer,130501536,-0.000125
vanilla,hard_freeze,forward_transfer,492612040,0.0006249999999999867
vanilla,hard_freeze,task_aware_final_accuracy,2101606466,0.1076999999999999
vanilla,hard_freeze,task_aware_final_accuracy,1872839281,-0.046599999999999975
vanilla,hard_freeze,task_aware_final_accuracy,637029796,-0.03069999999999995
vanilla,hard_freeze,task_aware_final_accuracy,1357204345,-0.08679999999999999
vanilla,hard_freeze,task_aware_final_accuracy,1758462037,0.07189999999999996
vanilla,hard_freeze,task_aware_final_accuracy,748737880,-0.05069999999999997
vanilla,hard_freeze,task_aware_final_accuracy,1611510062,-0.052100000000000146
vanilla,hard_freeze,task_aware_final_accuracy,333205446,-0.050899999999999945
vanilla,hard_freeze,task_aware_final_accuracy,130501536,-0.04180000000000006
vanilla,hard_freeze,task_aware_final_accuracy,492612040,0.005699999999999927
vanilla,hard_freeze,task_aware_forgetting,2101606466,-0.29037499999999994
vanilla,hard_freeze,task_aware_forgetting,1872839281,-0.08124999999999999
vanilla,hard_freeze,task_aware_forgetting,637029796,-0.11762500000000004
vanilla,hard_freeze,task_aware_forgetting,1357204345,-0.015499999999999958
vanilla,hard_freeze,task_aware_forgetting,1758462037,-0.2695
vanilla,hard_freeze,task_aware_forgetting,748737880,-0.11975000000000002
vanilla,hard_freeze,task_aware_forgetting,1611510062,-0.073625
vanilla,hard_freeze,task_aware_forgetting,333205446,-0.075125
vanilla,hard_freeze,task_aware_forgetting,130501536,-0.08237500000000003
vanilla,hard_freeze,task_aware_forgetting,492612040,-0.12987499999999996
vanilla,hard_freeze,classifier_gap,2101606466,0.15089999999999992
vanilla,hard_freeze,classifier_gap,1872839281,-0.023299999999999987
vanilla,hard_freeze,classifier_gap,637029796,0.022800000000000042
vanilla,hard_freeze,classifier_gap,1357204345,-0.056999999999999995
vanilla,hard_freeze,classifier_gap,1758462037,0.10909999999999997
vanilla,hard_freeze,classifier_gap,748737880,-0.010000000000000009
vanilla,hard_freeze,classifier_gap,1611510062,-0.020100000000000118
vanilla,hard_freeze,classifier_gap,333205446,-0.013799999999999923
vanilla,hard_freeze,classifier_gap,130501536,-0.025300000000000045
vanilla,hard_freeze,classifier_gap,492612040,0.042699999999999905
vanilla,hard_freeze,elapsed_seconds,2101606466,231.1734189169947
vanilla,hard_freeze,elapsed_seconds,1872839281,177.109673199011
vanilla,hard_freeze,elapsed_seconds,637029796,173.03039522000472
vanilla,hard_freeze,elapsed_seconds,1357204345,47.261318317003315
vanilla,hard_freeze,elapsed_seconds,1758462037,44.48223707897705
vanilla,hard_freeze,elapsed_seconds,748737880,40.02880559998448
vanilla,hard_freeze,elapsed_seconds,1611510062,40.91434472100809
vanilla,hard_freeze,elapsed_seconds,333205446,40.78687183698639
vanilla,hard_freeze,elapsed_seconds,130501536,44.340676682972116
vanilla,hard_freeze,elapsed_seconds,492612040,38.9940589160251
vanilla,hard_freeze,learner_examples_processed,2101606466,0.0
vanilla,hard_freeze,learner_examples_processed,1872839281,0.0
vanilla,hard_freeze,learner_examples_processed,637029796,0.0
vanilla,hard_freeze,learner_examples_processed,1357204345,0.0
vanilla,hard_freeze,learner_examples_processed,1758462037,0.0
vanilla,hard_freeze,learner_examples_processed,748737880,0.0
vanilla,hard_freeze,learner_examples_processed,1611510062,0.0
vanilla,hard_freeze,learner_examples_processed,333205446,0.0
vanilla,hard_freeze,learner_examples_processed,130501536,0.0
vanilla,hard_freeze,learner_examples_processed,492612040,0.0
vanilla,hard_freeze,total_model_examples_processed,2101606466,0.0
vanilla,hard_freeze,total_model_examples_processed,1872839281,0.0
vanilla,hard_freeze,total_model_examples_processed,637029796,0.0
vanilla,hard_freeze,total_model_examples_processed,1357204345,0.0
vanilla,hard_freeze,total_model_examples_processed,1758462037,0.0
vanilla,hard_freeze,total_model_examples_processed,748737880,0.0
vanilla,hard_freeze,total_model_examples_processed,1611510062,0.0
vanilla,hard_freeze,total_model_examples_processed,333205446,0.0
vanilla,hard_freeze,total_model_examples_processed,130501536,0.0
vanilla,hard_freeze,total_model_examples_processed,492612040,0.0
vanilla,hard_freeze,estimated_total_flops,2101606466,16757731790.0
vanilla,hard_freeze,estimated_total_flops,1872839281,16757731790.0
vanilla,hard_freeze,estimated_total_flops,637029796,16757731790.0
vanilla,hard_freeze,estimated_total_flops,1357204345,16757731790.0
vanilla,hard_freeze,estimated_total_flops,1758462037,16757731790.0
vanilla,hard_freeze,estimated_total_flops,748737880,16757731790.0
vanilla,hard_freeze,estimated_total_flops,1611510062,16757731790.0
vanilla,hard_freeze,estimated_total_flops,333205446,16757731790.0
vanilla,hard_freeze,estimated_total_flops,130501536,16757731790.0
vanilla,hard_freeze,estimated_total_flops,492612040,16757731790.0
vanilla,hard_freeze,estimated_overhead_flops,2101606466,16757731790.0
vanilla,hard_freeze,estimated_overhead_flops,1872839281,16757731790.0
vanilla,hard_freeze,estimated_overhead_flops,637029796,16757731790.0
vanilla,hard_freeze,estimated_overhead_flops,1357204345,16757731790.0
vanilla,hard_freeze,estimated_overhead_flops,1758462037,16757731790.0
vanilla,hard_freeze,estimated_overhead_flops,748737880,16757731790.0
vanilla,hard_freeze,estimated_overhead_flops,1611510062,16757731790.0
vanilla,hard_freeze,estimated_overhead_flops,333205446,16757731790.0
vanilla,hard_freeze,estimated_overhead_flops,130501536,16757731790.0
vanilla,hard_freeze,estimated_overhead_flops,492612040,16757731790.0
vanilla,hard_freeze,replay_memory_bytes,2101606466,0.0
vanilla,hard_freeze,replay_memory_bytes,1872839281,0.0
vanilla,hard_freeze,replay_memory_bytes,637029796,0.0
vanilla,hard_freeze,replay_memory_bytes,1357204345,0.0
vanilla,hard_freeze,replay_memory_bytes,1758462037,0.0
vanilla,hard_freeze,replay_memory_bytes,748737880,0.0
vanilla,hard_freeze,replay_memory_bytes,1611510062,0.0
vanilla,hard_freeze,replay_memory_bytes,333205446,0.0
vanilla,hard_freeze,replay_memory_bytes,130501536,0.0
vanilla,hard_freeze,replay_memory_bytes,492612040,0.0
vanilla,hard_freeze,stored_logits_bytes,2101606466,0.0
vanilla,hard_freeze,stored_logits_bytes,1872839281,0.0
vanilla,hard_freeze,stored_logits_bytes,637029796,0.0
vanilla,hard_freeze,stored_logits_bytes,1357204345,0.0
vanilla,hard_freeze,stored_logits_bytes,1758462037,0.0
vanilla,hard_freeze,stored_logits_bytes,748737880,0.0
vanilla,hard_freeze,stored_logits_bytes,1611510062,0.0
vanilla,hard_freeze,stored_logits_bytes,333205446,0.0
vanilla,hard_freeze,stored_logits_bytes,130501536,0.0
vanilla,hard_freeze,stored_logits_bytes,492612040,0.0
vanilla,hard_freeze,replay_metadata_bytes,2101606466,0.0
vanilla,hard_freeze,replay_metadata_bytes,1872839281,0.0
vanilla,hard_freeze,replay_metadata_bytes,637029796,0.0
vanilla,hard_freeze,replay_metadata_bytes,1357204345,0.0
vanilla,hard_freeze,replay_metadata_bytes,1758462037,0.0
vanilla,hard_freeze,replay_metadata_bytes,748737880,0.0
vanilla,hard_freeze,replay_metadata_bytes,1611510062,0.0
vanilla,hard_freeze,replay_metadata_bytes,333205446,0.0
vanilla,hard_freeze,replay_metadata_bytes,130501536,0.0
vanilla,hard_freeze,replay_metadata_bytes,492612040,0.0
vanilla,hard_freeze,selector_forward_examples,2101606466,0.0
vanilla,hard_freeze,selector_forward_examples,1872839281,0.0
vanilla,hard_freeze,selector_forward_examples,637029796,0.0
vanilla,hard_freeze,selector_forward_examples,1357204345,0.0
vanilla,hard_freeze,selector_forward_examples,1758462037,0.0
vanilla,hard_freeze,selector_forward_examples,748737880,0.0
vanilla,hard_freeze,selector_forward_examples,1611510062,0.0
vanilla,hard_freeze,selector_forward_examples,333205446,0.0
vanilla,hard_freeze,selector_forward_examples,130501536,0.0
vanilla,hard_freeze,selector_forward_examples,492612040,0.0
vanilla,hard_freeze,selection_seconds,2101606466,0.0
vanilla,hard_freeze,selection_seconds,1872839281,0.0
vanilla,hard_freeze,selection_seconds,637029796,0.0
vanilla,hard_freeze,selection_seconds,1357204345,0.0
vanilla,hard_freeze,selection_seconds,1758462037,0.0
vanilla,hard_freeze,selection_seconds,748737880,0.0
vanilla,hard_freeze,selection_seconds,1611510062,0.0
vanilla,hard_freeze,selection_seconds,333205446,0.0
vanilla,hard_freeze,selection_seconds,130501536,0.0
vanilla,hard_freeze,selection_seconds,492612040,0.0
vanilla,lpr,final_average_accuracy,2101606466,0.03959999999999997
vanilla,lpr,final_average_accuracy,1872839281,0.06020000000000003
vanilla,lpr,final_average_accuracy,637029796,0.04529999999999998
vanilla,lpr,final_average_accuracy,1357204345,0.05120000000000002
vanilla,lpr,final_average_accuracy,1758462037,0.0408
vanilla,lpr,final_average_accuracy,748737880,0.04880000000000004
vanilla,lpr,final_average_accuracy,1611510062,0.05740000000000001
vanilla,lpr,final_average_accuracy,333205446,0.056499999999999995
vanilla,lpr,final_average_accuracy,130501536,0.06239999999999998
vanilla,lpr,final_average_accuracy,492612040,0.043800000000000006
vanilla,lpr,average_forgetting,2101606466,-0.046624999999999917
vanilla,lpr,average_forgetting,1872839281,-0.09237499999999998
vanilla,lpr,average_forgetting,637029796,-0.06387500000000013
vanilla,lpr,average_forgetting,1357204345,-0.07225000000000004
vanilla,lpr,average_forgetting,1758462037,-0.042749999999999955
vanilla,lpr,average_forgetting,748737880,-0.06225000000000003
vanilla,lpr,average_forgetting,1611510062,-0.07762499999999983
vanilla,lpr,average_forgetting,333205446,-0.08524999999999994
vanilla,lpr,average_forgetting,130501536,-0.07700000000000007
vanilla,lpr,average_forgetting,492612040,-0.04949999999999999
vanilla,lpr,backward_transfer,2101606466,0.046624999999999917
vanilla,lpr,backward_transfer,1872839281,0.09237499999999998
vanilla,lpr,backward_transfer,637029796,0.06387500000000013
vanilla,lpr,backward_transfer,1357204345,0.07225000000000004
vanilla,lpr,backward_transfer,1758462037,0.042749999999999955
vanilla,lpr,backward_transfer,748737880,0.06225000000000003
vanilla,lpr,backward_transfer,1611510062,0.07762499999999983
vanilla,lpr,backward_transfer,333205446,0.08524999999999994
vanilla,lpr,backward_transfer,130501536,0.07700000000000007
vanilla,lpr,backward_transfer,492612040,0.04949999999999999
vanilla,lpr,forward_transfer,2101606466,0.0001250000000000001
vanilla,lpr,forward_transfer,1872839281,0.00025
vanilla,lpr,forward_transfer,637029796,0.0
vanilla,lpr,forward_transfer,1357204345,0.0013750000000000012
vanilla,lpr,forward_transfer,1758462037,0.0
vanilla,lpr,forward_transfer,748737880,0.0
vanilla,lpr,forward_transfer,1611510062,0.0
vanilla,lpr,forward_transfer,333205446,-0.0023749999999999882
vanilla,lpr,forward_transfer,130501536,0.000125
vanilla,lpr,forward_transfer,492612040,-0.00012499999999998623
vanilla,lpr,task_aware_final_accuracy,2101606466,0.2649
vanilla,lpr,task_aware_final_accuracy,1872839281,0.15170000000000006
vanilla,lpr,task_aware_final_accuracy,637029796,0.19700000000000006
vanilla,lpr,task_aware_final_accuracy,1357204345,0.1755
vanilla,lpr,task_aware_final_accuracy,1758462037,0.23609999999999998
vanilla,lpr,task_aware_final_accuracy,748737880,0.15680000000000005
vanilla,lpr,task_aware_final_accuracy,1611510062,0.1753999999999999
vanilla,lpr,task_aware_final_accuracy,333205446,0.1664
vanilla,lpr,task_aware_final_accuracy,130501536,0.1119
vanilla,lpr,task_aware_final_accuracy,492612040,0.23949999999999994
vanilla,lpr,task_aware_forgetting,2101606466,-0.32762499999999994
vanilla,lpr,task_aware_forgetting,1872839281,-0.20312499999999994
vanilla,lpr,task_aware_forgetting,637029796,-0.25312500000000004
vanilla,lpr,task_aware_forgetting,1357204345,-0.22674999999999998
vanilla,lpr,task_aware_forgetting,1758462037,-0.28587500000000005
vanilla,lpr,task_aware_forgetting,748737880,-0.19625000000000004
vanilla,lpr,task_aware_forgetting,1611510062,-0.22337499999999996
vanilla,lpr,task_aware_forgetting,333205446,-0.221125
vanilla,lpr,task_aware_forgetting,130501536,-0.13812500000000008
vanilla,lpr,task_aware_forgetting,492612040,-0.29374999999999996
vanilla,lpr,classifier_gap,2101606466,0.2253000000000001
vanilla,lpr,classifier_gap,1872839281,0.09149999999999997
vanilla,lpr,classifier_gap,637029796,0.15170000000000006
vanilla,lpr,classifier_gap,1357204345,0.12430000000000002
vanilla,lpr,classifier_gap,1758462037,0.19530000000000003
vanilla,lpr,classifier_gap,748737880,0.10800000000000004
vanilla,lpr,classifier_gap,1611510062,0.11799999999999994
vanilla,lpr,classifier_gap,333205446,0.10990000000000005
vanilla,lpr,classifier_gap,130501536,0.049500000000000044
vanilla,lpr,classifier_gap,492612040,0.19569999999999993
vanilla,lpr,elapsed_seconds,2101606466,50.87373093899805
vanilla,lpr,elapsed_seconds,1872839281,68.28187740498106
vanilla,lpr,elapsed_seconds,637029796,51.31834215600975
vanilla,lpr,elapsed_seconds,1357204345,45.6406900070142
vanilla,lpr,elapsed_seconds,1758462037,42.932536147971405
vanilla,lpr,elapsed_seconds,748737880,40.673952659009956
vanilla,lpr,elapsed_seconds,1611510062,40.91481881099753
vanilla,lpr,elapsed_seconds,333205446,45.22967308497755
vanilla,lpr,elapsed_seconds,130501536,43.72066489595454
vanilla,lpr,elapsed_seconds,492612040,40.90494262002176
vanilla,lpr,learner_examples_processed,2101606466,80640.0
vanilla,lpr,learner_examples_processed,1872839281,80640.0
vanilla,lpr,learner_examples_processed,637029796,80640.0
vanilla,lpr,learner_examples_processed,1357204345,80640.0
vanilla,lpr,learner_examples_processed,1758462037,80640.0
vanilla,lpr,learner_examples_processed,748737880,80640.0
vanilla,lpr,learner_examples_processed,1611510062,80640.0
vanilla,lpr,learner_examples_processed,333205446,80640.0
vanilla,lpr,learner_examples_processed,130501536,80640.0
vanilla,lpr,learner_examples_processed,492612040,80640.0
vanilla,lpr,total_model_examples_processed,2101606466,81080.0
vanilla,lpr,total_model_examples_processed,1872839281,81080.0
vanilla,lpr,total_model_examples_processed,637029796,81080.0
vanilla,lpr,total_model_examples_processed,1357204345,81080.0
vanilla,lpr,total_model_examples_processed,1758462037,81080.0
vanilla,lpr,total_model_examples_processed,748737880,81080.0
vanilla,lpr,total_model_examples_processed,1611510062,81080.0
vanilla,lpr,total_model_examples_processed,333205446,81080.0
vanilla,lpr,total_model_examples_processed,130501536,81080.0
vanilla,lpr,total_model_examples_processed,492612040,81080.0
vanilla,lpr,estimated_total_flops,2101606466,169164041231320.0
vanilla,lpr,estimated_total_flops,1872839281,169164041231320.0
vanilla,lpr,estimated_total_flops,637029796,169164041231320.0
vanilla,lpr,estimated_total_flops,1357204345,169164041231320.0
vanilla,lpr,estimated_total_flops,1758462037,169164041231320.0
vanilla,lpr,estimated_total_flops,748737880,169164041231320.0
vanilla,lpr,estimated_total_flops,1611510062,169164041231320.0
vanilla,lpr,estimated_total_flops,333205446,169164041231320.0
vanilla,lpr,estimated_total_flops,130501536,169164041231320.0
vanilla,lpr,estimated_total_flops,492612040,169164041231320.0
vanilla,lpr,estimated_overhead_flops,2101606466,95113591741400.0
vanilla,lpr,estimated_overhead_flops,1872839281,95113591741400.0
vanilla,lpr,estimated_overhead_flops,637029796,95113591741400.0
vanilla,lpr,estimated_overhead_flops,1357204345,95113591741400.0
vanilla,lpr,estimated_overhead_flops,1758462037,95113591741400.0
vanilla,lpr,estimated_overhead_flops,748737880,95113591741400.0
vanilla,lpr,estimated_overhead_flops,1611510062,95113591741400.0
vanilla,lpr,estimated_overhead_flops,333205446,95113591741400.0
vanilla,lpr,estimated_overhead_flops,130501536,95113591741400.0
vanilla,lpr,estimated_overhead_flops,492612040,95113591741400.0
vanilla,lpr,replay_memory_bytes,2101606466,2459200.0
vanilla,lpr,replay_memory_bytes,1872839281,2459200.0
vanilla,lpr,replay_memory_bytes,637029796,2459200.0
vanilla,lpr,replay_memory_bytes,1357204345,2459200.0
vanilla,lpr,replay_memory_bytes,1758462037,2459200.0
vanilla,lpr,replay_memory_bytes,748737880,2459200.0
vanilla,lpr,replay_memory_bytes,1611510062,2459200.0
vanilla,lpr,replay_memory_bytes,333205446,2459200.0
vanilla,lpr,replay_memory_bytes,130501536,2459200.0
vanilla,lpr,replay_memory_bytes,492612040,2459200.0
vanilla,lpr,stored_logits_bytes,2101606466,0.0
vanilla,lpr,stored_logits_bytes,1872839281,0.0
vanilla,lpr,stored_logits_bytes,637029796,0.0
vanilla,lpr,stored_logits_bytes,1357204345,0.0
vanilla,lpr,stored_logits_bytes,1758462037,0.0
vanilla,lpr,stored_logits_bytes,748737880,0.0
vanilla,lpr,stored_logits_bytes,1611510062,0.0
vanilla,lpr,stored_logits_bytes,333205446,0.0
vanilla,lpr,stored_logits_bytes,130501536,0.0
vanilla,lpr,stored_logits_bytes,492612040,0.0
vanilla,lpr,replay_metadata_bytes,2101606466,6400.0
vanilla,lpr,replay_metadata_bytes,1872839281,6400.0
vanilla,lpr,replay_metadata_bytes,637029796,6400.0
vanilla,lpr,replay_metadata_bytes,1357204345,6400.0
vanilla,lpr,replay_metadata_bytes,1758462037,6400.0
vanilla,lpr,replay_metadata_bytes,748737880,6400.0
vanilla,lpr,replay_metadata_bytes,1611510062,6400.0
vanilla,lpr,replay_metadata_bytes,333205446,6400.0
vanilla,lpr,replay_metadata_bytes,130501536,6400.0
vanilla,lpr,replay_metadata_bytes,492612040,6400.0
vanilla,lpr,selector_forward_examples,2101606466,0.0
vanilla,lpr,selector_forward_examples,1872839281,0.0
vanilla,lpr,selector_forward_examples,637029796,0.0
vanilla,lpr,selector_forward_examples,1357204345,0.0
vanilla,lpr,selector_forward_examples,1758462037,0.0
vanilla,lpr,selector_forward_examples,748737880,0.0
vanilla,lpr,selector_forward_examples,1611510062,0.0
vanilla,lpr,selector_forward_examples,333205446,0.0
vanilla,lpr,selector_forward_examples,130501536,0.0
vanilla,lpr,selector_forward_examples,492612040,0.0
vanilla,lpr,selection_seconds,2101606466,0.012896236003143713
vanilla,lpr,selection_seconds,1872839281,0.013414222979918122
vanilla,lpr,selection_seconds,637029796,0.014073262980673462
vanilla,lpr,selection_seconds,1357204345,0.013445299031445757
vanilla,lpr,selection_seconds,1758462037,0.013229468051576987
vanilla,lpr,selection_seconds,748737880,0.012687377980910242
vanilla,lpr,selection_seconds,1611510062,0.01276698597939685
vanilla,lpr,selection_seconds,333205446,0.012764231039909646
vanilla,lpr,selection_seconds,130501536,0.01336352204089053
vanilla,lpr,selection_seconds,492612040,0.013202214031480253
vanilla,slowheat_lpr,final_average_accuracy,2101606466,0.08560000000000001
vanilla,slowheat_lpr,final_average_accuracy,1872839281,0.08860000000000001
vanilla,slowheat_lpr,final_average_accuracy,637029796,0.07950000000000002
vanilla,slowheat_lpr,final_average_accuracy,1357204345,0.08429999999999999
vanilla,slowheat_lpr,final_average_accuracy,1758462037,0.07450000000000004
vanilla,slowheat_lpr,final_average_accuracy,748737880,0.06640000000000007
vanilla,slowheat_lpr,final_average_accuracy,1611510062,0.09669999999999995
vanilla,slowheat_lpr,final_average_accuracy,333205446,0.09400000000000003
vanilla,slowheat_lpr,final_average_accuracy,130501536,0.08249999999999996
vanilla,slowheat_lpr,final_average_accuracy,492612040,0.07850000000000007
vanilla,slowheat_lpr,average_forgetting,2101606466,-0.10912500000000003
vanilla,slowheat_lpr,average_forgetting,1872839281,-0.11949999999999983
vanilla,slowheat_lpr,average_forgetting,637029796,-0.1033750000000001
vanilla,slowheat_lpr,average_forgetting,1357204345,-0.11887500000000017
vanilla,slowheat_lpr,average_forgetting,1758462037,-0.09150000000000003
vanilla,slowheat_lpr,average_forgetting,748737880,-0.08862499999999995
vanilla,slowheat_lpr,average_forgetting,1611510062,-0.12750000000000006
vanilla,slowheat_lpr,average_forgetting,333205446,-0.129625
vanilla,slowheat_lpr,average_forgetting,130501536,-0.11249999999999993
vanilla,slowheat_lpr,average_forgetting,492612040,-0.09699999999999998
vanilla,slowheat_lpr,backward_transfer,2101606466,0.10912500000000003
vanilla,slowheat_lpr,backward_transfer,1872839281,0.11949999999999983
vanilla,slowheat_lpr,backward_transfer,637029796,0.1033750000000001
vanilla,slowheat_lpr,backward_transfer,1357204345,0.11887500000000017
vanilla,slowheat_lpr,backward_transfer,1758462037,0.09150000000000003
vanilla,slowheat_lpr,backward_transfer,748737880,0.08862499999999995
vanilla,slowheat_lpr,backward_transfer,1611510062,0.12750000000000006
vanilla,slowheat_lpr,backward_transfer,333205446,0.129625
vanilla,slowheat_lpr,backward_transfer,130501536,0.11249999999999993
vanilla,slowheat_lpr,backward_transfer,492612040,0.09699999999999998
vanilla,slowheat_lpr,forward_transfer,2101606466,0.0
vanilla,slowheat_lpr,forward_transfer,1872839281,0.0
vanilla,slowheat_lpr,forward_transfer,637029796,0.0
vanilla,slowheat_lpr,forward_transfer,1357204345,0.0026250000000000023
vanilla,slowheat_lpr,forward_transfer,1758462037,0.0
vanilla,slowheat_lpr,forward_transfer,748737880,0.000375
vanilla,slowheat_lpr,forward_transfer,1611510062,0.0002500000000000002
vanilla,slowheat_lpr,forward_transfer,333205446,-0.0011249999999999871
vanilla,slowheat_lpr,forward_transfer,130501536,0.00075
vanilla,slowheat_lpr,forward_transfer,492612040,0.0012500000000000011
vanilla,slowheat_lpr,task_aware_final_accuracy,2101606466,0.2824
vanilla,slowheat_lpr,task_aware_final_accuracy,1872839281,0.1874
vanilla,slowheat_lpr,task_aware_final_accuracy,637029796,0.19240000000000002
vanilla,slowheat_lpr,task_aware_final_accuracy,1357204345,0.16990000000000005
vanilla,slowheat_lpr,task_aware_final_accuracy,1758462037,0.23819999999999997
vanilla,slowheat_lpr,task_aware_final_accuracy,748737880,0.17490000000000006
vanilla,slowheat_lpr,task_aware_final_accuracy,1611510062,0.1844
vanilla,slowheat_lpr,task_aware_final_accuracy,333205446,0.1513
vanilla,slowheat_lpr,task_aware_final_accuracy,130501536,0.14750000000000008
vanilla,slowheat_lpr,task_aware_final_accuracy,492612040,0.2560999999999999
vanilla,slowheat_lpr,task_aware_forgetting,2101606466,-0.353375
vanilla,slowheat_lpr,task_aware_forgetting,1872839281,-0.240625
vanilla,slowheat_lpr,task_aware_forgetting,637029796,-0.24262500000000006
vanilla,slowheat_lpr,task_aware_forgetting,1357204345,-0.22337500000000002
vanilla,slowheat_lpr,task_aware_forgetting,1758462037,-0.29537500000000005
vanilla,slowheat_lpr,task_aware_forgetting,748737880,-0.22350000000000003
vanilla,slowheat_lpr,task_aware_forgetting,1611510062,-0.23524999999999993
vanilla,slowheat_lpr,task_aware_forgetting,333205446,-0.19874999999999993
vanilla,slowheat_lpr,task_aware_forgetting,130501536,-0.19187500000000005
vanilla,slowheat_lpr,task_aware_forgetting,492612040,-0.31737499999999996
vanilla,slowheat_lpr,classifier_gap,2101606466,0.19679999999999992
vanilla,slowheat_lpr,classifier_gap,1872839281,0.09880000000000005
vanilla,slowheat_lpr,classifier_gap,637029796,0.1129
vanilla,slowheat_lpr,classifier_gap,1357204345,0.08560000000000006
vanilla,slowheat_lpr,classifier_gap,1758462037,0.16369999999999996
vanilla,slowheat_lpr,classifier_gap,748737880,0.10849999999999999
vanilla,slowheat_lpr,classifier_gap,1611510062,0.08770000000000006
vanilla,slowheat_lpr,classifier_gap,333205446,0.05729999999999996
vanilla,slowheat_lpr,classifier_gap,130501536,0.06500000000000011
vanilla,slowheat_lpr,classifier_gap,492612040,0.1775999999999998
vanilla,slowheat_lpr,elapsed_seconds,2101606466,209.05763721300173
vanilla,slowheat_lpr,elapsed_seconds,1872839281,288.95674169101403
vanilla,slowheat_lpr,elapsed_seconds,637029796,116.84905364099541
vanilla,slowheat_lpr,elapsed_seconds,1357204345,92.19584694603691
vanilla,slowheat_lpr,elapsed_seconds,1758462037,81.931474692974
vanilla,slowheat_lpr,elapsed_seconds,748737880,81.59721517300932
vanilla,slowheat_lpr,elapsed_seconds,1611510062,83.06412060000002
vanilla,slowheat_lpr,elapsed_seconds,333205446,90.58153559500352
vanilla,slowheat_lpr,elapsed_seconds,130501536,88.56632821497624
vanilla,slowheat_lpr,elapsed_seconds,492612040,79.11903405899648
vanilla,slowheat_lpr,learner_examples_processed,2101606466,80640.0
vanilla,slowheat_lpr,learner_examples_processed,1872839281,80640.0
vanilla,slowheat_lpr,learner_examples_processed,637029796,80640.0
vanilla,slowheat_lpr,learner_examples_processed,1357204345,80640.0
vanilla,slowheat_lpr,learner_examples_processed,1758462037,80640.0
vanilla,slowheat_lpr,learner_examples_processed,748737880,80640.0
vanilla,slowheat_lpr,learner_examples_processed,1611510062,80640.0
vanilla,slowheat_lpr,learner_examples_processed,333205446,80640.0
vanilla,slowheat_lpr,learner_examples_processed,130501536,80640.0
vanilla,slowheat_lpr,learner_examples_processed,492612040,80640.0
vanilla,slowheat_lpr,total_model_examples_processed,2101606466,81080.0
vanilla,slowheat_lpr,total_model_examples_processed,1872839281,81080.0
vanilla,slowheat_lpr,total_model_examples_processed,637029796,81080.0
vanilla,slowheat_lpr,total_model_examples_processed,1357204345,81080.0
vanilla,slowheat_lpr,total_model_examples_processed,1758462037,81080.0
vanilla,slowheat_lpr,total_model_examples_processed,748737880,81080.0
vanilla,slowheat_lpr,total_model_examples_processed,1611510062,81080.0
vanilla,slowheat_lpr,total_model_examples_processed,333205446,81080.0
vanilla,slowheat_lpr,total_model_examples_processed,130501536,81080.0
vanilla,slowheat_lpr,total_model_examples_processed,492612040,81080.0
vanilla,slowheat_lpr,estimated_total_flops,2101606466,169181670504280.0
vanilla,slowheat_lpr,estimated_total_flops,1872839281,169181670504280.0
vanilla,slowheat_lpr,estimated_total_flops,637029796,169181670504280.0
vanilla,slowheat_lpr,estimated_total_flops,1357204345,169181670504280.0
vanilla,slowheat_lpr,estimated_total_flops,1758462037,169181670504280.0
vanilla,slowheat_lpr,estimated_total_flops,748737880,169181670504280.0
vanilla,slowheat_lpr,estimated_total_flops,1611510062,169181670504280.0
vanilla,slowheat_lpr,estimated_total_flops,333205446,169181670504280.0
vanilla,slowheat_lpr,estimated_total_flops,130501536,169181670504280.0
vanilla,slowheat_lpr,estimated_total_flops,492612040,169181670504280.0
vanilla,slowheat_lpr,estimated_overhead_flops,2101606466,95131221014360.0
vanilla,slowheat_lpr,estimated_overhead_flops,1872839281,95131221014360.0
vanilla,slowheat_lpr,estimated_overhead_flops,637029796,95131221014360.0
vanilla,slowheat_lpr,estimated_overhead_flops,1357204345,95131221014360.0
vanilla,slowheat_lpr,estimated_overhead_flops,1758462037,95131221014360.0
vanilla,slowheat_lpr,estimated_overhead_flops,748737880,95131221014360.0
vanilla,slowheat_lpr,estimated_overhead_flops,1611510062,95131221014360.0
vanilla,slowheat_lpr,estimated_overhead_flops,333205446,95131221014360.0
vanilla,slowheat_lpr,estimated_overhead_flops,130501536,95131221014360.0
vanilla,slowheat_lpr,estimated_overhead_flops,492612040,95131221014360.0
vanilla,slowheat_lpr,replay_memory_bytes,2101606466,2459200.0
vanilla,slowheat_lpr,replay_memory_bytes,1872839281,2459200.0
vanilla,slowheat_lpr,replay_memory_bytes,637029796,2459200.0
vanilla,slowheat_lpr,replay_memory_bytes,1357204345,2459200.0
vanilla,slowheat_lpr,replay_memory_bytes,1758462037,2459200.0
vanilla,slowheat_lpr,replay_memory_bytes,748737880,2459200.0
vanilla,slowheat_lpr,replay_memory_bytes,1611510062,2459200.0
vanilla,slowheat_lpr,replay_memory_bytes,333205446,2459200.0
vanilla,slowheat_lpr,replay_memory_bytes,130501536,2459200.0
vanilla,slowheat_lpr,replay_memory_bytes,492612040,2459200.0
vanilla,slowheat_lpr,stored_logits_bytes,2101606466,0.0
vanilla,slowheat_lpr,stored_logits_bytes,1872839281,0.0
vanilla,slowheat_lpr,stored_logits_bytes,637029796,0.0
vanilla,slowheat_lpr,stored_logits_bytes,1357204345,0.0
vanilla,slowheat_lpr,stored_logits_bytes,1758462037,0.0
vanilla,slowheat_lpr,stored_logits_bytes,748737880,0.0
vanilla,slowheat_lpr,stored_logits_bytes,1611510062,0.0
vanilla,slowheat_lpr,stored_logits_bytes,333205446,0.0
vanilla,slowheat_lpr,stored_logits_bytes,130501536,0.0
vanilla,slowheat_lpr,stored_logits_bytes,492612040,0.0
vanilla,slowheat_lpr,replay_metadata_bytes,2101606466,6400.0
vanilla,slowheat_lpr,replay_metadata_bytes,1872839281,6400.0
vanilla,slowheat_lpr,replay_metadata_bytes,637029796,6400.0
vanilla,slowheat_lpr,replay_metadata_bytes,1357204345,6400.0
vanilla,slowheat_lpr,replay_metadata_bytes,1758462037,6400.0
vanilla,slowheat_lpr,replay_metadata_bytes,748737880,6400.0
vanilla,slowheat_lpr,replay_metadata_bytes,1611510062,6400.0
vanilla,slowheat_lpr,replay_metadata_bytes,333205446,6400.0
vanilla,slowheat_lpr,replay_metadata_bytes,130501536,6400.0
vanilla,slowheat_lpr,replay_metadata_bytes,492612040,6400.0
vanilla,slowheat_lpr,selector_forward_examples,2101606466,0.0
vanilla,slowheat_lpr,selector_forward_examples,1872839281,0.0
vanilla,slowheat_lpr,selector_forward_examples,637029796,0.0
vanilla,slowheat_lpr,selector_forward_examples,1357204345,0.0
vanilla,slowheat_lpr,selector_forward_examples,1758462037,0.0
vanilla,slowheat_lpr,selector_forward_examples,748737880,0.0
vanilla,slowheat_lpr,selector_forward_examples,1611510062,0.0
vanilla,slowheat_lpr,selector_forward_examples,333205446,0.0
vanilla,slowheat_lpr,selector_forward_examples,130501536,0.0
vanilla,slowheat_lpr,selector_forward_examples,492612040,0.0
vanilla,slowheat_lpr,selection_seconds,2101606466,0.01349379398743622
vanilla,slowheat_lpr,selection_seconds,1872839281,0.012921111017931253
vanilla,slowheat_lpr,selection_seconds,637029796,0.013274714030558243
vanilla,slowheat_lpr,selection_seconds,1357204345,0.012886835960671306
vanilla,slowheat_lpr,selection_seconds,1758462037,0.013224481022916734
vanilla,slowheat_lpr,selection_seconds,748737880,0.012793436006177217
vanilla,slowheat_lpr,selection_seconds,1611510062,0.012866895005572587
vanilla,slowheat_lpr,selection_seconds,333205446,0.013717481982894242
vanilla,slowheat_lpr,selection_seconds,130501536,0.013717337016714737
vanilla,slowheat_lpr,selection_seconds,492612040,0.012601766968145967
vanilla,classifier_expander,final_average_accuracy,2101606466,0.23510000000000003
vanilla,classifier_expander,final_average_accuracy,1872839281,0.22770000000000007
vanilla,classifier_expander,final_average_accuracy,637029796,0.2381000000000001
vanilla,classifier_expander,final_average_accuracy,1357204345,0.24820000000000003
vanilla,classifier_expander,final_average_accuracy,1758462037,0.21310000000000004
vanilla,classifier_expander,final_average_accuracy,748737880,0.2485
vanilla,classifier_expander,final_average_accuracy,1611510062,0.23040000000000005
vanilla,classifier_expander,final_average_accuracy,333205446,0.23899999999999993
vanilla,classifier_expander,final_average_accuracy,130501536,0.22549999999999998
vanilla,classifier_expander,final_average_accuracy,492612040,0.25560000000000005
vanilla,classifier_expander,average_forgetting,2101606466,-0.5385
vanilla,classifier_expander,average_forgetting,1872839281,-0.54475
vanilla,classifier_expander,average_forgetting,637029796,-0.6343750000000001
vanilla,classifier_expander,average_forgetting,1357204345,-0.5806250000000001
vanilla,classifier_expander,average_forgetting,1758462037,-0.512375
vanilla,classifier_expander,average_forgetting,748737880,-0.639875
vanilla,classifier_expander,average_forgetting,1611510062,-0.505625
vanilla,classifier_expander,average_forgetting,333205446,-0.5706249999999999
vanilla,classifier_expander,average_forgetting,130501536,-0.536375
vanilla,classifier_expander,average_forgetting,492612040,-0.5755
vanilla,classifier_expander,backward_transfer,2101606466,0.5660000000000001
vanilla,classifier_expander,backward_transfer,1872839281,0.6573749999999999
vanilla,classifier_expander,backward_transfer,637029796,0.8042500000000001
vanilla,classifier_expander,backward_transfer,1357204345,0.6172500000000001
vanilla,classifier_expander,backward_transfer,1758462037,0.577125
vanilla,classifier_expander,backward_transfer,748737880,0.675625
vanilla,classifier_expander,backward_transfer,1611510062,0.5566249999999999
vanilla,classifier_expander,backward_transfer,333205446,0.652875
vanilla,classifier_expander,backward_transfer,130501536,0.536375
vanilla,classifier_expander,backward_transfer,492612040,0.61575
vanilla,classifier_expander,forward_transfer,2101606466,0.0
vanilla,classifier_expander,forward_transfer,1872839281,0.0
vanilla,classifier_expander,forward_transfer,637029796,0.003124999999999989
vanilla,classifier_expander,forward_transfer,1357204345,0.0012500000000000011
vanilla,classifier_expander,forward_transfer,1758462037,0.000125
vanilla,classifier_expander,forward_transfer,748737880,0.0
vanilla,classifier_expander,forward_transfer,1611510062,0.0005000000000000004
vanilla,classifier_expander,forward_transfer,333205446,0.0038750000000000173
vanilla,classifier_expander,forward_transfer,130501536,0.0
vanilla,classifier_expander,forward_transfer,492612040,-0.0011249999999999871
vanilla,classifier_expander,task_aware_final_accuracy,2101606466,0.32610000000000006
vanilla,classifier_expander,task_aware_final_accuracy,1872839281,0.2231000000000002
vanilla,classifier_expander,task_aware_final_accuracy,637029796,0.2741
vanilla,classifier_expander,task_aware_final_accuracy,1357204345,0.2567999999999999
vanilla,classifier_expander,task_aware_final_accuracy,1758462037,0.29079999999999995
vanilla,classifier_expander,task_aware_final_accuracy,748737880,0.2340000000000001
vanilla,classifier_expander,task_aware_final_accuracy,1611510062,0.2399000000000001
vanilla,classifier_expander,task_aware_final_accuracy,333205446,0.24469999999999992
vanilla,classifier_expander,task_aware_final_accuracy,130501536,0.20909999999999995
vanilla,classifier_expander,task_aware_final_accuracy,492612040,0.3032999999999999
vanilla,classifier_expander,task_aware_forgetting,2101606466,-0.40275000000000005
vanilla,classifier_expander,task_aware_forgetting,1872839281,-0.28074999999999994
vanilla,classifier_expander,task_aware_forgetting,637029796,-0.36187500000000006
vanilla,classifier_expander,task_aware_forgetting,1357204345,-0.317375
vanilla,classifier_expander,task_aware_forgetting,1758462037,-0.36312500000000003
vanilla,classifier_expander,task_aware_forgetting,748737880,-0.296125
vanilla,classifier_expander,task_aware_forgetting,1611510062,-0.29125
vanilla,classifier_expander,task_aware_forgetting,333205446,-0.31237499999999996
vanilla,classifier_expander,task_aware_forgetting,130501536,-0.26
vanilla,classifier_expander,task_aware_forgetting,492612040,-0.37549999999999994
vanilla,classifier_expander,classifier_gap,2101606466,0.09100000000000003
vanilla,classifier_expander,classifier_gap,1872839281,-0.004599999999999882
vanilla,classifier_expander,classifier_gap,637029796,0.03599999999999992
vanilla,classifier_expander,classifier_gap,1357204345,0.008599999999999886
vanilla,classifier_expander,classifier_gap,1758462037,0.07769999999999994
vanilla,classifier_expander,classifier_gap,748737880,-0.014499999999999902
vanilla,classifier_expander,classifier_gap,1611510062,0.009500000000000064
vanilla,classifier_expander,classifier_gap,333205446,0.005699999999999983
vanilla,classifier_expander,classifier_gap,130501536,-0.016400000000000026
vanilla,classifier_expander,classifier_gap,492612040,0.047699999999999854
vanilla,classifier_expander,elapsed_seconds,2101606466,34.00945454699104
vanilla,classifier_expander,elapsed_seconds,1872839281,49.515007672976935
vanilla,classifier_expander,elapsed_seconds,637029796,-5.574063420004677
vanilla,classifier_expander,elapsed_seconds,1357204345,32.672368355008075
vanilla,classifier_expander,elapsed_seconds,1758462037,25.903599401994143
vanilla,classifier_expander,elapsed_seconds,748737880,28.370878541987622
vanilla,classifier_expander,elapsed_seconds,1611510062,28.82672021901817
vanilla,classifier_expander,elapsed_seconds,333205446,32.10170617699623
vanilla,classifier_expander,elapsed_seconds,130501536,29.066987749974942
vanilla,classifier_expander,elapsed_seconds,492612040,28.226745641004527
vanilla,classifier_expander,learner_examples_processed,2101606466,81344.0
vanilla,classifier_expander,learner_examples_processed,1872839281,81344.0
vanilla,classifier_expander,learner_examples_processed,637029796,81344.0
vanilla,classifier_expander,learner_examples_processed,1357204345,81344.0
vanilla,classifier_expander,learner_examples_processed,1758462037,81344.0
vanilla,classifier_expander,learner_examples_processed,748737880,81344.0
vanilla,classifier_expander,learner_examples_processed,1611510062,81344.0
vanilla,classifier_expander,learner_examples_processed,333205446,81344.0
vanilla,classifier_expander,learner_examples_processed,130501536,81344.0
vanilla,classifier_expander,learner_examples_processed,492612040,81344.0
vanilla,classifier_expander,total_model_examples_processed,2101606466,161984.0
vanilla,classifier_expander,total_model_examples_processed,1872839281,161984.0
vanilla,classifier_expander,total_model_examples_processed,637029796,161984.0
vanilla,classifier_expander,total_model_examples_processed,1357204345,161984.0
vanilla,classifier_expander,total_model_examples_processed,1758462037,161984.0
vanilla,classifier_expander,total_model_examples_processed,748737880,161984.0
vanilla,classifier_expander,total_model_examples_processed,1611510062,161984.0
vanilla,classifier_expander,total_model_examples_processed,333205446,161984.0
vanilla,classifier_expander,total_model_examples_processed,130501536,161984.0
vanilla,classifier_expander,total_model_examples_processed,492612040,161984.0
vanilla,classifier_expander,estimated_total_flops,2101606466,99199981584384.0
vanilla,classifier_expander,estimated_total_flops,1872839281,99199981584384.0
vanilla,classifier_expander,estimated_total_flops,637029796,99199981584384.0
vanilla,classifier_expander,estimated_total_flops,1357204345,99199981584384.0
vanilla,classifier_expander,estimated_total_flops,1758462037,99199981584384.0
vanilla,classifier_expander,estimated_total_flops,748737880,99199981584384.0
vanilla,classifier_expander,estimated_total_flops,1611510062,99199981584384.0
vanilla,classifier_expander,estimated_total_flops,333205446,99199981584384.0
vanilla,classifier_expander,estimated_total_flops,130501536,99199981584384.0
vanilla,classifier_expander,estimated_total_flops,492612040,99199981584384.0
vanilla,classifier_expander,estimated_overhead_flops,2101606466,0.0
vanilla,classifier_expander,estimated_overhead_flops,1872839281,0.0
vanilla,classifier_expander,estimated_overhead_flops,637029796,0.0
vanilla,classifier_expander,estimated_overhead_flops,1357204345,0.0
vanilla,classifier_expander,estimated_overhead_flops,1758462037,0.0
vanilla,classifier_expander,estimated_overhead_flops,748737880,0.0
vanilla,classifier_expander,estimated_overhead_flops,1611510062,0.0
vanilla,classifier_expander,estimated_overhead_flops,333205446,0.0
vanilla,classifier_expander,estimated_overhead_flops,130501536,0.0
vanilla,classifier_expander,estimated_overhead_flops,492612040,0.0
vanilla,classifier_expander,replay_memory_bytes,2101606466,2459200.0
vanilla,classifier_expander,replay_memory_bytes,1872839281,2459200.0
vanilla,classifier_expander,replay_memory_bytes,637029796,2459200.0
vanilla,classifier_expander,replay_memory_bytes,1357204345,2459200.0
vanilla,classifier_expander,replay_memory_bytes,1758462037,2459200.0
vanilla,classifier_expander,replay_memory_bytes,748737880,2459200.0
vanilla,classifier_expander,replay_memory_bytes,1611510062,2459200.0
vanilla,classifier_expander,replay_memory_bytes,333205446,2459200.0
vanilla,classifier_expander,replay_memory_bytes,130501536,2459200.0
vanilla,classifier_expander,replay_memory_bytes,492612040,2459200.0
vanilla,classifier_expander,stored_logits_bytes,2101606466,0.0
vanilla,classifier_expander,stored_logits_bytes,1872839281,0.0
vanilla,classifier_expander,stored_logits_bytes,637029796,0.0
vanilla,classifier_expander,stored_logits_bytes,1357204345,0.0
vanilla,classifier_expander,stored_logits_bytes,1758462037,0.0
vanilla,classifier_expander,stored_logits_bytes,748737880,0.0
vanilla,classifier_expander,stored_logits_bytes,1611510062,0.0
vanilla,classifier_expander,stored_logits_bytes,333205446,0.0
vanilla,classifier_expander,stored_logits_bytes,130501536,0.0
vanilla,classifier_expander,stored_logits_bytes,492612040,0.0
vanilla,classifier_expander,replay_metadata_bytes,2101606466,6400.0
vanilla,classifier_expander,replay_metadata_bytes,1872839281,6400.0
vanilla,classifier_expander,replay_metadata_bytes,637029796,6400.0
vanilla,classifier_expander,replay_metadata_bytes,1357204345,6400.0
vanilla,classifier_expander,replay_metadata_bytes,1758462037,6400.0
vanilla,classifier_expander,replay_metadata_bytes,748737880,6400.0
vanilla,classifier_expander,replay_metadata_bytes,1611510062,6400.0
vanilla,classifier_expander,replay_metadata_bytes,333205446,6400.0
vanilla,classifier_expander,replay_metadata_bytes,130501536,6400.0
vanilla,classifier_expander,replay_metadata_bytes,492612040,6400.0
vanilla,classifier_expander,selector_forward_examples,2101606466,0.0
vanilla,classifier_expander,selector_forward_examples,1872839281,0.0
vanilla,classifier_expander,selector_forward_examples,637029796,0.0
vanilla,classifier_expander,selector_forward_examples,1357204345,0.0
vanilla,classifier_expander,selector_forward_examples,1758462037,0.0
vanilla,classifier_expander,selector_forward_examples,748737880,0.0
vanilla,classifier_expander,selector_forward_examples,1611510062,0.0
vanilla,classifier_expander,selector_forward_examples,333205446,0.0
vanilla,classifier_expander,selector_forward_examples,130501536,0.0
vanilla,classifier_expander,selector_forward_examples,492612040,0.0
vanilla,classifier_expander,selection_seconds,2101606466,0.013063927937764674
vanilla,classifier_expander,selection_seconds,1872839281,0.012600816000485793
vanilla,classifier_expander,selection_seconds,637029796,0.013212628022301942
vanilla,classifier_expander,selection_seconds,1357204345,0.012773499998729676
vanilla,classifier_expander,selection_seconds,1758462037,0.012705639994237572
vanilla,classifier_expander,selection_seconds,748737880,0.012859380978625268
vanilla,classifier_expander,selection_seconds,1611510062,0.013066220039036125
vanilla,classifier_expander,selection_seconds,333205446,0.013259445986477658
vanilla,classifier_expander,selection_seconds,130501536,0.013165321026463062
vanilla,classifier_expander,selection_seconds,492612040,0.012819466996006668
vanilla,slowheat_classifier_expander,final_average_accuracy,2101606466,0.2698999999999999
vanilla,slowheat_classifier_expander,final_average_accuracy,1872839281,0.20900000000000002
vanilla,slowheat_classifier_expander,final_average_accuracy,637029796,0.24080000000000001
vanilla,slowheat_classifier_expander,final_average_accuracy,1357204345,0.25509999999999994
vanilla,slowheat_classifier_expander,final_average_accuracy,1758462037,0.24930000000000005
vanilla,slowheat_classifier_expander,final_average_accuracy,748737880,0.2546
vanilla,slowheat_classifier_expander,final_average_accuracy,1611510062,0.25539999999999996
vanilla,slowheat_classifier_expander,final_average_accuracy,333205446,0.24729999999999996
vanilla,slowheat_classifier_expander,final_average_accuracy,130501536,0.21759999999999996
vanilla,slowheat_classifier_expander,final_average_accuracy,492612040,0.2794
vanilla,slowheat_classifier_expander,average_forgetting,2101606466,-0.589375
vanilla,slowheat_classifier_expander,average_forgetting,1872839281,-0.6084999999999999
vanilla,slowheat_classifier_expander,average_forgetting,637029796,-0.6505000000000001
vanilla,slowheat_classifier_expander,average_forgetting,1357204345,-0.6025
vanilla,slowheat_classifier_expander,average_forgetting,1758462037,-0.602875
vanilla,slowheat_classifier_expander,average_forgetting,748737880,-0.604875
vanilla,slowheat_classifier_expander,average_forgetting,1611510062,-0.6284999999999998
vanilla,slowheat_classifier_expander,average_forgetting,333205446,-0.6077499999999999
vanilla,slowheat_classifier_expander,average_forgetting,130501536,-0.6127500000000001
vanilla,slowheat_classifier_expander,average_forgetting,492612040,-0.62825
vanilla,slowheat_classifier_expander,backward_transfer,2101606466,0.808
vanilla,slowheat_classifier_expander,backward_transfer,1872839281,0.8342499999999999
vanilla,slowheat_classifier_expander,backward_transfer,637029796,0.8347500000000001
vanilla,slowheat_classifier_expander,backward_transfer,1357204345,0.8776250000000001
vanilla,slowheat_classifier_expander,backward_transfer,1758462037,0.7537499999999999
vanilla,slowheat_classifier_expander,backward_transfer,748737880,0.773
vanilla,slowheat_classifier_expander,backward_transfer,1611510062,0.8716249999999999
vanilla,slowheat_classifier_expander,backward_transfer,333205446,0.7361249999999999
vanilla,slowheat_classifier_expander,backward_transfer,130501536,0.8017500000000001
vanilla,slowheat_classifier_expander,backward_transfer,492612040,0.851125
vanilla,slowheat_classifier_expander,forward_transfer,2101606466,0.0
vanilla,slowheat_classifier_expander,forward_transfer,1872839281,0.0
vanilla,slowheat_classifier_expander,forward_transfer,637029796,0.00012499999999998623
vanilla,slowheat_classifier_expander,forward_transfer,1357204345,0.0025000000000000022
vanilla,slowheat_classifier_expander,forward_transfer,1758462037,0.0
vanilla,slowheat_classifier_expander,forward_transfer,748737880,0.000125
vanilla,slowheat_classifier_expander,forward_transfer,1611510062,0.0007500000000000007
vanilla,slowheat_classifier_expander,forward_transfer,333205446,-0.0025000000000000022
vanilla,slowheat_classifier_expander,forward_transfer,130501536,0.0
vanilla,slowheat_classifier_expander,forward_transfer,492612040,-0.0011249999999999871
vanilla,slowheat_classifier_expander,task_aware_final_accuracy,2101606466,0.34440000000000004
vanilla,slowheat_classifier_expander,task_aware_final_accuracy,1872839281,0.21760000000000002
vanilla,slowheat_classifier_expander,task_aware_final_accuracy,637029796,0.2783
vanilla,slowheat_classifier_expander,task_aware_final_accuracy,1357204345,0.24460000000000004
vanilla,slowheat_classifier_expander,task_aware_final_accuracy,1758462037,0.3196
vanilla,slowheat_classifier_expander,task_aware_final_accuracy,748737880,0.2591000000000001
vanilla,slowheat_classifier_expander,task_aware_final_accuracy,1611510062,0.23849999999999993
vanilla,slowheat_classifier_expander,task_aware_final_accuracy,333205446,0.2661
vanilla,slowheat_classifier_expander,task_aware_final_accuracy,130501536,0.239
vanilla,slowheat_classifier_expander,task_aware_final_accuracy,492612040,0.32410000000000005
vanilla,slowheat_classifier_expander,task_aware_forgetting,2101606466,-0.428625
vanilla,slowheat_classifier_expander,task_aware_forgetting,1872839281,-0.277375
vanilla,slowheat_classifier_expander,task_aware_forgetting,637029796,-0.35725000000000007
vanilla,slowheat_classifier_expander,task_aware_forgetting,1357204345,-0.3115
vanilla,slowheat_classifier_expander,task_aware_forgetting,1758462037,-0.3995000000000001
vanilla,slowheat_classifier_expander,task_aware_forgetting,748737880,-0.32000000000000006
vanilla,slowheat_classifier_expander,task_aware_forgetting,1611510062,-0.2975
vanilla,slowheat_classifier_expander,task_aware_forgetting,333205446,-0.342375
vanilla,slowheat_classifier_expander,task_aware_forgetting,130501536,-0.29300000000000004
vanilla,slowheat_classifier_expander,task_aware_forgetting,492612040,-0.400125
vanilla,slowheat_classifier_expander,classifier_gap,2101606466,0.07450000000000012
vanilla,slowheat_classifier_expander,classifier_gap,1872839281,0.008599999999999997
vanilla,slowheat_classifier_expander,classifier_gap,637029796,0.03749999999999998
vanilla,slowheat_classifier_expander,classifier_gap,1357204345,-0.010499999999999898
vanilla,slowheat_classifier_expander,classifier_gap,1758462037,0.07029999999999997
vanilla,slowheat_classifier_expander,classifier_gap,748737880,0.004500000000000115
vanilla,slowheat_classifier_expander,classifier_gap,1611510062,-0.016900000000000026
vanilla,slowheat_classifier_expander,classifier_gap,333205446,0.01880000000000004
vanilla,slowheat_classifier_expander,classifier_gap,130501536,0.02140000000000003
vanilla,slowheat_classifier_expander,classifier_gap,492612040,0.04470000000000007
vanilla,slowheat_classifier_expander,elapsed_seconds,2101606466,194.03583554999204
vanilla,slowheat_classifier_expander,elapsed_seconds,1872839281,192.18569766898872
vanilla,slowheat_classifier_expander,elapsed_seconds,637029796,16.382803050015355
vanilla,slowheat_classifier_expander,elapsed_seconds,1357204345,76.56657500800793
vanilla,slowheat_classifier_expander,elapsed_seconds,1758462037,64.80958712499705
vanilla,slowheat_classifier_expander,elapsed_seconds,748737880,67.12558452101075
vanilla,slowheat_classifier_expander,elapsed_seconds,1611510062,68.13913721198332
vanilla,slowheat_classifier_expander,elapsed_seconds,333205446,75.99451598300948
vanilla,slowheat_classifier_expander,elapsed_seconds,130501536,63.053876922960626
vanilla,slowheat_classifier_expander,elapsed_seconds,492612040,64.67161884100642
vanilla,slowheat_classifier_expander,learner_examples_processed,2101606466,81344.0
vanilla,slowheat_classifier_expander,learner_examples_processed,1872839281,81344.0
vanilla,slowheat_classifier_expander,learner_examples_processed,637029796,81344.0
vanilla,slowheat_classifier_expander,learner_examples_processed,1357204345,81344.0
vanilla,slowheat_classifier_expander,learner_examples_processed,1758462037,81344.0
vanilla,slowheat_classifier_expander,learner_examples_processed,748737880,81344.0
vanilla,slowheat_classifier_expander,learner_examples_processed,1611510062,81344.0
vanilla,slowheat_classifier_expander,learner_examples_processed,333205446,81344.0
vanilla,slowheat_classifier_expander,learner_examples_processed,130501536,81344.0
vanilla,slowheat_classifier_expander,learner_examples_processed,492612040,81344.0
vanilla,slowheat_classifier_expander,total_model_examples_processed,2101606466,161984.0
vanilla,slowheat_classifier_expander,total_model_examples_processed,1872839281,161984.0
vanilla,slowheat_classifier_expander,total_model_examples_processed,637029796,161984.0
vanilla,slowheat_classifier_expander,total_model_examples_processed,1357204345,161984.0
vanilla,slowheat_classifier_expander,total_model_examples_processed,1758462037,161984.0
vanilla,slowheat_classifier_expander,total_model_examples_processed,748737880,161984.0
vanilla,slowheat_classifier_expander,total_model_examples_processed,1611510062,161984.0
vanilla,slowheat_classifier_expander,total_model_examples_processed,333205446,161984.0
vanilla,slowheat_classifier_expander,total_model_examples_processed,130501536,161984.0
vanilla,slowheat_classifier_expander,total_model_examples_processed,492612040,161984.0
vanilla,slowheat_classifier_expander,estimated_total_flops,2101606466,99217610857344.0
vanilla,slowheat_classifier_expander,estimated_total_flops,1872839281,99217610857344.0
vanilla,slowheat_classifier_expander,estimated_total_flops,637029796,99217610857344.0
vanilla,slowheat_classifier_expander,estimated_total_flops,1357204345,99217610857344.0
vanilla,slowheat_classifier_expander,estimated_total_flops,1758462037,99217610857344.0
vanilla,slowheat_classifier_expander,estimated_total_flops,748737880,99217610857344.0
vanilla,slowheat_classifier_expander,estimated_total_flops,1611510062,99217610857344.0
vanilla,slowheat_classifier_expander,estimated_total_flops,333205446,99217610857344.0
vanilla,slowheat_classifier_expander,estimated_total_flops,130501536,99217610857344.0
vanilla,slowheat_classifier_expander,estimated_total_flops,492612040,99217610857344.0
vanilla,slowheat_classifier_expander,estimated_overhead_flops,2101606466,17629272960.0
vanilla,slowheat_classifier_expander,estimated_overhead_flops,1872839281,17629272960.0
vanilla,slowheat_classifier_expander,estimated_overhead_flops,637029796,17629272960.0
vanilla,slowheat_classifier_expander,estimated_overhead_flops,1357204345,17629272960.0
vanilla,slowheat_classifier_expander,estimated_overhead_flops,1758462037,17629272960.0
vanilla,slowheat_classifier_expander,estimated_overhead_flops,748737880,17629272960.0
vanilla,slowheat_classifier_expander,estimated_overhead_flops,1611510062,17629272960.0
vanilla,slowheat_classifier_expander,estimated_overhead_flops,333205446,17629272960.0
vanilla,slowheat_classifier_expander,estimated_overhead_flops,130501536,17629272960.0
vanilla,slowheat_classifier_expander,estimated_overhead_flops,492612040,17629272960.0
vanilla,slowheat_classifier_expander,replay_memory_bytes,2101606466,2459200.0
vanilla,slowheat_classifier_expander,replay_memory_bytes,1872839281,2459200.0
vanilla,slowheat_classifier_expander,replay_memory_bytes,637029796,2459200.0
vanilla,slowheat_classifier_expander,replay_memory_bytes,1357204345,2459200.0
vanilla,slowheat_classifier_expander,replay_memory_bytes,1758462037,2459200.0
vanilla,slowheat_classifier_expander,replay_memory_bytes,748737880,2459200.0
vanilla,slowheat_classifier_expander,replay_memory_bytes,1611510062,2459200.0
vanilla,slowheat_classifier_expander,replay_memory_bytes,333205446,2459200.0
vanilla,slowheat_classifier_expander,replay_memory_bytes,130501536,2459200.0
vanilla,slowheat_classifier_expander,replay_memory_bytes,492612040,2459200.0
vanilla,slowheat_classifier_expander,stored_logits_bytes,2101606466,0.0
vanilla,slowheat_classifier_expander,stored_logits_bytes,1872839281,0.0
vanilla,slowheat_classifier_expander,stored_logits_bytes,637029796,0.0
vanilla,slowheat_classifier_expander,stored_logits_bytes,1357204345,0.0
vanilla,slowheat_classifier_expander,stored_logits_bytes,1758462037,0.0
vanilla,slowheat_classifier_expander,stored_logits_bytes,748737880,0.0
vanilla,slowheat_classifier_expander,stored_logits_bytes,1611510062,0.0
vanilla,slowheat_classifier_expander,stored_logits_bytes,333205446,0.0
vanilla,slowheat_classifier_expander,stored_logits_bytes,130501536,0.0
vanilla,slowheat_classifier_expander,stored_logits_bytes,492612040,0.0
vanilla,slowheat_classifier_expander,replay_metadata_bytes,2101606466,6400.0
vanilla,slowheat_classifier_expander,replay_metadata_bytes,1872839281,6400.0
vanilla,slowheat_classifier_expander,replay_metadata_bytes,637029796,6400.0
vanilla,slowheat_classifier_expander,replay_metadata_bytes,1357204345,6400.0
vanilla,slowheat_classifier_expander,replay_metadata_bytes,1758462037,6400.0
vanilla,slowheat_classifier_expander,replay_metadata_bytes,748737880,6400.0
vanilla,slowheat_classifier_expander,replay_metadata_bytes,1611510062,6400.0
vanilla,slowheat_classifier_expander,replay_metadata_bytes,333205446,6400.0
vanilla,slowheat_classifier_expander,replay_metadata_bytes,130501536,6400.0
vanilla,slowheat_classifier_expander,replay_metadata_bytes,492612040,6400.0
vanilla,slowheat_classifier_expander,selector_forward_examples,2101606466,0.0
vanilla,slowheat_classifier_expander,selector_forward_examples,1872839281,0.0
vanilla,slowheat_classifier_expander,selector_forward_examples,637029796,0.0
vanilla,slowheat_classifier_expander,selector_forward_examples,1357204345,0.0
vanilla,slowheat_classifier_expander,selector_forward_examples,1758462037,0.0
vanilla,slowheat_classifier_expander,selector_forward_examples,748737880,0.0
vanilla,slowheat_classifier_expander,selector_forward_examples,1611510062,0.0
vanilla,slowheat_classifier_expander,selector_forward_examples,333205446,0.0
vanilla,slowheat_classifier_expander,selector_forward_examples,130501536,0.0
vanilla,slowheat_classifier_expander,selector_forward_examples,492612040,0.0
vanilla,slowheat_classifier_expander,selection_seconds,2101606466,0.01423285697819665
vanilla,slowheat_classifier_expander,selection_seconds,1872839281,0.013290570001117885
vanilla,slowheat_classifier_expander,selection_seconds,637029796,0.01307352600269951
vanilla,slowheat_classifier_expander,selection_seconds,1357204345,0.012804952944861725
vanilla,slowheat_classifier_expander,selection_seconds,1758462037,0.012995930010220036
vanilla,slowheat_classifier_expander,selection_seconds,748737880,0.013821961067151278
vanilla,slowheat_classifier_expander,selection_seconds,1611510062,0.013418411981547251
vanilla,slowheat_classifier_expander,selection_seconds,333205446,0.013031295035034418
vanilla,slowheat_classifier_expander,selection_seconds,130501536,0.013235299964435399
vanilla,slowheat_classifier_expander,selection_seconds,492612040,0.013504233967978507
vanilla,scroll,final_average_accuracy,2101606466,-0.0932
vanilla,scroll,final_average_accuracy,1872839281,-0.040700000000000014
vanilla,scroll,final_average_accuracy,637029796,-0.0742
vanilla,scroll,final_average_accuracy,1357204345,-0.0879
vanilla,scroll,final_average_accuracy,1758462037,-0.019600000000000006
vanilla,scroll,final_average_accuracy,748737880,-0.08819999999999997
vanilla,scroll,final_average_accuracy,1611510062,-0.031
vanilla,scroll,final_average_accuracy,333205446,-0.07440000000000001
vanilla,scroll,final_average_accuracy,130501536,-0.06850000000000002
vanilla,scroll,final_average_accuracy,492612040,-0.06430000000000001
vanilla,scroll,average_forgetting,2101606466,-0.5355000000000001
vanilla,scroll,average_forgetting,1872839281,-0.46124999999999994
vanilla,scroll,average_forgetting,637029796,-0.596125
vanilla,scroll,average_forgetting,1357204345,-0.44225000000000003
vanilla,scroll,average_forgetting,1758462037,-0.577375
vanilla,scroll,average_forgetting,748737880,-0.609375
vanilla,scroll,average_forgetting,1611510062,-0.6023749999999999
vanilla,scroll,average_forgetting,333205446,-0.5864999999999999
vanilla,scroll,average_forgetting,130501536,-0.6711250000000001
vanilla,scroll,average_forgetting,492612040,-0.46975
vanilla,scroll,backward_transfer,2101606466,0.6125
vanilla,scroll,backward_transfer,1872839281,0.529625
vanilla,scroll,backward_transfer,637029796,0.6672500000000001
vanilla,scroll,backward_transfer,1357204345,0.57575
vanilla,scroll,backward_transfer,1758462037,0.6865
vanilla,scroll,backward_transfer,748737880,0.609375
vanilla,scroll,backward_transfer,1611510062,0.62025
vanilla,scroll,backward_transfer,333205446,0.68875
vanilla,scroll,backward_transfer,130501536,0.7232500000000001
vanilla,scroll,backward_transfer,492612040,0.574875
vanilla,scroll,forward_transfer,2101606466,0.0
vanilla,scroll,forward_transfer,1872839281,0.0
vanilla,scroll,forward_transfer,637029796,0.0
vanilla,scroll,forward_transfer,1357204345,-0.00037500000000000033
vanilla,scroll,forward_transfer,1758462037,0.0
vanilla,scroll,forward_transfer,748737880,0.0
vanilla,scroll,forward_transfer,1611510062,-0.0002500000000000002
vanilla,scroll,forward_transfer,333205446,-0.0036249999999999893
vanilla,scroll,forward_transfer,130501536,-0.000125
vanilla,scroll,forward_transfer,492612040,-0.0025000000000000022
vanilla,scroll,task_aware_final_accuracy,2101606466,0.005499999999999949
vanilla,scroll,task_aware_final_accuracy,1872839281,-0.05159999999999987
vanilla,scroll,task_aware_final_accuracy,637029796,-0.05149999999999999
vanilla,scroll,task_aware_final_accuracy,1357204345,-0.10360000000000003
vanilla,scroll,task_aware_final_accuracy,1758462037,0.049699999999999966
vanilla,scroll,task_aware_final_accuracy,748737880,-0.09349999999999992
vanilla,scroll,task_aware_final_accuracy,1611510062,-0.09640000000000004
vanilla,scroll,task_aware_final_accuracy,333205446,-0.08999999999999986
vanilla,scroll,task_aware_final_accuracy,130501536,-0.057699999999999974
vanilla,scroll,task_aware_final_accuracy,492612040,-0.02069999999999994
vanilla,scroll,task_aware_forgetting,2101606466,-0.38699999999999996
vanilla,scroll,task_aware_forgetting,1872839281,-0.22949999999999998
vanilla,scroll,task_aware_forgetting,637029796,-0.3105
vanilla,scroll,task_aware_forgetting,1357204345,-0.269
vanilla,scroll,task_aware_forgetting,1758462037,-0.33562499999999995
vanilla,scroll,task_aware_forgetting,748737880,-0.27187500000000003
vanilla,scroll,task_aware_forgetting,1611510062,-0.26025
vanilla,scroll,task_aware_forgetting,333205446,-0.270875
vanilla,scroll,task_aware_forgetting,130501536,-0.26825000000000004
vanilla,scroll,task_aware_forgetting,492612040,-0.355875
vanilla,scroll,classifier_gap,2101606466,0.09869999999999995
vanilla,scroll,classifier_gap,1872839281,-0.010899999999999854
vanilla,scroll,classifier_gap,637029796,0.022699999999999998
vanilla,scroll,classifier_gap,1357204345,-0.015699999999999992
vanilla,scroll,classifier_gap,1758462037,0.06930000000000003
vanilla,scroll,classifier_gap,748737880,-0.005299999999999916
vanilla,scroll,classifier_gap,1611510062,-0.06540000000000007
vanilla,scroll,classifier_gap,333205446,-0.015599999999999836
vanilla,scroll,classifier_gap,130501536,0.010800000000000032
vanilla,scroll,classifier_gap,492612040,0.04360000000000008
vanilla,scroll,elapsed_seconds,2101606466,-44.00980118798907
vanilla,scroll,elapsed_seconds,1872839281,-44.03167621398461
vanilla,scroll,elapsed_seconds,637029796,-47.8449889109761
vanilla,scroll,elapsed_seconds,1357204345,-34.87309021598776
vanilla,scroll,elapsed_seconds,1758462037,-38.27101922701695
vanilla,scroll,elapsed_seconds,748737880,-35.808000071992865
vanilla,scroll,elapsed_seconds,1611510062,-36.07812557500438
vanilla,scroll,elapsed_seconds,333205446,-35.18740332897869
vanilla,scroll,elapsed_seconds,130501536,-38.03905084001599
vanilla,scroll,elapsed_seconds,492612040,-35.68213712400757
vanilla,scroll,learner_examples_processed,2101606466,-160512.0
vanilla,scroll,learner_examples_processed,1872839281,-160512.0
vanilla,scroll,learner_examples_processed,637029796,-160512.0
vanilla,scroll,learner_examples_processed,1357204345,-160512.0
vanilla,scroll,learner_examples_processed,1758462037,-160512.0
vanilla,scroll,learner_examples_processed,748737880,-160512.0
vanilla,scroll,learner_examples_processed,1611510062,-160512.0
vanilla,scroll,learner_examples_processed,333205446,-160512.0
vanilla,scroll,learner_examples_processed,130501536,-160512.0
vanilla,scroll,learner_examples_processed,492612040,-160512.0
vanilla,scroll,total_model_examples_processed,2101606466,-120512.0
vanilla,scroll,total_model_examples_processed,1872839281,-120512.0
vanilla,scroll,total_model_examples_processed,637029796,-120512.0
vanilla,scroll,total_model_examples_processed,1357204345,-120512.0
vanilla,scroll,total_model_examples_processed,1758462037,-120512.0
vanilla,scroll,total_model_examples_processed,748737880,-120512.0
vanilla,scroll,total_model_examples_processed,1611510062,-120512.0
vanilla,scroll,total_model_examples_processed,333205446,-120512.0
vanilla,scroll,total_model_examples_processed,130501536,-120512.0
vanilla,scroll,total_model_examples_processed,492612040,-120512.0
vanilla,scroll,estimated_total_flops,2101606466,-134884771146107.0
vanilla,scroll,estimated_total_flops,1872839281,-134884771146107.0
vanilla,scroll,estimated_total_flops,637029796,-134884771146107.0
vanilla,scroll,estimated_total_flops,1357204345,-134884771146107.0
vanilla,scroll,estimated_total_flops,1758462037,-134884771146107.0
vanilla,scroll,estimated_total_flops,748737880,-134884771146107.0
vanilla,scroll,estimated_total_flops,1611510062,-134884771146107.0
vanilla,scroll,estimated_total_flops,333205446,-134884771146107.0
vanilla,scroll,estimated_total_flops,130501536,-134884771146107.0
vanilla,scroll,estimated_total_flops,492612040,-134884771146107.0
vanilla,scroll,estimated_overhead_flops,2101606466,21728548485.0
vanilla,scroll,estimated_overhead_flops,1872839281,21728548485.0
vanilla,scroll,estimated_overhead_flops,637029796,21728548485.0
vanilla,scroll,estimated_overhead_flops,1357204345,21728548485.0
vanilla,scroll,estimated_overhead_flops,1758462037,21728548485.0
vanilla,scroll,estimated_overhead_flops,748737880,21728548485.0
vanilla,scroll,estimated_overhead_flops,1611510062,21728548485.0
vanilla,scroll,estimated_overhead_flops,333205446,21728548485.0
vanilla,scroll,estimated_overhead_flops,130501536,21728548485.0
vanilla,scroll,estimated_overhead_flops,492612040,21728548485.0
vanilla,scroll,replay_memory_bytes,2101606466,2459200.0
vanilla,scroll,replay_memory_bytes,1872839281,2459200.0
vanilla,scroll,replay_memory_bytes,637029796,2459200.0
vanilla,scroll,replay_memory_bytes,1357204345,2459200.0
vanilla,scroll,replay_memory_bytes,1758462037,2459200.0
vanilla,scroll,replay_memory_bytes,748737880,2459200.0
vanilla,scroll,replay_memory_bytes,1611510062,2459200.0
vanilla,scroll,replay_memory_bytes,333205446,2459200.0
vanilla,scroll,replay_memory_bytes,130501536,2459200.0
vanilla,scroll,replay_memory_bytes,492612040,2459200.0
vanilla,scroll,stored_logits_bytes,2101606466,0.0
vanilla,scroll,stored_logits_bytes,1872839281,0.0
vanilla,scroll,stored_logits_bytes,637029796,0.0
vanilla,scroll,stored_logits_bytes,1357204345,0.0
vanilla,scroll,stored_logits_bytes,1758462037,0.0
vanilla,scroll,stored_logits_bytes,748737880,0.0
vanilla,scroll,stored_logits_bytes,1611510062,0.0
vanilla,scroll,stored_logits_bytes,333205446,0.0
vanilla,scroll,stored_logits_bytes,130501536,0.0
vanilla,scroll,stored_logits_bytes,492612040,0.0
vanilla,scroll,replay_metadata_bytes,2101606466,6400.0
vanilla,scroll,replay_metadata_bytes,1872839281,6400.0
vanilla,scroll,replay_metadata_bytes,637029796,6400.0
vanilla,scroll,replay_metadata_bytes,1357204345,6400.0
vanilla,scroll,replay_metadata_bytes,1758462037,6400.0
vanilla,scroll,replay_metadata_bytes,748737880,6400.0
vanilla,scroll,replay_metadata_bytes,1611510062,6400.0
vanilla,scroll,replay_metadata_bytes,333205446,6400.0
vanilla,scroll,replay_metadata_bytes,130501536,6400.0
vanilla,scroll,replay_metadata_bytes,492612040,6400.0
vanilla,scroll,selector_forward_examples,2101606466,0.0
vanilla,scroll,selector_forward_examples,1872839281,0.0
vanilla,scroll,selector_forward_examples,637029796,0.0
vanilla,scroll,selector_forward_examples,1357204345,0.0
vanilla,scroll,selector_forward_examples,1758462037,0.0
vanilla,scroll,selector_forward_examples,748737880,0.0
vanilla,scroll,selector_forward_examples,1611510062,0.0
vanilla,scroll,selector_forward_examples,333205446,0.0
vanilla,scroll,selector_forward_examples,130501536,0.0
vanilla,scroll,selector_forward_examples,492612040,0.0
vanilla,scroll,selection_seconds,2101606466,0.012874859006842598
vanilla,scroll,selection_seconds,1872839281,0.012813788023777306
vanilla,scroll,selection_seconds,637029796,0.013637523021316156
vanilla,scroll,selection_seconds,1357204345,0.01419130398426205
vanilla,scroll,selection_seconds,1758462037,0.012897722015623003
vanilla,scroll,selection_seconds,748737880,0.012616853025974706
vanilla,scroll,selection_seconds,1611510062,0.012689403985859826
vanilla,scroll,selection_seconds,333205446,0.012808703992050141
vanilla,scroll,selection_seconds,130501536,0.013063545018667355
vanilla,scroll,selection_seconds,492612040,0.01290691300528124
vanilla,slowheat_scroll,final_average_accuracy,2101606466,0.06670000000000004
vanilla,slowheat_scroll,final_average_accuracy,1872839281,-0.0010999999999999899
vanilla,slowheat_scroll,final_average_accuracy,637029796,0.006699999999999984
vanilla,slowheat_scroll,final_average_accuracy,1357204345,0.052000000000000046
vanilla,slowheat_scroll,final_average_accuracy,1758462037,0.06720000000000001
vanilla,slowheat_scroll,final_average_accuracy,748737880,0.06309999999999999
vanilla,slowheat_scroll,final_average_accuracy,1611510062,0.015899999999999997
vanilla,slowheat_scroll,final_average_accuracy,333205446,0.07990000000000003
vanilla,slowheat_scroll,final_average_accuracy,130501536,0.06249999999999997
vanilla,slowheat_scroll,final_average_accuracy,492612040,0.019799999999999984
vanilla,slowheat_scroll,average_forgetting,2101606466,-0.8126249999999999
vanilla,slowheat_scroll,average_forgetting,1872839281,-0.581375
vanilla,slowheat_scroll,average_forgetting,637029796,-0.6085
vanilla,slowheat_scroll,average_forgetting,1357204345,-0.7382500000000001
vanilla,slowheat_scroll,average_forgetting,1758462037,-0.8185
vanilla,slowheat_scroll,average_forgetting,748737880,-0.7691250000000001
vanilla,slowheat_scroll,average_forgetting,1611510062,-0.5823749999999999
vanilla,slowheat_scroll,average_forgetting,333205446,-0.7142499999999999
vanilla,slowheat_scroll,average_forgetting,130501536,-0.8115000000000001
vanilla,slowheat_scroll,average_forgetting,492612040,-0.7433749999999999
vanilla,slowheat_scroll,backward_transfer,2101606466,0.88875
vanilla,slowheat_scroll,backward_transfer,1872839281,0.606
vanilla,slowheat_scroll,backward_transfer,637029796,0.6085
vanilla,slowheat_scroll,backward_transfer,1357204345,0.8223750000000001
vanilla,slowheat_scroll,backward_transfer,1758462037,0.82475
vanilla,slowheat_scroll,backward_transfer,748737880,0.824875
vanilla,slowheat_scroll,backward_transfer,1611510062,0.6974999999999999
vanilla,slowheat_scroll,backward_transfer,333205446,0.8032499999999999
vanilla,slowheat_scroll,backward_transfer,130501536,0.8171250000000001
vanilla,slowheat_scroll,backward_transfer,492612040,0.797375
vanilla,slowheat_scroll,forward_transfer,2101606466,0.0
vanilla,slowheat_scroll,forward_transfer,1872839281,0.0
vanilla,slowheat_scroll,forward_transfer,637029796,0.0
vanilla,slowheat_scroll,forward_transfer,1357204345,-0.00037500000000000033
vanilla,slowheat_scroll,forward_transfer,1758462037,0.0
vanilla,slowheat_scroll,forward_transfer,748737880,0.0
vanilla,slowheat_scroll,forward_transfer,1611510062,-0.0002500000000000002
vanilla,slowheat_scroll,forward_transfer,333205446,-0.0036249999999999893
vanilla,slowheat_scroll,forward_transfer,130501536,-0.000125
vanilla,slowheat_scroll,forward_transfer,492612040,-0.0025000000000000022
vanilla,slowheat_scroll,task_aware_final_accuracy,2101606466,0.15349999999999997
vanilla,slowheat_scroll,task_aware_final_accuracy,1872839281,0.05070000000000008
vanilla,slowheat_scroll,task_aware_final_accuracy,637029796,0.051000000000000156
vanilla,slowheat_scroll,task_aware_final_accuracy,1357204345,0.11239999999999994
vanilla,slowheat_scroll,task_aware_final_accuracy,1758462037,0.17110000000000003
vanilla,slowheat_scroll,task_aware_final_accuracy,748737880,0.10470000000000002
vanilla,slowheat_scroll,task_aware_final_accuracy,1611510062,0.09799999999999998
vanilla,slowheat_scroll,task_aware_final_accuracy,333205446,0.06920000000000004
vanilla,slowheat_scroll,task_aware_final_accuracy,130501536,0.06989999999999996
vanilla,slowheat_scroll,task_aware_final_accuracy,492612040,0.13160000000000005
vanilla,slowheat_scroll,task_aware_forgetting,2101606466,-0.44762499999999994
vanilla,slowheat_scroll,task_aware_forgetting,1872839281,-0.31825
vanilla,slowheat_scroll,task_aware_forgetting,637029796,-0.36475
vanilla,slowheat_scroll,task_aware_forgetting,1357204345,-0.38325
vanilla,slowheat_scroll,task_aware_forgetting,1758462037,-0.456125
vanilla,slowheat_scroll,task_aware_forgetting,748737880,-0.39012500000000006
vanilla,slowheat_scroll,task_aware_forgetting,1611510062,-0.36224999999999996
vanilla,slowheat_scroll,task_aware_forgetting,333205446,-0.3378749999999999
vanilla,slowheat_scroll,task_aware_forgetting,130501536,-0.351375
vanilla,slowheat_scroll,task_aware_forgetting,492612040,-0.41187499999999994
vanilla,slowheat_scroll,classifier_gap,2101606466,0.08679999999999993
vanilla,slowheat_scroll,classifier_gap,1872839281,0.05180000000000007
vanilla,slowheat_scroll,classifier_gap,637029796,0.04430000000000017
vanilla,slowheat_scroll,classifier_gap,1357204345,0.0603999999999999
vanilla,slowheat_scroll,classifier_gap,1758462037,0.10390000000000005
vanilla,slowheat_scroll,classifier_gap,748737880,0.041600000000000026
vanilla,slowheat_scroll,classifier_gap,1611510062,0.0821
vanilla,slowheat_scroll,classifier_gap,333205446,-0.010699999999999987
vanilla,slowheat_scroll,classifier_gap,130501536,0.007400000000000018
vanilla,slowheat_scroll,classifier_gap,492612040,0.11180000000000007
vanilla,slowheat_scroll,elapsed_seconds,2101606466,-13.538426021987107
vanilla,slowheat_scroll,elapsed_seconds,1872839281,-13.666692683007568
vanilla,slowheat_scroll,elapsed_seconds,637029796,-40.62515281999367
vanilla,slowheat_scroll,elapsed_seconds,1357204345,-28.17009412398329
vanilla,slowheat_scroll,elapsed_seconds,1758462037,-32.13094407701283
vanilla,slowheat_scroll,elapsed_seconds,748737880,-29.72007769299671
vanilla,slowheat_scroll,elapsed_seconds,1611510062,-29.850608057022328
vanilla,slowheat_scroll,elapsed_seconds,333205446,-28.30640044301981
vanilla,slowheat_scroll,elapsed_seconds,130501536,-32.341996213042876
vanilla,slowheat_scroll,elapsed_seconds,492612040,-29.853815812966786
vanilla,slowheat_scroll,learner_examples_processed,2101606466,-160512.0
vanilla,slowheat_scroll,learner_examples_processed,1872839281,-160512.0
vanilla,slowheat_scroll,learner_examples_processed,637029796,-160512.0
vanilla,slowheat_scroll,learner_examples_processed,1357204345,-160512.0
vanilla,slowheat_scroll,learner_examples_processed,1758462037,-160512.0
vanilla,slowheat_scroll,learner_examples_processed,748737880,-160512.0
vanilla,slowheat_scroll,learner_examples_processed,1611510062,-160512.0
vanilla,slowheat_scroll,learner_examples_processed,333205446,-160512.0
vanilla,slowheat_scroll,learner_examples_processed,130501536,-160512.0
vanilla,slowheat_scroll,learner_examples_processed,492612040,-160512.0
vanilla,slowheat_scroll,total_model_examples_processed,2101606466,-120512.0
vanilla,slowheat_scroll,total_model_examples_processed,1872839281,-120512.0
vanilla,slowheat_scroll,total_model_examples_processed,637029796,-120512.0
vanilla,slowheat_scroll,total_model_examples_processed,1357204345,-120512.0
vanilla,slowheat_scroll,total_model_examples_processed,1758462037,-120512.0
vanilla,slowheat_scroll,total_model_examples_processed,748737880,-120512.0
vanilla,slowheat_scroll,total_model_examples_processed,1611510062,-120512.0
vanilla,slowheat_scroll,total_model_examples_processed,333205446,-120512.0
vanilla,slowheat_scroll,total_model_examples_processed,130501536,-120512.0
vanilla,slowheat_scroll,total_model_examples_processed,492612040,-120512.0
vanilla,slowheat_scroll,estimated_total_flops,2101606466,-134881422733307.0
vanilla,slowheat_scroll,estimated_total_flops,1872839281,-134881422733307.0
vanilla,slowheat_scroll,estimated_total_flops,637029796,-134881422733307.0
vanilla,slowheat_scroll,estimated_total_flops,1357204345,-134881422733307.0
vanilla,slowheat_scroll,estimated_total_flops,1758462037,-134881422733307.0
vanilla,slowheat_scroll,estimated_total_flops,748737880,-134881422733307.0
vanilla,slowheat_scroll,estimated_total_flops,1611510062,-134881422733307.0
vanilla,slowheat_scroll,estimated_total_flops,333205446,-134881422733307.0
vanilla,slowheat_scroll,estimated_total_flops,130501536,-134881422733307.0
vanilla,slowheat_scroll,estimated_total_flops,492612040,-134881422733307.0
vanilla,slowheat_scroll,estimated_overhead_flops,2101606466,25076961285.0
vanilla,slowheat_scroll,estimated_overhead_flops,1872839281,25076961285.0
vanilla,slowheat_scroll,estimated_overhead_flops,637029796,25076961285.0
vanilla,slowheat_scroll,estimated_overhead_flops,1357204345,25076961285.0
vanilla,slowheat_scroll,estimated_overhead_flops,1758462037,25076961285.0
vanilla,slowheat_scroll,estimated_overhead_flops,748737880,25076961285.0
vanilla,slowheat_scroll,estimated_overhead_flops,1611510062,25076961285.0
vanilla,slowheat_scroll,estimated_overhead_flops,333205446,25076961285.0
vanilla,slowheat_scroll,estimated_overhead_flops,130501536,25076961285.0
vanilla,slowheat_scroll,estimated_overhead_flops,492612040,25076961285.0
vanilla,slowheat_scroll,replay_memory_bytes,2101606466,2459200.0
vanilla,slowheat_scroll,replay_memory_bytes,1872839281,2459200.0
vanilla,slowheat_scroll,replay_memory_bytes,637029796,2459200.0
vanilla,slowheat_scroll,replay_memory_bytes,1357204345,2459200.0
vanilla,slowheat_scroll,replay_memory_bytes,1758462037,2459200.0
vanilla,slowheat_scroll,replay_memory_bytes,748737880,2459200.0
vanilla,slowheat_scroll,replay_memory_bytes,1611510062,2459200.0
vanilla,slowheat_scroll,replay_memory_bytes,333205446,2459200.0
vanilla,slowheat_scroll,replay_memory_bytes,130501536,2459200.0
vanilla,slowheat_scroll,replay_memory_bytes,492612040,2459200.0
vanilla,slowheat_scroll,stored_logits_bytes,2101606466,0.0
vanilla,slowheat_scroll,stored_logits_bytes,1872839281,0.0
vanilla,slowheat_scroll,stored_logits_bytes,637029796,0.0
vanilla,slowheat_scroll,stored_logits_bytes,1357204345,0.0
vanilla,slowheat_scroll,stored_logits_bytes,1758462037,0.0
vanilla,slowheat_scroll,stored_logits_bytes,748737880,0.0
vanilla,slowheat_scroll,stored_logits_bytes,1611510062,0.0
vanilla,slowheat_scroll,stored_logits_bytes,333205446,0.0
vanilla,slowheat_scroll,stored_logits_bytes,130501536,0.0
vanilla,slowheat_scroll,stored_logits_bytes,492612040,0.0
vanilla,slowheat_scroll,replay_metadata_bytes,2101606466,6400.0
vanilla,slowheat_scroll,replay_metadata_bytes,1872839281,6400.0
vanilla,slowheat_scroll,replay_metadata_bytes,637029796,6400.0
vanilla,slowheat_scroll,replay_metadata_bytes,1357204345,6400.0
vanilla,slowheat_scroll,replay_metadata_bytes,1758462037,6400.0
vanilla,slowheat_scroll,replay_metadata_bytes,748737880,6400.0
vanilla,slowheat_scroll,replay_metadata_bytes,1611510062,6400.0
vanilla,slowheat_scroll,replay_metadata_bytes,333205446,6400.0
vanilla,slowheat_scroll,replay_metadata_bytes,130501536,6400.0
vanilla,slowheat_scroll,replay_metadata_bytes,492612040,6400.0
vanilla,slowheat_scroll,selector_forward_examples,2101606466,0.0
vanilla,slowheat_scroll,selector_forward_examples,1872839281,0.0
vanilla,slowheat_scroll,selector_forward_examples,637029796,0.0
vanilla,slowheat_scroll,selector_forward_examples,1357204345,0.0
vanilla,slowheat_scroll,selector_forward_examples,1758462037,0.0
vanilla,slowheat_scroll,selector_forward_examples,748737880,0.0
vanilla,slowheat_scroll,selector_forward_examples,1611510062,0.0
vanilla,slowheat_scroll,selector_forward_examples,333205446,0.0
vanilla,slowheat_scroll,selector_forward_examples,130501536,0.0
vanilla,slowheat_scroll,selector_forward_examples,492612040,0.0
vanilla,slowheat_scroll,selection_seconds,2101606466,0.012970990996109322
vanilla,slowheat_scroll,selection_seconds,1872839281,0.013029186025960371
vanilla,slowheat_scroll,selection_seconds,637029796,0.012732350995065644
vanilla,slowheat_scroll,selection_seconds,1357204345,0.014013329957379028
vanilla,slowheat_scroll,selection_seconds,1758462037,0.013104573008604348
vanilla,slowheat_scroll,selection_seconds,748737880,0.014592208957765251
vanilla,slowheat_scroll,selection_seconds,1611510062,0.012800904019968584
vanilla,slowheat_scroll,selection_seconds,333205446,0.012974939018022269
vanilla,slowheat_scroll,selection_seconds,130501536,0.013899516983656213
vanilla,slowheat_scroll,selection_seconds,492612040,0.013771176018053666
lpr,vanilla,final_average_accuracy,2101606466,-0.03959999999999997
lpr,vanilla,final_average_accuracy,1872839281,-0.06020000000000003
lpr,vanilla,final_average_accuracy,637029796,-0.04529999999999998
lpr,vanilla,final_average_accuracy,1357204345,-0.05120000000000002
lpr,vanilla,final_average_accuracy,1758462037,-0.0408
lpr,vanilla,final_average_accuracy,748737880,-0.04880000000000004
lpr,vanilla,final_average_accuracy,1611510062,-0.05740000000000001
lpr,vanilla,final_average_accuracy,333205446,-0.056499999999999995
lpr,vanilla,final_average_accuracy,130501536,-0.06239999999999998
lpr,vanilla,final_average_accuracy,492612040,-0.043800000000000006
lpr,vanilla,average_forgetting,2101606466,0.046624999999999917
lpr,vanilla,average_forgetting,1872839281,0.09237499999999998
lpr,vanilla,average_forgetting,637029796,0.06387500000000013
lpr,vanilla,average_forgetting,1357204345,0.07225000000000004
lpr,vanilla,average_forgetting,1758462037,0.042749999999999955
lpr,vanilla,average_forgetting,748737880,0.06225000000000003
lpr,vanilla,average_forgetting,1611510062,0.07762499999999983
lpr,vanilla,average_forgetting,333205446,0.08524999999999994
lpr,vanilla,average_forgetting,130501536,0.07700000000000007
lpr,vanilla,average_forgetting,492612040,0.04949999999999999
lpr,vanilla,backward_transfer,2101606466,-0.046624999999999917
lpr,vanilla,backward_transfer,1872839281,-0.09237499999999998
lpr,vanilla,backward_transfer,637029796,-0.06387500000000013
lpr,vanilla,backward_transfer,1357204345,-0.07225000000000004
lpr,vanilla,backward_transfer,1758462037,-0.042749999999999955
lpr,vanilla,backward_transfer,748737880,-0.06225000000000003
lpr,vanilla,backward_transfer,1611510062,-0.07762499999999983
lpr,vanilla,backward_transfer,333205446,-0.08524999999999994
lpr,vanilla,backward_transfer,130501536,-0.07700000000000007
lpr,vanilla,backward_transfer,492612040,-0.04949999999999999
lpr,vanilla,forward_transfer,2101606466,-0.0001250000000000001
lpr,vanilla,forward_transfer,1872839281,-0.00025
lpr,vanilla,forward_transfer,637029796,0.0
lpr,vanilla,forward_transfer,1357204345,-0.0013750000000000012
lpr,vanilla,forward_transfer,1758462037,0.0
lpr,vanilla,forward_transfer,748737880,0.0
lpr,vanilla,forward_transfer,1611510062,0.0
lpr,vanilla,forward_transfer,333205446,0.0023749999999999882
lpr,vanilla,forward_transfer,130501536,-0.000125
lpr,vanilla,forward_transfer,492612040,0.00012499999999998623
lpr,vanilla,task_aware_final_accuracy,2101606466,-0.2649
lpr,vanilla,task_aware_final_accuracy,1872839281,-0.15170000000000006
lpr,vanilla,task_aware_final_accuracy,637029796,-0.19700000000000006
lpr,vanilla,task_aware_final_accuracy,1357204345,-0.1755
lpr,vanilla,task_aware_final_accuracy,1758462037,-0.23609999999999998
lpr,vanilla,task_aware_final_accuracy,748737880,-0.15680000000000005
lpr,vanilla,task_aware_final_accuracy,1611510062,-0.1753999999999999
lpr,vanilla,task_aware_final_accuracy,333205446,-0.1664
lpr,vanilla,task_aware_final_accuracy,130501536,-0.1119
lpr,vanilla,task_aware_final_accuracy,492612040,-0.23949999999999994
lpr,vanilla,task_aware_forgetting,2101606466,0.32762499999999994
lpr,vanilla,task_aware_forgetting,1872839281,0.20312499999999994
lpr,vanilla,task_aware_forgetting,637029796,0.25312500000000004
lpr,vanilla,task_aware_forgetting,1357204345,0.22674999999999998
lpr,vanilla,task_aware_forgetting,1758462037,0.28587500000000005
lpr,vanilla,task_aware_forgetting,748737880,0.19625000000000004
lpr,vanilla,task_aware_forgetting,1611510062,0.22337499999999996
lpr,vanilla,task_aware_forgetting,333205446,0.221125
lpr,vanilla,task_aware_forgetting,130501536,0.13812500000000008
lpr,vanilla,task_aware_forgetting,492612040,0.29374999999999996
lpr,vanilla,classifier_gap,2101606466,-0.2253000000000001
lpr,vanilla,classifier_gap,1872839281,-0.09149999999999997
lpr,vanilla,classifier_gap,637029796,-0.15170000000000006
lpr,vanilla,classifier_gap,1357204345,-0.12430000000000002
lpr,vanilla,classifier_gap,1758462037,-0.19530000000000003
lpr,vanilla,classifier_gap,748737880,-0.10800000000000004
lpr,vanilla,classifier_gap,1611510062,-0.11799999999999994
lpr,vanilla,classifier_gap,333205446,-0.10990000000000005
lpr,vanilla,classifier_gap,130501536,-0.049500000000000044
lpr,vanilla,classifier_gap,492612040,-0.19569999999999993
lpr,vanilla,elapsed_seconds,2101606466,-50.87373093899805
lpr,vanilla,elapsed_seconds,1872839281,-68.28187740498106
lpr,vanilla,elapsed_seconds,637029796,-51.31834215600975
lpr,vanilla,elapsed_seconds,1357204345,-45.6406900070142
lpr,vanilla,elapsed_seconds,1758462037,-42.932536147971405
lpr,vanilla,elapsed_seconds,748737880,-40.673952659009956
lpr,vanilla,elapsed_seconds,1611510062,-40.91481881099753
lpr,vanilla,elapsed_seconds,333205446,-45.22967308497755
lpr,vanilla,elapsed_seconds,130501536,-43.72066489595454
lpr,vanilla,elapsed_seconds,492612040,-40.90494262002176
lpr,vanilla,learner_examples_processed,2101606466,-80640.0
lpr,vanilla,learner_examples_processed,1872839281,-80640.0
lpr,vanilla,learner_examples_processed,637029796,-80640.0
lpr,vanilla,learner_examples_processed,1357204345,-80640.0
lpr,vanilla,learner_examples_processed,1758462037,-80640.0
lpr,vanilla,learner_examples_processed,748737880,-80640.0
lpr,vanilla,learner_examples_processed,1611510062,-80640.0
lpr,vanilla,learner_examples_processed,333205446,-80640.0
lpr,vanilla,learner_examples_processed,130501536,-80640.0
lpr,vanilla,learner_examples_processed,492612040,-80640.0
lpr,vanilla,total_model_examples_processed,2101606466,-81080.0
lpr,vanilla,total_model_examples_processed,1872839281,-81080.0
lpr,vanilla,total_model_examples_processed,637029796,-81080.0
lpr,vanilla,total_model_examples_processed,1357204345,-81080.0
lpr,vanilla,total_model_examples_processed,1758462037,-81080.0
lpr,vanilla,total_model_examples_processed,748737880,-81080.0
lpr,vanilla,total_model_examples_processed,1611510062,-81080.0
lpr,vanilla,total_model_examples_processed,333205446,-81080.0
lpr,vanilla,total_model_examples_processed,130501536,-81080.0
lpr,vanilla,total_model_examples_processed,492612040,-81080.0
lpr,vanilla,estimated_total_flops,2101606466,-169164041231320.0
lpr,vanilla,estimated_total_flops,1872839281,-169164041231320.0
lpr,vanilla,estimated_total_flops,637029796,-169164041231320.0
lpr,vanilla,estimated_total_flops,1357204345,-169164041231320.0
lpr,vanilla,estimated_total_flops,1758462037,-169164041231320.0
lpr,vanilla,estimated_total_flops,748737880,-169164041231320.0
lpr,vanilla,estimated_total_flops,1611510062,-169164041231320.0
lpr,vanilla,estimated_total_flops,333205446,-169164041231320.0
lpr,vanilla,estimated_total_flops,130501536,-169164041231320.0
lpr,vanilla,estimated_total_flops,492612040,-169164041231320.0
lpr,vanilla,estimated_overhead_flops,2101606466,-95113591741400.0
lpr,vanilla,estimated_overhead_flops,1872839281,-95113591741400.0
lpr,vanilla,estimated_overhead_flops,637029796,-95113591741400.0
lpr,vanilla,estimated_overhead_flops,1357204345,-95113591741400.0
lpr,vanilla,estimated_overhead_flops,1758462037,-95113591741400.0
lpr,vanilla,estimated_overhead_flops,748737880,-95113591741400.0
lpr,vanilla,estimated_overhead_flops,1611510062,-95113591741400.0
lpr,vanilla,estimated_overhead_flops,333205446,-95113591741400.0
lpr,vanilla,estimated_overhead_flops,130501536,-95113591741400.0
lpr,vanilla,estimated_overhead_flops,492612040,-95113591741400.0
lpr,vanilla,replay_memory_bytes,2101606466,-2459200.0
lpr,vanilla,replay_memory_bytes,1872839281,-2459200.0
lpr,vanilla,replay_memory_bytes,637029796,-2459200.0
lpr,vanilla,replay_memory_bytes,1357204345,-2459200.0
lpr,vanilla,replay_memory_bytes,1758462037,-2459200.0
lpr,vanilla,replay_memory_bytes,748737880,-2459200.0
lpr,vanilla,replay_memory_bytes,1611510062,-2459200.0
lpr,vanilla,replay_memory_bytes,333205446,-2459200.0
lpr,vanilla,replay_memory_bytes,130501536,-2459200.0
lpr,vanilla,replay_memory_bytes,492612040,-2459200.0
lpr,vanilla,stored_logits_bytes,2101606466,0.0
lpr,vanilla,stored_logits_bytes,1872839281,0.0
lpr,vanilla,stored_logits_bytes,637029796,0.0
lpr,vanilla,stored_logits_bytes,1357204345,0.0
lpr,vanilla,stored_logits_bytes,1758462037,0.0
lpr,vanilla,stored_logits_bytes,748737880,0.0
lpr,vanilla,stored_logits_bytes,1611510062,0.0
lpr,vanilla,stored_logits_bytes,333205446,0.0
lpr,vanilla,stored_logits_bytes,130501536,0.0
lpr,vanilla,stored_logits_bytes,492612040,0.0
lpr,vanilla,replay_metadata_bytes,2101606466,-6400.0
lpr,vanilla,replay_metadata_bytes,1872839281,-6400.0
lpr,vanilla,replay_metadata_bytes,637029796,-6400.0
lpr,vanilla,replay_metadata_bytes,1357204345,-6400.0
lpr,vanilla,replay_metadata_bytes,1758462037,-6400.0
lpr,vanilla,replay_metadata_bytes,748737880,-6400.0
lpr,vanilla,replay_metadata_bytes,1611510062,-6400.0
lpr,vanilla,replay_metadata_bytes,333205446,-6400.0
lpr,vanilla,replay_metadata_bytes,130501536,-6400.0
lpr,vanilla,replay_metadata_bytes,492612040,-6400.0
lpr,vanilla,selector_forward_examples,2101606466,0.0
lpr,vanilla,selector_forward_examples,1872839281,0.0
lpr,vanilla,selector_forward_examples,637029796,0.0
lpr,vanilla,selector_forward_examples,1357204345,0.0
lpr,vanilla,selector_forward_examples,1758462037,0.0
lpr,vanilla,selector_forward_examples,748737880,0.0
lpr,vanilla,selector_forward_examples,1611510062,0.0
lpr,vanilla,selector_forward_examples,333205446,0.0
lpr,vanilla,selector_forward_examples,130501536,0.0
lpr,vanilla,selector_forward_examples,492612040,0.0
lpr,vanilla,selection_seconds,2101606466,-0.012896236003143713
lpr,vanilla,selection_seconds,1872839281,-0.013414222979918122
lpr,vanilla,selection_seconds,637029796,-0.014073262980673462
lpr,vanilla,selection_seconds,1357204345,-0.013445299031445757
lpr,vanilla,selection_seconds,1758462037,-0.013229468051576987
lpr,vanilla,selection_seconds,748737880,-0.012687377980910242
lpr,vanilla,selection_seconds,1611510062,-0.01276698597939685
lpr,vanilla,selection_seconds,333205446,-0.012764231039909646
lpr,vanilla,selection_seconds,130501536,-0.01336352204089053
lpr,vanilla,selection_seconds,492612040,-0.013202214031480253
lpr,slowheat_none,final_average_accuracy,2101606466,-0.040299999999999975
lpr,slowheat_none,final_average_accuracy,1872839281,-0.059000000000000025
lpr,slowheat_none,final_average_accuracy,637029796,-0.046099999999999974
lpr,slowheat_none,final_average_accuracy,1357204345,-0.05140000000000003
lpr,slowheat_none,final_average_accuracy,1758462037,-0.04039999999999999
lpr,slowheat_none,final_average_accuracy,748737880,-0.04880000000000004
lpr,slowheat_none,final_average_accuracy,1611510062,-0.054400000000000004
lpr,slowheat_none,final_average_accuracy,333205446,-0.0582
lpr,slowheat_none,final_average_accuracy,130501536,-0.0615
lpr,slowheat_none,final_average_accuracy,492612040,-0.047099999999999975
lpr,slowheat_none,average_forgetting,2101606466,0.041874999999999885
lpr,slowheat_none,average_forgetting,1872839281,0.09199999999999997
lpr,slowheat_none,average_forgetting,637029796,0.05537500000000006
lpr,slowheat_none,average_forgetting,1357204345,0.06525000000000003
lpr,slowheat_none,average_forgetting,1758462037,0.04962500000000003
lpr,slowheat_none,average_forgetting,748737880,0.05325000000000002
lpr,slowheat_none,average_forgetting,1611510062,0.07399999999999995
lpr,slowheat_none,average_forgetting,333205446,0.08350000000000002
lpr,slowheat_none,average_forgetting,130501536,0.07862499999999994
lpr,slowheat_none,average_forgetting,492612040,0.047374999999999945
lpr,slowheat_none,backward_transfer,2101606466,-0.041874999999999885
lpr,slowheat_none,backward_transfer,1872839281,-0.09199999999999997
lpr,slowheat_none,backward_transfer,637029796,-0.05537500000000006
lpr,slowheat_none,backward_transfer,1357204345,-0.06525000000000003
lpr,slowheat_none,backward_transfer,1758462037,-0.04962500000000003
lpr,slowheat_none,backward_transfer,748737880,-0.05325000000000002
lpr,slowheat_none,backward_transfer,1611510062,-0.07399999999999995
lpr,slowheat_none,backward_transfer,333205446,-0.08350000000000002
lpr,slowheat_none,backward_transfer,130501536,-0.07862499999999994
lpr,slowheat_none,backward_transfer,492612040,-0.047374999999999945
lpr,slowheat_none,forward_transfer,2101606466,-0.0001250000000000001
lpr,slowheat_none,forward_transfer,1872839281,-0.00025
lpr,slowheat_none,forward_transfer,637029796,0.0005000000000000004
lpr,slowheat_none,forward_transfer,1357204345,0.0008750000000000008
lpr,slowheat_none,forward_transfer,1758462037,0.0
lpr,slowheat_none,forward_transfer,748737880,0.000125
lpr,slowheat_none,forward_transfer,1611510062,0.0001250000000000001
lpr,slowheat_none,forward_transfer,333205446,0.000125000000000014
lpr,slowheat_none,forward_transfer,130501536,-0.00025
lpr,slowheat_none,forward_transfer,492612040,-0.000250000000000028
lpr,slowheat_none,task_aware_final_accuracy,2101606466,-0.1864
lpr,slowheat_none,task_aware_final_accuracy,1872839281,-0.20220000000000005
lpr,slowheat_none,task_aware_final_accuracy,637029796,-0.16490000000000005
lpr,slowheat_none,task_aware_final_accuracy,1357204345,-0.18589999999999995
lpr,slowheat_none,task_aware_final_accuracy,1758462037,-0.19340000000000002
lpr,slowheat_none,task_aware_final_accuracy,748737880,-0.20709999999999995
lpr,slowheat_none,task_aware_final_accuracy,1611510062,-0.21429999999999993
lpr,slowheat_none,task_aware_final_accuracy,333205446,-0.17889999999999984
lpr,slowheat_none,task_aware_final_accuracy,130501536,-0.08299999999999996
lpr,slowheat_none,task_aware_final_accuracy,492612040,-0.23309999999999997
lpr,slowheat_none,task_aware_forgetting,2101606466,0.223875
lpr,slowheat_none,task_aware_forgetting,1872839281,0.2673749999999999
lpr,slowheat_none,task_aware_forgetting,637029796,0.20350000000000001
lpr,slowheat_none,task_aware_forgetting,1357204345,0.23249999999999996
lpr,slowheat_none,task_aware_forgetting,1758462037,0.239875
lpr,slowheat_none,task_aware_forgetting,748737880,0.250125
lpr,slowheat_none,task_aware_forgetting,1611510062,0.27212499999999995
lpr,slowheat_none,task_aware_forgetting,333205446,0.23287500000000003
lpr,slowheat_none,task_aware_forgetting,130501536,0.10475000000000004
lpr,slowheat_none,task_aware_forgetting,492612040,0.27949999999999997
lpr,slowheat_none,classifier_gap,2101606466,-0.14610000000000012
lpr,slowheat_none,classifier_gap,1872839281,-0.1432
lpr,slowheat_none,classifier_gap,637029796,-0.11880000000000002
lpr,slowheat_none,classifier_gap,1357204345,-0.13449999999999995
lpr,slowheat_none,classifier_gap,1758462037,-0.15300000000000002
lpr,slowheat_none,classifier_gap,748737880,-0.15829999999999994
lpr,slowheat_none,classifier_gap,1611510062,-0.1599
lpr,slowheat_none,classifier_gap,333205446,-0.12069999999999992
lpr,slowheat_none,classifier_gap,130501536,-0.021499999999999964
lpr,slowheat_none,classifier_gap,492612040,-0.186
lpr,slowheat_none,elapsed_seconds,2101606466,115.85829445297713
lpr,slowheat_none,elapsed_seconds,1872839281,91.57667433700408
lpr,slowheat_none,elapsed_seconds,637029796,111.21028803702211
lpr,slowheat_none,elapsed_seconds,1357204345,-12.751841040997533
lpr,slowheat_none,elapsed_seconds,1758462037,-7.266440322971903
lpr,slowheat_none,elapsed_seconds,748737880,-9.295006722037215
lpr,slowheat_none,elapsed_seconds,1611510062,-9.803132559987716
lpr,slowheat_none,elapsed_seconds,333205446,-13.393418687977828
lpr,slowheat_none,elapsed_seconds,130501536,-8.882982147973962
lpr,slowheat_none,elapsed_seconds,492612040,-10.892665969993686
lpr,slowheat_none,learner_examples_processed,2101606466,-80640.0
lpr,slowheat_none,learner_examples_processed,1872839281,-80640.0
lpr,slowheat_none,learner_examples_processed,637029796,-80640.0
lpr,slowheat_none,learner_examples_processed,1357204345,-80640.0
lpr,slowheat_none,learner_examples_processed,1758462037,-80640.0
lpr,slowheat_none,learner_examples_processed,748737880,-80640.0
lpr,slowheat_none,learner_examples_processed,1611510062,-80640.0
lpr,slowheat_none,learner_examples_processed,333205446,-80640.0
lpr,slowheat_none,learner_examples_processed,130501536,-80640.0
lpr,slowheat_none,learner_examples_processed,492612040,-80640.0
lpr,slowheat_none,total_model_examples_processed,2101606466,-81080.0
lpr,slowheat_none,total_model_examples_processed,1872839281,-81080.0
lpr,slowheat_none,total_model_examples_processed,637029796,-81080.0
lpr,slowheat_none,total_model_examples_processed,1357204345,-81080.0
lpr,slowheat_none,total_model_examples_processed,1758462037,-81080.0
lpr,slowheat_none,total_model_examples_processed,748737880,-81080.0
lpr,slowheat_none,total_model_examples_processed,1611510062,-81080.0
lpr,slowheat_none,total_model_examples_processed,333205446,-81080.0
lpr,slowheat_none,total_model_examples_processed,130501536,-81080.0
lpr,slowheat_none,total_model_examples_processed,492612040,-81080.0
lpr,slowheat_none,estimated_total_flops,2101606466,-169147283618770.0
lpr,slowheat_none,estimated_total_flops,1872839281,-169147283618770.0
lpr,slowheat_none,estimated_total_flops,637029796,-169147283618770.0
lpr,slowheat_none,estimated_total_flops,1357204345,-169147283618770.0
lpr,slowheat_none,estimated_total_flops,1758462037,-169147283618770.0
lpr,slowheat_none,estimated_total_flops,748737880,-169147283618770.0
lpr,slowheat_none,estimated_total_flops,1611510062,-169147283618770.0
lpr,slowheat_none,estimated_total_flops,333205446,-169147283618770.0
lpr,slowheat_none,estimated_total_flops,130501536,-169147283618770.0
lpr,slowheat_none,estimated_total_flops,492612040,-169147283618770.0
lpr,slowheat_none,estimated_overhead_flops,2101606466,-95096834128850.0
lpr,slowheat_none,estimated_overhead_flops,1872839281,-95096834128850.0
lpr,slowheat_none,estimated_overhead_flops,637029796,-95096834128850.0
lpr,slowheat_none,estimated_overhead_flops,1357204345,-95096834128850.0
lpr,slowheat_none,estimated_overhead_flops,1758462037,-95096834128850.0
lpr,slowheat_none,estimated_overhead_flops,748737880,-95096834128850.0
lpr,slowheat_none,estimated_overhead_flops,1611510062,-95096834128850.0
lpr,slowheat_none,estimated_overhead_flops,333205446,-95096834128850.0
lpr,slowheat_none,estimated_overhead_flops,130501536,-95096834128850.0
lpr,slowheat_none,estimated_overhead_flops,492612040,-95096834128850.0
lpr,slowheat_none,replay_memory_bytes,2101606466,-2459200.0
lpr,slowheat_none,replay_memory_bytes,1872839281,-2459200.0
lpr,slowheat_none,replay_memory_bytes,637029796,-2459200.0
lpr,slowheat_none,replay_memory_bytes,1357204345,-2459200.0
lpr,slowheat_none,replay_memory_bytes,1758462037,-2459200.0
lpr,slowheat_none,replay_memory_bytes,748737880,-2459200.0
lpr,slowheat_none,replay_memory_bytes,1611510062,-2459200.0
lpr,slowheat_none,replay_memory_bytes,333205446,-2459200.0
lpr,slowheat_none,replay_memory_bytes,130501536,-2459200.0
lpr,slowheat_none,replay_memory_bytes,492612040,-2459200.0
lpr,slowheat_none,stored_logits_bytes,2101606466,0.0
lpr,slowheat_none,stored_logits_bytes,1872839281,0.0
lpr,slowheat_none,stored_logits_bytes,637029796,0.0
lpr,slowheat_none,stored_logits_bytes,1357204345,0.0
lpr,slowheat_none,stored_logits_bytes,1758462037,0.0
lpr,slowheat_none,stored_logits_bytes,748737880,0.0
lpr,slowheat_none,stored_logits_bytes,1611510062,0.0
lpr,slowheat_none,stored_logits_bytes,333205446,0.0
lpr,slowheat_none,stored_logits_bytes,130501536,0.0
lpr,slowheat_none,stored_logits_bytes,492612040,0.0
lpr,slowheat_none,replay_metadata_bytes,2101606466,-6400.0
lpr,slowheat_none,replay_metadata_bytes,1872839281,-6400.0
lpr,slowheat_none,replay_metadata_bytes,637029796,-6400.0
lpr,slowheat_none,replay_metadata_bytes,1357204345,-6400.0
lpr,slowheat_none,replay_metadata_bytes,1758462037,-6400.0
lpr,slowheat_none,replay_metadata_bytes,748737880,-6400.0
lpr,slowheat_none,replay_metadata_bytes,1611510062,-6400.0
lpr,slowheat_none,replay_metadata_bytes,333205446,-6400.0
lpr,slowheat_none,replay_metadata_bytes,130501536,-6400.0
lpr,slowheat_none,replay_metadata_bytes,492612040,-6400.0
lpr,slowheat_none,selector_forward_examples,2101606466,0.0
lpr,slowheat_none,selector_forward_examples,1872839281,0.0
lpr,slowheat_none,selector_forward_examples,637029796,0.0
lpr,slowheat_none,selector_forward_examples,1357204345,0.0
lpr,slowheat_none,selector_forward_examples,1758462037,0.0
lpr,slowheat_none,selector_forward_examples,748737880,0.0
lpr,slowheat_none,selector_forward_examples,1611510062,0.0
lpr,slowheat_none,selector_forward_examples,333205446,0.0
lpr,slowheat_none,selector_forward_examples,130501536,0.0
lpr,slowheat_none,selector_forward_examples,492612040,0.0
lpr,slowheat_none,selection_seconds,2101606466,-0.012896236003143713
lpr,slowheat_none,selection_seconds,1872839281,-0.013414222979918122
lpr,slowheat_none,selection_seconds,637029796,-0.014073262980673462
lpr,slowheat_none,selection_seconds,1357204345,-0.013445299031445757
lpr,slowheat_none,selection_seconds,1758462037,-0.013229468051576987
lpr,slowheat_none,selection_seconds,748737880,-0.012687377980910242
lpr,slowheat_none,selection_seconds,1611510062,-0.01276698597939685
lpr,slowheat_none,selection_seconds,333205446,-0.012764231039909646
lpr,slowheat_none,selection_seconds,130501536,-0.01336352204089053
lpr,slowheat_none,selection_seconds,492612040,-0.013202214031480253
lpr,slowheat_unidirectional,final_average_accuracy,2101606466,-0.04679999999999998
lpr,slowheat_unidirectional,final_average_accuracy,1872839281,-0.06190000000000004
lpr,slowheat_unidirectional,final_average_accuracy,637029796,-0.046999999999999986
lpr,slowheat_unidirectional,final_average_accuracy,1357204345,-0.05810000000000004
lpr,slowheat_unidirectional,final_average_accuracy,1758462037,-0.042700000000000016
lpr,slowheat_unidirectional,final_average_accuracy,748737880,-0.059500000000000025
lpr,slowheat_unidirectional,final_average_accuracy,1611510062,-0.06310000000000002
lpr,slowheat_unidirectional,final_average_accuracy,333205446,-0.062299999999999994
lpr,slowheat_unidirectional,final_average_accuracy,130501536,-0.061100000000000015
lpr,slowheat_unidirectional,final_average_accuracy,492612040,-0.05149999999999999
lpr,slowheat_unidirectional,average_forgetting,2101606466,0.03937499999999994
lpr,slowheat_unidirectional,average_forgetting,1872839281,0.06962499999999994
lpr,slowheat_unidirectional,average_forgetting,637029796,0.04800000000000004
lpr,slowheat_unidirectional,average_forgetting,1357204345,0.06737500000000007
lpr,slowheat_unidirectional,average_forgetting,1758462037,0.04799999999999993
lpr,slowheat_unidirectional,average_forgetting,748737880,0.05212500000000009
lpr,slowheat_unidirectional,average_forgetting,1611510062,0.07287499999999991
lpr,slowheat_unidirectional,average_forgetting,333205446,0.083125
lpr,slowheat_unidirectional,average_forgetting,130501536,0.07175000000000009
lpr,slowheat_unidirectional,average_forgetting,492612040,0.03837500000000005
lpr,slowheat_unidirectional,backward_transfer,2101606466,-0.03937499999999994
lpr,slowheat_unidirectional,backward_transfer,1872839281,-0.06962499999999994
lpr,slowheat_unidirectional,backward_transfer,637029796,-0.04800000000000004
lpr,slowheat_unidirectional,backward_transfer,1357204345,-0.06737500000000007
lpr,slowheat_unidirectional,backward_transfer,1758462037,-0.04799999999999993
lpr,slowheat_unidirectional,backward_transfer,748737880,-0.05212500000000009
lpr,slowheat_unidirectional,backward_transfer,1611510062,-0.07287499999999991
lpr,slowheat_unidirectional,backward_transfer,333205446,-0.083125
lpr,slowheat_unidirectional,backward_transfer,130501536,-0.07175000000000009
lpr,slowheat_unidirectional,backward_transfer,492612040,-0.03837500000000005
lpr,slowheat_unidirectional,forward_transfer,2101606466,-0.0001250000000000001
lpr,slowheat_unidirectional,forward_transfer,1872839281,-0.00025
lpr,slowheat_unidirectional,forward_transfer,637029796,0.0011249999999999871
lpr,slowheat_unidirectional,forward_transfer,1357204345,-0.001125000000000001
lpr,slowheat_unidirectional,forward_transfer,1758462037,0.0
lpr,slowheat_unidirectional,forward_transfer,748737880,0.000125
lpr,slowheat_unidirectional,forward_transfer,1611510062,0.0002500000000000002
lpr,slowheat_unidirectional,forward_transfer,333205446,0.0021250000000000158
lpr,slowheat_unidirectional,forward_transfer,130501536,0.0
lpr,slowheat_unidirectional,forward_transfer,492612040,-0.000250000000000028
lpr,slowheat_unidirectional,task_aware_final_accuracy,2101606466,-0.21400000000000008
lpr,slowheat_unidirectional,task_aware_final_accuracy,1872839281,-0.1634000000000001
lpr,slowheat_unidirectional,task_aware_final_accuracy,637029796,-0.22440000000000004
lpr,slowheat_unidirectional,task_aware_final_accuracy,1357204345,-0.1785
lpr,slowheat_unidirectional,task_aware_final_accuracy,1758462037,-0.17889999999999995
lpr,slowheat_unidirectional,task_aware_final_accuracy,748737880,-0.17149999999999999
lpr,slowheat_unidirectional,task_aware_final_accuracy,1611510062,-0.21419999999999995
lpr,slowheat_unidirectional,task_aware_final_accuracy,333205446,-0.14759999999999995
lpr,slowheat_unidirectional,task_aware_final_accuracy,130501536,-0.09909999999999997
lpr,slowheat_unidirectional,task_aware_final_accuracy,492612040,-0.20939999999999992
lpr,slowheat_unidirectional,task_aware_forgetting,2101606466,0.24775000000000003
lpr,slowheat_unidirectional,task_aware_forgetting,1872839281,0.19287499999999996
lpr,slowheat_unidirectional,task_aware_forgetting,637029796,0.26937500000000003
lpr,slowheat_unidirectional,task_aware_forgetting,1357204345,0.217
lpr,slowheat_unidirectional,task_aware_forgetting,1758462037,0.21725000000000005
lpr,slowheat_unidirectional,task_aware_forgetting,748737880,0.191125
lpr,slowheat_unidirectional,task_aware_forgetting,1611510062,0.26
lpr,slowheat_unidirectional,task_aware_forgetting,333205446,0.18825
lpr,slowheat_unidirectional,task_aware_forgetting,130501536,0.11850000000000008
lpr,slowheat_unidirectional,task_aware_forgetting,492612040,0.23537500000000003
lpr,slowheat_unidirectional,classifier_gap,2101606466,-0.16720000000000013
lpr,slowheat_unidirectional,classifier_gap,1872839281,-0.10150000000000003
lpr,slowheat_unidirectional,classifier_gap,637029796,-0.1774
lpr,slowheat_unidirectional,classifier_gap,1357204345,-0.12040000000000001
lpr,slowheat_unidirectional,classifier_gap,1758462037,-0.1362
lpr,slowheat_unidirectional,classifier_gap,748737880,-0.11199999999999999
lpr,slowheat_unidirectional,classifier_gap,1611510062,-0.1511
lpr,slowheat_unidirectional,classifier_gap,333205446,-0.08530000000000004
lpr,slowheat_unidirectional,classifier_gap,130501536,-0.03799999999999998
lpr,slowheat_unidirectional,classifier_gap,492612040,-0.15789999999999993
lpr,slowheat_unidirectional,elapsed_seconds,2101606466,120.34240804298315
lpr,slowheat_unidirectional,elapsed_seconds,1872839281,101.937337949028
lpr,slowheat_unidirectional,elapsed_seconds,637029796,117.14737546999822
lpr,slowheat_unidirectional,elapsed_seconds,1357204345,-5.1550204859813675
lpr,slowheat_unidirectional,elapsed_seconds,1758462037,-0.26140415997360833
lpr,slowheat_unidirectional,elapsed_seconds,748737880,-1.8281950350210536
lpr,slowheat_unidirectional,elapsed_seconds,1611510062,-1.9655542359978426
lpr,slowheat_unidirectional,elapsed_seconds,333205446,-5.987937718979083
lpr,slowheat_unidirectional,elapsed_seconds,130501536,-0.8223727009899449
lpr,slowheat_unidirectional,elapsed_seconds,492612040,-3.6992703110154252
lpr,slowheat_unidirectional,learner_examples_processed,2101606466,-80640.0
lpr,slowheat_unidirectional,learner_examples_processed,1872839281,-80640.0
lpr,slowheat_unidirectional,learner_examples_processed,637029796,-80640.0
lpr,slowheat_unidirectional,learner_examples_processed,1357204345,-80640.0
lpr,slowheat_unidirectional,learner_examples_processed,1758462037,-80640.0
lpr,slowheat_unidirectional,learner_examples_processed,748737880,-80640.0
lpr,slowheat_unidirectional,learner_examples_processed,1611510062,-80640.0
lpr,slowheat_unidirectional,learner_examples_processed,333205446,-80640.0
lpr,slowheat_unidirectional,learner_examples_processed,130501536,-80640.0
lpr,slowheat_unidirectional,learner_examples_processed,492612040,-80640.0
lpr,slowheat_unidirectional,total_model_examples_processed,2101606466,-81080.0
lpr,slowheat_unidirectional,total_model_examples_processed,1872839281,-81080.0
lpr,slowheat_unidirectional,total_model_examples_processed,637029796,-81080.0
lpr,slowheat_unidirectional,total_model_examples_processed,1357204345,-81080.0
lpr,slowheat_unidirectional,total_model_examples_processed,1758462037,-81080.0
lpr,slowheat_unidirectional,total_model_examples_processed,748737880,-81080.0
lpr,slowheat_unidirectional,total_model_examples_processed,1611510062,-81080.0
lpr,slowheat_unidirectional,total_model_examples_processed,333205446,-81080.0
lpr,slowheat_unidirectional,total_model_examples_processed,130501536,-81080.0
lpr,slowheat_unidirectional,total_model_examples_processed,492612040,-81080.0
lpr,slowheat_unidirectional,estimated_total_flops,2101606466,-169147283499530.0
lpr,slowheat_unidirectional,estimated_total_flops,1872839281,-169147283499530.0
lpr,slowheat_unidirectional,estimated_total_flops,637029796,-169147283499530.0
lpr,slowheat_unidirectional,estimated_total_flops,1357204345,-169147283499530.0
lpr,slowheat_unidirectional,estimated_total_flops,1758462037,-169147283499530.0
lpr,slowheat_unidirectional,estimated_total_flops,748737880,-169147283499530.0
lpr,slowheat_unidirectional,estimated_total_flops,1611510062,-169147283499530.0
lpr,slowheat_unidirectional,estimated_total_flops,333205446,-169147283499530.0
lpr,slowheat_unidirectional,estimated_total_flops,130501536,-169147283499530.0
lpr,slowheat_unidirectional,estimated_total_flops,492612040,-169147283499530.0
lpr,slowheat_unidirectional,estimated_overhead_flops,2101606466,-95096834009610.0
lpr,slowheat_unidirectional,estimated_overhead_flops,1872839281,-95096834009610.0
lpr,slowheat_unidirectional,estimated_overhead_flops,637029796,-95096834009610.0
lpr,slowheat_unidirectional,estimated_overhead_flops,1357204345,-95096834009610.0
lpr,slowheat_unidirectional,estimated_overhead_flops,1758462037,-95096834009610.0
lpr,slowheat_unidirectional,estimated_overhead_flops,748737880,-95096834009610.0
lpr,slowheat_unidirectional,estimated_overhead_flops,1611510062,-95096834009610.0
lpr,slowheat_unidirectional,estimated_overhead_flops,333205446,-95096834009610.0
lpr,slowheat_unidirectional,estimated_overhead_flops,130501536,-95096834009610.0
lpr,slowheat_unidirectional,estimated_overhead_flops,492612040,-95096834009610.0
lpr,slowheat_unidirectional,replay_memory_bytes,2101606466,-2459200.0
lpr,slowheat_unidirectional,replay_memory_bytes,1872839281,-2459200.0
lpr,slowheat_unidirectional,replay_memory_bytes,637029796,-2459200.0
lpr,slowheat_unidirectional,replay_memory_bytes,1357204345,-2459200.0
lpr,slowheat_unidirectional,replay_memory_bytes,1758462037,-2459200.0
lpr,slowheat_unidirectional,replay_memory_bytes,748737880,-2459200.0
lpr,slowheat_unidirectional,replay_memory_bytes,1611510062,-2459200.0
lpr,slowheat_unidirectional,replay_memory_bytes,333205446,-2459200.0
lpr,slowheat_unidirectional,replay_memory_bytes,130501536,-2459200.0
lpr,slowheat_unidirectional,replay_memory_bytes,492612040,-2459200.0
lpr,slowheat_unidirectional,stored_logits_bytes,2101606466,0.0
lpr,slowheat_unidirectional,stored_logits_bytes,1872839281,0.0
lpr,slowheat_unidirectional,stored_logits_bytes,637029796,0.0
lpr,slowheat_unidirectional,stored_logits_bytes,1357204345,0.0
lpr,slowheat_unidirectional,stored_logits_bytes,1758462037,0.0
lpr,slowheat_unidirectional,stored_logits_bytes,748737880,0.0
lpr,slowheat_unidirectional,stored_logits_bytes,1611510062,0.0
lpr,slowheat_unidirectional,stored_logits_bytes,333205446,0.0
lpr,slowheat_unidirectional,stored_logits_bytes,130501536,0.0
lpr,slowheat_unidirectional,stored_logits_bytes,492612040,0.0
lpr,slowheat_unidirectional,replay_metadata_bytes,2101606466,-6400.0
lpr,slowheat_unidirectional,replay_metadata_bytes,1872839281,-6400.0
lpr,slowheat_unidirectional,replay_metadata_bytes,637029796,-6400.0
lpr,slowheat_unidirectional,replay_metadata_bytes,1357204345,-6400.0
lpr,slowheat_unidirectional,replay_metadata_bytes,1758462037,-6400.0
lpr,slowheat_unidirectional,replay_metadata_bytes,748737880,-6400.0
lpr,slowheat_unidirectional,replay_metadata_bytes,1611510062,-6400.0
lpr,slowheat_unidirectional,replay_metadata_bytes,333205446,-6400.0
lpr,slowheat_unidirectional,replay_metadata_bytes,130501536,-6400.0
lpr,slowheat_unidirectional,replay_metadata_bytes,492612040,-6400.0
lpr,slowheat_unidirectional,selector_forward_examples,2101606466,0.0
lpr,slowheat_unidirectional,selector_forward_examples,1872839281,0.0
lpr,slowheat_unidirectional,selector_forward_examples,637029796,0.0
lpr,slowheat_unidirectional,selector_forward_examples,1357204345,0.0
lpr,slowheat_unidirectional,selector_forward_examples,1758462037,0.0
lpr,slowheat_unidirectional,selector_forward_examples,748737880,0.0
lpr,slowheat_unidirectional,selector_forward_examples,1611510062,0.0
lpr,slowheat_unidirectional,selector_forward_examples,333205446,0.0
lpr,slowheat_unidirectional,selector_forward_examples,130501536,0.0
lpr,slowheat_unidirectional,selector_forward_examples,492612040,0.0
lpr,slowheat_unidirectional,selection_seconds,2101606466,-0.012896236003143713
lpr,slowheat_unidirectional,selection_seconds,1872839281,-0.013414222979918122
lpr,slowheat_unidirectional,selection_seconds,637029796,-0.014073262980673462
lpr,slowheat_unidirectional,selection_seconds,1357204345,-0.013445299031445757
lpr,slowheat_unidirectional,selection_seconds,1758462037,-0.013229468051576987
lpr,slowheat_unidirectional,selection_seconds,748737880,-0.012687377980910242
lpr,slowheat_unidirectional,selection_seconds,1611510062,-0.01276698597939685
lpr,slowheat_unidirectional,selection_seconds,333205446,-0.012764231039909646
lpr,slowheat_unidirectional,selection_seconds,130501536,-0.01336352204089053
lpr,slowheat_unidirectional,selection_seconds,492612040,-0.013202214031480253
lpr,slowheat,final_average_accuracy,2101606466,-0.044999999999999984
lpr,slowheat,final_average_accuracy,1872839281,-0.06590000000000004
lpr,slowheat,final_average_accuracy,637029796,-0.05199999999999999
lpr,slowheat,final_average_accuracy,1357204345,-0.05970000000000003
lpr,slowheat,final_average_accuracy,1758462037,-0.04819999999999999
lpr,slowheat,final_average_accuracy,748737880,-0.05450000000000002
lpr,slowheat,final_average_accuracy,1611510062,-0.066
lpr,slowheat,final_average_accuracy,333205446,-0.0678
lpr,slowheat,final_average_accuracy,130501536,-0.06620000000000001
lpr,slowheat,final_average_accuracy,492612040,-0.05349999999999999
lpr,slowheat,average_forgetting,2101606466,0.03874999999999984
lpr,slowheat,average_forgetting,1872839281,0.06275000000000008
lpr,slowheat,average_forgetting,637029796,0.03462500000000002
lpr,slowheat,average_forgetting,1357204345,0.05725000000000002
lpr,slowheat,average_forgetting,1758462037,0.042749999999999955
lpr,slowheat,average_forgetting,748737880,0.03787499999999999
lpr,slowheat,average_forgetting,1611510062,0.06412499999999988
lpr,slowheat,average_forgetting,333205446,0.062124999999999986
lpr,slowheat,average_forgetting,130501536,0.04500000000000004
lpr,slowheat,average_forgetting,492612040,0.035374999999999934
lpr,slowheat,backward_transfer,2101606466,-0.03874999999999984
lpr,slowheat,backward_transfer,1872839281,-0.06275000000000008
lpr,slowheat,backward_transfer,637029796,-0.03462500000000002
lpr,slowheat,backward_transfer,1357204345,-0.05725000000000002
lpr,slowheat,backward_transfer,1758462037,-0.042749999999999955
lpr,slowheat,backward_transfer,748737880,-0.03787499999999999
lpr,slowheat,backward_transfer,1611510062,-0.06412499999999988
lpr,slowheat,backward_transfer,333205446,-0.062124999999999986
lpr,slowheat,backward_transfer,130501536,-0.04500000000000004
lpr,slowheat,backward_transfer,492612040,-0.035374999999999934
lpr,slowheat,forward_transfer,2101606466,-0.0001250000000000001
lpr,slowheat,forward_transfer,1872839281,-0.00025
lpr,slowheat,forward_transfer,637029796,0.00012499999999998623
lpr,slowheat,forward_transfer,1357204345,-0.0006250000000000006
lpr,slowheat,forward_transfer,1758462037,0.0
lpr,slowheat,forward_transfer,748737880,0.0
lpr,slowheat,forward_transfer,1611510062,0.0006250000000000006
lpr,slowheat,forward_transfer,333205446,0.0018749999999999878
lpr,slowheat,forward_transfer,130501536,0.0
lpr,slowheat,forward_transfer,492612040,0.0006249999999999867
lpr,slowheat,task_aware_final_accuracy,2101606466,-0.2513000000000001
lpr,slowheat,task_aware_final_accuracy,1872839281,-0.18720000000000014
lpr,slowheat,task_aware_final_accuracy,637029796,-0.1835
lpr,slowheat,task_aware_final_accuracy,1357204345,-0.19169999999999998
lpr,slowheat,task_aware_final_accuracy,1758462037,-0.22230000000000005
lpr,slowheat,task_aware_final_accuracy,748737880,-0.16779999999999995
lpr,slowheat,task_aware_final_accuracy,1611510062,-0.2144999999999999
lpr,slowheat,task_aware_final_accuracy,333205446,-0.17869999999999986
lpr,slowheat,task_aware_final_accuracy,130501536,-0.14080000000000004
lpr,slowheat,task_aware_final_accuracy,492612040,-0.15949999999999998
lpr,slowheat,task_aware_forgetting,2101606466,0.296
lpr,slowheat,task_aware_forgetting,1872839281,0.21075
lpr,slowheat,task_aware_forgetting,637029796,0.198625
lpr,slowheat,task_aware_forgetting,1357204345,0.22137499999999996
lpr,slowheat,task_aware_forgetting,1758462037,0.259375
lpr,slowheat,task_aware_forgetting,748737880,0.1785
lpr,slowheat,task_aware_forgetting,1611510062,0.24800000000000003
lpr,slowheat,task_aware_forgetting,333205446,0.19925
lpr,slowheat,task_aware_forgetting,130501536,0.1375000000000001
lpr,slowheat,task_aware_forgetting,492612040,0.1675
lpr,slowheat,classifier_gap,2101606466,-0.20630000000000015
lpr,slowheat,classifier_gap,1872839281,-0.12130000000000007
lpr,slowheat,classifier_gap,637029796,-0.13149999999999995
lpr,slowheat,classifier_gap,1357204345,-0.132
lpr,slowheat,classifier_gap,1758462037,-0.1741000000000001
lpr,slowheat,classifier_gap,748737880,-0.11329999999999996
lpr,slowheat,classifier_gap,1611510062,-0.14849999999999997
lpr,slowheat,classifier_gap,333205446,-0.11089999999999989
lpr,slowheat,classifier_gap,130501536,-0.07460000000000006
lpr,slowheat,classifier_gap,492612040,-0.10599999999999998
lpr,slowheat,elapsed_seconds,2101606466,175.16411954100477
lpr,slowheat,elapsed_seconds,1872839281,104.87782425203477
lpr,slowheat,elapsed_seconds,637029796,119.88477441997384
lpr,slowheat,elapsed_seconds,1357204345,-1.027998020988889
lpr,slowheat,elapsed_seconds,1758462037,2.422266521025449
lpr,slowheat,elapsed_seconds,748737880,0.6810935050016269
lpr,slowheat,elapsed_seconds,1611510062,0.31506705802166834
lpr,slowheat,elapsed_seconds,333205446,-3.6048898409935646
lpr,slowheat,elapsed_seconds,130501536,1.1582350950338878
lpr,slowheat,elapsed_seconds,492612040,-1.2063287600176409
lpr,slowheat,learner_examples_processed,2101606466,-80640.0
lpr,slowheat,learner_examples_processed,1872839281,-80640.0
lpr,slowheat,learner_examples_processed,637029796,-80640.0
lpr,slowheat,learner_examples_processed,1357204345,-80640.0
lpr,slowheat,learner_examples_processed,1758462037,-80640.0
lpr,slowheat,learner_examples_processed,748737880,-80640.0
lpr,slowheat,learner_examples_processed,1611510062,-80640.0
lpr,slowheat,learner_examples_processed,333205446,-80640.0
lpr,slowheat,learner_examples_processed,130501536,-80640.0
lpr,slowheat,learner_examples_processed,492612040,-80640.0
lpr,slowheat,total_model_examples_processed,2101606466,-81080.0
lpr,slowheat,total_model_examples_processed,1872839281,-81080.0
lpr,slowheat,total_model_examples_processed,637029796,-81080.0
lpr,slowheat,total_model_examples_processed,1357204345,-81080.0
lpr,slowheat,total_model_examples_processed,1758462037,-81080.0
lpr,slowheat,total_model_examples_processed,748737880,-81080.0
lpr,slowheat,total_model_examples_processed,1611510062,-81080.0
lpr,slowheat,total_model_examples_processed,333205446,-81080.0
lpr,slowheat,total_model_examples_processed,130501536,-81080.0
lpr,slowheat,total_model_examples_processed,492612040,-81080.0
lpr,slowheat,estimated_total_flops,2101606466,-169147283499530.0
lpr,slowheat,estimated_total_flops,1872839281,-169147283499530.0
lpr,slowheat,estimated_total_flops,637029796,-169147283499530.0
lpr,slowheat,estimated_total_flops,1357204345,-169147283499530.0
lpr,slowheat,estimated_total_flops,1758462037,-169147283499530.0
lpr,slowheat,estimated_total_flops,748737880,-169147283499530.0
lpr,slowheat,estimated_total_flops,1611510062,-169147283499530.0
lpr,slowheat,estimated_total_flops,333205446,-169147283499530.0
lpr,slowheat,estimated_total_flops,130501536,-169147283499530.0
lpr,slowheat,estimated_total_flops,492612040,-169147283499530.0
lpr,slowheat,estimated_overhead_flops,2101606466,-95096834009610.0
lpr,slowheat,estimated_overhead_flops,1872839281,-95096834009610.0
lpr,slowheat,estimated_overhead_flops,637029796,-95096834009610.0
lpr,slowheat,estimated_overhead_flops,1357204345,-95096834009610.0
lpr,slowheat,estimated_overhead_flops,1758462037,-95096834009610.0
lpr,slowheat,estimated_overhead_flops,748737880,-95096834009610.0
lpr,slowheat,estimated_overhead_flops,1611510062,-95096834009610.0
lpr,slowheat,estimated_overhead_flops,333205446,-95096834009610.0
lpr,slowheat,estimated_overhead_flops,130501536,-95096834009610.0
lpr,slowheat,estimated_overhead_flops,492612040,-95096834009610.0
lpr,slowheat,replay_memory_bytes,2101606466,-2459200.0
lpr,slowheat,replay_memory_bytes,1872839281,-2459200.0
lpr,slowheat,replay_memory_bytes,637029796,-2459200.0
lpr,slowheat,replay_memory_bytes,1357204345,-2459200.0
lpr,slowheat,replay_memory_bytes,1758462037,-2459200.0
lpr,slowheat,replay_memory_bytes,748737880,-2459200.0
lpr,slowheat,replay_memory_bytes,1611510062,-2459200.0
lpr,slowheat,replay_memory_bytes,333205446,-2459200.0
lpr,slowheat,replay_memory_bytes,130501536,-2459200.0
lpr,slowheat,replay_memory_bytes,492612040,-2459200.0
lpr,slowheat,stored_logits_bytes,2101606466,0.0
lpr,slowheat,stored_logits_bytes,1872839281,0.0
lpr,slowheat,stored_logits_bytes,637029796,0.0
lpr,slowheat,stored_logits_bytes,1357204345,0.0
lpr,slowheat,stored_logits_bytes,1758462037,0.0
lpr,slowheat,stored_logits_bytes,748737880,0.0
lpr,slowheat,stored_logits_bytes,1611510062,0.0
lpr,slowheat,stored_logits_bytes,333205446,0.0
lpr,slowheat,stored_logits_bytes,130501536,0.0
lpr,slowheat,stored_logits_bytes,492612040,0.0
lpr,slowheat,replay_metadata_bytes,2101606466,-6400.0
lpr,slowheat,replay_metadata_bytes,1872839281,-6400.0
lpr,slowheat,replay_metadata_bytes,637029796,-6400.0
lpr,slowheat,replay_metadata_bytes,1357204345,-6400.0
lpr,slowheat,replay_metadata_bytes,1758462037,-6400.0
lpr,slowheat,replay_metadata_bytes,748737880,-6400.0
lpr,slowheat,replay_metadata_bytes,1611510062,-6400.0
lpr,slowheat,replay_metadata_bytes,333205446,-6400.0
lpr,slowheat,replay_metadata_bytes,130501536,-6400.0
lpr,slowheat,replay_metadata_bytes,492612040,-6400.0
lpr,slowheat,selector_forward_examples,2101606466,0.0
lpr,slowheat,selector_forward_examples,1872839281,0.0
lpr,slowheat,selector_forward_examples,637029796,0.0
lpr,slowheat,selector_forward_examples,1357204345,0.0
lpr,slowheat,selector_forward_examples,1758462037,0.0
lpr,slowheat,selector_forward_examples,748737880,0.0
lpr,slowheat,selector_forward_examples,1611510062,0.0
lpr,slowheat,selector_forward_examples,333205446,0.0
lpr,slowheat,selector_forward_examples,130501536,0.0
lpr,slowheat,selector_forward_examples,492612040,0.0
lpr,slowheat,selection_seconds,2101606466,-0.012896236003143713
lpr,slowheat,selection_seconds,1872839281,-0.013414222979918122
lpr,slowheat,selection_seconds,637029796,-0.014073262980673462
lpr,slowheat,selection_seconds,1357204345,-0.013445299031445757
lpr,slowheat,selection_seconds,1758462037,-0.013229468051576987
lpr,slowheat,selection_seconds,748737880,-0.012687377980910242
lpr,slowheat,selection_seconds,1611510062,-0.01276698597939685
lpr,slowheat,selection_seconds,333205446,-0.012764231039909646
lpr,slowheat,selection_seconds,130501536,-0.01336352204089053
lpr,slowheat,selection_seconds,492612040,-0.013202214031480253
lpr,hard_freeze,final_average_accuracy,2101606466,-0.08279999999999998
lpr,hard_freeze,final_average_accuracy,1872839281,-0.08350000000000002
lpr,hard_freeze,final_average_accuracy,637029796,-0.0988
lpr,hard_freeze,final_average_accuracy,1357204345,-0.08100000000000004
lpr,hard_freeze,final_average_accuracy,1758462037,-0.07800000000000001
lpr,hard_freeze,final_average_accuracy,748737880,-0.0895
lpr,hard_freeze,final_average_accuracy,1611510062,-0.08940000000000003
lpr,hard_freeze,final_average_accuracy,333205446,-0.09360000000000002
lpr,hard_freeze,final_average_accuracy,130501536,-0.07890000000000003
lpr,hard_freeze,final_average_accuracy,492612040,-0.08080000000000001
lpr,hard_freeze,average_forgetting,2101606466,-0.05512500000000009
lpr,hard_freeze,average_forgetting,1872839281,-0.03599999999999992
lpr,hard_freeze,average_forgetting,637029796,-0.025249999999999884
lpr,hard_freeze,average_forgetting,1357204345,-0.014624999999999999
lpr,hard_freeze,average_forgetting,1758462037,-0.09162499999999996
lpr,hard_freeze,average_forgetting,748737880,-0.06999999999999995
lpr,hard_freeze,average_forgetting,1611510062,-0.021375000000000033
lpr,hard_freeze,average_forgetting,333205446,-0.007125000000000048
lpr,hard_freeze,average_forgetting,130501536,-0.037374999999999936
lpr,hard_freeze,average_forgetting,492612040,-0.027000000000000024
lpr,hard_freeze,backward_transfer,2101606466,0.05512500000000009
lpr,hard_freeze,backward_transfer,1872839281,0.03599999999999992
lpr,hard_freeze,backward_transfer,637029796,0.025249999999999884
lpr,hard_freeze,backward_transfer,1357204345,0.014624999999999999
lpr,hard_freeze,backward_transfer,1758462037,0.09162499999999996
lpr,hard_freeze,backward_transfer,748737880,0.06999999999999995
lpr,hard_freeze,backward_transfer,1611510062,0.021375000000000033
lpr,hard_freeze,backward_transfer,333205446,0.007125000000000048
lpr,hard_freeze,backward_transfer,130501536,0.037374999999999936
lpr,hard_freeze,backward_transfer,492612040,0.027000000000000024
lpr,hard_freeze,forward_transfer,2101606466,-0.0001250000000000001
lpr,hard_freeze,forward_transfer,1872839281,-0.00025
lpr,hard_freeze,forward_transfer,637029796,0.0007500000000000007
lpr,hard_freeze,forward_transfer,1357204345,0.0002500000000000002
lpr,hard_freeze,forward_transfer,1758462037,0.0
lpr,hard_freeze,forward_transfer,748737880,0.000375
lpr,hard_freeze,forward_transfer,1611510062,0.001125000000000001
lpr,hard_freeze,forward_transfer,333205446,0.0038749999999999896
lpr,hard_freeze,forward_transfer,130501536,-0.00025
lpr,hard_freeze,forward_transfer,492612040,0.0007499999999999729
lpr,hard_freeze,task_aware_final_accuracy,2101606466,-0.15720000000000012
lpr,hard_freeze,task_aware_final_accuracy,1872839281,-0.19830000000000003
lpr,hard_freeze,task_aware_final_accuracy,637029796,-0.2277
lpr,hard_freeze,task_aware_final_accuracy,1357204345,-0.2623
lpr,hard_freeze,task_aware_final_accuracy,1758462037,-0.1642
lpr,hard_freeze,task_aware_final_accuracy,748737880,-0.20750000000000002
lpr,hard_freeze,task_aware_final_accuracy,1611510062,-0.22750000000000004
lpr,hard_freeze,task_aware_final_accuracy,333205446,-0.21729999999999994
lpr,hard_freeze,task_aware_final_accuracy,130501536,-0.15370000000000006
lpr,hard_freeze,task_aware_final_accuracy,492612040,-0.2338
lpr,hard_freeze,task_aware_forgetting,2101606466,0.03724999999999998
lpr,hard_freeze,task_aware_forgetting,1872839281,0.12187499999999996
lpr,hard_freeze,task_aware_forgetting,637029796,0.1355
lpr,hard_freeze,task_aware_forgetting,1357204345,0.21125000000000002
lpr,hard_freeze,task_aware_forgetting,1758462037,0.01637500000000003
lpr,hard_freeze,task_aware_forgetting,748737880,0.07650000000000001
lpr,hard_freeze,task_aware_forgetting,1611510062,0.14974999999999997
lpr,hard_freeze,task_aware_forgetting,333205446,0.146
lpr,hard_freeze,task_aware_forgetting,130501536,0.05575000000000005
lpr,hard_freeze,task_aware_forgetting,492612040,0.16387500000000002
lpr,hard_freeze,classifier_gap,2101606466,-0.07440000000000019
lpr,hard_freeze,classifier_gap,1872839281,-0.11479999999999996
lpr,hard_freeze,classifier_gap,637029796,-0.12890000000000001
lpr,hard_freeze,classifier_gap,1357204345,-0.18130000000000002
lpr,hard_freeze,classifier_gap,1758462037,-0.08620000000000005
lpr,hard_freeze,classifier_gap,748737880,-0.11800000000000005
lpr,hard_freeze,classifier_gap,1611510062,-0.13810000000000006
lpr,hard_freeze,classifier_gap,333205446,-0.12369999999999998
lpr,hard_freeze,classifier_gap,130501536,-0.07480000000000009
lpr,hard_freeze,classifier_gap,492612040,-0.15300000000000002
lpr,hard_freeze,elapsed_seconds,2101606466,180.29968797799665
lpr,hard_freeze,elapsed_seconds,1872839281,108.82779579402995
lpr,hard_freeze,elapsed_seconds,637029796,121.71205306399497
lpr,hard_freeze,elapsed_seconds,1357204345,1.6206283099891152
lpr,hard_freeze,elapsed_seconds,1758462037,1.5497009310056455
lpr,hard_freeze,elapsed_seconds,748737880,-0.6451470590254758
lpr,hard_freeze,elapsed_seconds,1611510062,-0.000474089989438653
lpr,hard_freeze,elapsed_seconds,333205446,-4.442801247991156
lpr,hard_freeze,elapsed_seconds,130501536,0.6200117870175745
lpr,hard_freeze,elapsed_seconds,492612040,-1.9108837039966602
lpr,hard_freeze,learner_examples_processed,2101606466,-80640.0
lpr,hard_freeze,learner_examples_processed,1872839281,-80640.0
lpr,hard_freeze,learner_examples_processed,637029796,-80640.0
lpr,hard_freeze,learner_examples_processed,1357204345,-80640.0
lpr,hard_freeze,learner_examples_processed,1758462037,-80640.0
lpr,hard_freeze,learner_examples_processed,748737880,-80640.0
lpr,hard_freeze,learner_examples_processed,1611510062,-80640.0
lpr,hard_freeze,learner_examples_processed,333205446,-80640.0
lpr,hard_freeze,learner_examples_processed,130501536,-80640.0
lpr,hard_freeze,learner_examples_processed,492612040,-80640.0
lpr,hard_freeze,total_model_examples_processed,2101606466,-81080.0
lpr,hard_freeze,total_model_examples_processed,1872839281,-81080.0
lpr,hard_freeze,total_model_examples_processed,637029796,-81080.0
lpr,hard_freeze,total_model_examples_processed,1357204345,-81080.0
lpr,hard_freeze,total_model_examples_processed,1758462037,-81080.0
lpr,hard_freeze,total_model_examples_processed,748737880,-81080.0
lpr,hard_freeze,total_model_examples_processed,1611510062,-81080.0
lpr,hard_freeze,total_model_examples_processed,333205446,-81080.0
lpr,hard_freeze,total_model_examples_processed,130501536,-81080.0
lpr,hard_freeze,total_model_examples_processed,492612040,-81080.0
lpr,hard_freeze,estimated_total_flops,2101606466,-169147283499530.0
lpr,hard_freeze,estimated_total_flops,1872839281,-169147283499530.0
lpr,hard_freeze,estimated_total_flops,637029796,-169147283499530.0
lpr,hard_freeze,estimated_total_flops,1357204345,-169147283499530.0
lpr,hard_freeze,estimated_total_flops,1758462037,-169147283499530.0
lpr,hard_freeze,estimated_total_flops,748737880,-169147283499530.0
lpr,hard_freeze,estimated_total_flops,1611510062,-169147283499530.0
lpr,hard_freeze,estimated_total_flops,333205446,-169147283499530.0
lpr,hard_freeze,estimated_total_flops,130501536,-169147283499530.0
lpr,hard_freeze,estimated_total_flops,492612040,-169147283499530.0
lpr,hard_freeze,estimated_overhead_flops,2101606466,-95096834009610.0
lpr,hard_freeze,estimated_overhead_flops,1872839281,-95096834009610.0
lpr,hard_freeze,estimated_overhead_flops,637029796,-95096834009610.0
lpr,hard_freeze,estimated_overhead_flops,1357204345,-95096834009610.0
lpr,hard_freeze,estimated_overhead_flops,1758462037,-95096834009610.0
lpr,hard_freeze,estimated_overhead_flops,748737880,-95096834009610.0
lpr,hard_freeze,estimated_overhead_flops,1611510062,-95096834009610.0
lpr,hard_freeze,estimated_overhead_flops,333205446,-95096834009610.0
lpr,hard_freeze,estimated_overhead_flops,130501536,-95096834009610.0
lpr,hard_freeze,estimated_overhead_flops,492612040,-95096834009610.0
lpr,hard_freeze,replay_memory_bytes,2101606466,-2459200.0
lpr,hard_freeze,replay_memory_bytes,1872839281,-2459200.0
lpr,hard_freeze,replay_memory_bytes,637029796,-2459200.0
lpr,hard_freeze,replay_memory_bytes,1357204345,-2459200.0
lpr,hard_freeze,replay_memory_bytes,1758462037,-2459200.0
lpr,hard_freeze,replay_memory_bytes,748737880,-2459200.0
lpr,hard_freeze,replay_memory_bytes,1611510062,-2459200.0
lpr,hard_freeze,replay_memory_bytes,333205446,-2459200.0
lpr,hard_freeze,replay_memory_bytes,130501536,-2459200.0
lpr,hard_freeze,replay_memory_bytes,492612040,-2459200.0
lpr,hard_freeze,stored_logits_bytes,2101606466,0.0
lpr,hard_freeze,stored_logits_bytes,1872839281,0.0
lpr,hard_freeze,stored_logits_bytes,637029796,0.0
lpr,hard_freeze,stored_logits_bytes,1357204345,0.0
lpr,hard_freeze,stored_logits_bytes,1758462037,0.0
lpr,hard_freeze,stored_logits_bytes,748737880,0.0
lpr,hard_freeze,stored_logits_bytes,1611510062,0.0
lpr,hard_freeze,stored_logits_bytes,333205446,0.0
lpr,hard_freeze,stored_logits_bytes,130501536,0.0
lpr,hard_freeze,stored_logits_bytes,492612040,0.0
lpr,hard_freeze,replay_metadata_bytes,2101606466,-6400.0
lpr,hard_freeze,replay_metadata_bytes,1872839281,-6400.0
lpr,hard_freeze,replay_metadata_bytes,637029796,-6400.0
lpr,hard_freeze,replay_metadata_bytes,1357204345,-6400.0
lpr,hard_freeze,replay_metadata_bytes,1758462037,-6400.0
lpr,hard_freeze,replay_metadata_bytes,748737880,-6400.0
lpr,hard_freeze,replay_metadata_bytes,1611510062,-6400.0
lpr,hard_freeze,replay_metadata_bytes,333205446,-6400.0
lpr,hard_freeze,replay_metadata_bytes,130501536,-6400.0
lpr,hard_freeze,replay_metadata_bytes,492612040,-6400.0
lpr,hard_freeze,selector_forward_examples,2101606466,0.0
lpr,hard_freeze,selector_forward_examples,1872839281,0.0
lpr,hard_freeze,selector_forward_examples,637029796,0.0
lpr,hard_freeze,selector_forward_examples,1357204345,0.0
lpr,hard_freeze,selector_forward_examples,1758462037,0.0
lpr,hard_freeze,selector_forward_examples,748737880,0.0
lpr,hard_freeze,selector_forward_examples,1611510062,0.0
lpr,hard_freeze,selector_forward_examples,333205446,0.0
lpr,hard_freeze,selector_forward_examples,130501536,0.0
lpr,hard_freeze,selector_forward_examples,492612040,0.0
lpr,hard_freeze,selection_seconds,2101606466,-0.012896236003143713
lpr,hard_freeze,selection_seconds,1872839281,-0.013414222979918122
lpr,hard_freeze,selection_seconds,637029796,-0.014073262980673462
lpr,hard_freeze,selection_seconds,1357204345,-0.013445299031445757
lpr,hard_freeze,selection_seconds,1758462037,-0.013229468051576987
lpr,hard_freeze,selection_seconds,748737880,-0.012687377980910242
lpr,hard_freeze,selection_seconds,1611510062,-0.01276698597939685
lpr,hard_freeze,selection_seconds,333205446,-0.012764231039909646
lpr,hard_freeze,selection_seconds,130501536,-0.01336352204089053
lpr,hard_freeze,selection_seconds,492612040,-0.013202214031480253
lpr,slowheat_lpr,final_average_accuracy,2101606466,0.04600000000000004
lpr,slowheat_lpr,final_average_accuracy,1872839281,0.02839999999999998
lpr,slowheat_lpr,final_average_accuracy,637029796,0.034200000000000036
lpr,slowheat_lpr,final_average_accuracy,1357204345,0.03309999999999996
lpr,slowheat_lpr,final_average_accuracy,1758462037,0.033700000000000035
lpr,slowheat_lpr,final_average_accuracy,748737880,0.017600000000000032
lpr,slowheat_lpr,final_average_accuracy,1611510062,0.039299999999999946
lpr,slowheat_lpr,final_average_accuracy,333205446,0.03750000000000003
lpr,slowheat_lpr,final_average_accuracy,130501536,0.02009999999999998
lpr,slowheat_lpr,final_average_accuracy,492612040,0.034700000000000064
lpr,slowheat_lpr,average_forgetting,2101606466,-0.06250000000000011
lpr,slowheat_lpr,average_forgetting,1872839281,-0.027124999999999844
lpr,slowheat_lpr,average_forgetting,637029796,-0.03949999999999998
lpr,slowheat_lpr,average_forgetting,1357204345,-0.04662500000000014
lpr,slowheat_lpr,average_forgetting,1758462037,-0.04875000000000007
lpr,slowheat_lpr,average_forgetting,748737880,-0.026374999999999926
lpr,slowheat_lpr,average_forgetting,1611510062,-0.049875000000000225
lpr,slowheat_lpr,average_forgetting,333205446,-0.04437500000000005
lpr,slowheat_lpr,average_forgetting,130501536,-0.035499999999999865
lpr,slowheat_lpr,average_forgetting,492612040,-0.04749999999999999
lpr,slowheat_lpr,backward_transfer,2101606466,0.06250000000000011
lpr,slowheat_lpr,backward_transfer,1872839281,0.027124999999999844
lpr,slowheat_lpr,backward_transfer,637029796,0.03949999999999998
lpr,slowheat_lpr,backward_transfer,1357204345,0.04662500000000014
lpr,slowheat_lpr,backward_transfer,1758462037,0.04875000000000007
lpr,slowheat_lpr,backward_transfer,748737880,0.026374999999999926
lpr,slowheat_lpr,backward_transfer,1611510062,0.049875000000000225
lpr,slowheat_lpr,backward_transfer,333205446,0.04437500000000005
lpr,slowheat_lpr,backward_transfer,130501536,0.035499999999999865
lpr,slowheat_lpr,backward_transfer,492612040,0.04749999999999999
lpr,slowheat_lpr,forward_transfer,2101606466,-0.0001250000000000001
lpr,slowheat_lpr,forward_transfer,1872839281,-0.00025
lpr,slowheat_lpr,forward_transfer,637029796,0.0
lpr,slowheat_lpr,forward_transfer,1357204345,0.0012500000000000011
lpr,slowheat_lpr,forward_transfer,1758462037,0.0
lpr,slowheat_lpr,forward_transfer,748737880,0.000375
lpr,slowheat_lpr,forward_transfer,1611510062,0.0002500000000000002
lpr,slowheat_lpr,forward_transfer,333205446,0.0012500000000000011
lpr,slowheat_lpr,forward_transfer,130501536,0.000625
lpr,slowheat_lpr,forward_transfer,492612040,0.0013749999999999873
lpr,slowheat_lpr,task_aware_final_accuracy,2101606466,0.01749999999999996
lpr,slowheat_lpr,task_aware_final_accuracy,1872839281,0.035699999999999954
lpr,slowheat_lpr,task_aware_final_accuracy,637029796,-0.0046000000000000485
lpr,slowheat_lpr,task_aware_final_accuracy,1357204345,-0.005599999999999938
lpr,slowheat_lpr,task_aware_final_accuracy,1758462037,0.0020999999999999908
lpr,slowheat_lpr,task_aware_final_accuracy,748737880,0.018100000000000005
lpr,slowheat_lpr,task_aware_final_accuracy,1611510062,0.009000000000000119
lpr,slowheat_lpr,task_aware_final_accuracy,333205446,-0.015100000000000002
lpr,slowheat_lpr,task_aware_final_accuracy,130501536,0.035600000000000076
lpr,slowheat_lpr,task_aware_final_accuracy,492612040,0.016599999999999948
lpr,slowheat_lpr,task_aware_forgetting,2101606466,-0.025750000000000023
lpr,slowheat_lpr,task_aware_forgetting,1872839281,-0.03750000000000006
lpr,slowheat_lpr,task_aware_forgetting,637029796,0.010499999999999982
lpr,slowheat_lpr,task_aware_forgetting,1357204345,0.0033749999999999614
lpr,slowheat_lpr,task_aware_forgetting,1758462037,-0.00949999999999998
lpr,slowheat_lpr,task_aware_forgetting,748737880,-0.027249999999999996
lpr,slowheat_lpr,task_aware_forgetting,1611510062,-0.011874999999999969
lpr,slowheat_lpr,task_aware_forgetting,333205446,0.02237500000000006
lpr,slowheat_lpr,task_aware_forgetting,130501536,-0.053749999999999964
lpr,slowheat_lpr,task_aware_forgetting,492612040,-0.023625000000000007
lpr,slowheat_lpr,classifier_gap,2101606466,-0.028500000000000192
lpr,slowheat_lpr,classifier_gap,1872839281,0.007300000000000084
lpr,slowheat_lpr,classifier_gap,637029796,-0.03880000000000006
lpr,slowheat_lpr,classifier_gap,1357204345,-0.03869999999999996
lpr,slowheat_lpr,classifier_gap,1758462037,-0.03160000000000007
lpr,slowheat_lpr,classifier_gap,748737880,0.0004999999999999449
lpr,slowheat_lpr,classifier_gap,1611510062,-0.030299999999999883
lpr,slowheat_lpr,classifier_gap,333205446,-0.05260000000000009
lpr,slowheat_lpr,classifier_gap,130501536,0.01550000000000007
lpr,slowheat_lpr,classifier_gap,492612040,-0.018100000000000116
lpr,slowheat_lpr,elapsed_seconds,2101606466,158.18390627400368
lpr,slowheat_lpr,elapsed_seconds,1872839281,220.67486428603297
lpr,slowheat_lpr,elapsed_seconds,637029796,65.53071148498566
lpr,slowheat_lpr,elapsed_seconds,1357204345,46.55515693902271
lpr,slowheat_lpr,elapsed_seconds,1758462037,38.9989385450026
lpr,slowheat_lpr,elapsed_seconds,748737880,40.92326251399936
lpr,slowheat_lpr,elapsed_seconds,1611510062,42.14930178900249
lpr,slowheat_lpr,elapsed_seconds,333205446,45.35186251002597
lpr,slowheat_lpr,elapsed_seconds,130501536,44.845663319021696
lpr,slowheat_lpr,elapsed_seconds,492612040,38.21409143897472
lpr,slowheat_lpr,learner_examples_processed,2101606466,0.0
lpr,slowheat_lpr,learner_examples_processed,1872839281,0.0
lpr,slowheat_lpr,learner_examples_processed,637029796,0.0
lpr,slowheat_lpr,learner_examples_processed,1357204345,0.0
lpr,slowheat_lpr,learner_examples_processed,1758462037,0.0
lpr,slowheat_lpr,learner_examples_processed,748737880,0.0
lpr,slowheat_lpr,learner_examples_processed,1611510062,0.0
lpr,slowheat_lpr,learner_examples_processed,333205446,0.0
lpr,slowheat_lpr,learner_examples_processed,130501536,0.0
lpr,slowheat_lpr,learner_examples_processed,492612040,0.0
lpr,slowheat_lpr,total_model_examples_processed,2101606466,0.0
lpr,slowheat_lpr,total_model_examples_processed,1872839281,0.0
lpr,slowheat_lpr,total_model_examples_processed,637029796,0.0
lpr,slowheat_lpr,total_model_examples_processed,1357204345,0.0
lpr,slowheat_lpr,total_model_examples_processed,1758462037,0.0
lpr,slowheat_lpr,total_model_examples_processed,748737880,0.0
lpr,slowheat_lpr,total_model_examples_processed,1611510062,0.0
lpr,slowheat_lpr,total_model_examples_processed,333205446,0.0
lpr,slowheat_lpr,total_model_examples_processed,130501536,0.0
lpr,slowheat_lpr,total_model_examples_processed,492612040,0.0
lpr,slowheat_lpr,estimated_total_flops,2101606466,17629272960.0
lpr,slowheat_lpr,estimated_total_flops,1872839281,17629272960.0
lpr,slowheat_lpr,estimated_total_flops,637029796,17629272960.0
lpr,slowheat_lpr,estimated_total_flops,1357204345,17629272960.0
lpr,slowheat_lpr,estimated_total_flops,1758462037,17629272960.0
lpr,slowheat_lpr,estimated_total_flops,748737880,17629272960.0
lpr,slowheat_lpr,estimated_total_flops,1611510062,17629272960.0
lpr,slowheat_lpr,estimated_total_flops,333205446,17629272960.0
lpr,slowheat_lpr,estimated_total_flops,130501536,17629272960.0
lpr,slowheat_lpr,estimated_total_flops,492612040,17629272960.0
lpr,slowheat_lpr,estimated_overhead_flops,2101606466,17629272960.0
lpr,slowheat_lpr,estimated_overhead_flops,1872839281,17629272960.0
lpr,slowheat_lpr,estimated_overhead_flops,637029796,17629272960.0
lpr,slowheat_lpr,estimated_overhead_flops,1357204345,17629272960.0
lpr,slowheat_lpr,estimated_overhead_flops,1758462037,17629272960.0
lpr,slowheat_lpr,estimated_overhead_flops,748737880,17629272960.0
lpr,slowheat_lpr,estimated_overhead_flops,1611510062,17629272960.0
lpr,slowheat_lpr,estimated_overhead_flops,333205446,17629272960.0
lpr,slowheat_lpr,estimated_overhead_flops,130501536,17629272960.0
lpr,slowheat_lpr,estimated_overhead_flops,492612040,17629272960.0
lpr,slowheat_lpr,replay_memory_bytes,2101606466,0.0
lpr,slowheat_lpr,replay_memory_bytes,1872839281,0.0
lpr,slowheat_lpr,replay_memory_bytes,637029796,0.0
lpr,slowheat_lpr,replay_memory_bytes,1357204345,0.0
lpr,slowheat_lpr,replay_memory_bytes,1758462037,0.0
lpr,slowheat_lpr,replay_memory_bytes,748737880,0.0
lpr,slowheat_lpr,replay_memory_bytes,1611510062,0.0
lpr,slowheat_lpr,replay_memory_bytes,333205446,0.0
lpr,slowheat_lpr,replay_memory_bytes,130501536,0.0
lpr,slowheat_lpr,replay_memory_bytes,492612040,0.0
lpr,slowheat_lpr,stored_logits_bytes,2101606466,0.0
lpr,slowheat_lpr,stored_logits_bytes,1872839281,0.0
lpr,slowheat_lpr,stored_logits_bytes,637029796,0.0
lpr,slowheat_lpr,stored_logits_bytes,1357204345,0.0
lpr,slowheat_lpr,stored_logits_bytes,1758462037,0.0
lpr,slowheat_lpr,stored_logits_bytes,748737880,0.0
lpr,slowheat_lpr,stored_logits_bytes,1611510062,0.0
lpr,slowheat_lpr,stored_logits_bytes,333205446,0.0
lpr,slowheat_lpr,stored_logits_bytes,130501536,0.0
lpr,slowheat_lpr,stored_logits_bytes,492612040,0.0
lpr,slowheat_lpr,replay_metadata_bytes,2101606466,0.0
lpr,slowheat_lpr,replay_metadata_bytes,1872839281,0.0
lpr,slowheat_lpr,replay_metadata_bytes,637029796,0.0
lpr,slowheat_lpr,replay_metadata_bytes,1357204345,0.0
lpr,slowheat_lpr,replay_metadata_bytes,1758462037,0.0
lpr,slowheat_lpr,replay_metadata_bytes,748737880,0.0
lpr,slowheat_lpr,replay_metadata_bytes,1611510062,0.0
lpr,slowheat_lpr,replay_metadata_bytes,333205446,0.0
lpr,slowheat_lpr,replay_metadata_bytes,130501536,0.0
lpr,slowheat_lpr,replay_metadata_bytes,492612040,0.0
lpr,slowheat_lpr,selector_forward_examples,2101606466,0.0
lpr,slowheat_lpr,selector_forward_examples,1872839281,0.0
lpr,slowheat_lpr,selector_forward_examples,637029796,0.0
lpr,slowheat_lpr,selector_forward_examples,1357204345,0.0
lpr,slowheat_lpr,selector_forward_examples,1758462037,0.0
lpr,slowheat_lpr,selector_forward_examples,748737880,0.0
lpr,slowheat_lpr,selector_forward_examples,1611510062,0.0
lpr,slowheat_lpr,selector_forward_examples,333205446,0.0
lpr,slowheat_lpr,selector_forward_examples,130501536,0.0
lpr,slowheat_lpr,selector_forward_examples,492612040,0.0
lpr,slowheat_lpr,selection_seconds,2101606466,0.0005975579842925072
lpr,slowheat_lpr,selection_seconds,1872839281,-0.0004931119619868696
lpr,slowheat_lpr,selection_seconds,637029796,-0.0007985489501152188
lpr,slowheat_lpr,selection_seconds,1357204345,-0.0005584630707744509
lpr,slowheat_lpr,selection_seconds,1758462037,-4.98702866025269e-06
lpr,slowheat_lpr,selection_seconds,748737880,0.00010605802526697516
lpr,slowheat_lpr,selection_seconds,1611510062,9.990902617573738e-05
lpr,slowheat_lpr,selection_seconds,333205446,0.0009532509429845959
lpr,slowheat_lpr,selection_seconds,130501536,0.00035381497582420707
lpr,slowheat_lpr,selection_seconds,492612040,-0.0006004470633342862
lpr,classifier_expander,final_average_accuracy,2101606466,0.19550000000000006
lpr,classifier_expander,final_average_accuracy,1872839281,0.16750000000000004
lpr,classifier_expander,final_average_accuracy,637029796,0.1928000000000001
lpr,classifier_expander,final_average_accuracy,1357204345,0.197
lpr,classifier_expander,final_average_accuracy,1758462037,0.17230000000000004
lpr,classifier_expander,final_average_accuracy,748737880,0.19969999999999996
lpr,classifier_expander,final_average_accuracy,1611510062,0.17300000000000004
lpr,classifier_expander,final_average_accuracy,333205446,0.18249999999999994
lpr,classifier_expander,final_average_accuracy,130501536,0.1631
lpr,classifier_expander,final_average_accuracy,492612040,0.21180000000000004
lpr,classifier_expander,average_forgetting,2101606466,-0.4918750000000001
lpr,classifier_expander,average_forgetting,1872839281,-0.45237499999999997
lpr,classifier_expander,average_forgetting,637029796,-0.5705
lpr,classifier_expander,average_forgetting,1357204345,-0.508375
lpr,classifier_expander,average_forgetting,1758462037,-0.46962500000000007
lpr,classifier_expander,average_forgetting,748737880,-0.577625
lpr,classifier_expander,average_forgetting,1611510062,-0.4280000000000001
lpr,classifier_expander,average_forgetting,333205446,-0.485375
lpr,classifier_expander,average_forgetting,130501536,-0.459375
lpr,classifier_expander,average_forgetting,492612040,-0.526
lpr,classifier_expander,backward_transfer,2101606466,0.5193750000000001
lpr,classifier_expander,backward_transfer,1872839281,0.565
lpr,classifier_expander,backward_transfer,637029796,0.740375
lpr,classifier_expander,backward_transfer,1357204345,0.545
lpr,classifier_expander,backward_transfer,1758462037,0.534375
lpr,classifier_expander,backward_transfer,748737880,0.613375
lpr,classifier_expander,backward_transfer,1611510062,0.4790000000000001
lpr,classifier_expander,backward_transfer,333205446,0.567625
lpr,classifier_expander,backward_transfer,130501536,0.459375
lpr,classifier_expander,backward_transfer,492612040,0.56625
lpr,classifier_expander,forward_transfer,2101606466,-0.0001250000000000001
lpr,classifier_expander,forward_transfer,1872839281,-0.00025
lpr,classifier_expander,forward_transfer,637029796,0.003124999999999989
lpr,classifier_expander,forward_transfer,1357204345,-0.0001250000000000001
lpr,classifier_expander,forward_transfer,1758462037,0.000125
lpr,classifier_expander,forward_transfer,748737880,0.0
lpr,classifier_expander,forward_transfer,1611510062,0.0005000000000000004
lpr,classifier_expander,forward_transfer,333205446,0.0062500000000000056
lpr,classifier_expander,forward_transfer,130501536,-0.000125
lpr,classifier_expander,forward_transfer,492612040,-0.0010000000000000009
lpr,classifier_expander,task_aware_final_accuracy,2101606466,0.06120000000000003
lpr,classifier_expander,task_aware_final_accuracy,1872839281,0.07140000000000013
lpr,classifier_expander,task_aware_final_accuracy,637029796,0.07709999999999995
lpr,classifier_expander,task_aware_final_accuracy,1357204345,0.08129999999999993
lpr,classifier_expander,task_aware_final_accuracy,1758462037,0.05469999999999997
lpr,classifier_expander,task_aware_final_accuracy,748737880,0.07720000000000005
lpr,classifier_expander,task_aware_final_accuracy,1611510062,0.06450000000000022
lpr,classifier_expander,task_aware_final_accuracy,333205446,0.07829999999999993
lpr,classifier_expander,task_aware_final_accuracy,130501536,0.09719999999999995
lpr,classifier_expander,task_aware_final_accuracy,492612040,0.06379999999999997
lpr,classifier_expander,task_aware_forgetting,2101606466,-0.07512500000000008
lpr,classifier_expander,task_aware_forgetting,1872839281,-0.07762500000000003
lpr,classifier_expander,task_aware_forgetting,637029796,-0.10875000000000001
lpr,classifier_expander,task_aware_forgetting,1357204345,-0.09062500000000004
lpr,classifier_expander,task_aware_forgetting,1758462037,-0.07724999999999999
lpr,classifier_expander,task_aware_forgetting,748737880,-0.09987499999999999
lpr,classifier_expander,task_aware_forgetting,1611510062,-0.06787500000000002
lpr,classifier_expander,task_aware_forgetting,333205446,-0.09124999999999997
lpr,classifier_expander,task_aware_forgetting,130501536,-0.12187499999999996
lpr,classifier_expander,task_aware_forgetting,492612040,-0.08174999999999996
lpr,classifier_expander,classifier_gap,2101606466,-0.13430000000000009
lpr,classifier_expander,classifier_gap,1872839281,-0.09609999999999985
lpr,classifier_expander,classifier_gap,637029796,-0.11570000000000014
lpr,classifier_expander,classifier_gap,1357204345,-0.11570000000000014
lpr,classifier_expander,classifier_gap,1758462037,-0.1176000000000001
lpr,classifier_expander,classifier_gap,748737880,-0.12249999999999994
lpr,classifier_expander,classifier_gap,1611510062,-0.10849999999999987
lpr,classifier_expander,classifier_gap,333205446,-0.10420000000000007
lpr,classifier_expander,classifier_gap,130501536,-0.06590000000000007
lpr,classifier_expander,classifier_gap,492612040,-0.14800000000000008
lpr,classifier_expander,elapsed_seconds,2101606466,-16.864276392007014
lpr,classifier_expander,elapsed_seconds,1872839281,-18.766869732004125
lpr,classifier_expander,elapsed_seconds,637029796,-56.892405576014426
lpr,classifier_expander,elapsed_seconds,1357204345,-12.968321652006125
lpr,classifier_expander,elapsed_seconds,1758462037,-17.028936745977262
lpr,classifier_expander,elapsed_seconds,748737880,-12.303074117022334
lpr,classifier_expander,elapsed_seconds,1611510062,-12.08809859197936
lpr,classifier_expander,elapsed_seconds,333205446,-13.127966907981317
lpr,classifier_expander,elapsed_seconds,130501536,-14.6536771459796
lpr,classifier_expander,elapsed_seconds,492612040,-12.67819697901723
lpr,classifier_expander,learner_examples_processed,2101606466,704.0
lpr,classifier_expander,learner_examples_processed,1872839281,704.0
lpr,classifier_expander,learner_examples_processed,637029796,704.0
lpr,classifier_expander,learner_examples_processed,1357204345,704.0
lpr,classifier_expander,learner_examples_processed,1758462037,704.0
lpr,classifier_expander,learner_examples_processed,748737880,704.0
lpr,classifier_expander,learner_examples_processed,1611510062,704.0
lpr,classifier_expander,learner_examples_processed,333205446,704.0
lpr,classifier_expander,learner_examples_processed,130501536,704.0
lpr,classifier_expander,learner_examples_processed,492612040,704.0
lpr,classifier_expander,total_model_examples_processed,2101606466,80904.0
lpr,classifier_expander,total_model_examples_processed,1872839281,80904.0
lpr,classifier_expander,total_model_examples_processed,637029796,80904.0
lpr,classifier_expander,total_model_examples_processed,1357204345,80904.0
lpr,classifier_expander,total_model_examples_processed,1758462037,80904.0
lpr,classifier_expander,total_model_examples_processed,748737880,80904.0
lpr,classifier_expander,total_model_examples_processed,1611510062,80904.0
lpr,classifier_expander,total_model_examples_processed,333205446,80904.0
lpr,classifier_expander,total_model_examples_processed,130501536,80904.0
lpr,classifier_expander,total_model_examples_processed,492612040,80904.0
lpr,classifier_expander,estimated_total_flops,2101606466,-69964059646936.0
lpr,classifier_expander,estimated_total_flops,1872839281,-69964059646936.0
lpr,classifier_expander,estimated_total_flops,637029796,-69964059646936.0
lpr,classifier_expander,estimated_total_flops,1357204345,-69964059646936.0
lpr,classifier_expander,estimated_total_flops,1758462037,-69964059646936.0
lpr,classifier_expander,estimated_total_flops,748737880,-69964059646936.0
lpr,classifier_expander,estimated_total_flops,1611510062,-69964059646936.0
lpr,classifier_expander,estimated_total_flops,333205446,-69964059646936.0
lpr,classifier_expander,estimated_total_flops,130501536,-69964059646936.0
lpr,classifier_expander,estimated_total_flops,492612040,-69964059646936.0
lpr,classifier_expander,estimated_overhead_flops,2101606466,-95113591741400.0
lpr,classifier_expander,estimated_overhead_flops,1872839281,-95113591741400.0
lpr,classifier_expander,estimated_overhead_flops,637029796,-95113591741400.0
lpr,classifier_expander,estimated_overhead_flops,1357204345,-95113591741400.0
lpr,classifier_expander,estimated_overhead_flops,1758462037,-95113591741400.0
lpr,classifier_expander,estimated_overhead_flops,748737880,-95113591741400.0
lpr,classifier_expander,estimated_overhead_flops,1611510062,-95113591741400.0
lpr,classifier_expander,estimated_overhead_flops,333205446,-95113591741400.0
lpr,classifier_expander,estimated_overhead_flops,130501536,-95113591741400.0
lpr,classifier_expander,estimated_overhead_flops,492612040,-95113591741400.0
lpr,classifier_expander,replay_memory_bytes,2101606466,0.0
lpr,classifier_expander,replay_memory_bytes,1872839281,0.0
lpr,classifier_expander,replay_memory_bytes,637029796,0.0
lpr,classifier_expander,replay_memory_bytes,1357204345,0.0
lpr,classifier_expander,replay_memory_bytes,1758462037,0.0
lpr,classifier_expander,replay_memory_bytes,748737880,0.0
lpr,classifier_expander,replay_memory_bytes,1611510062,0.0
lpr,classifier_expander,replay_memory_bytes,333205446,0.0
lpr,classifier_expander,replay_memory_bytes,130501536,0.0
lpr,classifier_expander,replay_memory_bytes,492612040,0.0
lpr,classifier_expander,stored_logits_bytes,2101606466,0.0
lpr,classifier_expander,stored_logits_bytes,1872839281,0.0
lpr,classifier_expander,stored_logits_bytes,637029796,0.0
lpr,classifier_expander,stored_logits_bytes,1357204345,0.0
lpr,classifier_expander,stored_logits_bytes,1758462037,0.0
lpr,classifier_expander,stored_logits_bytes,748737880,0.0
lpr,classifier_expander,stored_logits_bytes,1611510062,0.0
lpr,classifier_expander,stored_logits_bytes,333205446,0.0
lpr,classifier_expander,stored_logits_bytes,130501536,0.0
lpr,classifier_expander,stored_logits_bytes,492612040,0.0
lpr,classifier_expander,replay_metadata_bytes,2101606466,0.0
lpr,classifier_expander,replay_metadata_bytes,1872839281,0.0
lpr,classifier_expander,replay_metadata_bytes,637029796,0.0
lpr,classifier_expander,replay_metadata_bytes,1357204345,0.0
lpr,classifier_expander,replay_metadata_bytes,1758462037,0.0
lpr,classifier_expander,replay_metadata_bytes,748737880,0.0
lpr,classifier_expander,replay_metadata_bytes,1611510062,0.0
lpr,classifier_expander,replay_metadata_bytes,333205446,0.0
lpr,classifier_expander,replay_metadata_bytes,130501536,0.0
lpr,classifier_expander,replay_metadata_bytes,492612040,0.0
lpr,classifier_expander,selector_forward_examples,2101606466,0.0
lpr,classifier_expander,selector_forward_examples,1872839281,0.0
lpr,classifier_expander,selector_forward_examples,637029796,0.0
lpr,classifier_expander,selector_forward_examples,1357204345,0.0
lpr,classifier_expander,selector_forward_examples,1758462037,0.0
lpr,classifier_expander,selector_forward_examples,748737880,0.0
lpr,classifier_expander,selector_forward_examples,1611510062,0.0
lpr,classifier_expander,selector_forward_examples,333205446,0.0
lpr,classifier_expander,selector_forward_examples,130501536,0.0
lpr,classifier_expander,selector_forward_examples,492612040,0.0
lpr,classifier_expander,selection_seconds,2101606466,0.00016769193462096155
lpr,classifier_expander,selection_seconds,1872839281,-0.0008134069794323295
lpr,classifier_expander,selection_seconds,637029796,-0.00086063495837152
lpr,classifier_expander,selection_seconds,1357204345,-0.0006717990327160805
lpr,classifier_expander,selection_seconds,1758462037,-0.000523828057339415
lpr,classifier_expander,selection_seconds,748737880,0.00017200299771502614
lpr,classifier_expander,selection_seconds,1611510062,0.0002992340596392751
lpr,classifier_expander,selection_seconds,333205446,0.0004952149465680122
lpr,classifier_expander,selection_seconds,130501536,-0.00019820101442746818
lpr,classifier_expander,selection_seconds,492612040,-0.00038274703547358513
lpr,slowheat_classifier_expander,final_average_accuracy,2101606466,0.23029999999999995
lpr,slowheat_classifier_expander,final_average_accuracy,1872839281,0.1488
lpr,slowheat_classifier_expander,final_average_accuracy,637029796,0.19550000000000003
lpr,slowheat_classifier_expander,final_average_accuracy,1357204345,0.20389999999999991
lpr,slowheat_classifier_expander,final_average_accuracy,1758462037,0.20850000000000005
lpr,slowheat_classifier_expander,final_average_accuracy,748737880,0.20579999999999996
lpr,slowheat_classifier_expander,final_average_accuracy,1611510062,0.19799999999999995
lpr,slowheat_classifier_expander,final_average_accuracy,333205446,0.19079999999999997
lpr,slowheat_classifier_expander,final_average_accuracy,130501536,0.15519999999999998
lpr,slowheat_classifier_expander,final_average_accuracy,492612040,0.23559999999999998
lpr,slowheat_classifier_expander,average_forgetting,2101606466,-0.5427500000000001
lpr,slowheat_classifier_expander,average_forgetting,1872839281,-0.516125
lpr,slowheat_classifier_expander,average_forgetting,637029796,-0.586625
lpr,slowheat_classifier_expander,average_forgetting,1357204345,-0.53025
lpr,slowheat_classifier_expander,average_forgetting,1758462037,-0.560125
lpr,slowheat_classifier_expander,average_forgetting,748737880,-0.542625
lpr,slowheat_classifier_expander,average_forgetting,1611510062,-0.550875
lpr,slowheat_classifier_expander,average_forgetting,333205446,-0.5225
lpr,slowheat_classifier_expander,average_forgetting,130501536,-0.53575
lpr,slowheat_classifier_expander,average_forgetting,492612040,-0.57875
lpr,slowheat_classifier_expander,backward_transfer,2101606466,0.7613750000000001
lpr,slowheat_classifier_expander,backward_transfer,1872839281,0.741875
lpr,slowheat_classifier_expander,backward_transfer,637029796,0.770875
lpr,slowheat_classifier_expander,backward_transfer,1357204345,0.8053750000000001
lpr,slowheat_classifier_expander,backward_transfer,1758462037,0.7110000000000001
lpr,slowheat_classifier_expander,backward_transfer,748737880,0.71075
lpr,slowheat_classifier_expander,backward_transfer,1611510062,0.794
lpr,slowheat_classifier_expander,backward_transfer,333205446,0.650875
lpr,slowheat_classifier_expander,backward_transfer,130501536,0.72475
lpr,slowheat_classifier_expander,backward_transfer,492612040,0.801625
lpr,slowheat_classifier_expander,forward_transfer,2101606466,-0.0001250000000000001
lpr,slowheat_classifier_expander,forward_transfer,1872839281,-0.00025
lpr,slowheat_classifier_expander,forward_transfer,637029796,0.00012499999999998623
lpr,slowheat_classifier_expander,forward_transfer,1357204345,0.001125000000000001
lpr,slowheat_classifier_expander,forward_transfer,1758462037,0.0
lpr,slowheat_classifier_expander,forward_transfer,748737880,0.000125
lpr,slowheat_classifier_expander,forward_transfer,1611510062,0.0007500000000000007
lpr,slowheat_classifier_expander,forward_transfer,333205446,-0.000125000000000014
lpr,slowheat_classifier_expander,forward_transfer,130501536,-0.000125
lpr,slowheat_classifier_expander,forward_transfer,492612040,-0.0010000000000000009
lpr,slowheat_classifier_expander,task_aware_final_accuracy,2101606466,0.07950000000000002
lpr,slowheat_classifier_expander,task_aware_final_accuracy,1872839281,0.06589999999999996
lpr,slowheat_classifier_expander,task_aware_final_accuracy,637029796,0.08129999999999993
lpr,slowheat_classifier_expander,task_aware_final_accuracy,1357204345,0.06910000000000005
lpr,slowheat_classifier_expander,task_aware_final_accuracy,1758462037,0.08350000000000002
lpr,slowheat_classifier_expander,task_aware_final_accuracy,748737880,0.10230000000000006
lpr,slowheat_classifier_expander,task_aware_final_accuracy,1611510062,0.06310000000000004
lpr,slowheat_classifier_expander,task_aware_final_accuracy,333205446,0.09970000000000001
lpr,slowheat_classifier_expander,task_aware_final_accuracy,130501536,0.1271
lpr,slowheat_classifier_expander,task_aware_final_accuracy,492612040,0.08460000000000012
lpr,slowheat_classifier_expander,task_aware_forgetting,2101606466,-0.10100000000000003
lpr,slowheat_classifier_expander,task_aware_forgetting,1872839281,-0.07425000000000004
lpr,slowheat_classifier_expander,task_aware_forgetting,637029796,-0.104125
lpr,slowheat_classifier_expander,task_aware_forgetting,1357204345,-0.08475000000000005
lpr,slowheat_classifier_expander,task_aware_forgetting,1758462037,-0.113625
lpr,slowheat_classifier_expander,task_aware_forgetting,748737880,-0.12375
lpr,slowheat_classifier_expander,task_aware_forgetting,1611510062,-0.07412500000000002
lpr,slowheat_classifier_expander,task_aware_forgetting,333205446,-0.12124999999999997
lpr,slowheat_classifier_expander,task_aware_forgetting,130501536,-0.15487499999999996
lpr,slowheat_classifier_expander,task_aware_forgetting,492612040,-0.10637500000000003
lpr,slowheat_classifier_expander,classifier_gap,2101606466,-0.1508
lpr,slowheat_classifier_expander,classifier_gap,1872839281,-0.08289999999999997
lpr,slowheat_classifier_expander,classifier_gap,637029796,-0.11420000000000008
lpr,slowheat_classifier_expander,classifier_gap,1357204345,-0.13479999999999992
lpr,slowheat_classifier_expander,classifier_gap,1758462037,-0.12500000000000006
lpr,slowheat_classifier_expander,classifier_gap,748737880,-0.10349999999999993
lpr,slowheat_classifier_expander,classifier_gap,1611510062,-0.13489999999999996
lpr,slowheat_classifier_expander,classifier_gap,333205446,-0.09110000000000001
lpr,slowheat_classifier_expander,classifier_gap,130501536,-0.028100000000000014
lpr,slowheat_classifier_expander,classifier_gap,492612040,-0.15099999999999986
lpr,slowheat_classifier_expander,elapsed_seconds,2101606466,143.162104610994
lpr,slowheat_classifier_expander,elapsed_seconds,1872839281,123.90382026400766
lpr,slowheat_classifier_expander,elapsed_seconds,637029796,-34.935539105994394
lpr,slowheat_classifier_expander,elapsed_seconds,1357204345,30.92588500099373
lpr,slowheat_classifier_expander,elapsed_seconds,1758462037,21.877050977025647
lpr,slowheat_classifier_expander,elapsed_seconds,748737880,26.451631862000795
lpr,slowheat_classifier_expander,elapsed_seconds,1611510062,27.224318400985794
lpr,slowheat_classifier_expander,elapsed_seconds,333205446,30.76484289803193
lpr,slowheat_classifier_expander,elapsed_seconds,130501536,19.333212027006084
lpr,slowheat_classifier_expander,elapsed_seconds,492612040,23.766676220984664
lpr,slowheat_classifier_expander,learner_examples_processed,2101606466,704.0
lpr,slowheat_classifier_expander,learner_examples_processed,1872839281,704.0
lpr,slowheat_classifier_expander,learner_examples_processed,637029796,704.0
lpr,slowheat_classifier_expander,learner_examples_processed,1357204345,704.0
lpr,slowheat_classifier_expander,learner_examples_processed,1758462037,704.0
lpr,slowheat_classifier_expander,learner_examples_processed,748737880,704.0
lpr,slowheat_classifier_expander,learner_examples_processed,1611510062,704.0
lpr,slowheat_classifier_expander,learner_examples_processed,333205446,704.0
lpr,slowheat_classifier_expander,learner_examples_processed,130501536,704.0
lpr,slowheat_classifier_expander,learner_examples_processed,492612040,704.0
lpr,slowheat_classifier_expander,total_model_examples_processed,2101606466,80904.0
lpr,slowheat_classifier_expander,total_model_examples_processed,1872839281,80904.0
lpr,slowheat_classifier_expander,total_model_examples_processed,637029796,80904.0
lpr,slowheat_classifier_expander,total_model_examples_processed,1357204345,80904.0
lpr,slowheat_classifier_expander,total_model_examples_processed,1758462037,80904.0
lpr,slowheat_classifier_expander,total_model_examples_processed,748737880,80904.0
lpr,slowheat_classifier_expander,total_model_examples_processed,1611510062,80904.0
lpr,slowheat_classifier_expander,total_model_examples_processed,333205446,80904.0
lpr,slowheat_classifier_expander,total_model_examples_processed,130501536,80904.0
lpr,slowheat_classifier_expander,total_model_examples_processed,492612040,80904.0
lpr,slowheat_classifier_expander,estimated_total_flops,2101606466,-69946430373976.0
lpr,slowheat_classifier_expander,estimated_total_flops,1872839281,-69946430373976.0
lpr,slowheat_classifier_expander,estimated_total_flops,637029796,-69946430373976.0
lpr,slowheat_classifier_expander,estimated_total_flops,1357204345,-69946430373976.0
lpr,slowheat_classifier_expander,estimated_total_flops,1758462037,-69946430373976.0
lpr,slowheat_classifier_expander,estimated_total_flops,748737880,-69946430373976.0
lpr,slowheat_classifier_expander,estimated_total_flops,1611510062,-69946430373976.0
lpr,slowheat_classifier_expander,estimated_total_flops,333205446,-69946430373976.0
lpr,slowheat_classifier_expander,estimated_total_flops,130501536,-69946430373976.0
lpr,slowheat_classifier_expander,estimated_total_flops,492612040,-69946430373976.0
lpr,slowheat_classifier_expander,estimated_overhead_flops,2101606466,-95095962468440.0
lpr,slowheat_classifier_expander,estimated_overhead_flops,1872839281,-95095962468440.0
lpr,slowheat_classifier_expander,estimated_overhead_flops,637029796,-95095962468440.0
lpr,slowheat_classifier_expander,estimated_overhead_flops,1357204345,-95095962468440.0
lpr,slowheat_classifier_expander,estimated_overhead_flops,1758462037,-95095962468440.0
lpr,slowheat_classifier_expander,estimated_overhead_flops,748737880,-95095962468440.0
lpr,slowheat_classifier_expander,estimated_overhead_flops,1611510062,-95095962468440.0
lpr,slowheat_classifier_expander,estimated_overhead_flops,333205446,-95095962468440.0
lpr,slowheat_classifier_expander,estimated_overhead_flops,130501536,-95095962468440.0
lpr,slowheat_classifier_expander,estimated_overhead_flops,492612040,-95095962468440.0
lpr,slowheat_classifier_expander,replay_memory_bytes,2101606466,0.0
lpr,slowheat_classifier_expander,replay_memory_bytes,1872839281,0.0
lpr,slowheat_classifier_expander,replay_memory_bytes,637029796,0.0
lpr,slowheat_classifier_expander,replay_memory_bytes,1357204345,0.0
lpr,slowheat_classifier_expander,replay_memory_bytes,1758462037,0.0
lpr,slowheat_classifier_expander,replay_memory_bytes,748737880,0.0
lpr,slowheat_classifier_expander,replay_memory_bytes,1611510062,0.0
lpr,slowheat_classifier_expander,replay_memory_bytes,333205446,0.0
lpr,slowheat_classifier_expander,replay_memory_bytes,130501536,0.0
lpr,slowheat_classifier_expander,replay_memory_bytes,492612040,0.0
lpr,slowheat_classifier_expander,stored_logits_bytes,2101606466,0.0
lpr,slowheat_classifier_expander,stored_logits_bytes,1872839281,0.0
lpr,slowheat_classifier_expander,stored_logits_bytes,637029796,0.0
lpr,slowheat_classifier_expander,stored_logits_bytes,1357204345,0.0
lpr,slowheat_classifier_expander,stored_logits_bytes,1758462037,0.0
lpr,slowheat_classifier_expander,stored_logits_bytes,748737880,0.0
lpr,slowheat_classifier_expander,stored_logits_bytes,1611510062,0.0
lpr,slowheat_classifier_expander,stored_logits_bytes,333205446,0.0
lpr,slowheat_classifier_expander,stored_logits_bytes,130501536,0.0
lpr,slowheat_classifier_expander,stored_logits_bytes,492612040,0.0
lpr,slowheat_classifier_expander,replay_metadata_bytes,2101606466,0.0
lpr,slowheat_classifier_expander,replay_metadata_bytes,1872839281,0.0
lpr,slowheat_classifier_expander,replay_metadata_bytes,637029796,0.0
lpr,slowheat_classifier_expander,replay_metadata_bytes,1357204345,0.0
lpr,slowheat_classifier_expander,replay_metadata_bytes,1758462037,0.0
lpr,slowheat_classifier_expander,replay_metadata_bytes,748737880,0.0
lpr,slowheat_classifier_expander,replay_metadata_bytes,1611510062,0.0
lpr,slowheat_classifier_expander,replay_metadata_bytes,333205446,0.0
lpr,slowheat_classifier_expander,replay_metadata_bytes,130501536,0.0
lpr,slowheat_classifier_expander,replay_metadata_bytes,492612040,0.0
lpr,slowheat_classifier_expander,selector_forward_examples,2101606466,0.0
lpr,slowheat_classifier_expander,selector_forward_examples,1872839281,0.0
lpr,slowheat_classifier_expander,selector_forward_examples,637029796,0.0
lpr,slowheat_classifier_expander,selector_forward_examples,1357204345,0.0
lpr,slowheat_classifier_expander,selector_forward_examples,1758462037,0.0
lpr,slowheat_classifier_expander,selector_forward_examples,748737880,0.0
lpr,slowheat_classifier_expander,selector_forward_examples,1611510062,0.0
lpr,slowheat_classifier_expander,selector_forward_examples,333205446,0.0
lpr,slowheat_classifier_expander,selector_forward_examples,130501536,0.0
lpr,slowheat_classifier_expander,selector_forward_examples,492612040,0.0
lpr,slowheat_classifier_expander,selection_seconds,2101606466,0.0013366209750529379
lpr,slowheat_classifier_expander,selection_seconds,1872839281,-0.00012365297880023718
lpr,slowheat_classifier_expander,selection_seconds,637029796,-0.0009997369779739529
lpr,slowheat_classifier_expander,selection_seconds,1357204345,-0.0006403460865840316
lpr,slowheat_classifier_expander,selection_seconds,1758462037,-0.000233538041356951
lpr,slowheat_classifier_expander,selection_seconds,748737880,0.0011345830862410367
lpr,slowheat_classifier_expander,selection_seconds,1611510062,0.0006514260021504015
lpr,slowheat_classifier_expander,selection_seconds,333205446,0.0002670639951247722
lpr,slowheat_classifier_expander,selection_seconds,130501536,-0.00012822207645513117
lpr,slowheat_classifier_expander,selection_seconds,492612040,0.00030201993649825454
lpr,scroll,final_average_accuracy,2101606466,-0.13279999999999997
lpr,scroll,final_average_accuracy,1872839281,-0.10090000000000005
lpr,scroll,final_average_accuracy,637029796,-0.11949999999999998
lpr,scroll,final_average_accuracy,1357204345,-0.13910000000000003
lpr,scroll,final_average_accuracy,1758462037,-0.06040000000000001
lpr,scroll,final_average_accuracy,748737880,-0.137
lpr,scroll,final_average_accuracy,1611510062,-0.0884
lpr,scroll,final_average_accuracy,333205446,-0.13090000000000002
lpr,scroll,final_average_accuracy,130501536,-0.13090000000000002
lpr,scroll,final_average_accuracy,492612040,-0.10810000000000002
lpr,scroll,average_forgetting,2101606466,-0.4888750000000001
lpr,scroll,average_forgetting,1872839281,-0.36887499999999995
lpr,scroll,average_forgetting,637029796,-0.5322499999999999
lpr,scroll,average_forgetting,1357204345,-0.37
lpr,scroll,average_forgetting,1758462037,-0.534625
lpr,scroll,average_forgetting,748737880,-0.547125
lpr,scroll,average_forgetting,1611510062,-0.52475
lpr,scroll,average_forgetting,333205446,-0.50125
lpr,scroll,average_forgetting,130501536,-0.594125
lpr,scroll,average_forgetting,492612040,-0.42025
lpr,scroll,backward_transfer,2101606466,0.5658750000000001
lpr,scroll,backward_transfer,1872839281,0.43725
lpr,scroll,backward_transfer,637029796,0.603375
lpr,scroll,backward_transfer,1357204345,0.5035000000000001
lpr,scroll,backward_transfer,1758462037,0.64375
lpr,scroll,backward_transfer,748737880,0.547125
lpr,scroll,backward_transfer,1611510062,0.5426250000000001
lpr,scroll,backward_transfer,333205446,0.6035
lpr,scroll,backward_transfer,130501536,0.64625
lpr,scroll,backward_transfer,492612040,0.5253749999999999
lpr,scroll,forward_transfer,2101606466,-0.0001250000000000001
lpr,scroll,forward_transfer,1872839281,-0.00025
lpr,scroll,forward_transfer,637029796,0.0
lpr,scroll,forward_transfer,1357204345,-0.0017500000000000016
lpr,scroll,forward_transfer,1758462037,0.0
lpr,scroll,forward_transfer,748737880,0.0
lpr,scroll,forward_transfer,1611510062,-0.0002500000000000002
lpr,scroll,forward_transfer,333205446,-0.0012500000000000011
lpr,scroll,forward_transfer,130501536,-0.00025
lpr,scroll,forward_transfer,492612040,-0.002375000000000016
lpr,scroll,task_aware_final_accuracy,2101606466,-0.2594000000000001
lpr,scroll,task_aware_final_accuracy,1872839281,-0.20329999999999993
lpr,scroll,task_aware_final_accuracy,637029796,-0.24850000000000005
lpr,scroll,task_aware_final_accuracy,1357204345,-0.2791
lpr,scroll,task_aware_final_accuracy,1758462037,-0.1864
lpr,scroll,task_aware_final_accuracy,748737880,-0.25029999999999997
lpr,scroll,task_aware_final_accuracy,1611510062,-0.27179999999999993
lpr,scroll,task_aware_final_accuracy,333205446,-0.25639999999999985
lpr,scroll,task_aware_final_accuracy,130501536,-0.16959999999999997
lpr,scroll,task_aware_final_accuracy,492612040,-0.2601999999999999
lpr,scroll,task_aware_forgetting,2101606466,-0.059375000000000025
lpr,scroll,task_aware_forgetting,1872839281,-0.02637500000000005
lpr,scroll,task_aware_forgetting,637029796,-0.05737499999999998
lpr,scroll,task_aware_forgetting,1357204345,-0.04225000000000001
lpr,scroll,task_aware_forgetting,1758462037,-0.04974999999999993
lpr,scroll,task_aware_forgetting,748737880,-0.075625
lpr,scroll,task_aware_forgetting,1611510062,-0.03687499999999999
lpr,scroll,task_aware_forgetting,333205446,-0.049749999999999975
lpr,scroll,task_aware_forgetting,130501536,-0.130125
lpr,scroll,task_aware_forgetting,492612040,-0.062125000000000014
lpr,scroll,classifier_gap,2101606466,-0.12660000000000016
lpr,scroll,classifier_gap,1872839281,-0.10239999999999982
lpr,scroll,classifier_gap,637029796,-0.12900000000000006
lpr,scroll,classifier_gap,1357204345,-0.14
lpr,scroll,classifier_gap,1758462037,-0.126
lpr,scroll,classifier_gap,748737880,-0.11329999999999996
lpr,scroll,classifier_gap,1611510062,-0.1834
lpr,scroll,classifier_gap,333205446,-0.1254999999999999
lpr,scroll,classifier_gap,130501536,-0.03870000000000001
lpr,scroll,classifier_gap,492612040,-0.15209999999999985
lpr,scroll,elapsed_seconds,2101606466,-94.88353212698712
lpr,scroll,elapsed_seconds,1872839281,-112.31355361896567
lpr,scroll,elapsed_seconds,637029796,-99.16333106698585
lpr,scroll,elapsed_seconds,1357204345,-80.51378022300196
lpr,scroll,elapsed_seconds,1758462037,-81.20355537498835
lpr,scroll,elapsed_seconds,748737880,-76.48195273100282
lpr,scroll,elapsed_seconds,1611510062,-76.99294438600191
lpr,scroll,elapsed_seconds,333205446,-80.41707641395624
lpr,scroll,elapsed_seconds,130501536,-81.75971573597053
lpr,scroll,elapsed_seconds,492612040,-76.58707974402932
lpr,scroll,learner_examples_processed,2101606466,-241152.0
lpr,scroll,learner_examples_processed,1872839281,-241152.0
lpr,scroll,learner_examples_processed,637029796,-241152.0
lpr,scroll,learner_examples_processed,1357204345,-241152.0
lpr,scroll,learner_examples_processed,1758462037,-241152.0
lpr,scroll,learner_examples_processed,748737880,-241152.0
lpr,scroll,learner_examples_processed,1611510062,-241152.0
lpr,scroll,learner_examples_processed,333205446,-241152.0
lpr,scroll,learner_examples_processed,130501536,-241152.0
lpr,scroll,learner_examples_processed,492612040,-241152.0
lpr,scroll,total_model_examples_processed,2101606466,-201592.0
lpr,scroll,total_model_examples_processed,1872839281,-201592.0
lpr,scroll,total_model_examples_processed,637029796,-201592.0
lpr,scroll,total_model_examples_processed,1357204345,-201592.0
lpr,scroll,total_model_examples_processed,1758462037,-201592.0
lpr,scroll,total_model_examples_processed,748737880,-201592.0
lpr,scroll,total_model_examples_processed,1611510062,-201592.0
lpr,scroll,total_model_examples_processed,333205446,-201592.0
lpr,scroll,total_model_examples_processed,130501536,-201592.0
lpr,scroll,total_model_examples_processed,492612040,-201592.0
lpr,scroll,estimated_total_flops,2101606466,-304048812377427.0
lpr,scroll,estimated_total_flops,1872839281,-304048812377427.0
lpr,scroll,estimated_total_flops,637029796,-304048812377427.0
lpr,scroll,estimated_total_flops,1357204345,-304048812377427.0
lpr,scroll,estimated_total_flops,1758462037,-304048812377427.0
lpr,scroll,estimated_total_flops,748737880,-304048812377427.0
lpr,scroll,estimated_total_flops,1611510062,-304048812377427.0
lpr,scroll,estimated_total_flops,333205446,-304048812377427.0
lpr,scroll,estimated_total_flops,130501536,-304048812377427.0
lpr,scroll,estimated_total_flops,492612040,-304048812377427.0
lpr,scroll,estimated_overhead_flops,2101606466,-95091863192915.0
lpr,scroll,estimated_overhead_flops,1872839281,-95091863192915.0
lpr,scroll,estimated_overhead_flops,637029796,-95091863192915.0
lpr,scroll,estimated_overhead_flops,1357204345,-95091863192915.0
lpr,scroll,estimated_overhead_flops,1758462037,-95091863192915.0
lpr,scroll,estimated_overhead_flops,748737880,-95091863192915.0
lpr,scroll,estimated_overhead_flops,1611510062,-95091863192915.0
lpr,scroll,estimated_overhead_flops,333205446,-95091863192915.0
lpr,scroll,estimated_overhead_flops,130501536,-95091863192915.0
lpr,scroll,estimated_overhead_flops,492612040,-95091863192915.0
lpr,scroll,replay_memory_bytes,2101606466,0.0
lpr,scroll,replay_memory_bytes,1872839281,0.0
lpr,scroll,replay_memory_bytes,637029796,0.0
lpr,scroll,replay_memory_bytes,1357204345,0.0
lpr,scroll,replay_memory_bytes,1758462037,0.0
lpr,scroll,replay_memory_bytes,748737880,0.0
lpr,scroll,replay_memory_bytes,1611510062,0.0
lpr,scroll,replay_memory_bytes,333205446,0.0
lpr,scroll,replay_memory_bytes,130501536,0.0
lpr,scroll,replay_memory_bytes,492612040,0.0
lpr,scroll,stored_logits_bytes,2101606466,0.0
lpr,scroll,stored_logits_bytes,1872839281,0.0
lpr,scroll,stored_logits_bytes,637029796,0.0
lpr,scroll,stored_logits_bytes,1357204345,0.0
lpr,scroll,stored_logits_bytes,1758462037,0.0
lpr,scroll,stored_logits_bytes,748737880,0.0
lpr,scroll,stored_logits_bytes,1611510062,0.0
lpr,scroll,stored_logits_bytes,333205446,0.0
lpr,scroll,stored_logits_bytes,130501536,0.0
lpr,scroll,stored_logits_bytes,492612040,0.0
lpr,scroll,replay_metadata_bytes,2101606466,0.0
lpr,scroll,replay_metadata_bytes,1872839281,0.0
lpr,scroll,replay_metadata_bytes,637029796,0.0
lpr,scroll,replay_metadata_bytes,1357204345,0.0
lpr,scroll,replay_metadata_bytes,1758462037,0.0
lpr,scroll,replay_metadata_bytes,748737880,0.0
lpr,scroll,replay_metadata_bytes,1611510062,0.0
lpr,scroll,replay_metadata_bytes,333205446,0.0
lpr,scroll,replay_metadata_bytes,130501536,0.0
lpr,scroll,replay_metadata_bytes,492612040,0.0
lpr,scroll,selector_forward_examples,2101606466,0.0
lpr,scroll,selector_forward_examples,1872839281,0.0
lpr,scroll,selector_forward_examples,637029796,0.0
lpr,scroll,selector_forward_examples,1357204345,0.0
lpr,scroll,selector_forward_examples,1758462037,0.0
lpr,scroll,selector_forward_examples,748737880,0.0
lpr,scroll,selector_forward_examples,1611510062,0.0
lpr,scroll,selector_forward_examples,333205446,0.0
lpr,scroll,selector_forward_examples,130501536,0.0
lpr,scroll,selector_forward_examples,492612040,0.0
lpr,scroll,selection_seconds,2101606466,-2.137699630111456e-05
lpr,scroll,selection_seconds,1872839281,-0.0006004349561408162
lpr,scroll,selection_seconds,637029796,-0.00043573995935730636
lpr,scroll,selection_seconds,1357204345,0.0007460049528162926
lpr,scroll,selection_seconds,1758462037,-0.00033174603595398366
lpr,scroll,selection_seconds,748737880,-7.052495493553579e-05
lpr,scroll,selection_seconds,1611510062,-7.758199353702366e-05
lpr,scroll,selection_seconds,333205446,4.447295214049518e-05
lpr,scroll,selection_seconds,130501536,-0.00029997702222317457
lpr,scroll,selection_seconds,492612040,-0.000295301026199013
lpr,slowheat_scroll,final_average_accuracy,2101606466,0.02710000000000007
lpr,slowheat_scroll,final_average_accuracy,1872839281,-0.06130000000000002
lpr,slowheat_scroll,final_average_accuracy,637029796,-0.038599999999999995
lpr,slowheat_scroll,final_average_accuracy,1357204345,0.0008000000000000229
lpr,slowheat_scroll,final_average_accuracy,1758462037,0.026400000000000007
lpr,slowheat_scroll,final_average_accuracy,748737880,0.014299999999999952
lpr,slowheat_scroll,final_average_accuracy,1611510062,-0.04150000000000001
lpr,slowheat_scroll,final_average_accuracy,333205446,0.023400000000000032
lpr,slowheat_scroll,final_average_accuracy,130501536,9.999999999998899e-05
lpr,slowheat_scroll,final_average_accuracy,492612040,-0.02400000000000002
lpr,slowheat_scroll,average_forgetting,2101606466,-0.766
lpr,slowheat_scroll,average_forgetting,1872839281,-0.489
lpr,slowheat_scroll,average_forgetting,637029796,-0.5446249999999999
lpr,slowheat_scroll,average_forgetting,1357204345,-0.666
lpr,slowheat_scroll,average_forgetting,1758462037,-0.77575
lpr,slowheat_scroll,average_forgetting,748737880,-0.7068749999999999
lpr,slowheat_scroll,average_forgetting,1611510062,-0.50475
lpr,slowheat_scroll,average_forgetting,333205446,-0.629
lpr,slowheat_scroll,average_forgetting,130501536,-0.7344999999999999
lpr,slowheat_scroll,average_forgetting,492612040,-0.693875
lpr,slowheat_scroll,backward_transfer,2101606466,0.8421250000000001
lpr,slowheat_scroll,backward_transfer,1872839281,0.513625
lpr,slowheat_scroll,backward_transfer,637029796,0.5446249999999999
lpr,slowheat_scroll,backward_transfer,1357204345,0.750125
lpr,slowheat_scroll,backward_transfer,1758462037,0.782
lpr,slowheat_scroll,backward_transfer,748737880,0.762625
lpr,slowheat_scroll,backward_transfer,1611510062,0.6198750000000001
lpr,slowheat_scroll,backward_transfer,333205446,0.718
lpr,slowheat_scroll,backward_transfer,130501536,0.740125
lpr,slowheat_scroll,backward_transfer,492612040,0.747875
lpr,slowheat_scroll,forward_transfer,2101606466,-0.0001250000000000001
lpr,slowheat_scroll,forward_transfer,1872839281,-0.00025
lpr,slowheat_scroll,forward_transfer,637029796,0.0
lpr,slowheat_scroll,forward_transfer,1357204345,-0.0017500000000000016
lpr,slowheat_scroll,forward_transfer,1758462037,0.0
lpr,slowheat_scroll,forward_transfer,748737880,0.0
lpr,slowheat_scroll,forward_transfer,1611510062,-0.0002500000000000002
lpr,slowheat_scroll,forward_transfer,333205446,-0.0012500000000000011
lpr,slowheat_scroll,forward_transfer,130501536,-0.00025
lpr,slowheat_scroll,forward_transfer,492612040,-0.002375000000000016
lpr,slowheat_scroll,task_aware_final_accuracy,2101606466,-0.11140000000000005
lpr,slowheat_scroll,task_aware_final_accuracy,1872839281,-0.10099999999999998
lpr,slowheat_scroll,task_aware_final_accuracy,637029796,-0.1459999999999999
lpr,slowheat_scroll,task_aware_final_accuracy,1357204345,-0.06310000000000004
lpr,slowheat_scroll,task_aware_final_accuracy,1758462037,-0.06499999999999995
lpr,slowheat_scroll,task_aware_final_accuracy,748737880,-0.052100000000000035
lpr,slowheat_scroll,task_aware_final_accuracy,1611510062,-0.07739999999999991
lpr,slowheat_scroll,task_aware_final_accuracy,333205446,-0.09719999999999995
lpr,slowheat_scroll,task_aware_final_accuracy,130501536,-0.04200000000000004
lpr,slowheat_scroll,task_aware_final_accuracy,492612040,-0.10789999999999988
lpr,slowheat_scroll,task_aware_forgetting,2101606466,-0.12000000000000002
lpr,slowheat_scroll,task_aware_forgetting,1872839281,-0.11512500000000003
lpr,slowheat_scroll,task_aware_forgetting,637029796,-0.11162499999999997
lpr,slowheat_scroll,task_aware_forgetting,1357204345,-0.1565
lpr,slowheat_scroll,task_aware_forgetting,1758462037,-0.17024999999999998
lpr,slowheat_scroll,task_aware_forgetting,748737880,-0.193875
lpr,slowheat_scroll,task_aware_forgetting,1611510062,-0.13887499999999997
lpr,slowheat_scroll,task_aware_forgetting,333205446,-0.11674999999999996
lpr,slowheat_scroll,task_aware_forgetting,130501536,-0.21324999999999994
lpr,slowheat_scroll,task_aware_forgetting,492612040,-0.11812499999999995
lpr,slowheat_scroll,classifier_gap,2101606466,-0.13850000000000018
lpr,slowheat_scroll,classifier_gap,1872839281,-0.0396999999999999
lpr,slowheat_scroll,classifier_gap,637029796,-0.10739999999999988
lpr,slowheat_scroll,classifier_gap,1357204345,-0.06390000000000012
lpr,slowheat_scroll,classifier_gap,1758462037,-0.09139999999999998
lpr,slowheat_scroll,classifier_gap,748737880,-0.06640000000000001
lpr,slowheat_scroll,classifier_gap,1611510062,-0.03589999999999993
lpr,slowheat_scroll,classifier_gap,333205446,-0.12060000000000004
lpr,slowheat_scroll,classifier_gap,130501536,-0.042100000000000026
lpr,slowheat_scroll,classifier_gap,492612040,-0.08389999999999986
lpr,slowheat_scroll,elapsed_seconds,2101606466,-64.41215696098516
lpr,slowheat_scroll,elapsed_seconds,1872839281,-81.94857008798863
lpr,slowheat_scroll,elapsed_seconds,637029796,-91.94349497600342
lpr,slowheat_scroll,elapsed_seconds,1357204345,-73.81078413099749
lpr,slowheat_scroll,elapsed_seconds,1758462037,-75.06348022498423
lpr,slowheat_scroll,elapsed_seconds,748737880,-70.39403035200667
lpr,slowheat_scroll,elapsed_seconds,1611510062,-70.76542686801986
lpr,slowheat_scroll,elapsed_seconds,333205446,-73.53607352799736
lpr,slowheat_scroll,elapsed_seconds,130501536,-76.06266110899742
lpr,slowheat_scroll,elapsed_seconds,492612040,-70.75875843298854
lpr,slowheat_scroll,learner_examples_processed,2101606466,-241152.0
lpr,slowheat_scroll,learner_examples_processed,1872839281,-241152.0
lpr,slowheat_scroll,learner_examples_processed,637029796,-241152.0
lpr,slowheat_scroll,learner_examples_processed,1357204345,-241152.0
lpr,slowheat_scroll,learner_examples_processed,1758462037,-241152.0
lpr,slowheat_scroll,learner_examples_processed,748737880,-241152.0
lpr,slowheat_scroll,learner_examples_processed,1611510062,-241152.0
lpr,slowheat_scroll,learner_examples_processed,333205446,-241152.0
lpr,slowheat_scroll,learner_examples_processed,130501536,-241152.0
lpr,slowheat_scroll,learner_examples_processed,492612040,-241152.0
lpr,slowheat_scroll,total_model_examples_processed,2101606466,-201592.0
lpr,slowheat_scroll,total_model_examples_processed,1872839281,-201592.0
lpr,slowheat_scroll,total_model_examples_processed,637029796,-201592.0
lpr,slowheat_scroll,total_model_examples_processed,1357204345,-201592.0
lpr,slowheat_scroll,total_model_examples_processed,1758462037,-201592.0
lpr,slowheat_scroll,total_model_examples_processed,748737880,-201592.0
lpr,slowheat_scroll,total_model_examples_processed,1611510062,-201592.0
lpr,slowheat_scroll,total_model_examples_processed,333205446,-201592.0
lpr,slowheat_scroll,total_model_examples_processed,130501536,-201592.0
lpr,slowheat_scroll,total_model_examples_processed,492612040,-201592.0
lpr,slowheat_scroll,estimated_total_flops,2101606466,-304045463964627.0
lpr,slowheat_scroll,estimated_total_flops,1872839281,-304045463964627.0
lpr,slowheat_scroll,estimated_total_flops,637029796,-304045463964627.0
lpr,slowheat_scroll,estimated_total_flops,1357204345,-304045463964627.0
lpr,slowheat_scroll,estimated_total_flops,1758462037,-304045463964627.0
lpr,slowheat_scroll,estimated_total_flops,748737880,-304045463964627.0
lpr,slowheat_scroll,estimated_total_flops,1611510062,-304045463964627.0
lpr,slowheat_scroll,estimated_total_flops,333205446,-304045463964627.0
lpr,slowheat_scroll,estimated_total_flops,130501536,-304045463964627.0
lpr,slowheat_scroll,estimated_total_flops,492612040,-304045463964627.0
lpr,slowheat_scroll,estimated_overhead_flops,2101606466,-95088514780115.0
lpr,slowheat_scroll,estimated_overhead_flops,1872839281,-95088514780115.0
lpr,slowheat_scroll,estimated_overhead_flops,637029796,-95088514780115.0
lpr,slowheat_scroll,estimated_overhead_flops,1357204345,-95088514780115.0
lpr,slowheat_scroll,estimated_overhead_flops,1758462037,-95088514780115.0
lpr,slowheat_scroll,estimated_overhead_flops,748737880,-95088514780115.0
lpr,slowheat_scroll,estimated_overhead_flops,1611510062,-95088514780115.0
lpr,slowheat_scroll,estimated_overhead_flops,333205446,-95088514780115.0
lpr,slowheat_scroll,estimated_overhead_flops,130501536,-95088514780115.0
lpr,slowheat_scroll,estimated_overhead_flops,492612040,-95088514780115.0
lpr,slowheat_scroll,replay_memory_bytes,2101606466,0.0
lpr,slowheat_scroll,replay_memory_bytes,1872839281,0.0
lpr,slowheat_scroll,replay_memory_bytes,637029796,0.0
lpr,slowheat_scroll,replay_memory_bytes,1357204345,0.0
lpr,slowheat_scroll,replay_memory_bytes,1758462037,0.0
lpr,slowheat_scroll,replay_memory_bytes,748737880,0.0
lpr,slowheat_scroll,replay_memory_bytes,1611510062,0.0
lpr,slowheat_scroll,replay_memory_bytes,333205446,0.0
lpr,slowheat_scroll,replay_memory_bytes,130501536,0.0
lpr,slowheat_scroll,replay_memory_bytes,492612040,0.0
lpr,slowheat_scroll,stored_logits_bytes,2101606466,0.0
lpr,slowheat_scroll,stored_logits_bytes,1872839281,0.0
lpr,slowheat_scroll,stored_logits_bytes,637029796,0.0
lpr,slowheat_scroll,stored_logits_bytes,1357204345,0.0
lpr,slowheat_scroll,stored_logits_bytes,1758462037,0.0
lpr,slowheat_scroll,stored_logits_bytes,748737880,0.0
lpr,slowheat_scroll,stored_logits_bytes,1611510062,0.0
lpr,slowheat_scroll,stored_logits_bytes,333205446,0.0
lpr,slowheat_scroll,stored_logits_bytes,130501536,0.0
lpr,slowheat_scroll,stored_logits_bytes,492612040,0.0
lpr,slowheat_scroll,replay_metadata_bytes,2101606466,0.0
lpr,slowheat_scroll,replay_metadata_bytes,1872839281,0.0
lpr,slowheat_scroll,replay_metadata_bytes,637029796,0.0
lpr,slowheat_scroll,replay_metadata_bytes,1357204345,0.0
lpr,slowheat_scroll,replay_metadata_bytes,1758462037,0.0
lpr,slowheat_scroll,replay_metadata_bytes,748737880,0.0
lpr,slowheat_scroll,replay_metadata_bytes,1611510062,0.0
lpr,slowheat_scroll,replay_metadata_bytes,333205446,0.0
lpr,slowheat_scroll,replay_metadata_bytes,130501536,0.0
lpr,slowheat_scroll,replay_metadata_bytes,492612040,0.0
lpr,slowheat_scroll,selector_forward_examples,2101606466,0.0
lpr,slowheat_scroll,selector_forward_examples,1872839281,0.0
lpr,slowheat_scroll,selector_forward_examples,637029796,0.0
lpr,slowheat_scroll,selector_forward_examples,1357204345,0.0
lpr,slowheat_scroll,selector_forward_examples,1758462037,0.0
lpr,slowheat_scroll,selector_forward_examples,748737880,0.0
lpr,slowheat_scroll,selector_forward_examples,1611510062,0.0
lpr,slowheat_scroll,selector_forward_examples,333205446,0.0
lpr,slowheat_scroll,selector_forward_examples,130501536,0.0
lpr,slowheat_scroll,selector_forward_examples,492612040,0.0
lpr,slowheat_scroll,selection_seconds,2101606466,7.475499296560884e-05
lpr,slowheat_scroll,selection_seconds,1872839281,-0.0003850369539577514
lpr,slowheat_scroll,selection_seconds,637029796,-0.0013409119856078178
lpr,slowheat_scroll,selection_seconds,1357204345,0.0005680309259332716
lpr,slowheat_scroll,selection_seconds,1758462037,-0.0001248950429726392
lpr,slowheat_scroll,selection_seconds,748737880,0.0019048309768550098
lpr,slowheat_scroll,selection_seconds,1611510062,3.391804057173431e-05
lpr,slowheat_scroll,selection_seconds,333205446,0.0002107079781126231
lpr,slowheat_scroll,selection_seconds,130501536,0.0005359949427656829
lpr,slowheat_scroll,selection_seconds,492612040,0.000568961986573413
classifier_expander,vanilla,final_average_accuracy,2101606466,-0.23510000000000003
classifier_expander,vanilla,final_average_accuracy,1872839281,-0.22770000000000007
classifier_expander,vanilla,final_average_accuracy,637029796,-0.2381000000000001
classifier_expander,vanilla,final_average_accuracy,1357204345,-0.24820000000000003
classifier_expander,vanilla,final_average_accuracy,1758462037,-0.21310000000000004
classifier_expander,vanilla,final_average_accuracy,748737880,-0.2485
classifier_expander,vanilla,final_average_accuracy,1611510062,-0.23040000000000005
classifier_expander,vanilla,final_average_accuracy,333205446,-0.23899999999999993
classifier_expander,vanilla,final_average_accuracy,130501536,-0.22549999999999998
classifier_expander,vanilla,final_average_accuracy,492612040,-0.25560000000000005
classifier_expander,vanilla,average_forgetting,2101606466,0.5385
classifier_expander,vanilla,average_forgetting,1872839281,0.54475
classifier_expander,vanilla,average_forgetting,637029796,0.6343750000000001
classifier_expander,vanilla,average_forgetting,1357204345,0.5806250000000001
classifier_expander,vanilla,average_forgetting,1758462037,0.512375
classifier_expander,vanilla,average_forgetting,748737880,0.639875
classifier_expander,vanilla,average_forgetting,1611510062,0.505625
classifier_expander,vanilla,average_forgetting,333205446,0.5706249999999999
classifier_expander,vanilla,average_forgetting,130501536,0.536375
classifier_expander,vanilla,average_forgetting,492612040,0.5755
classifier_expander,vanilla,backward_transfer,2101606466,-0.5660000000000001
classifier_expander,vanilla,backward_transfer,1872839281,-0.6573749999999999
classifier_expander,vanilla,backward_transfer,637029796,-0.8042500000000001
classifier_expander,vanilla,backward_transfer,1357204345,-0.6172500000000001
classifier_expander,vanilla,backward_transfer,1758462037,-0.577125
classifier_expander,vanilla,backward_transfer,748737880,-0.675625
classifier_expander,vanilla,backward_transfer,1611510062,-0.5566249999999999
classifier_expander,vanilla,backward_transfer,333205446,-0.652875
classifier_expander,vanilla,backward_transfer,130501536,-0.536375
classifier_expander,vanilla,backward_transfer,492612040,-0.61575
classifier_expander,vanilla,forward_transfer,2101606466,0.0
classifier_expander,vanilla,forward_transfer,1872839281,0.0
classifier_expander,vanilla,forward_transfer,637029796,-0.003124999999999989
classifier_expander,vanilla,forward_transfer,1357204345,-0.0012500000000000011
classifier_expander,vanilla,forward_transfer,1758462037,-0.000125
classifier_expander,vanilla,forward_transfer,748737880,0.0
classifier_expander,vanilla,forward_transfer,1611510062,-0.0005000000000000004
classifier_expander,vanilla,forward_transfer,333205446,-0.0038750000000000173
classifier_expander,vanilla,forward_transfer,130501536,0.0
classifier_expander,vanilla,forward_transfer,492612040,0.0011249999999999871
classifier_expander,vanilla,task_aware_final_accuracy,2101606466,-0.32610000000000006
classifier_expander,vanilla,task_aware_final_accuracy,1872839281,-0.2231000000000002
classifier_expander,vanilla,task_aware_final_accuracy,637029796,-0.2741
classifier_expander,vanilla,task_aware_final_accuracy,1357204345,-0.2567999999999999
classifier_expander,vanilla,task_aware_final_accuracy,1758462037,-0.29079999999999995
classifier_expander,vanilla,task_aware_final_accuracy,748737880,-0.2340000000000001
classifier_expander,vanilla,task_aware_final_accuracy,1611510062,-0.2399000000000001
classifier_expander,vanilla,task_aware_final_accuracy,333205446,-0.24469999999999992
classifier_expander,vanilla,task_aware_final_accuracy,130501536,-0.20909999999999995
classifier_expander,vanilla,task_aware_final_accuracy,492612040,-0.3032999999999999
classifier_expander,vanilla,task_aware_forgetting,2101606466,0.40275000000000005
classifier_expander,vanilla,task_aware_forgetting,1872839281,0.28074999999999994
classifier_expander,vanilla,task_aware_forgetting,637029796,0.36187500000000006
classifier_expander,vanilla,task_aware_forgetting,1357204345,0.317375
classifier_expander,vanilla,task_aware_forgetting,1758462037,0.36312500000000003
classifier_expander,vanilla,task_aware_forgetting,748737880,0.296125
classifier_expander,vanilla,task_aware_forgetting,1611510062,0.29125
classifier_expander,vanilla,task_aware_forgetting,333205446,0.31237499999999996
classifier_expander,vanilla,task_aware_forgetting,130501536,0.26
classifier_expander,vanilla,task_aware_forgetting,492612040,0.37549999999999994
classifier_expander,vanilla,classifier_gap,2101606466,-0.09100000000000003
classifier_expander,vanilla,classifier_gap,1872839281,0.004599999999999882
classifier_expander,vanilla,classifier_gap,637029796,-0.03599999999999992
classifier_expander,vanilla,classifier_gap,1357204345,-0.008599999999999886
classifier_expander,vanilla,classifier_gap,1758462037,-0.07769999999999994
classifier_expander,vanilla,classifier_gap,748737880,0.014499999999999902
classifier_expander,vanilla,classifier_gap,1611510062,-0.009500000000000064
classifier_expander,vanilla,classifier_gap,333205446,-0.005699999999999983
classifier_expander,vanilla,classifier_gap,130501536,0.016400000000000026
classifier_expander,vanilla,classifier_gap,492612040,-0.047699999999999854
classifier_expander,vanilla,elapsed_seconds,2101606466,-34.00945454699104
classifier_expander,vanilla,elapsed_seconds,1872839281,-49.515007672976935
classifier_expander,vanilla,elapsed_seconds,637029796,5.574063420004677
classifier_expander,vanilla,elapsed_seconds,1357204345,-32.672368355008075
classifier_expander,vanilla,elapsed_seconds,1758462037,-25.903599401994143
classifier_expander,vanilla,elapsed_seconds,748737880,-28.370878541987622
classifier_expander,vanilla,elapsed_seconds,1611510062,-28.82672021901817
classifier_expander,vanilla,elapsed_seconds,333205446,-32.10170617699623
classifier_expander,vanilla,elapsed_seconds,130501536,-29.066987749974942
classifier_expander,vanilla,elapsed_seconds,492612040,-28.226745641004527
classifier_expander,vanilla,learner_examples_processed,2101606466,-81344.0
classifier_expander,vanilla,learner_examples_processed,1872839281,-81344.0
classifier_expander,vanilla,learner_examples_processed,637029796,-81344.0
classifier_expander,vanilla,learner_examples_processed,1357204345,-81344.0
classifier_expander,vanilla,learner_examples_processed,1758462037,-81344.0
classifier_expander,vanilla,learner_examples_processed,748737880,-81344.0
classifier_expander,vanilla,learner_examples_processed,1611510062,-81344.0
classifier_expander,vanilla,learner_examples_processed,333205446,-81344.0
classifier_expander,vanilla,learner_examples_processed,130501536,-81344.0
classifier_expander,vanilla,learner_examples_processed,492612040,-81344.0
classifier_expander,vanilla,total_model_examples_processed,2101606466,-161984.0
classifier_expander,vanilla,total_model_examples_processed,1872839281,-161984.0
classifier_expander,vanilla,total_model_examples_processed,637029796,-161984.0
classifier_expander,vanilla,total_model_examples_processed,1357204345,-161984.0
classifier_expander,vanilla,total_model_examples_processed,1758462037,-161984.0
classifier_expander,vanilla,total_model_examples_processed,748737880,-161984.0
classifier_expander,vanilla,total_model_examples_processed,1611510062,-161984.0
classifier_expander,vanilla,total_model_examples_processed,333205446,-161984.0
classifier_expander,vanilla,total_model_examples_processed,130501536,-161984.0
classifier_expander,vanilla,total_model_examples_processed,492612040,-161984.0
classifier_expander,vanilla,estimated_total_flops,2101606466,-99199981584384.0
classifier_expander,vanilla,estimated_total_flops,1872839281,-99199981584384.0
classifier_expander,vanilla,estimated_total_flops,637029796,-99199981584384.0
classifier_expander,vanilla,estimated_total_flops,1357204345,-99199981584384.0
classifier_expander,vanilla,estimated_total_flops,1758462037,-99199981584384.0
classifier_expander,vanilla,estimated_total_flops,748737880,-99199981584384.0
classifier_expander,vanilla,estimated_total_flops,1611510062,-99199981584384.0
classifier_expander,vanilla,estimated_total_flops,333205446,-99199981584384.0
classifier_expander,vanilla,estimated_total_flops,130501536,-99199981584384.0
classifier_expander,vanilla,estimated_total_flops,492612040,-99199981584384.0
classifier_expander,vanilla,estimated_overhead_flops,2101606466,0.0
classifier_expander,vanilla,estimated_overhead_flops,1872839281,0.0
classifier_expander,vanilla,estimated_overhead_flops,637029796,0.0
classifier_expander,vanilla,estimated_overhead_flops,1357204345,0.0
classifier_expander,vanilla,estimated_overhead_flops,1758462037,0.0
classifier_expander,vanilla,estimated_overhead_flops,748737880,0.0
classifier_expander,vanilla,estimated_overhead_flops,1611510062,0.0
classifier_expander,vanilla,estimated_overhead_flops,333205446,0.0
classifier_expander,vanilla,estimated_overhead_flops,130501536,0.0
classifier_expander,vanilla,estimated_overhead_flops,492612040,0.0
classifier_expander,vanilla,replay_memory_bytes,2101606466,-2459200.0
classifier_expander,vanilla,replay_memory_bytes,1872839281,-2459200.0
classifier_expander,vanilla,replay_memory_bytes,637029796,-2459200.0
classifier_expander,vanilla,replay_memory_bytes,1357204345,-2459200.0
classifier_expander,vanilla,replay_memory_bytes,1758462037,-2459200.0
classifier_expander,vanilla,replay_memory_bytes,748737880,-2459200.0
classifier_expander,vanilla,replay_memory_bytes,1611510062,-2459200.0
classifier_expander,vanilla,replay_memory_bytes,333205446,-2459200.0
classifier_expander,vanilla,replay_memory_bytes,130501536,-2459200.0
classifier_expander,vanilla,replay_memory_bytes,492612040,-2459200.0
classifier_expander,vanilla,stored_logits_bytes,2101606466,0.0
classifier_expander,vanilla,stored_logits_bytes,1872839281,0.0
classifier_expander,vanilla,stored_logits_bytes,637029796,0.0
classifier_expander,vanilla,stored_logits_bytes,1357204345,0.0
classifier_expander,vanilla,stored_logits_bytes,1758462037,0.0
classifier_expander,vanilla,stored_logits_bytes,748737880,0.0
classifier_expander,vanilla,stored_logits_bytes,1611510062,0.0
classifier_expander,vanilla,stored_logits_bytes,333205446,0.0
classifier_expander,vanilla,stored_logits_bytes,130501536,0.0
classifier_expander,vanilla,stored_logits_bytes,492612040,0.0
classifier_expander,vanilla,replay_metadata_bytes,2101606466,-6400.0
classifier_expander,vanilla,replay_metadata_bytes,1872839281,-6400.0
classifier_expander,vanilla,replay_metadata_bytes,637029796,-6400.0
classifier_expander,vanilla,replay_metadata_bytes,1357204345,-6400.0
classifier_expander,vanilla,replay_metadata_bytes,1758462037,-6400.0
classifier_expander,vanilla,replay_metadata_bytes,748737880,-6400.0
classifier_expander,vanilla,replay_metadata_bytes,1611510062,-6400.0
classifier_expander,vanilla,replay_metadata_bytes,333205446,-6400.0
classifier_expander,vanilla,replay_metadata_bytes,130501536,-6400.0
classifier_expander,vanilla,replay_metadata_bytes,492612040,-6400.0
classifier_expander,vanilla,selector_forward_examples,2101606466,0.0
classifier_expander,vanilla,selector_forward_examples,1872839281,0.0
classifier_expander,vanilla,selector_forward_examples,637029796,0.0
classifier_expander,vanilla,selector_forward_examples,1357204345,0.0
classifier_expander,vanilla,selector_forward_examples,1758462037,0.0
classifier_expander,vanilla,selector_forward_examples,748737880,0.0
classifier_expander,vanilla,selector_forward_examples,1611510062,0.0
classifier_expander,vanilla,selector_forward_examples,333205446,0.0
classifier_expander,vanilla,selector_forward_examples,130501536,0.0
classifier_expander,vanilla,selector_forward_examples,492612040,0.0
classifier_expander,vanilla,selection_seconds,2101606466,-0.013063927937764674
classifier_expander,vanilla,selection_seconds,1872839281,-0.012600816000485793
classifier_expander,vanilla,selection_seconds,637029796,-0.013212628022301942
classifier_expander,vanilla,selection_seconds,1357204345,-0.012773499998729676
classifier_expander,vanilla,selection_seconds,1758462037,-0.012705639994237572
classifier_expander,vanilla,selection_seconds,748737880,-0.012859380978625268
classifier_expander,vanilla,selection_seconds,1611510062,-0.013066220039036125
classifier_expander,vanilla,selection_seconds,333205446,-0.013259445986477658
classifier_expander,vanilla,selection_seconds,130501536,-0.013165321026463062
classifier_expander,vanilla,selection_seconds,492612040,-0.012819466996006668
classifier_expander,slowheat_none,final_average_accuracy,2101606466,-0.23580000000000004
classifier_expander,slowheat_none,final_average_accuracy,1872839281,-0.22650000000000006
classifier_expander,slowheat_none,final_average_accuracy,637029796,-0.23890000000000008
classifier_expander,slowheat_none,final_average_accuracy,1357204345,-0.24840000000000004
classifier_expander,slowheat_none,final_average_accuracy,1758462037,-0.21270000000000003
classifier_expander,slowheat_none,final_average_accuracy,748737880,-0.2485
classifier_expander,slowheat_none,final_average_accuracy,1611510062,-0.22740000000000005
classifier_expander,slowheat_none,final_average_accuracy,333205446,-0.24069999999999994
classifier_expander,slowheat_none,final_average_accuracy,130501536,-0.2246
classifier_expander,slowheat_none,final_average_accuracy,492612040,-0.2589
classifier_expander,slowheat_none,average_forgetting,2101606466,0.53375
classifier_expander,slowheat_none,average_forgetting,1872839281,0.5443749999999999
classifier_expander,slowheat_none,average_forgetting,637029796,0.6258750000000001
classifier_expander,slowheat_none,average_forgetting,1357204345,0.573625
classifier_expander,slowheat_none,average_forgetting,1758462037,0.5192500000000001
classifier_expander,slowheat_none,average_forgetting,748737880,0.6308750000000001
classifier_expander,slowheat_none,average_forgetting,1611510062,0.502
classifier_expander,slowheat_none,average_forgetting,333205446,0.568875
classifier_expander,slowheat_none,average_forgetting,130501536,0.5379999999999999
classifier_expander,slowheat_none,average_forgetting,492612040,0.573375
classifier_expander,slowheat_none,backward_transfer,2101606466,-0.56125
classifier_expander,slowheat_none,backward_transfer,1872839281,-0.6569999999999999
classifier_expander,slowheat_none,backward_transfer,637029796,-0.7957500000000001
classifier_expander,slowheat_none,backward_transfer,1357204345,-0.6102500000000001
classifier_expander,slowheat_none,backward_transfer,1758462037,-0.5840000000000001
classifier_expander,slowheat_none,backward_transfer,748737880,-0.666625
classifier_expander,slowheat_none,backward_transfer,1611510062,-0.553
classifier_expander,slowheat_none,backward_transfer,333205446,-0.6511250000000001
classifier_expander,slowheat_none,backward_transfer,130501536,-0.5379999999999999
classifier_expander,slowheat_none,backward_transfer,492612040,-0.613625
classifier_expander,slowheat_none,forward_transfer,2101606466,0.0
classifier_expander,slowheat_none,forward_transfer,1872839281,0.0
classifier_expander,slowheat_none,forward_transfer,637029796,-0.0026249999999999885
classifier_expander,slowheat_none,forward_transfer,1357204345,0.0010000000000000009
classifier_expander,slowheat_none,forward_transfer,1758462037,-0.000125
classifier_expander,slowheat_none,forward_transfer,748737880,0.000125
classifier_expander,slowheat_none,forward_transfer,1611510062,-0.00037500000000000033
classifier_expander,slowheat_none,forward_transfer,333205446,-0.0061249999999999916
classifier_expander,slowheat_none,forward_transfer,130501536,-0.000125
classifier_expander,slowheat_none,forward_transfer,492612040,0.0007499999999999729
classifier_expander,slowheat_none,task_aware_final_accuracy,2101606466,-0.24760000000000004
classifier_expander,slowheat_none,task_aware_final_accuracy,1872839281,-0.2736000000000002
classifier_expander,slowheat_none,task_aware_final_accuracy,637029796,-0.242
classifier_expander,slowheat_none,task_aware_final_accuracy,1357204345,-0.2671999999999999
classifier_expander,slowheat_none,task_aware_final_accuracy,1758462037,-0.2481
classifier_expander,slowheat_none,task_aware_final_accuracy,748737880,-0.2843
classifier_expander,slowheat_none,task_aware_final_accuracy,1611510062,-0.27880000000000016
classifier_expander,slowheat_none,task_aware_final_accuracy,333205446,-0.25719999999999976
classifier_expander,slowheat_none,task_aware_final_accuracy,130501536,-0.18019999999999992
classifier_expander,slowheat_none,task_aware_final_accuracy,492612040,-0.29689999999999994
classifier_expander,slowheat_none,task_aware_forgetting,2101606466,0.29900000000000004
classifier_expander,slowheat_none,task_aware_forgetting,1872839281,0.345
classifier_expander,slowheat_none,task_aware_forgetting,637029796,0.31225
classifier_expander,slowheat_none,task_aware_forgetting,1357204345,0.323125
classifier_expander,slowheat_none,task_aware_forgetting,1758462037,0.317125
classifier_expander,slowheat_none,task_aware_forgetting,748737880,0.35
classifier_expander,slowheat_none,task_aware_forgetting,1611510062,0.33999999999999997
classifier_expander,slowheat_none,task_aware_forgetting,333205446,0.324125
classifier_expander,slowheat_none,task_aware_forgetting,130501536,0.226625
classifier_expander,slowheat_none,task_aware_forgetting,492612040,0.36124999999999996
classifier_expander,slowheat_none,classifier_gap,2101606466,-0.011800000000000033
classifier_expander,slowheat_none,classifier_gap,1872839281,-0.04710000000000014
classifier_expander,slowheat_none,classifier_gap,637029796,-0.0030999999999998806
classifier_expander,slowheat_none,classifier_gap,1357204345,-0.018799999999999817
classifier_expander,slowheat_none,classifier_gap,1758462037,-0.03539999999999993
classifier_expander,slowheat_none,classifier_gap,748737880,-0.0358
classifier_expander,slowheat_none,classifier_gap,1611510062,-0.05140000000000011
classifier_expander,slowheat_none,classifier_gap,333205446,-0.016499999999999848
classifier_expander,slowheat_none,classifier_gap,130501536,0.044400000000000106
classifier_expander,slowheat_none,classifier_gap,492612040,-0.03799999999999992
classifier_expander,slowheat_none,elapsed_seconds,2101606466,132.72257084498415
classifier_expander,slowheat_none,elapsed_seconds,1872839281,110.3435440690082
classifier_expander,slowheat_none,elapsed_seconds,637029796,168.10269361303654
classifier_expander,slowheat_none,elapsed_seconds,1357204345,0.21648061100859195
classifier_expander,slowheat_none,elapsed_seconds,1758462037,9.76249642300536
classifier_expander,slowheat_none,elapsed_seconds,748737880,3.008067394985119
classifier_expander,slowheat_none,elapsed_seconds,1611510062,2.284966031991644
classifier_expander,slowheat_none,elapsed_seconds,333205446,-0.2654517799965106
classifier_expander,slowheat_none,elapsed_seconds,130501536,5.770694998005638
classifier_expander,slowheat_none,elapsed_seconds,492612040,1.7855310090235434
classifier_expander,slowheat_none,learner_examples_processed,2101606466,-81344.0
classifier_expander,slowheat_none,learner_examples_processed,1872839281,-81344.0
classifier_expander,slowheat_none,learner_examples_processed,637029796,-81344.0
classifier_expander,slowheat_none,learner_examples_processed,1357204345,-81344.0
classifier_expander,slowheat_none,learner_examples_processed,1758462037,-81344.0
classifier_expander,slowheat_none,learner_examples_processed,748737880,-81344.0
classifier_expander,slowheat_none,learner_examples_processed,1611510062,-81344.0
classifier_expander,slowheat_none,learner_examples_processed,333205446,-81344.0
classifier_expander,slowheat_none,learner_examples_processed,130501536,-81344.0
classifier_expander,slowheat_none,learner_examples_processed,492612040,-81344.0
classifier_expander,slowheat_none,total_model_examples_processed,2101606466,-161984.0
classifier_expander,slowheat_none,total_model_examples_processed,1872839281,-161984.0
classifier_expander,slowheat_none,total_model_examples_processed,637029796,-161984.0
classifier_expander,slowheat_none,total_model_examples_processed,1357204345,-161984.0
classifier_expander,slowheat_none,total_model_examples_processed,1758462037,-161984.0
classifier_expander,slowheat_none,total_model_examples_processed,748737880,-161984.0
classifier_expander,slowheat_none,total_model_examples_processed,1611510062,-161984.0
classifier_expander,slowheat_none,total_model_examples_processed,333205446,-161984.0
classifier_expander,slowheat_none,total_model_examples_processed,130501536,-161984.0
classifier_expander,slowheat_none,total_model_examples_processed,492612040,-161984.0
classifier_expander,slowheat_none,estimated_total_flops,2101606466,-99183223971834.0
classifier_expander,slowheat_none,estimated_total_flops,1872839281,-99183223971834.0
classifier_expander,slowheat_none,estimated_total_flops,637029796,-99183223971834.0
classifier_expander,slowheat_none,estimated_total_flops,1357204345,-99183223971834.0
classifier_expander,slowheat_none,estimated_total_flops,1758462037,-99183223971834.0
classifier_expander,slowheat_none,estimated_total_flops,748737880,-99183223971834.0
classifier_expander,slowheat_none,estimated_total_flops,1611510062,-99183223971834.0
classifier_expander,slowheat_none,estimated_total_flops,333205446,-99183223971834.0
classifier_expander,slowheat_none,estimated_total_flops,130501536,-99183223971834.0
classifier_expander,slowheat_none,estimated_total_flops,492612040,-99183223971834.0
classifier_expander,slowheat_none,estimated_overhead_flops,2101606466,16757612550.0
classifier_expander,slowheat_none,estimated_overhead_flops,1872839281,16757612550.0
classifier_expander,slowheat_none,estimated_overhead_flops,637029796,16757612550.0
classifier_expander,slowheat_none,estimated_overhead_flops,1357204345,16757612550.0
classifier_expander,slowheat_none,estimated_overhead_flops,1758462037,16757612550.0
classifier_expander,slowheat_none,estimated_overhead_flops,748737880,16757612550.0
classifier_expander,slowheat_none,estimated_overhead_flops,1611510062,16757612550.0
classifier_expander,slowheat_none,estimated_overhead_flops,333205446,16757612550.0
classifier_expander,slowheat_none,estimated_overhead_flops,130501536,16757612550.0
classifier_expander,slowheat_none,estimated_overhead_flops,492612040,16757612550.0
classifier_expander,slowheat_none,replay_memory_bytes,2101606466,-2459200.0
classifier_expander,slowheat_none,replay_memory_bytes,1872839281,-2459200.0
classifier_expander,slowheat_none,replay_memory_bytes,637029796,-2459200.0
classifier_expander,slowheat_none,replay_memory_bytes,1357204345,-2459200.0
classifier_expander,slowheat_none,replay_memory_bytes,1758462037,-2459200.0
classifier_expander,slowheat_none,replay_memory_bytes,748737880,-2459200.0
classifier_expander,slowheat_none,replay_memory_bytes,1611510062,-2459200.0
classifier_expander,slowheat_none,replay_memory_bytes,333205446,-2459200.0
classifier_expander,slowheat_none,replay_memory_bytes,130501536,-2459200.0
classifier_expander,slowheat_none,replay_memory_bytes,492612040,-2459200.0
classifier_expander,slowheat_none,stored_logits_bytes,2101606466,0.0
classifier_expander,slowheat_none,stored_logits_bytes,1872839281,0.0
classifier_expander,slowheat_none,stored_logits_bytes,637029796,0.0
classifier_expander,slowheat_none,stored_logits_bytes,1357204345,0.0
classifier_expander,slowheat_none,stored_logits_bytes,1758462037,0.0
classifier_expander,slowheat_none,stored_logits_bytes,748737880,0.0
classifier_expander,slowheat_none,stored_logits_bytes,1611510062,0.0
classifier_expander,slowheat_none,stored_logits_bytes,333205446,0.0
classifier_expander,slowheat_none,stored_logits_bytes,130501536,0.0
classifier_expander,slowheat_none,stored_logits_bytes,492612040,0.0
classifier_expander,slowheat_none,replay_metadata_bytes,2101606466,-6400.0
classifier_expander,slowheat_none,replay_metadata_bytes,1872839281,-6400.0
classifier_expander,slowheat_none,replay_metadata_bytes,637029796,-6400.0
classifier_expander,slowheat_none,replay_metadata_bytes,1357204345,-6400.0
classifier_expander,slowheat_none,replay_metadata_bytes,1758462037,-6400.0
classifier_expander,slowheat_none,replay_metadata_bytes,748737880,-6400.0
classifier_expander,slowheat_none,replay_metadata_bytes,1611510062,-6400.0
classifier_expander,slowheat_none,replay_metadata_bytes,333205446,-6400.0
classifier_expander,slowheat_none,replay_metadata_bytes,130501536,-6400.0
classifier_expander,slowheat_none,replay_metadata_bytes,492612040,-6400.0
classifier_expander,slowheat_none,selector_forward_examples,2101606466,0.0
classifier_expander,slowheat_none,selector_forward_examples,1872839281,0.0
classifier_expander,slowheat_none,selector_forward_examples,637029796,0.0
classifier_expander,slowheat_none,selector_forward_examples,1357204345,0.0
classifier_expander,slowheat_none,selector_forward_examples,1758462037,0.0
classifier_expander,slowheat_none,selector_forward_examples,748737880,0.0
classifier_expander,slowheat_none,selector_forward_examples,1611510062,0.0
classifier_expander,slowheat_none,selector_forward_examples,333205446,0.0
classifier_expander,slowheat_none,selector_forward_examples,130501536,0.0
classifier_expander,slowheat_none,selector_forward_examples,492612040,0.0
classifier_expander,slowheat_none,selection_seconds,2101606466,-0.013063927937764674
classifier_expander,slowheat_none,selection_seconds,1872839281,-0.012600816000485793
classifier_expander,slowheat_none,selection_seconds,637029796,-0.013212628022301942
classifier_expander,slowheat_none,selection_seconds,1357204345,-0.012773499998729676
classifier_expander,slowheat_none,selection_seconds,1758462037,-0.012705639994237572
classifier_expander,slowheat_none,selection_seconds,748737880,-0.012859380978625268
classifier_expander,slowheat_none,selection_seconds,1611510062,-0.013066220039036125
classifier_expander,slowheat_none,selection_seconds,333205446,-0.013259445986477658
classifier_expander,slowheat_none,selection_seconds,130501536,-0.013165321026463062
classifier_expander,slowheat_none,selection_seconds,492612040,-0.012819466996006668
classifier_expander,slowheat_unidirectional,final_average_accuracy,2101606466,-0.24230000000000004
classifier_expander,slowheat_unidirectional,final_average_accuracy,1872839281,-0.22940000000000008
classifier_expander,slowheat_unidirectional,final_average_accuracy,637029796,-0.2398000000000001
classifier_expander,slowheat_unidirectional,final_average_accuracy,1357204345,-0.25510000000000005
classifier_expander,slowheat_unidirectional,final_average_accuracy,1758462037,-0.21500000000000005
classifier_expander,slowheat_unidirectional,final_average_accuracy,748737880,-0.2592
classifier_expander,slowheat_unidirectional,final_average_accuracy,1611510062,-0.23610000000000006
classifier_expander,slowheat_unidirectional,final_average_accuracy,333205446,-0.24479999999999993
classifier_expander,slowheat_unidirectional,final_average_accuracy,130501536,-0.2242
classifier_expander,slowheat_unidirectional,final_average_accuracy,492612040,-0.26330000000000003
classifier_expander,slowheat_unidirectional,average_forgetting,2101606466,0.53125
classifier_expander,slowheat_unidirectional,average_forgetting,1872839281,0.5219999999999999
classifier_expander,slowheat_unidirectional,average_forgetting,637029796,0.6185
classifier_expander,slowheat_unidirectional,average_forgetting,1357204345,0.5757500000000001
classifier_expander,slowheat_unidirectional,average_forgetting,1758462037,0.517625
classifier_expander,slowheat_unidirectional,average_forgetting,748737880,0.62975
classifier_expander,slowheat_unidirectional,average_forgetting,1611510062,0.500875
classifier_expander,slowheat_unidirectional,average_forgetting,333205446,0.5685
classifier_expander,slowheat_unidirectional,average_forgetting,130501536,0.5311250000000001
classifier_expander,slowheat_unidirectional,average_forgetting,492612040,0.5643750000000001
classifier_expander,slowheat_unidirectional,backward_transfer,2101606466,-0.5587500000000001
classifier_expander,slowheat_unidirectional,backward_transfer,1872839281,-0.6346249999999999
classifier_expander,slowheat_unidirectional,backward_transfer,637029796,-0.788375
classifier_expander,slowheat_unidirectional,backward_transfer,1357204345,-0.6123750000000001
classifier_expander,slowheat_unidirectional,backward_transfer,1758462037,-0.582375
classifier_expander,slowheat_unidirectional,backward_transfer,748737880,-0.6655000000000001
classifier_expander,slowheat_unidirectional,backward_transfer,1611510062,-0.551875
classifier_expander,slowheat_unidirectional,backward_transfer,333205446,-0.65075
classifier_expander,slowheat_unidirectional,backward_transfer,130501536,-0.5311250000000001
classifier_expander,slowheat_unidirectional,backward_transfer,492612040,-0.6046250000000001
classifier_expander,slowheat_unidirectional,forward_transfer,2101606466,0.0
classifier_expander,slowheat_unidirectional,forward_transfer,1872839281,0.0
classifier_expander,slowheat_unidirectional,forward_transfer,637029796,-0.0020000000000000018
classifier_expander,slowheat_unidirectional,forward_transfer,1357204345,-0.0010000000000000009
classifier_expander,slowheat_unidirectional,forward_transfer,1758462037,-0.000125
classifier_expander,slowheat_unidirectional,forward_transfer,748737880,0.000125
classifier_expander,slowheat_unidirectional,forward_transfer,1611510062,-0.0002500000000000002
classifier_expander,slowheat_unidirectional,forward_transfer,333205446,-0.00412499999999999
classifier_expander,slowheat_unidirectional,forward_transfer,130501536,0.000125
classifier_expander,slowheat_unidirectional,forward_transfer,492612040,0.0007499999999999729
classifier_expander,slowheat_unidirectional,task_aware_final_accuracy,2101606466,-0.2752000000000001
classifier_expander,slowheat_unidirectional,task_aware_final_accuracy,1872839281,-0.23480000000000023
classifier_expander,slowheat_unidirectional,task_aware_final_accuracy,637029796,-0.3015
classifier_expander,slowheat_unidirectional,task_aware_final_accuracy,1357204345,-0.2597999999999999
classifier_expander,slowheat_unidirectional,task_aware_final_accuracy,1758462037,-0.23359999999999992
classifier_expander,slowheat_unidirectional,task_aware_final_accuracy,748737880,-0.24870000000000003
classifier_expander,slowheat_unidirectional,task_aware_final_accuracy,1611510062,-0.27870000000000017
classifier_expander,slowheat_unidirectional,task_aware_final_accuracy,333205446,-0.22589999999999988
classifier_expander,slowheat_unidirectional,task_aware_final_accuracy,130501536,-0.19629999999999992
classifier_expander,slowheat_unidirectional,task_aware_final_accuracy,492612040,-0.2731999999999999
classifier_expander,slowheat_unidirectional,task_aware_forgetting,2101606466,0.32287500000000013
classifier_expander,slowheat_unidirectional,task_aware_forgetting,1872839281,0.27049999999999996
classifier_expander,slowheat_unidirectional,task_aware_forgetting,637029796,0.37812500000000004
classifier_expander,slowheat_unidirectional,task_aware_forgetting,1357204345,0.30762500000000004
classifier_expander,slowheat_unidirectional,task_aware_forgetting,1758462037,0.29450000000000004
classifier_expander,slowheat_unidirectional,task_aware_forgetting,748737880,0.291
classifier_expander,slowheat_unidirectional,task_aware_forgetting,1611510062,0.327875
classifier_expander,slowheat_unidirectional,task_aware_forgetting,333205446,0.27949999999999997
classifier_expander,slowheat_unidirectional,task_aware_forgetting,130501536,0.24037500000000003
classifier_expander,slowheat_unidirectional,task_aware_forgetting,492612040,0.317125
classifier_expander,slowheat_unidirectional,classifier_gap,2101606466,-0.03290000000000004
classifier_expander,slowheat_unidirectional,classifier_gap,1872839281,-0.005400000000000182
classifier_expander,slowheat_unidirectional,classifier_gap,637029796,-0.061699999999999866
classifier_expander,slowheat_unidirectional,classifier_gap,1357204345,-0.004699999999999871
classifier_expander,slowheat_unidirectional,classifier_gap,1758462037,-0.018599999999999894
classifier_expander,slowheat_unidirectional,classifier_gap,748737880,0.010499999999999954
classifier_expander,slowheat_unidirectional,classifier_gap,1611510062,-0.04260000000000014
classifier_expander,slowheat_unidirectional,classifier_gap,333205446,0.018900000000000028
classifier_expander,slowheat_unidirectional,classifier_gap,130501536,0.02790000000000009
classifier_expander,slowheat_unidirectional,classifier_gap,492612040,-0.009899999999999853
classifier_expander,slowheat_unidirectional,elapsed_seconds,2101606466,137.20668443499017
classifier_expander,slowheat_unidirectional,elapsed_seconds,1872839281,120.70420768103213
classifier_expander,slowheat_unidirectional,elapsed_seconds,637029796,174.03978104601265
classifier_expander,slowheat_unidirectional,elapsed_seconds,1357204345,7.8133011660247575
classifier_expander,slowheat_unidirectional,elapsed_seconds,1758462037,16.767532586003654
classifier_expander,slowheat_unidirectional,elapsed_seconds,748737880,10.47487908200128
classifier_expander,slowheat_unidirectional,elapsed_seconds,1611510062,10.122544355981518
classifier_expander,slowheat_unidirectional,elapsed_seconds,333205446,7.1400291890022345
classifier_expander,slowheat_unidirectional,elapsed_seconds,130501536,13.831304444989655
classifier_expander,slowheat_unidirectional,elapsed_seconds,492612040,8.978926668001805
classifier_expander,slowheat_unidirectional,learner_examples_processed,2101606466,-81344.0
classifier_expander,slowheat_unidirectional,learner_examples_processed,1872839281,-81344.0
classifier_expander,slowheat_unidirectional,learner_examples_processed,637029796,-81344.0
classifier_expander,slowheat_unidirectional,learner_examples_processed,1357204345,-81344.0
classifier_expander,slowheat_unidirectional,learner_examples_processed,1758462037,-81344.0
classifier_expander,slowheat_unidirectional,learner_examples_processed,748737880,-81344.0
classifier_expander,slowheat_unidirectional,learner_examples_processed,1611510062,-81344.0
classifier_expander,slowheat_unidirectional,learner_examples_processed,333205446,-81344.0
classifier_expander,slowheat_unidirectional,learner_examples_processed,130501536,-81344.0
classifier_expander,slowheat_unidirectional,learner_examples_processed,492612040,-81344.0
classifier_expander,slowheat_unidirectional,total_model_examples_processed,2101606466,-161984.0
classifier_expander,slowheat_unidirectional,total_model_examples_processed,1872839281,-161984.0
classifier_expander,slowheat_unidirectional,total_model_examples_processed,637029796,-161984.0
classifier_expander,slowheat_unidirectional,total_model_examples_processed,1357204345,-161984.0
classifier_expander,slowheat_unidirectional,total_model_examples_processed,1758462037,-161984.0
classifier_expander,slowheat_unidirectional,total_model_examples_processed,748737880,-161984.0
classifier_expander,slowheat_unidirectional,total_model_examples_processed,1611510062,-161984.0
classifier_expander,slowheat_unidirectional,total_model_examples_processed,333205446,-161984.0
classifier_expander,slowheat_unidirectional,total_model_examples_processed,130501536,-161984.0
classifier_expander,slowheat_unidirectional,total_model_examples_processed,492612040,-161984.0
classifier_expander,slowheat_unidirectional,estimated_total_flops,2101606466,-99183223852594.0
classifier_expander,slowheat_unidirectional,estimated_total_flops,1872839281,-99183223852594.0
classifier_expander,slowheat_unidirectional,estimated_total_flops,637029796,-99183223852594.0
classifier_expander,slowheat_unidirectional,estimated_total_flops,1357204345,-99183223852594.0
classifier_expander,slowheat_unidirectional,estimated_total_flops,1758462037,-99183223852594.0
classifier_expander,slowheat_unidirectional,estimated_total_flops,748737880,-99183223852594.0
classifier_expander,slowheat_unidirectional,estimated_total_flops,1611510062,-99183223852594.0
classifier_expander,slowheat_unidirectional,estimated_total_flops,333205446,-99183223852594.0
classifier_expander,slowheat_unidirectional,estimated_total_flops,130501536,-99183223852594.0
classifier_expander,slowheat_unidirectional,estimated_total_flops,492612040,-99183223852594.0
classifier_expander,slowheat_unidirectional,estimated_overhead_flops,2101606466,16757731790.0
classifier_expander,slowheat_unidirectional,estimated_overhead_flops,1872839281,16757731790.0
classifier_expander,slowheat_unidirectional,estimated_overhead_flops,637029796,16757731790.0
classifier_expander,slowheat_unidirectional,estimated_overhead_flops,1357204345,16757731790.0
classifier_expander,slowheat_unidirectional,estimated_overhead_flops,1758462037,16757731790.0
classifier_expander,slowheat_unidirectional,estimated_overhead_flops,748737880,16757731790.0
classifier_expander,slowheat_unidirectional,estimated_overhead_flops,1611510062,16757731790.0
classifier_expander,slowheat_unidirectional,estimated_overhead_flops,333205446,16757731790.0
classifier_expander,slowheat_unidirectional,estimated_overhead_flops,130501536,16757731790.0
classifier_expander,slowheat_unidirectional,estimated_overhead_flops,492612040,16757731790.0
classifier_expander,slowheat_unidirectional,replay_memory_bytes,2101606466,-2459200.0
classifier_expander,slowheat_unidirectional,replay_memory_bytes,1872839281,-2459200.0
classifier_expander,slowheat_unidirectional,replay_memory_bytes,637029796,-2459200.0
classifier_expander,slowheat_unidirectional,replay_memory_bytes,1357204345,-2459200.0
classifier_expander,slowheat_unidirectional,replay_memory_bytes,1758462037,-2459200.0
classifier_expander,slowheat_unidirectional,replay_memory_bytes,748737880,-2459200.0
classifier_expander,slowheat_unidirectional,replay_memory_bytes,1611510062,-2459200.0
classifier_expander,slowheat_unidirectional,replay_memory_bytes,333205446,-2459200.0
classifier_expander,slowheat_unidirectional,replay_memory_bytes,130501536,-2459200.0
classifier_expander,slowheat_unidirectional,replay_memory_bytes,492612040,-2459200.0
classifier_expander,slowheat_unidirectional,stored_logits_bytes,2101606466,0.0
classifier_expander,slowheat_unidirectional,stored_logits_bytes,1872839281,0.0
classifier_expander,slowheat_unidirectional,stored_logits_bytes,637029796,0.0
classifier_expander,slowheat_unidirectional,stored_logits_bytes,1357204345,0.0
classifier_expander,slowheat_unidirectional,stored_logits_bytes,1758462037,0.0
classifier_expander,slowheat_unidirectional,stored_logits_bytes,748737880,0.0
classifier_expander,slowheat_unidirectional,stored_logits_bytes,1611510062,0.0
classifier_expander,slowheat_unidirectional,stored_logits_bytes,333205446,0.0
classifier_expander,slowheat_unidirectional,stored_logits_bytes,130501536,0.0
classifier_expander,slowheat_unidirectional,stored_logits_bytes,492612040,0.0
classifier_expander,slowheat_unidirectional,replay_metadata_bytes,2101606466,-6400.0
classifier_expander,slowheat_unidirectional,replay_metadata_bytes,1872839281,-6400.0
classifier_expander,slowheat_unidirectional,replay_metadata_bytes,637029796,-6400.0
classifier_expander,slowheat_unidirectional,replay_metadata_bytes,1357204345,-6400.0
classifier_expander,slowheat_unidirectional,replay_metadata_bytes,1758462037,-6400.0
classifier_expander,slowheat_unidirectional,replay_metadata_bytes,748737880,-6400.0
classifier_expander,slowheat_unidirectional,replay_metadata_bytes,1611510062,-6400.0
classifier_expander,slowheat_unidirectional,replay_metadata_bytes,333205446,-6400.0
classifier_expander,slowheat_unidirectional,replay_metadata_bytes,130501536,-6400.0
classifier_expander,slowheat_unidirectional,replay_metadata_bytes,492612040,-6400.0
classifier_expander,slowheat_unidirectional,selector_forward_examples,2101606466,0.0
classifier_expander,slowheat_unidirectional,selector_forward_examples,1872839281,0.0
classifier_expander,slowheat_unidirectional,selector_forward_examples,637029796,0.0
classifier_expander,slowheat_unidirectional,selector_forward_examples,1357204345,0.0
classifier_expander,slowheat_unidirectional,selector_forward_examples,1758462037,0.0
classifier_expander,slowheat_unidirectional,selector_forward_examples,748737880,0.0
classifier_expander,slowheat_unidirectional,selector_forward_examples,1611510062,0.0
classifier_expander,slowheat_unidirectional,selector_forward_examples,333205446,0.0
classifier_expander,slowheat_unidirectional,selector_forward_examples,130501536,0.0
classifier_expander,slowheat_unidirectional,selector_forward_examples,492612040,0.0
classifier_expander,slowheat_unidirectional,selection_seconds,2101606466,-0.013063927937764674
classifier_expander,slowheat_unidirectional,selection_seconds,1872839281,-0.012600816000485793
classifier_expander,slowheat_unidirectional,selection_seconds,637029796,-0.013212628022301942
classifier_expander,slowheat_unidirectional,selection_seconds,1357204345,-0.012773499998729676
classifier_expander,slowheat_unidirectional,selection_seconds,1758462037,-0.012705639994237572
classifier_expander,slowheat_unidirectional,selection_seconds,748737880,-0.012859380978625268
classifier_expander,slowheat_unidirectional,selection_seconds,1611510062,-0.013066220039036125
classifier_expander,slowheat_unidirectional,selection_seconds,333205446,-0.013259445986477658
classifier_expander,slowheat_unidirectional,selection_seconds,130501536,-0.013165321026463062
classifier_expander,slowheat_unidirectional,selection_seconds,492612040,-0.012819466996006668
classifier_expander,slowheat,final_average_accuracy,2101606466,-0.24050000000000005
classifier_expander,slowheat,final_average_accuracy,1872839281,-0.23340000000000008
classifier_expander,slowheat,final_average_accuracy,637029796,-0.2448000000000001
classifier_expander,slowheat,final_average_accuracy,1357204345,-0.25670000000000004
classifier_expander,slowheat,final_average_accuracy,1758462037,-0.22050000000000003
classifier_expander,slowheat,final_average_accuracy,748737880,-0.2542
classifier_expander,slowheat,final_average_accuracy,1611510062,-0.23900000000000005
classifier_expander,slowheat,final_average_accuracy,333205446,-0.25029999999999997
classifier_expander,slowheat,final_average_accuracy,130501536,-0.2293
classifier_expander,slowheat,final_average_accuracy,492612040,-0.26530000000000004
classifier_expander,slowheat,average_forgetting,2101606466,0.5306249999999999
classifier_expander,slowheat,average_forgetting,1872839281,0.515125
classifier_expander,slowheat,average_forgetting,637029796,0.605125
classifier_expander,slowheat,average_forgetting,1357204345,0.565625
classifier_expander,slowheat,average_forgetting,1758462037,0.512375
classifier_expander,slowheat,average_forgetting,748737880,0.6154999999999999
classifier_expander,slowheat,average_forgetting,1611510062,0.492125
classifier_expander,slowheat,average_forgetting,333205446,0.5475
classifier_expander,slowheat,average_forgetting,130501536,0.504375
classifier_expander,slowheat,average_forgetting,492612040,0.561375
classifier_expander,slowheat,backward_transfer,2101606466,-0.558125
classifier_expander,slowheat,backward_transfer,1872839281,-0.62775
classifier_expander,slowheat,backward_transfer,637029796,-0.775
classifier_expander,slowheat,backward_transfer,1357204345,-0.6022500000000001
classifier_expander,slowheat,backward_transfer,1758462037,-0.577125
classifier_expander,slowheat,backward_transfer,748737880,-0.65125
classifier_expander,slowheat,backward_transfer,1611510062,-0.543125
classifier_expander,slowheat,backward_transfer,333205446,-0.62975
classifier_expander,slowheat,backward_transfer,130501536,-0.504375
classifier_expander,slowheat,backward_transfer,492612040,-0.601625
classifier_expander,slowheat,forward_transfer,2101606466,0.0
classifier_expander,slowheat,forward_transfer,1872839281,0.0
classifier_expander,slowheat,forward_transfer,637029796,-0.0030000000000000027
classifier_expander,slowheat,forward_transfer,1357204345,-0.0005000000000000004
classifier_expander,slowheat,forward_transfer,1758462037,-0.000125
classifier_expander,slowheat,forward_transfer,748737880,0.0
classifier_expander,slowheat,forward_transfer,1611510062,0.0001250000000000001
classifier_expander,slowheat,forward_transfer,333205446,-0.004375000000000018
classifier_expander,slowheat,forward_transfer,130501536,0.000125
classifier_expander,slowheat,forward_transfer,492612040,0.0016249999999999876
classifier_expander,slowheat,task_aware_final_accuracy,2101606466,-0.3125000000000001
classifier_expander,slowheat,task_aware_final_accuracy,1872839281,-0.2586000000000003
classifier_expander,slowheat,task_aware_final_accuracy,637029796,-0.26059999999999994
classifier_expander,slowheat,task_aware_final_accuracy,1357204345,-0.2729999999999999
classifier_expander,slowheat,task_aware_final_accuracy,1758462037,-0.277
classifier_expander,slowheat,task_aware_final_accuracy,748737880,-0.245
classifier_expander,slowheat,task_aware_final_accuracy,1611510062,-0.27900000000000014
classifier_expander,slowheat,task_aware_final_accuracy,333205446,-0.2569999999999998
classifier_expander,slowheat,task_aware_final_accuracy,130501536,-0.238
classifier_expander,slowheat,task_aware_final_accuracy,492612040,-0.22329999999999994
classifier_expander,slowheat,task_aware_forgetting,2101606466,0.37112500000000004
classifier_expander,slowheat,task_aware_forgetting,1872839281,0.28837500000000005
classifier_expander,slowheat,task_aware_forgetting,637029796,0.307375
classifier_expander,slowheat,task_aware_forgetting,1357204345,0.312
classifier_expander,slowheat,task_aware_forgetting,1758462037,0.336625
classifier_expander,slowheat,task_aware_forgetting,748737880,0.278375
classifier_expander,slowheat,task_aware_forgetting,1611510062,0.315875
classifier_expander,slowheat,task_aware_forgetting,333205446,0.2905
classifier_expander,slowheat,task_aware_forgetting,130501536,0.259375
classifier_expander,slowheat,task_aware_forgetting,492612040,0.24924999999999997
classifier_expander,slowheat,classifier_gap,2101606466,-0.07200000000000006
classifier_expander,slowheat,classifier_gap,1872839281,-0.025200000000000222
classifier_expander,slowheat,classifier_gap,637029796,-0.015799999999999814
classifier_expander,slowheat,classifier_gap,1357204345,-0.01629999999999987
classifier_expander,slowheat,classifier_gap,1758462037,-0.056499999999999995
classifier_expander,slowheat,classifier_gap,748737880,0.009199999999999986
classifier_expander,slowheat,classifier_gap,1611510062,-0.04000000000000009
classifier_expander,slowheat,classifier_gap,333205446,-0.006699999999999817
classifier_expander,slowheat,classifier_gap,130501536,-0.008699999999999986
classifier_expander,slowheat,classifier_gap,492612040,0.04200000000000009
classifier_expander,slowheat,elapsed_seconds,2101606466,192.02839593301178
classifier_expander,slowheat,elapsed_seconds,1872839281,123.6446939840389
classifier_expander,slowheat,elapsed_seconds,637029796,176.77717999598826
classifier_expander,slowheat,elapsed_seconds,1357204345,11.940323631017236
classifier_expander,slowheat,elapsed_seconds,1758462037,19.45120326700271
classifier_expander,slowheat,elapsed_seconds,748737880,12.98416762202396
classifier_expander,slowheat,elapsed_seconds,1611510062,12.403165650001029
classifier_expander,slowheat,elapsed_seconds,333205446,9.523077066987753
classifier_expander,slowheat,elapsed_seconds,130501536,15.811912241013488
classifier_expander,slowheat,elapsed_seconds,492612040,11.471868218999589
classifier_expander,slowheat,learner_examples_processed,2101606466,-81344.0
classifier_expander,slowheat,learner_examples_processed,1872839281,-81344.0
classifier_expander,slowheat,learner_examples_processed,637029796,-81344.0
classifier_expander,slowheat,learner_examples_processed,1357204345,-81344.0
classifier_expander,slowheat,learner_examples_processed,1758462037,-81344.0
classifier_expander,slowheat,learner_examples_processed,748737880,-81344.0
classifier_expander,slowheat,learner_examples_processed,1611510062,-81344.0
classifier_expander,slowheat,learner_examples_processed,333205446,-81344.0
classifier_expander,slowheat,learner_examples_processed,130501536,-81344.0
classifier_expander,slowheat,learner_examples_processed,492612040,-81344.0
classifier_expander,slowheat,total_model_examples_processed,2101606466,-161984.0
classifier_expander,slowheat,total_model_examples_processed,1872839281,-161984.0
classifier_expander,slowheat,total_model_examples_processed,637029796,-161984.0
classifier_expander,slowheat,total_model_examples_processed,1357204345,-161984.0
classifier_expander,slowheat,total_model_examples_processed,1758462037,-161984.0
classifier_expander,slowheat,total_model_examples_processed,748737880,-161984.0
classifier_expander,slowheat,total_model_examples_processed,1611510062,-161984.0
classifier_expander,slowheat,total_model_examples_processed,333205446,-161984.0
classifier_expander,slowheat,total_model_examples_processed,130501536,-161984.0
classifier_expander,slowheat,total_model_examples_processed,492612040,-161984.0
classifier_expander,slowheat,estimated_total_flops,2101606466,-99183223852594.0
classifier_expander,slowheat,estimated_total_flops,1872839281,-99183223852594.0
classifier_expander,slowheat,estimated_total_flops,637029796,-99183223852594.0
classifier_expander,slowheat,estimated_total_flops,1357204345,-99183223852594.0
classifier_expander,slowheat,estimated_total_flops,1758462037,-99183223852594.0
classifier_expander,slowheat,estimated_total_flops,748737880,-99183223852594.0
classifier_expander,slowheat,estimated_total_flops,1611510062,-99183223852594.0
classifier_expander,slowheat,estimated_total_flops,333205446,-99183223852594.0
classifier_expander,slowheat,estimated_total_flops,130501536,-99183223852594.0
classifier_expander,slowheat,estimated_total_flops,492612040,-99183223852594.0
classifier_expander,slowheat,estimated_overhead_flops,2101606466,16757731790.0
classifier_expander,slowheat,estimated_overhead_flops,1872839281,16757731790.0
classifier_expander,slowheat,estimated_overhead_flops,637029796,16757731790.0
classifier_expander,slowheat,estimated_overhead_flops,1357204345,16757731790.0
classifier_expander,slowheat,estimated_overhead_flops,1758462037,16757731790.0
classifier_expander,slowheat,estimated_overhead_flops,748737880,16757731790.0
classifier_expander,slowheat,estimated_overhead_flops,1611510062,16757731790.0
classifier_expander,slowheat,estimated_overhead_flops,333205446,16757731790.0
classifier_expander,slowheat,estimated_overhead_flops,130501536,16757731790.0
classifier_expander,slowheat,estimated_overhead_flops,492612040,16757731790.0
classifier_expander,slowheat,replay_memory_bytes,2101606466,-2459200.0
classifier_expander,slowheat,replay_memory_bytes,1872839281,-2459200.0
classifier_expander,slowheat,replay_memory_bytes,637029796,-2459200.0
classifier_expander,slowheat,replay_memory_bytes,1357204345,-2459200.0
classifier_expander,slowheat,replay_memory_bytes,1758462037,-2459200.0
classifier_expander,slowheat,replay_memory_bytes,748737880,-2459200.0
classifier_expander,slowheat,replay_memory_bytes,1611510062,-2459200.0
classifier_expander,slowheat,replay_memory_bytes,333205446,-2459200.0
classifier_expander,slowheat,replay_memory_bytes,130501536,-2459200.0
classifier_expander,slowheat,replay_memory_bytes,492612040,-2459200.0
classifier_expander,slowheat,stored_logits_bytes,2101606466,0.0
classifier_expander,slowheat,stored_logits_bytes,1872839281,0.0
classifier_expander,slowheat,stored_logits_bytes,637029796,0.0
classifier_expander,slowheat,stored_logits_bytes,1357204345,0.0
classifier_expander,slowheat,stored_logits_bytes,1758462037,0.0
classifier_expander,slowheat,stored_logits_bytes,748737880,0.0
classifier_expander,slowheat,stored_logits_bytes,1611510062,0.0
classifier_expander,slowheat,stored_logits_bytes,333205446,0.0
classifier_expander,slowheat,stored_logits_bytes,130501536,0.0
classifier_expander,slowheat,stored_logits_bytes,492612040,0.0
classifier_expander,slowheat,replay_metadata_bytes,2101606466,-6400.0
classifier_expander,slowheat,replay_metadata_bytes,1872839281,-6400.0
classifier_expander,slowheat,replay_metadata_bytes,637029796,-6400.0
classifier_expander,slowheat,replay_metadata_bytes,1357204345,-6400.0
classifier_expander,slowheat,replay_metadata_bytes,1758462037,-6400.0
classifier_expander,slowheat,replay_metadata_bytes,748737880,-6400.0
classifier_expander,slowheat,replay_metadata_bytes,1611510062,-6400.0
classifier_expander,slowheat,replay_metadata_bytes,333205446,-6400.0
classifier_expander,slowheat,replay_metadata_bytes,130501536,-6400.0
classifier_expander,slowheat,replay_metadata_bytes,492612040,-6400.0
classifier_expander,slowheat,selector_forward_examples,2101606466,0.0
classifier_expander,slowheat,selector_forward_examples,1872839281,0.0
classifier_expander,slowheat,selector_forward_examples,637029796,0.0
classifier_expander,slowheat,selector_forward_examples,1357204345,0.0
classifier_expander,slowheat,selector_forward_examples,1758462037,0.0
classifier_expander,slowheat,selector_forward_examples,748737880,0.0
classifier_expander,slowheat,selector_forward_examples,1611510062,0.0
classifier_expander,slowheat,selector_forward_examples,333205446,0.0
classifier_expander,slowheat,selector_forward_examples,130501536,0.0
classifier_expander,slowheat,selector_forward_examples,492612040,0.0
classifier_expander,slowheat,selection_seconds,2101606466,-0.013063927937764674
classifier_expander,slowheat,selection_seconds,1872839281,-0.012600816000485793
classifier_expander,slowheat,selection_seconds,637029796,-0.013212628022301942
classifier_expander,slowheat,selection_seconds,1357204345,-0.012773499998729676
classifier_expander,slowheat,selection_seconds,1758462037,-0.012705639994237572
classifier_expander,slowheat,selection_seconds,748737880,-0.012859380978625268
classifier_expander,slowheat,selection_seconds,1611510062,-0.013066220039036125
classifier_expander,slowheat,selection_seconds,333205446,-0.013259445986477658
classifier_expander,slowheat,selection_seconds,130501536,-0.013165321026463062
classifier_expander,slowheat,selection_seconds,492612040,-0.012819466996006668
classifier_expander,hard_freeze,final_average_accuracy,2101606466,-0.27830000000000005
classifier_expander,hard_freeze,final_average_accuracy,1872839281,-0.25100000000000006
classifier_expander,hard_freeze,final_average_accuracy,637029796,-0.2916000000000001
classifier_expander,hard_freeze,final_average_accuracy,1357204345,-0.278
classifier_expander,hard_freeze,final_average_accuracy,1758462037,-0.2503000000000001
classifier_expander,hard_freeze,final_average_accuracy,748737880,-0.28919999999999996
classifier_expander,hard_freeze,final_average_accuracy,1611510062,-0.2624000000000001
classifier_expander,hard_freeze,final_average_accuracy,333205446,-0.27609999999999996
classifier_expander,hard_freeze,final_average_accuracy,130501536,-0.24200000000000002
classifier_expander,hard_freeze,final_average_accuracy,492612040,-0.2926000000000001
classifier_expander,hard_freeze,average_forgetting,2101606466,0.43675
classifier_expander,hard_freeze,average_forgetting,1872839281,0.41637500000000005
classifier_expander,hard_freeze,average_forgetting,637029796,0.5452500000000001
classifier_expander,hard_freeze,average_forgetting,1357204345,0.49375
classifier_expander,hard_freeze,average_forgetting,1758462037,0.3780000000000001
classifier_expander,hard_freeze,average_forgetting,748737880,0.507625
classifier_expander,hard_freeze,average_forgetting,1611510062,0.40662500000000007
classifier_expander,hard_freeze,average_forgetting,333205446,0.47824999999999995
classifier_expander,hard_freeze,average_forgetting,130501536,0.42200000000000004
classifier_expander,hard_freeze,average_forgetting,492612040,0.499
classifier_expander,hard_freeze,backward_transfer,2101606466,-0.46425
classifier_expander,hard_freeze,backward_transfer,1872839281,-0.529
classifier_expander,hard_freeze,backward_transfer,637029796,-0.7151250000000001
classifier_expander,hard_freeze,backward_transfer,1357204345,-0.530375
classifier_expander,hard_freeze,backward_transfer,1758462037,-0.4427500000000001
classifier_expander,hard_freeze,backward_transfer,748737880,-0.543375
classifier_expander,hard_freeze,backward_transfer,1611510062,-0.45762500000000006
classifier_expander,hard_freeze,backward_transfer,333205446,-0.5605
classifier_expander,hard_freeze,backward_transfer,130501536,-0.42200000000000004
classifier_expander,hard_freeze,backward_transfer,492612040,-0.53925
classifier_expander,hard_freeze,forward_transfer,2101606466,0.0
classifier_expander,hard_freeze,forward_transfer,1872839281,0.0
classifier_expander,hard_freeze,forward_transfer,637029796,-0.0023749999999999882
classifier_expander,hard_freeze,forward_transfer,1357204345,0.00037500000000000033
classifier_expander,hard_freeze,forward_transfer,1758462037,-0.000125
classifier_expander,hard_freeze,forward_transfer,748737880,0.000375
classifier_expander,hard_freeze,forward_transfer,1611510062,0.0006250000000000006
classifier_expander,hard_freeze,forward_transfer,333205446,-0.002375000000000016
classifier_expander,hard_freeze,forward_transfer,130501536,-0.000125
classifier_expander,hard_freeze,forward_transfer,492612040,0.0017499999999999738
classifier_expander,hard_freeze,task_aware_final_accuracy,2101606466,-0.21840000000000015
classifier_expander,hard_freeze,task_aware_final_accuracy,1872839281,-0.26970000000000016
classifier_expander,hard_freeze,task_aware_final_accuracy,637029796,-0.30479999999999996
classifier_expander,hard_freeze,task_aware_final_accuracy,1357204345,-0.3435999999999999
classifier_expander,hard_freeze,task_aware_final_accuracy,1758462037,-0.21889999999999998
classifier_expander,hard_freeze,task_aware_final_accuracy,748737880,-0.28470000000000006
classifier_expander,hard_freeze,task_aware_final_accuracy,1611510062,-0.29200000000000026
classifier_expander,hard_freeze,task_aware_final_accuracy,333205446,-0.29559999999999986
classifier_expander,hard_freeze,task_aware_final_accuracy,130501536,-0.2509
classifier_expander,hard_freeze,task_aware_final_accuracy,492612040,-0.2976
classifier_expander,hard_freeze,task_aware_forgetting,2101606466,0.11237500000000006
classifier_expander,hard_freeze,task_aware_forgetting,1872839281,0.19949999999999998
classifier_expander,hard_freeze,task_aware_forgetting,637029796,0.24425000000000002
classifier_expander,hard_freeze,task_aware_forgetting,1357204345,0.30187500000000006
classifier_expander,hard_freeze,task_aware_forgetting,1758462037,0.09362500000000001
classifier_expander,hard_freeze,task_aware_forgetting,748737880,0.176375
classifier_expander,hard_freeze,task_aware_forgetting,1611510062,0.21762499999999999
classifier_expander,hard_freeze,task_aware_forgetting,333205446,0.23724999999999996
classifier_expander,hard_freeze,task_aware_forgetting,130501536,0.177625
classifier_expander,hard_freeze,task_aware_forgetting,492612040,0.24562499999999998
classifier_expander,hard_freeze,classifier_gap,2101606466,0.0598999999999999
classifier_expander,hard_freeze,classifier_gap,1872839281,-0.018700000000000105
classifier_expander,hard_freeze,classifier_gap,637029796,-0.013199999999999878
classifier_expander,hard_freeze,classifier_gap,1357204345,-0.06559999999999988
classifier_expander,hard_freeze,classifier_gap,1758462037,0.03140000000000004
classifier_expander,hard_freeze,classifier_gap,748737880,0.004499999999999893
classifier_expander,hard_freeze,classifier_gap,1611510062,-0.02960000000000018
classifier_expander,hard_freeze,classifier_gap,333205446,-0.019499999999999906
classifier_expander,hard_freeze,classifier_gap,130501536,-0.008900000000000019
classifier_expander,hard_freeze,classifier_gap,492612040,-0.004999999999999949
classifier_expander,hard_freeze,elapsed_seconds,2101606466,197.16396437000367
classifier_expander,hard_freeze,elapsed_seconds,1872839281,127.59466552603408
classifier_expander,hard_freeze,elapsed_seconds,637029796,178.6044586400094
classifier_expander,hard_freeze,elapsed_seconds,1357204345,14.58894996199524
classifier_expander,hard_freeze,elapsed_seconds,1758462037,18.578637676982908
classifier_expander,hard_freeze,elapsed_seconds,748737880,11.657927057996858
classifier_expander,hard_freeze,elapsed_seconds,1611510062,12.087624501989922
classifier_expander,hard_freeze,elapsed_seconds,333205446,8.685165659990162
classifier_expander,hard_freeze,elapsed_seconds,130501536,15.273688932997175
classifier_expander,hard_freeze,elapsed_seconds,492612040,10.76731327502057
classifier_expander,hard_freeze,learner_examples_processed,2101606466,-81344.0
classifier_expander,hard_freeze,learner_examples_processed,1872839281,-81344.0
classifier_expander,hard_freeze,learner_examples_processed,637029796,-81344.0
classifier_expander,hard_freeze,learner_examples_processed,1357204345,-81344.0
classifier_expander,hard_freeze,learner_examples_processed,1758462037,-81344.0
classifier_expander,hard_freeze,learner_examples_processed,748737880,-81344.0
classifier_expander,hard_freeze,learner_examples_processed,1611510062,-81344.0
classifier_expander,hard_freeze,learner_examples_processed,333205446,-81344.0
classifier_expander,hard_freeze,learner_examples_processed,130501536,-81344.0
classifier_expander,hard_freeze,learner_examples_processed,492612040,-81344.0
classifier_expander,hard_freeze,total_model_examples_processed,2101606466,-161984.0
classifier_expander,hard_freeze,total_model_examples_processed,1872839281,-161984.0
classifier_expander,hard_freeze,total_model_examples_processed,637029796,-161984.0
classifier_expander,hard_freeze,total_model_examples_processed,1357204345,-161984.0
classifier_expander,hard_freeze,total_model_examples_processed,1758462037,-161984.0
classifier_expander,hard_freeze,total_model_examples_processed,748737880,-161984.0
classifier_expander,hard_freeze,total_model_examples_processed,1611510062,-161984.0
classifier_expander,hard_freeze,total_model_examples_processed,333205446,-161984.0
classifier_expander,hard_freeze,total_model_examples_processed,130501536,-161984.0
classifier_expander,hard_freeze,total_model_examples_processed,492612040,-161984.0
classifier_expander,hard_freeze,estimated_total_flops,2101606466,-99183223852594.0
classifier_expander,hard_freeze,estimated_total_flops,1872839281,-99183223852594.0
classifier_expander,hard_freeze,estimated_total_flops,637029796,-99183223852594.0
classifier_expander,hard_freeze,estimated_total_flops,1357204345,-99183223852594.0
classifier_expander,hard_freeze,estimated_total_flops,1758462037,-99183223852594.0
classifier_expander,hard_freeze,estimated_total_flops,748737880,-99183223852594.0
classifier_expander,hard_freeze,estimated_total_flops,1611510062,-99183223852594.0
classifier_expander,hard_freeze,estimated_total_flops,333205446,-99183223852594.0
classifier_expander,hard_freeze,estimated_total_flops,130501536,-99183223852594.0
classifier_expander,hard_freeze,estimated_total_flops,492612040,-99183223852594.0
classifier_expander,hard_freeze,estimated_overhead_flops,2101606466,16757731790.0
classifier_expander,hard_freeze,estimated_overhead_flops,1872839281,16757731790.0
classifier_expander,hard_freeze,estimated_overhead_flops,637029796,16757731790.0
classifier_expander,hard_freeze,estimated_overhead_flops,1357204345,16757731790.0
classifier_expander,hard_freeze,estimated_overhead_flops,1758462037,16757731790.0
classifier_expander,hard_freeze,estimated_overhead_flops,748737880,16757731790.0
classifier_expander,hard_freeze,estimated_overhead_flops,1611510062,16757731790.0
classifier_expander,hard_freeze,estimated_overhead_flops,333205446,16757731790.0
classifier_expander,hard_freeze,estimated_overhead_flops,130501536,16757731790.0
classifier_expander,hard_freeze,estimated_overhead_flops,492612040,16757731790.0
classifier_expander,hard_freeze,replay_memory_bytes,2101606466,-2459200.0
classifier_expander,hard_freeze,replay_memory_bytes,1872839281,-2459200.0
classifier_expander,hard_freeze,replay_memory_bytes,637029796,-2459200.0
classifier_expander,hard_freeze,replay_memory_bytes,1357204345,-2459200.0
classifier_expander,hard_freeze,replay_memory_bytes,1758462037,-2459200.0
classifier_expander,hard_freeze,replay_memory_bytes,748737880,-2459200.0
classifier_expander,hard_freeze,replay_memory_bytes,1611510062,-2459200.0
classifier_expander,hard_freeze,replay_memory_bytes,333205446,-2459200.0
classifier_expander,hard_freeze,replay_memory_bytes,130501536,-2459200.0
classifier_expander,hard_freeze,replay_memory_bytes,492612040,-2459200.0
classifier_expander,hard_freeze,stored_logits_bytes,2101606466,0.0
classifier_expander,hard_freeze,stored_logits_bytes,1872839281,0.0
classifier_expander,hard_freeze,stored_logits_bytes,637029796,0.0
classifier_expander,hard_freeze,stored_logits_bytes,1357204345,0.0
classifier_expander,hard_freeze,stored_logits_bytes,1758462037,0.0
classifier_expander,hard_freeze,stored_logits_bytes,748737880,0.0
classifier_expander,hard_freeze,stored_logits_bytes,1611510062,0.0
classifier_expander,hard_freeze,stored_logits_bytes,333205446,0.0
classifier_expander,hard_freeze,stored_logits_bytes,130501536,0.0
classifier_expander,hard_freeze,stored_logits_bytes,492612040,0.0
classifier_expander,hard_freeze,replay_metadata_bytes,2101606466,-6400.0
classifier_expander,hard_freeze,replay_metadata_bytes,1872839281,-6400.0
classifier_expander,hard_freeze,replay_metadata_bytes,637029796,-6400.0
classifier_expander,hard_freeze,replay_metadata_bytes,1357204345,-6400.0
classifier_expander,hard_freeze,replay_metadata_bytes,1758462037,-6400.0
classifier_expander,hard_freeze,replay_metadata_bytes,748737880,-6400.0
classifier_expander,hard_freeze,replay_metadata_bytes,1611510062,-6400.0
classifier_expander,hard_freeze,replay_metadata_bytes,333205446,-6400.0
classifier_expander,hard_freeze,replay_metadata_bytes,130501536,-6400.0
classifier_expander,hard_freeze,replay_metadata_bytes,492612040,-6400.0
classifier_expander,hard_freeze,selector_forward_examples,2101606466,0.0
classifier_expander,hard_freeze,selector_forward_examples,1872839281,0.0
classifier_expander,hard_freeze,selector_forward_examples,637029796,0.0
classifier_expander,hard_freeze,selector_forward_examples,1357204345,0.0
classifier_expander,hard_freeze,selector_forward_examples,1758462037,0.0
classifier_expander,hard_freeze,selector_forward_examples,748737880,0.0
classifier_expander,hard_freeze,selector_forward_examples,1611510062,0.0
classifier_expander,hard_freeze,selector_forward_examples,333205446,0.0
classifier_expander,hard_freeze,selector_forward_examples,130501536,0.0
classifier_expander,hard_freeze,selector_forward_examples,492612040,0.0
classifier_expander,hard_freeze,selection_seconds,2101606466,-0.013063927937764674
classifier_expander,hard_freeze,selection_seconds,1872839281,-0.012600816000485793
classifier_expander,hard_freeze,selection_seconds,637029796,-0.013212628022301942
classifier_expander,hard_freeze,selection_seconds,1357204345,-0.012773499998729676
classifier_expander,hard_freeze,selection_seconds,1758462037,-0.012705639994237572
classifier_expander,hard_freeze,selection_seconds,748737880,-0.012859380978625268
classifier_expander,hard_freeze,selection_seconds,1611510062,-0.013066220039036125
classifier_expander,hard_freeze,selection_seconds,333205446,-0.013259445986477658
classifier_expander,hard_freeze,selection_seconds,130501536,-0.013165321026463062
classifier_expander,hard_freeze,selection_seconds,492612040,-0.012819466996006668
classifier_expander,lpr,final_average_accuracy,2101606466,-0.19550000000000006
classifier_expander,lpr,final_average_accuracy,1872839281,-0.16750000000000004
classifier_expander,lpr,final_average_accuracy,637029796,-0.1928000000000001
classifier_expander,lpr,final_average_accuracy,1357204345,-0.197
classifier_expander,lpr,final_average_accuracy,1758462037,-0.17230000000000004
classifier_expander,lpr,final_average_accuracy,748737880,-0.19969999999999996
classifier_expander,lpr,final_average_accuracy,1611510062,-0.17300000000000004
classifier_expander,lpr,final_average_accuracy,333205446,-0.18249999999999994
classifier_expander,lpr,final_average_accuracy,130501536,-0.1631
classifier_expander,lpr,final_average_accuracy,492612040,-0.21180000000000004
classifier_expander,lpr,average_forgetting,2101606466,0.4918750000000001
classifier_expander,lpr,average_forgetting,1872839281,0.45237499999999997
classifier_expander,lpr,average_forgetting,637029796,0.5705
classifier_expander,lpr,average_forgetting,1357204345,0.508375
classifier_expander,lpr,average_forgetting,1758462037,0.46962500000000007
classifier_expander,lpr,average_forgetting,748737880,0.577625
classifier_expander,lpr,average_forgetting,1611510062,0.4280000000000001
classifier_expander,lpr,average_forgetting,333205446,0.485375
classifier_expander,lpr,average_forgetting,130501536,0.459375
classifier_expander,lpr,average_forgetting,492612040,0.526
classifier_expander,lpr,backward_transfer,2101606466,-0.5193750000000001
classifier_expander,lpr,backward_transfer,1872839281,-0.565
classifier_expander,lpr,backward_transfer,637029796,-0.740375
classifier_expander,lpr,backward_transfer,1357204345,-0.545
classifier_expander,lpr,backward_transfer,1758462037,-0.534375
classifier_expander,lpr,backward_transfer,748737880,-0.613375
classifier_expander,lpr,backward_transfer,1611510062,-0.4790000000000001
classifier_expander,lpr,backward_transfer,333205446,-0.567625
classifier_expander,lpr,backward_transfer,130501536,-0.459375
classifier_expander,lpr,backward_transfer,492612040,-0.56625
classifier_expander,lpr,forward_transfer,2101606466,0.0001250000000000001
classifier_expander,lpr,forward_transfer,1872839281,0.00025
classifier_expander,lpr,forward_transfer,637029796,-0.003124999999999989
classifier_expander,lpr,forward_transfer,1357204345,0.0001250000000000001
classifier_expander,lpr,forward_transfer,1758462037,-0.000125
classifier_expander,lpr,forward_transfer,748737880,0.0
classifier_expander,lpr,forward_transfer,1611510062,-0.0005000000000000004
classifier_expander,lpr,forward_transfer,333205446,-0.0062500000000000056
classifier_expander,lpr,forward_transfer,130501536,0.000125
classifier_expander,lpr,forward_transfer,492612040,0.0010000000000000009
classifier_expander,lpr,task_aware_final_accuracy,2101606466,-0.06120000000000003
classifier_expander,lpr,task_aware_final_accuracy,1872839281,-0.07140000000000013
classifier_expander,lpr,task_aware_final_accuracy,637029796,-0.07709999999999995
classifier_expander,lpr,task_aware_final_accuracy,1357204345,-0.08129999999999993
classifier_expander,lpr,task_aware_final_accuracy,1758462037,-0.05469999999999997
classifier_expander,lpr,task_aware_final_accuracy,748737880,-0.07720000000000005
classifier_expander,lpr,task_aware_final_accuracy,1611510062,-0.06450000000000022
classifier_expander,lpr,task_aware_final_accuracy,333205446,-0.07829999999999993
classifier_expander,lpr,task_aware_final_accuracy,130501536,-0.09719999999999995
classifier_expander,lpr,task_aware_final_accuracy,492612040,-0.06379999999999997
classifier_expander,lpr,task_aware_forgetting,2101606466,0.07512500000000008
classifier_expander,lpr,task_aware_forgetting,1872839281,0.07762500000000003
classifier_expander,lpr,task_aware_forgetting,637029796,0.10875000000000001
classifier_expander,lpr,task_aware_forgetting,1357204345,0.09062500000000004
classifier_expander,lpr,task_aware_forgetting,1758462037,0.07724999999999999
classifier_expander,lpr,task_aware_forgetting,748737880,0.09987499999999999
classifier_expander,lpr,task_aware_forgetting,1611510062,0.06787500000000002
classifier_expander,lpr,task_aware_forgetting,333205446,0.09124999999999997
classifier_expander,lpr,task_aware_forgetting,130501536,0.12187499999999996
classifier_expander,lpr,task_aware_forgetting,492612040,0.08174999999999996
classifier_expander,lpr,classifier_gap,2101606466,0.13430000000000009
classifier_expander,lpr,classifier_gap,1872839281,0.09609999999999985
classifier_expander,lpr,classifier_gap,637029796,0.11570000000000014
classifier_expander,lpr,classifier_gap,1357204345,0.11570000000000014
classifier_expander,lpr,classifier_gap,1758462037,0.1176000000000001
classifier_expander,lpr,classifier_gap,748737880,0.12249999999999994
classifier_expander,lpr,classifier_gap,1611510062,0.10849999999999987
classifier_expander,lpr,classifier_gap,333205446,0.10420000000000007
classifier_expander,lpr,classifier_gap,130501536,0.06590000000000007
classifier_expander,lpr,classifier_gap,492612040,0.14800000000000008
classifier_expander,lpr,elapsed_seconds,2101606466,16.864276392007014
classifier_expander,lpr,elapsed_seconds,1872839281,18.766869732004125
classifier_expander,lpr,elapsed_seconds,637029796,56.892405576014426
classifier_expander,lpr,elapsed_seconds,1357204345,12.968321652006125
classifier_expander,lpr,elapsed_seconds,1758462037,17.028936745977262
classifier_expander,lpr,elapsed_seconds,748737880,12.303074117022334
classifier_expander,lpr,elapsed_seconds,1611510062,12.08809859197936
classifier_expander,lpr,elapsed_seconds,333205446,13.127966907981317
classifier_expander,lpr,elapsed_seconds,130501536,14.6536771459796
classifier_expander,lpr,elapsed_seconds,492612040,12.67819697901723
classifier_expander,lpr,learner_examples_processed,2101606466,-704.0
classifier_expander,lpr,learner_examples_processed,1872839281,-704.0
classifier_expander,lpr,learner_examples_processed,637029796,-704.0
classifier_expander,lpr,learner_examples_processed,1357204345,-704.0
classifier_expander,lpr,learner_examples_processed,1758462037,-704.0
classifier_expander,lpr,learner_examples_processed,748737880,-704.0
classifier_expander,lpr,learner_examples_processed,1611510062,-704.0
classifier_expander,lpr,learner_examples_processed,333205446,-704.0
classifier_expander,lpr,learner_examples_processed,130501536,-704.0
classifier_expander,lpr,learner_examples_processed,492612040,-704.0
classifier_expander,lpr,total_model_examples_processed,2101606466,-80904.0
classifier_expander,lpr,total_model_examples_processed,1872839281,-80904.0
classifier_expander,lpr,total_model_examples_processed,637029796,-80904.0
classifier_expander,lpr,total_model_examples_processed,1357204345,-80904.0
classifier_expander,lpr,total_model_examples_processed,1758462037,-80904.0
classifier_expander,lpr,total_model_examples_processed,748737880,-80904.0
classifier_expander,lpr,total_model_examples_processed,1611510062,-80904.0
classifier_expander,lpr,total_model_examples_processed,333205446,-80904.0
classifier_expander,lpr,total_model_examples_processed,130501536,-80904.0
classifier_expander,lpr,total_model_examples_processed,492612040,-80904.0
classifier_expander,lpr,estimated_total_flops,2101606466,69964059646936.0
classifier_expander,lpr,estimated_total_flops,1872839281,69964059646936.0
classifier_expander,lpr,estimated_total_flops,637029796,69964059646936.0
classifier_expander,lpr,estimated_total_flops,1357204345,69964059646936.0
classifier_expander,lpr,estimated_total_flops,1758462037,69964059646936.0
classifier_expander,lpr,estimated_total_flops,748737880,69964059646936.0
classifier_expander,lpr,estimated_total_flops,1611510062,69964059646936.0
classifier_expander,lpr,estimated_total_flops,333205446,69964059646936.0
classifier_expander,lpr,estimated_total_flops,130501536,69964059646936.0
classifier_expander,lpr,estimated_total_flops,492612040,69964059646936.0
classifier_expander,lpr,estimated_overhead_flops,2101606466,95113591741400.0
classifier_expander,lpr,estimated_overhead_flops,1872839281,95113591741400.0
classifier_expander,lpr,estimated_overhead_flops,637029796,95113591741400.0
classifier_expander,lpr,estimated_overhead_flops,1357204345,95113591741400.0
classifier_expander,lpr,estimated_overhead_flops,1758462037,95113591741400.0
classifier_expander,lpr,estimated_overhead_flops,748737880,95113591741400.0
classifier_expander,lpr,estimated_overhead_flops,1611510062,95113591741400.0
classifier_expander,lpr,estimated_overhead_flops,333205446,95113591741400.0
classifier_expander,lpr,estimated_overhead_flops,130501536,95113591741400.0
classifier_expander,lpr,estimated_overhead_flops,492612040,95113591741400.0
classifier_expander,lpr,replay_memory_bytes,2101606466,0.0
classifier_expander,lpr,replay_memory_bytes,1872839281,0.0
classifier_expander,lpr,replay_memory_bytes,637029796,0.0
classifier_expander,lpr,replay_memory_bytes,1357204345,0.0
classifier_expander,lpr,replay_memory_bytes,1758462037,0.0
classifier_expander,lpr,replay_memory_bytes,748737880,0.0
classifier_expander,lpr,replay_memory_bytes,1611510062,0.0
classifier_expander,lpr,replay_memory_bytes,333205446,0.0
classifier_expander,lpr,replay_memory_bytes,130501536,0.0
classifier_expander,lpr,replay_memory_bytes,492612040,0.0
classifier_expander,lpr,stored_logits_bytes,2101606466,0.0
classifier_expander,lpr,stored_logits_bytes,1872839281,0.0
classifier_expander,lpr,stored_logits_bytes,637029796,0.0
classifier_expander,lpr,stored_logits_bytes,1357204345,0.0
classifier_expander,lpr,stored_logits_bytes,1758462037,0.0
classifier_expander,lpr,stored_logits_bytes,748737880,0.0
classifier_expander,lpr,stored_logits_bytes,1611510062,0.0
classifier_expander,lpr,stored_logits_bytes,333205446,0.0
classifier_expander,lpr,stored_logits_bytes,130501536,0.0
classifier_expander,lpr,stored_logits_bytes,492612040,0.0
classifier_expander,lpr,replay_metadata_bytes,2101606466,0.0
classifier_expander,lpr,replay_metadata_bytes,1872839281,0.0
classifier_expander,lpr,replay_metadata_bytes,637029796,0.0
classifier_expander,lpr,replay_metadata_bytes,1357204345,0.0
classifier_expander,lpr,replay_metadata_bytes,1758462037,0.0
classifier_expander,lpr,replay_metadata_bytes,748737880,0.0
classifier_expander,lpr,replay_metadata_bytes,1611510062,0.0
classifier_expander,lpr,replay_metadata_bytes,333205446,0.0
classifier_expander,lpr,replay_metadata_bytes,130501536,0.0
classifier_expander,lpr,replay_metadata_bytes,492612040,0.0
classifier_expander,lpr,selector_forward_examples,2101606466,0.0
classifier_expander,lpr,selector_forward_examples,1872839281,0.0
classifier_expander,lpr,selector_forward_examples,637029796,0.0
classifier_expander,lpr,selector_forward_examples,1357204345,0.0
classifier_expander,lpr,selector_forward_examples,1758462037,0.0
classifier_expander,lpr,selector_forward_examples,748737880,0.0
classifier_expander,lpr,selector_forward_examples,1611510062,0.0
classifier_expander,lpr,selector_forward_examples,333205446,0.0
classifier_expander,lpr,selector_forward_examples,130501536,0.0
classifier_expander,lpr,selector_forward_examples,492612040,0.0
classifier_expander,lpr,selection_seconds,2101606466,-0.00016769193462096155
classifier_expander,lpr,selection_seconds,1872839281,0.0008134069794323295
classifier_expander,lpr,selection_seconds,637029796,0.00086063495837152
classifier_expander,lpr,selection_seconds,1357204345,0.0006717990327160805
classifier_expander,lpr,selection_seconds,1758462037,0.000523828057339415
classifier_expander,lpr,selection_seconds,748737880,-0.00017200299771502614
classifier_expander,lpr,selection_seconds,1611510062,-0.0002992340596392751
classifier_expander,lpr,selection_seconds,333205446,-0.0004952149465680122
classifier_expander,lpr,selection_seconds,130501536,0.00019820101442746818
classifier_expander,lpr,selection_seconds,492612040,0.00038274703547358513
classifier_expander,slowheat_lpr,final_average_accuracy,2101606466,-0.14950000000000002
classifier_expander,slowheat_lpr,final_average_accuracy,1872839281,-0.13910000000000006
classifier_expander,slowheat_lpr,final_average_accuracy,637029796,-0.15860000000000007
classifier_expander,slowheat_lpr,final_average_accuracy,1357204345,-0.16390000000000005
classifier_expander,slowheat_lpr,final_average_accuracy,1758462037,-0.1386
classifier_expander,slowheat_lpr,final_average_accuracy,748737880,-0.18209999999999993
classifier_expander,slowheat_lpr,final_average_accuracy,1611510062,-0.1337000000000001
classifier_expander,slowheat_lpr,final_average_accuracy,333205446,-0.1449999999999999
classifier_expander,slowheat_lpr,final_average_accuracy,130501536,-0.14300000000000002
classifier_expander,slowheat_lpr,final_average_accuracy,492612040,-0.17709999999999998
classifier_expander,slowheat_lpr,average_forgetting,2101606466,0.429375
classifier_expander,slowheat_lpr,average_forgetting,1872839281,0.42525000000000013
classifier_expander,slowheat_lpr,average_forgetting,637029796,0.531
classifier_expander,slowheat_lpr,average_forgetting,1357204345,0.4617499999999999
classifier_expander,slowheat_lpr,average_forgetting,1758462037,0.420875
classifier_expander,slowheat_lpr,average_forgetting,748737880,0.55125
classifier_expander,slowheat_lpr,average_forgetting,1611510062,0.3781249999999999
classifier_expander,slowheat_lpr,average_forgetting,333205446,0.44099999999999995
classifier_expander,slowheat_lpr,average_forgetting,130501536,0.4238750000000001
classifier_expander,slowheat_lpr,average_forgetting,492612040,0.47850000000000004
classifier_expander,slowheat_lpr,backward_transfer,2101606466,-0.456875
classifier_expander,slowheat_lpr,backward_transfer,1872839281,-0.5378750000000001
classifier_expander,slowheat_lpr,backward_transfer,637029796,-0.700875
classifier_expander,slowheat_lpr,backward_transfer,1357204345,-0.4983749999999999
classifier_expander,slowheat_lpr,backward_transfer,1758462037,-0.485625
classifier_expander,slowheat_lpr,backward_transfer,748737880,-0.5870000000000001
classifier_expander,slowheat_lpr,backward_transfer,1611510062,-0.42912499999999987
classifier_expander,slowheat_lpr,backward_transfer,333205446,-0.52325
classifier_expander,slowheat_lpr,backward_transfer,130501536,-0.4238750000000001
classifier_expander,slowheat_lpr,backward_transfer,492612040,-0.51875
classifier_expander,slowheat_lpr,forward_transfer,2101606466,0.0
classifier_expander,slowheat_lpr,forward_transfer,1872839281,0.0
classifier_expander,slowheat_lpr,forward_transfer,637029796,-0.003124999999999989
classifier_expander,slowheat_lpr,forward_transfer,1357204345,0.0013750000000000012
classifier_expander,slowheat_lpr,forward_transfer,1758462037,-0.000125
classifier_expander,slowheat_lpr,forward_transfer,748737880,0.000375
classifier_expander,slowheat_lpr,forward_transfer,1611510062,-0.0002500000000000002
classifier_expander,slowheat_lpr,forward_transfer,333205446,-0.0050000000000000044
classifier_expander,slowheat_lpr,forward_transfer,130501536,0.00075
classifier_expander,slowheat_lpr,forward_transfer,492612040,0.0023749999999999882
classifier_expander,slowheat_lpr,task_aware_final_accuracy,2101606466,-0.04370000000000007
classifier_expander,slowheat_lpr,task_aware_final_accuracy,1872839281,-0.035700000000000176
classifier_expander,slowheat_lpr,task_aware_final_accuracy,637029796,-0.0817
classifier_expander,slowheat_lpr,task_aware_final_accuracy,1357204345,-0.08689999999999987
classifier_expander,slowheat_lpr,task_aware_final_accuracy,1758462037,-0.05259999999999998
classifier_expander,slowheat_lpr,task_aware_final_accuracy,748737880,-0.05910000000000004
classifier_expander,slowheat_lpr,task_aware_final_accuracy,1611510062,-0.055500000000000105
classifier_expander,slowheat_lpr,task_aware_final_accuracy,333205446,-0.09339999999999993
classifier_expander,slowheat_lpr,task_aware_final_accuracy,130501536,-0.06159999999999988
classifier_expander,slowheat_lpr,task_aware_final_accuracy,492612040,-0.04720000000000002
classifier_expander,slowheat_lpr,task_aware_forgetting,2101606466,0.04937500000000006
classifier_expander,slowheat_lpr,task_aware_forgetting,1872839281,0.040124999999999966
classifier_expander,slowheat_lpr,task_aware_forgetting,637029796,0.11925
classifier_expander,slowheat_lpr,task_aware_forgetting,1357204345,0.094
classifier_expander,slowheat_lpr,task_aware_forgetting,1758462037,0.06775
classifier_expander,slowheat_lpr,task_aware_forgetting,748737880,0.072625
classifier_expander,slowheat_lpr,task_aware_forgetting,1611510062,0.05600000000000005
classifier_expander,slowheat_lpr,task_aware_forgetting,333205446,0.11362500000000003
classifier_expander,slowheat_lpr,task_aware_forgetting,130501536,0.06812499999999999
classifier_expander,slowheat_lpr,task_aware_forgetting,492612040,0.058124999999999954
classifier_expander,slowheat_lpr,classifier_gap,2101606466,0.1057999999999999
classifier_expander,slowheat_lpr,classifier_gap,1872839281,0.10339999999999994
classifier_expander,slowheat_lpr,classifier_gap,637029796,0.07690000000000008
classifier_expander,slowheat_lpr,classifier_gap,1357204345,0.07700000000000018
classifier_expander,slowheat_lpr,classifier_gap,1758462037,0.08600000000000002
classifier_expander,slowheat_lpr,classifier_gap,748737880,0.12299999999999989
classifier_expander,slowheat_lpr,classifier_gap,1611510062,0.07819999999999999
classifier_expander,slowheat_lpr,classifier_gap,333205446,0.05159999999999998
classifier_expander,slowheat_lpr,classifier_gap,130501536,0.08140000000000014
classifier_expander,slowheat_lpr,classifier_gap,492612040,0.12989999999999996
classifier_expander,slowheat_lpr,elapsed_seconds,2101606466,175.0481826660107
classifier_expander,slowheat_lpr,elapsed_seconds,1872839281,239.4417340180371
classifier_expander,slowheat_lpr,elapsed_seconds,637029796,122.42311706100008
classifier_expander,slowheat_lpr,elapsed_seconds,1357204345,59.523478591028834
classifier_expander,slowheat_lpr,elapsed_seconds,1758462037,56.027875290979864
classifier_expander,slowheat_lpr,elapsed_seconds,748737880,53.226336631021695
classifier_expander,slowheat_lpr,elapsed_seconds,1611510062,54.23740038098185
classifier_expander,slowheat_lpr,elapsed_seconds,333205446,58.479829418007284
classifier_expander,slowheat_lpr,elapsed_seconds,130501536,59.499340465001296
classifier_expander,slowheat_lpr,elapsed_seconds,492612040,50.89228841799195
classifier_expander,slowheat_lpr,learner_examples_processed,2101606466,-704.0
classifier_expander,slowheat_lpr,learner_examples_processed,1872839281,-704.0
classifier_expander,slowheat_lpr,learner_examples_processed,637029796,-704.0
classifier_expander,slowheat_lpr,learner_examples_processed,1357204345,-704.0
classifier_expander,slowheat_lpr,learner_examples_processed,1758462037,-704.0
classifier_expander,slowheat_lpr,learner_examples_processed,748737880,-704.0
classifier_expander,slowheat_lpr,learner_examples_processed,1611510062,-704.0
classifier_expander,slowheat_lpr,learner_examples_processed,333205446,-704.0
classifier_expander,slowheat_lpr,learner_examples_processed,130501536,-704.0
classifier_expander,slowheat_lpr,learner_examples_processed,492612040,-704.0
classifier_expander,slowheat_lpr,total_model_examples_processed,2101606466,-80904.0
classifier_expander,slowheat_lpr,total_model_examples_processed,1872839281,-80904.0
classifier_expander,slowheat_lpr,total_model_examples_processed,637029796,-80904.0
classifier_expander,slowheat_lpr,total_model_examples_processed,1357204345,-80904.0
classifier_expander,slowheat_lpr,total_model_examples_processed,1758462037,-80904.0
classifier_expander,slowheat_lpr,total_model_examples_processed,748737880,-80904.0
classifier_expander,slowheat_lpr,total_model_examples_processed,1611510062,-80904.0
classifier_expander,slowheat_lpr,total_model_examples_processed,333205446,-80904.0
classifier_expander,slowheat_lpr,total_model_examples_processed,130501536,-80904.0
classifier_expander,slowheat_lpr,total_model_examples_processed,492612040,-80904.0
classifier_expander,slowheat_lpr,estimated_total_flops,2101606466,69981688919896.0
classifier_expander,slowheat_lpr,estimated_total_flops,1872839281,69981688919896.0
classifier_expander,slowheat_lpr,estimated_total_flops,637029796,69981688919896.0
classifier_expander,slowheat_lpr,estimated_total_flops,1357204345,69981688919896.0
classifier_expander,slowheat_lpr,estimated_total_flops,1758462037,69981688919896.0
classifier_expander,slowheat_lpr,estimated_total_flops,748737880,69981688919896.0
classifier_expander,slowheat_lpr,estimated_total_flops,1611510062,69981688919896.0
classifier_expander,slowheat_lpr,estimated_total_flops,333205446,69981688919896.0
classifier_expander,slowheat_lpr,estimated_total_flops,130501536,69981688919896.0
classifier_expander,slowheat_lpr,estimated_total_flops,492612040,69981688919896.0
classifier_expander,slowheat_lpr,estimated_overhead_flops,2101606466,95131221014360.0
classifier_expander,slowheat_lpr,estimated_overhead_flops,1872839281,95131221014360.0
classifier_expander,slowheat_lpr,estimated_overhead_flops,637029796,95131221014360.0
classifier_expander,slowheat_lpr,estimated_overhead_flops,1357204345,95131221014360.0
classifier_expander,slowheat_lpr,estimated_overhead_flops,1758462037,95131221014360.0
classifier_expander,slowheat_lpr,estimated_overhead_flops,748737880,95131221014360.0
classifier_expander,slowheat_lpr,estimated_overhead_flops,1611510062,95131221014360.0
classifier_expander,slowheat_lpr,estimated_overhead_flops,333205446,95131221014360.0
classifier_expander,slowheat_lpr,estimated_overhead_flops,130501536,95131221014360.0
classifier_expander,slowheat_lpr,estimated_overhead_flops,492612040,95131221014360.0
classifier_expander,slowheat_lpr,replay_memory_bytes,2101606466,0.0
classifier_expander,slowheat_lpr,replay_memory_bytes,1872839281,0.0
classifier_expander,slowheat_lpr,replay_memory_bytes,637029796,0.0
classifier_expander,slowheat_lpr,replay_memory_bytes,1357204345,0.0
classifier_expander,slowheat_lpr,replay_memory_bytes,1758462037,0.0
classifier_expander,slowheat_lpr,replay_memory_bytes,748737880,0.0
classifier_expander,slowheat_lpr,replay_memory_bytes,1611510062,0.0
classifier_expander,slowheat_lpr,replay_memory_bytes,333205446,0.0
classifier_expander,slowheat_lpr,replay_memory_bytes,130501536,0.0
classifier_expander,slowheat_lpr,replay_memory_bytes,492612040,0.0
classifier_expander,slowheat_lpr,stored_logits_bytes,2101606466,0.0
classifier_expander,slowheat_lpr,stored_logits_bytes,1872839281,0.0
classifier_expander,slowheat_lpr,stored_logits_bytes,637029796,0.0
classifier_expander,slowheat_lpr,stored_logits_bytes,1357204345,0.0
classifier_expander,slowheat_lpr,stored_logits_bytes,1758462037,0.0
classifier_expander,slowheat_lpr,stored_logits_bytes,748737880,0.0
classifier_expander,slowheat_lpr,stored_logits_bytes,1611510062,0.0
classifier_expander,slowheat_lpr,stored_logits_bytes,333205446,0.0
classifier_expander,slowheat_lpr,stored_logits_bytes,130501536,0.0
classifier_expander,slowheat_lpr,stored_logits_bytes,492612040,0.0
classifier_expander,slowheat_lpr,replay_metadata_bytes,2101606466,0.0
classifier_expander,slowheat_lpr,replay_metadata_bytes,1872839281,0.0
classifier_expander,slowheat_lpr,replay_metadata_bytes,637029796,0.0
classifier_expander,slowheat_lpr,replay_metadata_bytes,1357204345,0.0
classifier_expander,slowheat_lpr,replay_metadata_bytes,1758462037,0.0
classifier_expander,slowheat_lpr,replay_metadata_bytes,748737880,0.0
classifier_expander,slowheat_lpr,replay_metadata_bytes,1611510062,0.0
classifier_expander,slowheat_lpr,replay_metadata_bytes,333205446,0.0
classifier_expander,slowheat_lpr,replay_metadata_bytes,130501536,0.0
classifier_expander,slowheat_lpr,replay_metadata_bytes,492612040,0.0
classifier_expander,slowheat_lpr,selector_forward_examples,2101606466,0.0
classifier_expander,slowheat_lpr,selector_forward_examples,1872839281,0.0
classifier_expander,slowheat_lpr,selector_forward_examples,637029796,0.0
classifier_expander,slowheat_lpr,selector_forward_examples,1357204345,0.0
classifier_expander,slowheat_lpr,selector_forward_examples,1758462037,0.0
classifier_expander,slowheat_lpr,selector_forward_examples,748737880,0.0
classifier_expander,slowheat_lpr,selector_forward_examples,1611510062,0.0
classifier_expander,slowheat_lpr,selector_forward_examples,333205446,0.0
classifier_expander,slowheat_lpr,selector_forward_examples,130501536,0.0
classifier_expander,slowheat_lpr,selector_forward_examples,492612040,0.0
classifier_expander,slowheat_lpr,selection_seconds,2101606466,0.0004298660496715456
classifier_expander,slowheat_lpr,selection_seconds,1872839281,0.00032029501744545996
classifier_expander,slowheat_lpr,selection_seconds,637029796,6.208600825630128e-05
classifier_expander,slowheat_lpr,selection_seconds,1357204345,0.00011333596194162965
classifier_expander,slowheat_lpr,selection_seconds,1758462037,0.0005188410286791623
classifier_expander,slowheat_lpr,selection_seconds,748737880,-6.594497244805098e-05
classifier_expander,slowheat_lpr,selection_seconds,1611510062,-0.0001993250334635377
classifier_expander,slowheat_lpr,selection_seconds,333205446,0.00045803599641658366
classifier_expander,slowheat_lpr,selection_seconds,130501536,0.0005520159902516752
classifier_expander,slowheat_lpr,selection_seconds,492612040,-0.00021770002786070108
classifier_expander,slowheat_classifier_expander,final_average_accuracy,2101606466,0.03479999999999989
classifier_expander,slowheat_classifier_expander,final_average_accuracy,1872839281,-0.01870000000000005
classifier_expander,slowheat_classifier_expander,final_average_accuracy,637029796,0.0026999999999999247
classifier_expander,slowheat_classifier_expander,final_average_accuracy,1357204345,0.006899999999999906
classifier_expander,slowheat_classifier_expander,final_average_accuracy,1758462037,0.03620000000000001
classifier_expander,slowheat_classifier_expander,final_average_accuracy,748737880,0.006099999999999994
classifier_expander,slowheat_classifier_expander,final_average_accuracy,1611510062,0.02499999999999991
classifier_expander,slowheat_classifier_expander,final_average_accuracy,333205446,0.00830000000000003
classifier_expander,slowheat_classifier_expander,final_average_accuracy,130501536,-0.007900000000000018
classifier_expander,slowheat_classifier_expander,final_average_accuracy,492612040,0.023799999999999932
classifier_expander,slowheat_classifier_expander,average_forgetting,2101606466,-0.05087499999999995
classifier_expander,slowheat_classifier_expander,average_forgetting,1872839281,-0.06374999999999997
classifier_expander,slowheat_classifier_expander,average_forgetting,637029796,-0.016124999999999945
classifier_expander,slowheat_classifier_expander,average_forgetting,1357204345,-0.021874999999999978
classifier_expander,slowheat_classifier_expander,average_forgetting,1758462037,-0.09049999999999997
classifier_expander,slowheat_classifier_expander,average_forgetting,748737880,0.034999999999999976
classifier_expander,slowheat_classifier_expander,average_forgetting,1611510062,-0.12287499999999996
classifier_expander,slowheat_classifier_expander,average_forgetting,333205446,-0.037124999999999964
classifier_expander,slowheat_classifier_expander,average_forgetting,130501536,-0.07637500000000003
classifier_expander,slowheat_classifier_expander,average_forgetting,492612040,-0.052749999999999964
classifier_expander,slowheat_classifier_expander,backward_transfer,2101606466,0.24200000000000002
classifier_expander,slowheat_classifier_expander,backward_transfer,1872839281,0.176875
classifier_expander,slowheat_classifier_expander,backward_transfer,637029796,0.03049999999999997
classifier_expander,slowheat_classifier_expander,backward_transfer,1357204345,0.260375
classifier_expander,slowheat_classifier_expander,backward_transfer,1758462037,0.17662499999999998
classifier_expander,slowheat_classifier_expander,backward_transfer,748737880,0.09737499999999999
classifier_expander,slowheat_classifier_expander,backward_transfer,1611510062,0.31499999999999995
classifier_expander,slowheat_classifier_expander,backward_transfer,333205446,0.08324999999999996
classifier_expander,slowheat_classifier_expander,backward_transfer,130501536,0.265375
classifier_expander,slowheat_classifier_expander,backward_transfer,492612040,0.23537499999999995
classifier_expander,slowheat_classifier_expander,forward_transfer,2101606466,0.0
classifier_expander,slowheat_classifier_expander,forward_transfer,1872839281,0.0
classifier_expander,slowheat_classifier_expander,forward_transfer,637029796,-0.0030000000000000027
classifier_expander,slowheat_classifier_expander,forward_transfer,1357204345,0.0012500000000000011
classifier_expander,slowheat_classifier_expander,forward_transfer,1758462037,-0.000125
classifier_expander,slowheat_classifier_expander,forward_transfer,748737880,0.000125
classifier_expander,slowheat_classifier_expander,forward_transfer,1611510062,0.0002500000000000002
classifier_expander,slowheat_classifier_expander,forward_transfer,333205446,-0.0063750000000000195
classifier_expander,slowheat_classifier_expander,forward_transfer,130501536,0.0
classifier_expander,slowheat_classifier_expander,forward_transfer,492612040,0.0
classifier_expander,slowheat_classifier_expander,task_aware_final_accuracy,2101606466,0.018299999999999983
classifier_expander,slowheat_classifier_expander,task_aware_final_accuracy,1872839281,-0.005500000000000171
classifier_expander,slowheat_classifier_expander,task_aware_final_accuracy,637029796,0.0041999999999999815
classifier_expander,slowheat_classifier_expander,task_aware_final_accuracy,1357204345,-0.012199999999999878
classifier_expander,slowheat_classifier_expander,task_aware_final_accuracy,1758462037,0.028800000000000048
classifier_expander,slowheat_classifier_expander,task_aware_final_accuracy,748737880,0.02510000000000001
classifier_expander,slowheat_classifier_expander,task_aware_final_accuracy,1611510062,-0.0014000000000001789
classifier_expander,slowheat_classifier_expander,task_aware_final_accuracy,333205446,0.021400000000000086
classifier_expander,slowheat_classifier_expander,task_aware_final_accuracy,130501536,0.029900000000000038
classifier_expander,slowheat_classifier_expander,task_aware_final_accuracy,492612040,0.02080000000000015
classifier_expander,slowheat_classifier_expander,task_aware_forgetting,2101606466,-0.025874999999999954
classifier_expander,slowheat_classifier_expander,task_aware_forgetting,1872839281,0.003374999999999989
classifier_expander,slowheat_classifier_expander,task_aware_forgetting,637029796,0.004625000000000018
classifier_expander,slowheat_classifier_expander,task_aware_forgetting,1357204345,0.005874999999999991
classifier_expander,slowheat_classifier_expander,task_aware_forgetting,1758462037,-0.03637500000000002
classifier_expander,slowheat_classifier_expander,task_aware_forgetting,748737880,-0.023875000000000007
classifier_expander,slowheat_classifier_expander,task_aware_forgetting,1611510062,-0.0062500000000000056
classifier_expander,slowheat_classifier_expander,task_aware_forgetting,333205446,-0.03
classifier_expander,slowheat_classifier_expander,task_aware_forgetting,130501536,-0.033
classifier_expander,slowheat_classifier_expander,task_aware_forgetting,492612040,-0.024625000000000064
classifier_expander,slowheat_classifier_expander,classifier_gap,2101606466,-0.016499999999999904
classifier_expander,slowheat_classifier_expander,classifier_gap,1872839281,0.013199999999999878
classifier_expander,slowheat_classifier_expander,classifier_gap,637029796,0.0015000000000000568
classifier_expander,slowheat_classifier_expander,classifier_gap,1357204345,-0.019099999999999784
classifier_expander,slowheat_classifier_expander,classifier_gap,1758462037,-0.007399999999999962
classifier_expander,slowheat_classifier_expander,classifier_gap,748737880,0.019000000000000017
classifier_expander,slowheat_classifier_expander,classifier_gap,1611510062,-0.02640000000000009
classifier_expander,slowheat_classifier_expander,classifier_gap,333205446,0.013100000000000056
classifier_expander,slowheat_classifier_expander,classifier_gap,130501536,0.037800000000000056
classifier_expander,slowheat_classifier_expander,classifier_gap,492612040,-0.0029999999999997806
classifier_expander,slowheat_classifier_expander,elapsed_seconds,2101606466,160.026381003001
classifier_expander,slowheat_classifier_expander,elapsed_seconds,1872839281,142.6706899960118
classifier_expander,slowheat_classifier_expander,elapsed_seconds,637029796,21.95686647002003
classifier_expander,slowheat_classifier_expander,elapsed_seconds,1357204345,43.894206652999856
classifier_expander,slowheat_classifier_expander,elapsed_seconds,1758462037,38.90598772300291
classifier_expander,slowheat_classifier_expander,elapsed_seconds,748737880,38.75470597902313
classifier_expander,slowheat_classifier_expander,elapsed_seconds,1611510062,39.312416992965154
classifier_expander,slowheat_classifier_expander,elapsed_seconds,333205446,43.89280980601325
classifier_expander,slowheat_classifier_expander,elapsed_seconds,130501536,33.986889172985684
classifier_expander,slowheat_classifier_expander,elapsed_seconds,492612040,36.444873200001894
classifier_expander,slowheat_classifier_expander,learner_examples_processed,2101606466,0.0
classifier_expander,slowheat_classifier_expander,learner_examples_processed,1872839281,0.0
classifier_expander,slowheat_classifier_expander,learner_examples_processed,637029796,0.0
classifier_expander,slowheat_classifier_expander,learner_examples_processed,1357204345,0.0
classifier_expander,slowheat_classifier_expander,learner_examples_processed,1758462037,0.0
classifier_expander,slowheat_classifier_expander,learner_examples_processed,748737880,0.0
classifier_expander,slowheat_classifier_expander,learner_examples_processed,1611510062,0.0
classifier_expander,slowheat_classifier_expander,learner_examples_processed,333205446,0.0
classifier_expander,slowheat_classifier_expander,learner_examples_processed,130501536,0.0
classifier_expander,slowheat_classifier_expander,learner_examples_processed,492612040,0.0
classifier_expander,slowheat_classifier_expander,total_model_examples_processed,2101606466,0.0
classifier_expander,slowheat_classifier_expander,total_model_examples_processed,1872839281,0.0
classifier_expander,slowheat_classifier_expander,total_model_examples_processed,637029796,0.0
classifier_expander,slowheat_classifier_expander,total_model_examples_processed,1357204345,0.0
classifier_expander,slowheat_classifier_expander,total_model_examples_processed,1758462037,0.0
classifier_expander,slowheat_classifier_expander,total_model_examples_processed,748737880,0.0
classifier_expander,slowheat_classifier_expander,total_model_examples_processed,1611510062,0.0
classifier_expander,slowheat_classifier_expander,total_model_examples_processed,333205446,0.0
classifier_expander,slowheat_classifier_expander,total_model_examples_processed,130501536,0.0
classifier_expander,slowheat_classifier_expander,total_model_examples_processed,492612040,0.0
classifier_expander,slowheat_classifier_expander,estimated_total_flops,2101606466,17629272960.0
classifier_expander,slowheat_classifier_expander,estimated_total_flops,1872839281,17629272960.0
classifier_expander,slowheat_classifier_expander,estimated_total_flops,637029796,17629272960.0
classifier_expander,slowheat_classifier_expander,estimated_total_flops,1357204345,17629272960.0
classifier_expander,slowheat_classifier_expander,estimated_total_flops,1758462037,17629272960.0
classifier_expander,slowheat_classifier_expander,estimated_total_flops,748737880,17629272960.0
classifier_expander,slowheat_classifier_expander,estimated_total_flops,1611510062,17629272960.0
classifier_expander,slowheat_classifier_expander,estimated_total_flops,333205446,17629272960.0
classifier_expander,slowheat_classifier_expander,estimated_total_flops,130501536,17629272960.0
classifier_expander,slowheat_classifier_expander,estimated_total_flops,492612040,17629272960.0
classifier_expander,slowheat_classifier_expander,estimated_overhead_flops,2101606466,17629272960.0
classifier_expander,slowheat_classifier_expander,estimated_overhead_flops,1872839281,17629272960.0
classifier_expander,slowheat_classifier_expander,estimated_overhead_flops,637029796,17629272960.0
classifier_expander,slowheat_classifier_expander,estimated_overhead_flops,1357204345,17629272960.0
classifier_expander,slowheat_classifier_expander,estimated_overhead_flops,1758462037,17629272960.0
classifier_expander,slowheat_classifier_expander,estimated_overhead_flops,748737880,17629272960.0
classifier_expander,slowheat_classifier_expander,estimated_overhead_flops,1611510062,17629272960.0
classifier_expander,slowheat_classifier_expander,estimated_overhead_flops,333205446,17629272960.0
classifier_expander,slowheat_classifier_expander,estimated_overhead_flops,130501536,17629272960.0
classifier_expander,slowheat_classifier_expander,estimated_overhead_flops,492612040,17629272960.0
classifier_expander,slowheat_classifier_expander,replay_memory_bytes,2101606466,0.0
classifier_expander,slowheat_classifier_expander,replay_memory_bytes,1872839281,0.0
classifier_expander,slowheat_classifier_expander,replay_memory_bytes,637029796,0.0
classifier_expander,slowheat_classifier_expander,replay_memory_bytes,1357204345,0.0
classifier_expander,slowheat_classifier_expander,replay_memory_bytes,1758462037,0.0
classifier_expander,slowheat_classifier_expander,replay_memory_bytes,748737880,0.0
classifier_expander,slowheat_classifier_expander,replay_memory_bytes,1611510062,0.0
classifier_expander,slowheat_classifier_expander,replay_memory_bytes,333205446,0.0
classifier_expander,slowheat_classifier_expander,replay_memory_bytes,130501536,0.0
classifier_expander,slowheat_classifier_expander,replay_memory_bytes,492612040,0.0
classifier_expander,slowheat_classifier_expander,stored_logits_bytes,2101606466,0.0
classifier_expander,slowheat_classifier_expander,stored_logits_bytes,1872839281,0.0
classifier_expander,slowheat_classifier_expander,stored_logits_bytes,637029796,0.0
classifier_expander,slowheat_classifier_expander,stored_logits_bytes,1357204345,0.0
classifier_expander,slowheat_classifier_expander,stored_logits_bytes,1758462037,0.0
classifier_expander,slowheat_classifier_expander,stored_logits_bytes,748737880,0.0
classifier_expander,slowheat_classifier_expander,stored_logits_bytes,1611510062,0.0
classifier_expander,slowheat_classifier_expander,stored_logits_bytes,333205446,0.0
classifier_expander,slowheat_classifier_expander,stored_logits_bytes,130501536,0.0
classifier_expander,slowheat_classifier_expander,stored_logits_bytes,492612040,0.0
classifier_expander,slowheat_classifier_expander,replay_metadata_bytes,2101606466,0.0
classifier_expander,slowheat_classifier_expander,replay_metadata_bytes,1872839281,0.0
classifier_expander,slowheat_classifier_expander,replay_metadata_bytes,637029796,0.0
classifier_expander,slowheat_classifier_expander,replay_metadata_bytes,1357204345,0.0
classifier_expander,slowheat_classifier_expander,replay_metadata_bytes,1758462037,0.0
classifier_expander,slowheat_classifier_expander,replay_metadata_bytes,748737880,0.0
classifier_expander,slowheat_classifier_expander,replay_metadata_bytes,1611510062,0.0
classifier_expander,slowheat_classifier_expander,replay_metadata_bytes,333205446,0.0
classifier_expander,slowheat_classifier_expander,replay_metadata_bytes,130501536,0.0
classifier_expander,slowheat_classifier_expander,replay_metadata_bytes,492612040,0.0
classifier_expander,slowheat_classifier_expander,selector_forward_examples,2101606466,0.0
classifier_expander,slowheat_classifier_expander,selector_forward_examples,1872839281,0.0
classifier_expander,slowheat_classifier_expander,selector_forward_examples,637029796,0.0
classifier_expander,slowheat_classifier_expander,selector_forward_examples,1357204345,0.0
classifier_expander,slowheat_classifier_expander,selector_forward_examples,1758462037,0.0
classifier_expander,slowheat_classifier_expander,selector_forward_examples,748737880,0.0
classifier_expander,slowheat_classifier_expander,selector_forward_examples,1611510062,0.0
classifier_expander,slowheat_classifier_expander,selector_forward_examples,333205446,0.0
classifier_expander,slowheat_classifier_expander,selector_forward_examples,130501536,0.0
classifier_expander,slowheat_classifier_expander,selector_forward_examples,492612040,0.0
classifier_expander,slowheat_classifier_expander,selection_seconds,2101606466,0.0011689290404319763
classifier_expander,slowheat_classifier_expander,selection_seconds,1872839281,0.0006897540006320924
classifier_expander,slowheat_classifier_expander,selection_seconds,637029796,-0.00013910201960243285
classifier_expander,slowheat_classifier_expander,selection_seconds,1357204345,3.1452946132048965e-05
classifier_expander,slowheat_classifier_expander,selection_seconds,1758462037,0.00029029001598246396
classifier_expander,slowheat_classifier_expander,selection_seconds,748737880,0.0009625800885260105
classifier_expander,slowheat_classifier_expander,selection_seconds,1611510062,0.0003521919425111264
classifier_expander,slowheat_classifier_expander,selection_seconds,333205446,-0.00022815095144324005
classifier_expander,slowheat_classifier_expander,selection_seconds,130501536,6.997893797233701e-05
classifier_expander,slowheat_classifier_expander,selection_seconds,492612040,0.0006847669719718397
classifier_expander,scroll,final_average_accuracy,2101606466,-0.32830000000000004
classifier_expander,scroll,final_average_accuracy,1872839281,-0.2684000000000001
classifier_expander,scroll,final_average_accuracy,637029796,-0.3123000000000001
classifier_expander,scroll,final_average_accuracy,1357204345,-0.33610000000000007
classifier_expander,scroll,final_average_accuracy,1758462037,-0.23270000000000005
classifier_expander,scroll,final_average_accuracy,748737880,-0.3367
classifier_expander,scroll,final_average_accuracy,1611510062,-0.2614000000000001
classifier_expander,scroll,final_average_accuracy,333205446,-0.31339999999999996
classifier_expander,scroll,final_average_accuracy,130501536,-0.294
classifier_expander,scroll,final_average_accuracy,492612040,-0.3199000000000001
classifier_expander,scroll,average_forgetting,2101606466,0.0030000000000000027
classifier_expander,scroll,average_forgetting,1872839281,0.08350000000000002
classifier_expander,scroll,average_forgetting,637029796,0.03825000000000006
classifier_expander,scroll,average_forgetting,1357204345,0.13837500000000003
classifier_expander,scroll,average_forgetting,1758462037,-0.06499999999999995
classifier_expander,scroll,average_forgetting,748737880,0.030500000000000027
classifier_expander,scroll,average_forgetting,1611510062,-0.09674999999999995
classifier_expander,scroll,average_forgetting,333205446,-0.015874999999999972
classifier_expander,scroll,average_forgetting,130501536,-0.13475
classifier_expander,scroll,average_forgetting,492612040,0.10575000000000001
classifier_expander,scroll,backward_transfer,2101606466,0.04650000000000004
classifier_expander,scroll,backward_transfer,1872839281,-0.12774999999999995
classifier_expander,scroll,backward_transfer,637029796,-0.137
classifier_expander,scroll,backward_transfer,1357204345,-0.04150000000000004
classifier_expander,scroll,backward_transfer,1758462037,0.10937499999999997
classifier_expander,scroll,backward_transfer,748737880,-0.06625
classifier_expander,scroll,backward_transfer,1611510062,0.06362499999999999
classifier_expander,scroll,backward_transfer,333205446,0.03587499999999996
classifier_expander,scroll,backward_transfer,130501536,0.186875
classifier_expander,scroll,backward_transfer,492612040,-0.04087500000000005
classifier_expander,scroll,forward_transfer,2101606466,0.0
classifier_expander,scroll,forward_transfer,1872839281,0.0
classifier_expander,scroll,forward_transfer,637029796,-0.003124999999999989
classifier_expander,scroll,forward_transfer,1357204345,-0.0016250000000000014
classifier_expander,scroll,forward_transfer,1758462037,-0.000125
classifier_expander,scroll,forward_transfer,748737880,0.0
classifier_expander,scroll,forward_transfer,1611510062,-0.0007500000000000007
classifier_expander,scroll,forward_transfer,333205446,-0.007500000000000007
classifier_expander,scroll,forward_transfer,130501536,-0.000125
classifier_expander,scroll,forward_transfer,492612040,-0.001375000000000015
classifier_expander,scroll,task_aware_final_accuracy,2101606466,-0.3206000000000001
classifier_expander,scroll,task_aware_final_accuracy,1872839281,-0.27470000000000006
classifier_expander,scroll,task_aware_final_accuracy,637029796,-0.3256
classifier_expander,scroll,task_aware_final_accuracy,1357204345,-0.36039999999999994
classifier_expander,scroll,task_aware_final_accuracy,1758462037,-0.24109999999999998
classifier_expander,scroll,task_aware_final_accuracy,748737880,-0.3275
classifier_expander,scroll,task_aware_final_accuracy,1611510062,-0.33630000000000015
classifier_expander,scroll,task_aware_final_accuracy,333205446,-0.3346999999999998
classifier_expander,scroll,task_aware_final_accuracy,130501536,-0.2667999999999999
classifier_expander,scroll,task_aware_final_accuracy,492612040,-0.32399999999999984
classifier_expander,scroll,task_aware_forgetting,2101606466,0.015750000000000056
classifier_expander,scroll,task_aware_forgetting,1872839281,0.051249999999999976
classifier_expander,scroll,task_aware_forgetting,637029796,0.05137500000000003
classifier_expander,scroll,task_aware_forgetting,1357204345,0.04837500000000003
classifier_expander,scroll,task_aware_forgetting,1758462037,0.027500000000000052
classifier_expander,scroll,task_aware_forgetting,748737880,0.024249999999999994
classifier_expander,scroll,task_aware_forgetting,1611510062,0.031000000000000028
classifier_expander,scroll,task_aware_forgetting,333205446,0.041499999999999995
classifier_expander,scroll,task_aware_forgetting,130501536,-0.008250000000000021
classifier_expander,scroll,task_aware_forgetting,492612040,0.019624999999999948
classifier_expander,scroll,classifier_gap,2101606466,0.007699999999999929
classifier_expander,scroll,classifier_gap,1872839281,-0.006299999999999972
classifier_expander,scroll,classifier_gap,637029796,-0.013299999999999923
classifier_expander,scroll,classifier_gap,1357204345,-0.024299999999999877
classifier_expander,scroll,classifier_gap,1758462037,-0.008399999999999908
classifier_expander,scroll,classifier_gap,748737880,0.009199999999999986
classifier_expander,scroll,classifier_gap,1611510062,-0.07490000000000013
classifier_expander,scroll,classifier_gap,333205446,-0.02129999999999982
classifier_expander,scroll,classifier_gap,130501536,0.027200000000000057
classifier_expander,scroll,classifier_gap,492612040,-0.0040999999999997705
classifier_expander,scroll,elapsed_seconds,2101606466,-78.0192557349801
classifier_expander,scroll,elapsed_seconds,1872839281,-93.54668388696155
classifier_expander,scroll,elapsed_seconds,637029796,-42.27092549097142
classifier_expander,scroll,elapsed_seconds,1357204345,-67.54545857099583
classifier_expander,scroll,elapsed_seconds,1758462037,-64.17461862901109
classifier_expander,scroll,elapsed_seconds,748737880,-64.17887861398049
classifier_expander,scroll,elapsed_seconds,1611510062,-64.90484579402255
classifier_expander,scroll,elapsed_seconds,333205446,-67.28910950597492
classifier_expander,scroll,elapsed_seconds,130501536,-67.10603858999093
classifier_expander,scroll,elapsed_seconds,492612040,-63.908882765012095
classifier_expander,scroll,learner_examples_processed,2101606466,-241856.0
classifier_expander,scroll,learner_examples_processed,1872839281,-241856.0
classifier_expander,scroll,learner_examples_processed,637029796,-241856.0
classifier_expander,scroll,learner_examples_processed,1357204345,-241856.0
classifier_expander,scroll,learner_examples_processed,1758462037,-241856.0
classifier_expander,scroll,learner_examples_processed,748737880,-241856.0
classifier_expander,scroll,learner_examples_processed,1611510062,-241856.0
classifier_expander,scroll,learner_examples_processed,333205446,-241856.0
classifier_expander,scroll,learner_examples_processed,130501536,-241856.0
classifier_expander,scroll,learner_examples_processed,492612040,-241856.0
classifier_expander,scroll,total_model_examples_processed,2101606466,-282496.0
classifier_expander,scroll,total_model_examples_processed,1872839281,-282496.0
classifier_expander,scroll,total_model_examples_processed,637029796,-282496.0
classifier_expander,scroll,total_model_examples_processed,1357204345,-282496.0
classifier_expander,scroll,total_model_examples_processed,1758462037,-282496.0
classifier_expander,scroll,total_model_examples_processed,748737880,-282496.0
classifier_expander,scroll,total_model_examples_processed,1611510062,-282496.0
classifier_expander,scroll,total_model_examples_processed,333205446,-282496.0
classifier_expander,scroll,total_model_examples_processed,130501536,-282496.0
classifier_expander,scroll,total_model_examples_processed,492612040,-282496.0
classifier_expander,scroll,estimated_total_flops,2101606466,-234084752730491.0
classifier_expander,scroll,estimated_total_flops,1872839281,-234084752730491.0
classifier_expander,scroll,estimated_total_flops,637029796,-234084752730491.0
classifier_expander,scroll,estimated_total_flops,1357204345,-234084752730491.0
classifier_expander,scroll,estimated_total_flops,1758462037,-234084752730491.0
classifier_expander,scroll,estimated_total_flops,748737880,-234084752730491.0
classifier_expander,scroll,estimated_total_flops,1611510062,-234084752730491.0
classifier_expander,scroll,estimated_total_flops,333205446,-234084752730491.0
classifier_expander,scroll,estimated_total_flops,130501536,-234084752730491.0
classifier_expander,scroll,estimated_total_flops,492612040,-234084752730491.0
classifier_expander,scroll,estimated_overhead_flops,2101606466,21728548485.0
classifier_expander,scroll,estimated_overhead_flops,1872839281,21728548485.0
classifier_expander,scroll,estimated_overhead_flops,637029796,21728548485.0
classifier_expander,scroll,estimated_overhead_flops,1357204345,21728548485.0
classifier_expander,scroll,estimated_overhead_flops,1758462037,21728548485.0
classifier_expander,scroll,estimated_overhead_flops,748737880,21728548485.0
classifier_expander,scroll,estimated_overhead_flops,1611510062,21728548485.0
classifier_expander,scroll,estimated_overhead_flops,333205446,21728548485.0
classifier_expander,scroll,estimated_overhead_flops,130501536,21728548485.0
classifier_expander,scroll,estimated_overhead_flops,492612040,21728548485.0
classifier_expander,scroll,replay_memory_bytes,2101606466,0.0
classifier_expander,scroll,replay_memory_bytes,1872839281,0.0
classifier_expander,scroll,replay_memory_bytes,637029796,0.0
classifier_expander,scroll,replay_memory_bytes,1357204345,0.0
classifier_expander,scroll,replay_memory_bytes,1758462037,0.0
classifier_expander,scroll,replay_memory_bytes,748737880,0.0
classifier_expander,scroll,replay_memory_bytes,1611510062,0.0
classifier_expander,scroll,replay_memory_bytes,333205446,0.0
classifier_expander,scroll,replay_memory_bytes,130501536,0.0
classifier_expander,scroll,replay_memory_bytes,492612040,0.0
classifier_expander,scroll,stored_logits_bytes,2101606466,0.0
classifier_expander,scroll,stored_logits_bytes,1872839281,0.0
classifier_expander,scroll,stored_logits_bytes,637029796,0.0
classifier_expander,scroll,stored_logits_bytes,1357204345,0.0
classifier_expander,scroll,stored_logits_bytes,1758462037,0.0
classifier_expander,scroll,stored_logits_bytes,748737880,0.0
classifier_expander,scroll,stored_logits_bytes,1611510062,0.0
classifier_expander,scroll,stored_logits_bytes,333205446,0.0
classifier_expander,scroll,stored_logits_bytes,130501536,0.0
classifier_expander,scroll,stored_logits_bytes,492612040,0.0
classifier_expander,scroll,replay_metadata_bytes,2101606466,0.0
classifier_expander,scroll,replay_metadata_bytes,1872839281,0.0
classifier_expander,scroll,replay_metadata_bytes,637029796,0.0
classifier_expander,scroll,replay_metadata_bytes,1357204345,0.0
classifier_expander,scroll,replay_metadata_bytes,1758462037,0.0
classifier_expander,scroll,replay_metadata_bytes,748737880,0.0
classifier_expander,scroll,replay_metadata_bytes,1611510062,0.0
classifier_expander,scroll,replay_metadata_bytes,333205446,0.0
classifier_expander,scroll,replay_metadata_bytes,130501536,0.0
classifier_expander,scroll,replay_metadata_bytes,492612040,0.0
classifier_expander,scroll,selector_forward_examples,2101606466,0.0
classifier_expander,scroll,selector_forward_examples,1872839281,0.0
classifier_expander,scroll,selector_forward_examples,637029796,0.0
classifier_expander,scroll,selector_forward_examples,1357204345,0.0
classifier_expander,scroll,selector_forward_examples,1758462037,0.0
classifier_expander,scroll,selector_forward_examples,748737880,0.0
classifier_expander,scroll,selector_forward_examples,1611510062,0.0
classifier_expander,scroll,selector_forward_examples,333205446,0.0
classifier_expander,scroll,selector_forward_examples,130501536,0.0
classifier_expander,scroll,selector_forward_examples,492612040,0.0
classifier_expander,scroll,selection_seconds,2101606466,-0.0001890689309220761
classifier_expander,scroll,selection_seconds,1872839281,0.00021297202329151332
classifier_expander,scroll,selection_seconds,637029796,0.0004248949990142137
classifier_expander,scroll,selection_seconds,1357204345,0.0014178039855323732
classifier_expander,scroll,selection_seconds,1758462037,0.0001920820213854313
classifier_expander,scroll,selection_seconds,748737880,-0.00024252795265056193
classifier_expander,scroll,selection_seconds,1611510062,-0.00037681605317629874
classifier_expander,scroll,selection_seconds,333205446,-0.00045074199442751706
classifier_expander,scroll,selection_seconds,130501536,-0.00010177600779570639
classifier_expander,scroll,selection_seconds,492612040,8.744600927457213e-05
classifier_expander,slowheat_scroll,final_average_accuracy,2101606466,-0.1684
classifier_expander,slowheat_scroll,final_average_accuracy,1872839281,-0.22880000000000006
classifier_expander,slowheat_scroll,final_average_accuracy,637029796,-0.2314000000000001
classifier_expander,slowheat_scroll,final_average_accuracy,1357204345,-0.19619999999999999
classifier_expander,slowheat_scroll,final_average_accuracy,1758462037,-0.14590000000000003
classifier_expander,slowheat_scroll,final_average_accuracy,748737880,-0.1854
classifier_expander,slowheat_scroll,final_average_accuracy,1611510062,-0.21450000000000005
classifier_expander,slowheat_scroll,final_average_accuracy,333205446,-0.1590999999999999
classifier_expander,slowheat_scroll,final_average_accuracy,130501536,-0.163
classifier_expander,slowheat_scroll,final_average_accuracy,492612040,-0.23580000000000007
classifier_expander,slowheat_scroll,average_forgetting,2101606466,-0.27412499999999995
classifier_expander,slowheat_scroll,average_forgetting,1872839281,-0.03662500000000002
classifier_expander,slowheat_scroll,average_forgetting,637029796,0.025875000000000037
classifier_expander,slowheat_scroll,average_forgetting,1357204345,-0.15762500000000002
classifier_expander,slowheat_scroll,average_forgetting,1758462037,-0.3061249999999999
classifier_expander,slowheat_scroll,average_forgetting,748737880,-0.12924999999999998
classifier_expander,slowheat_scroll,average_forgetting,1611510062,-0.07674999999999993
classifier_expander,slowheat_scroll,average_forgetting,333205446,-0.143625
classifier_expander,slowheat_scroll,average_forgetting,130501536,-0.275125
classifier_expander,slowheat_scroll,average_forgetting,492612040,-0.16787499999999994
classifier_expander,slowheat_scroll,backward_transfer,2101606466,0.32275
classifier_expander,slowheat_scroll,backward_transfer,1872839281,-0.051374999999999976
classifier_expander,slowheat_scroll,backward_transfer,637029796,-0.19575
classifier_expander,slowheat_scroll,backward_transfer,1357204345,0.20512499999999997
classifier_expander,slowheat_scroll,backward_transfer,1758462037,0.24762499999999996
classifier_expander,slowheat_scroll,backward_transfer,748737880,0.14925000000000002
classifier_expander,slowheat_scroll,backward_transfer,1611510062,0.14087499999999997
classifier_expander,slowheat_scroll,backward_transfer,333205446,0.15037499999999995
classifier_expander,slowheat_scroll,backward_transfer,130501536,0.28075
classifier_expander,slowheat_scroll,backward_transfer,492612040,0.18162499999999995
classifier_expander,slowheat_scroll,forward_transfer,2101606466,0.0
classifier_expander,slowheat_scroll,forward_transfer,1872839281,0.0
classifier_expander,slowheat_scroll,forward_transfer,637029796,-0.003124999999999989
classifier_expander,slowheat_scroll,forward_transfer,1357204345,-0.0016250000000000014
classifier_expander,slowheat_scroll,forward_transfer,1758462037,-0.000125
classifier_expander,slowheat_scroll,forward_transfer,748737880,0.0
classifier_expander,slowheat_scroll,forward_transfer,1611510062,-0.0007500000000000007
classifier_expander,slowheat_scroll,forward_transfer,333205446,-0.007500000000000007
classifier_expander,slowheat_scroll,forward_transfer,130501536,-0.000125
classifier_expander,slowheat_scroll,forward_transfer,492612040,-0.001375000000000015
classifier_expander,slowheat_scroll,task_aware_final_accuracy,2101606466,-0.1726000000000001
classifier_expander,slowheat_scroll,task_aware_final_accuracy,1872839281,-0.1724000000000001
classifier_expander,slowheat_scroll,task_aware_final_accuracy,637029796,-0.22309999999999985
classifier_expander,slowheat_scroll,task_aware_final_accuracy,1357204345,-0.14439999999999997
classifier_expander,slowheat_scroll,task_aware_final_accuracy,1758462037,-0.11969999999999992
classifier_expander,slowheat_scroll,task_aware_final_accuracy,748737880,-0.12930000000000008
classifier_expander,slowheat_scroll,task_aware_final_accuracy,1611510062,-0.14190000000000014
classifier_expander,slowheat_scroll,task_aware_final_accuracy,333205446,-0.17549999999999988
classifier_expander,slowheat_scroll,task_aware_final_accuracy,130501536,-0.1392
classifier_expander,slowheat_scroll,task_aware_final_accuracy,492612040,-0.17169999999999985
classifier_expander,slowheat_scroll,task_aware_forgetting,2101606466,-0.04487499999999994
classifier_expander,slowheat_scroll,task_aware_forgetting,1872839281,-0.037500000000000006
classifier_expander,slowheat_scroll,task_aware_forgetting,637029796,-0.002874999999999961
classifier_expander,slowheat_scroll,task_aware_forgetting,1357204345,-0.06587499999999996
classifier_expander,slowheat_scroll,task_aware_forgetting,1758462037,-0.093
classifier_expander,slowheat_scroll,task_aware_forgetting,748737880,-0.094
classifier_expander,slowheat_scroll,task_aware_forgetting,1611510062,-0.07099999999999995
classifier_expander,slowheat_scroll,task_aware_forgetting,333205446,-0.025499999999999995
classifier_expander,slowheat_scroll,task_aware_forgetting,130501536,-0.09137499999999998
classifier_expander,slowheat_scroll,task_aware_forgetting,492612040,-0.03637499999999999
classifier_expander,slowheat_scroll,classifier_gap,2101606466,-0.0042000000000000925
classifier_expander,slowheat_scroll,classifier_gap,1872839281,0.05639999999999995
classifier_expander,slowheat_scroll,classifier_gap,637029796,0.008300000000000252
classifier_expander,slowheat_scroll,classifier_gap,1357204345,0.05180000000000001
classifier_expander,slowheat_scroll,classifier_gap,1758462037,0.026200000000000112
classifier_expander,slowheat_scroll,classifier_gap,748737880,0.05609999999999993
classifier_expander,slowheat_scroll,classifier_gap,1611510062,0.07259999999999994
classifier_expander,slowheat_scroll,classifier_gap,333205446,-0.01639999999999997
classifier_expander,slowheat_scroll,classifier_gap,130501536,0.023800000000000043
classifier_expander,slowheat_scroll,classifier_gap,492612040,0.06410000000000021
classifier_expander,slowheat_scroll,elapsed_seconds,2101606466,-47.547880568978144
classifier_expander,slowheat_scroll,elapsed_seconds,1872839281,-63.1817003559845
classifier_expander,slowheat_scroll,elapsed_seconds,637029796,-35.051089399988996
classifier_expander,slowheat_scroll,elapsed_seconds,1357204345,-60.842462478991365
classifier_expander,slowheat_scroll,elapsed_seconds,1758462037,-58.03454347900697
classifier_expander,slowheat_scroll,elapsed_seconds,748737880,-58.09095623498433
classifier_expander,slowheat_scroll,elapsed_seconds,1611510062,-58.6773282760405
classifier_expander,slowheat_scroll,elapsed_seconds,333205446,-60.40810662001604
classifier_expander,slowheat_scroll,elapsed_seconds,130501536,-61.40898396301782
classifier_expander,slowheat_scroll,elapsed_seconds,492612040,-58.08056145397131
classifier_expander,slowheat_scroll,learner_examples_processed,2101606466,-241856.0
classifier_expander,slowheat_scroll,learner_examples_processed,1872839281,-241856.0
classifier_expander,slowheat_scroll,learner_examples_processed,637029796,-241856.0
classifier_expander,slowheat_scroll,learner_examples_processed,1357204345,-241856.0
classifier_expander,slowheat_scroll,learner_examples_processed,1758462037,-241856.0
classifier_expander,slowheat_scroll,learner_examples_processed,748737880,-241856.0
classifier_expander,slowheat_scroll,learner_examples_processed,1611510062,-241856.0
classifier_expander,slowheat_scroll,learner_examples_processed,333205446,-241856.0
classifier_expander,slowheat_scroll,learner_examples_processed,130501536,-241856.0
classifier_expander,slowheat_scroll,learner_examples_processed,492612040,-241856.0
classifier_expander,slowheat_scroll,total_model_examples_processed,2101606466,-282496.0
classifier_expander,slowheat_scroll,total_model_examples_processed,1872839281,-282496.0
classifier_expander,slowheat_scroll,total_model_examples_processed,637029796,-282496.0
classifier_expander,slowheat_scroll,total_model_examples_processed,1357204345,-282496.0
classifier_expander,slowheat_scroll,total_model_examples_processed,1758462037,-282496.0
classifier_expander,slowheat_scroll,total_model_examples_processed,748737880,-282496.0
classifier_expander,slowheat_scroll,total_model_examples_processed,1611510062,-282496.0
classifier_expander,slowheat_scroll,total_model_examples_processed,333205446,-282496.0
classifier_expander,slowheat_scroll,total_model_examples_processed,130501536,-282496.0
classifier_expander,slowheat_scroll,total_model_examples_processed,492612040,-282496.0
classifier_expander,slowheat_scroll,estimated_total_flops,2101606466,-234081404317691.0
classifier_expander,slowheat_scroll,estimated_total_flops,1872839281,-234081404317691.0
classifier_expander,slowheat_scroll,estimated_total_flops,637029796,-234081404317691.0
classifier_expander,slowheat_scroll,estimated_total_flops,1357204345,-234081404317691.0
classifier_expander,slowheat_scroll,estimated_total_flops,1758462037,-234081404317691.0
classifier_expander,slowheat_scroll,estimated_total_flops,748737880,-234081404317691.0
classifier_expander,slowheat_scroll,estimated_total_flops,1611510062,-234081404317691.0
classifier_expander,slowheat_scroll,estimated_total_flops,333205446,-234081404317691.0
classifier_expander,slowheat_scroll,estimated_total_flops,130501536,-234081404317691.0
classifier_expander,slowheat_scroll,estimated_total_flops,492612040,-234081404317691.0
classifier_expander,slowheat_scroll,estimated_overhead_flops,2101606466,25076961285.0
classifier_expander,slowheat_scroll,estimated_overhead_flops,1872839281,25076961285.0
classifier_expander,slowheat_scroll,estimated_overhead_flops,637029796,25076961285.0
classifier_expander,slowheat_scroll,estimated_overhead_flops,1357204345,25076961285.0
classifier_expander,slowheat_scroll,estimated_overhead_flops,1758462037,25076961285.0
classifier_expander,slowheat_scroll,estimated_overhead_flops,748737880,25076961285.0
classifier_expander,slowheat_scroll,estimated_overhead_flops,1611510062,25076961285.0
classifier_expander,slowheat_scroll,estimated_overhead_flops,333205446,25076961285.0
classifier_expander,slowheat_scroll,estimated_overhead_flops,130501536,25076961285.0
classifier_expander,slowheat_scroll,estimated_overhead_flops,492612040,25076961285.0
classifier_expander,slowheat_scroll,replay_memory_bytes,2101606466,0.0
classifier_expander,slowheat_scroll,replay_memory_bytes,1872839281,0.0
classifier_expander,slowheat_scroll,replay_memory_bytes,637029796,0.0
classifier_expander,slowheat_scroll,replay_memory_bytes,1357204345,0.0
classifier_expander,slowheat_scroll,replay_memory_bytes,1758462037,0.0
classifier_expander,slowheat_scroll,replay_memory_bytes,748737880,0.0
classifier_expander,slowheat_scroll,replay_memory_bytes,1611510062,0.0
classifier_expander,slowheat_scroll,replay_memory_bytes,333205446,0.0
classifier_expander,slowheat_scroll,replay_memory_bytes,130501536,0.0
classifier_expander,slowheat_scroll,replay_memory_bytes,492612040,0.0
classifier_expander,slowheat_scroll,stored_logits_bytes,2101606466,0.0
classifier_expander,slowheat_scroll,stored_logits_bytes,1872839281,0.0
classifier_expander,slowheat_scroll,stored_logits_bytes,637029796,0.0
classifier_expander,slowheat_scroll,stored_logits_bytes,1357204345,0.0
classifier_expander,slowheat_scroll,stored_logits_bytes,1758462037,0.0
classifier_expander,slowheat_scroll,stored_logits_bytes,748737880,0.0
classifier_expander,slowheat_scroll,stored_logits_bytes,1611510062,0.0
classifier_expander,slowheat_scroll,stored_logits_bytes,333205446,0.0
classifier_expander,slowheat_scroll,stored_logits_bytes,130501536,0.0
classifier_expander,slowheat_scroll,stored_logits_bytes,492612040,0.0
classifier_expander,slowheat_scroll,replay_metadata_bytes,2101606466,0.0
classifier_expander,slowheat_scroll,replay_metadata_bytes,1872839281,0.0
classifier_expander,slowheat_scroll,replay_metadata_bytes,637029796,0.0
classifier_expander,slowheat_scroll,replay_metadata_bytes,1357204345,0.0
classifier_expander,slowheat_scroll,replay_metadata_bytes,1758462037,0.0
classifier_expander,slowheat_scroll,replay_metadata_bytes,748737880,0.0
classifier_expander,slowheat_scroll,replay_metadata_bytes,1611510062,0.0
classifier_expander,slowheat_scroll,replay_metadata_bytes,333205446,0.0
classifier_expander,slowheat_scroll,replay_metadata_bytes,130501536,0.0
classifier_expander,slowheat_scroll,replay_metadata_bytes,492612040,0.0
classifier_expander,slowheat_scroll,selector_forward_examples,2101606466,0.0
classifier_expander,slowheat_scroll,selector_forward_examples,1872839281,0.0
classifier_expander,slowheat_scroll,selector_forward_examples,637029796,0.0
classifier_expander,slowheat_scroll,selector_forward_examples,1357204345,0.0
classifier_expander,slowheat_scroll,selector_forward_examples,1758462037,0.0
classifier_expander,slowheat_scroll,selector_forward_examples,748737880,0.0
classifier_expander,slowheat_scroll,selector_forward_examples,1611510062,0.0
classifier_expander,slowheat_scroll,selector_forward_examples,333205446,0.0
classifier_expander,slowheat_scroll,selector_forward_examples,130501536,0.0
classifier_expander,slowheat_scroll,selector_forward_examples,492612040,0.0
classifier_expander,slowheat_scroll,selection_seconds,2101606466,-9.293694165535271e-05
classifier_expander,slowheat_scroll,selection_seconds,1872839281,0.00042837002547457814
classifier_expander,slowheat_scroll,selection_seconds,637029796,-0.0004802770272362977
classifier_expander,slowheat_scroll,selection_seconds,1357204345,0.0012398299586493522
classifier_expander,slowheat_scroll,selection_seconds,1758462037,0.00039893301436677575
classifier_expander,slowheat_scroll,selection_seconds,748737880,0.0017328279791399837
classifier_expander,slowheat_scroll,selection_seconds,1611510062,-0.00026531601906754076
classifier_expander,slowheat_scroll,selection_seconds,333205446,-0.00028450696845538914
classifier_expander,slowheat_scroll,selection_seconds,130501536,0.0007341959571931511
classifier_expander,slowheat_scroll,selection_seconds,492612040,0.0009517090220469981
scroll,vanilla,final_average_accuracy,2101606466,0.0932
scroll,vanilla,final_average_accuracy,1872839281,0.040700000000000014
scroll,vanilla,final_average_accuracy,637029796,0.0742
scroll,vanilla,final_average_accuracy,1357204345,0.0879
scroll,vanilla,final_average_accuracy,1758462037,0.019600000000000006
scroll,vanilla,final_average_accuracy,748737880,0.08819999999999997
scroll,vanilla,final_average_accuracy,1611510062,0.031
scroll,vanilla,final_average_accuracy,333205446,0.07440000000000001
scroll,vanilla,final_average_accuracy,130501536,0.06850000000000002
scroll,vanilla,final_average_accuracy,492612040,0.06430000000000001
scroll,vanilla,average_forgetting,2101606466,0.5355000000000001
scroll,vanilla,average_forgetting,1872839281,0.46124999999999994
scroll,vanilla,average_forgetting,637029796,0.596125
scroll,vanilla,average_forgetting,1357204345,0.44225000000000003
scroll,vanilla,average_forgetting,1758462037,0.577375
scroll,vanilla,average_forgetting,748737880,0.609375
scroll,vanilla,average_forgetting,1611510062,0.6023749999999999
scroll,vanilla,average_forgetting,333205446,0.5864999999999999
scroll,vanilla,average_forgetting,130501536,0.6711250000000001
scroll,vanilla,average_forgetting,492612040,0.46975
scroll,vanilla,backward_transfer,2101606466,-0.6125
scroll,vanilla,backward_transfer,1872839281,-0.529625
scroll,vanilla,backward_transfer,637029796,-0.6672500000000001
scroll,vanilla,backward_transfer,1357204345,-0.57575
scroll,vanilla,backward_transfer,1758462037,-0.6865
scroll,vanilla,backward_transfer,748737880,-0.609375
scroll,vanilla,backward_transfer,1611510062,-0.62025
scroll,vanilla,backward_transfer,333205446,-0.68875
scroll,vanilla,backward_transfer,130501536,-0.7232500000000001
scroll,vanilla,backward_transfer,492612040,-0.574875
scroll,vanilla,forward_transfer,2101606466,0.0
scroll,vanilla,forward_transfer,1872839281,0.0
scroll,vanilla,forward_transfer,637029796,0.0
scroll,vanilla,forward_transfer,1357204345,0.00037500000000000033
scroll,vanilla,forward_transfer,1758462037,0.0
scroll,vanilla,forward_transfer,748737880,0.0
scroll,vanilla,forward_transfer,1611510062,0.0002500000000000002
scroll,vanilla,forward_transfer,333205446,0.0036249999999999893
scroll,vanilla,forward_transfer,130501536,0.000125
scroll,vanilla,forward_transfer,492612040,0.0025000000000000022
scroll,vanilla,task_aware_final_accuracy,2101606466,-0.005499999999999949
scroll,vanilla,task_aware_final_accuracy,1872839281,0.05159999999999987
scroll,vanilla,task_aware_final_accuracy,637029796,0.05149999999999999
scroll,vanilla,task_aware_final_accuracy,1357204345,0.10360000000000003
scroll,vanilla,task_aware_final_accuracy,1758462037,-0.049699999999999966
scroll,vanilla,task_aware_final_accuracy,748737880,0.09349999999999992
scroll,vanilla,task_aware_final_accuracy,1611510062,0.09640000000000004
scroll,vanilla,task_aware_final_accuracy,333205446,0.08999999999999986
scroll,vanilla,task_aware_final_accuracy,130501536,0.057699999999999974
scroll,vanilla,task_aware_final_accuracy,492612040,0.02069999999999994
scroll,vanilla,task_aware_forgetting,2101606466,0.38699999999999996
scroll,vanilla,task_aware_forgetting,1872839281,0.22949999999999998
scroll,vanilla,task_aware_forgetting,637029796,0.3105
scroll,vanilla,task_aware_forgetting,1357204345,0.269
scroll,vanilla,task_aware_forgetting,1758462037,0.33562499999999995
scroll,vanilla,task_aware_forgetting,748737880,0.27187500000000003
scroll,vanilla,task_aware_forgetting,1611510062,0.26025
scroll,vanilla,task_aware_forgetting,333205446,0.270875
scroll,vanilla,task_aware_forgetting,130501536,0.26825000000000004
scroll,vanilla,task_aware_forgetting,492612040,0.355875
scroll,vanilla,classifier_gap,2101606466,-0.09869999999999995
scroll,vanilla,classifier_gap,1872839281,0.010899999999999854
scroll,vanilla,classifier_gap,637029796,-0.022699999999999998
scroll,vanilla,classifier_gap,1357204345,0.015699999999999992
scroll,vanilla,classifier_gap,1758462037,-0.06930000000000003
scroll,vanilla,classifier_gap,748737880,0.005299999999999916
scroll,vanilla,classifier_gap,1611510062,0.06540000000000007
scroll,vanilla,classifier_gap,333205446,0.015599999999999836
scroll,vanilla,classifier_gap,130501536,-0.010800000000000032
scroll,vanilla,classifier_gap,492612040,-0.04360000000000008
scroll,vanilla,elapsed_seconds,2101606466,44.00980118798907
scroll,vanilla,elapsed_seconds,1872839281,44.03167621398461
scroll,vanilla,elapsed_seconds,637029796,47.8449889109761
scroll,vanilla,elapsed_seconds,1357204345,34.87309021598776
scroll,vanilla,elapsed_seconds,1758462037,38.27101922701695
scroll,vanilla,elapsed_seconds,748737880,35.808000071992865
scroll,vanilla,elapsed_seconds,1611510062,36.07812557500438
scroll,vanilla,elapsed_seconds,333205446,35.18740332897869
scroll,vanilla,elapsed_seconds,130501536,38.03905084001599
scroll,vanilla,elapsed_seconds,492612040,35.68213712400757
scroll,vanilla,learner_examples_processed,2101606466,160512.0
scroll,vanilla,learner_examples_processed,1872839281,160512.0
scroll,vanilla,learner_examples_processed,637029796,160512.0
scroll,vanilla,learner_examples_processed,1357204345,160512.0
scroll,vanilla,learner_examples_processed,1758462037,160512.0
scroll,vanilla,learner_examples_processed,748737880,160512.0
scroll,vanilla,learner_examples_processed,1611510062,160512.0
scroll,vanilla,learner_examples_processed,333205446,160512.0
scroll,vanilla,learner_examples_processed,130501536,160512.0
scroll,vanilla,learner_examples_processed,492612040,160512.0
scroll,vanilla,total_model_examples_processed,2101606466,120512.0
scroll,vanilla,total_model_examples_processed,1872839281,120512.0
scroll,vanilla,total_model_examples_processed,637029796,120512.0
scroll,vanilla,total_model_examples_processed,1357204345,120512.0
scroll,vanilla,total_model_examples_processed,1758462037,120512.0
scroll,vanilla,total_model_examples_processed,748737880,120512.0
scroll,vanilla,total_model_examples_processed,1611510062,120512.0
scroll,vanilla,total_model_examples_processed,333205446,120512.0
scroll,vanilla,total_model_examples_processed,130501536,120512.0
scroll,vanilla,total_model_examples_processed,492612040,120512.0
scroll,vanilla,estimated_total_flops,2101606466,134884771146107.0
scroll,vanilla,estimated_total_flops,1872839281,134884771146107.0
scroll,vanilla,estimated_total_flops,637029796,134884771146107.0
scroll,vanilla,estimated_total_flops,1357204345,134884771146107.0
scroll,vanilla,estimated_total_flops,1758462037,134884771146107.0
scroll,vanilla,estimated_total_flops,748737880,134884771146107.0
scroll,vanilla,estimated_total_flops,1611510062,134884771146107.0
scroll,vanilla,estimated_total_flops,333205446,134884771146107.0
scroll,vanilla,estimated_total_flops,130501536,134884771146107.0
scroll,vanilla,estimated_total_flops,492612040,134884771146107.0
scroll,vanilla,estimated_overhead_flops,2101606466,-21728548485.0
scroll,vanilla,estimated_overhead_flops,1872839281,-21728548485.0
scroll,vanilla,estimated_overhead_flops,637029796,-21728548485.0
scroll,vanilla,estimated_overhead_flops,1357204345,-21728548485.0
scroll,vanilla,estimated_overhead_flops,1758462037,-21728548485.0
scroll,vanilla,estimated_overhead_flops,748737880,-21728548485.0
scroll,vanilla,estimated_overhead_flops,1611510062,-21728548485.0
scroll,vanilla,estimated_overhead_flops,333205446,-21728548485.0
scroll,vanilla,estimated_overhead_flops,130501536,-21728548485.0
scroll,vanilla,estimated_overhead_flops,492612040,-21728548485.0
scroll,vanilla,replay_memory_bytes,2101606466,-2459200.0
scroll,vanilla,replay_memory_bytes,1872839281,-2459200.0
scroll,vanilla,replay_memory_bytes,637029796,-2459200.0
scroll,vanilla,replay_memory_bytes,1357204345,-2459200.0
scroll,vanilla,replay_memory_bytes,1758462037,-2459200.0
scroll,vanilla,replay_memory_bytes,748737880,-2459200.0
scroll,vanilla,replay_memory_bytes,1611510062,-2459200.0
scroll,vanilla,replay_memory_bytes,333205446,-2459200.0
scroll,vanilla,replay_memory_bytes,130501536,-2459200.0
scroll,vanilla,replay_memory_bytes,492612040,-2459200.0
scroll,vanilla,stored_logits_bytes,2101606466,0.0
scroll,vanilla,stored_logits_bytes,1872839281,0.0
scroll,vanilla,stored_logits_bytes,637029796,0.0
scroll,vanilla,stored_logits_bytes,1357204345,0.0
scroll,vanilla,stored_logits_bytes,1758462037,0.0
scroll,vanilla,stored_logits_bytes,748737880,0.0
scroll,vanilla,stored_logits_bytes,1611510062,0.0
scroll,vanilla,stored_logits_bytes,333205446,0.0
scroll,vanilla,stored_logits_bytes,130501536,0.0
scroll,vanilla,stored_logits_bytes,492612040,0.0
scroll,vanilla,replay_metadata_bytes,2101606466,-6400.0
scroll,vanilla,replay_metadata_bytes,1872839281,-6400.0
scroll,vanilla,replay_metadata_bytes,637029796,-6400.0
scroll,vanilla,replay_metadata_bytes,1357204345,-6400.0
scroll,vanilla,replay_metadata_bytes,1758462037,-6400.0
scroll,vanilla,replay_metadata_bytes,748737880,-6400.0
scroll,vanilla,replay_metadata_bytes,1611510062,-6400.0
scroll,vanilla,replay_metadata_bytes,333205446,-6400.0
scroll,vanilla,replay_metadata_bytes,130501536,-6400.0
scroll,vanilla,replay_metadata_bytes,492612040,-6400.0
scroll,vanilla,selector_forward_examples,2101606466,0.0
scroll,vanilla,selector_forward_examples,1872839281,0.0
scroll,vanilla,selector_forward_examples,637029796,0.0
scroll,vanilla,selector_forward_examples,1357204345,0.0
scroll,vanilla,selector_forward_examples,1758462037,0.0
scroll,vanilla,selector_forward_examples,748737880,0.0
scroll,vanilla,selector_forward_examples,1611510062,0.0
scroll,vanilla,selector_forward_examples,333205446,0.0
scroll,vanilla,selector_forward_examples,130501536,0.0
scroll,vanilla,selector_forward_examples,492612040,0.0
scroll,vanilla,selection_seconds,2101606466,-0.012874859006842598
scroll,vanilla,selection_seconds,1872839281,-0.012813788023777306
scroll,vanilla,selection_seconds,637029796,-0.013637523021316156
scroll,vanilla,selection_seconds,1357204345,-0.01419130398426205
scroll,vanilla,selection_seconds,1758462037,-0.012897722015623003
scroll,vanilla,selection_seconds,748737880,-0.012616853025974706
scroll,vanilla,selection_seconds,1611510062,-0.012689403985859826
scroll,vanilla,selection_seconds,333205446,-0.012808703992050141
scroll,vanilla,selection_seconds,130501536,-0.013063545018667355
scroll,vanilla,selection_seconds,492612040,-0.01290691300528124
scroll,slowheat_none,final_average_accuracy,2101606466,0.0925
scroll,slowheat_none,final_average_accuracy,1872839281,0.04190000000000002
scroll,slowheat_none,final_average_accuracy,637029796,0.0734
scroll,slowheat_none,final_average_accuracy,1357204345,0.0877
scroll,slowheat_none,final_average_accuracy,1758462037,0.020000000000000018
scroll,slowheat_none,final_average_accuracy,748737880,0.08819999999999997
scroll,slowheat_none,final_average_accuracy,1611510062,0.034
scroll,slowheat_none,final_average_accuracy,333205446,0.0727
scroll,slowheat_none,final_average_accuracy,130501536,0.0694
scroll,slowheat_none,final_average_accuracy,492612040,0.06100000000000004
scroll,slowheat_none,average_forgetting,2101606466,0.53075
scroll,slowheat_none,average_forgetting,1872839281,0.4608749999999999
scroll,slowheat_none,average_forgetting,637029796,0.5876250000000001
scroll,slowheat_none,average_forgetting,1357204345,0.43525
scroll,slowheat_none,average_forgetting,1758462037,0.58425
scroll,slowheat_none,average_forgetting,748737880,0.600375
scroll,slowheat_none,average_forgetting,1611510062,0.59875
scroll,slowheat_none,average_forgetting,333205446,0.58475
scroll,slowheat_none,average_forgetting,130501536,0.67275
scroll,slowheat_none,average_forgetting,492612040,0.46762499999999996
scroll,slowheat_none,backward_transfer,2101606466,-0.60775
scroll,slowheat_none,backward_transfer,1872839281,-0.52925
scroll,slowheat_none,backward_transfer,637029796,-0.6587500000000001
scroll,slowheat_none,backward_transfer,1357204345,-0.5687500000000001
scroll,slowheat_none,backward_transfer,1758462037,-0.6933750000000001
scroll,slowheat_none,backward_transfer,748737880,-0.600375
scroll,slowheat_none,backward_transfer,1611510062,-0.616625
scroll,slowheat_none,backward_transfer,333205446,-0.687
scroll,slowheat_none,backward_transfer,130501536,-0.7248749999999999
scroll,slowheat_none,backward_transfer,492612040,-0.5727499999999999
scroll,slowheat_none,forward_transfer,2101606466,0.0
scroll,slowheat_none,forward_transfer,1872839281,0.0
scroll,slowheat_none,forward_transfer,637029796,0.0005000000000000004
scroll,slowheat_none,forward_transfer,1357204345,0.0026250000000000023
scroll,slowheat_none,forward_transfer,1758462037,0.0
scroll,slowheat_none,forward_transfer,748737880,0.000125
scroll,slowheat_none,forward_transfer,1611510062,0.00037500000000000033
scroll,slowheat_none,forward_transfer,333205446,0.001375000000000015
scroll,slowheat_none,forward_transfer,130501536,0.0
scroll,slowheat_none,forward_transfer,492612040,0.002124999999999988
scroll,slowheat_none,task_aware_final_accuracy,2101606466,0.07300000000000006
scroll,slowheat_none,task_aware_final_accuracy,1872839281,0.0010999999999998789
scroll,slowheat_none,task_aware_final_accuracy,637029796,0.08360000000000001
scroll,slowheat_none,task_aware_final_accuracy,1357204345,0.09320000000000006
scroll,slowheat_none,task_aware_final_accuracy,1758462037,-0.007000000000000006
scroll,slowheat_none,task_aware_final_accuracy,748737880,0.043200000000000016
scroll,slowheat_none,task_aware_final_accuracy,1611510062,0.057499999999999996
scroll,slowheat_none,task_aware_final_accuracy,333205446,0.07750000000000001
scroll,slowheat_none,task_aware_final_accuracy,130501536,0.08660000000000001
scroll,slowheat_none,task_aware_final_accuracy,492612040,0.027099999999999902
scroll,slowheat_none,task_aware_forgetting,2101606466,0.28325
scroll,slowheat_none,task_aware_forgetting,1872839281,0.29374999999999996
scroll,slowheat_none,task_aware_forgetting,637029796,0.26087499999999997
scroll,slowheat_none,task_aware_forgetting,1357204345,0.27474999999999994
scroll,slowheat_none,task_aware_forgetting,1758462037,0.2896249999999999
scroll,slowheat_none,task_aware_forgetting,748737880,0.32575
scroll,slowheat_none,task_aware_forgetting,1611510062,0.30899999999999994
scroll,slowheat_none,task_aware_forgetting,333205446,0.282625
scroll,slowheat_none,task_aware_forgetting,130501536,0.234875
scroll,slowheat_none,task_aware_forgetting,492612040,0.341625
scroll,slowheat_none,classifier_gap,2101606466,-0.019499999999999962
scroll,slowheat_none,classifier_gap,1872839281,-0.04080000000000017
scroll,slowheat_none,classifier_gap,637029796,0.010200000000000042
scroll,slowheat_none,classifier_gap,1357204345,0.00550000000000006
scroll,slowheat_none,classifier_gap,1758462037,-0.027000000000000024
scroll,slowheat_none,classifier_gap,748737880,-0.044999999999999984
scroll,slowheat_none,classifier_gap,1611510062,0.02350000000000002
scroll,slowheat_none,classifier_gap,333205446,0.004799999999999971
scroll,slowheat_none,classifier_gap,130501536,0.01720000000000005
scroll,slowheat_none,classifier_gap,492612040,-0.03390000000000015
scroll,slowheat_none,elapsed_seconds,2101606466,210.74182657996425
scroll,slowheat_none,elapsed_seconds,1872839281,203.89022795596975
scroll,slowheat_none,elapsed_seconds,637029796,210.37361910400796
scroll,slowheat_none,elapsed_seconds,1357204345,67.76193918200443
scroll,slowheat_none,elapsed_seconds,1758462037,73.93711505201645
scroll,slowheat_none,elapsed_seconds,748737880,67.1869460089656
scroll,slowheat_none,elapsed_seconds,1611510062,67.18981182601419
scroll,slowheat_none,elapsed_seconds,333205446,67.02365772597841
scroll,slowheat_none,elapsed_seconds,130501536,72.87673358799657
scroll,slowheat_none,elapsed_seconds,492612040,65.69441377403564
scroll,slowheat_none,learner_examples_processed,2101606466,160512.0
scroll,slowheat_none,learner_examples_processed,1872839281,160512.0
scroll,slowheat_none,learner_examples_processed,637029796,160512.0
scroll,slowheat_none,learner_examples_processed,1357204345,160512.0
scroll,slowheat_none,learner_examples_processed,1758462037,160512.0
scroll,slowheat_none,learner_examples_processed,748737880,160512.0
scroll,slowheat_none,learner_examples_processed,1611510062,160512.0
scroll,slowheat_none,learner_examples_processed,333205446,160512.0
scroll,slowheat_none,learner_examples_processed,130501536,160512.0
scroll,slowheat_none,learner_examples_processed,492612040,160512.0
scroll,slowheat_none,total_model_examples_processed,2101606466,120512.0
scroll,slowheat_none,total_model_examples_processed,1872839281,120512.0
scroll,slowheat_none,total_model_examples_processed,637029796,120512.0
scroll,slowheat_none,total_model_examples_processed,1357204345,120512.0
scroll,slowheat_none,total_model_examples_processed,1758462037,120512.0
scroll,slowheat_none,total_model_examples_processed,748737880,120512.0
scroll,slowheat_none,total_model_examples_processed,1611510062,120512.0
scroll,slowheat_none,total_model_examples_processed,333205446,120512.0
scroll,slowheat_none,total_model_examples_processed,130501536,120512.0
scroll,slowheat_none,total_model_examples_processed,492612040,120512.0
scroll,slowheat_none,estimated_total_flops,2101606466,134901528758657.0
scroll,slowheat_none,estimated_total_flops,1872839281,134901528758657.0
scroll,slowheat_none,estimated_total_flops,637029796,134901528758657.0
scroll,slowheat_none,estimated_total_flops,1357204345,134901528758657.0
scroll,slowheat_none,estimated_total_flops,1758462037,134901528758657.0
scroll,slowheat_none,estimated_total_flops,748737880,134901528758657.0
scroll,slowheat_none,estimated_total_flops,1611510062,134901528758657.0
scroll,slowheat_none,estimated_total_flops,333205446,134901528758657.0
scroll,slowheat_none,estimated_total_flops,130501536,134901528758657.0
scroll,slowheat_none,estimated_total_flops,492612040,134901528758657.0
scroll,slowheat_none,estimated_overhead_flops,2101606466,-4970935935.0
scroll,slowheat_none,estimated_overhead_flops,1872839281,-4970935935.0
scroll,slowheat_none,estimated_overhead_flops,637029796,-4970935935.0
scroll,slowheat_none,estimated_overhead_flops,1357204345,-4970935935.0
scroll,slowheat_none,estimated_overhead_flops,1758462037,-4970935935.0
scroll,slowheat_none,estimated_overhead_flops,748737880,-4970935935.0
scroll,slowheat_none,estimated_overhead_flops,1611510062,-4970935935.0
scroll,slowheat_none,estimated_overhead_flops,333205446,-4970935935.0
scroll,slowheat_none,estimated_overhead_flops,130501536,-4970935935.0
scroll,slowheat_none,estimated_overhead_flops,492612040,-4970935935.0
scroll,slowheat_none,replay_memory_bytes,2101606466,-2459200.0
scroll,slowheat_none,replay_memory_bytes,1872839281,-2459200.0
scroll,slowheat_none,replay_memory_bytes,637029796,-2459200.0
scroll,slowheat_none,replay_memory_bytes,1357204345,-2459200.0
scroll,slowheat_none,replay_memory_bytes,1758462037,-2459200.0
scroll,slowheat_none,replay_memory_bytes,748737880,-2459200.0
scroll,slowheat_none,replay_memory_bytes,1611510062,-2459200.0
scroll,slowheat_none,replay_memory_bytes,333205446,-2459200.0
scroll,slowheat_none,replay_memory_bytes,130501536,-2459200.0
scroll,slowheat_none,replay_memory_bytes,492612040,-2459200.0
scroll,slowheat_none,stored_logits_bytes,2101606466,0.0
scroll,slowheat_none,stored_logits_bytes,1872839281,0.0
scroll,slowheat_none,stored_logits_bytes,637029796,0.0
scroll,slowheat_none,stored_logits_bytes,1357204345,0.0
scroll,slowheat_none,stored_logits_bytes,1758462037,0.0
scroll,slowheat_none,stored_logits_bytes,748737880,0.0
scroll,slowheat_none,stored_logits_bytes,1611510062,0.0
scroll,slowheat_none,stored_logits_bytes,333205446,0.0
scroll,slowheat_none,stored_logits_bytes,130501536,0.0
scroll,slowheat_none,stored_logits_bytes,492612040,0.0
scroll,slowheat_none,replay_metadata_bytes,2101606466,-6400.0
scroll,slowheat_none,replay_metadata_bytes,1872839281,-6400.0
scroll,slowheat_none,replay_metadata_bytes,637029796,-6400.0
scroll,slowheat_none,replay_metadata_bytes,1357204345,-6400.0
scroll,slowheat_none,replay_metadata_bytes,1758462037,-6400.0
scroll,slowheat_none,replay_metadata_bytes,748737880,-6400.0
scroll,slowheat_none,replay_metadata_bytes,1611510062,-6400.0
scroll,slowheat_none,replay_metadata_bytes,333205446,-6400.0
scroll,slowheat_none,replay_metadata_bytes,130501536,-6400.0
scroll,slowheat_none,replay_metadata_bytes,492612040,-6400.0
scroll,slowheat_none,selector_forward_examples,2101606466,0.0
scroll,slowheat_none,selector_forward_examples,1872839281,0.0
scroll,slowheat_none,selector_forward_examples,637029796,0.0
scroll,slowheat_none,selector_forward_examples,1357204345,0.0
scroll,slowheat_none,selector_forward_examples,1758462037,0.0
scroll,slowheat_none,selector_forward_examples,748737880,0.0
scroll,slowheat_none,selector_forward_examples,1611510062,0.0
scroll,slowheat_none,selector_forward_examples,333205446,0.0
scroll,slowheat_none,selector_forward_examples,130501536,0.0
scroll,slowheat_none,selector_forward_examples,492612040,0.0
scroll,slowheat_none,selection_seconds,2101606466,-0.012874859006842598
scroll,slowheat_none,selection_seconds,1872839281,-0.012813788023777306
scroll,slowheat_none,selection_seconds,637029796,-0.013637523021316156
scroll,slowheat_none,selection_seconds,1357204345,-0.01419130398426205
scroll,slowheat_none,selection_seconds,1758462037,-0.012897722015623003
scroll,slowheat_none,selection_seconds,748737880,-0.012616853025974706
scroll,slowheat_none,selection_seconds,1611510062,-0.012689403985859826
scroll,slowheat_none,selection_seconds,333205446,-0.012808703992050141
scroll,slowheat_none,selection_seconds,130501536,-0.013063545018667355
scroll,slowheat_none,selection_seconds,492612040,-0.01290691300528124
scroll,slowheat_unidirectional,final_average_accuracy,2101606466,0.086
scroll,slowheat_unidirectional,final_average_accuracy,1872839281,0.03900000000000001
scroll,slowheat_unidirectional,final_average_accuracy,637029796,0.0725
scroll,slowheat_unidirectional,final_average_accuracy,1357204345,0.08099999999999999
scroll,slowheat_unidirectional,final_average_accuracy,1758462037,0.017699999999999994
scroll,slowheat_unidirectional,final_average_accuracy,748737880,0.07749999999999999
scroll,slowheat_unidirectional,final_average_accuracy,1611510062,0.02529999999999999
scroll,slowheat_unidirectional,final_average_accuracy,333205446,0.06860000000000001
scroll,slowheat_unidirectional,final_average_accuracy,130501536,0.06979999999999999
scroll,slowheat_unidirectional,final_average_accuracy,492612040,0.056600000000000025
scroll,slowheat_unidirectional,average_forgetting,2101606466,0.5282500000000001
scroll,slowheat_unidirectional,average_forgetting,1872839281,0.4384999999999999
scroll,slowheat_unidirectional,average_forgetting,637029796,0.5802499999999999
scroll,slowheat_unidirectional,average_forgetting,1357204345,0.43737500000000007
scroll,slowheat_unidirectional,average_forgetting,1758462037,0.582625
scroll,slowheat_unidirectional,average_forgetting,748737880,0.5992500000000001
scroll,slowheat_unidirectional,average_forgetting,1611510062,0.597625
scroll,slowheat_unidirectional,average_forgetting,333205446,0.584375
scroll,slowheat_unidirectional,average_forgetting,130501536,0.6658750000000001
scroll,slowheat_unidirectional,average_forgetting,492612040,0.45862500000000006
scroll,slowheat_unidirectional,backward_transfer,2101606466,-0.6052500000000001
scroll,slowheat_unidirectional,backward_transfer,1872839281,-0.506875
scroll,slowheat_unidirectional,backward_transfer,637029796,-0.651375
scroll,slowheat_unidirectional,backward_transfer,1357204345,-0.570875
scroll,slowheat_unidirectional,backward_transfer,1758462037,-0.69175
scroll,slowheat_unidirectional,backward_transfer,748737880,-0.5992500000000001
scroll,slowheat_unidirectional,backward_transfer,1611510062,-0.6154999999999999
scroll,slowheat_unidirectional,backward_transfer,333205446,-0.686625
scroll,slowheat_unidirectional,backward_transfer,130501536,-0.7180000000000001
scroll,slowheat_unidirectional,backward_transfer,492612040,-0.56375
scroll,slowheat_unidirectional,forward_transfer,2101606466,0.0
scroll,slowheat_unidirectional,forward_transfer,1872839281,0.0
scroll,slowheat_unidirectional,forward_transfer,637029796,0.0011249999999999871
scroll,slowheat_unidirectional,forward_transfer,1357204345,0.0006250000000000006
scroll,slowheat_unidirectional,forward_transfer,1758462037,0.0
scroll,slowheat_unidirectional,forward_transfer,748737880,0.000125
scroll,slowheat_unidirectional,forward_transfer,1611510062,0.0005000000000000004
scroll,slowheat_unidirectional,forward_transfer,333205446,0.003375000000000017
scroll,slowheat_unidirectional,forward_transfer,130501536,0.00025
scroll,slowheat_unidirectional,forward_transfer,492612040,0.002124999999999988
scroll,slowheat_unidirectional,task_aware_final_accuracy,2101606466,0.045399999999999996
scroll,slowheat_unidirectional,task_aware_final_accuracy,1872839281,0.039899999999999824
scroll,slowheat_unidirectional,task_aware_final_accuracy,637029796,0.02410000000000001
scroll,slowheat_unidirectional,task_aware_final_accuracy,1357204345,0.10060000000000002
scroll,slowheat_unidirectional,task_aware_final_accuracy,1758462037,0.007500000000000062
scroll,slowheat_unidirectional,task_aware_final_accuracy,748737880,0.07879999999999998
scroll,slowheat_unidirectional,task_aware_final_accuracy,1611510062,0.057599999999999985
scroll,slowheat_unidirectional,task_aware_final_accuracy,333205446,0.1087999999999999
scroll,slowheat_unidirectional,task_aware_final_accuracy,130501536,0.07050000000000001
scroll,slowheat_unidirectional,task_aware_final_accuracy,492612040,0.050799999999999956
scroll,slowheat_unidirectional,task_aware_forgetting,2101606466,0.30712500000000004
scroll,slowheat_unidirectional,task_aware_forgetting,1872839281,0.21925
scroll,slowheat_unidirectional,task_aware_forgetting,637029796,0.32675
scroll,slowheat_unidirectional,task_aware_forgetting,1357204345,0.25925
scroll,slowheat_unidirectional,task_aware_forgetting,1758462037,0.267
scroll,slowheat_unidirectional,task_aware_forgetting,748737880,0.26675
scroll,slowheat_unidirectional,task_aware_forgetting,1611510062,0.296875
scroll,slowheat_unidirectional,task_aware_forgetting,333205446,0.238
scroll,slowheat_unidirectional,task_aware_forgetting,130501536,0.24862500000000004
scroll,slowheat_unidirectional,task_aware_forgetting,492612040,0.29750000000000004
scroll,slowheat_unidirectional,classifier_gap,2101606466,-0.04059999999999997
scroll,slowheat_unidirectional,classifier_gap,1872839281,0.0008999999999997899
scroll,slowheat_unidirectional,classifier_gap,637029796,-0.04839999999999994
scroll,slowheat_unidirectional,classifier_gap,1357204345,0.019600000000000006
scroll,slowheat_unidirectional,classifier_gap,1758462037,-0.010199999999999987
scroll,slowheat_unidirectional,classifier_gap,748737880,0.0012999999999999678
scroll,slowheat_unidirectional,classifier_gap,1611510062,0.032299999999999995
scroll,slowheat_unidirectional,classifier_gap,333205446,0.04019999999999985
scroll,slowheat_unidirectional,classifier_gap,130501536,0.0007000000000000339
scroll,slowheat_unidirectional,classifier_gap,492612040,-0.005800000000000083
scroll,slowheat_unidirectional,elapsed_seconds,2101606466,215.22594016997027
scroll,slowheat_unidirectional,elapsed_seconds,1872839281,214.25089156799368
scroll,slowheat_unidirectional,elapsed_seconds,637029796,216.31070653698407
scroll,slowheat_unidirectional,elapsed_seconds,1357204345,75.35875973702059
scroll,slowheat_unidirectional,elapsed_seconds,1758462037,80.94215121501475
scroll,slowheat_unidirectional,elapsed_seconds,748737880,74.65375769598177
scroll,slowheat_unidirectional,elapsed_seconds,1611510062,75.02739015000407
scroll,slowheat_unidirectional,elapsed_seconds,333205446,74.42913869497715
scroll,slowheat_unidirectional,elapsed_seconds,130501536,80.93734303498059
scroll,slowheat_unidirectional,elapsed_seconds,492612040,72.8878094330139
scroll,slowheat_unidirectional,learner_examples_processed,2101606466,160512.0
scroll,slowheat_unidirectional,learner_examples_processed,1872839281,160512.0
scroll,slowheat_unidirectional,learner_examples_processed,637029796,160512.0
scroll,slowheat_unidirectional,learner_examples_processed,1357204345,160512.0
scroll,slowheat_unidirectional,learner_examples_processed,1758462037,160512.0
scroll,slowheat_unidirectional,learner_examples_processed,748737880,160512.0
scroll,slowheat_unidirectional,learner_examples_processed,1611510062,160512.0
scroll,slowheat_unidirectional,learner_examples_processed,333205446,160512.0
scroll,slowheat_unidirectional,learner_examples_processed,130501536,160512.0
scroll,slowheat_unidirectional,learner_examples_processed,492612040,160512.0
scroll,slowheat_unidirectional,total_model_examples_processed,2101606466,120512.0
scroll,slowheat_unidirectional,total_model_examples_processed,1872839281,120512.0
scroll,slowheat_unidirectional,total_model_examples_processed,637029796,120512.0
scroll,slowheat_unidirectional,total_model_examples_processed,1357204345,120512.0
scroll,slowheat_unidirectional,total_model_examples_processed,1758462037,120512.0
scroll,slowheat_unidirectional,total_model_examples_processed,748737880,120512.0
scroll,slowheat_unidirectional,total_model_examples_processed,1611510062,120512.0
scroll,slowheat_unidirectional,total_model_examples_processed,333205446,120512.0
scroll,slowheat_unidirectional,total_model_examples_processed,130501536,120512.0
scroll,slowheat_unidirectional,total_model_examples_processed,492612040,120512.0
scroll,slowheat_unidirectional,estimated_total_flops,2101606466,134901528877897.0
scroll,slowheat_unidirectional,estimated_total_flops,1872839281,134901528877897.0
scroll,slowheat_unidirectional,estimated_total_flops,637029796,134901528877897.0
scroll,slowheat_unidirectional,estimated_total_flops,1357204345,134901528877897.0
scroll,slowheat_unidirectional,estimated_total_flops,1758462037,134901528877897.0
scroll,slowheat_unidirectional,estimated_total_flops,748737880,134901528877897.0
scroll,slowheat_unidirectional,estimated_total_flops,1611510062,134901528877897.0
scroll,slowheat_unidirectional,estimated_total_flops,333205446,134901528877897.0
scroll,slowheat_unidirectional,estimated_total_flops,130501536,134901528877897.0
scroll,slowheat_unidirectional,estimated_total_flops,492612040,134901528877897.0
scroll,slowheat_unidirectional,estimated_overhead_flops,2101606466,-4970816695.0
scroll,slowheat_unidirectional,estimated_overhead_flops,1872839281,-4970816695.0
scroll,slowheat_unidirectional,estimated_overhead_flops,637029796,-4970816695.0
scroll,slowheat_unidirectional,estimated_overhead_flops,1357204345,-4970816695.0
scroll,slowheat_unidirectional,estimated_overhead_flops,1758462037,-4970816695.0
scroll,slowheat_unidirectional,estimated_overhead_flops,748737880,-4970816695.0
scroll,slowheat_unidirectional,estimated_overhead_flops,1611510062,-4970816695.0
scroll,slowheat_unidirectional,estimated_overhead_flops,333205446,-4970816695.0
scroll,slowheat_unidirectional,estimated_overhead_flops,130501536,-4970816695.0
scroll,slowheat_unidirectional,estimated_overhead_flops,492612040,-4970816695.0
scroll,slowheat_unidirectional,replay_memory_bytes,2101606466,-2459200.0
scroll,slowheat_unidirectional,replay_memory_bytes,1872839281,-2459200.0
scroll,slowheat_unidirectional,replay_memory_bytes,637029796,-2459200.0
scroll,slowheat_unidirectional,replay_memory_bytes,1357204345,-2459200.0
scroll,slowheat_unidirectional,replay_memory_bytes,1758462037,-2459200.0
scroll,slowheat_unidirectional,replay_memory_bytes,748737880,-2459200.0
scroll,slowheat_unidirectional,replay_memory_bytes,1611510062,-2459200.0
scroll,slowheat_unidirectional,replay_memory_bytes,333205446,-2459200.0
scroll,slowheat_unidirectional,replay_memory_bytes,130501536,-2459200.0
scroll,slowheat_unidirectional,replay_memory_bytes,492612040,-2459200.0
scroll,slowheat_unidirectional,stored_logits_bytes,2101606466,0.0
scroll,slowheat_unidirectional,stored_logits_bytes,1872839281,0.0
scroll,slowheat_unidirectional,stored_logits_bytes,637029796,0.0
scroll,slowheat_unidirectional,stored_logits_bytes,1357204345,0.0
scroll,slowheat_unidirectional,stored_logits_bytes,1758462037,0.0
scroll,slowheat_unidirectional,stored_logits_bytes,748737880,0.0
scroll,slowheat_unidirectional,stored_logits_bytes,1611510062,0.0
scroll,slowheat_unidirectional,stored_logits_bytes,333205446,0.0
scroll,slowheat_unidirectional,stored_logits_bytes,130501536,0.0
scroll,slowheat_unidirectional,stored_logits_bytes,492612040,0.0
scroll,slowheat_unidirectional,replay_metadata_bytes,2101606466,-6400.0
scroll,slowheat_unidirectional,replay_metadata_bytes,1872839281,-6400.0
scroll,slowheat_unidirectional,replay_metadata_bytes,637029796,-6400.0
scroll,slowheat_unidirectional,replay_metadata_bytes,1357204345,-6400.0
scroll,slowheat_unidirectional,replay_metadata_bytes,1758462037,-6400.0
scroll,slowheat_unidirectional,replay_metadata_bytes,748737880,-6400.0
scroll,slowheat_unidirectional,replay_metadata_bytes,1611510062,-6400.0
scroll,slowheat_unidirectional,replay_metadata_bytes,333205446,-6400.0
scroll,slowheat_unidirectional,replay_metadata_bytes,130501536,-6400.0
scroll,slowheat_unidirectional,replay_metadata_bytes,492612040,-6400.0
scroll,slowheat_unidirectional,selector_forward_examples,2101606466,0.0
scroll,slowheat_unidirectional,selector_forward_examples,1872839281,0.0
scroll,slowheat_unidirectional,selector_forward_examples,637029796,0.0
scroll,slowheat_unidirectional,selector_forward_examples,1357204345,0.0
scroll,slowheat_unidirectional,selector_forward_examples,1758462037,0.0
scroll,slowheat_unidirectional,selector_forward_examples,748737880,0.0
scroll,slowheat_unidirectional,selector_forward_examples,1611510062,0.0
scroll,slowheat_unidirectional,selector_forward_examples,333205446,0.0
scroll,slowheat_unidirectional,selector_forward_examples,130501536,0.0
scroll,slowheat_unidirectional,selector_forward_examples,492612040,0.0
scroll,slowheat_unidirectional,selection_seconds,2101606466,-0.012874859006842598
scroll,slowheat_unidirectional,selection_seconds,1872839281,-0.012813788023777306
scroll,slowheat_unidirectional,selection_seconds,637029796,-0.013637523021316156
scroll,slowheat_unidirectional,selection_seconds,1357204345,-0.01419130398426205
scroll,slowheat_unidirectional,selection_seconds,1758462037,-0.012897722015623003
scroll,slowheat_unidirectional,selection_seconds,748737880,-0.012616853025974706
scroll,slowheat_unidirectional,selection_seconds,1611510062,-0.012689403985859826
scroll,slowheat_unidirectional,selection_seconds,333205446,-0.012808703992050141
scroll,slowheat_unidirectional,selection_seconds,130501536,-0.013063545018667355
scroll,slowheat_unidirectional,selection_seconds,492612040,-0.01290691300528124
scroll,slowheat,final_average_accuracy,2101606466,0.08779999999999999
scroll,slowheat,final_average_accuracy,1872839281,0.035
scroll,slowheat,final_average_accuracy,637029796,0.06749999999999999
scroll,slowheat,final_average_accuracy,1357204345,0.0794
scroll,slowheat,final_average_accuracy,1758462037,0.012200000000000016
scroll,slowheat,final_average_accuracy,748737880,0.08249999999999999
scroll,slowheat,final_average_accuracy,1611510062,0.022400000000000003
scroll,slowheat,final_average_accuracy,333205446,0.0631
scroll,slowheat,final_average_accuracy,130501536,0.0647
scroll,slowheat,final_average_accuracy,492612040,0.054600000000000024
scroll,slowheat,average_forgetting,2101606466,0.527625
scroll,slowheat,average_forgetting,1872839281,0.43162500000000004
scroll,slowheat,average_forgetting,637029796,0.566875
scroll,slowheat,average_forgetting,1357204345,0.42725
scroll,slowheat,average_forgetting,1758462037,0.577375
scroll,slowheat,average_forgetting,748737880,0.585
scroll,slowheat,average_forgetting,1611510062,0.5888749999999999
scroll,slowheat,average_forgetting,333205446,0.563375
scroll,slowheat,average_forgetting,130501536,0.639125
scroll,slowheat,average_forgetting,492612040,0.45562499999999995
scroll,slowheat,backward_transfer,2101606466,-0.604625
scroll,slowheat,backward_transfer,1872839281,-0.5000000000000001
scroll,slowheat,backward_transfer,637029796,-0.638
scroll,slowheat,backward_transfer,1357204345,-0.5607500000000001
scroll,slowheat,backward_transfer,1758462037,-0.6865
scroll,slowheat,backward_transfer,748737880,-0.585
scroll,slowheat,backward_transfer,1611510062,-0.6067499999999999
scroll,slowheat,backward_transfer,333205446,-0.665625
scroll,slowheat,backward_transfer,130501536,-0.69125
scroll,slowheat,backward_transfer,492612040,-0.5607499999999999
scroll,slowheat,forward_transfer,2101606466,0.0
scroll,slowheat,forward_transfer,1872839281,0.0
scroll,slowheat,forward_transfer,637029796,0.00012499999999998623
scroll,slowheat,forward_transfer,1357204345,0.001125000000000001
scroll,slowheat,forward_transfer,1758462037,0.0
scroll,slowheat,forward_transfer,748737880,0.0
scroll,slowheat,forward_transfer,1611510062,0.0008750000000000008
scroll,slowheat,forward_transfer,333205446,0.003124999999999989
scroll,slowheat,forward_transfer,130501536,0.00025
scroll,slowheat,forward_transfer,492612040,0.0030000000000000027
scroll,slowheat,task_aware_final_accuracy,2101606466,0.008099999999999996
scroll,slowheat,task_aware_final_accuracy,1872839281,0.01609999999999978
scroll,slowheat,task_aware_final_accuracy,637029796,0.06500000000000006
scroll,slowheat,task_aware_final_accuracy,1357204345,0.08740000000000003
scroll,slowheat,task_aware_final_accuracy,1758462037,-0.03590000000000004
scroll,slowheat,task_aware_final_accuracy,748737880,0.08250000000000002
scroll,slowheat,task_aware_final_accuracy,1611510062,0.05730000000000002
scroll,slowheat,task_aware_final_accuracy,333205446,0.07769999999999999
scroll,slowheat,task_aware_final_accuracy,130501536,0.028799999999999937
scroll,slowheat,task_aware_final_accuracy,492612040,0.1006999999999999
scroll,slowheat,task_aware_forgetting,2101606466,0.355375
scroll,slowheat,task_aware_forgetting,1872839281,0.23712500000000003
scroll,slowheat,task_aware_forgetting,637029796,0.256
scroll,slowheat,task_aware_forgetting,1357204345,0.263625
scroll,slowheat,task_aware_forgetting,1758462037,0.309125
scroll,slowheat,task_aware_forgetting,748737880,0.254125
scroll,slowheat,task_aware_forgetting,1611510062,0.284875
scroll,slowheat,task_aware_forgetting,333205446,0.249
scroll,slowheat,task_aware_forgetting,130501536,0.26762500000000006
scroll,slowheat,task_aware_forgetting,492612040,0.22962500000000002
scroll,slowheat,classifier_gap,2101606466,-0.0797
scroll,slowheat,classifier_gap,1872839281,-0.01890000000000025
scroll,slowheat,classifier_gap,637029796,-0.002499999999999891
scroll,slowheat,classifier_gap,1357204345,0.008000000000000007
scroll,slowheat,classifier_gap,1758462037,-0.04810000000000009
scroll,slowheat,classifier_gap,748737880,0.0
scroll,slowheat,classifier_gap,1611510062,0.03490000000000004
scroll,slowheat,classifier_gap,333205446,0.014600000000000002
scroll,slowheat,classifier_gap,130501536,-0.03590000000000004
scroll,slowheat,classifier_gap,492612040,0.04609999999999986
scroll,slowheat,elapsed_seconds,2101606466,270.0476516679919
scroll,slowheat,elapsed_seconds,1872839281,217.19137787100044
scroll,slowheat,elapsed_seconds,637029796,219.04810548695968
scroll,slowheat,elapsed_seconds,1357204345,79.48578220201307
scroll,slowheat,elapsed_seconds,1758462037,83.6258218960138
scroll,slowheat,elapsed_seconds,748737880,77.16304623600445
scroll,slowheat,elapsed_seconds,1611510062,77.30801144402358
scroll,slowheat,elapsed_seconds,333205446,76.81218657296267
scroll,slowheat,elapsed_seconds,130501536,82.91795083100442
scroll,slowheat,elapsed_seconds,492612040,75.38075098401168
scroll,slowheat,learner_examples_processed,2101606466,160512.0
scroll,slowheat,learner_examples_processed,1872839281,160512.0
scroll,slowheat,learner_examples_processed,637029796,160512.0
scroll,slowheat,learner_examples_processed,1357204345,160512.0
scroll,slowheat,learner_examples_processed,1758462037,160512.0
scroll,slowheat,learner_examples_processed,748737880,160512.0
scroll,slowheat,learner_examples_processed,1611510062,160512.0
scroll,slowheat,learner_examples_processed,333205446,160512.0
scroll,slowheat,learner_examples_processed,130501536,160512.0
scroll,slowheat,learner_examples_processed,492612040,160512.0
scroll,slowheat,total_model_examples_processed,2101606466,120512.0
scroll,slowheat,total_model_examples_processed,1872839281,120512.0
scroll,slowheat,total_model_examples_processed,637029796,120512.0
scroll,slowheat,total_model_examples_processed,1357204345,120512.0
scroll,slowheat,total_model_examples_processed,1758462037,120512.0
scroll,slowheat,total_model_examples_processed,748737880,120512.0
scroll,slowheat,total_model_examples_processed,1611510062,120512.0
scroll,slowheat,total_model_examples_processed,333205446,120512.0
scroll,slowheat,total_model_examples_processed,130501536,120512.0
scroll,slowheat,total_model_examples_processed,492612040,120512.0
scroll,slowheat,estimated_total_flops,2101606466,134901528877897.0
scroll,slowheat,estimated_total_flops,1872839281,134901528877897.0
scroll,slowheat,estimated_total_flops,637029796,134901528877897.0
scroll,slowheat,estimated_total_flops,1357204345,134901528877897.0
scroll,slowheat,estimated_total_flops,1758462037,134901528877897.0
scroll,slowheat,estimated_total_flops,748737880,134901528877897.0
scroll,slowheat,estimated_total_flops,1611510062,134901528877897.0
scroll,slowheat,estimated_total_flops,333205446,134901528877897.0
scroll,slowheat,estimated_total_flops,130501536,134901528877897.0
scroll,slowheat,estimated_total_flops,492612040,134901528877897.0
scroll,slowheat,estimated_overhead_flops,2101606466,-4970816695.0
scroll,slowheat,estimated_overhead_flops,1872839281,-4970816695.0
scroll,slowheat,estimated_overhead_flops,637029796,-4970816695.0
scroll,slowheat,estimated_overhead_flops,1357204345,-4970816695.0
scroll,slowheat,estimated_overhead_flops,1758462037,-4970816695.0
scroll,slowheat,estimated_overhead_flops,748737880,-4970816695.0
scroll,slowheat,estimated_overhead_flops,1611510062,-4970816695.0
scroll,slowheat,estimated_overhead_flops,333205446,-4970816695.0
scroll,slowheat,estimated_overhead_flops,130501536,-4970816695.0
scroll,slowheat,estimated_overhead_flops,492612040,-4970816695.0
scroll,slowheat,replay_memory_bytes,2101606466,-2459200.0
scroll,slowheat,replay_memory_bytes,1872839281,-2459200.0
scroll,slowheat,replay_memory_bytes,637029796,-2459200.0
scroll,slowheat,replay_memory_bytes,1357204345,-2459200.0
scroll,slowheat,replay_memory_bytes,1758462037,-2459200.0
scroll,slowheat,replay_memory_bytes,748737880,-2459200.0
scroll,slowheat,replay_memory_bytes,1611510062,-2459200.0
scroll,slowheat,replay_memory_bytes,333205446,-2459200.0
scroll,slowheat,replay_memory_bytes,130501536,-2459200.0
scroll,slowheat,replay_memory_bytes,492612040,-2459200.0
scroll,slowheat,stored_logits_bytes,2101606466,0.0
scroll,slowheat,stored_logits_bytes,1872839281,0.0
scroll,slowheat,stored_logits_bytes,637029796,0.0
scroll,slowheat,stored_logits_bytes,1357204345,0.0
scroll,slowheat,stored_logits_bytes,1758462037,0.0
scroll,slowheat,stored_logits_bytes,748737880,0.0
scroll,slowheat,stored_logits_bytes,1611510062,0.0
scroll,slowheat,stored_logits_bytes,333205446,0.0
scroll,slowheat,stored_logits_bytes,130501536,0.0
scroll,slowheat,stored_logits_bytes,492612040,0.0
scroll,slowheat,replay_metadata_bytes,2101606466,-6400.0
scroll,slowheat,replay_metadata_bytes,1872839281,-6400.0
scroll,slowheat,replay_metadata_bytes,637029796,-6400.0
scroll,slowheat,replay_metadata_bytes,1357204345,-6400.0
scroll,slowheat,replay_metadata_bytes,1758462037,-6400.0
scroll,slowheat,replay_metadata_bytes,748737880,-6400.0
scroll,slowheat,replay_metadata_bytes,1611510062,-6400.0
scroll,slowheat,replay_metadata_bytes,333205446,-6400.0
scroll,slowheat,replay_metadata_bytes,130501536,-6400.0
scroll,slowheat,replay_metadata_bytes,492612040,-6400.0
scroll,slowheat,selector_forward_examples,2101606466,0.0
scroll,slowheat,selector_forward_examples,1872839281,0.0
scroll,slowheat,selector_forward_examples,637029796,0.0
scroll,slowheat,selector_forward_examples,1357204345,0.0
scroll,slowheat,selector_forward_examples,1758462037,0.0
scroll,slowheat,selector_forward_examples,748737880,0.0
scroll,slowheat,selector_forward_examples,1611510062,0.0
scroll,slowheat,selector_forward_examples,333205446,0.0
scroll,slowheat,selector_forward_examples,130501536,0.0
scroll,slowheat,selector_forward_examples,492612040,0.0
scroll,slowheat,selection_seconds,2101606466,-0.012874859006842598
scroll,slowheat,selection_seconds,1872839281,-0.012813788023777306
scroll,slowheat,selection_seconds,637029796,-0.013637523021316156
scroll,slowheat,selection_seconds,1357204345,-0.01419130398426205
scroll,slowheat,selection_seconds,1758462037,-0.012897722015623003
scroll,slowheat,selection_seconds,748737880,-0.012616853025974706
scroll,slowheat,selection_seconds,1611510062,-0.012689403985859826
scroll,slowheat,selection_seconds,333205446,-0.012808703992050141
scroll,slowheat,selection_seconds,130501536,-0.013063545018667355
scroll,slowheat,selection_seconds,492612040,-0.01290691300528124
scroll,hard_freeze,final_average_accuracy,2101606466,0.04999999999999999
scroll,hard_freeze,final_average_accuracy,1872839281,0.017400000000000027
scroll,hard_freeze,final_average_accuracy,637029796,0.020699999999999982
scroll,hard_freeze,final_average_accuracy,1357204345,0.058099999999999985
scroll,hard_freeze,final_average_accuracy,1758462037,-0.017600000000000005
scroll,hard_freeze,final_average_accuracy,748737880,0.047500000000000014
scroll,hard_freeze,final_average_accuracy,1611510062,-0.0010000000000000286
scroll,hard_freeze,final_average_accuracy,333205446,0.037299999999999986
scroll,hard_freeze,final_average_accuracy,130501536,0.05199999999999998
scroll,hard_freeze,final_average_accuracy,492612040,0.027300000000000005
scroll,hard_freeze,average_forgetting,2101606466,0.43375
scroll,hard_freeze,average_forgetting,1872839281,0.33287500000000003
scroll,hard_freeze,average_forgetting,637029796,0.5070000000000001
scroll,hard_freeze,average_forgetting,1357204345,0.355375
scroll,hard_freeze,average_forgetting,1758462037,0.44300000000000006
scroll,hard_freeze,average_forgetting,748737880,0.477125
scroll,hard_freeze,average_forgetting,1611510062,0.503375
scroll,hard_freeze,average_forgetting,333205446,0.4941249999999999
scroll,hard_freeze,average_forgetting,130501536,0.5567500000000001
scroll,hard_freeze,average_forgetting,492612040,0.39325
scroll,hard_freeze,backward_transfer,2101606466,-0.51075
scroll,hard_freeze,backward_transfer,1872839281,-0.4012500000000001
scroll,hard_freeze,backward_transfer,637029796,-0.5781250000000001
scroll,hard_freeze,backward_transfer,1357204345,-0.488875
scroll,hard_freeze,backward_transfer,1758462037,-0.5521250000000001
scroll,hard_freeze,backward_transfer,748737880,-0.477125
scroll,hard_freeze,backward_transfer,1611510062,-0.52125
scroll,hard_freeze,backward_transfer,333205446,-0.596375
scroll,hard_freeze,backward_transfer,130501536,-0.608875
scroll,hard_freeze,backward_transfer,492612040,-0.49837499999999996
scroll,hard_freeze,forward_transfer,2101606466,0.0
scroll,hard_freeze,forward_transfer,1872839281,0.0
scroll,hard_freeze,forward_transfer,637029796,0.0007500000000000007
scroll,hard_freeze,forward_transfer,1357204345,0.0020000000000000018
scroll,hard_freeze,forward_transfer,1758462037,0.0
scroll,hard_freeze,forward_transfer,748737880,0.000375
scroll,hard_freeze,forward_transfer,1611510062,0.0013750000000000012
scroll,hard_freeze,forward_transfer,333205446,0.005124999999999991
scroll,hard_freeze,forward_transfer,130501536,0.0
scroll,hard_freeze,forward_transfer,492612040,0.003124999999999989
scroll,hard_freeze,task_aware_final_accuracy,2101606466,0.10219999999999996
scroll,hard_freeze,task_aware_final_accuracy,1872839281,0.004999999999999893
scroll,hard_freeze,task_aware_final_accuracy,637029796,0.02080000000000004
scroll,hard_freeze,task_aware_final_accuracy,1357204345,0.016800000000000037
scroll,hard_freeze,task_aware_final_accuracy,1758462037,0.022199999999999998
scroll,hard_freeze,task_aware_final_accuracy,748737880,0.04279999999999995
scroll,hard_freeze,task_aware_final_accuracy,1611510062,0.044299999999999895
scroll,hard_freeze,task_aware_final_accuracy,333205446,0.03909999999999991
scroll,hard_freeze,task_aware_final_accuracy,130501536,0.015899999999999914
scroll,hard_freeze,task_aware_final_accuracy,492612040,0.026399999999999868
scroll,hard_freeze,task_aware_forgetting,2101606466,0.096625
scroll,hard_freeze,task_aware_forgetting,1872839281,0.14825
scroll,hard_freeze,task_aware_forgetting,637029796,0.192875
scroll,hard_freeze,task_aware_forgetting,1357204345,0.25350000000000006
scroll,hard_freeze,task_aware_forgetting,1758462037,0.06612499999999996
scroll,hard_freeze,task_aware_forgetting,748737880,0.152125
scroll,hard_freeze,task_aware_forgetting,1611510062,0.18662499999999996
scroll,hard_freeze,task_aware_forgetting,333205446,0.19574999999999998
scroll,hard_freeze,task_aware_forgetting,130501536,0.185875
scroll,hard_freeze,task_aware_forgetting,492612040,0.22600000000000003
scroll,hard_freeze,classifier_gap,2101606466,0.05219999999999997
scroll,hard_freeze,classifier_gap,1872839281,-0.012400000000000133
scroll,hard_freeze,classifier_gap,637029796,0.0001000000000000445
scroll,hard_freeze,classifier_gap,1357204345,-0.0413
scroll,hard_freeze,classifier_gap,1758462037,0.03979999999999995
scroll,hard_freeze,classifier_gap,748737880,-0.004700000000000093
scroll,hard_freeze,classifier_gap,1611510062,0.04529999999999995
scroll,hard_freeze,classifier_gap,333205446,0.0017999999999999128
scroll,hard_freeze,classifier_gap,130501536,-0.036100000000000076
scroll,hard_freeze,classifier_gap,492612040,-0.0009000000000001784
scroll,hard_freeze,elapsed_seconds,2101606466,275.1832201049838
scroll,hard_freeze,elapsed_seconds,1872839281,221.14134941299562
scroll,hard_freeze,elapsed_seconds,637029796,220.87538413098082
scroll,hard_freeze,elapsed_seconds,1357204345,82.13440853299107
scroll,hard_freeze,elapsed_seconds,1758462037,82.753256305994
scroll,hard_freeze,elapsed_seconds,748737880,75.83680567197734
scroll,hard_freeze,elapsed_seconds,1611510062,76.99247029601247
scroll,hard_freeze,elapsed_seconds,333205446,75.97427516596508
scroll,hard_freeze,elapsed_seconds,130501536,82.3797275229881
scroll,hard_freeze,elapsed_seconds,492612040,74.67619604003266
scroll,hard_freeze,learner_examples_processed,2101606466,160512.0
scroll,hard_freeze,learner_examples_processed,1872839281,160512.0
scroll,hard_freeze,learner_examples_processed,637029796,160512.0
scroll,hard_freeze,learner_examples_processed,1357204345,160512.0
scroll,hard_freeze,learner_examples_processed,1758462037,160512.0
scroll,hard_freeze,learner_examples_processed,748737880,160512.0
scroll,hard_freeze,learner_examples_processed,1611510062,160512.0
scroll,hard_freeze,learner_examples_processed,333205446,160512.0
scroll,hard_freeze,learner_examples_processed,130501536,160512.0
scroll,hard_freeze,learner_examples_processed,492612040,160512.0
scroll,hard_freeze,total_model_examples_processed,2101606466,120512.0
scroll,hard_freeze,total_model_examples_processed,1872839281,120512.0
scroll,hard_freeze,total_model_examples_processed,637029796,120512.0
scroll,hard_freeze,total_model_examples_processed,1357204345,120512.0
scroll,hard_freeze,total_model_examples_processed,1758462037,120512.0
scroll,hard_freeze,total_model_examples_processed,748737880,120512.0
scroll,hard_freeze,total_model_examples_processed,1611510062,120512.0
scroll,hard_freeze,total_model_examples_processed,333205446,120512.0
scroll,hard_freeze,total_model_examples_processed,130501536,120512.0
scroll,hard_freeze,total_model_examples_processed,492612040,120512.0
scroll,hard_freeze,estimated_total_flops,2101606466,134901528877897.0
scroll,hard_freeze,estimated_total_flops,1872839281,134901528877897.0
scroll,hard_freeze,estimated_total_flops,637029796,134901528877897.0
scroll,hard_freeze,estimated_total_flops,1357204345,134901528877897.0
scroll,hard_freeze,estimated_total_flops,1758462037,134901528877897.0
scroll,hard_freeze,estimated_total_flops,748737880,134901528877897.0
scroll,hard_freeze,estimated_total_flops,1611510062,134901528877897.0
scroll,hard_freeze,estimated_total_flops,333205446,134901528877897.0
scroll,hard_freeze,estimated_total_flops,130501536,134901528877897.0
scroll,hard_freeze,estimated_total_flops,492612040,134901528877897.0
scroll,hard_freeze,estimated_overhead_flops,2101606466,-4970816695.0
scroll,hard_freeze,estimated_overhead_flops,1872839281,-4970816695.0
scroll,hard_freeze,estimated_overhead_flops,637029796,-4970816695.0
scroll,hard_freeze,estimated_overhead_flops,1357204345,-4970816695.0
scroll,hard_freeze,estimated_overhead_flops,1758462037,-4970816695.0
scroll,hard_freeze,estimated_overhead_flops,748737880,-4970816695.0
scroll,hard_freeze,estimated_overhead_flops,1611510062,-4970816695.0
scroll,hard_freeze,estimated_overhead_flops,333205446,-4970816695.0
scroll,hard_freeze,estimated_overhead_flops,130501536,-4970816695.0
scroll,hard_freeze,estimated_overhead_flops,492612040,-4970816695.0
scroll,hard_freeze,replay_memory_bytes,2101606466,-2459200.0
scroll,hard_freeze,replay_memory_bytes,1872839281,-2459200.0
scroll,hard_freeze,replay_memory_bytes,637029796,-2459200.0
scroll,hard_freeze,replay_memory_bytes,1357204345,-2459200.0
scroll,hard_freeze,replay_memory_bytes,1758462037,-2459200.0
scroll,hard_freeze,replay_memory_bytes,748737880,-2459200.0
scroll,hard_freeze,replay_memory_bytes,1611510062,-2459200.0
scroll,hard_freeze,replay_memory_bytes,333205446,-2459200.0
scroll,hard_freeze,replay_memory_bytes,130501536,-2459200.0
scroll,hard_freeze,replay_memory_bytes,492612040,-2459200.0
scroll,hard_freeze,stored_logits_bytes,2101606466,0.0
scroll,hard_freeze,stored_logits_bytes,1872839281,0.0
scroll,hard_freeze,stored_logits_bytes,637029796,0.0
scroll,hard_freeze,stored_logits_bytes,1357204345,0.0
scroll,hard_freeze,stored_logits_bytes,1758462037,0.0
scroll,hard_freeze,stored_logits_bytes,748737880,0.0
scroll,hard_freeze,stored_logits_bytes,1611510062,0.0
scroll,hard_freeze,stored_logits_bytes,333205446,0.0
scroll,hard_freeze,stored_logits_bytes,130501536,0.0
scroll,hard_freeze,stored_logits_bytes,492612040,0.0
scroll,hard_freeze,replay_metadata_bytes,2101606466,-6400.0
scroll,hard_freeze,replay_metadata_bytes,1872839281,-6400.0
scroll,hard_freeze,replay_metadata_bytes,637029796,-6400.0
scroll,hard_freeze,replay_metadata_bytes,1357204345,-6400.0
scroll,hard_freeze,replay_metadata_bytes,1758462037,-6400.0
scroll,hard_freeze,replay_metadata_bytes,748737880,-6400.0
scroll,hard_freeze,replay_metadata_bytes,1611510062,-6400.0
scroll,hard_freeze,replay_metadata_bytes,333205446,-6400.0
scroll,hard_freeze,replay_metadata_bytes,130501536,-6400.0
scroll,hard_freeze,replay_metadata_bytes,492612040,-6400.0
scroll,hard_freeze,selector_forward_examples,2101606466,0.0
scroll,hard_freeze,selector_forward_examples,1872839281,0.0
scroll,hard_freeze,selector_forward_examples,637029796,0.0
scroll,hard_freeze,selector_forward_examples,1357204345,0.0
scroll,hard_freeze,selector_forward_examples,1758462037,0.0
scroll,hard_freeze,selector_forward_examples,748737880,0.0
scroll,hard_freeze,selector_forward_examples,1611510062,0.0
scroll,hard_freeze,selector_forward_examples,333205446,0.0
scroll,hard_freeze,selector_forward_examples,130501536,0.0
scroll,hard_freeze,selector_forward_examples,492612040,0.0
scroll,hard_freeze,selection_seconds,2101606466,-0.012874859006842598
scroll,hard_freeze,selection_seconds,1872839281,-0.012813788023777306
scroll,hard_freeze,selection_seconds,637029796,-0.013637523021316156
scroll,hard_freeze,selection_seconds,1357204345,-0.01419130398426205
scroll,hard_freeze,selection_seconds,1758462037,-0.012897722015623003
scroll,hard_freeze,selection_seconds,748737880,-0.012616853025974706
scroll,hard_freeze,selection_seconds,1611510062,-0.012689403985859826
scroll,hard_freeze,selection_seconds,333205446,-0.012808703992050141
scroll,hard_freeze,selection_seconds,130501536,-0.013063545018667355
scroll,hard_freeze,selection_seconds,492612040,-0.01290691300528124
scroll,lpr,final_average_accuracy,2101606466,0.13279999999999997
scroll,lpr,final_average_accuracy,1872839281,0.10090000000000005
scroll,lpr,final_average_accuracy,637029796,0.11949999999999998
scroll,lpr,final_average_accuracy,1357204345,0.13910000000000003
scroll,lpr,final_average_accuracy,1758462037,0.06040000000000001
scroll,lpr,final_average_accuracy,748737880,0.137
scroll,lpr,final_average_accuracy,1611510062,0.0884
scroll,lpr,final_average_accuracy,333205446,0.13090000000000002
scroll,lpr,final_average_accuracy,130501536,0.13090000000000002
scroll,lpr,final_average_accuracy,492612040,0.10810000000000002
scroll,lpr,average_forgetting,2101606466,0.4888750000000001
scroll,lpr,average_forgetting,1872839281,0.36887499999999995
scroll,lpr,average_forgetting,637029796,0.5322499999999999
scroll,lpr,average_forgetting,1357204345,0.37
scroll,lpr,average_forgetting,1758462037,0.534625
scroll,lpr,average_forgetting,748737880,0.547125
scroll,lpr,average_forgetting,1611510062,0.52475
scroll,lpr,average_forgetting,333205446,0.50125
scroll,lpr,average_forgetting,130501536,0.594125
scroll,lpr,average_forgetting,492612040,0.42025
scroll,lpr,backward_transfer,2101606466,-0.5658750000000001
scroll,lpr,backward_transfer,1872839281,-0.43725
scroll,lpr,backward_transfer,637029796,-0.603375
scroll,lpr,backward_transfer,1357204345,-0.5035000000000001
scroll,lpr,backward_transfer,1758462037,-0.64375
scroll,lpr,backward_transfer,748737880,-0.547125
scroll,lpr,backward_transfer,1611510062,-0.5426250000000001
scroll,lpr,backward_transfer,333205446,-0.6035
scroll,lpr,backward_transfer,130501536,-0.64625
scroll,lpr,backward_transfer,492612040,-0.5253749999999999
scroll,lpr,forward_transfer,2101606466,0.0001250000000000001
scroll,lpr,forward_transfer,1872839281,0.00025
scroll,lpr,forward_transfer,637029796,0.0
scroll,lpr,forward_transfer,1357204345,0.0017500000000000016
scroll,lpr,forward_transfer,1758462037,0.0
scroll,lpr,forward_transfer,748737880,0.0
scroll,lpr,forward_transfer,1611510062,0.0002500000000000002
scroll,lpr,forward_transfer,333205446,0.0012500000000000011
scroll,lpr,forward_transfer,130501536,0.00025
scroll,lpr,forward_transfer,492612040,0.002375000000000016
scroll,lpr,task_aware_final_accuracy,2101606466,0.2594000000000001
scroll,lpr,task_aware_final_accuracy,1872839281,0.20329999999999993
scroll,lpr,task_aware_final_accuracy,637029796,0.24850000000000005
scroll,lpr,task_aware_final_accuracy,1357204345,0.2791
scroll,lpr,task_aware_final_accuracy,1758462037,0.1864
scroll,lpr,task_aware_final_accuracy,748737880,0.25029999999999997
scroll,lpr,task_aware_final_accuracy,1611510062,0.27179999999999993
scroll,lpr,task_aware_final_accuracy,333205446,0.25639999999999985
scroll,lpr,task_aware_final_accuracy,130501536,0.16959999999999997
scroll,lpr,task_aware_final_accuracy,492612040,0.2601999999999999
scroll,lpr,task_aware_forgetting,2101606466,0.059375000000000025
scroll,lpr,task_aware_forgetting,1872839281,0.02637500000000005
scroll,lpr,task_aware_forgetting,637029796,0.05737499999999998
scroll,lpr,task_aware_forgetting,1357204345,0.04225000000000001
scroll,lpr,task_aware_forgetting,1758462037,0.04974999999999993
scroll,lpr,task_aware_forgetting,748737880,0.075625
scroll,lpr,task_aware_forgetting,1611510062,0.03687499999999999
scroll,lpr,task_aware_forgetting,333205446,0.049749999999999975
scroll,lpr,task_aware_forgetting,130501536,0.130125
scroll,lpr,task_aware_forgetting,492612040,0.062125000000000014
scroll,lpr,classifier_gap,2101606466,0.12660000000000016
scroll,lpr,classifier_gap,1872839281,0.10239999999999982
scroll,lpr,classifier_gap,637029796,0.12900000000000006
scroll,lpr,classifier_gap,1357204345,0.14
scroll,lpr,classifier_gap,1758462037,0.126
scroll,lpr,classifier_gap,748737880,0.11329999999999996
scroll,lpr,classifier_gap,1611510062,0.1834
scroll,lpr,classifier_gap,333205446,0.1254999999999999
scroll,lpr,classifier_gap,130501536,0.03870000000000001
scroll,lpr,classifier_gap,492612040,0.15209999999999985
scroll,lpr,elapsed_seconds,2101606466,94.88353212698712
scroll,lpr,elapsed_seconds,1872839281,112.31355361896567
scroll,lpr,elapsed_seconds,637029796,99.16333106698585
scroll,lpr,elapsed_seconds,1357204345,80.51378022300196
scroll,lpr,elapsed_seconds,1758462037,81.20355537498835
scroll,lpr,elapsed_seconds,748737880,76.48195273100282
scroll,lpr,elapsed_seconds,1611510062,76.99294438600191
scroll,lpr,elapsed_seconds,333205446,80.41707641395624
scroll,lpr,elapsed_seconds,130501536,81.75971573597053
scroll,lpr,elapsed_seconds,492612040,76.58707974402932
scroll,lpr,learner_examples_processed,2101606466,241152.0
scroll,lpr,learner_examples_processed,1872839281,241152.0
scroll,lpr,learner_examples_processed,637029796,241152.0
scroll,lpr,learner_examples_processed,1357204345,241152.0
scroll,lpr,learner_examples_processed,1758462037,241152.0
scroll,lpr,learner_examples_processed,748737880,241152.0
scroll,lpr,learner_examples_processed,1611510062,241152.0
scroll,lpr,learner_examples_processed,333205446,241152.0
scroll,lpr,learner_examples_processed,130501536,241152.0
scroll,lpr,learner_examples_processed,492612040,241152.0
scroll,lpr,total_model_examples_processed,2101606466,201592.0
scroll,lpr,total_model_examples_processed,1872839281,201592.0
scroll,lpr,total_model_examples_processed,637029796,201592.0
scroll,lpr,total_model_examples_processed,1357204345,201592.0
scroll,lpr,total_model_examples_processed,1758462037,201592.0
scroll,lpr,total_model_examples_processed,748737880,201592.0
scroll,lpr,total_model_examples_processed,1611510062,201592.0
scroll,lpr,total_model_examples_processed,333205446,201592.0
scroll,lpr,total_model_examples_processed,130501536,201592.0
scroll,lpr,total_model_examples_processed,492612040,201592.0
scroll,lpr,estimated_total_flops,2101606466,304048812377427.0
scroll,lpr,estimated_total_flops,1872839281,304048812377427.0
scroll,lpr,estimated_total_flops,637029796,304048812377427.0
scroll,lpr,estimated_total_flops,1357204345,304048812377427.0
scroll,lpr,estimated_total_flops,1758462037,304048812377427.0
scroll,lpr,estimated_total_flops,748737880,304048812377427.0
scroll,lpr,estimated_total_flops,1611510062,304048812377427.0
scroll,lpr,estimated_total_flops,333205446,304048812377427.0
scroll,lpr,estimated_total_flops,130501536,304048812377427.0
scroll,lpr,estimated_total_flops,492612040,304048812377427.0
scroll,lpr,estimated_overhead_flops,2101606466,95091863192915.0
scroll,lpr,estimated_overhead_flops,1872839281,95091863192915.0
scroll,lpr,estimated_overhead_flops,637029796,95091863192915.0
scroll,lpr,estimated_overhead_flops,1357204345,95091863192915.0
scroll,lpr,estimated_overhead_flops,1758462037,95091863192915.0
scroll,lpr,estimated_overhead_flops,748737880,95091863192915.0
scroll,lpr,estimated_overhead_flops,1611510062,95091863192915.0
scroll,lpr,estimated_overhead_flops,333205446,95091863192915.0
scroll,lpr,estimated_overhead_flops,130501536,95091863192915.0
scroll,lpr,estimated_overhead_flops,492612040,95091863192915.0
scroll,lpr,replay_memory_bytes,2101606466,0.0
scroll,lpr,replay_memory_bytes,1872839281,0.0
scroll,lpr,replay_memory_bytes,637029796,0.0
scroll,lpr,replay_memory_bytes,1357204345,0.0
scroll,lpr,replay_memory_bytes,1758462037,0.0
scroll,lpr,replay_memory_bytes,748737880,0.0
scroll,lpr,replay_memory_bytes,1611510062,0.0
scroll,lpr,replay_memory_bytes,333205446,0.0
scroll,lpr,replay_memory_bytes,130501536,0.0
scroll,lpr,replay_memory_bytes,492612040,0.0
scroll,lpr,stored_logits_bytes,2101606466,0.0
scroll,lpr,stored_logits_bytes,1872839281,0.0
scroll,lpr,stored_logits_bytes,637029796,0.0
scroll,lpr,stored_logits_bytes,1357204345,0.0
scroll,lpr,stored_logits_bytes,1758462037,0.0
scroll,lpr,stored_logits_bytes,748737880,0.0
scroll,lpr,stored_logits_bytes,1611510062,0.0
scroll,lpr,stored_logits_bytes,333205446,0.0
scroll,lpr,stored_logits_bytes,130501536,0.0
scroll,lpr,stored_logits_bytes,492612040,0.0
scroll,lpr,replay_metadata_bytes,2101606466,0.0
scroll,lpr,replay_metadata_bytes,1872839281,0.0
scroll,lpr,replay_metadata_bytes,637029796,0.0
scroll,lpr,replay_metadata_bytes,1357204345,0.0
scroll,lpr,replay_metadata_bytes,1758462037,0.0
scroll,lpr,replay_metadata_bytes,748737880,0.0
scroll,lpr,replay_metadata_bytes,1611510062,0.0
scroll,lpr,replay_metadata_bytes,333205446,0.0
scroll,lpr,replay_metadata_bytes,130501536,0.0
scroll,lpr,replay_metadata_bytes,492612040,0.0
scroll,lpr,selector_forward_examples,2101606466,0.0
scroll,lpr,selector_forward_examples,1872839281,0.0
scroll,lpr,selector_forward_examples,637029796,0.0
scroll,lpr,selector_forward_examples,1357204345,0.0
scroll,lpr,selector_forward_examples,1758462037,0.0
scroll,lpr,selector_forward_examples,748737880,0.0
scroll,lpr,selector_forward_examples,1611510062,0.0
scroll,lpr,selector_forward_examples,333205446,0.0
scroll,lpr,selector_forward_examples,130501536,0.0
scroll,lpr,selector_forward_examples,492612040,0.0
scroll,lpr,selection_seconds,2101606466,2.137699630111456e-05
scroll,lpr,selection_seconds,1872839281,0.0006004349561408162
scroll,lpr,selection_seconds,637029796,0.00043573995935730636
scroll,lpr,selection_seconds,1357204345,-0.0007460049528162926
scroll,lpr,selection_seconds,1758462037,0.00033174603595398366
scroll,lpr,selection_seconds,748737880,7.052495493553579e-05
scroll,lpr,selection_seconds,1611510062,7.758199353702366e-05
scroll,lpr,selection_seconds,333205446,-4.447295214049518e-05
scroll,lpr,selection_seconds,130501536,0.00029997702222317457
scroll,lpr,selection_seconds,492612040,0.000295301026199013
scroll,slowheat_lpr,final_average_accuracy,2101606466,0.17880000000000001
scroll,slowheat_lpr,final_average_accuracy,1872839281,0.12930000000000003
scroll,slowheat_lpr,final_average_accuracy,637029796,0.1537
scroll,slowheat_lpr,final_average_accuracy,1357204345,0.1722
scroll,slowheat_lpr,final_average_accuracy,1758462037,0.09410000000000004
scroll,slowheat_lpr,final_average_accuracy,748737880,0.15460000000000004
scroll,slowheat_lpr,final_average_accuracy,1611510062,0.12769999999999995
scroll,slowheat_lpr,final_average_accuracy,333205446,0.16840000000000005
scroll,slowheat_lpr,final_average_accuracy,130501536,0.15099999999999997
scroll,slowheat_lpr,final_average_accuracy,492612040,0.1428000000000001
scroll,slowheat_lpr,average_forgetting,2101606466,0.426375
scroll,slowheat_lpr,average_forgetting,1872839281,0.3417500000000001
scroll,slowheat_lpr,average_forgetting,637029796,0.49274999999999997
scroll,slowheat_lpr,average_forgetting,1357204345,0.32337499999999986
scroll,slowheat_lpr,average_forgetting,1758462037,0.48587499999999995
scroll,slowheat_lpr,average_forgetting,748737880,0.52075
scroll,slowheat_lpr,average_forgetting,1611510062,0.4748749999999998
scroll,slowheat_lpr,average_forgetting,333205446,0.4568749999999999
scroll,slowheat_lpr,average_forgetting,130501536,0.5586250000000001
scroll,slowheat_lpr,average_forgetting,492612040,0.37275
scroll,slowheat_lpr,backward_transfer,2101606466,-0.503375
scroll,slowheat_lpr,backward_transfer,1872839281,-0.4101250000000002
scroll,slowheat_lpr,backward_transfer,637029796,-0.563875
scroll,slowheat_lpr,backward_transfer,1357204345,-0.45687499999999986
scroll,slowheat_lpr,backward_transfer,1758462037,-0.595
scroll,slowheat_lpr,backward_transfer,748737880,-0.52075
scroll,slowheat_lpr,backward_transfer,1611510062,-0.49274999999999985
scroll,slowheat_lpr,backward_transfer,333205446,-0.559125
scroll,slowheat_lpr,backward_transfer,130501536,-0.6107500000000001
scroll,slowheat_lpr,backward_transfer,492612040,-0.477875
scroll,slowheat_lpr,forward_transfer,2101606466,0.0
scroll,slowheat_lpr,forward_transfer,1872839281,0.0
scroll,slowheat_lpr,forward_transfer,637029796,0.0
scroll,slowheat_lpr,forward_transfer,1357204345,0.0030000000000000027
scroll,slowheat_lpr,forward_transfer,1758462037,0.0
scroll,slowheat_lpr,forward_transfer,748737880,0.000375
scroll,slowheat_lpr,forward_transfer,1611510062,0.0005000000000000004
scroll,slowheat_lpr,forward_transfer,333205446,0.0025000000000000022
scroll,slowheat_lpr,forward_transfer,130501536,0.000875
scroll,slowheat_lpr,forward_transfer,492612040,0.0037500000000000033
scroll,slowheat_lpr,task_aware_final_accuracy,2101606466,0.27690000000000003
scroll,slowheat_lpr,task_aware_final_accuracy,1872839281,0.23899999999999988
scroll,slowheat_lpr,task_aware_final_accuracy,637029796,0.2439
scroll,slowheat_lpr,task_aware_final_accuracy,1357204345,0.2735000000000001
scroll,slowheat_lpr,task_aware_final_accuracy,1758462037,0.1885
scroll,slowheat_lpr,task_aware_final_accuracy,748737880,0.26839999999999997
scroll,slowheat_lpr,task_aware_final_accuracy,1611510062,0.28080000000000005
scroll,slowheat_lpr,task_aware_final_accuracy,333205446,0.24129999999999985
scroll,slowheat_lpr,task_aware_final_accuracy,130501536,0.20520000000000005
scroll,slowheat_lpr,task_aware_final_accuracy,492612040,0.2767999999999998
scroll,slowheat_lpr,task_aware_forgetting,2101606466,0.033625
scroll,slowheat_lpr,task_aware_forgetting,1872839281,-0.01112500000000001
scroll,slowheat_lpr,task_aware_forgetting,637029796,0.06787499999999996
scroll,slowheat_lpr,task_aware_forgetting,1357204345,0.04562499999999997
scroll,slowheat_lpr,task_aware_forgetting,1758462037,0.04024999999999995
scroll,slowheat_lpr,task_aware_forgetting,748737880,0.048375
scroll,slowheat_lpr,task_aware_forgetting,1611510062,0.025000000000000022
scroll,slowheat_lpr,task_aware_forgetting,333205446,0.07212500000000004
scroll,slowheat_lpr,task_aware_forgetting,130501536,0.07637500000000001
scroll,slowheat_lpr,task_aware_forgetting,492612040,0.038500000000000006
scroll,slowheat_lpr,classifier_gap,2101606466,0.09809999999999997
scroll,slowheat_lpr,classifier_gap,1872839281,0.10969999999999991
scroll,slowheat_lpr,classifier_gap,637029796,0.0902
scroll,slowheat_lpr,classifier_gap,1357204345,0.10130000000000006
scroll,slowheat_lpr,classifier_gap,1758462037,0.09439999999999993
scroll,slowheat_lpr,classifier_gap,748737880,0.1137999999999999
scroll,slowheat_lpr,classifier_gap,1611510062,0.15310000000000012
scroll,slowheat_lpr,classifier_gap,333205446,0.0728999999999998
scroll,slowheat_lpr,classifier_gap,130501536,0.05420000000000008
scroll,slowheat_lpr,classifier_gap,492612040,0.13399999999999973
scroll,slowheat_lpr,elapsed_seconds,2101606466,253.0674384009908
scroll,slowheat_lpr,elapsed_seconds,1872839281,332.98841790499864
scroll,slowheat_lpr,elapsed_seconds,637029796,164.6940425519715
scroll,slowheat_lpr,elapsed_seconds,1357204345,127.06893716202467
scroll,slowheat_lpr,elapsed_seconds,1758462037,120.20249391999096
scroll,slowheat_lpr,elapsed_seconds,748737880,117.40521524500218
scroll,slowheat_lpr,elapsed_seconds,1611510062,119.1422461750044
scroll,slowheat_lpr,elapsed_seconds,333205446,125.7689389239822
scroll,slowheat_lpr,elapsed_seconds,130501536,126.60537905499223
scroll,slowheat_lpr,elapsed_seconds,492612040,114.80117118300404
scroll,slowheat_lpr,learner_examples_processed,2101606466,241152.0
scroll,slowheat_lpr,learner_examples_processed,1872839281,241152.0
scroll,slowheat_lpr,learner_examples_processed,637029796,241152.0
scroll,slowheat_lpr,learner_examples_processed,1357204345,241152.0
scroll,slowheat_lpr,learner_examples_processed,1758462037,241152.0
scroll,slowheat_lpr,learner_examples_processed,748737880,241152.0
scroll,slowheat_lpr,learner_examples_processed,1611510062,241152.0
scroll,slowheat_lpr,learner_examples_processed,333205446,241152.0
scroll,slowheat_lpr,learner_examples_processed,130501536,241152.0
scroll,slowheat_lpr,learner_examples_processed,492612040,241152.0
scroll,slowheat_lpr,total_model_examples_processed,2101606466,201592.0
scroll,slowheat_lpr,total_model_examples_processed,1872839281,201592.0
scroll,slowheat_lpr,total_model_examples_processed,637029796,201592.0
scroll,slowheat_lpr,total_model_examples_processed,1357204345,201592.0
scroll,slowheat_lpr,total_model_examples_processed,1758462037,201592.0
scroll,slowheat_lpr,total_model_examples_processed,748737880,201592.0
scroll,slowheat_lpr,total_model_examples_processed,1611510062,201592.0
scroll,slowheat_lpr,total_model_examples_processed,333205446,201592.0
scroll,slowheat_lpr,total_model_examples_processed,130501536,201592.0
scroll,slowheat_lpr,total_model_examples_processed,492612040,201592.0
scroll,slowheat_lpr,estimated_total_flops,2101606466,304066441650387.0
scroll,slowheat_lpr,estimated_total_flops,1872839281,304066441650387.0
scroll,slowheat_lpr,estimated_total_flops,637029796,304066441650387.0
scroll,slowheat_lpr,estimated_total_flops,1357204345,304066441650387.0
scroll,slowheat_lpr,estimated_total_flops,1758462037,304066441650387.0
scroll,slowheat_lpr,estimated_total_flops,748737880,304066441650387.0
scroll,slowheat_lpr,estimated_total_flops,1611510062,304066441650387.0
scroll,slowheat_lpr,estimated_total_flops,333205446,304066441650387.0
scroll,slowheat_lpr,estimated_total_flops,130501536,304066441650387.0
scroll,slowheat_lpr,estimated_total_flops,492612040,304066441650387.0
scroll,slowheat_lpr,estimated_overhead_flops,2101606466,95109492465875.0
scroll,slowheat_lpr,estimated_overhead_flops,1872839281,95109492465875.0
scroll,slowheat_lpr,estimated_overhead_flops,637029796,95109492465875.0
scroll,slowheat_lpr,estimated_overhead_flops,1357204345,95109492465875.0
scroll,slowheat_lpr,estimated_overhead_flops,1758462037,95109492465875.0
scroll,slowheat_lpr,estimated_overhead_flops,748737880,95109492465875.0
scroll,slowheat_lpr,estimated_overhead_flops,1611510062,95109492465875.0
scroll,slowheat_lpr,estimated_overhead_flops,333205446,95109492465875.0
scroll,slowheat_lpr,estimated_overhead_flops,130501536,95109492465875.0
scroll,slowheat_lpr,estimated_overhead_flops,492612040,95109492465875.0
scroll,slowheat_lpr,replay_memory_bytes,2101606466,0.0
scroll,slowheat_lpr,replay_memory_bytes,1872839281,0.0
scroll,slowheat_lpr,replay_memory_bytes,637029796,0.0
scroll,slowheat_lpr,replay_memory_bytes,1357204345,0.0
scroll,slowheat_lpr,replay_memory_bytes,1758462037,0.0
scroll,slowheat_lpr,replay_memory_bytes,748737880,0.0
scroll,slowheat_lpr,replay_memory_bytes,1611510062,0.0
scroll,slowheat_lpr,replay_memory_bytes,333205446,0.0
scroll,slowheat_lpr,replay_memory_bytes,130501536,0.0
scroll,slowheat_lpr,replay_memory_bytes,492612040,0.0
scroll,slowheat_lpr,stored_logits_bytes,2101606466,0.0
scroll,slowheat_lpr,stored_logits_bytes,1872839281,0.0
scroll,slowheat_lpr,stored_logits_bytes,637029796,0.0
scroll,slowheat_lpr,stored_logits_bytes,1357204345,0.0
scroll,slowheat_lpr,stored_logits_bytes,1758462037,0.0
scroll,slowheat_lpr,stored_logits_bytes,748737880,0.0
scroll,slowheat_lpr,stored_logits_bytes,1611510062,0.0
scroll,slowheat_lpr,stored_logits_bytes,333205446,0.0
scroll,slowheat_lpr,stored_logits_bytes,130501536,0.0
scroll,slowheat_lpr,stored_logits_bytes,492612040,0.0
scroll,slowheat_lpr,replay_metadata_bytes,2101606466,0.0
scroll,slowheat_lpr,replay_metadata_bytes,1872839281,0.0
scroll,slowheat_lpr,replay_metadata_bytes,637029796,0.0
scroll,slowheat_lpr,replay_metadata_bytes,1357204345,0.0
scroll,slowheat_lpr,replay_metadata_bytes,1758462037,0.0
scroll,slowheat_lpr,replay_metadata_bytes,748737880,0.0
scroll,slowheat_lpr,replay_metadata_bytes,1611510062,0.0
scroll,slowheat_lpr,replay_metadata_bytes,333205446,0.0
scroll,slowheat_lpr,replay_metadata_bytes,130501536,0.0
scroll,slowheat_lpr,replay_metadata_bytes,492612040,0.0
scroll,slowheat_lpr,selector_forward_examples,2101606466,0.0
scroll,slowheat_lpr,selector_forward_examples,1872839281,0.0
scroll,slowheat_lpr,selector_forward_examples,637029796,0.0
scroll,slowheat_lpr,selector_forward_examples,1357204345,0.0
scroll,slowheat_lpr,selector_forward_examples,1758462037,0.0
scroll,slowheat_lpr,selector_forward_examples,748737880,0.0
scroll,slowheat_lpr,selector_forward_examples,1611510062,0.0
scroll,slowheat_lpr,selector_forward_examples,333205446,0.0
scroll,slowheat_lpr,selector_forward_examples,130501536,0.0
scroll,slowheat_lpr,selector_forward_examples,492612040,0.0
scroll,slowheat_lpr,selection_seconds,2101606466,0.0006189349805936217
scroll,slowheat_lpr,selection_seconds,1872839281,0.00010732299415394664
scroll,slowheat_lpr,selection_seconds,637029796,-0.0003628089907579124
scroll,slowheat_lpr,selection_seconds,1357204345,-0.0013044680235907435
scroll,slowheat_lpr,selection_seconds,1758462037,0.000326759007293731
scroll,slowheat_lpr,selection_seconds,748737880,0.00017658298020251095
scroll,slowheat_lpr,selection_seconds,1611510062,0.00017749101971276104
scroll,slowheat_lpr,selection_seconds,333205446,0.0009087779908441007
scroll,slowheat_lpr,selection_seconds,130501536,0.0006537919980473816
scroll,slowheat_lpr,selection_seconds,492612040,-0.0003051460371352732
scroll,classifier_expander,final_average_accuracy,2101606466,0.32830000000000004
scroll,classifier_expander,final_average_accuracy,1872839281,0.2684000000000001
scroll,classifier_expander,final_average_accuracy,637029796,0.3123000000000001
scroll,classifier_expander,final_average_accuracy,1357204345,0.33610000000000007
scroll,classifier_expander,final_average_accuracy,1758462037,0.23270000000000005
scroll,classifier_expander,final_average_accuracy,748737880,0.3367
scroll,classifier_expander,final_average_accuracy,1611510062,0.2614000000000001
scroll,classifier_expander,final_average_accuracy,333205446,0.31339999999999996
scroll,classifier_expander,final_average_accuracy,130501536,0.294
scroll,classifier_expander,final_average_accuracy,492612040,0.3199000000000001
scroll,classifier_expander,average_forgetting,2101606466,-0.0030000000000000027
scroll,classifier_expander,average_forgetting,1872839281,-0.08350000000000002
scroll,classifier_expander,average_forgetting,637029796,-0.03825000000000006
scroll,classifier_expander,average_forgetting,1357204345,-0.13837500000000003
scroll,classifier_expander,average_forgetting,1758462037,0.06499999999999995
scroll,classifier_expander,average_forgetting,748737880,-0.030500000000000027
scroll,classifier_expander,average_forgetting,1611510062,0.09674999999999995
scroll,classifier_expander,average_forgetting,333205446,0.015874999999999972
scroll,classifier_expander,average_forgetting,130501536,0.13475
scroll,classifier_expander,average_forgetting,492612040,-0.10575000000000001
scroll,classifier_expander,backward_transfer,2101606466,-0.04650000000000004
scroll,classifier_expander,backward_transfer,1872839281,0.12774999999999995
scroll,classifier_expander,backward_transfer,637029796,0.137
scroll,classifier_expander,backward_transfer,1357204345,0.04150000000000004
scroll,classifier_expander,backward_transfer,1758462037,-0.10937499999999997
scroll,classifier_expander,backward_transfer,748737880,0.06625
scroll,classifier_expander,backward_transfer,1611510062,-0.06362499999999999
scroll,classifier_expander,backward_transfer,333205446,-0.03587499999999996
scroll,classifier_expander,backward_transfer,130501536,-0.186875
scroll,classifier_expander,backward_transfer,492612040,0.04087500000000005
scroll,classifier_expander,forward_transfer,2101606466,0.0
scroll,classifier_expander,forward_transfer,1872839281,0.0
scroll,classifier_expander,forward_transfer,637029796,0.003124999999999989
scroll,classifier_expander,forward_transfer,1357204345,0.0016250000000000014
scroll,classifier_expander,forward_transfer,1758462037,0.000125
scroll,classifier_expander,forward_transfer,748737880,0.0
scroll,classifier_expander,forward_transfer,1611510062,0.0007500000000000007
scroll,classifier_expander,forward_transfer,333205446,0.007500000000000007
scroll,classifier_expander,forward_transfer,130501536,0.000125
scroll,classifier_expander,forward_transfer,492612040,0.001375000000000015
scroll,classifier_expander,task_aware_final_accuracy,2101606466,0.3206000000000001
scroll,classifier_expander,task_aware_final_accuracy,1872839281,0.27470000000000006
scroll,classifier_expander,task_aware_final_accuracy,637029796,0.3256
scroll,classifier_expander,task_aware_final_accuracy,1357204345,0.36039999999999994
scroll,classifier_expander,task_aware_final_accuracy,1758462037,0.24109999999999998
scroll,classifier_expander,task_aware_final_accuracy,748737880,0.3275
scroll,classifier_expander,task_aware_final_accuracy,1611510062,0.33630000000000015
scroll,classifier_expander,task_aware_final_accuracy,333205446,0.3346999999999998
scroll,classifier_expander,task_aware_final_accuracy,130501536,0.2667999999999999
scroll,classifier_expander,task_aware_final_accuracy,492612040,0.32399999999999984
scroll,classifier_expander,task_aware_forgetting,2101606466,-0.015750000000000056
scroll,classifier_expander,task_aware_forgetting,1872839281,-0.051249999999999976
scroll,classifier_expander,task_aware_forgetting,637029796,-0.05137500000000003
scroll,classifier_expander,task_aware_forgetting,1357204345,-0.04837500000000003
scroll,classifier_expander,task_aware_forgetting,1758462037,-0.027500000000000052
scroll,classifier_expander,task_aware_forgetting,748737880,-0.024249999999999994
scroll,classifier_expander,task_aware_forgetting,1611510062,-0.031000000000000028
scroll,classifier_expander,task_aware_forgetting,333205446,-0.041499999999999995
scroll,classifier_expander,task_aware_forgetting,130501536,0.008250000000000021
scroll,classifier_expander,task_aware_forgetting,492612040,-0.019624999999999948
scroll,classifier_expander,classifier_gap,2101606466,-0.007699999999999929
scroll,classifier_expander,classifier_gap,1872839281,0.006299999999999972
scroll,classifier_expander,classifier_gap,637029796,0.013299999999999923
scroll,classifier_expander,classifier_gap,1357204345,0.024299999999999877
scroll,classifier_expander,classifier_gap,1758462037,0.008399999999999908
scroll,classifier_expander,classifier_gap,748737880,-0.009199999999999986
scroll,classifier_expander,classifier_gap,1611510062,0.07490000000000013
scroll,classifier_expander,classifier_gap,333205446,0.02129999999999982
scroll,classifier_expander,classifier_gap,130501536,-0.027200000000000057
scroll,classifier_expander,classifier_gap,492612040,0.0040999999999997705
scroll,classifier_expander,elapsed_seconds,2101606466,78.0192557349801
scroll,classifier_expander,elapsed_seconds,1872839281,93.54668388696155
scroll,classifier_expander,elapsed_seconds,637029796,42.27092549097142
scroll,classifier_expander,elapsed_seconds,1357204345,67.54545857099583
scroll,classifier_expander,elapsed_seconds,1758462037,64.17461862901109
scroll,classifier_expander,elapsed_seconds,748737880,64.17887861398049
scroll,classifier_expander,elapsed_seconds,1611510062,64.90484579402255
scroll,classifier_expander,elapsed_seconds,333205446,67.28910950597492
scroll,classifier_expander,elapsed_seconds,130501536,67.10603858999093
scroll,classifier_expander,elapsed_seconds,492612040,63.908882765012095
scroll,classifier_expander,learner_examples_processed,2101606466,241856.0
scroll,classifier_expander,learner_examples_processed,1872839281,241856.0
scroll,classifier_expander,learner_examples_processed,637029796,241856.0
scroll,classifier_expander,learner_examples_processed,1357204345,241856.0
scroll,classifier_expander,learner_examples_processed,1758462037,241856.0
scroll,classifier_expander,learner_examples_processed,748737880,241856.0
scroll,classifier_expander,learner_examples_processed,1611510062,241856.0
scroll,classifier_expander,learner_examples_processed,333205446,241856.0
scroll,classifier_expander,learner_examples_processed,130501536,241856.0
scroll,classifier_expander,learner_examples_processed,492612040,241856.0
scroll,classifier_expander,total_model_examples_processed,2101606466,282496.0
scroll,classifier_expander,total_model_examples_processed,1872839281,282496.0
scroll,classifier_expander,total_model_examples_processed,637029796,282496.0
scroll,classifier_expander,total_model_examples_processed,1357204345,282496.0
scroll,classifier_expander,total_model_examples_processed,1758462037,282496.0
scroll,classifier_expander,total_model_examples_processed,748737880,282496.0
scroll,classifier_expander,total_model_examples_processed,1611510062,282496.0
scroll,classifier_expander,total_model_examples_processed,333205446,282496.0
scroll,classifier_expander,total_model_examples_processed,130501536,282496.0
scroll,classifier_expander,total_model_examples_processed,492612040,282496.0
scroll,classifier_expander,estimated_total_flops,2101606466,234084752730491.0
scroll,classifier_expander,estimated_total_flops,1872839281,234084752730491.0
scroll,classifier_expander,estimated_total_flops,637029796,234084752730491.0
scroll,classifier_expander,estimated_total_flops,1357204345,234084752730491.0
scroll,classifier_expander,estimated_total_flops,1758462037,234084752730491.0
scroll,classifier_expander,estimated_total_flops,748737880,234084752730491.0
scroll,classifier_expander,estimated_total_flops,1611510062,234084752730491.0
scroll,classifier_expander,estimated_total_flops,333205446,234084752730491.0
scroll,classifier_expander,estimated_total_flops,130501536,234084752730491.0
scroll,classifier_expander,estimated_total_flops,492612040,234084752730491.0
scroll,classifier_expander,estimated_overhead_flops,2101606466,-21728548485.0
scroll,classifier_expander,estimated_overhead_flops,1872839281,-21728548485.0
scroll,classifier_expander,estimated_overhead_flops,637029796,-21728548485.0
scroll,classifier_expander,estimated_overhead_flops,1357204345,-21728548485.0
scroll,classifier_expander,estimated_overhead_flops,1758462037,-21728548485.0
scroll,classifier_expander,estimated_overhead_flops,748737880,-21728548485.0
scroll,classifier_expander,estimated_overhead_flops,1611510062,-21728548485.0
scroll,classifier_expander,estimated_overhead_flops,333205446,-21728548485.0
scroll,classifier_expander,estimated_overhead_flops,130501536,-21728548485.0
scroll,classifier_expander,estimated_overhead_flops,492612040,-21728548485.0
scroll,classifier_expander,replay_memory_bytes,2101606466,0.0
scroll,classifier_expander,replay_memory_bytes,1872839281,0.0
scroll,classifier_expander,replay_memory_bytes,637029796,0.0
scroll,classifier_expander,replay_memory_bytes,1357204345,0.0
scroll,classifier_expander,replay_memory_bytes,1758462037,0.0
scroll,classifier_expander,replay_memory_bytes,748737880,0.0
scroll,classifier_expander,replay_memory_bytes,1611510062,0.0
scroll,classifier_expander,replay_memory_bytes,333205446,0.0
scroll,classifier_expander,replay_memory_bytes,130501536,0.0
scroll,classifier_expander,replay_memory_bytes,492612040,0.0
scroll,classifier_expander,stored_logits_bytes,2101606466,0.0
scroll,classifier_expander,stored_logits_bytes,1872839281,0.0
scroll,classifier_expander,stored_logits_bytes,637029796,0.0
scroll,classifier_expander,stored_logits_bytes,1357204345,0.0
scroll,classifier_expander,stored_logits_bytes,1758462037,0.0
scroll,classifier_expander,stored_logits_bytes,748737880,0.0
scroll,classifier_expander,stored_logits_bytes,1611510062,0.0
scroll,classifier_expander,stored_logits_bytes,333205446,0.0
scroll,classifier_expander,stored_logits_bytes,130501536,0.0
scroll,classifier_expander,stored_logits_bytes,492612040,0.0
scroll,classifier_expander,replay_metadata_bytes,2101606466,0.0
scroll,classifier_expander,replay_metadata_bytes,1872839281,0.0
scroll,classifier_expander,replay_metadata_bytes,637029796,0.0
scroll,classifier_expander,replay_metadata_bytes,1357204345,0.0
scroll,classifier_expander,replay_metadata_bytes,1758462037,0.0
scroll,classifier_expander,replay_metadata_bytes,748737880,0.0
scroll,classifier_expander,replay_metadata_bytes,1611510062,0.0
scroll,classifier_expander,replay_metadata_bytes,333205446,0.0
scroll,classifier_expander,replay_metadata_bytes,130501536,0.0
scroll,classifier_expander,replay_metadata_bytes,492612040,0.0
scroll,classifier_expander,selector_forward_examples,2101606466,0.0
scroll,classifier_expander,selector_forward_examples,1872839281,0.0
scroll,classifier_expander,selector_forward_examples,637029796,0.0
scroll,classifier_expander,selector_forward_examples,1357204345,0.0
scroll,classifier_expander,selector_forward_examples,1758462037,0.0
scroll,classifier_expander,selector_forward_examples,748737880,0.0
scroll,classifier_expander,selector_forward_examples,1611510062,0.0
scroll,classifier_expander,selector_forward_examples,333205446,0.0
scroll,classifier_expander,selector_forward_examples,130501536,0.0
scroll,classifier_expander,selector_forward_examples,492612040,0.0
scroll,classifier_expander,selection_seconds,2101606466,0.0001890689309220761
scroll,classifier_expander,selection_seconds,1872839281,-0.00021297202329151332
scroll,classifier_expander,selection_seconds,637029796,-0.0004248949990142137
scroll,classifier_expander,selection_seconds,1357204345,-0.0014178039855323732
scroll,classifier_expander,selection_seconds,1758462037,-0.0001920820213854313
scroll,classifier_expander,selection_seconds,748737880,0.00024252795265056193
scroll,classifier_expander,selection_seconds,1611510062,0.00037681605317629874
scroll,classifier_expander,selection_seconds,333205446,0.00045074199442751706
scroll,classifier_expander,selection_seconds,130501536,0.00010177600779570639
scroll,classifier_expander,selection_seconds,492612040,-8.744600927457213e-05
scroll,slowheat_classifier_expander,final_average_accuracy,2101606466,0.3630999999999999
scroll,slowheat_classifier_expander,final_average_accuracy,1872839281,0.24970000000000003
scroll,slowheat_classifier_expander,final_average_accuracy,637029796,0.315
scroll,slowheat_classifier_expander,final_average_accuracy,1357204345,0.34299999999999997
scroll,slowheat_classifier_expander,final_average_accuracy,1758462037,0.26890000000000003
scroll,slowheat_classifier_expander,final_average_accuracy,748737880,0.3428
scroll,slowheat_classifier_expander,final_average_accuracy,1611510062,0.2864
scroll,slowheat_classifier_expander,final_average_accuracy,333205446,0.3217
scroll,slowheat_classifier_expander,final_average_accuracy,130501536,0.28609999999999997
scroll,slowheat_classifier_expander,final_average_accuracy,492612040,0.3437
scroll,slowheat_classifier_expander,average_forgetting,2101606466,-0.05387499999999995
scroll,slowheat_classifier_expander,average_forgetting,1872839281,-0.14725
scroll,slowheat_classifier_expander,average_forgetting,637029796,-0.05437500000000001
scroll,slowheat_classifier_expander,average_forgetting,1357204345,-0.16025
scroll,slowheat_classifier_expander,average_forgetting,1758462037,-0.025500000000000023
scroll,slowheat_classifier_expander,average_forgetting,748737880,0.0044999999999999485
scroll,slowheat_classifier_expander,average_forgetting,1611510062,-0.02612500000000001
scroll,slowheat_classifier_expander,average_forgetting,333205446,-0.02124999999999999
scroll,slowheat_classifier_expander,average_forgetting,130501536,0.05837499999999998
scroll,slowheat_classifier_expander,average_forgetting,492612040,-0.15849999999999997
scroll,slowheat_classifier_expander,backward_transfer,2101606466,0.19549999999999998
scroll,slowheat_classifier_expander,backward_transfer,1872839281,0.3046249999999999
scroll,slowheat_classifier_expander,backward_transfer,637029796,0.16749999999999998
scroll,slowheat_classifier_expander,backward_transfer,1357204345,0.30187500000000006
scroll,slowheat_classifier_expander,backward_transfer,1758462037,0.06725
scroll,slowheat_classifier_expander,backward_transfer,748737880,0.163625
scroll,slowheat_classifier_expander,backward_transfer,1611510062,0.25137499999999996
scroll,slowheat_classifier_expander,backward_transfer,333205446,0.047375
scroll,slowheat_classifier_expander,backward_transfer,130501536,0.0785
scroll,slowheat_classifier_expander,backward_transfer,492612040,0.27625
scroll,slowheat_classifier_expander,forward_transfer,2101606466,0.0
scroll,slowheat_classifier_expander,forward_transfer,1872839281,0.0
scroll,slowheat_classifier_expander,forward_transfer,637029796,0.00012499999999998623
scroll,slowheat_classifier_expander,forward_transfer,1357204345,0.0028750000000000026
scroll,slowheat_classifier_expander,forward_transfer,1758462037,0.0
scroll,slowheat_classifier_expander,forward_transfer,748737880,0.000125
scroll,slowheat_classifier_expander,forward_transfer,1611510062,0.0010000000000000009
scroll,slowheat_classifier_expander,forward_transfer,333205446,0.0011249999999999871
scroll,slowheat_classifier_expander,forward_transfer,130501536,0.000125
scroll,slowheat_classifier_expander,forward_transfer,492612040,0.001375000000000015
scroll,slowheat_classifier_expander,task_aware_final_accuracy,2101606466,0.3389000000000001
scroll,slowheat_classifier_expander,task_aware_final_accuracy,1872839281,0.2691999999999999
scroll,slowheat_classifier_expander,task_aware_final_accuracy,637029796,0.3298
scroll,slowheat_classifier_expander,task_aware_final_accuracy,1357204345,0.34820000000000007
scroll,slowheat_classifier_expander,task_aware_final_accuracy,1758462037,0.26990000000000003
scroll,slowheat_classifier_expander,task_aware_final_accuracy,748737880,0.3526
scroll,slowheat_classifier_expander,task_aware_final_accuracy,1611510062,0.3349
scroll,slowheat_classifier_expander,task_aware_final_accuracy,333205446,0.35609999999999986
scroll,slowheat_classifier_expander,task_aware_final_accuracy,130501536,0.29669999999999996
scroll,slowheat_classifier_expander,task_aware_final_accuracy,492612040,0.3448
scroll,slowheat_classifier_expander,task_aware_forgetting,2101606466,-0.04162500000000001
scroll,slowheat_classifier_expander,task_aware_forgetting,1872839281,-0.04787499999999999
scroll,slowheat_classifier_expander,task_aware_forgetting,637029796,-0.046750000000000014
scroll,slowheat_classifier_expander,task_aware_forgetting,1357204345,-0.04250000000000004
scroll,slowheat_classifier_expander,task_aware_forgetting,1758462037,-0.06387500000000007
scroll,slowheat_classifier_expander,task_aware_forgetting,748737880,-0.048125
scroll,slowheat_classifier_expander,task_aware_forgetting,1611510062,-0.03725000000000003
scroll,slowheat_classifier_expander,task_aware_forgetting,333205446,-0.0715
scroll,slowheat_classifier_expander,task_aware_forgetting,130501536,-0.02474999999999998
scroll,slowheat_classifier_expander,task_aware_forgetting,492612040,-0.04425000000000001
scroll,slowheat_classifier_expander,classifier_gap,2101606466,-0.024199999999999833
scroll,slowheat_classifier_expander,classifier_gap,1872839281,0.01949999999999985
scroll,slowheat_classifier_expander,classifier_gap,637029796,0.01479999999999998
scroll,slowheat_classifier_expander,classifier_gap,1357204345,0.0052000000000000934
scroll,slowheat_classifier_expander,classifier_gap,1758462037,0.0009999999999999454
scroll,slowheat_classifier_expander,classifier_gap,748737880,0.009800000000000031
scroll,slowheat_classifier_expander,classifier_gap,1611510062,0.04850000000000004
scroll,slowheat_classifier_expander,classifier_gap,333205446,0.034399999999999875
scroll,slowheat_classifier_expander,classifier_gap,130501536,0.010599999999999998
scroll,slowheat_classifier_expander,classifier_gap,492612040,0.0010999999999999899
scroll,slowheat_classifier_expander,elapsed_seconds,2101606466,238.0456367379811
scroll,slowheat_classifier_expander,elapsed_seconds,1872839281,236.21737388297333
scroll,slowheat_classifier_expander,elapsed_seconds,637029796,64.22779196099145
scroll,slowheat_classifier_expander,elapsed_seconds,1357204345,111.43966522399569
scroll,slowheat_classifier_expander,elapsed_seconds,1758462037,103.080606352014
scroll,slowheat_classifier_expander,elapsed_seconds,748737880,102.93358459300362
scroll,slowheat_classifier_expander,elapsed_seconds,1611510062,104.2172627869877
scroll,slowheat_classifier_expander,elapsed_seconds,333205446,111.18191931198817
scroll,slowheat_classifier_expander,elapsed_seconds,130501536,101.09292776297661
scroll,slowheat_classifier_expander,elapsed_seconds,492612040,100.35375596501399
scroll,slowheat_classifier_expander,learner_examples_processed,2101606466,241856.0
scroll,slowheat_classifier_expander,learner_examples_processed,1872839281,241856.0
scroll,slowheat_classifier_expander,learner_examples_processed,637029796,241856.0
scroll,slowheat_classifier_expander,learner_examples_processed,1357204345,241856.0
scroll,slowheat_classifier_expander,learner_examples_processed,1758462037,241856.0
scroll,slowheat_classifier_expander,learner_examples_processed,748737880,241856.0
scroll,slowheat_classifier_expander,learner_examples_processed,1611510062,241856.0
scroll,slowheat_classifier_expander,learner_examples_processed,333205446,241856.0
scroll,slowheat_classifier_expander,learner_examples_processed,130501536,241856.0
scroll,slowheat_classifier_expander,learner_examples_processed,492612040,241856.0
scroll,slowheat_classifier_expander,total_model_examples_processed,2101606466,282496.0
scroll,slowheat_classifier_expander,total_model_examples_processed,1872839281,282496.0
scroll,slowheat_classifier_expander,total_model_examples_processed,637029796,282496.0
scroll,slowheat_classifier_expander,total_model_examples_processed,1357204345,282496.0
scroll,slowheat_classifier_expander,total_model_examples_processed,1758462037,282496.0
scroll,slowheat_classifier_expander,total_model_examples_processed,748737880,282496.0
scroll,slowheat_classifier_expander,total_model_examples_processed,1611510062,282496.0
scroll,slowheat_classifier_expander,total_model_examples_processed,333205446,282496.0
scroll,slowheat_classifier_expander,total_model_examples_processed,130501536,282496.0
scroll,slowheat_classifier_expander,total_model_examples_processed,492612040,282496.0
scroll,slowheat_classifier_expander,estimated_total_flops,2101606466,234102382003451.0
scroll,slowheat_classifier_expander,estimated_total_flops,1872839281,234102382003451.0
scroll,slowheat_classifier_expander,estimated_total_flops,637029796,234102382003451.0
scroll,slowheat_classifier_expander,estimated_total_flops,1357204345,234102382003451.0
scroll,slowheat_classifier_expander,estimated_total_flops,1758462037,234102382003451.0
scroll,slowheat_classifier_expander,estimated_total_flops,748737880,234102382003451.0
scroll,slowheat_classifier_expander,estimated_total_flops,1611510062,234102382003451.0
scroll,slowheat_classifier_expander,estimated_total_flops,333205446,234102382003451.0
scroll,slowheat_classifier_expander,estimated_total_flops,130501536,234102382003451.0
scroll,slowheat_classifier_expander,estimated_total_flops,492612040,234102382003451.0
scroll,slowheat_classifier_expander,estimated_overhead_flops,2101606466,-4099275525.0
scroll,slowheat_classifier_expander,estimated_overhead_flops,1872839281,-4099275525.0
scroll,slowheat_classifier_expander,estimated_overhead_flops,637029796,-4099275525.0
scroll,slowheat_classifier_expander,estimated_overhead_flops,1357204345,-4099275525.0
scroll,slowheat_classifier_expander,estimated_overhead_flops,1758462037,-4099275525.0
scroll,slowheat_classifier_expander,estimated_overhead_flops,748737880,-4099275525.0
scroll,slowheat_classifier_expander,estimated_overhead_flops,1611510062,-4099275525.0
scroll,slowheat_classifier_expander,estimated_overhead_flops,333205446,-4099275525.0
scroll,slowheat_classifier_expander,estimated_overhead_flops,130501536,-4099275525.0
scroll,slowheat_classifier_expander,estimated_overhead_flops,492612040,-4099275525.0
scroll,slowheat_classifier_expander,replay_memory_bytes,2101606466,0.0
scroll,slowheat_classifier_expander,replay_memory_bytes,1872839281,0.0
scroll,slowheat_classifier_expander,replay_memory_bytes,637029796,0.0
scroll,slowheat_classifier_expander,replay_memory_bytes,1357204345,0.0
scroll,slowheat_classifier_expander,replay_memory_bytes,1758462037,0.0
scroll,slowheat_classifier_expander,replay_memory_bytes,748737880,0.0
scroll,slowheat_classifier_expander,replay_memory_bytes,1611510062,0.0
scroll,slowheat_classifier_expander,replay_memory_bytes,333205446,0.0
scroll,slowheat_classifier_expander,replay_memory_bytes,130501536,0.0
scroll,slowheat_classifier_expander,replay_memory_bytes,492612040,0.0
scroll,slowheat_classifier_expander,stored_logits_bytes,2101606466,0.0
scroll,slowheat_classifier_expander,stored_logits_bytes,1872839281,0.0
scroll,slowheat_classifier_expander,stored_logits_bytes,637029796,0.0
scroll,slowheat_classifier_expander,stored_logits_bytes,1357204345,0.0
scroll,slowheat_classifier_expander,stored_logits_bytes,1758462037,0.0
scroll,slowheat_classifier_expander,stored_logits_bytes,748737880,0.0
scroll,slowheat_classifier_expander,stored_logits_bytes,1611510062,0.0
scroll,slowheat_classifier_expander,stored_logits_bytes,333205446,0.0
scroll,slowheat_classifier_expander,stored_logits_bytes,130501536,0.0
scroll,slowheat_classifier_expander,stored_logits_bytes,492612040,0.0
scroll,slowheat_classifier_expander,replay_metadata_bytes,2101606466,0.0
scroll,slowheat_classifier_expander,replay_metadata_bytes,1872839281,0.0
scroll,slowheat_classifier_expander,replay_metadata_bytes,637029796,0.0
scroll,slowheat_classifier_expander,replay_metadata_bytes,1357204345,0.0
scroll,slowheat_classifier_expander,replay_metadata_bytes,1758462037,0.0
scroll,slowheat_classifier_expander,replay_metadata_bytes,748737880,0.0
scroll,slowheat_classifier_expander,replay_metadata_bytes,1611510062,0.0
scroll,slowheat_classifier_expander,replay_metadata_bytes,333205446,0.0
scroll,slowheat_classifier_expander,replay_metadata_bytes,130501536,0.0
scroll,slowheat_classifier_expander,replay_metadata_bytes,492612040,0.0
scroll,slowheat_classifier_expander,selector_forward_examples,2101606466,0.0
scroll,slowheat_classifier_expander,selector_forward_examples,1872839281,0.0
scroll,slowheat_classifier_expander,selector_forward_examples,637029796,0.0
scroll,slowheat_classifier_expander,selector_forward_examples,1357204345,0.0
scroll,slowheat_classifier_expander,selector_forward_examples,1758462037,0.0
scroll,slowheat_classifier_expander,selector_forward_examples,748737880,0.0
scroll,slowheat_classifier_expander,selector_forward_examples,1611510062,0.0
scroll,slowheat_classifier_expander,selector_forward_examples,333205446,0.0
scroll,slowheat_classifier_expander,selector_forward_examples,130501536,0.0
scroll,slowheat_classifier_expander,selector_forward_examples,492612040,0.0
scroll,slowheat_classifier_expander,selection_seconds,2101606466,0.0013579979713540524
scroll,slowheat_classifier_expander,selection_seconds,1872839281,0.00047678197734057903
scroll,slowheat_classifier_expander,selection_seconds,637029796,-0.0005639970186166465
scroll,slowheat_classifier_expander,selection_seconds,1357204345,-0.0013863510394003242
scroll,slowheat_classifier_expander,selection_seconds,1758462037,9.820799459703267e-05
scroll,slowheat_classifier_expander,selection_seconds,748737880,0.0012051080411765724
scroll,slowheat_classifier_expander,selection_seconds,1611510062,0.0007290079956874251
scroll,slowheat_classifier_expander,selection_seconds,333205446,0.000222591042984277
scroll,slowheat_classifier_expander,selection_seconds,130501536,0.0001717549457680434
scroll,slowheat_classifier_expander,selection_seconds,492612040,0.0005973209626972675
scroll,slowheat_scroll,final_average_accuracy,2101606466,0.15990000000000004
scroll,slowheat_scroll,final_average_accuracy,1872839281,0.039600000000000024
scroll,slowheat_scroll,final_average_accuracy,637029796,0.08089999999999999
scroll,slowheat_scroll,final_average_accuracy,1357204345,0.13990000000000005
scroll,slowheat_scroll,final_average_accuracy,1758462037,0.08680000000000002
scroll,slowheat_scroll,final_average_accuracy,748737880,0.15129999999999996
scroll,slowheat_scroll,final_average_accuracy,1611510062,0.0469
scroll,slowheat_scroll,final_average_accuracy,333205446,0.15430000000000005
scroll,slowheat_scroll,final_average_accuracy,130501536,0.131
scroll,slowheat_scroll,final_average_accuracy,492612040,0.0841
scroll,slowheat_scroll,average_forgetting,2101606466,-0.27712499999999995
scroll,slowheat_scroll,average_forgetting,1872839281,-0.12012500000000004
scroll,slowheat_scroll,average_forgetting,637029796,-0.012375000000000025
scroll,slowheat_scroll,average_forgetting,1357204345,-0.29600000000000004
scroll,slowheat_scroll,average_forgetting,1758462037,-0.24112499999999998
scroll,slowheat_scroll,average_forgetting,748737880,-0.15975
scroll,slowheat_scroll,average_forgetting,1611510062,0.020000000000000018
scroll,slowheat_scroll,average_forgetting,333205446,-0.12775000000000003
scroll,slowheat_scroll,average_forgetting,130501536,-0.140375
scroll,slowheat_scroll,average_forgetting,492612040,-0.27362499999999995
scroll,slowheat_scroll,backward_transfer,2101606466,0.27624999999999994
scroll,slowheat_scroll,backward_transfer,1872839281,0.07637499999999997
scroll,slowheat_scroll,backward_transfer,637029796,-0.05875
scroll,slowheat_scroll,backward_transfer,1357204345,0.246625
scroll,slowheat_scroll,backward_transfer,1758462037,0.13824999999999998
scroll,slowheat_scroll,backward_transfer,748737880,0.21550000000000002
scroll,slowheat_scroll,backward_transfer,1611510062,0.07724999999999999
scroll,slowheat_scroll,backward_transfer,333205446,0.11449999999999999
scroll,slowheat_scroll,backward_transfer,130501536,0.093875
scroll,slowheat_scroll,backward_transfer,492612040,0.2225
scroll,slowheat_scroll,forward_transfer,2101606466,0.0
scroll,slowheat_scroll,forward_transfer,1872839281,0.0
scroll,slowheat_scroll,forward_transfer,637029796,0.0
scroll,slowheat_scroll,forward_transfer,1357204345,0.0
scroll,slowheat_scroll,forward_transfer,1758462037,0.0
scroll,slowheat_scroll,forward_transfer,748737880,0.0
scroll,slowheat_scroll,forward_transfer,1611510062,0.0
scroll,slowheat_scroll,forward_transfer,333205446,0.0
scroll,slowheat_scroll,forward_transfer,130501536,0.0
scroll,slowheat_scroll,forward_transfer,492612040,0.0
scroll,slowheat_scroll,task_aware_final_accuracy,2101606466,0.14800000000000002
scroll,slowheat_scroll,task_aware_final_accuracy,1872839281,0.10229999999999995
scroll,slowheat_scroll,task_aware_final_accuracy,637029796,0.10250000000000015
scroll,slowheat_scroll,task_aware_final_accuracy,1357204345,0.21599999999999997
scroll,slowheat_scroll,task_aware_final_accuracy,1758462037,0.12140000000000006
scroll,slowheat_scroll,task_aware_final_accuracy,748737880,0.19819999999999993
scroll,slowheat_scroll,task_aware_final_accuracy,1611510062,0.19440000000000002
scroll,slowheat_scroll,task_aware_final_accuracy,333205446,0.1591999999999999
scroll,slowheat_scroll,task_aware_final_accuracy,130501536,0.12759999999999994
scroll,slowheat_scroll,task_aware_final_accuracy,492612040,0.1523
scroll,slowheat_scroll,task_aware_forgetting,2101606466,-0.060625
scroll,slowheat_scroll,task_aware_forgetting,1872839281,-0.08874999999999998
scroll,slowheat_scroll,task_aware_forgetting,637029796,-0.05424999999999999
scroll,slowheat_scroll,task_aware_forgetting,1357204345,-0.11424999999999999
scroll,slowheat_scroll,task_aware_forgetting,1758462037,-0.12050000000000005
scroll,slowheat_scroll,task_aware_forgetting,748737880,-0.11825
scroll,slowheat_scroll,task_aware_forgetting,1611510062,-0.10199999999999998
scroll,slowheat_scroll,task_aware_forgetting,333205446,-0.06699999999999999
scroll,slowheat_scroll,task_aware_forgetting,130501536,-0.08312499999999996
scroll,slowheat_scroll,task_aware_forgetting,492612040,-0.05599999999999994
scroll,slowheat_scroll,classifier_gap,2101606466,-0.011900000000000022
scroll,slowheat_scroll,classifier_gap,1872839281,0.06269999999999992
scroll,slowheat_scroll,classifier_gap,637029796,0.021600000000000175
scroll,slowheat_scroll,classifier_gap,1357204345,0.07609999999999989
scroll,slowheat_scroll,classifier_gap,1758462037,0.03460000000000002
scroll,slowheat_scroll,classifier_gap,748737880,0.04689999999999994
scroll,slowheat_scroll,classifier_gap,1611510062,0.14750000000000008
scroll,slowheat_scroll,classifier_gap,333205446,0.004899999999999849
scroll,slowheat_scroll,classifier_gap,130501536,-0.003400000000000014
scroll,slowheat_scroll,classifier_gap,492612040,0.06819999999999998
scroll,slowheat_scroll,elapsed_seconds,2101606466,30.471375166001962
scroll,slowheat_scroll,elapsed_seconds,1872839281,30.364983530977042
scroll,slowheat_scroll,elapsed_seconds,637029796,7.219836090982426
scroll,slowheat_scroll,elapsed_seconds,1357204345,6.702996092004469
scroll,slowheat_scroll,elapsed_seconds,1758462037,6.140075150004122
scroll,slowheat_scroll,elapsed_seconds,748737880,6.087922378996154
scroll,slowheat_scroll,elapsed_seconds,1611510062,6.227517517982051
scroll,slowheat_scroll,elapsed_seconds,333205446,6.881002885958878
scroll,slowheat_scroll,elapsed_seconds,130501536,5.697054626973113
scroll,slowheat_scroll,elapsed_seconds,492612040,5.828321311040781
scroll,slowheat_scroll,learner_examples_processed,2101606466,0.0
scroll,slowheat_scroll,learner_examples_processed,1872839281,0.0
scroll,slowheat_scroll,learner_examples_processed,637029796,0.0
scroll,slowheat_scroll,learner_examples_processed,1357204345,0.0
scroll,slowheat_scroll,learner_examples_processed,1758462037,0.0
scroll,slowheat_scroll,learner_examples_processed,748737880,0.0
scroll,slowheat_scroll,learner_examples_processed,1611510062,0.0
scroll,slowheat_scroll,learner_examples_processed,333205446,0.0
scroll,slowheat_scroll,learner_examples_processed,130501536,0.0
scroll,slowheat_scroll,learner_examples_processed,492612040,0.0
scroll,slowheat_scroll,total_model_examples_processed,2101606466,0.0
scroll,slowheat_scroll,total_model_examples_processed,1872839281,0.0
scroll,slowheat_scroll,total_model_examples_processed,637029796,0.0
scroll,slowheat_scroll,total_model_examples_processed,1357204345,0.0
scroll,slowheat_scroll,total_model_examples_processed,1758462037,0.0
scroll,slowheat_scroll,total_model_examples_processed,748737880,0.0
scroll,slowheat_scroll,total_model_examples_processed,1611510062,0.0
scroll,slowheat_scroll,total_model_examples_processed,333205446,0.0
scroll,slowheat_scroll,total_model_examples_processed,130501536,0.0
scroll,slowheat_scroll,total_model_examples_processed,492612040,0.0
scroll,slowheat_scroll,estimated_total_flops,2101606466,3348412800.0
scroll,slowheat_scroll,estimated_total_flops,1872839281,3348412800.0
scroll,slowheat_scroll,estimated_total_flops,637029796,3348412800.0
scroll,slowheat_scroll,estimated_total_flops,1357204345,3348412800.0
scroll,slowheat_scroll,estimated_total_flops,1758462037,3348412800.0
scroll,slowheat_scroll,estimated_total_flops,748737880,3348412800.0
scroll,slowheat_scroll,estimated_total_flops,1611510062,3348412800.0
scroll,slowheat_scroll,estimated_total_flops,333205446,3348412800.0
scroll,slowheat_scroll,estimated_total_flops,130501536,3348412800.0
scroll,slowheat_scroll,estimated_total_flops,492612040,3348412800.0
scroll,slowheat_scroll,estimated_overhead_flops,2101606466,3348412800.0
scroll,slowheat_scroll,estimated_overhead_flops,1872839281,3348412800.0
scroll,slowheat_scroll,estimated_overhead_flops,637029796,3348412800.0
scroll,slowheat_scroll,estimated_overhead_flops,1357204345,3348412800.0
scroll,slowheat_scroll,estimated_overhead_flops,1758462037,3348412800.0
scroll,slowheat_scroll,estimated_overhead_flops,748737880,3348412800.0
scroll,slowheat_scroll,estimated_overhead_flops,1611510062,3348412800.0
scroll,slowheat_scroll,estimated_overhead_flops,333205446,3348412800.0
scroll,slowheat_scroll,estimated_overhead_flops,130501536,3348412800.0
scroll,slowheat_scroll,estimated_overhead_flops,492612040,3348412800.0
scroll,slowheat_scroll,replay_memory_bytes,2101606466,0.0
scroll,slowheat_scroll,replay_memory_bytes,1872839281,0.0
scroll,slowheat_scroll,replay_memory_bytes,637029796,0.0
scroll,slowheat_scroll,replay_memory_bytes,1357204345,0.0
scroll,slowheat_scroll,replay_memory_bytes,1758462037,0.0
scroll,slowheat_scroll,replay_memory_bytes,748737880,0.0
scroll,slowheat_scroll,replay_memory_bytes,1611510062,0.0
scroll,slowheat_scroll,replay_memory_bytes,333205446,0.0
scroll,slowheat_scroll,replay_memory_bytes,130501536,0.0
scroll,slowheat_scroll,replay_memory_bytes,492612040,0.0
scroll,slowheat_scroll,stored_logits_bytes,2101606466,0.0
scroll,slowheat_scroll,stored_logits_bytes,1872839281,0.0
scroll,slowheat_scroll,stored_logits_bytes,637029796,0.0
scroll,slowheat_scroll,stored_logits_bytes,1357204345,0.0
scroll,slowheat_scroll,stored_logits_bytes,1758462037,0.0
scroll,slowheat_scroll,stored_logits_bytes,748737880,0.0
scroll,slowheat_scroll,stored_logits_bytes,1611510062,0.0
scroll,slowheat_scroll,stored_logits_bytes,333205446,0.0
scroll,slowheat_scroll,stored_logits_bytes,130501536,0.0
scroll,slowheat_scroll,stored_logits_bytes,492612040,0.0
scroll,slowheat_scroll,replay_metadata_bytes,2101606466,0.0
scroll,slowheat_scroll,replay_metadata_bytes,1872839281,0.0
scroll,slowheat_scroll,replay_metadata_bytes,637029796,0.0
scroll,slowheat_scroll,replay_metadata_bytes,1357204345,0.0
scroll,slowheat_scroll,replay_metadata_bytes,1758462037,0.0
scroll,slowheat_scroll,replay_metadata_bytes,748737880,0.0
scroll,slowheat_scroll,replay_metadata_bytes,1611510062,0.0
scroll,slowheat_scroll,replay_metadata_bytes,333205446,0.0
scroll,slowheat_scroll,replay_metadata_bytes,130501536,0.0
scroll,slowheat_scroll,replay_metadata_bytes,492612040,0.0
scroll,slowheat_scroll,selector_forward_examples,2101606466,0.0
scroll,slowheat_scroll,selector_forward_examples,1872839281,0.0
scroll,slowheat_scroll,selector_forward_examples,637029796,0.0
scroll,slowheat_scroll,selector_forward_examples,1357204345,0.0
scroll,slowheat_scroll,selector_forward_examples,1758462037,0.0
scroll,slowheat_scroll,selector_forward_examples,748737880,0.0
scroll,slowheat_scroll,selector_forward_examples,1611510062,0.0
scroll,slowheat_scroll,selector_forward_examples,333205446,0.0
scroll,slowheat_scroll,selector_forward_examples,130501536,0.0
scroll,slowheat_scroll,selector_forward_examples,492612040,0.0
scroll,slowheat_scroll,selection_seconds,2101606466,9.61319892667234e-05
scroll,slowheat_scroll,selection_seconds,1872839281,0.00021539800218306482
scroll,slowheat_scroll,selection_seconds,637029796,-0.0009051720262505114
scroll,slowheat_scroll,selection_seconds,1357204345,-0.000177974026883021
scroll,slowheat_scroll,selection_seconds,1758462037,0.00020685099298134446
scroll,slowheat_scroll,selection_seconds,748737880,0.0019753559317905456
scroll,slowheat_scroll,selection_seconds,1611510062,0.00011150003410875797
scroll,slowheat_scroll,selection_seconds,333205446,0.00016623502597212791
scroll,slowheat_scroll,selection_seconds,130501536,0.0008359719649888575
scroll,slowheat_scroll,selection_seconds,492612040,0.000864263012772426
